"DESCRIPTION","DURATION IN MS","NAME","PARENT SUITE","START TIME","STATUS","STOP TIME","SUB SUITE","SUITE","TEST CLASS","TEST METHOD"
"","10","a leg of a split is flagged, because swiping it deletes the whole receipt[jvm]","","2026-07-28","passed","2026-07-28","","CategoryDetailsViewModelTest[jvm]","com.georgeci.moneysurfer.feature.category.details.CategoryDetailsViewModelTest",""
"","318","unauthenticated user can read app config (force-update gate)","","2026-07-28","passed","2026-07-28","","appConfig/{docId}","appConfig/{docId} unauthenticated user can read app config (force-update gate)",""
"","2304","encrypted export advertises the scheme and hides the data entries[jvm]","","2026-07-28","passed","2026-07-28","","BackupEncryptedRoundTripJvmTest[jvm]","com.georgeci.moneysurfer.data.backup.BackupEncryptedRoundTripJvmTest",""
"","115","the online build surfaces the account's extra details in the order they were saved[jvm]","","2026-07-28","passed","2026-07-28","","AccountDetailsViewModelTest[jvm]","com.georgeci.moneysurfer.feature.account.details.AccountDetailsViewModelTest",""
"","16","a line left without a category blocks the save[jvm]","","2026-07-28","passed","2026-07-28","","TransactionCreationSplitTest[jvm]","com.georgeci.moneysurfer.feature.transaction.creation.TransactionCreationSplitTest",""
"","30","rejects a budget whose rollover flag is a string","","2026-07-28","passed","2026-07-28","","entity write-shape validation (issue #156)","entity write-shape validation (issue #156) rejects a budget whose rollover flag is a string",""
"","41","signed-in user can read a userEmails doc by exact key","","2026-07-28","passed","2026-07-28","","userEmails/{email}","userEmails/{email} signed-in user can read a userEmails doc by exact key",""
"","0","descendantsOf walks the whole subtree[jvm]","","2026-07-28","passed","2026-07-28","","CategoryTreeTest[jvm]","com.georgeci.moneysurfer.domain.model.CategoryTreeTest",""
"","1","note with commas quotes and newlines survives a full CSV round-trip[jvm]","","2026-07-28","passed","2026-07-28","","TransactionCsvCodecTest[jvm]","com.georgeci.moneysurfer.domain.csv.TransactionCsvCodecTest",""
"","34","a transfer leg resolves the counterpart account and leaves the amount unsigned[jvm]","","2026-07-28","passed","2026-07-28","","TransactionDetailsViewModelTest[jvm]","com.georgeci.moneysurfer.feature.transaction.details.TransactionDetailsViewModelTest",""
"","1","CompositeCancelToken throwIfCancelled when partial does not throw[jvm]","","2026-07-28","passed","2026-07-28","","SyncCancelTokenSpec[jvm]","com.georgeci.moneysurfer.sync.api.SyncCancelTokenSpec",""
"","4","switching a widget off keeps its card style and parks it after the enabled ones[jvm]","","2026-07-28","passed","2026-07-28","","DashboardLayoutConfigTest[jvm]","com.georgeci.moneysurfer.domain.dashboard.DashboardLayoutConfigTest",""
"","217","string resources use only indexed placeholders[jvm]","","2026-07-28","passed","2026-07-28","","StringResourcePlaceholderTest[jvm]","com.georgeci.moneysurfer.utils.StringResourcePlaceholderTest",""
"","21","a month window keeps the boundary days and drops the neighbours[jvm]","","2026-07-28","passed","2026-07-28","","TransactionWindowIntegrationIT[jvm]","com.georgeci.moneysurfer.integration.repository.TransactionWindowIntegrationIT",""
"","32","a refresh that lands while one is in flight is dropped, not queued[jvm]","","2026-07-28","passed","2026-07-28","","RemoteGlobalConfigSourceImplSpec[jvm]","com.georgeci.moneysurfer.appconfig.remote.RemoteGlobalConfigSourceImplSpec",""
"","8","the user-scoped phase reads the whole collection under the uid[jvm]","","2026-07-28","passed","2026-07-28","","PullRemoteChangesUseCaseImplSpec[jvm]","com.georgeci.moneysurfer.data.sync.PullRemoteChangesUseCaseImplSpec",""
"","4","is idempotent — second invocation does not duplicate workspace or Cash account[jvm]","","2026-07-28","passed","2026-07-28","","SeedDefaultsUseCaseTest[jvm]","com.georgeci.moneysurfer.domain.usecase.SeedDefaultsUseCaseTest",""
"","20","owner can tombstone the workspace root doc","","2026-07-28","passed","2026-07-28","","tombstone update shape (push-side soft delete)","tombstone update shape (push-side soft delete) owner can tombstone the workspace root doc",""
"","397","OnTermsClick emits a NavigateToLegal side effect[jvm]","","2026-07-28","passed","2026-07-28","","SignInViewModelTest[jvm]","com.georgeci.moneysurfer.feature.login.SignInViewModelTest",""
"","30","cleanup failure surfaces CleanupFailed notice[jvm]","","2026-07-28","passed","2026-07-28","","DeleteUserAccountViewModelTest[jvm]","com.georgeci.moneysurfer.feature.settings.account.DeleteUserAccountViewModelTest",""
"","1","'-5' (negative sign)[jvm]","","2026-07-28","passed","2026-07-28","","AmountInputTransformationTest[jvm]","com.georgeci.moneysurfer.utils.AmountInputTransformationTest",""
"","29","non-member is blocked from transactions","","2026-07-28","passed","2026-07-28","","member-gated entities (smoke for the rest)","member-gated entities (smoke for the rest) non-member is blocked from transactions",""
"","12","clearing the overlay at session start stops it shadowing the next user's pull[jvm]","","2026-07-28","passed","2026-07-28","","LayeredConfigSpec[jvm]","com.georgeci.moneysurfer.appconfig.LayeredConfigSpec",""
"","1","negative balances convert too — an overdraft is still part of the total[jvm]","","2026-07-28","passed","2026-07-28","","ConvertAccountsTotalUseCaseTest[jvm]","com.georgeci.moneysurfer.domain.usecase.ConvertAccountsTotalUseCaseTest",""
"","1","what is not an amount stays not an amount[jvm]","","2026-07-28","passed","2026-07-28","","TransactionFilterMatchingTest[jvm]","com.georgeci.moneysurfer.feature.transaction.filter.TransactionFilterMatchingTest",""
"","13","a rejected save keeps the user on the screen with their input[jvm]","","2026-07-28","passed","2026-07-28","","GoalEditViewModelTest[jvm]","com.georgeci.moneysurfer.feature.goal.edit.GoalEditViewModelTest",""
"","6","redactUid fully masks short values[jvm]","","2026-07-28","passed","2026-07-28","","PiiRedactionTest[jvm]","com.georgeci.moneysurfer.domain.logging.PiiRedactionTest",""
"","9","cancel transitions status to CANCELLED[jvm]","","2026-07-28","passed","2026-07-28","","WorkspaceInviteRepositoryDualWriteSpec[jvm]","com.georgeci.moneysurfer.data.repository.WorkspaceInviteRepositoryDualWriteSpec",""
"","14","CancellationException maps to Cancelled[jvm]","","2026-07-28","passed","2026-07-28","","SyncErrorClassifierSpec[jvm]","com.georgeci.moneysurfer.data.sync.SyncErrorClassifierSpec",""
"","4","enum codec advertises its choices so the panel can render a picker[jvm]","","2026-07-28","passed","2026-07-28","","ConfigCodecSpec[jvm]","com.georgeci.moneysurfer.appconfig.ConfigCodecSpec",""
"","8","the unset sentinels fall back rather than resolving to a real slot[jvm]","","2026-07-28","passed","2026-07-28","","CategoryPaletteParityTest[jvm]","com.georgeci.moneysurfer.feature.category.CategoryPaletteParityTest",""
"","8","a PAUSED goal rejects new contributions[jvm]","","2026-07-28","passed","2026-07-28","","GoalContributionUseCaseTest[jvm]","com.georgeci.moneysurfer.domain.usecase.GoalContributionUseCaseTest",""
"","21","a split leg breaks the receipt down and marks the leg being viewed[jvm]","","2026-07-28","passed","2026-07-28","","TransactionDetailsViewModelTest[jvm]","com.georgeci.moneysurfer.feature.transaction.details.TransactionDetailsViewModelTest",""
"","43","member can create + read in transactions","","2026-07-28","passed","2026-07-28","","member-gated entities (smoke for the rest)","member-gated entities (smoke for the rest) member can create + read in transactions",""
"","53","a user-scoped plugin is never run against a workspace[jvm]","","2026-07-28","passed","2026-07-28","","PullRemoteChangesUseCaseImplSpec[jvm]","com.georgeci.moneysurfer.data.sync.PullRemoteChangesUseCaseImplSpec",""
"","28","uuid generates non-empty value[jvm]","","2026-07-28","passed","2026-07-28","","SyncRequestIdSpec[jvm]","com.georgeci.moneysurfer.sync.api.SyncRequestIdSpec",""
"","2","an unreadable size falls back to Hero rather than dropping the widget[jvm]","","2026-07-28","passed","2026-07-28","","DashboardLayoutCodecTest[jvm]","com.georgeci.moneysurfer.data.preferences.DashboardLayoutCodecTest",""
"","5","the system Transfer category keeps its fixed appearance whatever its id hashes to[jvm]","","2026-07-28","passed","2026-07-28","","CategoryAppearanceTest[jvm]","com.georgeci.moneysurfer.domain.model.CategoryAppearanceTest",""
"","142","with sync off the outbox says it was not read — never that the queue is empty[jvm]","","2026-07-28","passed","2026-07-28","","SyncScreenStateTest[jvm]","com.georgeci.moneysurfer.ui.SyncScreenStateTest",""
"","21","rejects a category whose iconKey is a number","","2026-07-28","passed","2026-07-28","","entity write-shape validation (issue #156)","entity write-shape validation (issue #156) rejects a category whose iconKey is a number",""
"","30","searching an amount finds the cents the user did not type[jvm]","","2026-07-28","passed","2026-07-28","","TransactionFilterMatchingTest[jvm]","com.georgeci.moneysurfer.feature.transaction.filter.TransactionFilterMatchingTest",""
"","19","owner whose co-members all LEFT or were REMOVED still purges[jvm]","","2026-07-28","passed","2026-07-28","","UserAccountDeletionRepositoryImplTest[jvm]","com.georgeci.moneysurfer.data.repository.UserAccountDeletionRepositoryImplTest",""
"","13","a rules rejection surfaces as PermissionDenied in a dialog[jvm]","","2026-07-28","passed","2026-07-28","","SignInViewModelTest[jvm]","com.georgeci.moneysurfer.feature.login.SignInViewModelTest",""
"","0","minus that overflows Long on the positive side throws instead of wrapping[jvm]","","2026-07-28","passed","2026-07-28","","MoneyTest[jvm]","com.georgeci.moneysurfer.domain.primitives.MoneyTest",""
"","21","user CANNOT self-set status to REMOVED","","2026-07-28","passed","2026-07-28","","workspaces/{wid}/members/{uid}","workspaces/{wid}/members/{uid} user CANNOT self-set status to REMOVED",""
"","23","recipient can collection-group query by email","","2026-07-28","passed","2026-07-28","","invites — read","invites — read recipient can collection-group query by email",""
"","466","the confirmation dialog is rendered from state, not from a click inside the screen[jvm]","","2026-07-28","passed","2026-07-28","","SyncScreenStateTest[jvm]","com.georgeci.moneysurfer.ui.SyncScreenStateTest",""
"","0","yearly window is anchored on the start date's month and day[jvm]","","2026-07-28","passed","2026-07-28","","BudgetPeriodWindowTest[jvm]","com.georgeci.moneysurfer.domain.util.BudgetPeriodWindowTest",""
"","41","savedAmount is the signed sum of contributions[jvm]","","2026-07-28","passed","2026-07-28","","GoalRepositoryDualWriteSpec[jvm]","com.georgeci.moneysurfer.data.repository.GoalRepositoryDualWriteSpec",""
"","26","an expense signs its amount and names the parent of a nested category[jvm]","","2026-07-28","passed","2026-07-28","","TransactionDetailsViewModelTest[jvm]","com.georgeci.moneysurfer.feature.transaction.details.TransactionDetailsViewModelTest",""
"","8","a parent cycle is shown at the top level rather than vanishing[jvm]","","2026-07-28","passed","2026-07-28","","CategoryTreeTest[jvm]","com.georgeci.moneysurfer.domain.model.CategoryTreeTest",""
"","23","reading a key nobody wrote stores nothing[jvm]","","2026-07-28","passed","2026-07-28","","LocalConfigSourceImplJvmTest[jvm]","com.georgeci.moneysurfer.data.config.LocalConfigSourceImplJvmTest",""
"","16","merchant edits follow the content table like note edits do[jvm]","","2026-07-28","passed","2026-07-28","","TransactionFtsIntegrationIT[jvm]","com.georgeci.moneysurfer.integration.repository.TransactionFtsIntegrationIT",""
"","20","a non-denial failure in the user-scoped phase still fails the pull[jvm]","","2026-07-28","passed","2026-07-28","","PullRemoteChangesUseCaseImplSpec[jvm]","com.georgeci.moneysurfer.data.sync.PullRemoteChangesUseCaseImplSpec",""
"","19","the outbox is truncated only when the queue held more rows than the screen shows[jvm]","","2026-07-28","passed","2026-07-28","","SyncViewModelTest[jvm]","com.georgeci.moneysurfer.feature.settings.sync.SyncViewModelTest",""
"","39","accepts a minimal goal with default-valued fields omitted","","2026-07-28","passed","2026-07-28","","savings goals (issue #244)","savings goals (issue #244) accepts a minimal goal with default-valued fields omitted",""
"","10","no host key is remote-overridable[jvm]","","2026-07-28","passed","2026-07-28","","OnlineConfigGraphTest[jvm]","com.georgeci.moneysurfer.di.OnlineConfigGraphTest",""
"","25","an empty cache still emits, so the dashboard renders before the first fetch lands[jvm]","","2026-07-28","passed","2026-07-28","","GetExchangeRatesUseCaseTest[jvm]","com.georgeci.moneysurfer.domain.usecase.GetExchangeRatesUseCaseTest",""
"","2","NetworkUnavailable is retryable[jvm]","","2026-07-28","passed","2026-07-28","","SyncErrorSpec[jvm]","com.georgeci.moneysurfer.sync.api.SyncErrorSpec",""
"","5","a category with nothing behind it is not 'up infinity'[jvm]","","2026-07-28","passed","2026-07-28","","InsightRulesTest[jvm]","com.georgeci.moneysurfer.domain.insight.InsightRulesTest",""
"","6","dangerous merchants and tags survive a full CSV round-trip unchanged[jvm]","","2026-07-28","passed","2026-07-28","","TransactionCsvCodecTest[jvm]","com.georgeci.moneysurfer.domain.csv.TransactionCsvCodecTest",""
"","18","unauthenticated user is denied","","2026-07-28","passed","2026-07-28","","users/{uid}","users/{uid} unauthenticated user is denied",""
"","23","accepts a category nested under a parent","","2026-07-28","passed","2026-07-28","","entity write-shape validation (issue #156)","entity write-shape validation (issue #156) accepts a category nested under a parent",""
"","4","resuming a goal that is already past its target lands on COMPLETED[jvm]","","2026-07-28","passed","2026-07-28","","SavingsGoalUseCaseTest[jvm]","com.georgeci.moneysurfer.domain.usecase.SavingsGoalUseCaseTest",""
"","0","'00.5' (leading zeros with decimal)[jvm]","","2026-07-28","passed","2026-07-28","","AmountInputTransformationTest[jvm]","com.georgeci.moneysurfer.utils.AmountInputTransformationTest",""
"","80","delete removes the transaction and shows an undo snackbar[jvm]","","2026-07-28","passed","2026-07-28","","TransactionDetailsViewModelTest[jvm]","com.georgeci.moneysurfer.feature.transaction.details.TransactionDetailsViewModelTest",""
"","0","an ordinary merchant is not prefixed[jvm]","","2026-07-28","passed","2026-07-28","","TransactionCsvCodecTest[jvm]","com.georgeci.moneysurfer.domain.csv.TransactionCsvCodecTest",""
"","5","a layer that failed to load is carried into state so the panel can say so[jvm]","","2026-07-28","passed","2026-07-28","","DebugConfigViewModelTest[jvm]","com.georgeci.moneysurfer.feature.settings.debug.DebugConfigViewModelTest",""
"","26","a running sync outranks the last outcome in the hero[jvm]","","2026-07-28","passed","2026-07-28","","SyncViewModelTest[jvm]","com.georgeci.moneysurfer.feature.settings.sync.SyncViewModelTest",""
"","69","download opens the export options, and confirming asks for a save target[jvm]","","2026-07-28","passed","2026-07-28","","BackupViewModelTest[jvm]","com.georgeci.moneysurfer.feature.settings.backup.BackupViewModelTest",""
"","4","non-owner never purges someone else's workspace, even when alone in it[jvm]","","2026-07-28","passed","2026-07-28","","UserAccountDeletionRepositoryImplTest[jvm]","com.georgeci.moneysurfer.data.repository.UserAccountDeletionRepositoryImplTest",""
"","20","non-owner cannot edit another member's row","","2026-07-28","passed","2026-07-28","","workspaces/{wid}/members/{uid}","workspaces/{wid}/members/{uid} non-owner cannot edit another member's row",""
"","8","the tombstone survives the wire in both directions[jvm]","","2026-07-28","passed","2026-07-28","","TransactionTombstoneSyncIntegrationIT[jvm]","com.georgeci.moneysurfer.integration.sync.TransactionTombstoneSyncIntegrationIT",""
"","135","an unavailable panel offers no controls at all, only an explanation[jvm]","","2026-07-28","passed","2026-07-28","","DebugConfigScreenStateTest[jvm]","com.georgeci.moneysurfer.ui.DebugConfigScreenStateTest",""
"","6","release builds mute everything below Warn[jvm]","","2026-07-28","passed","2026-07-28","","LoggingConfigTest[jvm]","com.georgeci.moneysurfer.domain.logging.LoggingConfigTest",""
"","20","an unauthenticated client cannot write","","2026-07-28","passed","2026-07-28","","users/{uid}/config/{key}","users/{uid}/config/{key} an unauthenticated client cannot write",""
"","3","handle cancel of unknown id is a no-op[jvm]","","2026-07-28","passed","2026-07-28","","SyncCoordinatorImplBranchSpec[jvm]","com.georgeci.moneysurfer.sync.coordinator.SyncCoordinatorImplBranchSpec",""
"","3","warnings come before wins, and both before the neutral facts[jvm]","","2026-07-28","passed","2026-07-28","","InsightRulesTest[jvm]","com.georgeci.moneysurfer.domain.insight.InsightRulesTest",""
"","0","'42,50' -> '42.50'[jvm]","","2026-07-28","passed","2026-07-28","","AmountInputTransformationTest[jvm]","com.georgeci.moneysurfer.utils.AmountInputTransformationTest",""
"","108","no-such-user (FIRAuth 17011) classifies as InvalidCredentials[jvm]","","2026-07-28","passed","2026-07-28","","AuthErrorClassificationTest[jvm]","com.georgeci.moneysurfer.data.repository.AuthErrorClassificationTest",""
"","15","each picker writes to its own preference and to no other[jvm]","","2026-07-28","passed","2026-07-28","","PreferencesViewModelTest[jvm]","com.georgeci.moneysurfer.feature.settings.preferences.PreferencesViewModelTest",""
"","22","saving an edit to a row that was already purged inserts it fresh[jvm]","","2026-07-28","passed","2026-07-28","","TransactionSoftDeleteIntegrationIT[jvm]","com.georgeci.moneysurfer.integration.repository.TransactionSoftDeleteIntegrationIT",""
"","4","the parent holding the selection starts expanded[jvm]","","2026-07-28","passed","2026-07-28","","CategoryChooserViewModelTest[jvm]","com.georgeci.moneysurfer.feature.category.picker.CategoryChooserViewModelTest",""
"","2","malformed -> null[jvm]","","2026-07-28","passed","2026-07-28","","TimeFormatterTest[jvm]","com.georgeci.moneysurfer.data.repository.TimeFormatterTest",""
"","1","a table quoted against another base is not trusted to price this workspace[jvm]","","2026-07-28","passed","2026-07-28","","ConvertAccountsTotalUseCaseTest[jvm]","com.georgeci.moneysurfer.domain.usecase.ConvertAccountsTotalUseCaseTest",""
"","35","an unfiltered invites query on a phantom workspace is denied","","2026-07-28","passed","2026-07-28","","dangling users/{uid}.workspaceIds refs","dangling users/{uid}.workspaceIds refs an unfiltered invites query on a phantom workspace is denied",""
"","3","create planned produces empty delta[jvm]","","2026-07-28","passed","2026-07-28","","CalculateBalanceDeltaTest[jvm]","com.georgeci.moneysurfer.domain.model.CalculateBalanceDeltaTest",""
"","8","format GBP with UK locale[jvm]","","2026-07-28","passed","2026-07-28","","MoneyFormatterTest[jvm]","com.georgeci.moneysurfer.domain.MoneyFormatterTest",""
"","162","OnArchiveClick archives the budget and offers an undo[jvm]","","2026-07-28","passed","2026-07-28","","BudgetsViewModelTest[jvm]","com.georgeci.moneysurfer.feature.budget.list.BudgetsViewModelTest",""
"","28","member cannot tombstone another member's row","","2026-07-28","passed","2026-07-28","","tombstone update shape (push-side soft delete)","tombstone update shape (push-side soft delete) member cannot tombstone another member's row",""
"","225","light scheme: text tokens clear AA on every surface they land on[jvm]","","2026-07-28","passed","2026-07-28","","ColorContrastTest[jvm]","com.georgeci.moneysurfer.uikit.theme.ColorContrastTest",""
"","93","UploadOnly scope pulls nothing[jvm]","","2026-07-28","passed","2026-07-28","","PullRemoteChangesUseCaseImplSpec[jvm]","com.georgeci.moneysurfer.data.sync.PullRemoteChangesUseCaseImplSpec",""
"","42","hard-delete is denied for non-owner members","","2026-07-28","passed","2026-07-28","","savings goals (issue #244)","savings goals (issue #244) hard-delete is denied for non-owner members",""
"","7","a custom range may be open at either end[jvm]","","2026-07-28","passed","2026-07-28","","TransactionFilterMatchingTest[jvm]","com.georgeci.moneysurfer.feature.transaction.filter.TransactionFilterMatchingTest",""
"","10","rejects when no registered user for email[jvm]","","2026-07-28","passed","2026-07-28","","SendInviteUseCaseTest[jvm]","com.georgeci.moneysurfer.domain.usecase.SendInviteUseCaseTest",""
"","13","a transfer pair with one invalid leg does not import the surviving half[jvm]","","2026-07-28","passed","2026-07-28","","ImportTransactionsValidationTest[jvm]","com.georgeci.moneysurfer.domain.csv.ImportTransactionsValidationTest",""
"","8","a selection whose category was deleted is dropped rather than saved as a dangling id[jvm]","","2026-07-28","passed","2026-07-28","","BudgetEditViewModelTest[jvm]","com.georgeci.moneysurfer.feature.budget.edit.BudgetEditViewModelTest",""
"","1","an overspent budget reports a negative remainder rather than flooring at zero[jvm]","","2026-07-28","passed","2026-07-28","","SafeToSpendTest[jvm]","com.georgeci.moneysurfer.domain.model.SafeToSpendTest",""
"","96","a quiet period says so instead of hiding the widget[jvm]","","2026-07-28","passed","2026-07-28","","DashboardInsightsScreenTest[jvm]","com.georgeci.moneysurfer.ui.DashboardInsightsScreenTest",""
"","3","SyncHandleStatus.Failed carries error[jvm]","","2026-07-28","passed","2026-07-28","","SyncStateSpec[jvm]","com.georgeci.moneysurfer.sync.api.SyncStateSpec",""
"","31","rejects an account whose numeric balance is a string","","2026-07-28","passed","2026-07-28","","entity write-shape validation (issue #156)","entity write-shape validation (issue #156) rejects an account whose numeric balance is a string",""
"","3","rejects when removing the last OWNER[jvm]","","2026-07-28","passed","2026-07-28","","RemoveMemberUseCaseTest[jvm]","com.georgeci.moneysurfer.domain.usecase.RemoveMemberUseCaseTest",""
"","1","reaching the target flips ACTIVE to COMPLETED[jvm]","","2026-07-28","passed","2026-07-28","","GoalContributionUseCaseTest[jvm]","com.georgeci.moneysurfer.domain.usecase.GoalContributionUseCaseTest",""
"","8","the user-scoped read is capped, so a grown collection cannot be pulled whole[jvm]","","2026-07-28","passed","2026-07-28","","PullRemoteChangesUseCaseImplSpec[jvm]","com.georgeci.moneysurfer.data.sync.PullRemoteChangesUseCaseImplSpec",""
"","275","the style sheet offers both sizes and, for the balance card, its variants[jvm]","","2026-07-28","passed","2026-07-28","","DashboardCustomizeScreenStateTest[jvm]","com.georgeci.moneysurfer.ui.DashboardCustomizeScreenStateTest",""
"","59","accepts a budget tombstone update (deletedAt set)","","2026-07-28","passed","2026-07-28","","entity write-shape validation (issue #156)","entity write-shape validation (issue #156) accepts a budget tombstone update (deletedAt set)",""
"","11","OnDeleteCancel keeps the budget[jvm]","","2026-07-28","passed","2026-07-28","","BudgetsViewModelTest[jvm]","com.georgeci.moneysurfer.feature.budget.list.BudgetsViewModelTest",""
"","41","uuid generates unique values[jvm]","","2026-07-28","passed","2026-07-28","","SyncRequestIdSpec[jvm]","com.georgeci.moneysurfer.sync.api.SyncRequestIdSpec",""
"","1","a pulled value is not echoed back to the server[jvm]","","2026-07-28","passed","2026-07-28","","SyncedSettingsSessionImplJvmTest[jvm]","com.georgeci.moneysurfer.data.config.SyncedSettingsSessionImplJvmTest",""
"","3","debug builds keep verbose logging[jvm]","","2026-07-28","passed","2026-07-28","","LoggingConfigTest[jvm]","com.georgeci.moneysurfer.domain.logging.LoggingConfigTest",""
"","0","a leaf category reports no subcategories[jvm]","","2026-07-28","passed","2026-07-28","","CategorySpendHistoryTest[jvm]","com.georgeci.moneysurfer.domain.model.CategorySpendHistoryTest",""
"","2108","every id: selector in a Maestro flow resolves to a testTag declared in Kotlin[jvm]","","2026-07-28","passed","2026-07-28","","MaestroFlowSelectorTest[jvm]","com.georgeci.moneysurfer.utils.MaestroFlowSelectorTest",""
"","6","the number of purged rows is reported back to the caller[jvm]","","2026-07-28","passed","2026-07-28","","PurgeDeletedTransactionsUseCaseTest[jvm]","com.georgeci.moneysurfer.domain.usecase.PurgeDeletedTransactionsUseCaseTest",""
"","1","anonymous flow (null password) skips re-auth[jvm]","","2026-07-28","passed","2026-07-28","","DeleteUserAccountUseCaseTest[jvm]","com.georgeci.moneysurfer.domain.usecase.DeleteUserAccountUseCaseTest",""
"","132","a degraded layer is called out above the rows[jvm]","","2026-07-28","passed","2026-07-28","","DebugConfigScreenStateTest[jvm]","com.georgeci.moneysurfer.ui.DebugConfigScreenStateTest",""
"","34","user can delete the mapping pointing at their own uid","","2026-07-28","passed","2026-07-28","","userEmails/{email}","userEmails/{email} user can delete the mapping pointing at their own uid",""
"","8","pushes to Firestore and updates user ref + default when Firebase uid present[jvm]","","2026-07-28","passed","2026-07-28","","CreateWorkspaceUseCaseTest[jvm]","com.georgeci.moneysurfer.domain.usecase.CreateWorkspaceUseCaseTest",""
"","1","create expense → -impact[jvm]","","2026-07-28","passed","2026-07-28","","CalculateBalanceDeltaTest[jvm]","com.georgeci.moneysurfer.domain.model.CalculateBalanceDeltaTest",""
"","5","create income increments cache by +amount[jvm]","","2026-07-28","passed","2026-07-28","","ApplyTransactionChangeUseCaseTest[jvm]","com.georgeci.moneysurfer.domain.usecase.ApplyTransactionChangeUseCaseTest",""
"","31","same-currency transfer creates two paired legs with equal amounts[jvm]","","2026-07-28","passed","2026-07-28","","TransactionCreationSaveTest[jvm]","com.georgeci.moneysurfer.feature.transaction.creation.TransactionCreationSaveTest",""
"","2","unparseable amount is rejected as invalid amount_minor[jvm]","","2026-07-28","passed","2026-07-28","","TransactionCsvCodecTest[jvm]","com.georgeci.moneysurfer.domain.csv.TransactionCsvCodecTest",""
"","363","every concrete Route is registered in navKeySerializersModule[jvm]","","2026-07-28","passed","2026-07-28","","RouteSerializerRegistryTest[jvm]","com.georgeci.moneysurfer.navigation.RouteSerializerRegistryTest",""
"","4","malformed stored falls back to operationAt in UTC[jvm]","","2026-07-28","passed","2026-07-28","","ResolveLegacyOperationDateTest[jvm]","com.georgeci.moneysurfer.data.repository.ResolveLegacyOperationDateTest",""
"","21","user cannot map a foreign uid to their own email","","2026-07-28","passed","2026-07-28","","userEmails/{email}","userEmails/{email} user cannot map a foreign uid to their own email",""
"","26","no read path writes anything[jvm]","","2026-07-28","passed","2026-07-28","","LayeredConfigSpec[jvm]","com.georgeci.moneysurfer.appconfig.LayeredConfigSpec",""
"","34","non-member cannot create","","2026-07-28","passed","2026-07-28","","member-gated entities (accounts)","member-gated entities (accounts) non-member cannot create",""
"","15","round-trip preserves all fields[jvm]","","2026-07-28","passed","2026-07-28","","PendingMutationQueueImplSpec[jvm]","com.georgeci.moneysurfer.data.sync.PendingMutationQueueImplSpec",""
"","22","owner can promote a member's role","","2026-07-28","passed","2026-07-28","","workspaces/{wid}/members/{uid}","workspaces/{wid}/members/{uid} owner can promote a member's role",""
"","26","rejects a malformed update of an existing document","","2026-07-28","passed","2026-07-28","","users/{uid}/config/{key}","users/{uid}/config/{key} rejects a malformed update of an existing document",""
"","1","a leg whose sibling is already gone deletes on its own[jvm]","","2026-07-28","passed","2026-07-28","","DeleteTransactionUseCaseTest[jvm]","com.georgeci.moneysurfer.domain.usecase.DeleteTransactionUseCaseTest",""
"","1","garbage without the magic prefix is rejected as InvalidArchive[jvm]","","2026-07-28","passed","2026-07-28","","EncryptedBackupCodecTest[jvm]","com.georgeci.moneysurfer.data.backup.EncryptedBackupCodecTest",""
"","1","manifest JSON survives serialization[jvm]","","2026-07-28","passed","2026-07-28","","ZipStoredCodecTest[jvm]","com.georgeci.moneysurfer.data.backup.ZipStoredCodecTest",""
"","15","the window reports each row's split group size, and zero for rows outside a split[jvm]","","2026-07-28","passed","2026-07-28","","TransactionWindowIntegrationIT[jvm]","com.georgeci.moneysurfer.integration.repository.TransactionWindowIntegrationIT",""
"","17","offline build hides the Transfer segment[jvm]","","2026-07-28","passed","2026-07-28","","OfflineConfigGraphTest[jvm]","com.georgeci.moneysurfer.offline.di.OfflineConfigGraphTest",""
"","5","Supported app version lets the sync run normally[jvm]","","2026-07-28","passed","2026-07-28","","SyncCoordinatorImplSpec[jvm]","com.georgeci.moneysurfer.sync.coordinator.SyncCoordinatorImplSpec",""
"","20","an unauthenticated client is denied","","2026-07-28","passed","2026-07-28","","users/{uid}/config/{key}","users/{uid}/config/{key} an unauthenticated client is denied",""
"","13","contribution insert dual-writes under its own entity type[jvm]","","2026-07-28","passed","2026-07-28","","GoalRepositoryDualWriteSpec[jvm]","com.georgeci.moneysurfer.data.repository.GoalRepositoryDualWriteSpec",""
"","14","snapshot before hydrate resolves Build and defaults only[jvm]","","2026-07-28","passed","2026-07-28","","LayeredConfigSpec[jvm]","com.georgeci.moneysurfer.appconfig.LayeredConfigSpec",""
"","57","the baseline is the same stretch of the previous month, not the whole of it[jvm]","","2026-07-28","passed","2026-07-28","","GenerateInsightsUseCaseTest[jvm]","com.georgeci.moneysurfer.domain.usecase.GenerateInsightsUseCaseTest",""
"","28","handle writes to the Local layer and the flow sees it[jvm]","","2026-07-28","passed","2026-07-28","","LayeredConfigSpec[jvm]","com.georgeci.moneysurfer.appconfig.LayeredConfigSpec",""
"","70","opening an existing category restores its icon, colour and parent[jvm]","","2026-07-28","passed","2026-07-28","","CategoryCreationViewModelTest[jvm]","com.georgeci.moneysurfer.feature.category.creation.CategoryCreationViewModelTest",""
"","0","distinguishes ids differing in their trailing digits[jvm]","","2026-07-28","passed","2026-07-28","","TransactionReferenceTest[jvm]","com.georgeci.moneysurfer.domain.model.TransactionReferenceTest",""
"","47","an empty buffer explains itself instead of offering a clear action[jvm]","","2026-07-28","passed","2026-07-28","","DebugLogScreenStateTest[jvm]","com.georgeci.moneysurfer.ui.DebugLogScreenStateTest",""
"","41","an undecodable value is left on disk rather than overwritten by the fallback[jvm]","","2026-07-28","passed","2026-07-28","","LocalConfigSourceImplJvmTest[jvm]","com.georgeci.moneysurfer.data.config.LocalConfigSourceImplJvmTest",""
"","284","a single account draws no quick-actions row — there is nowhere to transfer to[jvm]","","2026-07-28","passed","2026-07-28","","DashboardScreenStateTest[jvm]","com.georgeci.moneysurfer.ui.DashboardScreenStateTest",""
"","0","rollover off ignores the previous window entirely[jvm]","","2026-07-28","passed","2026-07-28","","BudgetProgressTest[jvm]","com.georgeci.moneysurfer.domain.model.BudgetProgressTest",""
"","25","rejects a contribution whose amount is a string","","2026-07-28","passed","2026-07-28","","savings goals (issue #244)","savings goals (issue #244) rejects a contribution whose amount is a string",""
"","125","save with non-zero balance also creates an OPENING_BALANCE transaction in the selected currency[jvm]","","2026-07-28","passed","2026-07-28","","AccountCreationViewModelTest[jvm]","com.georgeci.moneysurfer.feature.account.creation.AccountCreationViewModelTest",""
"","9","wrong password aborts before shutdown and cleanup[jvm]","","2026-07-28","passed","2026-07-28","","DeleteUserAccountUseCaseTest[jvm]","com.georgeci.moneysurfer.domain.usecase.DeleteUserAccountUseCaseTest",""
"","2","remote calls fire in strict order: syncWorkspace → addWorkspaceRef → setDefaultWorkspace[jvm]","","2026-07-28","passed","2026-07-28","","CreateWorkspaceUseCaseTest[jvm]","com.georgeci.moneysurfer.domain.usecase.CreateWorkspaceUseCaseTest",""
"","18","owner can update workspace metadata","","2026-07-28","passed","2026-07-28","","workspaces/{wid}","workspaces/{wid} owner can update workspace metadata",""
"","8","each creation generates a fresh workspace id and re-pins the newest one[jvm]","","2026-07-28","passed","2026-07-28","","CreateWorkspaceUseCaseTest[jvm]","com.georgeci.moneysurfer.domain.usecase.CreateWorkspaceUseCaseTest",""
"","5","a declared false is Present, not Absent[jvm]","","2026-07-28","passed","2026-07-28","","BuildConfigSourceSpec[jvm]","com.georgeci.moneysurfer.appconfig.BuildConfigSourceSpec",""
"","4","a contribution round-trips, keeping a negative amount signed[jvm]","","2026-07-28","passed","2026-07-28","","GoalDtoMapperSpec[jvm]","com.georgeci.moneysurfer.data.sync.GoalDtoMapperSpec",""
"","16","a workspace whose base currency could not be read reports no trend rather than a wrong one[jvm]","","2026-07-28","passed","2026-07-28","","SpendAnalyticsRepositoryImplJvmTest[jvm]","com.georgeci.moneysurfer.data.repository.SpendAnalyticsRepositoryImplJvmTest",""
"","5","the offline build shows no extra details, matching the hidden creation section[jvm]","","2026-07-28","passed","2026-07-28","","AccountDetailsViewModelTest[jvm]","com.georgeci.moneysurfer.feature.account.details.AccountDetailsViewModelTest",""
"","1","default constraints disable network/charging gates and require non-low battery[jvm]","","2026-07-28","passed","2026-07-28","","SyncConstraintsSpec[jvm]","com.georgeci.moneysurfer.sync.scheduler.SyncConstraintsSpec",""
"","1","monthly window is anchored on the start date's day of month[jvm]","","2026-07-28","passed","2026-07-28","","BudgetPeriodWindowTest[jvm]","com.georgeci.moneysurfer.domain.util.BudgetPeriodWindowTest",""
"","40","first-run save adopts the picked currency as the workspace base currency and lands on Dashboard[jvm]","","2026-07-28","passed","2026-07-28","","AccountCreationViewModelTest[jvm]","com.georgeci.moneysurfer.feature.account.creation.AccountCreationViewModelTest",""
"","1","a value containing quotes, commas and newlines survives the round trip[jvm]","","2026-07-28","passed","2026-07-28","","AccountExtraDetailsColumnTest[jvm]","com.georgeci.moneysurfer.data.db.entity.AccountExtraDetailsColumnTest",""
"","10","a parent's total rolls up its whole subtree[jvm]","","2026-07-28","passed","2026-07-28","","CategorySpendHistoryTest[jvm]","com.georgeci.moneysurfer.domain.model.CategorySpendHistoryTest",""
"","1","enabledItems keeps order and drops the switched-off widgets[jvm]","","2026-07-28","passed","2026-07-28","","DashboardLayoutConfigTest[jvm]","com.georgeci.moneysurfer.domain.dashboard.DashboardLayoutConfigTest",""
"","3","Unknown.isRetryable is true (sync should be re-attempted on next cycle)[jvm]","","2026-07-28","passed","2026-07-28","","SyncErrorClassifierSpec[jvm]","com.georgeci.moneysurfer.sync.internal.SyncErrorClassifierSpec",""
"","12","existing rows keep their data and gain a null splitId[jvm]","","2026-07-28","passed","2026-07-28","","TransactionSplitIdMigrationIT[jvm]","com.georgeci.moneysurfer.integration.repository.TransactionSplitIdMigrationIT",""
"","6","NoOpNetworkMonitor reports always-online[jvm]","","2026-07-28","passed","2026-07-28","","NoOpNetworkMonitorSpec[jvm]","com.georgeci.moneysurfer.sync.internal.network.NoOpNetworkMonitorSpec",""
"","6","rejects when no current user[jvm]","","2026-07-28","passed","2026-07-28","","SendInviteUseCaseTest[jvm]","com.georgeci.moneysurfer.domain.usecase.SendInviteUseCaseTest",""
"","5","creates the system Transfer category lazily when the workspace is missing it[jvm]","","2026-07-28","passed","2026-07-28","","CreateTransferUseCaseTest[jvm]","com.georgeci.moneysurfer.domain.usecase.CreateTransferUseCaseTest",""
"","2","CompositeCancelToken not cancelled when only some children cancelled[jvm]","","2026-07-28","passed","2026-07-28","","SyncCancelTokenSpec[jvm]","com.georgeci.moneysurfer.sync.api.SyncCancelTokenSpec",""
"","131","resource files are discovered[jvm]","","2026-07-28","passed","2026-07-28","","StringResourceEscapeTest[jvm]","com.georgeci.moneysurfer.utils.StringResourceEscapeTest",""
"","4","missing workspace root document is not counted and does not fail the pull[jvm]","","2026-07-28","passed","2026-07-28","","PullRemoteChangesUseCaseImplSpec[jvm]","com.georgeci.moneysurfer.data.sync.PullRemoteChangesUseCaseImplSpec",""
"","5","an offline workspace with no accounts returns to the first-run account screen[jvm]","","2026-07-28","passed","2026-07-28","","StartRouteTest[jvm]","com.georgeci.moneysurfer.navigation.StartRouteTest",""
"","25","paging back a month re-queries the previous window[jvm]","","2026-07-28","passed","2026-07-28","","TransactionsByAccountPeriodTest[jvm]","com.georgeci.moneysurfer.feature.transaction.list.TransactionsByAccountPeriodTest",""
"","1","CompositeCancelToken cancel propagates to all children[jvm]","","2026-07-28","passed","2026-07-28","","SyncCancelTokenSpec[jvm]","com.georgeci.moneysurfer.sync.api.SyncCancelTokenSpec",""
"","78","every catalogue key resolves to an icon and every catalogue hue to a tint[jvm]","","2026-07-28","passed","2026-07-28","","CategoryPaletteParityTest[jvm]","com.georgeci.moneysurfer.feature.category.CategoryPaletteParityTest",""
"","24","non-owner cannot hard-delete an invite","","2026-07-28","passed","2026-07-28","","invites — update / delete","invites — update / delete non-owner cannot hard-delete an invite",""
"","4","a quote small enough to overflow the total counts as missing, not as a clamped balance[jvm]","","2026-07-28","passed","2026-07-28","","ConvertAccountsTotalUseCaseTest[jvm]","com.georgeci.moneysurfer.domain.usecase.ConvertAccountsTotalUseCaseTest",""
"","7","wipes Room and clears flag when hasUsedDemo is true[jvm]","","2026-07-28","passed","2026-07-28","","WipeDemoDataUseCaseSpec[jvm]","com.georgeci.moneysurfer.domain.usecase.WipeDemoDataUseCaseSpec",""
"","66","at a phone width the cap is inert — content still spans the whole window[jvm]","","2026-07-28","passed","2026-07-28","","SurferContentContainerTest[jvm]","com.georgeci.moneysurfer.ui.SurferContentContainerTest",""
"","4","normalize truncates over-long keys and values[jvm]","","2026-07-28","passed","2026-07-28","","AccountExtraDetailsTest[jvm]","com.georgeci.moneysurfer.domain.model.AccountExtraDetailsTest",""
"","22","reports Missing when the category is not in the workspace[jvm]","","2026-07-28","passed","2026-07-28","","CategoryDetailsViewModelTest[jvm]","com.georgeci.moneysurfer.feature.category.details.CategoryDetailsViewModelTest",""
"","7","dragging a widget onto another one persists the new order[jvm]","","2026-07-28","passed","2026-07-28","","DashboardCustomizeViewModelTest[jvm]","com.georgeci.moneysurfer.feature.dashboard.customize.DashboardCustomizeViewModelTest",""
"","2","clearAll is idempotent[jvm]","","2026-07-28","passed","2026-07-28","","RemoteDataResetRepositoryImplSpec[jvm]","com.georgeci.moneysurfer.sync.repository.RemoteDataResetRepositoryImplSpec",""
"","10","sign-up with a short password reports PasswordTooShort instead of silently doing nothing[jvm]","","2026-07-28","passed","2026-07-28","","SignInViewModelTest[jvm]","com.georgeci.moneysurfer.feature.login.SignInViewModelTest",""
"","3","CompositeCancelToken throwIfCancelled when all cancelled throws[jvm]","","2026-07-28","passed","2026-07-28","","SyncCancelTokenSpec[jvm]","com.georgeci.moneysurfer.sync.api.SyncCancelTokenSpec",""
"","29","picking a value writes it through — it is still there for the next screen instance[jvm]","","2026-07-28","passed","2026-07-28","","PreferencesViewModelTest[jvm]","com.georgeci.moneysurfer.feature.settings.preferences.PreferencesViewModelTest",""
"","55","editing loads the existing budget and updates it in place[jvm]","","2026-07-28","passed","2026-07-28","","BudgetEditViewModelTest[jvm]","com.georgeci.moneysurfer.feature.budget.edit.BudgetEditViewModelTest",""
"","13","duplicating carries the merchant and tags but not the pairing, schedule or planned state[jvm]","","2026-07-28","passed","2026-07-28","","TransactionCreationEditTest[jvm]","com.georgeci.moneysurfer.feature.transaction.creation.TransactionCreationEditTest",""
"","1374","inserts account with USD and round-trips currency + balance[jvm]","","2026-07-28","passed","2026-07-28","","AccountCreationIntegrationIT[jvm]","com.georgeci.moneysurfer.integration.repository.AccountCreationIntegrationIT",""
"","5","an offline workspace that already has an account goes to the dashboard[jvm]","","2026-07-28","passed","2026-07-28","","StartRouteTest[jvm]","com.georgeci.moneysurfer.navigation.StartRouteTest",""
"","7","a default pointing outside workspaceIds is not pinned just because it is the server's choice[jvm]","","2026-07-28","passed","2026-07-28","","PostAuthBootstrapUseCaseTest[jvm]","com.georgeci.moneysurfer.domain.usecase.PostAuthBootstrapUseCaseTest",""
"","21","observe emits empty list for a fresh workspace[jvm]","","2026-07-28","passed","2026-07-28","","SyncMetaRepositoryImplSpec[jvm]","com.georgeci.moneysurfer.sync.internal.repository.SyncMetaRepositoryImplSpec",""
"","25","clearing an override falls back to the layer underneath[jvm]","","2026-07-28","passed","2026-07-28","","DebugConfigInspectorImplSpec[jvm]","com.georgeci.moneysurfer.appconfig.DebugConfigInspectorImplSpec",""
"","68","every EN string key has a RU counterpart and vice-versa[jvm]","","2026-07-28","passed","2026-07-28","","StringResourceParityTest[jvm]","com.georgeci.moneysurfer.utils.StringResourceParityTest",""
"","38","aborts without seeding when the demo login fails[jvm]","","2026-07-28","passed","2026-07-28","","OfflineFirstRunSeederTest[jvm]","com.georgeci.moneysurfer.offline.firstrun.OfflineFirstRunSeederTest",""
"","1","onSyncCompleted is callable[jvm]","","2026-07-28","passed","2026-07-28","","SyncTelemetryNoOpSpec[jvm]","com.georgeci.moneysurfer.sync.telemetry.SyncTelemetryNoOpSpec",""
"","2","push without a Firebase session throws, so the drain requeues instead of dropping the row[jvm]","","2026-07-28","passed","2026-07-28","","UserConfigSyncPluginSpec[jvm]","com.georgeci.moneysurfer.data.sync.plugin.UserConfigSyncPluginSpec",""
"","101","a detail pane opened from another detail keeps its back arrow[jvm]","","2026-07-28","passed","2026-07-28","","SurferPaneScaffoldTest[jvm]","com.georgeci.moneysurfer.ui.SurferPaneScaffoldTest",""
"","1","totals outside the requested window do not reach the trend[jvm]","","2026-07-28","passed","2026-07-28","","CategorySpendHistoryTest[jvm]","com.georgeci.moneysurfer.domain.model.CategorySpendHistoryTest",""
"","26","an ARCHIVED goal rejects new contributions[jvm]","","2026-07-28","passed","2026-07-28","","GoalContributionUseCaseTest[jvm]","com.georgeci.moneysurfer.domain.usecase.GoalContributionUseCaseTest",""
"","94","upsert (new) writes both DAO and outbox as INSERT when signed in[jvm]","","2026-07-28","passed","2026-07-28","","WorkspaceInviteRepositoryDualWriteSpec[jvm]","com.georgeci.moneysurfer.data.repository.WorkspaceInviteRepositoryDualWriteSpec",""
"","9","schema-version mismatch surfaces SchemaMismatch[jvm]","","2026-07-28","passed","2026-07-28","","BackupImporterImplJvmTest[jvm]","com.georgeci.moneysurfer.data.backup.BackupImporterImplJvmTest",""
"","17","list/scan is denied — prevents email enumeration","","2026-07-28","passed","2026-07-28","","userEmails/{email}","userEmails/{email} list/scan is denied — prevents email enumeration",""
"","16","multiple decimal separators are an invalid format[jvm]","","2026-07-28","passed","2026-07-28","","TransactionAmountInputTest[jvm]","com.georgeci.moneysurfer.feature.transaction.creation.TransactionAmountInputTest",""
"","1166","app module graph resolves()[jvm]","","2026-07-28","passed","2026-07-28","","KoinModuleVerificationTest[jvm]","com.georgeci.moneysurfer.di.KoinModuleVerificationTest",""
"","8","a non-permission failure aborts and surfaces RemoteDataCleanupFailed[jvm]","","2026-07-28","passed","2026-07-28","","UserAccountDeletionRepositoryImplTest[jvm]","com.georgeci.moneysurfer.data.repository.UserAccountDeletionRepositoryImplTest",""
"","31","getByTransferId returns only the legs of the requested transfer[jvm]","","2026-07-28","passed","2026-07-28","","TransferCreationIntegrationIT[jvm]","com.georgeci.moneysurfer.integration.repository.TransferCreationIntegrationIT",""
"","4","zero alone is not a valid transaction amount[jvm]","","2026-07-28","passed","2026-07-28","","TransactionAmountInputTest[jvm]","com.georgeci.moneysurfer.feature.transaction.creation.TransactionAmountInputTest",""
"","0","blank enum names fall back to the repository's parse defaults[jvm]","","2026-07-28","passed","2026-07-28","","RecurringRuleDtoMapperSpec[jvm]","com.georgeci.moneysurfer.data.sync.RecurringRuleDtoMapperSpec",""
"","2","ignores planned rows[jvm]","","2026-07-28","passed","2026-07-28","","RecalculateAccountBalanceUseCaseTest[jvm]","com.georgeci.moneysurfer.domain.usecase.RecalculateAccountBalanceUseCaseTest",""
"","11","empty batch keeps the cursor untouched but still marks success[jvm]","","2026-07-28","passed","2026-07-28","","PullRemoteChangesUseCaseImplSpec[jvm]","com.georgeci.moneysurfer.data.sync.PullRemoteChangesUseCaseImplSpec",""
"","7","back returns from the first-account step to the value step[jvm]","","2026-07-28","passed","2026-07-28","","OnboardingViewModelTest[jvm]","com.georgeci.moneysurfer.feature.login.onboarding.OnboardingViewModelTest",""
"","5","moving reorders only the enabled widgets and leaves the switched-off ones behind them[jvm]","","2026-07-28","passed","2026-07-28","","DashboardLayoutConfigTest[jvm]","com.georgeci.moneysurfer.domain.dashboard.DashboardLayoutConfigTest",""
"","14","observeOutbox keeps in-flight rows, oldest first — a stuck push must not read as an empty outbox[jvm]","","2026-07-28","passed","2026-07-28","","PendingMutationQueueImplSpec[jvm]","com.georgeci.moneysurfer.sync.internal.repository.PendingMutationQueueImplSpec",""
"","8","creating a goal in an unknown workspace is rejected[jvm]","","2026-07-28","passed","2026-07-28","","SavingsGoalUseCaseTest[jvm]","com.georgeci.moneysurfer.domain.usecase.SavingsGoalUseCaseTest",""
"","14","'5' -> '5'[jvm]","","2026-07-28","passed","2026-07-28","","AmountInputTransformationTest[jvm]","com.georgeci.moneysurfer.utils.AmountInputTransformationTest",""
"","35","invitee can decline by email match (no targetUserId on doc)","","2026-07-28","passed","2026-07-28","","invites — update / delete","invites — update / delete invitee can decline by email match (no targetUserId on doc)",""
"","16","Debug beats Local[jvm]","","2026-07-28","passed","2026-07-28","","LayeredConfigSpec[jvm]","com.georgeci.moneysurfer.appconfig.LayeredConfigSpec",""
"","15","reset-all drops every override[jvm]","","2026-07-28","passed","2026-07-28","","DebugConfigSourceImplJvmTest[jvm]","com.georgeci.moneysurfer.data.config.DebugConfigSourceImplJvmTest",""
"","1","the user id follows the session[jvm]","","2026-07-28","passed","2026-07-28","","CrashReportingTest[jvm]","com.georgeci.moneysurfer.domain.telemetry.CrashReportingTest",""
"","25","stranger cannot transition someone else's invite","","2026-07-28","passed","2026-07-28","","invites — update / delete","invites — update / delete stranger cannot transition someone else's invite",""
"","44","recipient can collection-group query by targetUserId","","2026-07-28","passed","2026-07-28","","invites — read","invites — read recipient can collection-group query by targetUserId",""
"","4","a value written into config_entry by the pull becomes visible to peek[jvm]","","2026-07-28","passed","2026-07-28","","LocalConfigSourceImplJvmTest[jvm]","com.georgeci.moneysurfer.data.config.LocalConfigSourceImplJvmTest",""
"","6","empty archive surfaces InvalidArchive[jvm]","","2026-07-28","passed","2026-07-28","","BackupImporterImplJvmTest[jvm]","com.georgeci.moneysurfer.data.backup.BackupImporterImplJvmTest",""
"","36","invitee can re-push the same terminal status (idempotent)","","2026-07-28","passed","2026-07-28","","invites — update / delete","invites — update / delete invitee can re-push the same terminal status (idempotent)",""
"","21","every toggle reaches the store, so navigating away and back does not reset it[jvm]","","2026-07-28","passed","2026-07-28","","PreferencesViewModelTest[jvm]","com.georgeci.moneysurfer.feature.settings.preferences.PreferencesViewModelTest",""
"","9","markInFlight excludes rows from the next pending batch[jvm]","","2026-07-28","passed","2026-07-28","","PendingMutationQueueImplSpec[jvm]","com.georgeci.moneysurfer.data.sync.PendingMutationQueueImplSpec",""
"","85","rejected payload never replaces the live DB and leaves no temp files[jvm]","","2026-07-28","passed","2026-07-28","","BackupImporterImplJvmTest[jvm]","com.georgeci.moneysurfer.data.backup.BackupImporterImplJvmTest",""
"","8","sanitize keeps a single leading minus and ignores later ones[jvm]","","2026-07-28","passed","2026-07-28","","InitialBalanceInputTest[jvm]","com.georgeci.moneysurfer.feature.account.creation.InitialBalanceInputTest",""
"","9","addWorkspaceRef failure does not block setDefaultWorkspace[jvm]","","2026-07-28","passed","2026-07-28","","CreateWorkspaceUseCaseTest[jvm]","com.georgeci.moneysurfer.domain.usecase.CreateWorkspaceUseCaseTest",""
"","24","insert + getById round-trips all columns including snapshots[jvm]","","2026-07-28","passed","2026-07-28","","WorkspaceInviteRepositoryIntegrationIT[jvm]","com.georgeci.moneysurfer.integration.repository.WorkspaceInviteRepositoryIntegrationIT",""
"","1","archive on missing account returns AccountNotFound[jvm]","","2026-07-28","passed","2026-07-28","","ArchiveAccountUseCaseTest[jvm]","com.georgeci.moneysurfer.domain.usecase.ArchiveAccountUseCaseTest",""
"","14","an amount with two decimal separators blocks save and exposes an inline error[jvm]","","2026-07-28","passed","2026-07-28","","TransactionCreationSaveTest[jvm]","com.georgeci.moneysurfer.feature.transaction.creation.TransactionCreationSaveTest",""
"","69","an accepted override reaches the inspector and posts no message[jvm]","","2026-07-28","passed","2026-07-28","","DebugConfigViewModelTest[jvm]","com.georgeci.moneysurfer.feature.settings.debug.DebugConfigViewModelTest",""
"","20","stranger cannot self-create even by naming a non-existent inviteId","","2026-07-28","passed","2026-07-28","","workspaces/{wid}/members/{uid}","workspaces/{wid}/members/{uid} stranger cannot self-create even by naming a non-existent inviteId",""
"","0","legs left uncategorized count as one category between them[jvm]","","2026-07-28","passed","2026-07-28","","TransactionSplitGroupTest[jvm]","com.georgeci.moneysurfer.domain.model.TransactionSplitGroupTest",""
"","242","submit button is enabled once the state can be submitted[jvm]","","2026-07-28","passed","2026-07-28","","SignInScreenStateTest[jvm]","com.georgeci.moneysurfer.ui.SignInScreenStateTest",""
"","0","income, planned and other-workspace rows are ignored[jvm]","","2026-07-28","passed","2026-07-28","","BudgetProgressTest[jvm]","com.georgeci.moneysurfer.domain.model.BudgetProgressTest",""
"","8","handle cancel on the only running request cancels the worker job[jvm]","","2026-07-28","passed","2026-07-28","","SyncCoordinatorImplBranchSpec[jvm]","com.georgeci.moneysurfer.sync.coordinator.SyncCoordinatorImplBranchSpec",""
"","18","non-owner member cannot hard-delete the workspace doc","","2026-07-28","passed","2026-07-28","","workspaces/{wid}","workspaces/{wid} non-owner member cannot hard-delete the workspace doc",""
"","6","running twice queues nothing new — the outbox itself dedupes, and so does this[jvm]","","2026-07-28","passed","2026-07-28","","SyncedSettingsSessionImplJvmTest[jvm]","com.georgeci.moneysurfer.data.config.SyncedSettingsSessionImplJvmTest",""
"","48","swiping a transaction away removes it, and the snackbar's Undo puts it back[jvm]","","2026-07-28","passed","2026-07-28","","CategoryDetailsViewModelTest[jvm]","com.georgeci.moneysurfer.feature.category.details.CategoryDetailsViewModelTest",""
"","131","export then import restores seeded entities + datastore + clears sync DB[jvm]","","2026-07-28","passed","2026-07-28","","BackupRoundTripJvmTest[jvm]","com.georgeci.moneysurfer.data.backup.BackupRoundTripJvmTest",""
"","16","save keeps a negative opening balance for a credit (card) account[jvm]","","2026-07-28","passed","2026-07-28","","AccountCreationViewModelTest[jvm]","com.georgeci.moneysurfer.feature.account.creation.AccountCreationViewModelTest",""
"","1","missing local row → take remote[jvm]","","2026-07-28","passed","2026-07-28","","LwwConflictResolverSpec[jvm]","com.georgeci.moneysurfer.sync.repository.LwwConflictResolverSpec",""
"","2","fields are exposed[jvm]","","2026-07-28","passed","2026-07-28","","PendingMutationSpec[jvm]","com.georgeci.moneysurfer.sync.repository.PendingMutationSpec",""
"","7","tapping Undo on the delete snackbar restores the category[jvm]","","2026-07-28","passed","2026-07-28","","CategoriesManageViewModelTest[jvm]","com.georgeci.moneysurfer.feature.category.manage.CategoriesManageViewModelTest",""
"","23","a category that jumped past the threshold reads as a warning[jvm]","","2026-07-28","passed","2026-07-28","","InsightRulesTest[jvm]","com.georgeci.moneysurfer.domain.insight.InsightRulesTest",""
"","1","clearScope removes only rows for the requested workspace[jvm]","","2026-07-28","passed","2026-07-28","","SyncMetaRepositoryImplSpec[jvm]","com.georgeci.moneysurfer.sync.internal.repository.SyncMetaRepositoryImplSpec",""
"","160","collection wire values are stable — they are persisted sync_meta cursor keys[jvm]","","2026-07-28","passed","2026-07-28","","SyncCollectionTest[jvm]","com.georgeci.moneysurfer.sync.api.SyncCollectionTest",""
"","2","markInFlight is a no-op for empty list[jvm]","","2026-07-28","passed","2026-07-28","","PendingMutationQueueImplSpec[jvm]","com.georgeci.moneysurfer.sync.internal.repository.PendingMutationQueueImplSpec",""
"","1","entries below the first non-pane route are not part of the scaffold[jvm]","","2026-07-28","passed","2026-07-28","","SurferPaneSceneStrategyTest[jvm]","com.georgeci.moneysurfer.navigation.SurferPaneSceneStrategyTest",""
"","29","accepts a nullable field set explicitly to null (deletedAt)","","2026-07-28","passed","2026-07-28","","entity write-shape validation (issue #156)","entity write-shape validation (issue #156) accepts a nullable field set explicitly to null (deletedAt)",""
"","15","the server kill switch is registered and remote-overridable[jvm]","","2026-07-28","passed","2026-07-28","","OnlineConfigGraphTest[jvm]","com.georgeci.moneysurfer.di.OnlineConfigGraphTest",""
"","33","toScope maps each reason[jvm]","","2026-07-28","passed","2026-07-28","","SyncScopeSpec[jvm]","com.georgeci.moneysurfer.sync.api.SyncScopeSpec",""
"","13","a tag containing the CSV separator does not split into two on read[jvm]","","2026-07-28","passed","2026-07-28","","TransactionDetailFieldsIntegrationIT[jvm]","com.georgeci.moneysurfer.integration.repository.TransactionDetailFieldsIntegrationIT",""
"","22","unknown extra entry between manifest and main DB is tolerated[jvm]","","2026-07-28","passed","2026-07-28","","BackupImporterImplJvmTest[jvm]","com.georgeci.moneysurfer.data.backup.BackupImporterImplJvmTest",""
"","27","opens on the month containing today[jvm]","","2026-07-28","passed","2026-07-28","","TransactionsByAccountPeriodTest[jvm]","com.georgeci.moneysurfer.feature.transaction.list.TransactionsByAccountPeriodTest",""
"","21","markAccepted transitions status and stamps respondedAt[jvm]","","2026-07-28","passed","2026-07-28","","WorkspaceInviteRepositoryDualWriteSpec[jvm]","com.georgeci.moneysurfer.data.repository.WorkspaceInviteRepositoryDualWriteSpec",""
"","1","zero with decimals like 000.00 is not a valid transaction amount[jvm]","","2026-07-28","passed","2026-07-28","","TransactionAmountInputTest[jvm]","com.georgeci.moneysurfer.feature.transaction.creation.TransactionAmountInputTest",""
"","1","descendantsOf terminates on a cycle instead of looping forever[jvm]","","2026-07-28","passed","2026-07-28","","CategoryTreeTest[jvm]","com.georgeci.moneysurfer.domain.model.CategoryTreeTest",""
"","25","accepts a null recurringRuleId","","2026-07-28","passed","2026-07-28","","entity write-shape validation (issue #156)","entity write-shape validation (issue #156) accepts a null recurringRuleId",""
"","18","a user can update a setting of their own","","2026-07-28","passed","2026-07-28","","users/{uid}/config/{key}","users/{uid}/config/{key} a user can update a setting of their own",""
"","5","matches java.util.zip.CRC32 across diverse byte sequences[jvm]","","2026-07-28","passed","2026-07-28","","Crc32JvmTest[jvm]","com.georgeci.moneysurfer.data.backup.Crc32JvmTest",""
"","2","second pull passes the stored cursor to the reader[jvm]","","2026-07-28","passed","2026-07-28","","PullRemoteChangesUseCaseImplSpec[jvm]","com.georgeci.moneysurfer.data.sync.PullRemoteChangesUseCaseImplSpec",""
"","1","ConflictResolver implementation can be invoked[jvm]","","2026-07-28","passed","2026-07-28","","ConflictResolverSpec[jvm]","com.georgeci.moneysurfer.sync.repository.ConflictResolverSpec",""
"","2","AuthRequired is not retryable[jvm]","","2026-07-28","passed","2026-07-28","","SyncErrorSpec[jvm]","com.georgeci.moneysurfer.sync.api.SyncErrorSpec",""
"","4","awaitNetwork indefinite proceeds when network returns[jvm]","","2026-07-28","passed","2026-07-28","","SyncCoordinatorImplSpec[jvm]","com.georgeci.moneysurfer.sync.coordinator.SyncCoordinatorImplSpec",""
"","3","a zero or positive balance is always accepted[jvm]","","2026-07-28","passed","2026-07-28","","InitialBalanceInputTest[jvm]","com.georgeci.moneysurfer.feature.account.creation.InitialBalanceInputTest",""
"","26","the parent picker offers neither the category itself nor its descendants[jvm]","","2026-07-28","passed","2026-07-28","","CategoryCreationViewModelTest[jvm]","com.georgeci.moneysurfer.feature.category.creation.CategoryCreationViewModelTest",""
"","98","a boolean key gets a switch and nothing to type into[jvm]","","2026-07-28","passed","2026-07-28","","DebugConfigScreenStateTest[jvm]","com.georgeci.moneysurfer.ui.DebugConfigScreenStateTest",""
"","0","quoted field with embedded newline advances the row number by one record[jvm]","","2026-07-28","passed","2026-07-28","","TransactionCsvCodecTest[jvm]","com.georgeci.moneysurfer.domain.csv.TransactionCsvCodecTest",""
"","19","no pinned user goes to sign-in[jvm]","","2026-07-28","passed","2026-07-28","","StartRouteTest[jvm]","com.georgeci.moneysurfer.navigation.StartRouteTest",""
"","128","nobody signed in means nothing to say[jvm]","","2026-07-28","passed","2026-07-28","","GenerateInsightsUseCaseTest[jvm]","com.georgeci.moneysurfer.domain.usecase.GenerateInsightsUseCaseTest",""
"","42","the category trend counts neither transfer legs nor foreign currency[jvm]","","2026-07-28","passed","2026-07-28","","SpendAnalyticsRepositoryImplJvmTest[jvm]","com.georgeci.moneysurfer.data.repository.SpendAnalyticsRepositoryImplJvmTest",""
"","2","markAttempt only updates the attempt column[jvm]","","2026-07-28","passed","2026-07-28","","SyncMetaRepositoryImplSpec[jvm]","com.georgeci.moneysurfer.sync.internal.repository.SyncMetaRepositoryImplSpec",""
"","49","the windows follow the calendar instead of freezing at subscription time[jvm]","","2026-07-28","passed","2026-07-28","","GenerateInsightsUseCaseTest[jvm]","com.georgeci.moneysurfer.domain.usecase.GenerateInsightsUseCaseTest",""
"","2","rejects invalid email[jvm]","","2026-07-28","passed","2026-07-28","","SendInviteUseCaseTest[jvm]","com.georgeci.moneysurfer.domain.usecase.SendInviteUseCaseTest",""
"","25","re-currencies the seeded account so the Dashboard total follows the choice[jvm]","","2026-07-28","passed","2026-07-28","","WorkspaceCurrencyIntegrationIT[jvm]","com.georgeci.moneysurfer.integration.repository.WorkspaceCurrencyIntegrationIT",""
"","50","unauthenticated user cannot append to invitedWorkspaceIds","","2026-07-28","passed","2026-07-28","","users/{uid} — invitedWorkspaceIds cross-user append","users/{uid} — invitedWorkspaceIds cross-user append unauthenticated user cannot append to invitedWorkspaceIds",""
"","44","an oversized source is rejected without being fully read into memory[jvm]","","2026-07-28","passed","2026-07-28","","ImportTransactionsValidationTest[jvm]","com.georgeci.moneysurfer.domain.csv.ImportTransactionsValidationTest",""
"","106","export fails with BackupError.Io when the DataStore prefs file is missing[jvm]","","2026-07-28","passed","2026-07-28","","BackupExporterImplJvmTest[jvm]","com.georgeci.moneysurfer.data.backup.BackupExporterImplJvmTest",""
"","201","each kind draws its own sentence, built from the formatted amounts[jvm]","","2026-07-28","passed","2026-07-28","","DashboardInsightsScreenTest[jvm]","com.georgeci.moneysurfer.ui.DashboardInsightsScreenTest",""
"","3","'0.' -> '0.'[jvm]","","2026-07-28","passed","2026-07-28","","AmountInputTransformationTest[jvm]","com.georgeci.moneysurfer.utils.AmountInputTransformationTest",""
"","5","running state emits step progression and reaches Completed[jvm]","","2026-07-28","passed","2026-07-28","","SyncCoordinatorImplSpec[jvm]","com.georgeci.moneysurfer.sync.coordinator.SyncCoordinatorImplSpec",""
"","0","an ordinary transaction's edit touches nothing else[jvm]","","2026-07-28","passed","2026-07-28","","UpdateTransactionUseCaseTest[jvm]","com.georgeci.moneysurfer.domain.usecase.UpdateTransactionUseCaseTest",""
"","28","export posts ExportSuccess with the exported count[jvm]","","2026-07-28","passed","2026-07-28","","CsvBackupViewModelTest[jvm]","com.georgeci.moneysurfer.feature.settings.csv.CsvBackupViewModelTest",""
"","25","a backup written by the pre-#260 build imports with the new fields defaulted[jvm]","","2026-07-28","passed","2026-07-28","","ExportImportTransactionsUseCaseTest[jvm]","com.georgeci.moneysurfer.domain.csv.ExportImportTransactionsUseCaseTest",""
"","1","update amount expense 100 → 150 produces -50 delta[jvm]","","2026-07-28","passed","2026-07-28","","CalculateBalanceDeltaTest[jvm]","com.georgeci.moneysurfer.domain.model.CalculateBalanceDeltaTest",""
"","5","every input category comes out exactly once, whatever shape it is in[jvm]","","2026-07-28","passed","2026-07-28","","CategoryTreeTest[jvm]","com.georgeci.moneysurfer.domain.model.CategoryTreeTest",""
"","4","a fresh store reports no session[jvm]","","2026-07-28","passed","2026-07-28","","SessionPointersImplJvmTest[jvm]","com.georgeci.moneysurfer.data.preferences.SessionPointersImplJvmTest",""
"","2","ignores a cancel token that is already cancelled (NoOp does no work)[jvm]","","2026-07-28","passed","2026-07-28","","NoOpRecalculateLocalProjectionsUseCaseSpec[jvm]","com.georgeci.moneysurfer.sync.internal.usecase.NoOpRecalculateLocalProjectionsUseCaseSpec",""
"","0","'42.5' -> '42.5'[jvm]","","2026-07-28","passed","2026-07-28","","AmountInputTransformationTest[jvm]","com.georgeci.moneysurfer.utils.AmountInputTransformationTest",""
"","1","empty input stays empty[jvm]","","2026-07-28","passed","2026-07-28","","TransactionTagsTest[jvm]","com.georgeci.moneysurfer.domain.model.TransactionTagsTest",""
"","24","an unbounded window spans every month[jvm]","","2026-07-28","passed","2026-07-28","","SpendAnalyticsRepositoryImplJvmTest[jvm]","com.georgeci.moneysurfer.data.repository.SpendAnalyticsRepositoryImplJvmTest",""
"","26","deleting a parent category moves its children to the root, and undo re-attaches them[jvm]","","2026-07-28","passed","2026-07-28","","DeleteUndoIntegrationIT[jvm]","com.georgeci.moneysurfer.integration.repository.DeleteUndoIntegrationIT",""
"","3","the badge counts filters, not the search text[jvm]","","2026-07-28","passed","2026-07-28","","TransactionFilterMatchingTest[jvm]","com.georgeci.moneysurfer.feature.transaction.filter.TransactionFilterMatchingTest",""
"","7","plus that overflows Long throws instead of wrapping[jvm]","","2026-07-28","passed","2026-07-28","","MoneyTest[jvm]","com.georgeci.moneysurfer.domain.primitives.MoneyTest",""
"","0","all time is unbounded and contains everything[jvm]","","2026-07-28","passed","2026-07-28","","TransactionPeriodWindowTest[jvm]","com.georgeci.moneysurfer.domain.util.TransactionPeriodWindowTest",""
"","4","blank email skips the mapping lookup entirely[jvm]","","2026-07-28","passed","2026-07-28","","UserAccountDeletionRepositoryImplTest[jvm]","com.georgeci.moneysurfer.data.repository.UserAccountDeletionRepositoryImplTest",""
"","5","a hand-edited tag cell is re-normalised on the way in[jvm]","","2026-07-28","passed","2026-07-28","","TransactionCsvCodecTest[jvm]","com.georgeci.moneysurfer.domain.csv.TransactionCsvCodecTest",""
"","8","hides the version when the artifacts of a family disagree on it[jvm]","","2026-07-28","passed","2026-07-28","","ParseOssLibrariesTest[jvm]","com.georgeci.moneysurfer.feature.settings.about.licenses.ParseOssLibrariesTest",""
"","44","a fall maps to the saving sentence rather than the same one with a sign[jvm]","","2026-07-28","passed","2026-07-28","","DashboardViewModelTest[jvm]","com.georgeci.moneysurfer.feature.dashboard.DashboardViewModelTest",""
"","25","a build with transfers switched off says so, so the quick-actions row can stand down[jvm]","","2026-07-28","passed","2026-07-28","","DashboardViewModelTest[jvm]","com.georgeci.moneysurfer.feature.dashboard.DashboardViewModelTest",""
"","0","local newer than remote → take local[jvm]","","2026-07-28","passed","2026-07-28","","LwwConflictResolverSpec[jvm]","com.georgeci.moneysurfer.sync.repository.LwwConflictResolverSpec",""
"","12","insert + getById round-trips snapshots and timestamps[jvm]","","2026-07-28","passed","2026-07-28","","WorkspaceMemberRepositoryIntegrationIT[jvm]","com.georgeci.moneysurfer.integration.repository.WorkspaceMemberRepositoryIntegrationIT",""
"","5","rejects when email already an active member[jvm]","","2026-07-28","passed","2026-07-28","","SendInviteUseCaseTest[jvm]","com.georgeci.moneysurfer.domain.usecase.SendInviteUseCaseTest",""
"","1","'.' -> '.'[jvm]","","2026-07-28","passed","2026-07-28","","AmountInputTransformationTest[jvm]","com.georgeci.moneysurfer.utils.AmountInputTransformationTest",""
"","50","plugin failure surfaces as a sync error and leaves the cursor untouched[jvm]","","2026-07-28","passed","2026-07-28","","PullRemoteChangesUseCaseImplSpec[jvm]","com.georgeci.moneysurfer.data.sync.PullRemoteChangesUseCaseImplSpec",""
"","17","the cap control is hidden for income categories and a switch to income drops the budget[jvm]","","2026-07-28","passed","2026-07-28","","CategoryCreationViewModelTest[jvm]","com.georgeci.moneysurfer.feature.category.creation.CategoryCreationViewModelTest",""
"","3","planned transaction contributes nothing[jvm]","","2026-07-28","passed","2026-07-28","","BalanceImpactTest[jvm]","com.georgeci.moneysurfer.domain.model.BalanceImpactTest",""
"","5","rejects when a PENDING invite for the email already exists[jvm]","","2026-07-28","passed","2026-07-28","","SendInviteUseCaseTest[jvm]","com.georgeci.moneysurfer.domain.usecase.SendInviteUseCaseTest",""
"","39","invited user CANNOT self-create against a CANCELLED invite","","2026-07-28","passed","2026-07-28","","workspaces/{wid}/members/{uid}","workspaces/{wid}/members/{uid} invited user CANNOT self-create against a CANCELLED invite",""
"","16","searching an amount tolerates the cents the user did not type[jvm]","","2026-07-28","passed","2026-07-28","","TransactionsByAccountFilteringTest[jvm]","com.georgeci.moneysurfer.feature.transaction.list.TransactionsByAccountFilteringTest",""
"","179","loadCurrencies populates available list and emits NavigateBack on save[jvm]","","2026-07-28","passed","2026-07-28","","AccountCreationViewModelTest[jvm]","com.georgeci.moneysurfer.feature.account.creation.AccountCreationViewModelTest",""
"","70","row referencing a missing account is reported and not inserted[jvm]","","2026-07-28","passed","2026-07-28","","CsvBackupIntegrationIT[jvm]","com.georgeci.moneysurfer.integration.repository.CsvBackupIntegrationIT",""
"","9","ActiveWorkspace with no current workspace pulls nothing[jvm]","","2026-07-28","passed","2026-07-28","","PullRemoteChangesUseCaseImplSpec[jvm]","com.georgeci.moneysurfer.data.sync.PullRemoteChangesUseCaseImplSpec",""
"","0","eligibleParents refuses a category that is already a child — the tree stays one level deep[jvm]","","2026-07-28","passed","2026-07-28","","CategoryTreeTest[jvm]","com.georgeci.moneysurfer.domain.model.CategoryTreeTest",""
"","17","the offline build is carried into the state so the hero can say so[jvm]","","2026-07-28","passed","2026-07-28","","BackupViewModelTest[jvm]","com.georgeci.moneysurfer.feature.settings.backup.BackupViewModelTest",""
"","188","save shows a created snackbar carrying the category name[jvm]","","2026-07-28","passed","2026-07-28","","CategoryCreationViewModelTest[jvm]","com.georgeci.moneysurfer.feature.category.creation.CategoryCreationViewModelTest",""
"","1","empty set is Indefinite[jvm]","","2026-07-28","passed","2026-07-28","","NetworkWaitModeSpec[jvm]","com.georgeci.moneysurfer.sync.network.NetworkWaitModeSpec",""
"","82","patch fields overlaid on each entity doc decode as a pull-side tombstone[jvm]","","2026-07-28","passed","2026-07-28","","TombstonePatchSpec[jvm]","com.georgeci.moneysurfer.data.sync.plugin.TombstonePatchSpec",""
"","4","'00' (double leading zero)[jvm]","","2026-07-28","passed","2026-07-28","","AmountInputTransformationTest[jvm]","com.georgeci.moneysurfer.utils.AmountInputTransformationTest",""
"","21","the character counter appears once the name reaches the threshold[jvm]","","2026-07-28","passed","2026-07-28","","CategoryCreationViewModelTest[jvm]","com.georgeci.moneysurfer.feature.category.creation.CategoryCreationViewModelTest",""
"","8","a warning without a throwable only leaves a breadcrumb[jvm]","","2026-07-28","passed","2026-07-28","","CrashReportingLogWriterTest[jvm]","com.georgeci.moneysurfer.domain.telemetry.CrashReportingLogWriterTest",""
"","3","LastSyncOutcome.Failed carries error and timestamp[jvm]","","2026-07-28","passed","2026-07-28","","SyncStateSpec[jvm]","com.georgeci.moneysurfer.sync.api.SyncStateSpec",""
"","33","restore confirms first, then asks for a file to open[jvm]","","2026-07-28","passed","2026-07-28","","BackupViewModelTest[jvm]","com.georgeci.moneysurfer.feature.settings.backup.BackupViewModelTest",""
"","22","rejects a poison update of an existing goal (target as string)","","2026-07-28","passed","2026-07-28","","savings goals (issue #244)","savings goals (issue #244) rejects a poison update of an existing goal (target as string)",""
"","1","normalize keeps the first spelling of a case-insensitively duplicate key[jvm]","","2026-07-28","passed","2026-07-28","","AccountExtraDetailsTest[jvm]","com.georgeci.moneysurfer.domain.model.AccountExtraDetailsTest",""
"","53","widths below the Medium bound are Compact[jvm]","","2026-07-28","passed","2026-07-28","","SurferWindowSizeTest[jvm]","com.georgeci.moneysurfer.uikit.window.SurferWindowSizeTest",""
"","0","the default is drawn from the catalogue, never invented[jvm]","","2026-07-28","passed","2026-07-28","","CategoryAppearanceTest[jvm]","com.georgeci.moneysurfer.domain.model.CategoryAppearanceTest",""
"","3","the user-scoped phase is skipped without a Firebase uid[jvm]","","2026-07-28","passed","2026-07-28","","PullRemoteChangesUseCaseImplSpec[jvm]","com.georgeci.moneysurfer.data.sync.PullRemoteChangesUseCaseImplSpec",""
"","4","the newest layout writes every known column[jvm]","","2026-07-28","passed","2026-07-28","","TransactionCsvCodecTest[jvm]","com.georgeci.moneysurfer.domain.csv.TransactionCsvCodecTest",""
"","7","a withdrawal cannot take the saved amount below zero[jvm]","","2026-07-28","passed","2026-07-28","","GoalContributionUseCaseTest[jvm]","com.georgeci.moneysurfer.domain.usecase.GoalContributionUseCaseTest",""
"","51","keeps every non-BOM artifact of the export attributed[jvm]","","2026-07-28","passed","2026-07-28","","ParseOssLibrariesTest[jvm]","com.georgeci.moneysurfer.feature.settings.about.licenses.ParseOssLibrariesTest",""
"","78","same-currency transfer creates two legs sharing transferId, EXPENSE on source and INCOME on destination[jvm]","","2026-07-28","passed","2026-07-28","","TransferCreationIntegrationIT[jvm]","com.georgeci.moneysurfer.integration.repository.TransferCreationIntegrationIT",""
"","2","LastSyncOutcome.None is singleton[jvm]","","2026-07-28","passed","2026-07-28","","SyncStateSpec[jvm]","com.georgeci.moneysurfer.sync.api.SyncStateSpec",""
"","4","default newRequestId factory generates uuid-shaped ids[jvm]","","2026-07-28","passed","2026-07-28","","SyncCoordinatorImplBranchSpec[jvm]","com.georgeci.moneysurfer.sync.coordinator.SyncCoordinatorImplBranchSpec",""
"","9","update on a missing account returns AccountNotFound and writes nothing[jvm]","","2026-07-28","passed","2026-07-28","","AccountWriteUseCasesTest[jvm]","com.georgeci.moneysurfer.domain.usecase.AccountWriteUseCasesTest",""
"","0","strips the CSV separator instead of splitting or rejecting[jvm]","","2026-07-28","passed","2026-07-28","","TransactionTagsTest[jvm]","com.georgeci.moneysurfer.domain.model.TransactionTagsTest",""
"","17","a regular save leaves the workspace base currency untouched[jvm]","","2026-07-28","passed","2026-07-28","","AccountCreationViewModelTest[jvm]","com.georgeci.moneysurfer.feature.account.creation.AccountCreationViewModelTest",""
"","7","a blank accountId decodes to null[jvm]","","2026-07-28","passed","2026-07-28","","GoalDtoMapperSpec[jvm]","com.georgeci.moneysurfer.data.sync.GoalDtoMapperSpec",""
"","1","eligibleParents excludes the category itself and everything under it[jvm]","","2026-07-28","passed","2026-07-28","","CategoryTreeTest[jvm]","com.georgeci.moneysurfer.domain.model.CategoryTreeTest",""
"","1","month window ends on the short month's real last day[jvm]","","2026-07-28","passed","2026-07-28","","TransactionPeriodWindowTest[jvm]","com.georgeci.moneysurfer.domain.util.TransactionPeriodWindowTest",""
"","46","deleting a goal enqueues a delete for the goal AND each cascaded contribution[jvm]","","2026-07-28","passed","2026-07-28","","GoalRepositoryDualWriteSpec[jvm]","com.georgeci.moneysurfer.data.repository.GoalRepositoryDualWriteSpec",""
"","4","Cancelled title and default summary[jvm]","","2026-07-28","passed","2026-07-28","","SyncStepSpec[jvm]","com.georgeci.moneysurfer.sync.api.SyncStepSpec",""
"","1","minus that overflows Long throws instead of wrapping[jvm]","","2026-07-28","passed","2026-07-28","","MoneyTest[jvm]","com.georgeci.moneysurfer.domain.primitives.MoneyTest",""
"","26","non-invited stranger CANNOT self-create a member row","","2026-07-28","passed","2026-07-28","","workspaces/{wid}/members/{uid}","workspaces/{wid}/members/{uid} non-invited stranger CANNOT self-create a member row",""
"","44","recentTransactionsEmpty is true when only an opening-balance transaction exists[jvm]","","2026-07-28","passed","2026-07-28","","DashboardViewModelTest[jvm]","com.georgeci.moneysurfer.feature.dashboard.DashboardViewModelTest",""
"","4","an absent accountId stays null[jvm]","","2026-07-28","passed","2026-07-28","","GoalDtoMapperSpec[jvm]","com.georgeci.moneysurfer.data.sync.GoalDtoMapperSpec",""
"","38","user cannot create another user's member row (only self)","","2026-07-28","passed","2026-07-28","","workspaces/{wid}/members/{uid}","workspaces/{wid}/members/{uid} user cannot create another user's member row (only self)",""
"","6","keeps Cyrillic and digits intact[jvm]","","2026-07-28","passed","2026-07-28","","FtsQueryTest[jvm]","com.georgeci.moneysurfer.data.db.FtsQueryTest",""
"","3","ChangedSinceLastSync falls back to the active workspace when the provider is empty[jvm]","","2026-07-28","passed","2026-07-28","","PullRemoteChangesUseCaseImplSpec[jvm]","com.georgeci.moneysurfer.data.sync.PullRemoteChangesUseCaseImplSpec",""
"","5","offline state hides the Members row action[jvm]","","2026-07-28","passed","2026-07-28","","WorkspaceSelectorStateOfflineTest[jvm]","com.georgeci.moneysurfer.feature.workspace.selector.WorkspaceSelectorStateOfflineTest",""
"","1","removing a line below the minimum closes the editor rather than leaving one leg[jvm]","","2026-07-28","passed","2026-07-28","","TransactionCreationSplitEditingTest[jvm]","com.georgeci.moneysurfer.feature.transaction.creation.TransactionCreationSplitEditingTest",""
"","55","member can read and create a goal","","2026-07-28","passed","2026-07-28","","savings goals (issue #244)","savings goals (issue #244) member can read and create a goal",""
"","8709","the loaded screen splits widgets into the on-dashboard and available sections[jvm]","","2026-07-28","passed","2026-07-28","","DashboardCustomizeScreenStateTest[jvm]","com.georgeci.moneysurfer.ui.DashboardCustomizeScreenStateTest",""
"","36","a local write leaves lastPushedAt alone, so the row reads as pending again[jvm]","","2026-07-28","passed","2026-07-28","","ConfigEntryDaoIntegrationIT[jvm]","com.georgeci.moneysurfer.integration.repository.ConfigEntryDaoIntegrationIT",""
"","18","clearSession drops user, workspace and uid together[jvm]","","2026-07-28","passed","2026-07-28","","SessionPointersImplJvmTest[jvm]","com.georgeci.moneysurfer.data.preferences.SessionPointersImplJvmTest",""
"","101","editing the draft leaves the applied filters alone until Apply[jvm]","","2026-07-28","passed","2026-07-28","","TransactionFiltersViewModelTest[jvm]","com.georgeci.moneysurfer.feature.transaction.filters.TransactionFiltersViewModelTest",""
"","19","a consistent transfer pair imports both legs[jvm]","","2026-07-28","passed","2026-07-28","","ImportTransactionsValidationTest[jvm]","com.georgeci.moneysurfer.domain.csv.ImportTransactionsValidationTest",""
"","123","a sparse search keeps loading until deep matches surface, not showing nothing[jvm]","","2026-07-28","passed","2026-07-28","","TransactionsByAccountFilteringTest[jvm]","com.georgeci.moneysurfer.feature.transaction.list.TransactionsByAccountFilteringTest",""
"","27","resolution takes the first non-absent layer[jvm]","","2026-07-28","passed","2026-07-28","","LayeredConfigSpec[jvm]","com.georgeci.moneysurfer.appconfig.LayeredConfigSpec",""
"","0","the all-categories budget is not coverage[jvm]","","2026-07-28","passed","2026-07-28","","CategoryCapCoverageTest[jvm]","com.georgeci.moneysurfer.domain.model.CategoryCapCoverageTest",""
"","4","clearAll wipes outbox before sync_meta[jvm]","","2026-07-28","passed","2026-07-28","","RemoteDataResetRepositoryImplSpec[jvm]","com.georgeci.moneysurfer.sync.repository.RemoteDataResetRepositoryImplSpec",""
"","17","more tags than MAX_TAGS are capped at the storage boundary[jvm]","","2026-07-28","passed","2026-07-28","","TransactionDetailFieldsIntegrationIT[jvm]","com.georgeci.moneysurfer.integration.repository.TransactionDetailFieldsIntegrationIT",""
"","54","rejects a poison update of an existing category (hue as string)","","2026-07-28","passed","2026-07-28","","entity write-shape validation (issue #156)","entity write-shape validation (issue #156) rejects a poison update of an existing category (hue as string)",""
"","28","a new account is appended after the ones the workspace already has[jvm]","","2026-07-28","passed","2026-07-28","","AccountSortOrderIntegrationIT[jvm]","com.georgeci.moneysurfer.integration.repository.AccountSortOrderIntegrationIT",""
"","1","a warning with a throwable becomes a breadcrumb and a non-fatal[jvm]","","2026-07-28","passed","2026-07-28","","CrashReportingLogWriterTest[jvm]","com.georgeci.moneysurfer.domain.telemetry.CrashReportingLogWriterTest",""
"","23","a multi-category budget takes the control read-only and names the budget[jvm]","","2026-07-28","passed","2026-07-28","","CategoryCreationViewModelTest[jvm]","com.georgeci.moneysurfer.feature.category.creation.CategoryCreationViewModelTest",""
"","15","a failed write leaves the held value in place rather than dropping to the default[jvm]","","2026-07-28","passed","2026-07-28","","LayeredConfigSpec[jvm]","com.georgeci.moneysurfer.appconfig.LayeredConfigSpec",""
"","38","tapping Duplicate asks to open the creation screen for this transaction[jvm]","","2026-07-28","passed","2026-07-28","","TransactionDetailsViewModelTest[jvm]","com.georgeci.moneysurfer.feature.transaction.details.TransactionDetailsViewModelTest",""
"","15","save is disabled while the amount is empty[jvm]","","2026-07-28","passed","2026-07-28","","GoalContributionViewModelTest[jvm]","com.georgeci.moneysurfer.feature.goal.contribution.GoalContributionViewModelTest",""
"","6","promotes editor to owner[jvm]","","2026-07-28","passed","2026-07-28","","ChangeMemberRoleUseCaseTest[jvm]","com.georgeci.moneysurfer.domain.usecase.ChangeMemberRoleUseCaseTest",""
"","3","reader rejects unsupported compression method[jvm]","","2026-07-28","passed","2026-07-28","","ZipStoredCodecTest[jvm]","com.georgeci.moneysurfer.data.backup.ZipStoredCodecTest",""
"","6","raises WorkspaceNotFound when the workspace does not exist[jvm]","","2026-07-28","passed","2026-07-28","","UpdateWorkspaceCurrencyUseCaseTest[jvm]","com.georgeci.moneysurfer.domain.usecase.UpdateWorkspaceCurrencyUseCaseTest",""
"","85","the headline total folds every currency into the workspace base currency[jvm]","","2026-07-28","passed","2026-07-28","","DashboardViewModelTest[jvm]","com.georgeci.moneysurfer.feature.dashboard.DashboardViewModelTest",""
"","11","a transfer leg without its pair row is rejected[jvm]","","2026-07-28","passed","2026-07-28","","ImportTransactionsValidationTest[jvm]","com.georgeci.moneysurfer.domain.csv.ImportTransactionsValidationTest",""
"","16","cash is the recommended starting point[jvm]","","2026-07-28","passed","2026-07-28","","OnboardingViewModelTest[jvm]","com.georgeci.moneysurfer.feature.login.onboarding.OnboardingViewModelTest",""
"","13","changing the base currency re-points the trend at the rows that now count[jvm]","","2026-07-28","passed","2026-07-28","","CategoryDetailsViewModelTest[jvm]","com.georgeci.moneysurfer.feature.category.details.CategoryDetailsViewModelTest",""
"","22","a stored appearance lands on its own slot, and the id-hash fallback agrees with domain[jvm]","","2026-07-28","passed","2026-07-28","","CategoryPaletteParityTest[jvm]","com.georgeci.moneysurfer.feature.category.CategoryPaletteParityTest",""
"","27","a value the codec rejects stays visible as undecodable rather than being dropped[jvm]","","2026-07-28","passed","2026-07-28","","RemoteGlobalConfigSourceImplSpec[jvm]","com.georgeci.moneysurfer.appconfig.remote.RemoteGlobalConfigSourceImplSpec",""
"","20","rejects a missing clientVersionCode","","2026-07-28","passed","2026-07-28","","users/{uid}/config/{key}","users/{uid}/config/{key} rejects a missing clientVersionCode",""
"","15","toggling off discards the lines and leaves the rest of the form alone[jvm]","","2026-07-28","passed","2026-07-28","","TransactionCreationSplitEditingTest[jvm]","com.georgeci.moneysurfer.feature.transaction.creation.TransactionCreationSplitEditingTest",""
"","7","clearing from the empty state drops the filters and the search text together[jvm]","","2026-07-28","passed","2026-07-28","","TransactionsByAccountFilteringTest[jvm]","com.georgeci.moneysurfer.feature.transaction.list.TransactionsByAccountFilteringTest",""
"","0","Cancelled.isRetryable is false[jvm]","","2026-07-28","passed","2026-07-28","","SyncErrorClassifierSpec[jvm]","com.georgeci.moneysurfer.sync.internal.SyncErrorClassifierSpec",""
"","5","cancel handle during pending finalizes immediately[jvm]","","2026-07-28","passed","2026-07-28","","SyncCoordinatorImplSpec[jvm]","com.georgeci.moneysurfer.sync.coordinator.SyncCoordinatorImplSpec",""
"","28","letters are stripped from the target field[jvm]","","2026-07-28","passed","2026-07-28","","GoalEditViewModelTest[jvm]","com.georgeci.moneysurfer.feature.goal.edit.GoalEditViewModelTest",""
"","8","LastSyncOutcome.Success carries summary and timestamp[jvm]","","2026-07-28","passed","2026-07-28","","SyncStateSpec[jvm]","com.georgeci.moneysurfer.sync.api.SyncStateSpec",""
"","9","SettingKey can never be remote-overridable[jvm]","","2026-07-28","passed","2026-07-28","","ConfigCodecSpec[jvm]","com.georgeci.moneysurfer.appconfig.ConfigCodecSpec",""
"","0","'123' -> '123'[jvm]","","2026-07-28","passed","2026-07-28","","AmountInputTransformationTest[jvm]","com.georgeci.moneysurfer.utils.AmountInputTransformationTest",""
"","3","only the pre-#260 layout is missing the fields #260 added[jvm]","","2026-07-28","passed","2026-07-28","","TransactionCsvCodecTest[jvm]","com.georgeci.moneysurfer.domain.csv.TransactionCsvCodecTest",""
"","183","no error state renders no error text[jvm]","","2026-07-28","passed","2026-07-28","","SignInScreenStateTest[jvm]","com.georgeci.moneysurfer.ui.SignInScreenStateTest",""
"","260","a truncated blob fails the MAC[jvm]","","2026-07-28","passed","2026-07-28","","EncryptedBackupCodecTest[jvm]","com.georgeci.moneysurfer.data.backup.EncryptedBackupCodecTest",""
"","115","main DB payload without the SQLite header surfaces CorruptDatabase[jvm]","","2026-07-28","passed","2026-07-28","","BackupImporterImplJvmTest[jvm]","com.georgeci.moneysurfer.data.backup.BackupImporterImplJvmTest",""
"","3","create income → +impact[jvm]","","2026-07-28","passed","2026-07-28","","CalculateBalanceDeltaTest[jvm]","com.georgeci.moneysurfer.domain.model.CalculateBalanceDeltaTest",""
"","19","owner can create a member row for someone else (no invite reference needed)","","2026-07-28","passed","2026-07-28","","workspaces/{wid}/members/{uid}","workspaces/{wid}/members/{uid} owner can create a member row for someone else (no invite reference needed)",""
"","114","a rise maps to the warning sentence, with both amounts formatted in the base currency[jvm]","","2026-07-28","passed","2026-07-28","","DashboardViewModelTest[jvm]","com.georgeci.moneysurfer.feature.dashboard.DashboardViewModelTest",""
"","2","creates workspace, default categories, and a Cash account on first run[jvm]","","2026-07-28","passed","2026-07-28","","SeedDefaultsUseCaseTest[jvm]","com.georgeci.moneysurfer.domain.usecase.SeedDefaultsUseCaseTest",""
"","2","the online build never takes the first-run account branch — and never queries accounts[jvm]","","2026-07-28","passed","2026-07-28","","StartRouteTest[jvm]","com.georgeci.moneysurfer.navigation.StartRouteTest",""
"","1","a single leg is not a split[jvm]","","2026-07-28","passed","2026-07-28","","CreateSplitTransactionUseCaseTest[jvm]","com.georgeci.moneysurfer.domain.usecase.CreateSplitTransactionUseCaseTest",""
"","173","an expense lands in its category bucket, as a positive magnitude[jvm]","","2026-07-28","passed","2026-07-28","","SpendAnalyticsRepositoryImplJvmTest[jvm]","com.georgeci.moneysurfer.data.repository.SpendAnalyticsRepositoryImplJvmTest",""
"","5","android's badly-formatted phrasing classifies as InvalidEmail[jvm]","","2026-07-28","passed","2026-07-28","","AuthErrorClassificationTest[jvm]","com.georgeci.moneysurfer.data.repository.AuthErrorClassificationTest",""
"","8","deleting an id that names no row enqueues nothing[jvm]","","2026-07-28","passed","2026-07-28","","TransactionTombstoneSyncIntegrationIT[jvm]","com.georgeci.moneysurfer.integration.sync.TransactionTombstoneSyncIntegrationIT",""
"","2","an interval divides the charge across the months it spans[jvm]","","2026-07-28","passed","2026-07-28","","InsightRulesTest[jvm]","com.georgeci.moneysurfer.domain.insight.InsightRulesTest",""
"","9","the pushed doc carries the tombstone while the row is deleted[jvm]","","2026-07-28","passed","2026-07-28","","TransactionTombstoneSyncIntegrationIT[jvm]","com.georgeci.moneysurfer.integration.sync.TransactionTombstoneSyncIntegrationIT",""
"","4","the subscription count does not wait for the sample — it reads the schedules, not the window[jvm]","","2026-07-28","passed","2026-07-28","","InsightRulesTest[jvm]","com.georgeci.moneysurfer.domain.insight.InsightRulesTest",""
"","6","cancellation between batches aborts the pull[jvm]","","2026-07-28","passed","2026-07-28","","PullRemoteChangesUseCaseImplSpec[jvm]","com.georgeci.moneysurfer.data.sync.PullRemoteChangesUseCaseImplSpec",""
"","2","DELETE mutation persists and is readable[jvm]","","2026-07-28","passed","2026-07-28","","PendingMutationQueueImplSpec[jvm]","com.georgeci.moneysurfer.data.sync.PendingMutationQueueImplSpec",""
"","34","Undo restores the same row rather than an equal-looking new one[jvm]","","2026-07-28","passed","2026-07-28","","TransactionSoftDeleteIntegrationIT[jvm]","com.georgeci.moneysurfer.integration.repository.TransactionSoftDeleteIntegrationIT",""
"","54","the quick-actions Transfer button asks for the transfer form, not the plain creation one[jvm]","","2026-07-28","passed","2026-07-28","","DashboardViewModelTest[jvm]","com.georgeci.moneysurfer.feature.dashboard.DashboardViewModelTest",""
"","3","no enqueue when app-version gate denies sync[jvm]","","2026-07-28","passed","2026-07-28","","OutboxEnqueuerImplSpec[jvm]","com.georgeci.moneysurfer.sync.repository.OutboxEnqueuerImplSpec",""
"","12","nothing is degraded on the happy path[jvm]","","2026-07-28","passed","2026-07-28","","LayeredConfigSpec[jvm]","com.georgeci.moneysurfer.appconfig.LayeredConfigSpec",""
"","19","dismissing an auth error clears the dialog[jvm]","","2026-07-28","passed","2026-07-28","","SignInViewModelTest[jvm]","com.georgeci.moneysurfer.feature.login.SignInViewModelTest",""
"","12","adding a line keeps the amount the trailing line was showing[jvm]","","2026-07-28","passed","2026-07-28","","TransactionCreationSplitTest[jvm]","com.georgeci.moneysurfer.feature.transaction.creation.TransactionCreationSplitTest",""
"","5","parse returns null for incomplete input and a number otherwise[jvm]","","2026-07-28","passed","2026-07-28","","InitialBalanceInputTest[jvm]","com.georgeci.moneysurfer.feature.account.creation.InitialBalanceInputTest",""
"","10","DELETE operation roundtrips through the entity layer[jvm]","","2026-07-28","passed","2026-07-28","","PendingMutationQueueImplSpec[jvm]","com.georgeci.moneysurfer.sync.internal.repository.PendingMutationQueueImplSpec",""
"","5","'42.123' (more than 2 cents)[jvm]","","2026-07-28","passed","2026-07-28","","AmountInputTransformationTest[jvm]","com.georgeci.moneysurfer.utils.AmountInputTransformationTest",""
"","1887","clicking submit and toggle emits the matching events[jvm]","","2026-07-28","passed","2026-07-28","","SignInScreenStateTest[jvm]","com.georgeci.moneysurfer.ui.SignInScreenStateTest",""
"","10","Idle is a singleton object[jvm]","","2026-07-28","passed","2026-07-28","","SyncStateSpec[jvm]","com.georgeci.moneysurfer.sync.api.SyncStateSpec",""
"","54","toggling on seeds the minimum a split is, carrying the form's category into the first line[jvm]","","2026-07-28","passed","2026-07-28","","TransactionCreationSplitEditingTest[jvm]","com.georgeci.moneysurfer.feature.transaction.creation.TransactionCreationSplitEditingTest",""
"","16","opening balances never appear in the list, under either spelling[jvm]","","2026-07-28","passed","2026-07-28","","TransactionWindowIntegrationIT[jvm]","com.georgeci.moneysurfer.integration.repository.TransactionWindowIntegrationIT",""
"","6","an empty accounts table survives the backfill[jvm]","","2026-07-28","passed","2026-07-28","","AccountSortOrderMigrationIT[jvm]","com.georgeci.moneysurfer.integration.repository.AccountSortOrderMigrationIT",""
"","1","yearly clamping does not accumulate — Feb 29 returns in the next leap year[jvm]","","2026-07-28","passed","2026-07-28","","BudgetPeriodWindowTest[jvm]","com.georgeci.moneysurfer.domain.util.BudgetPeriodWindowTest",""
"","19","signed-in user can create a workspace they own","","2026-07-28","passed","2026-07-28","","workspaces/{wid}","workspaces/{wid} signed-in user can create a workspace they own",""
"","25","with nothing priceable in the base currency the headline is still a balance, not the empty state[jvm]","","2026-07-28","passed","2026-07-28","","DashboardViewModelTest[jvm]","com.georgeci.moneysurfer.feature.dashboard.DashboardViewModelTest",""
"","15","a PLANNED row is not spend that happened[jvm]","","2026-07-28","passed","2026-07-28","","SpendAnalyticsRepositoryImplJvmTest[jvm]","com.georgeci.moneysurfer.data.repository.SpendAnalyticsRepositoryImplJvmTest",""
"","13","offline state hides profile, sync, logout, members and pending invites rows[jvm]","","2026-07-28","passed","2026-07-28","","SettingsStateOfflineTest[jvm]","com.georgeci.moneysurfer.feature.settings.SettingsStateOfflineTest",""
"","3","names a family the export does not map after the artifacts it bundles[jvm]","","2026-07-28","passed","2026-07-28","","ParseOssLibrariesTest[jvm]","com.georgeci.moneysurfer.feature.settings.about.licenses.ParseOssLibrariesTest",""
"","1","search keeps a matching child visible under its parent[jvm]","","2026-07-28","passed","2026-07-28","","CategoryChooserViewModelTest[jvm]","com.georgeci.moneysurfer.feature.category.picker.CategoryChooserViewModelTest",""
"","28","a receipt's legs render as one row carrying the whole payment[jvm]","","2026-07-28","passed","2026-07-28","","TransactionsListSplitTest[jvm]","com.georgeci.moneysurfer.feature.transaction.list.TransactionsListSplitTest",""
"","54","invites are the exception: a targetUserId-filtered query succeeds and comes back empty","","2026-07-28","passed","2026-07-28","","dangling users/{uid}.workspaceIds refs","dangling users/{uid}.workspaceIds refs invites are the exception: a targetUserId-filtered query succeeds and comes back empty",""
"","8","PUSH_INVITES sits between PUSH_MEMBERS and PUSH_ACCOUNTS[jvm]","","2026-07-28","passed","2026-07-28","","SyncStepOrderTest[jvm]","com.georgeci.moneysurfer.domain.model.SyncStepOrderTest",""
"","8","PULL_INVITES sits between PULL_MEMBERS and PULL_ACCOUNTS[jvm]","","2026-07-28","passed","2026-07-28","","SyncStepOrderTest[jvm]","com.georgeci.moneysurfer.domain.model.SyncStepOrderTest",""
"","4","a note starting with a formula trigger is neutralised on encode[jvm]","","2026-07-28","passed","2026-07-28","","TransactionCsvCodecTest[jvm]","com.georgeci.moneysurfer.domain.csv.TransactionCsvCodecTest",""
"","22","clearing the cap deletes the backing budget[jvm]","","2026-07-28","passed","2026-07-28","","CategoryCreationViewModelTest[jvm]","com.georgeci.moneysurfer.feature.category.creation.CategoryCreationViewModelTest",""
"","21","save EXPENSE shows a created snackbar[jvm]","","2026-07-28","passed","2026-07-28","","TransactionCreationSaveTest[jvm]","com.georgeci.moneysurfer.feature.transaction.creation.TransactionCreationSaveTest",""
"","15","cursor returns null for unknown (workspace, collection)[jvm]","","2026-07-28","passed","2026-07-28","","SyncMetaRepositoryImplSpec[jvm]","com.georgeci.moneysurfer.data.sync.SyncMetaRepositoryImplSpec",""
"","3","normalize drops entries with a blank key or a blank value[jvm]","","2026-07-28","passed","2026-07-28","","AccountExtraDetailsTest[jvm]","com.georgeci.moneysurfer.domain.model.AccountExtraDetailsTest",""
"","22","rejects a missing value","","2026-07-28","passed","2026-07-28","","users/{uid}/config/{key}","users/{uid}/config/{key} rejects a missing value",""
"","3","enqueueUpsert generates a unique id per call[jvm]","","2026-07-28","passed","2026-07-28","","OutboxEnqueuerImplSpec[jvm]","com.georgeci.moneysurfer.sync.repository.OutboxEnqueuerImplSpec",""
"","174","the resolution summary names the effective value and the layer that won[jvm]","","2026-07-28","passed","2026-07-28","","DebugConfigScreenStateTest[jvm]","com.georgeci.moneysurfer.ui.DebugConfigScreenStateTest",""
"","30","a failed seed leaves the onboarding unfinished so the next launch replays it[jvm]","","2026-07-28","passed","2026-07-28","","OnboardingViewModelTest[jvm]","com.georgeci.moneysurfer.feature.login.onboarding.OnboardingViewModelTest",""
"","2","cancelAll is callable[jvm]","","2026-07-28","passed","2026-07-28","","BackgroundSyncSchedulerSpec[jvm]","com.georgeci.moneysurfer.sync.scheduler.BackgroundSyncSchedulerSpec",""
"","5","anything that is not three A-Z letters is undecodable, not a default[jvm]","","2026-07-28","passed","2026-07-28","","CurrencyCodeCodecTest[jvm]","com.georgeci.moneysurfer.data.config.CurrencyCodeCodecTest",""
"","0","week window runs Monday to Sunday around the anchor[jvm]","","2026-07-28","passed","2026-07-28","","TransactionPeriodWindowTest[jvm]","com.georgeci.moneysurfer.domain.util.TransactionPeriodWindowTest",""
"","50","a preset owns the window, and only while it is set[jvm]","","2026-07-28","passed","2026-07-28","","TransactionFilterMatchingTest[jvm]","com.georgeci.moneysurfer.feature.transaction.filter.TransactionFilterMatchingTest",""
"","26","hard-delete is denied for non-owner members","","2026-07-28","passed","2026-07-28","","member-gated entities (accounts)","member-gated entities (accounts) hard-delete is denied for non-owner members",""
"","18","an unreachable server leaves the mirrored values in place[jvm]","","2026-07-28","passed","2026-07-28","","RemoteGlobalConfigSourceImplSpec[jvm]","com.georgeci.moneysurfer.appconfig.remote.RemoteGlobalConfigSourceImplSpec",""
"","39","the wiped values are held in memory, so the running UI keeps its theme[jvm]","","2026-07-28","passed","2026-07-28","","LocalDataResetIntegrationIT[jvm]","com.georgeci.moneysurfer.integration.repository.LocalDataResetIntegrationIT",""
"","13","still pins workspace when setDefaultWorkspace throws[jvm]","","2026-07-28","passed","2026-07-28","","CreateWorkspaceUseCaseTest[jvm]","com.georgeci.moneysurfer.domain.usecase.CreateWorkspaceUseCaseTest",""
"","22","blank stored falls back to operationAt in UTC[jvm]","","2026-07-28","passed","2026-07-28","","ResolveLegacyOperationDateTest[jvm]","com.georgeci.moneysurfer.data.repository.ResolveLegacyOperationDateTest",""
"","12","rejects when invite email does not match the current user[jvm]","","2026-07-28","passed","2026-07-28","","AcceptInviteUseCaseTest[jvm]","com.georgeci.moneysurfer.domain.usecase.AcceptInviteUseCaseTest",""
"","21","user cannot create a document under another uid","","2026-07-28","passed","2026-07-28","","users/{uid}","users/{uid} user cannot create a document under another uid",""
"","3","the active list is shown in sortOrder, not in the order the repository happens to hold[jvm]","","2026-07-28","passed","2026-07-28","","AccountsManageViewModelTest[jvm]","com.georgeci.moneysurfer.feature.account.manage.AccountsManageViewModelTest",""
"","0","epochMillis=0[jvm]","","2026-07-28","passed","2026-07-28","","TimeFormatterTest[jvm]","com.georgeci.moneysurfer.data.repository.TimeFormatterTest",""
"","7","switching a widget back on returns it to the dashboard, last[jvm]","","2026-07-28","passed","2026-07-28","","DashboardCustomizeViewModelTest[jvm]","com.georgeci.moneysurfer.feature.dashboard.customize.DashboardCustomizeViewModelTest",""
"","21","accepts a negative contribution amount (a withdrawal)","","2026-07-28","passed","2026-07-28","","savings goals (issue #244)","savings goals (issue #244) accepts a negative contribution amount (a withdrawal)",""
"","7","the trend always spans the full six-month window[jvm]","","2026-07-28","passed","2026-07-28","","CategoryDetailsViewModelTest[jvm]","com.georgeci.moneysurfer.feature.category.details.CategoryDetailsViewModelTest",""
"","498","successful import stores the report in state and posts an ImportFinished notice[jvm]","","2026-07-28","passed","2026-07-28","","CsvBackupViewModelTest[jvm]","com.georgeci.moneysurfer.feature.settings.csv.CsvBackupViewModelTest",""
"","9","patch stamps deletedAt and updatedAt from the mutation enqueue time[jvm]","","2026-07-28","passed","2026-07-28","","TombstonePatchSpec[jvm]","com.georgeci.moneysurfer.data.sync.plugin.TombstonePatchSpec",""
"","88","cancelAllQueued cancels queued requests but keeps the running one[jvm]","","2026-07-28","passed","2026-07-28","","SyncCoordinatorImplBranchSpec[jvm]","com.georgeci.moneysurfer.sync.coordinator.SyncCoordinatorImplBranchSpec",""
"","14","a never-pushed row is pending[jvm]","","2026-07-28","passed","2026-07-28","","ConfigEntryDaoIntegrationIT[jvm]","com.georgeci.moneysurfer.integration.repository.ConfigEntryDaoIntegrationIT",""
"","37","member can update","","2026-07-28","passed","2026-07-28","","member-gated entities (accounts)","member-gated entities (accounts) member can update",""
"","10","markDeclined transitions status to DECLINED[jvm]","","2026-07-28","passed","2026-07-28","","WorkspaceInviteRepositoryDualWriteSpec[jvm]","com.georgeci.moneysurfer.data.repository.WorkspaceInviteRepositoryDualWriteSpec",""
"","50","the picked icon, colour and parent are persisted[jvm]","","2026-07-28","passed","2026-07-28","","CategoryCreationViewModelTest[jvm]","com.georgeci.moneysurfer.feature.category.creation.CategoryCreationViewModelTest",""
"","19","the net of a month is its income less its expense[jvm]","","2026-07-28","passed","2026-07-28","","SpendAnalyticsRepositoryImplJvmTest[jvm]","com.georgeci.moneysurfer.data.repository.SpendAnalyticsRepositoryImplJvmTest",""
"","11","an unservable name is still rejected on every refresh, not only the first[jvm]","","2026-07-28","passed","2026-07-28","","RemoteGlobalConfigSourceImplSpec[jvm]","com.georgeci.moneysurfer.appconfig.remote.RemoteGlobalConfigSourceImplSpec",""
"","12","contribution delete enqueues a DELETE[jvm]","","2026-07-28","passed","2026-07-28","","GoalRepositoryDualWriteSpec[jvm]","com.georgeci.moneysurfer.data.repository.GoalRepositoryDualWriteSpec",""
"","8","reader rejects truncated entry body[jvm]","","2026-07-28","passed","2026-07-28","","ZipStoredCodecTest[jvm]","com.georgeci.moneysurfer.data.backup.ZipStoredCodecTest",""
"","37","a row that is already gone deletes nothing and offers no Undo[jvm]","","2026-07-28","passed","2026-07-28","","TransactionsByAccountDeleteTest[jvm]","com.georgeci.moneysurfer.feature.transaction.list.TransactionsByAccountDeleteTest",""
"","7","matches java.util.zip.CRC32 for empty input[jvm]","","2026-07-28","passed","2026-07-28","","Crc32JvmTest[jvm]","com.georgeci.moneysurfer.data.backup.Crc32JvmTest",""
"","18","rejects a contribution whose goalId is a number","","2026-07-28","passed","2026-07-28","","savings goals (issue #244)","savings goals (issue #244) rejects a contribution whose goalId is a number",""
"","8","keeps only the rows the budget counts[jvm]","","2026-07-28","passed","2026-07-28","","GetBudgetTransactionsUseCaseTest[jvm]","com.georgeci.moneysurfer.domain.usecase.GetBudgetTransactionsUseCaseTest",""
"","101","create workspace persists local rows and enqueues one outbox mutation per row[jvm]","","2026-07-28","passed","2026-07-28","","WorkspaceCreationSyncIntegrationIT[jvm]","com.georgeci.moneysurfer.integration.sync.WorkspaceCreationSyncIntegrationIT",""
"","6","a customised layout survives a round trip[jvm]","","2026-07-28","passed","2026-07-28","","DashboardLayoutCodecTest[jvm]","com.georgeci.moneysurfer.data.preferences.DashboardLayoutCodecTest",""
"","379","inserts accounts with USD, EUR, RUB in same workspace and getByWorkspaceId returns all three[jvm]","","2026-07-28","passed","2026-07-28","","AccountCreationIntegrationIT[jvm]","com.georgeci.moneysurfer.integration.repository.AccountCreationIntegrationIT",""
"","61","sender cannot remove entries from invitedWorkspaceIds","","2026-07-28","passed","2026-07-28","","users/{uid} — invitedWorkspaceIds cross-user append","users/{uid} — invitedWorkspaceIds cross-user append sender cannot remove entries from invitedWorkspaceIds",""
"","14","operator keywords and quotes from user input do not break MATCH[jvm]","","2026-07-28","passed","2026-07-28","","TransactionFtsIntegrationIT[jvm]","com.georgeci.moneysurfer.integration.repository.TransactionFtsIntegrationIT",""
"","0","reorder surfaces a repository failure instead of throwing[jvm]","","2026-07-28","passed","2026-07-28","","AccountWriteUseCasesTest[jvm]","com.georgeci.moneysurfer.domain.usecase.AccountWriteUseCasesTest",""
"","5","isEnabled is true when signed in and gate allows[jvm]","","2026-07-28","passed","2026-07-28","","OutboxEnqueuerImplSpec[jvm]","com.georgeci.moneysurfer.sync.repository.OutboxEnqueuerImplSpec",""
"","0","onSyncFailed is callable[jvm]","","2026-07-28","passed","2026-07-28","","SyncTelemetryNoOpSpec[jvm]","com.georgeci.moneysurfer.sync.telemetry.SyncTelemetryNoOpSpec",""
"","18","save shows a created snackbar carrying the account name[jvm]","","2026-07-28","passed","2026-07-28","","AccountCreationViewModelTest[jvm]","com.georgeci.moneysurfer.feature.account.creation.AccountCreationViewModelTest",""
"","19","a network failure aborts the pull instead of passing as a stale ref[jvm]","","2026-07-28","passed","2026-07-28","","PullRemoteChangesUseCaseImplSpec[jvm]","com.georgeci.moneysurfer.data.sync.PullRemoteChangesUseCaseImplSpec",""
"","92","failed apply leaves the cursor untouched so the batch is retried on the next sync[jvm]","","2026-07-28","passed","2026-07-28","","NewWorkspacePullIntegrationIT[jvm]","com.georgeci.moneysurfer.integration.sync.NewWorkspacePullIntegrationIT",""
"","9","the same entity id under two workspaces queues both[jvm]","","2026-07-28","passed","2026-07-28","","PendingMutationQueueIntegrationIT[jvm]","com.georgeci.moneysurfer.integration.sync.PendingMutationQueueIntegrationIT",""
"","1","a lone separator is an invalid format[jvm]","","2026-07-28","passed","2026-07-28","","TransactionAmountInputTest[jvm]","com.georgeci.moneysurfer.feature.transaction.creation.TransactionAmountInputTest",""
"","36","an undecodable stored value is absent-in-that-layer, so resolution continues downwards[jvm]","","2026-07-28","passed","2026-07-28","","LayeredConfigSpec[jvm]","com.georgeci.moneysurfer.appconfig.LayeredConfigSpec",""
"","0","arbitrary throwable maps to Unknown carrying the cause[jvm]","","2026-07-28","passed","2026-07-28","","SyncErrorClassifierSpec[jvm]","com.georgeci.moneysurfer.sync.internal.SyncErrorClassifierSpec",""
"","11","creating a goal in the workspace base currency succeeds[jvm]","","2026-07-28","passed","2026-07-28","","SavingsGoalUseCaseTest[jvm]","com.georgeci.moneysurfer.domain.usecase.SavingsGoalUseCaseTest",""
"","1","'1 2' (spaces)[jvm]","","2026-07-28","passed","2026-07-28","","AmountInputTransformationTest[jvm]","com.georgeci.moneysurfer.utils.AmountInputTransformationTest",""
"","8","online state with sync disabled shows profile but hides only the sync section[jvm]","","2026-07-28","passed","2026-07-28","","SettingsStateOfflineTest[jvm]","com.georgeci.moneysurfer.feature.settings.SettingsStateOfflineTest",""
"","21","a user can create a setting of their own","","2026-07-28","passed","2026-07-28","","users/{uid}/config/{key}","users/{uid}/config/{key} a user can create a setting of their own",""
"","1","rows are mirrored into state as the inspector re-resolves them[jvm]","","2026-07-28","passed","2026-07-28","","DebugConfigViewModelTest[jvm]","com.georgeci.moneysurfer.feature.settings.debug.DebugConfigViewModelTest",""
"","25","user can read their own document","","2026-07-28","passed","2026-07-28","","users/{uid}","users/{uid} user can read their own document",""
"","269","tapping a row asks for that row's picker[jvm]","","2026-07-28","passed","2026-07-28","","PreferencesScreenStateTest[jvm]","com.georgeci.moneysurfer.ui.PreferencesScreenStateTest",""
"","13","an opening balance does not conjure a month into the trend[jvm]","","2026-07-28","passed","2026-07-28","","SpendAnalyticsRepositoryImplJvmTest[jvm]","com.georgeci.moneysurfer.data.repository.SpendAnalyticsRepositoryImplJvmTest",""
"","4","parser handles CRLF line endings a UTF-8 BOM and blank lines[jvm]","","2026-07-28","passed","2026-07-28","","TransactionCsvCodecTest[jvm]","com.georgeci.moneysurfer.domain.csv.TransactionCsvCodecTest",""
"","2","isolated cursors per (workspace, collection)[jvm]","","2026-07-28","passed","2026-07-28","","SyncMetaRepositoryImplSpec[jvm]","com.georgeci.moneysurfer.data.sync.SyncMetaRepositoryImplSpec",""
"","16","does not create a second workspace when one is already pinned[jvm]","","2026-07-28","passed","2026-07-28","","SeedDefaultsUseCaseTest[jvm]","com.georgeci.moneysurfer.domain.usecase.SeedDefaultsUseCaseTest",""
"","1","a percentage jump on pocket change is filtered out, the one beside it is not[jvm]","","2026-07-28","passed","2026-07-28","","InsightRulesTest[jvm]","com.georgeci.moneysurfer.domain.insight.InsightRulesTest",""
"","12","ActiveWorkspace pulls only the current workspace even when the provider knows more[jvm]","","2026-07-28","passed","2026-07-28","","PullRemoteChangesUseCaseImplSpec[jvm]","com.georgeci.moneysurfer.data.sync.PullRemoteChangesUseCaseImplSpec",""
"","30","non-member cannot tombstone an account","","2026-07-28","passed","2026-07-28","","tombstone update shape (push-side soft delete)","tombstone update shape (push-side soft delete) non-member cannot tombstone an account",""
"","20","a healthy refresh reports the layer as not degraded[jvm]","","2026-07-28","passed","2026-07-28","","RemoteGlobalConfigSourceImplSpec[jvm]","com.georgeci.moneysurfer.appconfig.remote.RemoteGlobalConfigSourceImplSpec",""
"","27","a key the user never set is not materialised into the overlay[jvm]","","2026-07-28","passed","2026-07-28","","LocalDataResetIntegrationIT[jvm]","com.georgeci.moneysurfer.integration.repository.LocalDataResetIntegrationIT",""
"","77","a free-text key is inspect-only[jvm]","","2026-07-28","passed","2026-07-28","","DebugConfigScreenStateTest[jvm]","com.georgeci.moneysurfer.ui.DebugConfigScreenStateTest",""
"","8","pull progress emits PullingCollection into running state[jvm]","","2026-07-28","passed","2026-07-28","","SyncCoordinatorImplBranchSpec[jvm]","com.georgeci.moneysurfer.sync.coordinator.SyncCoordinatorImplBranchSpec",""
"","6","SimpleCancelToken cancel flips state[jvm]","","2026-07-28","passed","2026-07-28","","SyncCancelTokenSpec[jvm]","com.georgeci.moneysurfer.sync.api.SyncCancelTokenSpec",""
"","3","markCompleted deletes rows; empty list is a no-op[jvm]","","2026-07-28","passed","2026-07-28","","PendingMutationQueueImplSpec[jvm]","com.georgeci.moneysurfer.sync.internal.repository.PendingMutationQueueImplSpec",""
"","0","null in -> null out[jvm]","","2026-07-28","passed","2026-07-28","","TimeFormatterTest[jvm]","com.georgeci.moneysurfer.data.repository.TimeFormatterTest",""
"","4","editing a field clears the pending error[jvm]","","2026-07-28","passed","2026-07-28","","SignInViewModelTest[jvm]","com.georgeci.moneysurfer.feature.login.SignInViewModelTest",""
"","4","onSyncCompleted formats counts[jvm]","","2026-07-28","passed","2026-07-28","","KermitSyncTelemetrySpec[jvm]","com.georgeci.moneysurfer.sync.internal.telemetry.KermitSyncTelemetrySpec",""
"","12","only live schedules are counted, and each is converted to a month[jvm]","","2026-07-28","passed","2026-07-28","","InsightRulesTest[jvm]","com.georgeci.moneysurfer.domain.insight.InsightRulesTest",""
"","1","a category that fell past the threshold reads as a saving[jvm]","","2026-07-28","passed","2026-07-28","","InsightRulesTest[jvm]","com.georgeci.moneysurfer.domain.insight.InsightRulesTest",""
"","2","WaitingForNetwork title[jvm]","","2026-07-28","passed","2026-07-28","","SyncStepSpec[jvm]","com.georgeci.moneysurfer.sync.api.SyncStepSpec",""
"","8","anything below Warn is not loggable[jvm]","","2026-07-28","passed","2026-07-28","","DebugLogBufferTest[jvm]","com.georgeci.moneysurfer.domain.logging.DebugLogBufferTest",""
"","20","create blocked when clientVersionCode missing","","2026-07-28","passed","2026-07-28","","workspaces/{wid}","workspaces/{wid} create blocked when clientVersionCode missing",""
"","8","a PAUSED goal still allows a withdrawal[jvm]","","2026-07-28","passed","2026-07-28","","GoalContributionUseCaseTest[jvm]","com.georgeci.moneysurfer.domain.usecase.GoalContributionUseCaseTest",""
"","336","composition renders with no display attached[jvm]","","2026-07-28","passed","2026-07-28","","SignInScreenStateTest[jvm]","com.georgeci.moneysurfer.ui.SignInScreenStateTest",""
"","4","the default for an id is stable across calls[jvm]","","2026-07-28","passed","2026-07-28","","CategoryAppearanceTest[jvm]","com.georgeci.moneysurfer.domain.model.CategoryAppearanceTest",""
"","40","adding to a paused goal surfaces the paused error[jvm]","","2026-07-28","passed","2026-07-28","","GoalContributionViewModelTest[jvm]","com.georgeci.moneysurfer.feature.goal.contribution.GoalContributionViewModelTest",""
"","2","an undecodable document is skipped instead of taking the pull down[jvm]","","2026-07-28","passed","2026-07-28","","UserConfigSyncPluginSpec[jvm]","com.georgeci.moneysurfer.data.sync.plugin.UserConfigSyncPluginSpec",""
"","5","a repository emission mid-drag does not snap the rows back[jvm]","","2026-07-28","passed","2026-07-28","","AccountsManageViewModelTest[jvm]","com.georgeci.moneysurfer.feature.account.manage.AccountsManageViewModelTest",""
"","6","ids are unique across mutations[jvm]","","2026-07-28","passed","2026-07-28","","OutboxEnqueuerSpec[jvm]","com.georgeci.moneysurfer.data.sync.OutboxEnqueuerSpec",""
"","13","deleting a goal that does not exist is a no-op[jvm]","","2026-07-28","passed","2026-07-28","","GoalRepositoryDualWriteSpec[jvm]","com.georgeci.moneysurfer.data.repository.GoalRepositoryDualWriteSpec",""
"","0","epochMillis=1700000000000[jvm]","","2026-07-28","passed","2026-07-28","","TimeFormatterTest[jvm]","com.georgeci.moneysurfer.data.repository.TimeFormatterTest",""
"","19","a pulled value is stamped as already pushed[jvm]","","2026-07-28","passed","2026-07-28","","ConfigEntryDaoIntegrationIT[jvm]","com.georgeci.moneysurfer.integration.repository.ConfigEntryDaoIntegrationIT",""
"","9","a manual sync is dropped while sync is disabled[jvm]","","2026-07-28","passed","2026-07-28","","SyncViewModelTest[jvm]","com.georgeci.moneysurfer.feature.settings.sync.SyncViewModelTest",""
"","10","no budgets means no number to show[jvm]","","2026-07-28","passed","2026-07-28","","SafeToSpendTest[jvm]","com.georgeci.moneysurfer.domain.model.SafeToSpendTest",""
"","600","export then import restores a deleted transaction and skips the surviving one[jvm]","","2026-07-28","passed","2026-07-28","","CsvBackupIntegrationIT[jvm]","com.georgeci.moneysurfer.integration.repository.CsvBackupIntegrationIT",""
"","1","AllUserData does NOT fall back to the local workspace when the provider is empty[jvm]","","2026-07-28","passed","2026-07-28","","PullRemoteChangesUseCaseImplSpec[jvm]","com.georgeci.moneysurfer.data.sync.PullRemoteChangesUseCaseImplSpec",""
"","3","redactEmail returns a fixed marker for malformed input[jvm]","","2026-07-28","passed","2026-07-28","","PiiRedactionTest[jvm]","com.georgeci.moneysurfer.domain.logging.PiiRedactionTest",""
"","18","the outbox stays unobserved while sync is off, and fills in when the switch flips[jvm]","","2026-07-28","passed","2026-07-28","","SyncViewModelTest[jvm]","com.georgeci.moneysurfer.feature.settings.sync.SyncViewModelTest",""
"","40","an Undo built from nothing but the deleted id restores the row and the balance[jvm]","","2026-07-28","passed","2026-07-28","","DeleteUndoIntegrationIT[jvm]","com.georgeci.moneysurfer.integration.repository.DeleteUndoIntegrationIT",""
"","9","uses the trailing hex digits of the id[jvm]","","2026-07-28","passed","2026-07-28","","TransactionReferenceTest[jvm]","com.georgeci.moneysurfer.domain.model.TransactionReferenceTest",""
"","402","the domain's icon keys are exactly the ones uikit can render[jvm]","","2026-07-28","passed","2026-07-28","","CategoryPaletteParityTest[jvm]","com.georgeci.moneysurfer.feature.category.CategoryPaletteParityTest",""
"","175","format positive amount in USD with US locale[jvm]","","2026-07-28","passed","2026-07-28","","MoneyFormatterTest[jvm]","com.georgeci.moneysurfer.domain.MoneyFormatterTest",""
"","22","the layer is always Build[jvm]","","2026-07-28","passed","2026-07-28","","BuildConfigSourceSpec[jvm]","com.georgeci.moneysurfer.appconfig.BuildConfigSourceSpec",""
"","13","the domain's hues are exactly the ones uikit has tints for[jvm]","","2026-07-28","passed","2026-07-28","","CategoryPaletteParityTest[jvm]","com.georgeci.moneysurfer.feature.category.CategoryPaletteParityTest",""
"","19","a picker opens on tap and closes on the pick[jvm]","","2026-07-28","passed","2026-07-28","","PreferencesViewModelTest[jvm]","com.georgeci.moneysurfer.feature.settings.preferences.PreferencesViewModelTest",""
"","144","owner with no other members purges the workspace, subcollections before the root doc[jvm]","","2026-07-28","passed","2026-07-28","","UserAccountDeletionRepositoryImplTest[jvm]","com.georgeci.moneysurfer.data.repository.UserAccountDeletionRepositoryImplTest",""
"","5","exhaustive enumeration — no orphan steps[jvm]","","2026-07-28","passed","2026-07-28","","SyncStepOrderTest[jvm]","com.georgeci.moneysurfer.domain.model.SyncStepOrderTest",""
"","9","a grandchild's spend lands on the direct child's breakdown row, not on its own[jvm]","","2026-07-28","passed","2026-07-28","","CategorySpendHistoryTest[jvm]","com.georgeci.moneysurfer.domain.model.CategorySpendHistoryTest",""
"","1","raising the target above the saved amount re-opens a completed goal[jvm]","","2026-07-28","passed","2026-07-28","","SavingsGoalUseCaseTest[jvm]","com.georgeci.moneysurfer.domain.usecase.SavingsGoalUseCaseTest",""
"","283","the number-format pill renders the stored style, not a fixed sample[jvm]","","2026-07-28","passed","2026-07-28","","PreferencesScreenStateTest[jvm]","com.georgeci.moneysurfer.ui.PreferencesScreenStateTest",""
"","1","a blank status falls back to ACTIVE rather than an unparseable enum name[jvm]","","2026-07-28","passed","2026-07-28","","GoalDtoMapperSpec[jvm]","com.georgeci.moneysurfer.data.sync.GoalDtoMapperSpec",""
"","119","emits null while no workspace is selected[jvm]","","2026-07-28","passed","2026-07-28","","GetExchangeRatesUseCaseTest[jvm]","com.georgeci.moneysurfer.domain.usecase.GetExchangeRatesUseCaseTest",""
"","141","inline form-level error renders the shared error text[jvm]","","2026-07-28","passed","2026-07-28","","SignInScreenStateTest[jvm]","com.georgeci.moneysurfer.ui.SignInScreenStateTest",""
"","16","a leaf category is flagged as such and lists no subcategories[jvm]","","2026-07-28","passed","2026-07-28","","CategoryDetailsViewModelTest[jvm]","com.georgeci.moneysurfer.feature.category.details.CategoryDetailsViewModelTest",""
"","0","preserves the order the user typed[jvm]","","2026-07-28","passed","2026-07-28","","TransactionTagsTest[jvm]","com.georgeci.moneysurfer.domain.model.TransactionTagsTest",""
"","28","reorder syncs only the accounts that actually moved[jvm]","","2026-07-28","passed","2026-07-28","","AccountSortOrderIntegrationIT[jvm]","com.georgeci.moneysurfer.integration.repository.AccountSortOrderIntegrationIT",""
"","54","an unset layout falls back to the default order[jvm]","","2026-07-28","passed","2026-07-28","","DashboardViewModelTest[jvm]","com.georgeci.moneysurfer.feature.dashboard.DashboardViewModelTest",""
"","0","'+5' (plus sign)[jvm]","","2026-07-28","passed","2026-07-28","","AmountInputTransformationTest[jvm]","com.georgeci.moneysurfer.utils.AmountInputTransformationTest",""
"","1","amounts are read however they are written[jvm]","","2026-07-28","passed","2026-07-28","","TransactionFilterMatchingTest[jvm]","com.georgeci.moneysurfer.feature.transaction.filter.TransactionFilterMatchingTest",""
"","13","starts in Loading before categories arrive[jvm]","","2026-07-28","passed","2026-07-28","","CategoryChooserViewModelTest[jvm]","com.georgeci.moneysurfer.feature.category.picker.CategoryChooserViewModelTest",""
"","14","a provider-rejected address keeps its specific copy in the dialog[jvm]","","2026-07-28","passed","2026-07-28","","SignInViewModelTest[jvm]","com.georgeci.moneysurfer.feature.login.SignInViewModelTest",""
"","37","client cannot write the flag document (Console-only)","","2026-07-28","passed","2026-07-28","","appConfig/{docId}","appConfig/{docId} client cannot write the flag document (Console-only)",""
"","15","income signs its amount with a plus and carries no transfer[jvm]","","2026-07-28","passed","2026-07-28","","TransactionDetailsViewModelTest[jvm]","com.georgeci.moneysurfer.feature.transaction.details.TransactionDetailsViewModelTest",""
"","15","rejects demoting last OWNER[jvm]","","2026-07-28","passed","2026-07-28","","ChangeMemberRoleUseCaseTest[jvm]","com.georgeci.moneysurfer.domain.usecase.ChangeMemberRoleUseCaseTest",""
"","21","member cannot hard-delete a member row (not even their own)","","2026-07-28","passed","2026-07-28","","workspaces/{wid}/members/{uid}","workspaces/{wid}/members/{uid} member cannot hard-delete a member row (not even their own)",""
"","33","a cap with cents survives the round-trip through the field[jvm]","","2026-07-28","passed","2026-07-28","","CategoryCreationViewModelTest[jvm]","com.georgeci.moneysurfer.feature.category.creation.CategoryCreationViewModelTest",""
"","39","accepts a fully-populated, correctly-typed account","","2026-07-28","passed","2026-07-28","","entity write-shape validation (issue #156)","entity write-shape validation (issue #156) accepts a fully-populated, correctly-typed account",""
"","27","an unreadable workspace is skipped instead of failing the whole pull[jvm]","","2026-07-28","passed","2026-07-28","","PullRemoteChangesUseCaseImplSpec[jvm]","com.georgeci.moneysurfer.data.sync.PullRemoteChangesUseCaseImplSpec",""
"","1","the first days of a month are too small a sample to compare[jvm]","","2026-07-28","passed","2026-07-28","","InsightRulesTest[jvm]","com.georgeci.moneysurfer.domain.insight.InsightRulesTest",""
"","1","split_id is absent from every layout that predates splits[jvm]","","2026-07-28","passed","2026-07-28","","TransactionCsvCodecTest[jvm]","com.georgeci.moneysurfer.domain.csv.TransactionCsvCodecTest",""
"","8","no active session returns NotSignedIn without touching anything[jvm]","","2026-07-28","passed","2026-07-28","","DeleteUserAccountUseCaseTest[jvm]","com.georgeci.moneysurfer.domain.usecase.DeleteUserAccountUseCaseTest",""
"","3","a half-typed amount is taken at face value while the user keeps typing[jvm]","","2026-07-28","passed","2026-07-28","","TransactionCreationSplitEditingTest[jvm]","com.georgeci.moneysurfer.feature.transaction.creation.TransactionCreationSplitEditingTest",""
"","1","null category transfer and recurring rule ids round-trip as empty fields[jvm]","","2026-07-28","passed","2026-07-28","","TransactionCsvCodecTest[jvm]","com.georgeci.moneysurfer.domain.csv.TransactionCsvCodecTest",""
"","7","updates the workspace base currency[jvm]","","2026-07-28","passed","2026-07-28","","UpdateWorkspaceCurrencyUseCaseTest[jvm]","com.georgeci.moneysurfer.domain.usecase.UpdateWorkspaceCurrencyUseCaseTest",""
"","26","tombstone with clientVersionCode below floor is denied","","2026-07-28","passed","2026-07-28","","tombstone update shape (push-side soft delete)","tombstone update shape (push-side soft delete) tombstone with clientVersionCode below floor is denied",""
"","0","delete unwinds impact and removes the row[jvm]","","2026-07-28","passed","2026-07-28","","ApplyTransactionChangeUseCaseTest[jvm]","com.georgeci.moneysurfer.domain.usecase.ApplyTransactionChangeUseCaseTest",""
"","15","AND-s multiple tokens[jvm]","","2026-07-28","passed","2026-07-28","","TransactionFtsIntegrationIT[jvm]","com.georgeci.moneysurfer.integration.repository.TransactionFtsIntegrationIT",""
"","6","monthly anchor on the 31st clamps to the last day of a short month[jvm]","","2026-07-28","passed","2026-07-28","","BudgetPeriodWindowTest[jvm]","com.georgeci.moneysurfer.domain.util.BudgetPeriodWindowTest",""
"","9","a write on a store whose read side has died still lands and clears the degraded flag[jvm]","","2026-07-28","passed","2026-07-28","","PreferencesMirrorJvmTest[jvm]","com.georgeci.moneysurfer.data.config.PreferencesMirrorJvmTest",""
"","19","a cap of zero creates no budget[jvm]","","2026-07-28","passed","2026-07-28","","CategoryCreationViewModelTest[jvm]","com.georgeci.moneysurfer.feature.category.creation.CategoryCreationViewModelTest",""
"","4","OnDeleteCancel clears pending without deleting[jvm]","","2026-07-28","passed","2026-07-28","","CategoriesManageViewModelTest[jvm]","com.georgeci.moneysurfer.feature.category.manage.CategoriesManageViewModelTest",""
"","34","non-owner cannot create an invite","","2026-07-28","passed","2026-07-28","","invites — write","invites — write non-owner cannot create an invite",""
"","217","the switch asks for the opposite of the value that resolved, in both directions[jvm]","","2026-07-28","passed","2026-07-28","","DebugConfigScreenStateTest[jvm]","com.georgeci.moneysurfer.ui.DebugConfigScreenStateTest",""
"","1","all counters compose into one summary[jvm]","","2026-07-28","passed","2026-07-28","","SyncSummaryBuilderSpec[jvm]","com.georgeci.moneysurfer.sync.api.SyncSummaryBuilderSpec",""
"","11","cancellation between documents aborts the pull[jvm]","","2026-07-28","passed","2026-07-28","","PullRemoteChangesUseCaseImplSpec[jvm]","com.georgeci.moneysurfer.data.sync.PullRemoteChangesUseCaseImplSpec",""
"","143","the currency pill resolves the stored code against the catalogue[jvm]","","2026-07-28","passed","2026-07-28","","PreferencesScreenStateTest[jvm]","com.georgeci.moneysurfer.ui.PreferencesScreenStateTest",""
"","4","writer + reader round-trip preserves entry names and bytes[jvm]","","2026-07-28","passed","2026-07-28","","ZipStoredCodecTest[jvm]","com.georgeci.moneysurfer.data.backup.ZipStoredCodecTest",""
"","7","COMPLETED cannot be set by hand[jvm]","","2026-07-28","passed","2026-07-28","","SavingsGoalUseCaseTest[jvm]","com.georgeci.moneysurfer.domain.usecase.SavingsGoalUseCaseTest",""
"","0","a single-currency workspace needs no rates and claims no as-of date[jvm]","","2026-07-28","passed","2026-07-28","","ConvertAccountsTotalUseCaseTest[jvm]","com.georgeci.moneysurfer.domain.usecase.ConvertAccountsTotalUseCaseTest",""
"","1","a doc from an older client decodes to empty merchant, no tags and no rule[jvm]","","2026-07-28","passed","2026-07-28","","TransactionDtoMapperSpec[jvm]","com.georgeci.moneysurfer.data.sync.TransactionDtoMapperSpec",""
"","22","invitee cannot tombstone a PENDING invite (known limitation: only status transitions)","","2026-07-28","passed","2026-07-28","","tombstone update shape (push-side soft delete)","tombstone update shape (push-side soft delete) invitee cannot tombstone a PENDING invite (known limitation: only status transitions)",""
"","8","happy path: editor can leave[jvm]","","2026-07-28","passed","2026-07-28","","LeaveWorkspaceUseCaseTest[jvm]","com.georgeci.moneysurfer.domain.usecase.LeaveWorkspaceUseCaseTest",""
"","18","a user can delete their own setting","","2026-07-28","passed","2026-07-28","","users/{uid}/config/{key}","users/{uid}/config/{key} a user can delete their own setting",""
"","8","format RUB with US locale[jvm]","","2026-07-28","passed","2026-07-28","","MoneyFormatterTest[jvm]","com.georgeci.moneysurfer.domain.MoneyFormatterTest",""
"","1","a pre-#260 record read as the current format is rejected as a short row[jvm]","","2026-07-28","passed","2026-07-28","","TransactionCsvCodecTest[jvm]","com.georgeci.moneysurfer.domain.csv.TransactionCsvCodecTest",""
"","7","the result count promises rows the list will render, so a receipt counts once[jvm]","","2026-07-28","passed","2026-07-28","","TransactionFiltersViewModelTest[jvm]","com.georgeci.moneysurfer.feature.transaction.filters.TransactionFiltersViewModelTest",""
"","31","matches a Cyrillic prefix — unicode61 tokenizer, not simple[jvm]","","2026-07-28","passed","2026-07-28","","TransactionFtsIntegrationIT[jvm]","com.georgeci.moneysurfer.integration.repository.TransactionFtsIntegrationIT",""
"","25","accepts a correctly-typed transaction","","2026-07-28","passed","2026-07-28","","entity write-shape validation (issue #156)","entity write-shape validation (issue #156) accepts a correctly-typed transaction",""
"","19","hydrate is idempotent[jvm]","","2026-07-28","passed","2026-07-28","","LayeredConfigSpec[jvm]","com.georgeci.moneysurfer.appconfig.LayeredConfigSpec",""
"","1","every hue sits on the wheel[jvm]","","2026-07-28","passed","2026-07-28","","CategoryAppearanceTest[jvm]","com.georgeci.moneysurfer.domain.model.CategoryAppearanceTest",""
"","4","OnAccountMove reorders the list on screen and writes nothing until the row is dropped[jvm]","","2026-07-28","passed","2026-07-28","","AccountsManageViewModelTest[jvm]","com.georgeci.moneysurfer.feature.account.manage.AccountsManageViewModelTest",""
"","214","starts in Loading before anything is emitted[jvm]","","2026-07-28","passed","2026-07-28","","CategoryDetailsViewModelTest[jvm]","com.georgeci.moneysurfer.feature.category.details.CategoryDetailsViewModelTest",""
"","6","unparseable operation date is rejected as invalid operation_date[jvm]","","2026-07-28","passed","2026-07-28","","TransactionCsvCodecTest[jvm]","com.georgeci.moneysurfer.domain.csv.TransactionCsvCodecTest",""
"","67","a closed-set key gets one chip per choice, with the effective value marked[jvm]","","2026-07-28","passed","2026-07-28","","DebugConfigScreenStateTest[jvm]","com.georgeci.moneysurfer.ui.DebugConfigScreenStateTest",""
"","18","dismissing the delete confirmation leaves the transaction alone[jvm]","","2026-07-28","passed","2026-07-28","","TransactionCreationEditTest[jvm]","com.georgeci.moneysurfer.feature.transaction.creation.TransactionCreationEditTest",""
"","10","legs of one receipt become a single group holding the whole payment[jvm]","","2026-07-28","passed","2026-07-28","","TransactionSplitGroupTest[jvm]","com.georgeci.moneysurfer.domain.model.TransactionSplitGroupTest",""
"","6","a config_entry row named after a host or server key is never served[jvm]","","2026-07-28","passed","2026-07-28","","LocalConfigSourceImplJvmTest[jvm]","com.georgeci.moneysurfer.data.config.LocalConfigSourceImplJvmTest",""
"","2","no accounts means no totals[jvm]","","2026-07-28","passed","2026-07-28","","AccountTotalsTest[jvm]","com.georgeci.moneysurfer.domain.model.AccountTotalsTest",""
"","39","authenticated user can read app config","","2026-07-28","passed","2026-07-28","","appConfig/{docId}","appConfig/{docId} authenticated user can read app config",""
"","1","garbage decodes to the default layout instead of an empty dashboard[jvm]","","2026-07-28","passed","2026-07-28","","DashboardLayoutCodecTest[jvm]","com.georgeci.moneysurfer.data.preferences.DashboardLayoutCodecTest",""
"","20","from wraps single request as merged with one child[jvm]","","2026-07-28","passed","2026-07-28","","MergedSyncRequestSpec[jvm]","com.georgeci.moneysurfer.sync.coordinator.MergedSyncRequestSpec",""
"","15","a row with no operationDate is invisible to a windowed query[jvm]","","2026-07-28","passed","2026-07-28","","TransactionWindowIntegrationIT[jvm]","com.georgeci.moneysurfer.integration.repository.TransactionWindowIntegrationIT",""
"","0","a child whose parent is a different type is drawn at the top level[jvm]","","2026-07-28","passed","2026-07-28","","CategoryChooserViewModelTest[jvm]","com.georgeci.moneysurfer.feature.category.picker.CategoryChooserViewModelTest",""
"","27","create blocked when clientVersionCode is below floor (0)","","2026-07-28","passed","2026-07-28","","member-gated entities (accounts)","member-gated entities (accounts) create blocked when clientVersionCode is below floor (0)",""
"","36","EXPENSE creation persists row and decreases account balance by amount[jvm]","","2026-07-28","passed","2026-07-28","","TransactionCreationIntegrationIT[jvm]","com.georgeci.moneysurfer.integration.repository.TransactionCreationIntegrationIT",""
"","21","enqueueDelete writes DELETE mutation[jvm]","","2026-07-28","passed","2026-07-28","","OutboxEnqueuerSpec[jvm]","com.georgeci.moneysurfer.data.sync.OutboxEnqueuerSpec",""
"","4","an account with no extra details maps to the empty column and back to an empty list[jvm]","","2026-07-28","passed","2026-07-28","","AccountDtoMapperSpec[jvm]","com.georgeci.moneysurfer.data.sync.AccountDtoMapperSpec",""
"","89","safe-to-spend reads the active budget's remainder, pace and days left[jvm]","","2026-07-28","passed","2026-07-28","","DashboardViewModelTest[jvm]","com.georgeci.moneysurfer.feature.dashboard.DashboardViewModelTest",""
"","71","OnArchiveAccountClick stages pendingArchive without mutating the account[jvm]","","2026-07-28","passed","2026-07-28","","AccountsManageViewModelTest[jvm]","com.georgeci.moneysurfer.feature.account.manage.AccountsManageViewModelTest",""
"","28","wrong-password (FIRAuth 17009) classifies as InvalidCredentials[jvm]","","2026-07-28","passed","2026-07-28","","AuthErrorClassificationTest[jvm]","com.georgeci.moneysurfer.data.repository.AuthErrorClassificationTest",""
"","0","a blank field shows no error but does not validate[jvm]","","2026-07-28","passed","2026-07-28","","TransactionAmountInputTest[jvm]","com.georgeci.moneysurfer.feature.transaction.creation.TransactionAmountInputTest",""
"","4","sanitize preserves an empty field[jvm]","","2026-07-28","passed","2026-07-28","","InitialBalanceInputTest[jvm]","com.georgeci.moneysurfer.feature.account.creation.InitialBalanceInputTest",""
"","1","merge keeps narrower scope when both narrow[jvm]","","2026-07-28","passed","2026-07-28","","MergedSyncRequestSpec[jvm]","com.georgeci.moneysurfer.sync.coordinator.MergedSyncRequestSpec",""
"","4","exponent notation is an invalid format[jvm]","","2026-07-28","passed","2026-07-28","","TransactionAmountInputTest[jvm]","com.georgeci.moneysurfer.feature.transaction.creation.TransactionAmountInputTest",""
"","6","a full batch of same-timestamp documents terminates the loop rather than re-reading itself[jvm]","","2026-07-28","passed","2026-07-28","","PullRemoteChangesUseCaseImplSpec[jvm]","com.georgeci.moneysurfer.data.sync.PullRemoteChangesUseCaseImplSpec",""
"","4","syncAll is a no-op when sync is disabled[jvm]","","2026-07-28","passed","2026-07-28","","SyncCoordinatorWorkspaceSyncerSpec[jvm]","com.georgeci.moneysurfer.data.sync.SyncCoordinatorWorkspaceSyncerSpec",""
"","4","pending returns rows sorted by createdAt ascending[jvm]","","2026-07-28","passed","2026-07-28","","PendingMutationQueueImplSpec[jvm]","com.georgeci.moneysurfer.sync.internal.repository.PendingMutationQueueImplSpec",""
"","4","CompositeCancelToken not cancelled when no children cancelled[jvm]","","2026-07-28","passed","2026-07-28","","SyncCancelTokenSpec[jvm]","com.georgeci.moneysurfer.sync.api.SyncCancelTokenSpec",""
"","18","a user cannot read another user's settings","","2026-07-28","passed","2026-07-28","","users/{uid}/config/{key}","users/{uid}/config/{key} a user cannot read another user's settings",""
"","204","online build is a single step that continues into sign-in and marks onboarding completed[jvm]","","2026-07-28","passed","2026-07-28","","OnboardingViewModelTest[jvm]","com.georgeci.moneysurfer.feature.login.onboarding.OnboardingViewModelTest",""
"","0","opening_balance behaves as a regular ACTUAL for cache[jvm]","","2026-07-28","passed","2026-07-28","","ApplyTransactionChangeUseCaseTest[jvm]","com.georgeci.moneysurfer.domain.usecase.ApplyTransactionChangeUseCaseTest",""
"","38","member can tombstone an account","","2026-07-28","passed","2026-07-28","","tombstone update shape (push-side soft delete)","tombstone update shape (push-side soft delete) member can tombstone an account",""
"","27","the type filter narrows the list without touching the period summary[jvm]","","2026-07-28","passed","2026-07-28","","TransactionsByAccountFilteringTest[jvm]","com.georgeci.moneysurfer.feature.transaction.list.TransactionsByAccountFilteringTest",""
"","24","rejects a goal whose numeric target is a string","","2026-07-28","passed","2026-07-28","","savings goals (issue #244)","savings goals (issue #244) rejects a goal whose numeric target is a string",""
"","2","markSuccess only updates the success column[jvm]","","2026-07-28","passed","2026-07-28","","SyncMetaRepositoryImplSpec[jvm]","com.georgeci.moneysurfer.sync.internal.repository.SyncMetaRepositoryImplSpec",""
"","3","cancelCurrent with no running sync is a no-op[jvm]","","2026-07-28","passed","2026-07-28","","SyncCoordinatorImplBranchSpec[jvm]","com.georgeci.moneysurfer.sync.coordinator.SyncCoordinatorImplBranchSpec",""
"","53","pairs the workspace base currency with the cached table and asks for a refresh[jvm]","","2026-07-28","passed","2026-07-28","","GetExchangeRatesUseCaseTest[jvm]","com.georgeci.moneysurfer.domain.usecase.GetExchangeRatesUseCaseTest",""
"","13","cancelled picker keeps the screen idle[jvm]","","2026-07-28","passed","2026-07-28","","CsvBackupViewModelTest[jvm]","com.georgeci.moneysurfer.feature.settings.csv.CsvBackupViewModelTest",""
"","26","the flows actually carry id: selectors, so the gate above cannot pass vacuously[jvm]","","2026-07-28","passed","2026-07-28","","MaestroFlowSelectorTest[jvm]","com.georgeci.moneysurfer.utils.MaestroFlowSelectorTest",""
"","14","a value written after the push read it stays pending[jvm]","","2026-07-28","passed","2026-07-28","","UserConfigSyncPluginSpec[jvm]","com.georgeci.moneysurfer.data.sync.plugin.UserConfigSyncPluginSpec",""
"","33","rejects an unknown field","","2026-07-28","passed","2026-07-28","","users/{uid}/config/{key}","users/{uid}/config/{key} rejects an unknown field",""
"","103","a widget with no variants gets a size-only sheet[jvm]","","2026-07-28","passed","2026-07-28","","DashboardCustomizeScreenStateTest[jvm]","com.georgeci.moneysurfer.ui.DashboardCustomizeScreenStateTest",""
"","137","swiping a row away removes it, and the snackbar's Undo puts it back[jvm]","","2026-07-28","passed","2026-07-28","","TransactionsByAccountDeleteTest[jvm]","com.georgeci.moneysurfer.feature.transaction.list.TransactionsByAccountDeleteTest",""
"","10","an empty file fails the whole import[jvm]","","2026-07-28","passed","2026-07-28","","ImportTransactionsValidationTest[jvm]","com.georgeci.moneysurfer.domain.csv.ImportTransactionsValidationTest",""
"","1","moving a widget onto itself, or onto a switched-off one, changes nothing[jvm]","","2026-07-28","passed","2026-07-28","","DashboardLayoutConfigTest[jvm]","com.georgeci.moneysurfer.domain.dashboard.DashboardLayoutConfigTest",""
"","21","non-member cannot read the roster","","2026-07-28","passed","2026-07-28","","workspaces/{wid}/members/{uid}","workspaces/{wid}/members/{uid} non-member cannot read the roster",""
"","0","never returns a bare prefix for an id with no hex digits[jvm]","","2026-07-28","passed","2026-07-28","","TransactionReferenceTest[jvm]","com.georgeci.moneysurfer.domain.model.TransactionReferenceTest",""
"","3","icon and hue come from the same slot, so a backfilled row keeps its old pairing[jvm]","","2026-07-28","passed","2026-07-28","","CategoryAppearanceTest[jvm]","com.georgeci.moneysurfer.domain.model.CategoryAppearanceTest",""
"","13","an absent document clears the mirror[jvm]","","2026-07-28","passed","2026-07-28","","RemoteGlobalConfigSourceImplSpec[jvm]","com.georgeci.moneysurfer.appconfig.remote.RemoteGlobalConfigSourceImplSpec",""
"","219","a build without transfers draws no quick-actions row[jvm]","","2026-07-28","passed","2026-07-28","","DashboardScreenStateTest[jvm]","com.georgeci.moneysurfer.ui.DashboardScreenStateTest",""
"","44","spent sums the expenses inside the window and leaves the rest out[jvm]","","2026-07-28","passed","2026-07-28","","BudgetProgressTest[jvm]","com.georgeci.moneysurfer.domain.model.BudgetProgressTest",""
"","3","a legacy note starting with a literal apostrophe decodes unchanged[jvm]","","2026-07-28","passed","2026-07-28","","TransactionCsvCodecTest[jvm]","com.georgeci.moneysurfer.domain.csv.TransactionCsvCodecTest",""
"","3","'abc' (letters)[jvm]","","2026-07-28","passed","2026-07-28","","AmountInputTransformationTest[jvm]","com.georgeci.moneysurfer.utils.AmountInputTransformationTest",""
"","28","a manual sync reaches the coordinator as a MANUAL request[jvm]","","2026-07-28","passed","2026-07-28","","SyncViewModelTest[jvm]","com.georgeci.moneysurfer.feature.settings.sync.SyncViewModelTest",""
"","22","rows referencing unknown workspace account or category are reported per row[jvm]","","2026-07-28","passed","2026-07-28","","ImportTransactionsValidationTest[jvm]","com.georgeci.moneysurfer.domain.csv.ImportTransactionsValidationTest",""
"","249","two seals of the same plaintext differ (fresh salt + IV)[jvm]","","2026-07-28","passed","2026-07-28","","EncryptedBackupCodecTest[jvm]","com.georgeci.moneysurfer.data.backup.EncryptedBackupCodecTest",""
"","3","'1.999' (three decimal digits)[jvm]","","2026-07-28","passed","2026-07-28","","AmountInputTransformationTest[jvm]","com.georgeci.moneysurfer.utils.AmountInputTransformationTest",""
"","2","LastSyncOutcome.Cancelled carries timestamp[jvm]","","2026-07-28","passed","2026-07-28","","SyncStateSpec[jvm]","com.georgeci.moneysurfer.sync.api.SyncStateSpec",""
"","1","reason mapping for BACKGROUND is Bounded(5m)[jvm]","","2026-07-28","passed","2026-07-28","","NetworkWaitModeSpec[jvm]","com.georgeci.moneysurfer.sync.network.NetworkWaitModeSpec",""
"","333","the reset-cursors row asks before clearing anything[jvm]","","2026-07-28","passed","2026-07-28","","SyncScreenStateTest[jvm]","com.georgeci.moneysurfer.ui.SyncScreenStateTest",""
"","2","redactEmail handles a domain without a dot[jvm]","","2026-07-28","passed","2026-07-28","","PiiRedactionTest[jvm]","com.georgeci.moneysurfer.domain.logging.PiiRedactionTest",""
"","39","create blocked when clientVersionCode missing","","2026-07-28","passed","2026-07-28","","member-gated entities (accounts)","member-gated entities (accounts) create blocked when clientVersionCode missing",""
"","12","offline edit state hides the Members section[jvm]","","2026-07-28","passed","2026-07-28","","WorkspaceCreationStateOfflineTest[jvm]","com.georgeci.moneysurfer.feature.workspace.creation.WorkspaceCreationStateOfflineTest",""
"","5","PullingRemoteChanges title[jvm]","","2026-07-28","passed","2026-07-28","","SyncStepSpec[jvm]","com.georgeci.moneysurfer.sync.api.SyncStepSpec",""
"","33","insert in a demo session writes DAO but skips the outbox[jvm]","","2026-07-28","passed","2026-07-28","","GoalRepositoryDualWriteSpec[jvm]","com.georgeci.moneysurfer.data.repository.GoalRepositoryDualWriteSpec",""
"","6","dedup does not collapse different operations or different entities[jvm]","","2026-07-28","passed","2026-07-28","","PendingMutationQueueIntegrationIT[jvm]","com.georgeci.moneysurfer.integration.sync.PendingMutationQueueIntegrationIT",""
"","14","the legs share one split id and differ only in category and amount[jvm]","","2026-07-28","passed","2026-07-28","","CreateSplitTransactionUseCaseTest[jvm]","com.georgeci.moneysurfer.domain.usecase.CreateSplitTransactionUseCaseTest",""
"","7","workspace the pull did not hydrate is never pinned[jvm]","","2026-07-28","passed","2026-07-28","","PostAuthBootstrapUseCaseTest[jvm]","com.georgeci.moneysurfer.domain.usecase.PostAuthBootstrapUseCaseTest",""
"","15","the onboarding's pre-selected type is what the screen opens on[jvm]","","2026-07-28","passed","2026-07-28","","AccountCreationViewModelTest[jvm]","com.georgeci.moneysurfer.feature.account.creation.AccountCreationViewModelTest",""
"","4","the list position survives the wire, so a reorder reaches the other device[jvm]","","2026-07-28","passed","2026-07-28","","AccountDtoMapperSpec[jvm]","com.georgeci.moneysurfer.data.sync.AccountDtoMapperSpec",""
"","66","changes emits the current state and again after a write[jvm]","","2026-07-28","passed","2026-07-28","","LocalConfigSourceImplJvmTest[jvm]","com.georgeci.moneysurfer.data.config.LocalConfigSourceImplJvmTest",""
"","1","a general budget outranks a category one, whatever their limits[jvm]","","2026-07-28","passed","2026-07-28","","SafeToSpendTest[jvm]","com.georgeci.moneysurfer.domain.model.SafeToSpendTest",""
"","28","online build layer declares every host key[jvm]","","2026-07-28","passed","2026-07-28","","OnlineConfigGraphTest[jvm]","com.georgeci.moneysurfer.di.OnlineConfigGraphTest",""
"","1","actual → planned unwinds full impact[jvm]","","2026-07-28","passed","2026-07-28","","CalculateBalanceDeltaTest[jvm]","com.georgeci.moneysurfer.domain.model.CalculateBalanceDeltaTest",""
"","23","update preserves createdAt and enqueues UPDATE[jvm]","","2026-07-28","passed","2026-07-28","","GoalRepositoryDualWriteSpec[jvm]","com.georgeci.moneysurfer.data.repository.GoalRepositoryDualWriteSpec",""
"","1","two receipts stay two groups[jvm]","","2026-07-28","passed","2026-07-28","","TransactionSplitGroupTest[jvm]","com.georgeci.moneysurfer.domain.model.TransactionSplitGroupTest",""
"","28","accepts a minimal account (default-valued fields omitted)","","2026-07-28","passed","2026-07-28","","entity write-shape validation (issue #156)","entity write-shape validation (issue #156) accepts a minimal account (default-valued fields omitted)",""
"","20","recipient without email claim can still query by targetUserId","","2026-07-28","passed","2026-07-28","","invites — read","invites — read recipient without email claim can still query by targetUserId",""
"","12","unrecognized message returns null so the caller falls back to Unknown[jvm]","","2026-07-28","passed","2026-07-28","","AuthErrorClassificationTest[jvm]","com.georgeci.moneysurfer.data.repository.AuthErrorClassificationTest",""
"","16","only transactions inside the period reach the list[jvm]","","2026-07-28","passed","2026-07-28","","TransactionsByAccountPeriodTest[jvm]","com.georgeci.moneysurfer.feature.transaction.list.TransactionsByAccountPeriodTest",""
"","2","weekly window start is inclusive and end is exclusive[jvm]","","2026-07-28","passed","2026-07-28","","BudgetPeriodWindowTest[jvm]","com.georgeci.moneysurfer.domain.util.BudgetPeriodWindowTest",""
"","3","blank category id decodes to null instead of failing[jvm]","","2026-07-28","passed","2026-07-28","","TransactionCsvCodecTest[jvm]","com.georgeci.moneysurfer.domain.csv.TransactionCsvCodecTest",""
"","51","offline build layer declares every host key[jvm]","","2026-07-28","passed","2026-07-28","","OfflineConfigGraphTest[jvm]","com.georgeci.moneysurfer.offline.di.OfflineConfigGraphTest",""
"","2","equal timestamps → take local (stable, no-op re-pull)[jvm]","","2026-07-28","passed","2026-07-28","","LwwConflictResolverSpec[jvm]","com.georgeci.moneysurfer.sync.repository.LwwConflictResolverSpec",""
"","20","the monthly net comes back oldest first, with the missing side folded to zero[jvm]","","2026-07-28","passed","2026-07-28","","SpendAnalyticsRepositoryImplJvmTest[jvm]","com.georgeci.moneysurfer.data.repository.SpendAnalyticsRepositoryImplJvmTest",""
"","12","pending respects limit[jvm]","","2026-07-28","passed","2026-07-28","","PendingMutationQueueImplSpec[jvm]","com.georgeci.moneysurfer.data.sync.PendingMutationQueueImplSpec",""
"","3","an account without extra details reports an empty list rather than a blank section[jvm]","","2026-07-28","passed","2026-07-28","","AccountDetailsViewModelTest[jvm]","com.georgeci.moneysurfer.feature.account.details.AccountDetailsViewModelTest",""
"","1","removes case-insensitive duplicates keeping the first spelling[jvm]","","2026-07-28","passed","2026-07-28","","TransactionTagsTest[jvm]","com.georgeci.moneysurfer.domain.model.TransactionTagsTest",""
"","44","the rendered layout comes from the persisted config, not a fixed list[jvm]","","2026-07-28","passed","2026-07-28","","DashboardViewModelTest[jvm]","com.georgeci.moneysurfer.feature.dashboard.DashboardViewModelTest",""
"","2","status is OK below the alert threshold, WARN at it and OVER past the limit[jvm]","","2026-07-28","passed","2026-07-28","","BudgetProgressTest[jvm]","com.georgeci.moneysurfer.domain.model.BudgetProgressTest",""
"","1","update amount applies only the difference[jvm]","","2026-07-28","passed","2026-07-28","","ApplyTransactionChangeUseCaseTest[jvm]","com.georgeci.moneysurfer.domain.usecase.ApplyTransactionChangeUseCaseTest",""
"","1","Started title[jvm]","","2026-07-28","passed","2026-07-28","","SyncStepSpec[jvm]","com.georgeci.moneysurfer.sync.api.SyncStepSpec",""
"","4","a category that stopped entirely still counts as a saving[jvm]","","2026-07-28","passed","2026-07-28","","InsightRulesTest[jvm]","com.georgeci.moneysurfer.domain.insight.InsightRulesTest",""
"","143","a full-window screen keeps its back arrow and its FAB[jvm]","","2026-07-28","passed","2026-07-28","","SurferPaneScaffoldTest[jvm]","com.georgeci.moneysurfer.ui.SurferPaneScaffoldTest",""
"","5","Queued carries count[jvm]","","2026-07-28","passed","2026-07-28","","SyncStateSpec[jvm]","com.georgeci.moneysurfer.sync.api.SyncStateSpec",""
"","6","an ordinary transaction is a group of one and is not a split[jvm]","","2026-07-28","passed","2026-07-28","","TransactionSplitGroupTest[jvm]","com.georgeci.moneysurfer.domain.model.TransactionSplitGroupTest",""
"","1","the kill switch is not a SettingKey, so no client can write it[jvm]","","2026-07-28","passed","2026-07-28","","ConfigKeyScopeTest[jvm]","com.georgeci.moneysurfer.data.config.ConfigKeyScopeTest",""
"","7","offline build offers only the demo sign-in entry point[jvm]","","2026-07-28","passed","2026-07-28","","OfflineConfigGraphTest[jvm]","com.georgeci.moneysurfer.offline.di.OfflineConfigGraphTest",""
"","9","picking categories narrows the budget, and All categories clears it again[jvm]","","2026-07-28","passed","2026-07-28","","BudgetEditViewModelTest[jvm]","com.georgeci.moneysurfer.feature.budget.edit.BudgetEditViewModelTest",""
"","22","hydrate serves mirrored values without any fetch[jvm]","","2026-07-28","passed","2026-07-28","","RemoteGlobalConfigSourceImplSpec[jvm]","com.georgeci.moneysurfer.appconfig.remote.RemoteGlobalConfigSourceImplSpec",""
"","41","opening as a transfer lands on the Transfer tab with both slots already seeded[jvm]","","2026-07-28","passed","2026-07-28","","TransactionCreationSaveTest[jvm]","com.georgeci.moneysurfer.feature.transaction.creation.TransactionCreationSaveTest",""
"","0","out-of-range days of month are filtered in both directions[jvm]","","2026-07-28","passed","2026-07-28","","RecurringRuleDtoMapperSpec[jvm]","com.georgeci.moneysurfer.data.sync.RecurringRuleDtoMapperSpec",""
"","1","creating a goal with a non-positive target is rejected[jvm]","","2026-07-28","passed","2026-07-28","","SavingsGoalUseCaseTest[jvm]","com.georgeci.moneysurfer.domain.usecase.SavingsGoalUseCaseTest",""
"","1","the type segments partition the list, transfer legs included[jvm]","","2026-07-28","passed","2026-07-28","","TransactionFilterMatchingTest[jvm]","com.georgeci.moneysurfer.feature.transaction.filter.TransactionFilterMatchingTest",""
"","15","an engine assembled without an overlay behaves as it did before[jvm]","","2026-07-28","passed","2026-07-28","","LayeredConfigSpec[jvm]","com.georgeci.moneysurfer.appconfig.LayeredConfigSpec",""
"","42","an evicted (REMOVED) member can no longer read","","2026-07-28","passed","2026-07-28","","member-gated entities (accounts)","member-gated entities (accounts) an evicted (REMOVED) member can no longer read",""
"","69","unauthenticated list/scan is denied — prevents enumerating the collection","","2026-07-28","passed","2026-07-28","","appConfig/{docId}","appConfig/{docId} unauthenticated list/scan is denied — prevents enumerating the collection",""
"","31","the layers that can be read are still warmed when another fails[jvm]","","2026-07-28","passed","2026-07-28","","LayeredConfigSpec[jvm]","com.georgeci.moneysurfer.appconfig.LayeredConfigSpec",""
"","11","a missing workspace outranks any earlier outcome once nothing is running[jvm]","","2026-07-28","passed","2026-07-28","","SyncViewModelTest[jvm]","com.georgeci.moneysurfer.feature.settings.sync.SyncViewModelTest",""
"","42","a card carries the spend of the current window, transfers excluded[jvm]","","2026-07-28","passed","2026-07-28","","BudgetsViewModelTest[jvm]","com.georgeci.moneysurfer.feature.budget.list.BudgetsViewModelTest",""
"","355","a single flipped ciphertext byte fails the MAC[jvm]","","2026-07-28","passed","2026-07-28","","EncryptedBackupCodecTest[jvm]","com.georgeci.moneysurfer.data.backup.EncryptedBackupCodecTest",""
"","6","pendingCount excludes IN_FLIGHT rows[jvm]","","2026-07-28","passed","2026-07-28","","PendingMutationQueueImplSpec[jvm]","com.georgeci.moneysurfer.sync.internal.repository.PendingMutationQueueImplSpec",""
"","18","a written value round-trips after hydrate[jvm]","","2026-07-28","passed","2026-07-28","","LocalConfigSourceImplJvmTest[jvm]","com.georgeci.moneysurfer.data.config.LocalConfigSourceImplJvmTest",""
"","26","accepts a goal with nullable targetDate/accountId set to null","","2026-07-28","passed","2026-07-28","","savings goals (issue #244)","savings goals (issue #244) accepts a goal with nullable targetDate/accountId set to null",""
"","191","the clear row reports back to the caller[jvm]","","2026-07-28","passed","2026-07-28","","DebugLogScreenStateTest[jvm]","com.georgeci.moneysurfer.ui.DebugLogScreenStateTest",""
"","4","an empty tag list encodes as an empty cell and decodes back to no tags[jvm]","","2026-07-28","passed","2026-07-28","","TransactionCsvCodecTest[jvm]","com.georgeci.moneysurfer.domain.csv.TransactionCsvCodecTest",""
"","4","format from minor units correctly[jvm]","","2026-07-28","passed","2026-07-28","","MoneyFormatterTest[jvm]","com.georgeci.moneysurfer.domain.MoneyFormatterTest",""
"","23","a non-blank name enables save[jvm]","","2026-07-28","passed","2026-07-28","","CategoryCreationViewModelTest[jvm]","com.georgeci.moneysurfer.feature.category.creation.CategoryCreationViewModelTest",""
"","2","submitting a valid email with no password reports PasswordRequired[jvm]","","2026-07-28","passed","2026-07-28","","SignInViewModelTest[jvm]","com.georgeci.moneysurfer.feature.login.SignInViewModelTest",""
"","18","happy path: creates ACTIVE member with invite role + marks invite ACCEPTED[jvm]","","2026-07-28","passed","2026-07-28","","AcceptInviteUseCaseTest[jvm]","com.georgeci.moneysurfer.domain.usecase.AcceptInviteUseCaseTest",""
"","0","times by zero is zero even for an out-of-cap magnitude[jvm]","","2026-07-28","passed","2026-07-28","","MoneyTest[jvm]","com.georgeci.moneysurfer.domain.primitives.MoneyTest",""
"","1","encode normalizes, so blanks and duplicates never reach the column[jvm]","","2026-07-28","passed","2026-07-28","","AccountExtraDetailsColumnTest[jvm]","com.georgeci.moneysurfer.data.db.entity.AccountExtraDetailsColumnTest",""
"","128","OnRemoveCategoryClick stages a pending delete[jvm]","","2026-07-28","passed","2026-07-28","","CategoriesManageViewModelTest[jvm]","com.georgeci.moneysurfer.feature.category.manage.CategoriesManageViewModelTest",""
"","122","a root-collection outbox row and a truncated queue both render their own wording[jvm]","","2026-07-28","passed","2026-07-28","","SyncScreenStateTest[jvm]","com.georgeci.moneysurfer.ui.SyncScreenStateTest",""
"","11","enqueueDelete is a no-op when demo session[jvm]","","2026-07-28","passed","2026-07-28","","OutboxEnqueuerSpec[jvm]","com.georgeci.moneysurfer.data.sync.OutboxEnqueuerSpec",""
"","23","invitee accept via full set() (mirrors outbox upload path)","","2026-07-28","passed","2026-07-28","","invites — update / delete","invites — update / delete invitee accept via full set() (mirrors outbox upload path)",""
"","4","RecalculatingProjections title[jvm]","","2026-07-28","passed","2026-07-28","","SyncStepSpec[jvm]","com.georgeci.moneysurfer.sync.api.SyncStepSpec",""
"","231","synced settings are deleted, so the next user cannot inherit them or win LWW with them[jvm]","","2026-07-28","passed","2026-07-28","","LocalDataResetIntegrationIT[jvm]","com.georgeci.moneysurfer.integration.repository.LocalDataResetIntegrationIT",""
"","13","enqueue persists a row with PENDING status[jvm]","","2026-07-28","passed","2026-07-28","","PendingMutationQueueImplSpec[jvm]","com.georgeci.moneysurfer.data.sync.PendingMutationQueueImplSpec",""
"","24","the legacy REGULAR type is bucketed by the amount's sign[jvm]","","2026-07-28","passed","2026-07-28","","TransactionWindowIntegrationIT[jvm]","com.georgeci.moneysurfer.integration.repository.TransactionWindowIntegrationIT",""
"","1","UploadingPendingChanges title[jvm]","","2026-07-28","passed","2026-07-28","","SyncStepSpec[jvm]","com.georgeci.moneysurfer.sync.api.SyncStepSpec",""
"","21","does not leak rows from another workspace[jvm]","","2026-07-28","passed","2026-07-28","","TransactionFtsIntegrationIT[jvm]","com.georgeci.moneysurfer.integration.repository.TransactionFtsIntegrationIT",""
"","43","matches a whole word in the middle of a note[jvm]","","2026-07-28","passed","2026-07-28","","TransactionFtsIntegrationIT[jvm]","com.georgeci.moneysurfer.integration.repository.TransactionFtsIntegrationIT",""
"","23","a stale workspace ref that denies access is skipped, deletion still completes[jvm]","","2026-07-28","passed","2026-07-28","","UserAccountDeletionRepositoryImplTest[jvm]","com.georgeci.moneysurfer.data.repository.UserAccountDeletionRepositoryImplTest",""
"","8","PUSH_MEMBERS sits between PUSH_WORKSPACE and PUSH_INVITES[jvm]","","2026-07-28","passed","2026-07-28","","SyncStepOrderTest[jvm]","com.georgeci.moneysurfer.domain.model.SyncStepOrderTest",""
"","707","duplicating prefills the fields but saves a brand-new transaction[jvm]","","2026-07-28","passed","2026-07-28","","TransactionCreationEditTest[jvm]","com.georgeci.moneysurfer.feature.transaction.creation.TransactionCreationEditTest",""
"","1","a list pushed on top of a detail leaves that detail its back affordance[jvm]","","2026-07-28","passed","2026-07-28","","SurferPaneSceneStrategyTest[jvm]","com.georgeci.moneysurfer.navigation.SurferPaneSceneStrategyTest",""
"","18","back navigates away[jvm]","","2026-07-28","passed","2026-07-28","","SyncViewModelTest[jvm]","com.georgeci.moneysurfer.feature.settings.sync.SyncViewModelTest",""
"","4","case-insensitive email match[jvm]","","2026-07-28","passed","2026-07-28","","AcceptInviteUseCaseTest[jvm]","com.georgeci.moneysurfer.domain.usecase.AcceptInviteUseCaseTest",""
"","33","Transfer is reachable when the host enables it[jvm]","","2026-07-28","passed","2026-07-28","","TransactionCreationSaveTest[jvm]","com.georgeci.moneysurfer.feature.transaction.creation.TransactionCreationSaveTest",""
"","198","a declared key resolves to its typed value[jvm]","","2026-07-28","passed","2026-07-28","","BuildConfigSourceSpec[jvm]","com.georgeci.moneysurfer.appconfig.BuildConfigSourceSpec",""
"","4","release builds enable collection[jvm]","","2026-07-28","passed","2026-07-28","","CrashReportingTest[jvm]","com.georgeci.moneysurfer.domain.telemetry.CrashReportingTest",""
"","19","user can write their own email mapping","","2026-07-28","passed","2026-07-28","","userEmails/{email}","userEmails/{email} user can write their own email mapping",""
"","1","weak-password classifies as WeakPassword[jvm]","","2026-07-28","passed","2026-07-28","","AuthErrorClassificationTest[jvm]","com.georgeci.moneysurfer.data.repository.AuthErrorClassificationTest",""
"","38","OnEditClick asks to open the editor for this category[jvm]","","2026-07-28","passed","2026-07-28","","CategoryDetailsViewModelTest[jvm]","com.georgeci.moneysurfer.feature.category.details.CategoryDetailsViewModelTest",""
"","962","recentTransactionsEmpty is true when no transactions are logged[jvm]","","2026-07-28","passed","2026-07-28","","DashboardViewModelTest[jvm]","com.georgeci.moneysurfer.feature.dashboard.DashboardViewModelTest",""
"","4","blank -> null[jvm]","","2026-07-28","passed","2026-07-28","","TimeFormatterTest[jvm]","com.georgeci.moneysurfer.data.repository.TimeFormatterTest",""
"","23","rejects the issue scenario: transaction amount as a string","","2026-07-28","passed","2026-07-28","","entity write-shape validation (issue #156)","entity write-shape validation (issue #156) rejects the issue scenario: transaction amount as a string",""
"","63","an override the codec can no longer read is still clearable per row[jvm]","","2026-07-28","passed","2026-07-28","","DebugConfigInspectorImplSpec[jvm]","com.georgeci.moneysurfer.appconfig.DebugConfigInspectorImplSpec",""
"","2","no-ops when CreateWorkspaceUseCase has no current user (offline build pre-login)[jvm]","","2026-07-28","passed","2026-07-28","","SeedDefaultsUseCaseTest[jvm]","com.georgeci.moneysurfer.domain.usecase.SeedDefaultsUseCaseTest",""
"","18","opening a category with a single-category budget prefills the cap field[jvm]","","2026-07-28","passed","2026-07-28","","CategoryCreationViewModelTest[jvm]","com.georgeci.moneysurfer.feature.category.creation.CategoryCreationViewModelTest",""
"","2","schedulePeriodic uses default constraints when none supplied[jvm]","","2026-07-28","passed","2026-07-28","","BackgroundSyncSchedulerSpec[jvm]","com.georgeci.moneysurfer.sync.scheduler.BackgroundSyncSchedulerSpec",""
"","16","picking a category for a line leaves the form's own category alone[jvm]","","2026-07-28","passed","2026-07-28","","TransactionCreationSplitTest[jvm]","com.georgeci.moneysurfer.feature.transaction.creation.TransactionCreationSplitTest",""
"","24","asks the repository for the budget's current window, closed at its last day[jvm]","","2026-07-28","passed","2026-07-28","","GetBudgetTransactionsUseCaseTest[jvm]","com.georgeci.moneysurfer.domain.usecase.GetBudgetTransactionsUseCaseTest",""
"","26","OnSubcategoryClick drills into the child rather than replacing this screen[jvm]","","2026-07-28","passed","2026-07-28","","CategoryDetailsViewModelTest[jvm]","com.georgeci.moneysurfer.feature.category.details.CategoryDetailsViewModelTest",""
"","23","trailingMonths ends at the anchor and runs oldest first[jvm]","","2026-07-28","passed","2026-07-28","","CategorySpendHistoryTest[jvm]","com.georgeci.moneysurfer.domain.model.CategorySpendHistoryTest",""
"","2","valid ISO -> LocalDate[jvm]","","2026-07-28","passed","2026-07-28","","TimeFormatterTest[jvm]","com.georgeci.moneysurfer.data.repository.TimeFormatterTest",""
"","1250","the two shortcuts ask for the plain form and the transfer form respectively[jvm]","","2026-07-28","passed","2026-07-28","","DashboardScreenStateTest[jvm]","com.georgeci.moneysurfer.ui.DashboardScreenStateTest",""
"","2","a write is readable synchronously the moment edit returns[jvm]","","2026-07-28","passed","2026-07-28","","PreferencesMirrorJvmTest[jvm]","com.georgeci.moneysurfer.data.config.PreferencesMirrorJvmTest",""
"","59","export writes manifest first followed by main DB and DataStore entries[jvm]","","2026-07-28","passed","2026-07-28","","BackupExporterImplJvmTest[jvm]","com.georgeci.moneysurfer.data.backup.BackupExporterImplJvmTest",""
"","21","unauthenticated user cannot delete a user document","","2026-07-28","passed","2026-07-28","","users/{uid}","users/{uid} unauthenticated user cannot delete a user document",""
"","23","Either.Left(Cancelled) returned from upload completes as cancelled[jvm]","","2026-07-28","passed","2026-07-28","","SyncCoordinatorImplBranchSpec[jvm]","com.georgeci.moneysurfer.sync.coordinator.SyncCoordinatorImplBranchSpec",""
"","1","previousWindow ends exactly where the given window starts — no gap, no overlap[jvm]","","2026-07-28","passed","2026-07-28","","BudgetPeriodWindowTest[jvm]","com.georgeci.moneysurfer.domain.util.BudgetPeriodWindowTest",""
"","28","non-member cannot read","","2026-07-28","passed","2026-07-28","","member-gated entities (accounts)","member-gated entities (accounts) non-member cannot read",""
"","1","a budget with categories only counts those categories[jvm]","","2026-07-28","passed","2026-07-28","","BudgetProgressTest[jvm]","com.georgeci.moneysurfer.domain.model.BudgetProgressTest",""
"","12","back is still a navigation side effect[jvm]","","2026-07-28","passed","2026-07-28","","PreferencesViewModelTest[jvm]","com.georgeci.moneysurfer.feature.settings.preferences.PreferencesViewModelTest",""
"","3","every stale key is queued, not just the first[jvm]","","2026-07-28","passed","2026-07-28","","SyncedSettingsSessionImplJvmTest[jvm]","com.georgeci.moneysurfer.data.config.SyncedSettingsSessionImplJvmTest",""
"","1","picking the style a widget already has is not written back[jvm]","","2026-07-28","passed","2026-07-28","","DashboardCustomizeViewModelTest[jvm]","com.georgeci.moneysurfer.feature.dashboard.customize.DashboardCustomizeViewModelTest",""
"","1","uppercases hex letters[jvm]","","2026-07-28","passed","2026-07-28","","TransactionReferenceTest[jvm]","com.georgeci.moneysurfer.domain.model.TransactionReferenceTest",""
"","52","both legs of a transfer contribute zero, category or not[jvm]","","2026-07-28","passed","2026-07-28","","SpendAnalyticsRepositoryImplJvmTest[jvm]","com.georgeci.moneysurfer.data.repository.SpendAnalyticsRepositoryImplJvmTest",""
"","126","deleting from edit mode removes the row, refunds the balance and offers undo[jvm]","","2026-07-28","passed","2026-07-28","","TransactionCreationEditTest[jvm]","com.georgeci.moneysurfer.feature.transaction.creation.TransactionCreationEditTest",""
"","1","is idempotent[jvm]","","2026-07-28","passed","2026-07-28","","TransactionTagsTest[jvm]","com.georgeci.moneysurfer.domain.model.TransactionTagsTest",""
"","244","an exception below the ViewModel renders the global error state[jvm]","","2026-07-28","passed","2026-07-28","","GlobalErrorBoundaryTest[jvm]","com.georgeci.moneysurfer.ui.GlobalErrorBoundaryTest",""
"","27","a host that says nothing is assumed to relaunch itself[jvm]","","2026-07-28","passed","2026-07-28","","AppRestarterTest[jvm]","com.georgeci.moneysurfer.domain.backup.AppRestarterTest",""
"","0","moving a widget up puts it in the slot of the widget it landed on[jvm]","","2026-07-28","passed","2026-07-28","","DashboardLayoutConfigTest[jvm]","com.georgeci.moneysurfer.domain.dashboard.DashboardLayoutConfigTest",""
"","1","an empty back stack has no panes[jvm]","","2026-07-28","passed","2026-07-28","","SurferPaneSceneStrategyTest[jvm]","com.georgeci.moneysurfer.navigation.SurferPaneSceneStrategyTest",""
"","97","a real debug source is active, which is what surfaces the QA panel at all[jvm]","","2026-07-28","passed","2026-07-28","","DebugConfigSourceImplJvmTest[jvm]","com.georgeci.moneysurfer.data.config.DebugConfigSourceImplJvmTest",""
"","9","pads ids with fewer than four hex digits[jvm]","","2026-07-28","passed","2026-07-28","","TransactionReferenceTest[jvm]","com.georgeci.moneysurfer.domain.model.TransactionReferenceTest",""
"","1","rollover carries the previous window's leftover into the effective limit[jvm]","","2026-07-28","passed","2026-07-28","","BudgetProgressTest[jvm]","com.georgeci.moneysurfer.domain.model.BudgetProgressTest",""
"","3","moving a widget down puts it in the slot of the widget it landed on[jvm]","","2026-07-28","passed","2026-07-28","","DashboardLayoutConfigTest[jvm]","com.georgeci.moneysurfer.domain.dashboard.DashboardLayoutConfigTest",""
"","1","two budgets on one category take the control read-only, naming the older one[jvm]","","2026-07-28","passed","2026-07-28","","CategoryCapCoverageTest[jvm]","com.georgeci.moneysurfer.domain.model.CategoryCapCoverageTest",""
"","4","Cancelled is not retryable[jvm]","","2026-07-28","passed","2026-07-28","","SyncErrorSpec[jvm]","com.georgeci.moneysurfer.sync.api.SyncErrorSpec",""
"","2","an empty, blank or unparseable column reads as no details rather than throwing[jvm]","","2026-07-28","passed","2026-07-28","","AccountExtraDetailsColumnTest[jvm]","com.georgeci.moneysurfer.data.db.entity.AccountExtraDetailsColumnTest",""
"","19","rejects a non-string value","","2026-07-28","passed","2026-07-28","","users/{uid}/config/{key}","users/{uid}/config/{key} rejects a non-string value",""
"","2","the chevron toggles one parent at a time[jvm]","","2026-07-28","passed","2026-07-28","","CategoryChooserViewModelTest[jvm]","com.georgeci.moneysurfer.feature.category.picker.CategoryChooserViewModelTest",""
"","4","an unparseable boolean is undecodable, not false[jvm]","","2026-07-28","passed","2026-07-28","","ConfigCodecSpec[jvm]","com.georgeci.moneysurfer.appconfig.ConfigCodecSpec",""
"","20","the picked account kind is handed to account creation[jvm]","","2026-07-28","passed","2026-07-28","","OnboardingViewModelTest[jvm]","com.georgeci.moneysurfer.feature.login.onboarding.OnboardingViewModelTest",""
"","26","round-trip: merchant tags and recurring rule id survive export and import[jvm]","","2026-07-28","passed","2026-07-28","","ExportImportTransactionsUseCaseTest[jvm]","com.georgeci.moneysurfer.domain.csv.ExportImportTransactionsUseCaseTest",""
"","3","'1.2.3' (multiple dots)[jvm]","","2026-07-28","passed","2026-07-28","","AmountInputTransformationTest[jvm]","com.georgeci.moneysurfer.utils.AmountInputTransformationTest",""
"","6","a write landing while the first is IN_FLIGHT queues a second row[jvm]","","2026-07-28","passed","2026-07-28","","PendingMutationQueueIntegrationIT[jvm]","com.georgeci.moneysurfer.integration.sync.PendingMutationQueueIntegrationIT",""
"","1","the dashboard layout stays device-scoped — a phone layout is wrong on a tablet[jvm]","","2026-07-28","passed","2026-07-28","","ConfigKeyScopeTest[jvm]","com.georgeci.moneysurfer.data.config.ConfigKeyScopeTest",""
"","5","isEnabled returns false when app version is Unsupported[jvm]","","2026-07-28","passed","2026-07-28","","OutboxEnqueuerSpec[jvm]","com.georgeci.moneysurfer.data.sync.OutboxEnqueuerSpec",""
"","46","clearing one override leaves the others alone[jvm]","","2026-07-28","passed","2026-07-28","","DebugConfigSourceImplJvmTest[jvm]","com.georgeci.moneysurfer.data.config.DebugConfigSourceImplJvmTest",""
"","6","a DELETE is ignored — settings are overwritten, never deleted[jvm]","","2026-07-28","passed","2026-07-28","","UserConfigSyncPluginSpec[jvm]","com.georgeci.moneysurfer.data.sync.plugin.UserConfigSyncPluginSpec",""
"","13","goal details carry progress and history[jvm]","","2026-07-28","passed","2026-07-28","","SavingsGoalUseCaseTest[jvm]","com.georgeci.moneysurfer.domain.usecase.SavingsGoalUseCaseTest",""
"","22","a row with no category lands in the uncategorized bucket rather than vanishing[jvm]","","2026-07-28","passed","2026-07-28","","SpendAnalyticsRepositoryImplJvmTest[jvm]","com.georgeci.moneysurfer.data.repository.SpendAnalyticsRepositoryImplJvmTest",""
"","6","a device-scoped key never reaches config_entry[jvm]","","2026-07-28","passed","2026-07-28","","LocalConfigSourceImplJvmTest[jvm]","com.georgeci.moneysurfer.data.config.LocalConfigSourceImplJvmTest",""
"","186","collapses per-platform artifacts into a handful of family rows[jvm]","","2026-07-28","passed","2026-07-28","","ParseOssLibrariesTest[jvm]","com.georgeci.moneysurfer.feature.settings.about.licenses.ParseOssLibrariesTest",""
"","4","cursors are scoped to the active workspace and ordered by collection[jvm]","","2026-07-28","passed","2026-07-28","","SyncViewModelTest[jvm]","com.georgeci.moneysurfer.feature.settings.sync.SyncViewModelTest",""
"","1","scheduleOneShot uses default constraints when none supplied[jvm]","","2026-07-28","passed","2026-07-28","","BackgroundSyncSchedulerSpec[jvm]","com.georgeci.moneysurfer.sync.scheduler.BackgroundSyncSchedulerSpec",""
"","14","markInFlight excludes rows from pending() but markFailed brings them back[jvm]","","2026-07-28","passed","2026-07-28","","PendingMutationQueueIntegrationIT[jvm]","com.georgeci.moneysurfer.integration.sync.PendingMutationQueueIntegrationIT",""
"","1","the unset sentinels are not mistaken for stored values[jvm]","","2026-07-28","passed","2026-07-28","","CategoryAppearanceTest[jvm]","com.georgeci.moneysurfer.domain.model.CategoryAppearanceTest",""
"","3","the user-scoped phase runs for a workspace-scoped sync too[jvm]","","2026-07-28","passed","2026-07-28","","PullRemoteChangesUseCaseImplSpec[jvm]","com.georgeci.moneysurfer.data.sync.PullRemoteChangesUseCaseImplSpec",""
"","19","invitee cannot transition to a terminal state other than ACCEPTED/DECLINED","","2026-07-28","passed","2026-07-28","","invites — update / delete","invites — update / delete invitee cannot transition to a terminal state other than ACCEPTED/DECLINED",""
"","20","rejects a value over 1024 characters","","2026-07-28","passed","2026-07-28","","users/{uid}/config/{key}","users/{uid}/config/{key} rejects a value over 1024 characters",""
"","9","every field survives an encode/decode round-trip[jvm]","","2026-07-28","passed","2026-07-28","","TransactionCsvCodecTest[jvm]","com.georgeci.moneysurfer.domain.csv.TransactionCsvCodecTest",""
"","1","letters are an invalid format[jvm]","","2026-07-28","passed","2026-07-28","","TransactionAmountInputTest[jvm]","com.georgeci.moneysurfer.feature.transaction.creation.TransactionAmountInputTest",""
"","5","leftAt path keeps role unchanged and status flipped to LEFT[jvm]","","2026-07-28","passed","2026-07-28","","WorkspaceMemberRepositoryIntegrationIT[jvm]","com.georgeci.moneysurfer.integration.repository.WorkspaceMemberRepositoryIntegrationIT",""
"","2","normalize preserves the order the user added the entries in[jvm]","","2026-07-28","passed","2026-07-28","","AccountExtraDetailsTest[jvm]","com.georgeci.moneysurfer.domain.model.AccountExtraDetailsTest",""
"","21","contribution create is blocked when clientVersionCode is below the floor","","2026-07-28","passed","2026-07-28","","savings goals (issue #244)","savings goals (issue #244) contribution create is blocked when clientVersionCode is below the floor",""
"","1","PULL_MEMBERS sits between PULL_WORKSPACE and PULL_INVITES[jvm]","","2026-07-28","passed","2026-07-28","","SyncStepOrderTest[jvm]","com.georgeci.moneysurfer.domain.model.SyncStepOrderTest",""
"","75","oversized manifest entry is rejected before parsing[jvm]","","2026-07-28","passed","2026-07-28","","BackupImporterImplJvmTest[jvm]","com.georgeci.moneysurfer.data.backup.BackupImporterImplJvmTest",""
"","77","online build layer keeps the full surface, sync included[jvm]","","2026-07-28","passed","2026-07-28","","OnlineConfigGraphTest[jvm]","com.georgeci.moneysurfer.di.OnlineConfigGraphTest",""
"","0","the uncategorized bucket is a subject like any other[jvm]","","2026-07-28","passed","2026-07-28","","InsightRulesTest[jvm]","com.georgeci.moneysurfer.domain.insight.InsightRulesTest",""
"","1","sanitize keeps only the first decimal separator and normalises commas[jvm]","","2026-07-28","passed","2026-07-28","","InitialBalanceInputTest[jvm]","com.georgeci.moneysurfer.feature.account.creation.InitialBalanceInputTest",""
"","1","Completed title[jvm]","","2026-07-28","passed","2026-07-28","","SyncStepSpec[jvm]","com.georgeci.moneysurfer.sync.api.SyncStepSpec",""
"","29","recent transactions include the ones booked to a child[jvm]","","2026-07-28","passed","2026-07-28","","CategoryDetailsViewModelTest[jvm]","com.georgeci.moneysurfer.feature.category.details.CategoryDetailsViewModelTest",""
"","39","member can read","","2026-07-28","passed","2026-07-28","","member-gated entities (accounts)","member-gated entities (accounts) member can read",""
"","20","cross-currency transfer uses separate fromMoney and toMoney with each account's currency[jvm]","","2026-07-28","passed","2026-07-28","","TransactionCreationSaveTest[jvm]","com.georgeci.moneysurfer.feature.transaction.creation.TransactionCreationSaveTest",""
"","29","the day's net counts every leg, not just the one standing for the group[jvm]","","2026-07-28","passed","2026-07-28","","TransactionsListSplitTest[jvm]","com.georgeci.moneysurfer.feature.transaction.list.TransactionsListSplitTest",""
"","7","invalid-email (FIRAuth 17008) classifies as InvalidEmail, not InvalidCredentials[jvm]","","2026-07-28","passed","2026-07-28","","AuthErrorClassificationTest[jvm]","com.georgeci.moneysurfer.data.repository.AuthErrorClassificationTest",""
"","3","manifest declaring a missing file surfaces MissingFile[jvm]","","2026-07-28","passed","2026-07-28","","BackupImporterImplJvmTest[jvm]","com.georgeci.moneysurfer.data.backup.BackupImporterImplJvmTest",""
"","18","leaving the cap empty creates no budget at all[jvm]","","2026-07-28","passed","2026-07-28","","CategoryCreationViewModelTest[jvm]","com.georgeci.moneysurfer.feature.category.creation.CategoryCreationViewModelTest",""
"","6","consolidated invalid-login-credentials classifies as InvalidCredentials[jvm]","","2026-07-28","passed","2026-07-28","","AuthErrorClassificationTest[jvm]","com.georgeci.moneysurfer.data.repository.AuthErrorClassificationTest",""
"","19","the pager stops at the current period but always allows going back[jvm]","","2026-07-28","passed","2026-07-28","","TransactionsByAccountPeriodTest[jvm]","com.georgeci.moneysurfer.feature.transaction.list.TransactionsByAccountPeriodTest",""
"","17","the backfill numbers each workspace's accounts by insertion order, independently[jvm]","","2026-07-28","passed","2026-07-28","","AccountSortOrderMigrationIT[jvm]","com.georgeci.moneysurfer.integration.repository.AccountSortOrderMigrationIT",""
"","0","repeat delete (null/null) is a no-op[jvm]","","2026-07-28","passed","2026-07-28","","ApplyTransactionChangeUseCaseTest[jvm]","com.georgeci.moneysurfer.domain.usecase.ApplyTransactionChangeUseCaseTest",""
"","51","details round-trip through the column, order included[jvm]","","2026-07-28","passed","2026-07-28","","AccountExtraDetailsColumnTest[jvm]","com.georgeci.moneysurfer.data.db.entity.AccountExtraDetailsColumnTest",""
"","16","releasing one key leaves the others held[jvm]","","2026-07-28","passed","2026-07-28","","LayeredConfigSpec[jvm]","com.georgeci.moneysurfer.appconfig.LayeredConfigSpec",""
"","11","a transfer leg pairs with its duplicate counterpart already in the database[jvm]","","2026-07-28","passed","2026-07-28","","ImportTransactionsValidationTest[jvm]","com.georgeci.moneysurfer.domain.csv.ImportTransactionsValidationTest",""
"","1","an empty list encodes to the column default[jvm]","","2026-07-28","passed","2026-07-28","","AccountExtraDetailsColumnTest[jvm]","com.georgeci.moneysurfer.data.db.entity.AccountExtraDetailsColumnTest",""
"","1","abs of an ordinary negative amount is its magnitude[jvm]","","2026-07-28","passed","2026-07-28","","MoneyTest[jvm]","com.georgeci.moneysurfer.domain.primitives.MoneyTest",""
"","0","create expense decrements cache by amount[jvm]","","2026-07-28","passed","2026-07-28","","ApplyTransactionChangeUseCaseTest[jvm]","com.georgeci.moneysurfer.domain.usecase.ApplyTransactionChangeUseCaseTest",""
"","28","observeAll re-emits after every write, including one made by the pull[jvm]","","2026-07-28","passed","2026-07-28","","ConfigEntryDaoIntegrationIT[jvm]","com.georgeci.moneysurfer.integration.repository.ConfigEntryDaoIntegrationIT",""
"","82","changing the period resets paging back to the first page[jvm]","","2026-07-28","passed","2026-07-28","","TransactionsByAccountPeriodTest[jvm]","com.georgeci.moneysurfer.feature.transaction.list.TransactionsByAccountPeriodTest",""
"","35","isEnabled returns false when firebaseUid is null (demo session)[jvm]","","2026-07-28","passed","2026-07-28","","OutboxEnqueuerSpec[jvm]","com.georgeci.moneysurfer.data.sync.OutboxEnqueuerSpec",""
"","3","the tree groups children under their parent and counts them[jvm]","","2026-07-28","passed","2026-07-28","","CategoryChooserViewModelTest[jvm]","com.georgeci.moneysurfer.feature.category.picker.CategoryChooserViewModelTest",""
"","11","sanitize drops letters and other stray characters[jvm]","","2026-07-28","passed","2026-07-28","","InitialBalanceInputTest[jvm]","com.georgeci.moneysurfer.feature.account.creation.InitialBalanceInputTest",""
"","17","upsert (existing) enqueues UPDATE[jvm]","","2026-07-28","passed","2026-07-28","","WorkspaceInviteRepositoryDualWriteSpec[jvm]","com.georgeci.moneysurfer.data.repository.WorkspaceInviteRepositoryDualWriteSpec",""
"","38","swiping one leg of a transfer takes both, and Undo restores the pair[jvm]","","2026-07-28","passed","2026-07-28","","TransactionsByAccountDeleteTest[jvm]","com.georgeci.moneysurfer.feature.transaction.list.TransactionsByAccountDeleteTest",""
"","28","a reset whose cancel never lands still clears the cursors rather than dropping the action[jvm]","","2026-07-28","passed","2026-07-28","","SyncViewModelTest[jvm]","com.georgeci.moneysurfer.feature.settings.sync.SyncViewModelTest",""
"","0","restyling to the style a widget already has, or a widget the layout lacks, changes nothing[jvm]","","2026-07-28","passed","2026-07-28","","DashboardLayoutConfigTest[jvm]","com.georgeci.moneysurfer.domain.dashboard.DashboardLayoutConfigTest",""
"","21","the Transfer marker agrees on both sides[jvm]","","2026-07-28","passed","2026-07-28","","CategoryPaletteParityTest[jvm]","com.georgeci.moneysurfer.feature.category.CategoryPaletteParityTest",""
"","503","each sync error maps to its own message, and the two carrying server text pass it through[jvm]","","2026-07-28","passed","2026-07-28","","SyncScreenStateTest[jvm]","com.georgeci.moneysurfer.ui.SyncScreenStateTest",""
"","10","offline build hides the extra details section[jvm]","","2026-07-28","passed","2026-07-28","","AccountCreationViewModelTest[jvm]","com.georgeci.moneysurfer.feature.account.creation.AccountCreationViewModelTest",""
"","3","successful deletion clears the session and keeps the overlay up[jvm]","","2026-07-28","passed","2026-07-28","","DeleteUserAccountViewModelTest[jvm]","com.georgeci.moneysurfer.feature.settings.account.DeleteUserAccountViewModelTest",""
"","11","warnings and errors are recorded, newest first[jvm]","","2026-07-28","passed","2026-07-28","","DebugLogBufferTest[jvm]","com.georgeci.moneysurfer.domain.logging.DebugLogBufferTest",""
"","36","invite sender can append one wid to recipient invitedWorkspaceIds","","2026-07-28","passed","2026-07-28","","users/{uid} — invitedWorkspaceIds cross-user append","users/{uid} — invitedWorkspaceIds cross-user append invite sender can append one wid to recipient invitedWorkspaceIds",""
"","2","shifting a week steps seven days from the week start[jvm]","","2026-07-28","passed","2026-07-28","","TransactionPeriodWindowTest[jvm]","com.georgeci.moneysurfer.domain.util.TransactionPeriodWindowTest",""
"","7","RemoteGlobal serves a remoteOverridable key[jvm]","","2026-07-28","passed","2026-07-28","","LayeredConfigSpec[jvm]","com.georgeci.moneysurfer.appconfig.LayeredConfigSpec",""
"","27","the logs row navigates without touching the inspector[jvm]","","2026-07-28","passed","2026-07-28","","DebugConfigViewModelTest[jvm]","com.georgeci.moneysurfer.feature.settings.debug.DebugConfigViewModelTest",""
"","4","last month is the whole previous month, not thirty days back[jvm]","","2026-07-28","passed","2026-07-28","","TransactionFilterMatchingTest[jvm]","com.georgeci.moneysurfer.feature.transaction.filter.TransactionFilterMatchingTest",""
"","3","ReplaceQueued cancels existing pending and replaces it[jvm]","","2026-07-28","passed","2026-07-28","","SyncCoordinatorImplBranchSpec[jvm]","com.georgeci.moneysurfer.sync.coordinator.SyncCoordinatorImplBranchSpec",""
"","3","AllUserData additionally pulls invites from workspaces the user is invited to[jvm]","","2026-07-28","passed","2026-07-28","","PullRemoteChangesUseCaseImplSpec[jvm]","com.georgeci.moneysurfer.data.sync.PullRemoteChangesUseCaseImplSpec",""
"","1","ProjectionSummary carries the recalculated count[jvm]","","2026-07-28","passed","2026-07-28","","ProjectionSpec[jvm]","com.georgeci.moneysurfer.sync.projection.ProjectionSpec",""
"","275","an overspent budget says so in the caption rather than reading as headroom[jvm]","","2026-07-28","passed","2026-07-28","","DashboardScreenStateTest[jvm]","com.georgeci.moneysurfer.ui.DashboardScreenStateTest",""
"","45","saving a split writes one leg per line, sharing a split id[jvm]","","2026-07-28","passed","2026-07-28","","TransactionCreationSplitTest[jvm]","com.georgeci.moneysurfer.feature.transaction.creation.TransactionCreationSplitTest",""
"","1","no-op when role unchanged[jvm]","","2026-07-28","passed","2026-07-28","","ChangeMemberRoleUseCaseTest[jvm]","com.georgeci.moneysurfer.domain.usecase.ChangeMemberRoleUseCaseTest",""
"","181","outbox rows and cursors replace their empty states, one node per row[jvm]","","2026-07-28","passed","2026-07-28","","SyncScreenStateTest[jvm]","com.georgeci.moneysurfer.ui.SyncScreenStateTest",""
"","11","dismissing the guest warning cancels the logout[jvm]","","2026-07-28","passed","2026-07-28","","SettingsLogoutViewModelTest[jvm]","com.georgeci.moneysurfer.feature.settings.SettingsLogoutViewModelTest",""
"","7","failure on the first mutation fails the whole batch and completes nothing[jvm]","","2026-07-28","passed","2026-07-28","","UploadPendingChangesUseCaseImplSpec[jvm]","com.georgeci.moneysurfer.data.sync.UploadPendingChangesUseCaseImplSpec",""
"","11","soft-delete via upsert sets status REMOVED and stamps removedAt without erasing the row[jvm]","","2026-07-28","passed","2026-07-28","","WorkspaceMemberRepositoryIntegrationIT[jvm]","com.georgeci.moneysurfer.integration.repository.WorkspaceMemberRepositoryIntegrationIT",""
"","243","password error renders under the password field[jvm]","","2026-07-28","passed","2026-07-28","","SignInScreenStateTest[jvm]","com.georgeci.moneysurfer.ui.SignInScreenStateTest",""
"","1","addConflicts accumulates conflictCount[jvm]","","2026-07-28","passed","2026-07-28","","SyncSummaryBuilderSpec[jvm]","com.georgeci.moneysurfer.sync.api.SyncSummaryBuilderSpec",""
"","7","the trailing line holds the remainder and the ones above it hold what was typed[jvm]","","2026-07-28","passed","2026-07-28","","TransactionCreationSplitEditingTest[jvm]","com.georgeci.moneysurfer.feature.transaction.creation.TransactionCreationSplitEditingTest",""
"","1","the Expanded band runs from its lower bound up to the Large bound[jvm]","","2026-07-28","passed","2026-07-28","","SurferWindowSizeTest[jvm]","com.georgeci.moneysurfer.uikit.window.SurferWindowSizeTest",""
"","3","cancel invokes the supplied cancelAction once[jvm]","","2026-07-28","passed","2026-07-28","","SyncHandleImplSpec[jvm]","com.georgeci.moneysurfer.sync.coordinator.SyncHandleImplSpec",""
"","13","a pull overwrites a local row and clears its pending state[jvm]","","2026-07-28","passed","2026-07-28","","ConfigEntryDaoIntegrationIT[jvm]","com.georgeci.moneysurfer.integration.repository.ConfigEntryDaoIntegrationIT",""
"","3","archived budgets never speak for the headline[jvm]","","2026-07-28","passed","2026-07-28","","SafeToSpendTest[jvm]","com.georgeci.moneysurfer.domain.model.SafeToSpendTest",""
"","14","a row whose category belongs to a different workspace is rejected[jvm]","","2026-07-28","passed","2026-07-28","","ImportTransactionsValidationTest[jvm]","com.georgeci.moneysurfer.domain.csv.ImportTransactionsValidationTest",""
"","3","deterministic — same input gives same output[jvm]","","2026-07-28","passed","2026-07-28","","LwwConflictResolverSpec[jvm]","com.georgeci.moneysurfer.sync.repository.LwwConflictResolverSpec",""
"","23","rejects a non-string transaction recurringRuleId","","2026-07-28","passed","2026-07-28","","entity write-shape validation (issue #156)","entity write-shape validation (issue #156) rejects a non-string transaction recurringRuleId",""
"","476","an available panel renders the key rows and the reset action[jvm]","","2026-07-28","passed","2026-07-28","","DebugConfigScreenStateTest[jvm]","com.georgeci.moneysurfer.ui.DebugConfigScreenStateTest",""
"","23","RemoteGlobal cannot override a host fact even when it names one[jvm]","","2026-07-28","passed","2026-07-28","","LayeredConfigSpec[jvm]","com.georgeci.moneysurfer.appconfig.LayeredConfigSpec",""
"","2","a detail opened from its list drops its own chrome[jvm]","","2026-07-28","passed","2026-07-28","","SurferPaneSceneStrategyTest[jvm]","com.georgeci.moneysurfer.navigation.SurferPaneSceneStrategyTest",""
"","0","all PUSH steps precede all PULL steps[jvm]","","2026-07-28","passed","2026-07-28","","SyncStepOrderTest[jvm]","com.georgeci.moneysurfer.domain.model.SyncStepOrderTest",""
"","5","a leg carrying no money is refused[jvm]","","2026-07-28","passed","2026-07-28","","CreateSplitTransactionUseCaseTest[jvm]","com.georgeci.moneysurfer.domain.usecase.CreateSplitTransactionUseCaseTest",""
"","18","create blocked when clientVersionCode is below floor","","2026-07-28","passed","2026-07-28","","workspaces/{wid}","workspaces/{wid} create blocked when clientVersionCode is below floor",""
"","2","every tag in the cell is guarded on its own not just the first[jvm]","","2026-07-28","passed","2026-07-28","","TransactionCsvCodecTest[jvm]","com.georgeci.moneysurfer.domain.csv.TransactionCsvCodecTest",""
"","44","is stable for the same id[jvm]","","2026-07-28","passed","2026-07-28","","TransactionReferenceTest[jvm]","com.georgeci.moneysurfer.domain.model.TransactionReferenceTest",""
"","6","a real user logs out immediately without a warning[jvm]","","2026-07-28","passed","2026-07-28","","SettingsLogoutViewModelTest[jvm]","com.georgeci.moneysurfer.feature.settings.SettingsLogoutViewModelTest",""
"","6","invited-workspaces phase is skipped without a Firebase uid[jvm]","","2026-07-28","passed","2026-07-28","","PullRemoteChangesUseCaseImplSpec[jvm]","com.georgeci.moneysurfer.data.sync.PullRemoteChangesUseCaseImplSpec",""
"","0","epochMillis=-1000[jvm]","","2026-07-28","passed","2026-07-28","","TimeFormatterTest[jvm]","com.georgeci.moneysurfer.data.repository.TimeFormatterTest",""
"","9","totals sum magnitudes per type over the whole window, not per page[jvm]","","2026-07-28","passed","2026-07-28","","TransactionWindowIntegrationIT[jvm]","com.georgeci.moneysurfer.integration.repository.TransactionWindowIntegrationIT",""
"","10","both themes carry a tint for every hue in the catalogue[jvm]","","2026-07-28","passed","2026-07-28","","CategoryPaletteParityTest[jvm]","com.georgeci.moneysurfer.feature.category.CategoryPaletteParityTest",""
"","14","magic constant is stable (backup format compatibility)[jvm]","","2026-07-28","passed","2026-07-28","","EncryptedBackupCodecTest[jvm]","com.georgeci.moneysurfer.data.backup.EncryptedBackupCodecTest",""
"","18","owner can hard-delete a member row (account-deletion purge)","","2026-07-28","passed","2026-07-28","","workspaces/{wid}/members/{uid}","workspaces/{wid}/members/{uid} owner can hard-delete a member row (account-deletion purge)",""
"","9","happy path runs steps in order and clears the local session[jvm]","","2026-07-28","passed","2026-07-28","","DeleteUserAccountUseCaseTest[jvm]","com.georgeci.moneysurfer.domain.usecase.DeleteUserAccountUseCaseTest",""
"","2469","offline app module graph resolves()[jvm]","","2026-07-28","passed","2026-07-28","","OfflineKoinModuleVerificationTest[jvm]","com.georgeci.moneysurfer.offline.di.OfflineKoinModuleVerificationTest",""
"","0","an error without a throwable only leaves a breadcrumb[jvm]","","2026-07-28","passed","2026-07-28","","CrashReportingLogWriterTest[jvm]","com.georgeci.moneysurfer.domain.telemetry.CrashReportingLogWriterTest",""
"","26","editing snapshots the stored row for the identity band and keeps it while fields change[jvm]","","2026-07-28","passed","2026-07-28","","TransactionCreationEditTest[jvm]","com.georgeci.moneysurfer.feature.transaction.creation.TransactionCreationEditTest",""
"","440","with no workspace the reset row is inert — there is no scope to clear[jvm]","","2026-07-28","passed","2026-07-28","","SyncScreenStateTest[jvm]","com.georgeci.moneysurfer.ui.SyncScreenStateTest",""
"","0","repeat delete (null/null) is empty delta[jvm]","","2026-07-28","passed","2026-07-28","","CalculateBalanceDeltaTest[jvm]","com.georgeci.moneysurfer.domain.model.CalculateBalanceDeltaTest",""
"","10","local insert failure returns LocalWriteFailed and skips remote work[jvm]","","2026-07-28","passed","2026-07-28","","CreateWorkspaceUseCaseTest[jvm]","com.georgeci.moneysurfer.domain.usecase.CreateWorkspaceUseCaseTest",""
"","28","relaunch is idempotent — no duplicate workspace and still no seeded account[jvm]","","2026-07-28","passed","2026-07-28","","OfflineFirstRunSeederTest[jvm]","com.georgeci.moneysurfer.offline.firstrun.OfflineFirstRunSeederTest",""
"","18","writes two linked legs sharing transferId, tagged with the workspace's Transfer category[jvm]","","2026-07-28","passed","2026-07-28","","CreateTransferUseCaseTest[jvm]","com.georgeci.moneysurfer.domain.usecase.CreateTransferUseCaseTest",""
"","1","a remote tag containing the CSV separator is normalized, not split[jvm]","","2026-07-28","passed","2026-07-28","","TransactionDtoMapperSpec[jvm]","com.georgeci.moneysurfer.data.sync.TransactionDtoMapperSpec",""
"","22","member can tombstone their own row (self-leave: role and status unchanged)","","2026-07-28","passed","2026-07-28","","tombstone update shape (push-side soft delete)","tombstone update shape (push-side soft delete) member can tombstone their own row (self-leave: role and status unchanged)",""
"","4","format large amount[jvm]","","2026-07-28","passed","2026-07-28","","MoneyFormatterTest[jvm]","com.georgeci.moneysurfer.domain.MoneyFormatterTest",""
"","960","every hero variant renders — queued and running also drive the live section[jvm]","","2026-07-28","passed","2026-07-28","","SyncScreenStateTest[jvm]","com.georgeci.moneysurfer.ui.SyncScreenStateTest",""
"","26","accepts a fully-populated, correctly-typed budget","","2026-07-28","passed","2026-07-28","","entity write-shape validation (issue #156)","entity write-shape validation (issue #156) accepts a fully-populated, correctly-typed budget",""
"","12","a scopeless row still dedupes against another scopeless row[jvm]","","2026-07-28","passed","2026-07-28","","PendingMutationQueueIntegrationIT[jvm]","com.georgeci.moneysurfer.integration.sync.PendingMutationQueueIntegrationIT",""
"","108","a workspace row the device has not pulled yet emits nothing rather than a wrong total[jvm]","","2026-07-28","passed","2026-07-28","","GenerateInsightsUseCaseTest[jvm]","com.georgeci.moneysurfer.domain.usecase.GenerateInsightsUseCaseTest",""
"","16","transitions to Content when categories arrive[jvm]","","2026-07-28","passed","2026-07-28","","CategoriesManageViewModelTest[jvm]","com.georgeci.moneysurfer.feature.category.manage.CategoriesManageViewModelTest",""
"","7","a synced key is stored in config_entry, not in the preferences file[jvm]","","2026-07-28","passed","2026-07-28","","LocalConfigSourceImplJvmTest[jvm]","com.georgeci.moneysurfer.data.config.LocalConfigSourceImplJvmTest",""
"","35","an evicted (REMOVED) member CANNOT self-resurrect to ACTIVE","","2026-07-28","passed","2026-07-28","","workspaces/{wid}/members/{uid}","workspaces/{wid}/members/{uid} an evicted (REMOVED) member CANNOT self-resurrect to ACTIVE",""
"","4","enqueueUpsert rejects DELETE — must call enqueueDelete instead[jvm]","","2026-07-28","passed","2026-07-28","","OutboxEnqueuerImplSpec[jvm]","com.georgeci.moneysurfer.sync.repository.OutboxEnqueuerImplSpec",""
"","37","attacker CANNOT self-create by pointing at an invite addressed to someone else","","2026-07-28","passed","2026-07-28","","workspaces/{wid}/members/{uid}","workspaces/{wid}/members/{uid} attacker CANNOT self-create by pointing at an invite addressed to someone else",""
"","2","rejects when no current user[jvm]","","2026-07-28","passed","2026-07-28","","LeaveWorkspaceUseCaseTest[jvm]","com.georgeci.moneysurfer.domain.usecase.LeaveWorkspaceUseCaseTest",""
"","9","online build keeps the extra details section visible[jvm]","","2026-07-28","passed","2026-07-28","","AccountCreationViewModelTest[jvm]","com.georgeci.moneysurfer.feature.account.creation.AccountCreationViewModelTest",""
"","0","ActiveWorkspace scope skips the invited-workspaces phase[jvm]","","2026-07-28","passed","2026-07-28","","PullRemoteChangesUseCaseImplSpec[jvm]","com.georgeci.moneysurfer.data.sync.PullRemoteChangesUseCaseImplSpec",""
"","19","user can update their own document","","2026-07-28","passed","2026-07-28","","users/{uid}","users/{uid} user can update their own document",""
"","33","an override applies and marks the row as overridden[jvm]","","2026-07-28","passed","2026-07-28","","DebugConfigInspectorImplSpec[jvm]","com.georgeci.moneysurfer.appconfig.DebugConfigInspectorImplSpec",""
"","3","a debug override still outranks the overlay[jvm]","","2026-07-28","passed","2026-07-28","","LayeredConfigSpec[jvm]","com.georgeci.moneysurfer.appconfig.LayeredConfigSpec",""
"","0","an empty store means the default layout[jvm]","","2026-07-28","passed","2026-07-28","","DashboardLayoutCodecTest[jvm]","com.georgeci.moneysurfer.data.preferences.DashboardLayoutCodecTest",""
"","304","wrong password surfaces WrongPassword notice and re-enables the screen[jvm]","","2026-07-28","passed","2026-07-28","","DeleteUserAccountViewModelTest[jvm]","com.georgeci.moneysurfer.feature.settings.account.DeleteUserAccountViewModelTest",""
"","152","a row with no override of its own has nothing to clear[jvm]","","2026-07-28","passed","2026-07-28","","DebugConfigScreenStateTest[jvm]","com.georgeci.moneysurfer.ui.DebugConfigScreenStateTest",""
"","3","a merchant starting with a formula trigger is neutralised on encode[jvm]","","2026-07-28","passed","2026-07-28","","TransactionCsvCodecTest[jvm]","com.georgeci.moneysurfer.domain.csv.TransactionCsvCodecTest",""
"","1","each style writes itself out the way the Preferences pill shows it[jvm]","","2026-07-28","passed","2026-07-28","","NumberFormatStyleTest[jvm]","com.georgeci.moneysurfer.domain.preferences.NumberFormatStyleTest",""
"","21","member can get the workspace doc","","2026-07-28","passed","2026-07-28","","workspaces/{wid}","workspaces/{wid} member can get the workspace doc",""
"","40","children are listed directly under their parent, one level deep[jvm]","","2026-07-28","passed","2026-07-28","","CategoriesManageViewModelTest[jvm]","com.georgeci.moneysurfer.feature.category.manage.CategoriesManageViewModelTest",""
"","0","every decoded code survives a re-encode[jvm]","","2026-07-28","passed","2026-07-28","","CurrencyCodeCodecTest[jvm]","com.georgeci.moneysurfer.data.config.CurrencyCodeCodecTest",""
"","19","selecting a category publishes it back to the caller[jvm]","","2026-07-28","passed","2026-07-28","","CategoryChooserViewModelTest[jvm]","com.georgeci.moneysurfer.feature.category.picker.CategoryChooserViewModelTest",""
"","6","'007' (leading zeros)[jvm]","","2026-07-28","passed","2026-07-28","","AmountInputTransformationTest[jvm]","com.georgeci.moneysurfer.utils.AmountInputTransformationTest",""
"","2","no enqueue when not signed in to Firebase (demo session)[jvm]","","2026-07-28","passed","2026-07-28","","OutboxEnqueuerImplSpec[jvm]","com.georgeci.moneysurfer.sync.repository.OutboxEnqueuerImplSpec",""
"","8","income and expense totals sum only their own direction, ignoring the opening balance[jvm]","","2026-07-28","passed","2026-07-28","","AccountDetailsViewModelTest[jvm]","com.georgeci.moneysurfer.feature.account.details.AccountDetailsViewModelTest",""
"","37","income counts in the monthly net and nowhere else[jvm]","","2026-07-28","passed","2026-07-28","","SpendAnalyticsRepositoryImplJvmTest[jvm]","com.georgeci.moneysurfer.data.repository.SpendAnalyticsRepositoryImplJvmTest",""
"","20","reason mapping for APP_START is Bounded(30s)[jvm]","","2026-07-28","passed","2026-07-28","","NetworkWaitModeSpec[jvm]","com.georgeci.moneysurfer.sync.network.NetworkWaitModeSpec",""
"","51","owner can remove entries from their own invitedWorkspaceIds","","2026-07-28","passed","2026-07-28","","users/{uid} — invitedWorkspaceIds cross-user append","users/{uid} — invitedWorkspaceIds cross-user append owner can remove entries from their own invitedWorkspaceIds",""
"","4","mergeScope ActiveWorkspace above ChangedSinceLastSync and UploadOnly[jvm]","","2026-07-28","passed","2026-07-28","","SyncScopeSpec[jvm]","com.georgeci.moneysurfer.sync.api.SyncScopeSpec",""
"","4","returns NoCurrentUser error when no current user[jvm]","","2026-07-28","passed","2026-07-28","","CreateWorkspaceUseCaseTest[jvm]","com.georgeci.moneysurfer.domain.usecase.CreateWorkspaceUseCaseTest",""
"","2","rejects when target is not a member[jvm]","","2026-07-28","passed","2026-07-28","","RemoveMemberUseCaseTest[jvm]","com.georgeci.moneysurfer.domain.usecase.RemoveMemberUseCaseTest",""
"","5","observeOutbox honours its row limit[jvm]","","2026-07-28","passed","2026-07-28","","PendingMutationQueueImplSpec[jvm]","com.georgeci.moneysurfer.sync.internal.repository.PendingMutationQueueImplSpec",""
"","18","push sends the row as it stands now and records it as pushed[jvm]","","2026-07-28","passed","2026-07-28","","UserConfigSyncPluginSpec[jvm]","com.georgeci.moneysurfer.data.sync.plugin.UserConfigSyncPluginSpec",""
"","1","move expense from A to B unwinds A and applies B[jvm]","","2026-07-28","passed","2026-07-28","","CalculateBalanceDeltaTest[jvm]","com.georgeci.moneysurfer.domain.model.CalculateBalanceDeltaTest",""
"","18","ActiveWorkspace scope pulls the workspace pinned in the session[jvm]","","2026-07-28","passed","2026-07-28","","NewWorkspacePullIntegrationIT[jvm]","com.georgeci.moneysurfer.integration.sync.NewWorkspacePullIntegrationIT",""
"","2","returns Right for a Workspace scope[jvm]","","2026-07-28","passed","2026-07-28","","NoOpRecalculateLocalProjectionsUseCaseSpec[jvm]","com.georgeci.moneysurfer.sync.internal.usecase.NoOpRecalculateLocalProjectionsUseCaseSpec",""
"","3","unknown transaction type is rejected as invalid type[jvm]","","2026-07-28","passed","2026-07-28","","TransactionCsvCodecTest[jvm]","com.georgeci.moneysurfer.domain.csv.TransactionCsvCodecTest",""
"","10","clearSynced empties config_entry and the snapshot behind peek, but not the preferences[jvm]","","2026-07-28","passed","2026-07-28","","LocalConfigSourceImplJvmTest[jvm]","com.georgeci.moneysurfer.data.config.LocalConfigSourceImplJvmTest",""
"","1","an unparseable amount counts as nothing rather than breaking the arithmetic[jvm]","","2026-07-28","passed","2026-07-28","","TransactionCreationSplitEditingTest[jvm]","com.georgeci.moneysurfer.feature.transaction.creation.TransactionCreationSplitEditingTest",""
"","12","upload progress emits UploadingEntity into running state[jvm]","","2026-07-28","passed","2026-07-28","","SyncCoordinatorImplBranchSpec[jvm]","com.georgeci.moneysurfer.sync.coordinator.SyncCoordinatorImplBranchSpec",""
"","1","defuses FTS operators by wildcarding them[jvm]","","2026-07-28","passed","2026-07-28","","FtsQueryTest[jvm]","com.georgeci.moneysurfer.data.db.FtsQueryTest",""
"","29","a currency no cached rate covers is shown beside the headline, never dropped[jvm]","","2026-07-28","passed","2026-07-28","","DashboardViewModelTest[jvm]","com.georgeci.moneysurfer.feature.dashboard.DashboardViewModelTest",""
"","9","a device-scoped write queues nothing[jvm]","","2026-07-28","passed","2026-07-28","","LocalConfigSourceImplJvmTest[jvm]","com.georgeci.moneysurfer.data.config.LocalConfigSourceImplJvmTest",""
"","2","SyncHandleStatus.Cancelled is singleton[jvm]","","2026-07-28","passed","2026-07-28","","SyncStateSpec[jvm]","com.georgeci.moneysurfer.sync.api.SyncStateSpec",""
"","0","installing twice does not stack writers[jvm]","","2026-07-28","passed","2026-07-28","","CrashReportingTest[jvm]","com.georgeci.moneysurfer.domain.telemetry.CrashReportingTest",""
"","36","parses the bundled aboutlibraries export[jvm]","","2026-07-28","passed","2026-07-28","","ParseOssLibrariesTest[jvm]","com.georgeci.moneysurfer.feature.settings.about.licenses.ParseOssLibrariesTest",""
"","68","an unwritable mirror does not propagate out of refresh[jvm]","","2026-07-28","passed","2026-07-28","","RemoteGlobalConfigSourceImplSpec[jvm]","com.georgeci.moneysurfer.appconfig.remote.RemoteGlobalConfigSourceImplSpec",""
"","0","a withdrawal is stored as a negative contribution[jvm]","","2026-07-28","passed","2026-07-28","","GoalContributionUseCaseTest[jvm]","com.georgeci.moneysurfer.domain.usecase.GoalContributionUseCaseTest",""
"","10","balance input strips letters and collapses extra decimal separators[jvm]","","2026-07-28","passed","2026-07-28","","AccountCreationViewModelTest[jvm]","com.georgeci.moneysurfer.feature.account.creation.AccountCreationViewModelTest",""
"","4","clearScope drops all rows for that workspace[jvm]","","2026-07-28","passed","2026-07-28","","SyncMetaRepositoryImplSpec[jvm]","com.georgeci.moneysurfer.data.sync.SyncMetaRepositoryImplSpec",""
"","2","sync stays off with nothing configured, because the build term defaults to false[jvm]","","2026-07-28","passed","2026-07-28","","ConfigFacadesJvmTest[jvm]","com.georgeci.moneysurfer.data.config.ConfigFacadesJvmTest",""
"","4","returns null when nothing searchable is left[jvm]","","2026-07-28","passed","2026-07-28","","FtsQueryTest[jvm]","com.georgeci.moneysurfer.data.db.FtsQueryTest",""
"","7","the legs a save would write pair each line's category with its share[jvm]","","2026-07-28","passed","2026-07-28","","TransactionCreationSplitEditingTest[jvm]","com.georgeci.moneysurfer.feature.transaction.creation.TransactionCreationSplitEditingTest",""
"","6","setting the status of a missing goal is rejected[jvm]","","2026-07-28","passed","2026-07-28","","SavingsGoalUseCaseTest[jvm]","com.georgeci.moneysurfer.domain.usecase.SavingsGoalUseCaseTest",""
"","24","an id the workspace does not know is skipped without leaving a hole in the numbering[jvm]","","2026-07-28","passed","2026-07-28","","AccountSortOrderIntegrationIT[jvm]","com.georgeci.moneysurfer.integration.repository.AccountSortOrderIntegrationIT",""
"","1","onboarding stays device-scoped, so a logout cannot replay it[jvm]","","2026-07-28","passed","2026-07-28","","ConfigKeyScopeTest[jvm]","com.georgeci.moneysurfer.data.config.ConfigKeyScopeTest",""
"","9","a zero limit reads as no spend at all rather than dividing by it[jvm]","","2026-07-28","passed","2026-07-28","","SafeToSpendTest[jvm]","com.georgeci.moneysurfer.domain.model.SafeToSpendTest",""
"","4","onSyncFailed branches across every SyncError variant[jvm]","","2026-07-28","passed","2026-07-28","","KermitSyncTelemetrySpec[jvm]","com.georgeci.moneysurfer.sync.internal.telemetry.KermitSyncTelemetrySpec",""
"","3","shifting a month backwards crosses the year boundary[jvm]","","2026-07-28","passed","2026-07-28","","TransactionPeriodWindowTest[jvm]","com.georgeci.moneysurfer.domain.util.TransactionPeriodWindowTest",""
"","0","set merge with Indefinite and Bounded picks Bounded[jvm]","","2026-07-28","passed","2026-07-28","","NetworkWaitModeSpec[jvm]","com.georgeci.moneysurfer.sync.network.NetworkWaitModeSpec",""
"","48","the last point is the current balance and the window has one point per day[jvm]","","2026-07-28","passed","2026-07-28","","AccountBalanceSeriesTest[jvm]","com.georgeci.moneysurfer.domain.model.AccountBalanceSeriesTest",""
"","13","a category's icon and colour survive a round-trip through Room[jvm]","","2026-07-28","passed","2026-07-28","","DeleteUndoIntegrationIT[jvm]","com.georgeci.moneysurfer.integration.repository.DeleteUndoIntegrationIT",""
"","32","reorder rewrites the positions and reads come back in the new order[jvm]","","2026-07-28","passed","2026-07-28","","AccountSortOrderIntegrationIT[jvm]","com.georgeci.moneysurfer.integration.repository.AccountSortOrderIntegrationIT",""
"","60","an operationDate that is never written, from before the column existed is counted by no aggregate[jvm]","","2026-07-28","passed","2026-07-28","","SpendAnalyticsRepositoryImplJvmTest[jvm]","com.georgeci.moneysurfer.data.repository.SpendAnalyticsRepositoryImplJvmTest",""
"","77","a local write inserts, then updates value and updatedAt in place[jvm]","","2026-07-28","passed","2026-07-28","","ConfigEntryDaoIntegrationIT[jvm]","com.georgeci.moneysurfer.integration.repository.ConfigEntryDaoIntegrationIT",""
"","3","no-op when hasUsedDemo is false (real-account-only flow)[jvm]","","2026-07-28","passed","2026-07-28","","WipeDemoDataUseCaseSpec[jvm]","com.georgeci.moneysurfer.domain.usecase.WipeDemoDataUseCaseSpec",""
"","1","balanceImpact uses abs(money) so legacy signed money still produces correct sign[jvm]","","2026-07-28","passed","2026-07-28","","BalanceImpactTest[jvm]","com.georgeci.moneysurfer.domain.model.BalanceImpactTest",""
"","36","user cannot delete a mapping pointing at another uid","","2026-07-28","passed","2026-07-28","","userEmails/{email}","userEmails/{email} user cannot delete a mapping pointing at another uid",""
"","5","Unknown preserves cause and is retryable[jvm]","","2026-07-28","passed","2026-07-28","","SyncErrorSpec[jvm]","com.georgeci.moneysurfer.sync.api.SyncErrorSpec",""
"","217","save creates an expense category in the current workspace and trims the name[jvm]","","2026-07-28","passed","2026-07-28","","CategoryCreationViewModelTest[jvm]","com.georgeci.moneysurfer.feature.category.creation.CategoryCreationViewModelTest",""
"","198","recorded entries render with the clear action[jvm]","","2026-07-28","passed","2026-07-28","","DebugLogScreenStateTest[jvm]","com.georgeci.moneysurfer.ui.DebugLogScreenStateTest",""
"","4","rejects when invite not found[jvm]","","2026-07-28","passed","2026-07-28","","AcceptInviteUseCaseTest[jvm]","com.georgeci.moneysurfer.domain.usecase.AcceptInviteUseCaseTest",""
"","10","shutdown is idempotent — repeated calls keep cancelling[jvm]","","2026-07-28","passed","2026-07-28","","SessionShutdownGateImplSpec[jvm]","com.georgeci.moneysurfer.data.sync.SessionShutdownGateImplSpec",""
"","11","a failing settings session start does not fail the sign-in[jvm]","","2026-07-28","passed","2026-07-28","","PostAuthBootstrapUseCaseTest[jvm]","com.georgeci.moneysurfer.domain.usecase.PostAuthBootstrapUseCaseTest",""
"","33","owner cannot create an invite stamped with a different invitedByUserId","","2026-07-28","passed","2026-07-28","","invites — write","invites — write owner cannot create an invite stamped with a different invitedByUserId",""
"","6","value kind enumerates every choice so the panel never needs free-text entry[jvm]","","2026-07-28","passed","2026-07-28","","PaletteSourceCodecTest[jvm]","com.georgeci.moneysurfer.data.config.PaletteSourceCodecTest",""
"","2","host capabilities read straight through to the engine[jvm]","","2026-07-28","passed","2026-07-28","","ConfigFacadesJvmTest[jvm]","com.georgeci.moneysurfer.data.config.ConfigFacadesJvmTest",""
"","14","an ordinary row is not a split leg[jvm]","","2026-07-28","passed","2026-07-28","","TransactionsListSplitTest[jvm]","com.georgeci.moneysurfer.feature.transaction.list.TransactionsListSplitTest",""
"","18","non-owner member cannot update workspace metadata","","2026-07-28","passed","2026-07-28","","workspaces/{wid}","workspaces/{wid} non-owner member cannot update workspace metadata",""
"","11","a canonical operationDate on the same day still counts[jvm]","","2026-07-28","passed","2026-07-28","","SpendAnalyticsRepositoryImplJvmTest[jvm]","com.georgeci.moneysurfer.data.repository.SpendAnalyticsRepositoryImplJvmTest",""
"","20","offline build keeps sync off — there is no Firestore-backed implementation here[jvm]","","2026-07-28","passed","2026-07-28","","OfflineConfigGraphTest[jvm]","com.georgeci.moneysurfer.offline.di.OfflineConfigGraphTest",""
"","2","the delta counts the oldest day's own transactions[jvm]","","2026-07-28","passed","2026-07-28","","AccountBalanceSeriesTest[jvm]","com.georgeci.moneysurfer.domain.model.AccountBalanceSeriesTest",""
"","98","a period in line with the last one names that, without a percentage[jvm]","","2026-07-28","passed","2026-07-28","","DashboardInsightsScreenTest[jvm]","com.georgeci.moneysurfer.ui.DashboardInsightsScreenTest",""
"","19","recurring-only and planned-only read the domain fields they name[jvm]","","2026-07-28","passed","2026-07-28","","TransactionsByAccountFilteringTest[jvm]","com.georgeci.moneysurfer.feature.transaction.list.TransactionsByAccountFilteringTest",""
"","0","a new Category defaults to the same appearance the backfill would have written[jvm]","","2026-07-28","passed","2026-07-28","","CategoryAppearanceTest[jvm]","com.georgeci.moneysurfer.domain.model.CategoryAppearanceTest",""
"","23","rejects a goal whose nullable accountId has a wrong non-null type","","2026-07-28","passed","2026-07-28","","savings goals (issue #244)","savings goals (issue #244) rejects a goal whose nullable accountId has a wrong non-null type",""
"","4","pending excludes IN_FLIGHT rows after markInFlight[jvm]","","2026-07-28","passed","2026-07-28","","PendingMutationQueueImplSpec[jvm]","com.georgeci.moneysurfer.sync.internal.repository.PendingMutationQueueImplSpec",""
"","434","guest logout asks for confirmation before wiping data[jvm]","","2026-07-28","passed","2026-07-28","","SettingsLogoutViewModelTest[jvm]","com.georgeci.moneysurfer.feature.settings.SettingsLogoutViewModelTest",""
"","20","rejects a goal whose hue is a string","","2026-07-28","passed","2026-07-28","","savings goals (issue #244)","savings goals (issue #244) rejects a goal whose hue is a string",""
"","20","user without an email claim (e.g. anonymous) cannot write","","2026-07-28","passed","2026-07-28","","userEmails/{email}","userEmails/{email} user without an email claim (e.g. anonymous) cannot write",""
"","76","drain pushes every queued mutation through its plugin and empties the outbox[jvm]","","2026-07-28","passed","2026-07-28","","WorkspaceCreationSyncIntegrationIT[jvm]","com.georgeci.moneysurfer.integration.sync.WorkspaceCreationSyncIntegrationIT",""
"","7","the header toggle flips between the two variants[jvm]","","2026-07-28","passed","2026-07-28","","CategoryChooserViewModelTest[jvm]","com.georgeci.moneysurfer.feature.category.picker.CategoryChooserViewModelTest",""
"","35","owner create blocked when clientVersionCode missing","","2026-07-28","passed","2026-07-28","","invites — write","invites — write owner create blocked when clientVersionCode missing",""
"","20","email user with blank password gets a field error instead of the dialog[jvm]","","2026-07-28","passed","2026-07-28","","DeleteUserAccountViewModelTest[jvm]","com.georgeci.moneysurfer.feature.settings.account.DeleteUserAccountViewModelTest",""
"","4","removing one of three keeps the other two[jvm]","","2026-07-28","passed","2026-07-28","","TransactionCreationSplitEditingTest[jvm]","com.georgeci.moneysurfer.feature.transaction.creation.TransactionCreationSplitEditingTest",""
"","30","typed precision is the tolerance[jvm]","","2026-07-28","passed","2026-07-28","","TransactionFilterMatchingTest[jvm]","com.georgeci.moneysurfer.feature.transaction.filter.TransactionFilterMatchingTest",""
"","31","saving an edit to a row deleted underneath it restores the row instead of colliding[jvm]","","2026-07-28","passed","2026-07-28","","TransactionSoftDeleteIntegrationIT[jvm]","com.georgeci.moneysurfer.integration.repository.TransactionSoftDeleteIntegrationIT",""
"","24","the v27 to v28 backfill derives the same UTC date the readers already do[jvm]","","2026-07-28","passed","2026-07-28","","TransactionWindowIntegrationIT[jvm]","com.georgeci.moneysurfer.integration.repository.TransactionWindowIntegrationIT",""
"","28","matches by targetUserId when email differs[jvm]","","2026-07-28","passed","2026-07-28","","AcceptInviteUseCaseTest[jvm]","com.georgeci.moneysurfer.domain.usecase.AcceptInviteUseCaseTest",""
"","13","RequiresRecentLogin degrades to the generic failure[jvm]","","2026-07-28","passed","2026-07-28","","SignInViewModelTest[jvm]","com.georgeci.moneysurfer.feature.login.SignInViewModelTest",""
"","24","rejects transaction tags sent as a string instead of a list","","2026-07-28","passed","2026-07-28","","entity write-shape validation (issue #156)","entity write-shape validation (issue #156) rejects transaction tags sent as a string instead of a list",""
"","18","a user cannot delete another user's setting","","2026-07-28","passed","2026-07-28","","users/{uid}/config/{key}","users/{uid}/config/{key} a user cannot delete another user's setting",""
"","43","sender cannot append when list is already at cap (100)","","2026-07-28","passed","2026-07-28","","users/{uid} — invitedWorkspaceIds cross-user append","users/{uid} — invitedWorkspaceIds cross-user append sender cannot append when list is already at cap (100)",""
"","6","restore flips archived flag back[jvm]","","2026-07-28","passed","2026-07-28","","ArchiveAccountUseCaseTest[jvm]","com.georgeci.moneysurfer.domain.usecase.ArchiveAccountUseCaseTest",""
"","5","staging a delete counts the children the confirmation has to warn about[jvm]","","2026-07-28","passed","2026-07-28","","CategoriesManageViewModelTest[jvm]","com.georgeci.moneysurfer.feature.category.manage.CategoriesManageViewModelTest",""
"","0","eligibleParents excludes the other type and system categories[jvm]","","2026-07-28","passed","2026-07-28","","CategoryTreeTest[jvm]","com.georgeci.moneysurfer.domain.model.CategoryTreeTest",""
"","64","member can read and create a contribution","","2026-07-28","passed","2026-07-28","","savings goals (issue #244)","savings goals (issue #244) member can read and create a contribution",""
"","117","format EUR with German locale[jvm]","","2026-07-28","passed","2026-07-28","","MoneyFormatterTest[jvm]","com.georgeci.moneysurfer.domain.MoneyFormatterTest",""
"","4","markInFlight with empty list is a no-op[jvm]","","2026-07-28","passed","2026-07-28","","PendingMutationQueueImplSpec[jvm]","com.georgeci.moneysurfer.data.sync.PendingMutationQueueImplSpec",""
"","249","an empty workspace still renders every section, with explicit empty states[jvm]","","2026-07-28","passed","2026-07-28","","SyncScreenStateTest[jvm]","com.georgeci.moneysurfer.ui.SyncScreenStateTest",""
"","40","the registry receives every registered group[jvm]","","2026-07-28","passed","2026-07-28","","OnlineConfigGraphTest[jvm]","com.georgeci.moneysurfer.di.OnlineConfigGraphTest",""
"","1","a doc from a client that predates sortOrder lands at the front rather than nowhere[jvm]","","2026-07-28","passed","2026-07-28","","AccountDtoMapperSpec[jvm]","com.georgeci.moneysurfer.data.sync.AccountDtoMapperSpec",""
"","5","each currency keeps its own total instead of being summed together[jvm]","","2026-07-28","passed","2026-07-28","","AccountTotalsTest[jvm]","com.georgeci.moneysurfer.domain.model.AccountTotalsTest",""
"","8","everything below Warn is dropped[jvm]","","2026-07-28","passed","2026-07-28","","CrashReportingLogWriterTest[jvm]","com.georgeci.moneysurfer.domain.telemetry.CrashReportingLogWriterTest",""
"","12","every published header row resolves back to its own layout[jvm]","","2026-07-28","passed","2026-07-28","","TransactionCsvCodecTest[jvm]","com.georgeci.moneysurfer.domain.csv.TransactionCsvCodecTest",""
"","120","a list pane keeps its back arrow and its FAB[jvm]","","2026-07-28","passed","2026-07-28","","SurferPaneScaffoldTest[jvm]","com.georgeci.moneysurfer.ui.SurferPaneScaffoldTest",""
"","1","shifting a month steps whole months without short-month drift[jvm]","","2026-07-28","passed","2026-07-28","","TransactionPeriodWindowTest[jvm]","com.georgeci.moneysurfer.domain.util.TransactionPeriodWindowTest",""
"","1","remote cleanup failure keeps the local session so the user can retry[jvm]","","2026-07-28","passed","2026-07-28","","DeleteUserAccountUseCaseTest[jvm]","com.georgeci.moneysurfer.domain.usecase.DeleteUserAccountUseCaseTest",""
"","17","export click requests a save file with a csv filename[jvm]","","2026-07-28","passed","2026-07-28","","CsvBackupViewModelTest[jvm]","com.georgeci.moneysurfer.feature.settings.csv.CsvBackupViewModelTest",""
"","21","rejects a non-string transaction merchant","","2026-07-28","passed","2026-07-28","","entity write-shape validation (issue #156)","entity write-shape validation (issue #156) rejects a non-string transaction merchant",""
"","12","an account-scoped screen hides the account picker[jvm]","","2026-07-28","passed","2026-07-28","","TransactionFiltersViewModelTest[jvm]","com.georgeci.moneysurfer.feature.transaction.filters.TransactionFiltersViewModelTest",""
"","42","import errors are exposed with row numbers in the state report[jvm]","","2026-07-28","passed","2026-07-28","","CsvBackupViewModelTest[jvm]","com.georgeci.moneysurfer.feature.settings.csv.CsvBackupViewModelTest",""
"","23","session start drops the overlay the account wipe filled[jvm]","","2026-07-28","passed","2026-07-28","","SyncedSettingsSessionImplJvmTest[jvm]","com.georgeci.moneysurfer.data.config.SyncedSettingsSessionImplJvmTest",""
"","12","a local apply failure still aborts the pull[jvm]","","2026-07-28","passed","2026-07-28","","PullRemoteChangesUseCaseImplSpec[jvm]","com.georgeci.moneysurfer.data.sync.PullRemoteChangesUseCaseImplSpec",""
"","4","rethrows CancellationException instead of swallowing it[jvm]","","2026-07-28","passed","2026-07-28","","DecodeOrNullSpec[jvm]","com.georgeci.moneysurfer.data.sync.plugin.DecodeOrNullSpec",""
"","15","assigning more than the amount blocks the save[jvm]","","2026-07-28","passed","2026-07-28","","TransactionCreationSplitTest[jvm]","com.georgeci.moneysurfer.feature.transaction.creation.TransactionCreationSplitTest",""
"","3","trims name and description before insert[jvm]","","2026-07-28","passed","2026-07-28","","CreateWorkspaceUseCaseTest[jvm]","com.georgeci.moneysurfer.domain.usecase.CreateWorkspaceUseCaseTest",""
"","54","saving creates a goal in the workspace base currency[jvm]","","2026-07-28","passed","2026-07-28","","GoalEditViewModelTest[jvm]","com.georgeci.moneysurfer.feature.goal.edit.GoalEditViewModelTest",""
"","7","a mirrored value survives a cold start[jvm]","","2026-07-28","passed","2026-07-28","","RemoteConfigMirrorImplJvmTest[jvm]","com.georgeci.moneysurfer.data.config.RemoteConfigMirrorImplJvmTest",""
"","24","owner can cancel a PENDING invite","","2026-07-28","passed","2026-07-28","","invites — update / delete","invites — update / delete owner can cancel a PENDING invite",""
"","2","light scheme: paired on/container tokens clear AA[jvm]","","2026-07-28","passed","2026-07-28","","ColorContrastTest[jvm]","com.georgeci.moneysurfer.uikit.theme.ColorContrastTest",""
"","41","unauthenticated user can read the flag document","","2026-07-28","passed","2026-07-28","","appConfig/{docId}","appConfig/{docId} unauthenticated user can read the flag document",""
"","1","ProjectionScope.Workspace exposes key[jvm]","","2026-07-28","passed","2026-07-28","","ProjectionSpec[jvm]","com.georgeci.moneysurfer.sync.projection.ProjectionSpec",""
"","6","defaultWorkspaceId that did not hydrate falls back to one that did[jvm]","","2026-07-28","passed","2026-07-28","","PostAuthBootstrapUseCaseTest[jvm]","com.georgeci.moneysurfer.domain.usecase.PostAuthBootstrapUseCaseTest",""
"","1400","every widget renders a sample of itself in both size tiles[jvm]","","2026-07-28","passed","2026-07-28","","DashboardCustomizeScreenStateTest[jvm]","com.georgeci.moneysurfer.ui.DashboardCustomizeScreenStateTest",""
"","3","anonymous user goes straight to the confirmation dialog[jvm]","","2026-07-28","passed","2026-07-28","","DeleteUserAccountViewModelTest[jvm]","com.georgeci.moneysurfer.feature.settings.account.DeleteUserAccountViewModelTest",""
"","9","the overlay outranks Local, so the UI keeps its value after the account wipe[jvm]","","2026-07-28","passed","2026-07-28","","LayeredConfigSpec[jvm]","com.georgeci.moneysurfer.appconfig.LayeredConfigSpec",""
"","1","a child whose parent is absent is shown as a root rather than hidden[jvm]","","2026-07-28","passed","2026-07-28","","CategoryTreeTest[jvm]","com.georgeci.moneysurfer.domain.model.CategoryTreeTest",""
"","11","pending honours the limit[jvm]","","2026-07-28","passed","2026-07-28","","PendingMutationQueueImplSpec[jvm]","com.georgeci.moneysurfer.sync.internal.repository.PendingMutationQueueImplSpec",""
"","0","the tombstone round-trips through the wire format[jvm]","","2026-07-28","passed","2026-07-28","","TransactionDtoMapperSpec[jvm]","com.georgeci.moneysurfer.data.sync.TransactionDtoMapperSpec",""
"","0","iso=1970-01-01[jvm]","","2026-07-28","passed","2026-07-28","","TimeFormatterTest[jvm]","com.georgeci.moneysurfer.data.repository.TimeFormatterTest",""
"","24","accepts a category carrying the new iconKey + hue fields","","2026-07-28","passed","2026-07-28","","entity write-shape validation (issue #156)","entity write-shape validation (issue #156) accepts a category carrying the new iconKey + hue fields",""
"","4","a comma is accepted as the decimal separator[jvm]","","2026-07-28","passed","2026-07-28","","TransactionAmountInputTest[jvm]","com.georgeci.moneysurfer.feature.transaction.creation.TransactionAmountInputTest",""
"","6","transition on missing row is a no-op[jvm]","","2026-07-28","passed","2026-07-28","","WorkspaceInviteRepositoryDualWriteSpec[jvm]","com.georgeci.moneysurfer.data.repository.WorkspaceInviteRepositoryDualWriteSpec",""
"","3","CompositeCancelToken cancelled when all children cancelled[jvm]","","2026-07-28","passed","2026-07-28","","SyncCancelTokenSpec[jvm]","com.georgeci.moneysurfer.sync.api.SyncCancelTokenSpec",""
"","7","markCompleted removes rows[jvm]","","2026-07-28","passed","2026-07-28","","PendingMutationQueueImplSpec[jvm]","com.georgeci.moneysurfer.data.sync.PendingMutationQueueImplSpec",""
"","30","accepts a transaction carrying a splitId","","2026-07-28","passed","2026-07-28","","entity write-shape validation (issue #156)","entity write-shape validation (issue #156) accepts a transaction carrying a splitId",""
"","0","debug builds keep collection off[jvm]","","2026-07-28","passed","2026-07-28","","CrashReportingTest[jvm]","com.georgeci.moneysurfer.domain.telemetry.CrashReportingTest",""
"","20","owner can hard-delete an invite (account-deletion purge)","","2026-07-28","passed","2026-07-28","","invites — update / delete","invites — update / delete owner can hard-delete an invite (account-deletion purge)",""
"","28","oldest-first sorting keeps a receipt as one row[jvm]","","2026-07-28","passed","2026-07-28","","TransactionsListSplitTest[jvm]","com.georgeci.moneysurfer.feature.transaction.list.TransactionsListSplitTest",""
"","9","a confirmed reset with sync off still clears the cursors but requests no sync[jvm]","","2026-07-28","passed","2026-07-28","","SyncViewModelTest[jvm]","com.georgeci.moneysurfer.feature.settings.sync.SyncViewModelTest",""
"","0","retrying the same mutation produces an identical patch[jvm]","","2026-07-28","passed","2026-07-28","","TombstonePatchSpec[jvm]","com.georgeci.moneysurfer.data.sync.plugin.TombstonePatchSpec",""
"","6","empty outbox returns zero uploads without touching in-flight state[jvm]","","2026-07-28","passed","2026-07-28","","UploadPendingChangesUseCaseImplSpec[jvm]","com.georgeci.moneysurfer.data.sync.UploadPendingChangesUseCaseImplSpec",""
"","38","owner can create a PENDING invite stamped with their uid","","2026-07-28","passed","2026-07-28","","invites — write","invites — write owner can create a PENDING invite stamped with their uid",""
"","3","a second write sees the first one's value rather than the state it replaced[jvm]","","2026-07-28","passed","2026-07-28","","PreferencesMirrorJvmTest[jvm]","com.georgeci.moneysurfer.data.config.PreferencesMirrorJvmTest",""
"","1","trailingMonths crosses a year boundary backwards[jvm]","","2026-07-28","passed","2026-07-28","","CategorySpendHistoryTest[jvm]","com.georgeci.moneysurfer.domain.model.CategorySpendHistoryTest",""
"","54","an evicted (REMOVED) member can no longer write","","2026-07-28","passed","2026-07-28","","member-gated entities (accounts)","member-gated entities (accounts) an evicted (REMOVED) member can no longer write",""
"","5","'0,99' -> '0.99'[jvm]","","2026-07-28","passed","2026-07-28","","AmountInputTransformationTest[jvm]","com.georgeci.moneysurfer.utils.AmountInputTransformationTest",""
"","14","a 840 dp tablet window at 2x density reports Expanded[jvm]","","2026-07-28","passed","2026-07-28","","SurferWindowSizeCompositionTest[jvm]","com.georgeci.moneysurfer.ui.SurferWindowSizeCompositionTest",""
"","1370","encrypted round-trip restores data with the right passphrase[jvm]","","2026-07-28","passed","2026-07-28","","BackupEncryptedRoundTripJvmTest[jvm]","com.georgeci.moneysurfer.data.backup.BackupEncryptedRoundTripJvmTest",""
"","4","non-null pass-through[jvm]","","2026-07-28","passed","2026-07-28","","TimeFormatterTest[jvm]","com.georgeci.moneysurfer.data.repository.TimeFormatterTest",""
"","0","'.5' -> '.5'[jvm]","","2026-07-28","passed","2026-07-28","","AmountInputTransformationTest[jvm]","com.georgeci.moneysurfer.utils.AmountInputTransformationTest",""
"","6","online state with sync enabled shows profile, sync, logout, members and pending invites rows[jvm]","","2026-07-28","passed","2026-07-28","","SettingsStateOfflineTest[jvm]","com.georgeci.moneysurfer.feature.settings.SettingsStateOfflineTest",""
"","24","tapping Undo restores the deleted transaction[jvm]","","2026-07-28","passed","2026-07-28","","TransactionDetailsViewModelTest[jvm]","com.georgeci.moneysurfer.feature.transaction.details.TransactionDetailsViewModelTest",""
"","71","light scheme: self-tinted amount and type pills clear AA[jvm]","","2026-07-28","passed","2026-07-28","","ColorContrastTest[jvm]","com.georgeci.moneysurfer.uikit.theme.ColorContrastTest",""
"","15","the all-accounts summary currency is the dominant one, not the newest row's[jvm]","","2026-07-28","passed","2026-07-28","","TransactionsByAccountPeriodTest[jvm]","com.georgeci.moneysurfer.feature.transaction.list.TransactionsByAccountPeriodTest",""
"","4","clearing an override delegates the key name[jvm]","","2026-07-28","passed","2026-07-28","","DebugConfigViewModelTest[jvm]","com.georgeci.moneysurfer.feature.settings.debug.DebugConfigViewModelTest",""
"","18","an unknown key name is ignored and never mirrored[jvm]","","2026-07-28","passed","2026-07-28","","RemoteGlobalConfigSourceImplSpec[jvm]","com.georgeci.moneysurfer.appconfig.remote.RemoteGlobalConfigSourceImplSpec",""
"","89","updates the workspace baseCurrency column in Room[jvm]","","2026-07-28","passed","2026-07-28","","WorkspaceCurrencyIntegrationIT[jvm]","com.georgeci.moneysurfer.integration.repository.WorkspaceCurrencyIntegrationIT",""
"","2","a switched-off widget can be restyled too — it keeps the style when it comes back[jvm]","","2026-07-28","passed","2026-07-28","","DashboardLayoutConfigTest[jvm]","com.georgeci.moneysurfer.domain.dashboard.DashboardLayoutConfigTest",""
"","47","rejects a poison update of an existing budget (alertPercent as string)","","2026-07-28","passed","2026-07-28","","entity write-shape validation (issue #156)","entity write-shape validation (issue #156) rejects a poison update of an existing budget (alertPercent as string)",""
"","29","deleting a transaction then re-applying it restores the row and the balance[jvm]","","2026-07-28","passed","2026-07-28","","DeleteUndoIntegrationIT[jvm]","com.georgeci.moneysurfer.integration.repository.DeleteUndoIntegrationIT",""
"","1","weekly window is the 7 days anchored on the start date's weekday[jvm]","","2026-07-28","passed","2026-07-28","","BudgetPeriodWindowTest[jvm]","com.georgeci.moneysurfer.domain.util.BudgetPeriodWindowTest",""
"","105","an empty workspace lands on empty Content, not on a stuck spinner[jvm]","","2026-07-28","passed","2026-07-28","","BudgetsViewModelTest[jvm]","com.georgeci.moneysurfer.feature.budget.list.BudgetsViewModelTest",""
"","8","reorder numbers the accounts in the order it was given[jvm]","","2026-07-28","passed","2026-07-28","","AccountWriteUseCasesTest[jvm]","com.georgeci.moneysurfer.domain.usecase.AccountWriteUseCasesTest",""
"","17","owner can hard-delete the workspace doc (account-deletion purge)","","2026-07-28","passed","2026-07-28","","workspaces/{wid}","workspaces/{wid} owner can hard-delete the workspace doc (account-deletion purge)",""
"","9","credits the developers when the artifact declares no organization[jvm]","","2026-07-28","passed","2026-07-28","","ParseOssLibrariesTest[jvm]","com.georgeci.moneysurfer.feature.settings.about.licenses.ParseOssLibrariesTest",""
"","38","deleting a category then re-inserting it restores the row[jvm]","","2026-07-28","passed","2026-07-28","","DeleteUndoIntegrationIT[jvm]","com.georgeci.moneysurfer.integration.repository.DeleteUndoIntegrationIT",""
"","36","key groups bind as distinct classes so getAll sees all of them[jvm]","","2026-07-28","passed","2026-07-28","","OnlineConfigGraphTest[jvm]","com.georgeci.moneysurfer.di.OnlineConfigGraphTest",""
"","22","purging drops tombstones past the retention window and leaves the rest alone[jvm]","","2026-07-28","passed","2026-07-28","","TransactionSoftDeleteIntegrationIT[jvm]","com.georgeci.moneysurfer.integration.repository.TransactionSoftDeleteIntegrationIT",""
"","32","member can read another member's row (roster visibility)","","2026-07-28","passed","2026-07-28","","workspaces/{wid}/members/{uid}","workspaces/{wid}/members/{uid} member can read another member's row (roster visibility)",""
"","18","user cannot squat on someone else's email key (mapping to own uid)","","2026-07-28","passed","2026-07-28","","userEmails/{email}","userEmails/{email} user cannot squat on someone else's email key (mapping to own uid)",""
"","73","failed push keeps the mutation pending with bumped attempts and a retry drains it[jvm]","","2026-07-28","passed","2026-07-28","","WorkspaceCreationSyncIntegrationIT[jvm]","com.georgeci.moneysurfer.integration.sync.WorkspaceCreationSyncIntegrationIT",""
"","19","rejects a goal whose title is a number","","2026-07-28","passed","2026-07-28","","savings goals (issue #244)","savings goals (issue #244) rejects a goal whose title is a number",""
"","16","it is user-scoped, so the workspace loop never touches it[jvm]","","2026-07-28","passed","2026-07-28","","UserConfigSyncPluginSpec[jvm]","com.georgeci.moneysurfer.data.sync.plugin.UserConfigSyncPluginSpec",""
"","17","stranger cannot hard-delete the workspace doc","","2026-07-28","passed","2026-07-28","","workspaces/{wid}","workspaces/{wid} stranger cannot hard-delete the workspace doc",""
"","13","a row whose account belongs to a different workspace is rejected[jvm]","","2026-07-28","passed","2026-07-28","","ImportTransactionsValidationTest[jvm]","com.georgeci.moneysurfer.domain.csv.ImportTransactionsValidationTest",""
"","30","AllUserData pulls every workspace the remote lists for the user[jvm]","","2026-07-28","passed","2026-07-28","","PullRemoteChangesUseCaseImplSpec[jvm]","com.georgeci.moneysurfer.data.sync.PullRemoteChangesUseCaseImplSpec",""
"","1","ProjectionSummary copy preserves equality semantics[jvm]","","2026-07-28","passed","2026-07-28","","ProjectionSpec[jvm]","com.georgeci.moneysurfer.sync.projection.ProjectionSpec",""
"","8","email user with a password reaches the confirmation dialog[jvm]","","2026-07-28","passed","2026-07-28","","DeleteUserAccountViewModelTest[jvm]","com.georgeci.moneysurfer.feature.settings.account.DeleteUserAccountViewModelTest",""
"","9","a recurring rule round-trips through the wire format[jvm]","","2026-07-28","passed","2026-07-28","","RecurringRuleDtoMapperSpec[jvm]","com.georgeci.moneysurfer.data.sync.RecurringRuleDtoMapperSpec",""
"","37","a request that started while sync was enabled is not retried once it is disabled[jvm]","","2026-07-28","passed","2026-07-28","","SyncCoordinatorWorkspaceSyncerSpec[jvm]","com.georgeci.moneysurfer.data.sync.SyncCoordinatorWorkspaceSyncerSpec",""
"","32","rejects an account whose boolean archived flag is a string","","2026-07-28","passed","2026-07-28","","entity write-shape validation (issue #156)","entity write-shape validation (issue #156) rejects an account whose boolean archived flag is a string",""
"","2","repairs lagging accounts when the workspace currency already matches (retry path)[jvm]","","2026-07-28","passed","2026-07-28","","UpdateWorkspaceCurrencyUseCaseTest[jvm]","com.georgeci.moneysurfer.domain.usecase.UpdateWorkspaceCurrencyUseCaseTest",""
"","92","live coordinator state and the last outcome both reach the screen[jvm]","","2026-07-28","passed","2026-07-28","","SyncViewModelTest[jvm]","com.georgeci.moneysurfer.feature.settings.sync.SyncViewModelTest",""
"","21","offline finish seeds the workspace before handing off to account creation[jvm]","","2026-07-28","passed","2026-07-28","","OnboardingViewModelTest[jvm]","com.georgeci.moneysurfer.feature.login.onboarding.OnboardingViewModelTest",""
"","2","local pointer survives a remote failure[jvm]","","2026-07-28","passed","2026-07-28","","SelectWorkspaceUseCaseTest[jvm]","com.georgeci.moneysurfer.domain.usecase.SelectWorkspaceUseCaseTest",""
"","11","enqueueUpsert writes a PendingMutation when signed in[jvm]","","2026-07-28","passed","2026-07-28","","OutboxEnqueuerSpec[jvm]","com.georgeci.moneysurfer.data.sync.OutboxEnqueuerSpec",""
"","4","shutdown is safe to call repeatedly (idempotent)[jvm]","","2026-07-28","passed","2026-07-28","","SessionShutdownGateImplSpec[jvm]","com.georgeci.moneysurfer.sync.internal.SessionShutdownGateImplSpec",""
"","12","sums every currency into the base once rates cover them[jvm]","","2026-07-28","passed","2026-07-28","","ConvertAccountsTotalUseCaseTest[jvm]","com.georgeci.moneysurfer.domain.usecase.ConvertAccountsTotalUseCaseTest",""
"","19","user cannot read another user's document","","2026-07-28","passed","2026-07-28","","users/{uid}","users/{uid} user cannot read another user's document",""
"","12","a workspace that has not landed yet leaves the trend empty, then fills it in[jvm]","","2026-07-28","passed","2026-07-28","","CategoryDetailsViewModelTest[jvm]","com.georgeci.moneysurfer.feature.category.details.CategoryDetailsViewModelTest",""
"","8","workspace pull failure aborts bootstrap with AuthError[jvm]","","2026-07-28","passed","2026-07-28","","PostAuthBootstrapUseCaseTest[jvm]","com.georgeci.moneysurfer.domain.usecase.PostAuthBootstrapUseCaseTest",""
"","2","an account whose currency has no rate is listed, never dropped[jvm]","","2026-07-28","passed","2026-07-28","","ConvertAccountsTotalUseCaseTest[jvm]","com.georgeci.moneysurfer.domain.usecase.ConvertAccountsTotalUseCaseTest",""
"","17","a purged row leaves nothing behind in the index[jvm]","","2026-07-28","passed","2026-07-28","","TransactionFtsIntegrationIT[jvm]","com.georgeci.moneysurfer.integration.repository.TransactionFtsIntegrationIT",""
"","19","an undecodable override is rejected instead of stored[jvm]","","2026-07-28","passed","2026-07-28","","DebugConfigInspectorImplSpec[jvm]","com.georgeci.moneysurfer.appconfig.DebugConfigInspectorImplSpec",""
"","6","sums income / expense / opening_balance for the account[jvm]","","2026-07-28","passed","2026-07-28","","RecalculateAccountBalanceUseCaseTest[jvm]","com.georgeci.moneysurfer.domain.usecase.RecalculateAccountBalanceUseCaseTest",""
"","106","each row carries the value kind derived from its codec[jvm]","","2026-07-28","passed","2026-07-28","","DebugConfigInspectorImplSpec[jvm]","com.georgeci.moneysurfer.appconfig.DebugConfigInspectorImplSpec",""
"","4","monthly anchor on the 29th clamps in a non-leap February[jvm]","","2026-07-28","passed","2026-07-28","","BudgetPeriodWindowTest[jvm]","com.georgeci.moneysurfer.domain.util.BudgetPeriodWindowTest",""
"","8","the baseline never spills past the end of its own month[jvm]","","2026-07-28","passed","2026-07-28","","GenerateInsightsUseCaseTest[jvm]","com.georgeci.moneysurfer.domain.usecase.GenerateInsightsUseCaseTest",""
"","28","availability comes from the inspector, so a release build renders nothing[jvm]","","2026-07-28","passed","2026-07-28","","DebugConfigViewModelTest[jvm]","com.georgeci.moneysurfer.feature.settings.debug.DebugConfigViewModelTest",""
"","21","non-owner member cannot tombstone the workspace root doc","","2026-07-28","passed","2026-07-28","","tombstone update shape (push-side soft delete)","tombstone update shape (push-side soft delete) non-owner member cannot tombstone the workspace root doc",""
"","44","the layer stops serving the wiped values immediately, not once Room gets around to it[jvm]","","2026-07-28","passed","2026-07-28","","LocalDataResetIntegrationIT[jvm]","com.georgeci.moneysurfer.integration.repository.LocalDataResetIntegrationIT",""
"","5","a tie on account count is broken by currency code so the order is stable[jvm]","","2026-07-28","passed","2026-07-28","","AccountTotalsTest[jvm]","com.georgeci.moneysurfer.domain.model.AccountTotalsTest",""
"","1","transactionsIn returns the spend behind the number, newest first[jvm]","","2026-07-28","passed","2026-07-28","","BudgetProgressTest[jvm]","com.georgeci.moneysurfer.domain.model.BudgetProgressTest",""
"","35","unauthenticated user is denied","","2026-07-28","passed","2026-07-28","","workspaces/{wid}/members/{uid}","workspaces/{wid}/members/{uid} unauthenticated user is denied",""
"","29","the goals list folds in saved amounts and hides archived goals[jvm]","","2026-07-28","passed","2026-07-28","","SavingsGoalUseCaseTest[jvm]","com.georgeci.moneysurfer.domain.usecase.SavingsGoalUseCaseTest",""
"","1","a half-typed bound reads as the digits so far, and nonsense is ignored[jvm]","","2026-07-28","passed","2026-07-28","","TransactionFilterMatchingTest[jvm]","com.georgeci.moneysurfer.feature.transaction.filter.TransactionFilterMatchingTest",""
"","25","upsert applies status transition and respondedAt without losing snapshot fields[jvm]","","2026-07-28","passed","2026-07-28","","WorkspaceInviteRepositoryIntegrationIT[jvm]","com.georgeci.moneysurfer.integration.repository.WorkspaceInviteRepositoryIntegrationIT",""
"","11","pushAll failure keeps all local rows so a retry can re-push them[jvm]","","2026-07-28","passed","2026-07-28","","CreateWorkspaceUseCaseTest[jvm]","com.georgeci.moneysurfer.domain.usecase.CreateWorkspaceUseCaseTest",""
"","19","the rules run over both windows and the category names are resolved[jvm]","","2026-07-28","passed","2026-07-28","","GenerateInsightsUseCaseTest[jvm]","com.georgeci.moneysurfer.domain.usecase.GenerateInsightsUseCaseTest",""
"","531","a blank name is rejected — save is a no-op and canSave is false[jvm]","","2026-07-28","passed","2026-07-28","","CategoryCreationViewModelTest[jvm]","com.georgeci.moneysurfer.feature.category.creation.CategoryCreationViewModelTest",""
"","1","a negative balance is allowed for a credit (card) account[jvm]","","2026-07-28","passed","2026-07-28","","InitialBalanceInputTest[jvm]","com.georgeci.moneysurfer.feature.account.creation.InitialBalanceInputTest",""
"","0","preserves the repository's newest-first order[jvm]","","2026-07-28","passed","2026-07-28","","GetBudgetTransactionsUseCaseTest[jvm]","com.georgeci.moneysurfer.domain.usecase.GetBudgetTransactionsUseCaseTest",""
"","19","name input is truncated at the max length[jvm]","","2026-07-28","passed","2026-07-28","","CategoryCreationViewModelTest[jvm]","com.georgeci.moneysurfer.feature.category.creation.CategoryCreationViewModelTest",""
"","327","no string resource escapes an apostrophe or a quote the Android way[jvm]","","2026-07-28","passed","2026-07-28","","StringResourceEscapeTest[jvm]","com.georgeci.moneysurfer.utils.StringResourceEscapeTest",""
"","22","safe-to-spend ignores archived budgets[jvm]","","2026-07-28","passed","2026-07-28","","DashboardViewModelTest[jvm]","com.georgeci.moneysurfer.feature.dashboard.DashboardViewModelTest",""
"","1","SyncMeta carries cursor and timestamps[jvm]","","2026-07-28","passed","2026-07-28","","SyncMetaRepositorySpec[jvm]","com.georgeci.moneysurfer.sync.repository.SyncMetaRepositorySpec",""
"","3","transfers never count against a budget[jvm]","","2026-07-28","passed","2026-07-28","","BudgetProgressTest[jvm]","com.georgeci.moneysurfer.domain.model.BudgetProgressTest",""
"","727","rows list every registered key with its winning layer[jvm]","","2026-07-28","passed","2026-07-28","","DebugConfigInspectorImplSpec[jvm]","com.georgeci.moneysurfer.appconfig.DebugConfigInspectorImplSpec",""
"","73","SimpleCancelToken starts not cancelled[jvm]","","2026-07-28","passed","2026-07-28","","SyncCancelTokenSpec[jvm]","com.georgeci.moneysurfer.sync.api.SyncCancelTokenSpec",""
"","36","an evicted (REMOVED) member loses access to goals","","2026-07-28","passed","2026-07-28","","savings goals (issue #244)","savings goals (issue #244) an evicted (REMOVED) member loses access to goals",""
"","90","tapping a chip asks for that choice[jvm]","","2026-07-28","passed","2026-07-28","","DebugConfigScreenStateTest[jvm]","com.georgeci.moneysurfer.ui.DebugConfigScreenStateTest",""
"","3","no enqueue when uid is empty string[jvm]","","2026-07-28","passed","2026-07-28","","OutboxEnqueuerImplSpec[jvm]","com.georgeci.moneysurfer.sync.repository.OutboxEnqueuerImplSpec",""
"","1","disabledItems is the complement of enabledItems[jvm]","","2026-07-28","passed","2026-07-28","","DashboardLayoutConfigTest[jvm]","com.georgeci.moneysurfer.domain.dashboard.DashboardLayoutConfigTest",""
"","7","insert with unknown workspaceId is allowed (no FK on workspace_invites.workspaceId)[jvm]","","2026-07-28","passed","2026-07-28","","WorkspaceInviteRepositoryIntegrationIT[jvm]","com.georgeci.moneysurfer.integration.repository.WorkspaceInviteRepositoryIntegrationIT",""
"","4","SimpleCancelToken cancel is idempotent[jvm]","","2026-07-28","passed","2026-07-28","","SyncCancelTokenSpec[jvm]","com.georgeci.moneysurfer.sync.api.SyncCancelTokenSpec",""
"","24","an explicit date range replaces the pager window and hides the pager[jvm]","","2026-07-28","passed","2026-07-28","","TransactionsByAccountFilteringTest[jvm]","com.georgeci.moneysurfer.feature.transaction.list.TransactionsByAccountFilteringTest",""
"","4","no remote calls when no Firebase uid (demo session)[jvm]","","2026-07-28","passed","2026-07-28","","CreateWorkspaceUseCaseTest[jvm]","com.georgeci.moneysurfer.domain.usecase.CreateWorkspaceUseCaseTest",""
"","749","insert writes both DAO and outbox as INSERT when signed in[jvm]","","2026-07-28","passed","2026-07-28","","GoalRepositoryDualWriteSpec[jvm]","com.georgeci.moneysurfer.data.repository.GoalRepositoryDualWriteSpec",""
"","7","dismissing a picker changes nothing but the sheet[jvm]","","2026-07-28","passed","2026-07-28","","PreferencesViewModelTest[jvm]","com.georgeci.moneysurfer.feature.settings.preferences.PreferencesViewModelTest",""
"","15","updating a tombstoned row through the repository leaves it deleted[jvm]","","2026-07-28","passed","2026-07-28","","TransactionSoftDeleteIntegrationIT[jvm]","com.georgeci.moneysurfer.integration.repository.TransactionSoftDeleteIntegrationIT",""
"","45","a departed (LEFT) member can no longer read","","2026-07-28","passed","2026-07-28","","member-gated entities (accounts)","member-gated entities (accounts) a departed (LEFT) member can no longer read",""
"","5","a withdrawal that drops below the target flips COMPLETED back to ACTIVE[jvm]","","2026-07-28","passed","2026-07-28","","GoalContributionUseCaseTest[jvm]","com.georgeci.moneysurfer.domain.usecase.GoalContributionUseCaseTest",""
"","23","user CANNOT self-promote their role","","2026-07-28","passed","2026-07-28","","workspaces/{wid}/members/{uid}","workspaces/{wid}/members/{uid} user CANNOT self-promote their role",""
"","16","a filter that matches one leg shows that leg, not the receipt[jvm]","","2026-07-28","passed","2026-07-28","","TransactionsListSplitTest[jvm]","com.georgeci.moneysurfer.feature.transaction.list.TransactionsListSplitTest",""
"","20","transaction stores its own currencyCode independent of the account's currency[jvm]","","2026-07-28","passed","2026-07-28","","TransactionCreationIntegrationIT[jvm]","com.georgeci.moneysurfer.integration.repository.TransactionCreationIntegrationIT",""
"","10","the buffer keeps the newest 100 entries and drops the rest[jvm]","","2026-07-28","passed","2026-07-28","","DebugLogBufferTest[jvm]","com.georgeci.moneysurfer.domain.logging.DebugLogBufferTest",""
"","18","the window is inclusive at the start and exclusive at the end[jvm]","","2026-07-28","passed","2026-07-28","","SpendAnalyticsRepositoryImplJvmTest[jvm]","com.georgeci.moneysurfer.data.repository.SpendAnalyticsRepositoryImplJvmTest",""
"","55","a compact card keeps only the first insight[jvm]","","2026-07-28","passed","2026-07-28","","DashboardInsightsScreenTest[jvm]","com.georgeci.moneysurfer.ui.DashboardInsightsScreenTest",""
"","14","non-JSON manifest surfaces InvalidArchive[jvm]","","2026-07-28","passed","2026-07-28","","BackupImporterImplJvmTest[jvm]","com.georgeci.moneysurfer.data.backup.BackupImporterImplJvmTest",""
"","8","archive missing the main DB entry surfaces MissingFile[jvm]","","2026-07-28","passed","2026-07-28","","BackupImporterImplJvmTest[jvm]","com.georgeci.moneysurfer.data.backup.BackupImporterImplJvmTest",""
"","12","an undeclared key is absent, so resolution falls through to the key default[jvm]","","2026-07-28","passed","2026-07-28","","BuildConfigSourceSpec[jvm]","com.georgeci.moneysurfer.appconfig.BuildConfigSourceSpec",""
"","15","import skips rows whose id already exists locally[jvm]","","2026-07-28","passed","2026-07-28","","ExportImportTransactionsUseCaseTest[jvm]","com.georgeci.moneysurfer.domain.csv.ExportImportTransactionsUseCaseTest",""
"","41","a failure with a handler is left to the screen[jvm]","","2026-07-28","passed","2026-07-28","","MviViewModelTest[jvm]","com.georgeci.moneysurfer.utils.MviViewModelTest",""
"","6","enqueueUpsert pushes a PendingMutation when signed in and gate allows[jvm]","","2026-07-28","passed","2026-07-28","","OutboxEnqueuerImplSpec[jvm]","com.georgeci.moneysurfer.sync.repository.OutboxEnqueuerImplSpec",""
"","13","values are namespaced so they cannot clash with the legacy typed preferences[jvm]","","2026-07-28","passed","2026-07-28","","LocalConfigSourceImplJvmTest[jvm]","com.georgeci.moneysurfer.data.config.LocalConfigSourceImplJvmTest",""
"","58","save emits NavigateBack[jvm]","","2026-07-28","passed","2026-07-28","","CategoryCreationViewModelTest[jvm]","com.georgeci.moneysurfer.feature.category.creation.CategoryCreationViewModelTest",""
"","1","happy path: marks target REMOVED[jvm]","","2026-07-28","passed","2026-07-28","","RemoveMemberUseCaseTest[jvm]","com.georgeci.moneysurfer.domain.usecase.RemoveMemberUseCaseTest",""
"","0","re-registering an already listed workspace is harmless[jvm]","","2026-07-28","passed","2026-07-28","","WorkspaceRefRegistrarSpec[jvm]","com.georgeci.moneysurfer.data.sync.WorkspaceRefRegistrarSpec",""
"","450","an override round-trips[jvm]","","2026-07-28","passed","2026-07-28","","DebugConfigSourceImplJvmTest[jvm]","com.georgeci.moneysurfer.data.config.DebugConfigSourceImplJvmTest",""
"","20","signup rolls the session back when the bootstrap fails[jvm]","","2026-07-28","passed","2026-07-28","","AuthSessionRollbackTest[jvm]","com.georgeci.moneysurfer.domain.usecase.AuthSessionRollbackTest",""
"","1","PermissionDenied is not retryable[jvm]","","2026-07-28","passed","2026-07-28","","SyncErrorSpec[jvm]","com.georgeci.moneysurfer.sync.api.SyncErrorSpec",""
"","982","each coordinator step maps to its own label, so a copy-pasted branch shows up here[jvm]","","2026-07-28","passed","2026-07-28","","SyncScreenStateTest[jvm]","com.georgeci.moneysurfer.ui.SyncScreenStateTest",""
"","762","first run pins a demo user and seeds Personal without any account[jvm]","","2026-07-28","passed","2026-07-28","","OfflineFirstRunSeederTest[jvm]","com.georgeci.moneysurfer.offline.firstrun.OfflineFirstRunSeederTest",""
"","13","boolean codec round-trips and accepts either case[jvm]","","2026-07-28","passed","2026-07-28","","ConfigCodecSpec[jvm]","com.georgeci.moneysurfer.appconfig.ConfigCodecSpec",""
"","9","rows come back newest first[jvm]","","2026-07-28","passed","2026-07-28","","TransactionWindowIntegrationIT[jvm]","com.georgeci.moneysurfer.integration.repository.TransactionWindowIntegrationIT",""
"","23","invitee without email claim can accept via targetUserId branch","","2026-07-28","passed","2026-07-28","","invites — update / delete","invites — update / delete invitee without email claim can accept via targetUserId branch",""
"","34","a failed flag write leaves the screen retryable instead of navigating on[jvm]","","2026-07-28","passed","2026-07-28","","OnboardingViewModelTest[jvm]","com.georgeci.moneysurfer.feature.login.onboarding.OnboardingViewModelTest",""
"","1","restore on already-active account is a no-op success[jvm]","","2026-07-28","passed","2026-07-28","","ArchiveAccountUseCaseTest[jvm]","com.georgeci.moneysurfer.domain.usecase.ArchiveAccountUseCaseTest",""
"","8","a key whose row the account wipe removed is not resurrected on the server[jvm]","","2026-07-28","passed","2026-07-28","","UserConfigSyncPluginSpec[jvm]","com.georgeci.moneysurfer.data.sync.plugin.UserConfigSyncPluginSpec",""
"","13","a raw value the codec rejects is kept verbatim so the panel can show it[jvm]","","2026-07-28","passed","2026-07-28","","DebugConfigSourceImplJvmTest[jvm]","com.georgeci.moneysurfer.data.config.DebugConfigSourceImplJvmTest",""
"","18","the daily series sums a day's rows and skips the days without any[jvm]","","2026-07-28","passed","2026-07-28","","SpendAnalyticsRepositoryImplJvmTest[jvm]","com.georgeci.moneysurfer.data.repository.SpendAnalyticsRepositoryImplJvmTest",""
"","1","a zero or non-finite quote counts as missing rather than as an infinite balance[jvm]","","2026-07-28","passed","2026-07-28","","ConvertAccountsTotalUseCaseTest[jvm]","com.georgeci.moneysurfer.domain.usecase.ConvertAccountsTotalUseCaseTest",""
"","8","history inside the window moves the curve[jvm]","","2026-07-28","passed","2026-07-28","","GetAccountBalanceSeriesUseCaseTest[jvm]","com.georgeci.moneysurfer.domain.usecase.GetAccountBalanceSeriesUseCaseTest",""
"","19","rejects a contribution whose nullable transferId has a wrong non-null type","","2026-07-28","passed","2026-07-28","","savings goals (issue #244)","savings goals (issue #244) rejects a contribution whose nullable transferId has a wrong non-null type",""
"","4","a stored leg is flagged in edit mode so the delete confirmation can name the receipt[jvm]","","2026-07-28","passed","2026-07-28","","TransactionCreationSplitEditingTest[jvm]","com.georgeci.moneysurfer.feature.transaction.creation.TransactionCreationSplitEditingTest",""
"","43","all time drops the date bounds but stays paged[jvm]","","2026-07-28","passed","2026-07-28","","TransactionsByAccountPeriodTest[jvm]","com.georgeci.moneysurfer.feature.transaction.list.TransactionsByAccountPeriodTest",""
"","5","archive flips archived flag[jvm]","","2026-07-28","passed","2026-07-28","","ArchiveAccountUseCaseTest[jvm]","com.georgeci.moneysurfer.domain.usecase.ArchiveAccountUseCaseTest",""
"","0","caps at MAX_TAGS[jvm]","","2026-07-28","passed","2026-07-28","","TransactionTagsTest[jvm]","com.georgeci.moneysurfer.domain.model.TransactionTagsTest",""
"","11","pushAll failure surfaces as RemoteSyncFailed and skips addRef + pin[jvm]","","2026-07-28","passed","2026-07-28","","CreateWorkspaceUseCaseTest[jvm]","com.georgeci.moneysurfer.domain.usecase.CreateWorkspaceUseCaseTest",""
"","1","a junk day name from a remote doc never reaches Room[jvm]","","2026-07-28","passed","2026-07-28","","RecurringRuleDtoMapperSpec[jvm]","com.georgeci.moneysurfer.data.sync.RecurringRuleDtoMapperSpec",""
"","40","invited user CAN self-create via an email-only invite (legacy, no targetUserId)","","2026-07-28","passed","2026-07-28","","workspaces/{wid}/members/{uid}","workspaces/{wid}/members/{uid} invited user CAN self-create via an email-only invite (legacy, no targetUserId)",""
"","10","the split id becomes writable and reads back[jvm]","","2026-07-28","passed","2026-07-28","","TransactionSplitIdMigrationIT[jvm]","com.georgeci.moneysurfer.integration.repository.TransactionSplitIdMigrationIT",""
"","19","the period mode is persisted, not held in the screen state[jvm]","","2026-07-28","passed","2026-07-28","","TransactionsByAccountPeriodTest[jvm]","com.georgeci.moneysurfer.feature.transaction.list.TransactionsByAccountPeriodTest",""
"","5","a reset without an active workspace touches nothing[jvm]","","2026-07-28","passed","2026-07-28","","SyncViewModelTest[jvm]","com.georgeci.moneysurfer.feature.settings.sync.SyncViewModelTest",""
"","1","keeps the shared version when every artifact of a family agrees[jvm]","","2026-07-28","passed","2026-07-28","","ParseOssLibrariesTest[jvm]","com.georgeci.moneysurfer.feature.settings.about.licenses.ParseOssLibrariesTest",""
"","1","arithmetic within the domain cap stays exact[jvm]","","2026-07-28","passed","2026-07-28","","MoneyTest[jvm]","com.georgeci.moneysurfer.domain.primitives.MoneyTest",""
"","18","user can create their own document","","2026-07-28","passed","2026-07-28","","users/{uid}","users/{uid} user can create their own document",""
"","26","owner can hard-delete an entity doc (account-deletion purge)","","2026-07-28","passed","2026-07-28","","member-gated entities (accounts)","member-gated entities (accounts) owner can hard-delete an entity doc (account-deletion purge)",""
"","1","onSyncCancelled runs without error[jvm]","","2026-07-28","passed","2026-07-28","","KermitSyncTelemetrySpec[jvm]","com.georgeci.moneysurfer.sync.internal.telemetry.KermitSyncTelemetrySpec",""
"","20","owner can tombstone an invite","","2026-07-28","passed","2026-07-28","","tombstone update shape (push-side soft delete)","tombstone update shape (push-side soft delete) owner can tombstone an invite",""
"","216","the reset-all row asks to drop every override[jvm]","","2026-07-28","passed","2026-07-28","","DebugConfigScreenStateTest[jvm]","com.georgeci.moneysurfer.ui.DebugConfigScreenStateTest",""
"","8","a settings key queues one push however often it is toggled[jvm]","","2026-07-28","passed","2026-07-28","","PendingMutationQueueIntegrationIT[jvm]","com.georgeci.moneysurfer.integration.sync.PendingMutationQueueIntegrationIT",""
"","1","epochMillis=4611686018427387903[jvm]","","2026-07-28","passed","2026-07-28","","TimeFormatterTest[jvm]","com.georgeci.moneysurfer.data.repository.TimeFormatterTest",""
"","8","upsert in demo session writes DAO but skips outbox[jvm]","","2026-07-28","passed","2026-07-28","","WorkspaceInviteRepositoryDualWriteSpec[jvm]","com.georgeci.moneysurfer.data.repository.WorkspaceInviteRepositoryDualWriteSpec",""
"","9","syncWorkspace still switches the active workspace when sync is disabled[jvm]","","2026-07-28","passed","2026-07-28","","SyncCoordinatorWorkspaceSyncerSpec[jvm]","com.georgeci.moneysurfer.data.sync.SyncCoordinatorWorkspaceSyncerSpec",""
"","10","permission-denied during fetch maps to AuthError.PermissionDenied[jvm]","","2026-07-28","passed","2026-07-28","","PostAuthBootstrapUseCaseTest[jvm]","com.georgeci.moneysurfer.domain.usecase.PostAuthBootstrapUseCaseTest",""
"","2","epoch zero stored as blank resolves to 1970-01-01[jvm]","","2026-07-28","passed","2026-07-28","","ResolveLegacyOperationDateTest[jvm]","com.georgeci.moneysurfer.data.repository.ResolveLegacyOperationDateTest",""
"","1","a padded day name from a remote doc is trimmed rather than dropped[jvm]","","2026-07-28","passed","2026-07-28","","RecurringRuleDtoMapperSpec[jvm]","com.georgeci.moneysurfer.data.sync.RecurringRuleDtoMapperSpec",""
"","9","ignores licenses the export does not describe[jvm]","","2026-07-28","passed","2026-07-28","","ParseOssLibrariesTest[jvm]","com.georgeci.moneysurfer.feature.settings.about.licenses.ParseOssLibrariesTest",""
"","4","a detail with no list beside it stays a full screen[jvm]","","2026-07-28","passed","2026-07-28","","SurferPaneSceneStrategyTest[jvm]","com.georgeci.moneysurfer.navigation.SurferPaneSceneStrategyTest",""
"","3","no-op edit (same impact) yields empty delta[jvm]","","2026-07-28","passed","2026-07-28","","CalculateBalanceDeltaTest[jvm]","com.georgeci.moneysurfer.domain.model.CalculateBalanceDeltaTest",""
"","19","rejects when invite is expired[jvm]","","2026-07-28","passed","2026-07-28","","AcceptInviteUseCaseTest[jvm]","com.georgeci.moneysurfer.domain.usecase.AcceptInviteUseCaseTest",""
"","0","a window with no days in it reads as fully elapsed, never as a division by zero[jvm]","","2026-07-28","passed","2026-07-28","","SafeToSpendTest[jvm]","com.georgeci.moneysurfer.domain.model.SafeToSpendTest",""
"","4","every SyncScope variant currently uses null workspace filter (cross-workspace push)[jvm]","","2026-07-28","passed","2026-07-28","","PendingMutationQueueImplSpec[jvm]","com.georgeci.moneysurfer.sync.internal.repository.PendingMutationQueueImplSpec",""
"","66","day headers are relative for today and yesterday and exact otherwise[jvm]","","2026-07-28","passed","2026-07-28","","TransactionsByAccountPeriodTest[jvm]","com.georgeci.moneysurfer.feature.transaction.list.TransactionsByAccountPeriodTest",""
"","16","an unreachable server marks the layer degraded[jvm]","","2026-07-28","passed","2026-07-28","","RemoteGlobalConfigSourceImplSpec[jvm]","com.georgeci.moneysurfer.appconfig.remote.RemoteGlobalConfigSourceImplSpec",""
"","3","an already-pushed setting is not queued again[jvm]","","2026-07-28","passed","2026-07-28","","SyncedSettingsSessionImplJvmTest[jvm]","com.georgeci.moneysurfer.data.config.SyncedSettingsSessionImplJvmTest",""
"","32","non-member is blocked from budgets","","2026-07-28","passed","2026-07-28","","member-gated entities (smoke for the rest)","member-gated entities (smoke for the rest) non-member is blocked from budgets",""
"","7","setCursor stores Instant — cursor returns the same value back[jvm]","","2026-07-28","passed","2026-07-28","","SyncMetaRepositoryImplSpec[jvm]","com.georgeci.moneysurfer.data.sync.SyncMetaRepositoryImplSpec",""
"","4","recalc skipped when downloadedCount == 0[jvm]","","2026-07-28","passed","2026-07-28","","SyncCoordinatorImplSpec[jvm]","com.georgeci.moneysurfer.sync.coordinator.SyncCoordinatorImplSpec",""
"","0","forecast tiles extrapolate the elapsed days across the nominal period[jvm]","","2026-07-28","passed","2026-07-28","","BudgetProgressTest[jvm]","com.georgeci.moneysurfer.domain.model.BudgetProgressTest",""
"","5","Failed title carries error[jvm]","","2026-07-28","passed","2026-07-28","","SyncStepSpec[jvm]","com.georgeci.moneysurfer.sync.api.SyncStepSpec",""
"","10","live activity still outranks a missing workspace — a running sync is the more useful answer[jvm]","","2026-07-28","passed","2026-07-28","","SyncViewModelTest[jvm]","com.georgeci.moneysurfer.feature.settings.sync.SyncViewModelTest",""
"","27","the name required error appears only after the field was touched and left blank[jvm]","","2026-07-28","passed","2026-07-28","","AccountCreationViewModelTest[jvm]","com.georgeci.moneysurfer.feature.account.creation.AccountCreationViewModelTest",""
"","2","redactUid never leaks the full identifier[jvm]","","2026-07-28","passed","2026-07-28","","PiiRedactionTest[jvm]","com.georgeci.moneysurfer.domain.logging.PiiRedactionTest",""
"","2","an overspent previous window carries nothing — the debt is not doubled[jvm]","","2026-07-28","passed","2026-07-28","","BudgetProgressTest[jvm]","com.georgeci.moneysurfer.domain.model.BudgetProgressTest",""
"","44","the user can read their own document and does see the phantom ref","","2026-07-28","passed","2026-07-28","","dangling users/{uid}.workspaceIds refs","dangling users/{uid}.workspaceIds refs the user can read their own document and does see the phantom ref",""
"","36","rejects a poison update of an existing account (balance as string)","","2026-07-28","passed","2026-07-28","","entity write-shape validation (issue #156)","entity write-shape validation (issue #156) rejects a poison update of an existing account (balance as string)",""
"","2","email mapping pointing at a different uid is preserved[jvm]","","2026-07-28","passed","2026-07-28","","UserAccountDeletionRepositoryImplTest[jvm]","com.georgeci.moneysurfer.data.repository.UserAccountDeletionRepositoryImplTest",""
"","23","a second Undo is a no-op rather than a second refund[jvm]","","2026-07-28","passed","2026-07-28","","TransactionSoftDeleteIntegrationIT[jvm]","com.georgeci.moneysurfer.integration.repository.TransactionSoftDeleteIntegrationIT",""
"","427","save is blocked until a name and a positive limit are entered[jvm]","","2026-07-28","passed","2026-07-28","","BudgetEditViewModelTest[jvm]","com.georgeci.moneysurfer.feature.budget.edit.BudgetEditViewModelTest",""
"","20","case mismatch between email claim and key is rejected","","2026-07-28","passed","2026-07-28","","userEmails/{email}","userEmails/{email} case mismatch between email claim and key is rejected",""
"","1","onStepEntered is callable[jvm]","","2026-07-28","passed","2026-07-28","","SyncTelemetryNoOpSpec[jvm]","com.georgeci.moneysurfer.sync.telemetry.SyncTelemetryNoOpSpec",""
"","34","a user can read one of their own settings","","2026-07-28","passed","2026-07-28","","users/{uid}/config/{key}","users/{uid}/config/{key} a user can read one of their own settings",""
"","17","a purged row can no longer be restored — the Undo simply finds nothing[jvm]","","2026-07-28","passed","2026-07-28","","TransactionSoftDeleteIntegrationIT[jvm]","com.georgeci.moneysurfer.integration.repository.TransactionSoftDeleteIntegrationIT",""
"","1","redactUid returns a fixed marker for blank input[jvm]","","2026-07-28","passed","2026-07-28","","PiiRedactionTest[jvm]","com.georgeci.moneysurfer.domain.logging.PiiRedactionTest",""
"","22","the summary covers the period, not the loaded page[jvm]","","2026-07-28","passed","2026-07-28","","TransactionsByAccountPeriodTest[jvm]","com.georgeci.moneysurfer.feature.transaction.list.TransactionsByAccountPeriodTest",""
"","261","round-trip: an exported file imports every transaction into an empty database[jvm]","","2026-07-28","passed","2026-07-28","","ExportImportTransactionsUseCaseTest[jvm]","com.georgeci.moneysurfer.domain.csv.ExportImportTransactionsUseCaseTest",""
"","31","safe-to-spend stays null with no budget, so the widget can offer to set one[jvm]","","2026-07-28","passed","2026-07-28","","DashboardViewModelTest[jvm]","com.georgeci.moneysurfer.feature.dashboard.DashboardViewModelTest",""
"","3","empty history yields zero[jvm]","","2026-07-28","passed","2026-07-28","","RecalculateAccountBalanceUseCaseTest[jvm]","com.georgeci.moneysurfer.domain.usecase.RecalculateAccountBalanceUseCaseTest",""
"","11","restoring a row that was never deleted pushes nothing[jvm]","","2026-07-28","passed","2026-07-28","","TransactionTombstoneSyncIntegrationIT[jvm]","com.georgeci.moneysurfer.integration.sync.TransactionTombstoneSyncIntegrationIT",""
"","6","wrong column count is rejected with expected and actual sizes[jvm]","","2026-07-28","passed","2026-07-28","","TransactionCsvCodecTest[jvm]","com.georgeci.moneysurfer.domain.csv.TransactionCsvCodecTest",""
"","5","different ids spread across the palette rather than collapsing onto one colour[jvm]","","2026-07-28","passed","2026-07-28","","CategoryAppearanceTest[jvm]","com.georgeci.moneysurfer.domain.model.CategoryAppearanceTest",""
"","0","MutationOperation enumerates INSERT, UPDATE, DELETE[jvm]","","2026-07-28","passed","2026-07-28","","PendingMutationSpec[jvm]","com.georgeci.moneysurfer.sync.repository.PendingMutationSpec",""
"","10","a recovered server clears the degraded flag[jvm]","","2026-07-28","passed","2026-07-28","","RemoteGlobalConfigSourceImplSpec[jvm]","com.georgeci.moneysurfer.appconfig.remote.RemoteGlobalConfigSourceImplSpec",""
"","8","planned → actual applies full impact[jvm]","","2026-07-28","passed","2026-07-28","","CalculateBalanceDeltaTest[jvm]","com.georgeci.moneysurfer.domain.model.CalculateBalanceDeltaTest",""
"","1","the window ends on the clock's today and defaults to a month[jvm]","","2026-07-28","passed","2026-07-28","","GetAccountBalanceSeriesUseCaseTest[jvm]","com.georgeci.moneysurfer.domain.usecase.GetAccountBalanceSeriesUseCaseTest",""
"","7","the threshold is exactly one retention window behind now[jvm]","","2026-07-28","passed","2026-07-28","","PurgeDeletedTransactionsUseCaseTest[jvm]","com.georgeci.moneysurfer.domain.usecase.PurgeDeletedTransactionsUseCaseTest",""
"","148","the index the list query relies on is created with the column[jvm]","","2026-07-28","passed","2026-07-28","","TransactionSplitIdMigrationIT[jvm]","com.georgeci.moneysurfer.integration.repository.TransactionSplitIdMigrationIT",""
"","30","a lone leg still declares itself part of a receipt, so the delete dialog can say so[jvm]","","2026-07-28","passed","2026-07-28","","TransactionsListSplitTest[jvm]","com.georgeci.moneysurfer.feature.transaction.list.TransactionsListSplitTest",""
"","31","per-layer cells distinguish absent from undecodable[jvm]","","2026-07-28","passed","2026-07-28","","DebugConfigInspectorImplSpec[jvm]","com.georgeci.moneysurfer.appconfig.DebugConfigInspectorImplSpec",""
"","10","progress is reported per document with collection name and position[jvm]","","2026-07-28","passed","2026-07-28","","PullRemoteChangesUseCaseImplSpec[jvm]","com.georgeci.moneysurfer.data.sync.PullRemoteChangesUseCaseImplSpec",""
"","216","a deleted transaction leaves every read path, and Undo puts it back in all of them[jvm]","","2026-07-28","passed","2026-07-28","","TransactionSoftDeleteIntegrationIT[jvm]","com.georgeci.moneysurfer.integration.repository.TransactionSoftDeleteIntegrationIT",""
"","57","non-member cannot read or create a contribution","","2026-07-28","passed","2026-07-28","","savings goals (issue #244)","savings goals (issue #244) non-member cannot read or create a contribution",""
"","18","an unknown key name is rejected[jvm]","","2026-07-28","passed","2026-07-28","","DebugConfigInspectorImplSpec[jvm]","com.georgeci.moneysurfer.appconfig.DebugConfigInspectorImplSpec",""
"","10","a flag removed from the document stops being served[jvm]","","2026-07-28","passed","2026-07-28","","RemoteGlobalConfigSourceImplSpec[jvm]","com.georgeci.moneysurfer.appconfig.remote.RemoteGlobalConfigSourceImplSpec",""
"","8","a code round-trips unchanged[jvm]","","2026-07-28","passed","2026-07-28","","CurrencyCodeCodecTest[jvm]","com.georgeci.moneysurfer.data.config.CurrencyCodeCodecTest",""
"","0","'0.99' -> '0.99'[jvm]","","2026-07-28","passed","2026-07-28","","AmountInputTransformationTest[jvm]","com.georgeci.moneysurfer.utils.AmountInputTransformationTest",""
"","76","a key that is not remoteOverridable is ignored and never mirrored[jvm]","","2026-07-28","passed","2026-07-28","","RemoteGlobalConfigSourceImplSpec[jvm]","com.georgeci.moneysurfer.appconfig.remote.RemoteGlobalConfigSourceImplSpec",""
"","6","collapses punctuation and repeated separators into token boundaries[jvm]","","2026-07-28","passed","2026-07-28","","FtsQueryTest[jvm]","com.georgeci.moneysurfer.data.db.FtsQueryTest",""
"","40","member can read the workspace invite roster","","2026-07-28","passed","2026-07-28","","invites — read","invites — read member can read the workspace invite roster",""
"","36","an operationDate that is a timestamp, not a date is counted by no aggregate[jvm]","","2026-07-28","passed","2026-07-28","","SpendAnalyticsRepositoryImplJvmTest[jvm]","com.georgeci.moneysurfer.data.repository.SpendAnalyticsRepositoryImplJvmTest",""
"","39","merchant, tags and recurringRuleId survive a write/read cycle[jvm]","","2026-07-28","passed","2026-07-28","","TransactionDetailFieldsIntegrationIT[jvm]","com.georgeci.moneysurfer.integration.repository.TransactionDetailFieldsIntegrationIT",""
"","4","mergeScope ChangedSinceLastSync above UploadOnly[jvm]","","2026-07-28","passed","2026-07-28","","SyncScopeSpec[jvm]","com.georgeci.moneysurfer.sync.api.SyncScopeSpec",""
"","12","skipping keeps the recommended cash default and still completes the onboarding[jvm]","","2026-07-28","passed","2026-07-28","","OnboardingViewModelTest[jvm]","com.georgeci.moneysurfer.feature.login.onboarding.OnboardingViewModelTest",""
"","22","save EXPENSE persists a transaction with the account's currency and updates balance[jvm]","","2026-07-28","passed","2026-07-28","","TransactionCreationSaveTest[jvm]","com.georgeci.moneysurfer.feature.transaction.creation.TransactionCreationSaveTest",""
"","10","values are stored under the bare key name — the file is dedicated, nothing to namespace against[jvm]","","2026-07-28","passed","2026-07-28","","DebugConfigSourceImplJvmTest[jvm]","com.georgeci.moneysurfer.data.config.DebugConfigSourceImplJvmTest",""
"","9","clearSession leaves hasUsedDemo alone[jvm]","","2026-07-28","passed","2026-07-28","","SessionPointersImplJvmTest[jvm]","com.georgeci.moneysurfer.data.preferences.SessionPointersImplJvmTest",""
"","181","loading state shows the full screen loader and blocks the mode toggle[jvm]","","2026-07-28","passed","2026-07-28","","SignInScreenStateTest[jvm]","com.georgeci.moneysurfer.ui.SignInScreenStateTest",""
"","10","SQLite header with a corrupted structure fails the integrity check[jvm]","","2026-07-28","passed","2026-07-28","","BackupImporterImplJvmTest[jvm]","com.georgeci.moneysurfer.data.backup.BackupImporterImplJvmTest",""
"","10","the panel is unavailable when no real debug layer is bound[jvm]","","2026-07-28","passed","2026-07-28","","DebugConfigInspectorImplSpec[jvm]","com.georgeci.moneysurfer.appconfig.DebugConfigInspectorImplSpec",""
"","4","the headline carries the remainder, the per-day pace and the days left[jvm]","","2026-07-28","passed","2026-07-28","","SafeToSpendTest[jvm]","com.georgeci.moneysurfer.domain.model.SafeToSpendTest",""
"","444","encrypted import with the wrong passphrase surfaces WrongPassphrase[jvm]","","2026-07-28","passed","2026-07-28","","BackupEncryptedRoundTripJvmTest[jvm]","com.georgeci.moneysurfer.data.backup.BackupEncryptedRoundTripJvmTest",""
"","39","archiving stamps archivedAt and restoring clears it[jvm]","","2026-07-28","passed","2026-07-28","","AccountCreationIntegrationIT[jvm]","com.georgeci.moneysurfer.integration.repository.AccountCreationIntegrationIT",""
"","33","malformed and invalid rows are reported with row numbers and do not stop the import[jvm]","","2026-07-28","passed","2026-07-28","","ExportImportTransactionsUseCaseTest[jvm]","com.georgeci.moneysurfer.domain.csv.ExportImportTransactionsUseCaseTest",""
"","37","a confirmed reset clears the scope and re-syncs, because the cursors alone change nothing[jvm]","","2026-07-28","passed","2026-07-28","","SyncViewModelTest[jvm]","com.georgeci.moneysurfer.feature.settings.sync.SyncViewModelTest",""
"","326","a drag that never leaves the row it started on asks for nothing[jvm]","","2026-07-28","passed","2026-07-28","","DashboardCustomizeScreenStateTest[jvm]","com.georgeci.moneysurfer.ui.DashboardCustomizeScreenStateTest",""
"","2","negative amounts are an invalid format — the type toggle carries the sign[jvm]","","2026-07-28","passed","2026-07-28","","TransactionAmountInputTest[jvm]","com.georgeci.moneysurfer.feature.transaction.creation.TransactionAmountInputTest",""
"","27","the trailing line always carries what is left of the amount[jvm]","","2026-07-28","passed","2026-07-28","","TransactionCreationSplitTest[jvm]","com.georgeci.moneysurfer.feature.transaction.creation.TransactionCreationSplitTest",""
"","1","a key this build does not know is stored rather than dropped[jvm]","","2026-07-28","passed","2026-07-28","","UserConfigSyncPluginSpec[jvm]","com.georgeci.moneysurfer.data.sync.plugin.UserConfigSyncPluginSpec",""
"","2","mixed comma and dot separators are an invalid format[jvm]","","2026-07-28","passed","2026-07-28","","TransactionAmountInputTest[jvm]","com.georgeci.moneysurfer.feature.transaction.creation.TransactionAmountInputTest",""
"","4","',5' -> '.5'[jvm]","","2026-07-28","passed","2026-07-28","","AmountInputTransformationTest[jvm]","com.georgeci.moneysurfer.utils.AmountInputTransformationTest",""
"","1","addWorkspaceRef fires with the new workspace id so users/{uid}.workspaceIds is filled[jvm]","","2026-07-28","passed","2026-07-28","","CreateWorkspaceUseCaseTest[jvm]","com.georgeci.moneysurfer.domain.usecase.CreateWorkspaceUseCaseTest",""
"","21","renaming the category carries an untouched backing budget's name along[jvm]","","2026-07-28","passed","2026-07-28","","CategoryCreationViewModelTest[jvm]","com.georgeci.moneysurfer.feature.category.creation.CategoryCreationViewModelTest",""
"","13","clearing a pointer reads back as null, not as an empty id[jvm]","","2026-07-28","passed","2026-07-28","","SessionPointersImplJvmTest[jvm]","com.georgeci.moneysurfer.data.preferences.SessionPointersImplJvmTest",""
"","36","invited user CAN self-create referencing an already-ACCEPTED invite (push-order/idempotent)","","2026-07-28","passed","2026-07-28","","workspaces/{wid}/members/{uid}","workspaces/{wid}/members/{uid} invited user CAN self-create referencing an already-ACCEPTED invite (push-order/idempotent)",""
"","69","save persists the filled extra details and drops the ones left empty[jvm]","","2026-07-28","passed","2026-07-28","","AccountCreationViewModelTest[jvm]","com.georgeci.moneysurfer.feature.account.creation.AccountCreationViewModelTest",""
"","11","removing a row drops it and offers its chip again[jvm]","","2026-07-28","passed","2026-07-28","","AccountCreationViewModelTest[jvm]","com.georgeci.moneysurfer.feature.account.creation.AccountCreationViewModelTest",""
"","13","duplicate and blank tags are dropped before they reach the column[jvm]","","2026-07-28","passed","2026-07-28","","TransactionDetailFieldsIntegrationIT[jvm]","com.georgeci.moneysurfer.integration.repository.TransactionDetailFieldsIntegrationIT",""
"","2","calling twice on a single demo session wipes once and stays cleared[jvm]","","2026-07-28","passed","2026-07-28","","WipeDemoDataUseCaseSpec[jvm]","com.georgeci.moneysurfer.domain.usecase.WipeDemoDataUseCaseSpec",""
"","50","a 411 dp phone window at 2x density reports Compact[jvm]","","2026-07-28","passed","2026-07-28","","SurferWindowSizeCompositionTest[jvm]","com.georgeci.moneysurfer.ui.SurferWindowSizeCompositionTest",""
"","4","yearly anchor on Feb 29 clamps to Feb 28 in a non-leap year[jvm]","","2026-07-28","passed","2026-07-28","","BudgetPeriodWindowTest[jvm]","com.georgeci.moneysurfer.domain.util.BudgetPeriodWindowTest",""
"","10","resetting cursors asks first[jvm]","","2026-07-28","passed","2026-07-28","","SyncViewModelTest[jvm]","com.georgeci.moneysurfer.feature.settings.sync.SyncViewModelTest",""
"","22","a base-currency-only window reports nothing as excluded[jvm]","","2026-07-28","passed","2026-07-28","","SpendAnalyticsRepositoryImplJvmTest[jvm]","com.georgeci.moneysurfer.data.repository.SpendAnalyticsRepositoryImplJvmTest",""
"","195","editing hands back the fields the form has no input for[jvm]","","2026-07-28","passed","2026-07-28","","TransactionCreationEditTest[jvm]","com.georgeci.moneysurfer.feature.transaction.creation.TransactionCreationEditTest",""
"","17","online finish does not touch the first-run seed[jvm]","","2026-07-28","passed","2026-07-28","","OnboardingViewModelTest[jvm]","com.georgeci.moneysurfer.feature.login.onboarding.OnboardingViewModelTest",""
"","8","isEnabled returns true when firebaseUid is non-empty[jvm]","","2026-07-28","passed","2026-07-28","","OutboxEnqueuerSpec[jvm]","com.georgeci.moneysurfer.data.sync.OutboxEnqueuerSpec",""
"","0","the sync toggle is device-scoped, so logging out cannot silently re-enable sync[jvm]","","2026-07-28","passed","2026-07-28","","ConfigKeyScopeTest[jvm]","com.georgeci.moneysurfer.data.config.ConfigKeyScopeTest",""
"","524","tapping an available row asks to turn that widget on[jvm]","","2026-07-28","passed","2026-07-28","","DashboardCustomizeScreenStateTest[jvm]","com.georgeci.moneysurfer.ui.DashboardCustomizeScreenStateTest",""
"","4","dangerous notes survive a full CSV round-trip unchanged[jvm]","","2026-07-28","passed","2026-07-28","","TransactionCsvCodecTest[jvm]","com.georgeci.moneysurfer.domain.csv.TransactionCsvCodecTest",""
"","11","picking a card style persists it without moving the widget[jvm]","","2026-07-28","passed","2026-07-28","","DashboardCustomizeViewModelTest[jvm]","com.georgeci.moneysurfer.feature.dashboard.customize.DashboardCustomizeViewModelTest",""
"","7","no budgets at all leaves the control editable with nothing behind it[jvm]","","2026-07-28","passed","2026-07-28","","CategoryCapCoverageTest[jvm]","com.georgeci.moneysurfer.domain.model.CategoryCapCoverageTest",""
"","251","a budget past its alert threshold is still headroom, not an overspend[jvm]","","2026-07-28","passed","2026-07-28","","DashboardScreenStateTest[jvm]","com.georgeci.moneysurfer.ui.DashboardScreenStateTest",""
"","5","normalize caps the list at MAX_DETAILS[jvm]","","2026-07-28","passed","2026-07-28","","AccountExtraDetailsTest[jvm]","com.georgeci.moneysurfer.domain.model.AccountExtraDetailsTest",""
"","4","an ordinary row is removed on its own and returned for the undo[jvm]","","2026-07-28","passed","2026-07-28","","DeleteTransactionUseCaseTest[jvm]","com.georgeci.moneysurfer.domain.usecase.DeleteTransactionUseCaseTest",""
"","6","java.util.zip.ZipInputStream reads our stored archive[jvm]","","2026-07-28","passed","2026-07-28","","ZipStoredInteropJvmTest[jvm]","com.georgeci.moneysurfer.data.backup.ZipStoredInteropJvmTest",""
"","7","dark scheme: text tokens clear AA on every surface they land on[jvm]","","2026-07-28","passed","2026-07-28","","ColorContrastTest[jvm]","com.georgeci.moneysurfer.uikit.theme.ColorContrastTest",""
"","9","transitions to empty Content when categories are removed[jvm]","","2026-07-28","passed","2026-07-28","","CategoriesManageViewModelTest[jvm]","com.georgeci.moneysurfer.feature.category.manage.CategoriesManageViewModelTest",""
"","1","a negative amount passed to add is rejected instead of read as a withdrawal[jvm]","","2026-07-28","passed","2026-07-28","","GoalContributionUseCaseTest[jvm]","com.georgeci.moneysurfer.domain.usecase.GoalContributionUseCaseTest",""
"","2","a doc with no deletedAt decodes to a live row[jvm]","","2026-07-28","passed","2026-07-28","","TransactionDtoMapperSpec[jvm]","com.georgeci.moneysurfer.data.sync.TransactionDtoMapperSpec",""
"","2","hydrate publishes the stored state[jvm]","","2026-07-28","passed","2026-07-28","","PreferencesMirrorJvmTest[jvm]","com.georgeci.moneysurfer.data.config.PreferencesMirrorJvmTest",""
"","8","a contribution to a missing goal is rejected[jvm]","","2026-07-28","passed","2026-07-28","","GoalContributionUseCaseTest[jvm]","com.georgeci.moneysurfer.domain.usecase.GoalContributionUseCaseTest",""
"","23","Transfer is unreachable when the host disables it[jvm]","","2026-07-28","passed","2026-07-28","","TransactionCreationSaveTest[jvm]","com.georgeci.moneysurfer.feature.transaction.creation.TransactionCreationSaveTest",""
"","1","rows that predate the column are live, not deleted[jvm]","","2026-07-28","passed","2026-07-28","","TransactionSoftDeleteMigrationIT[jvm]","com.georgeci.moneysurfer.integration.repository.TransactionSoftDeleteMigrationIT",""
"","3","the opening balance is what the curve rises from[jvm]","","2026-07-28","passed","2026-07-28","","AccountBalanceSeriesTest[jvm]","com.georgeci.moneysurfer.domain.model.AccountBalanceSeriesTest",""
"","42","member can create","","2026-07-28","passed","2026-07-28","","member-gated entities (accounts)","member-gated entities (accounts) member can create",""
"","30","subcollections of the phantom workspace are denied too","","2026-07-28","passed","2026-07-28","","dangling users/{uid}.workspaceIds refs","dangling users/{uid}.workspaceIds refs subcollections of the phantom workspace are denied too",""
"","22","a fresh store holds nothing, so the layer resolves absent for every key[jvm]","","2026-07-28","passed","2026-07-28","","DebugConfigSourceImplJvmTest[jvm]","com.georgeci.moneysurfer.data.config.DebugConfigSourceImplJvmTest",""
"","36","transfer auto-seeds Transfer category with systemKind=TRANSFER on first call and reuses it on subsequent calls[jvm]","","2026-07-28","passed","2026-07-28","","TransferCreationIntegrationIT[jvm]","com.georgeci.moneysurfer.integration.repository.TransferCreationIntegrationIT",""
"","5","income contributes +amount on its account[jvm]","","2026-07-28","passed","2026-07-28","","BalanceImpactTest[jvm]","com.georgeci.moneysurfer.domain.model.BalanceImpactTest",""
"","115","cancelAllQueued with empty queue is a no-op[jvm]","","2026-07-28","passed","2026-07-28","","SyncCoordinatorImplBranchSpec[jvm]","com.georgeci.moneysurfer.sync.coordinator.SyncCoordinatorImplBranchSpec",""
"","8","still pins workspace and succeeds when addWorkspaceRef throws[jvm]","","2026-07-28","passed","2026-07-28","","CreateWorkspaceUseCaseTest[jvm]","com.georgeci.moneysurfer.domain.usecase.CreateWorkspaceUseCaseTest",""
"","1070","password is masked until the reveal toggle is tapped[jvm]","","2026-07-28","passed","2026-07-28","","SignInScreenStateTest[jvm]","com.georgeci.moneysurfer.ui.SignInScreenStateTest",""
"","16","a category that does not exist yet is never covered[jvm]","","2026-07-28","passed","2026-07-28","","CategoryCapCoverageTest[jvm]","com.georgeci.moneysurfer.domain.model.CategoryCapCoverageTest",""
"","0","PUSH order is workspace → members → invites → accounts → categories → transactions[jvm]","","2026-07-28","passed","2026-07-28","","SyncStepOrderTest[jvm]","com.georgeci.moneysurfer.domain.model.SyncStepOrderTest",""
"","14","insert writes both DAO and outbox when signed in[jvm]","","2026-07-28","passed","2026-07-28","","WorkspaceMemberRepositoryDualWriteSpec[jvm]","com.georgeci.moneysurfer.data.repository.WorkspaceMemberRepositoryDualWriteSpec",""
"","1","shifting all time is a no-op[jvm]","","2026-07-28","passed","2026-07-28","","TransactionPeriodWindowTest[jvm]","com.georgeci.moneysurfer.domain.util.TransactionPeriodWindowTest",""
"","1473","every registered configuration key name is unique across the whole graph[jvm]","","2026-07-28","passed","2026-07-28","","OnlineConfigGraphTest[jvm]","com.georgeci.moneysurfer.di.OnlineConfigGraphTest",""
"","2","a non-positive window is a programming error[jvm]","","2026-07-28","passed","2026-07-28","","AccountBalanceSeriesTest[jvm]","com.georgeci.moneysurfer.domain.model.AccountBalanceSeriesTest",""
"","5","markSuccess preserves cursor[jvm]","","2026-07-28","passed","2026-07-28","","SyncMetaRepositoryImplSpec[jvm]","com.georgeci.moneysurfer.data.sync.SyncMetaRepositoryImplSpec",""
"","200","picking a tile reports the whole card style, keeping the half that was not touched[jvm]","","2026-07-28","passed","2026-07-28","","DashboardCustomizeScreenStateTest[jvm]","com.georgeci.moneysurfer.ui.DashboardCustomizeScreenStateTest",""
"","18","reset clears the draft's filters but keeps the search the list is showing[jvm]","","2026-07-28","passed","2026-07-28","","TransactionFiltersViewModelTest[jvm]","com.georgeci.moneysurfer.feature.transaction.filters.TransactionFiltersViewModelTest",""
"","9","conflicts and skipped docs are reflected in the summary[jvm]","","2026-07-28","passed","2026-07-28","","PullRemoteChangesUseCaseImplSpec[jvm]","com.georgeci.moneysurfer.data.sync.PullRemoteChangesUseCaseImplSpec",""
"","42","flatten puts each child immediately after its parent[jvm]","","2026-07-28","passed","2026-07-28","","CategoryTreeTest[jvm]","com.georgeci.moneysurfer.domain.model.CategoryTreeTest",""
"","13","thrown Throwable from upload becomes SyncError.Unknown[jvm]","","2026-07-28","passed","2026-07-28","","SyncCoordinatorImplBranchSpec[jvm]","com.georgeci.moneysurfer.sync.coordinator.SyncCoordinatorImplBranchSpec",""
"","40","an evicted (REMOVED) member can no longer read the roster","","2026-07-28","passed","2026-07-28","","workspaces/{wid}/members/{uid}","workspaces/{wid}/members/{uid} an evicted (REMOVED) member can no longer read the roster",""
"","2","ProjectionScope.All is a singleton[jvm]","","2026-07-28","passed","2026-07-28","","ProjectionSpec[jvm]","com.georgeci.moneysurfer.sync.projection.ProjectionSpec",""
"","13","enqueueUpsert is a no-op when demo session[jvm]","","2026-07-28","passed","2026-07-28","","OutboxEnqueuerSpec[jvm]","com.georgeci.moneysurfer.data.sync.OutboxEnqueuerSpec",""
"","9","a category that moved less than a fifth says nothing[jvm]","","2026-07-28","passed","2026-07-28","","InsightRulesTest[jvm]","com.georgeci.moneysurfer.domain.insight.InsightRulesTest",""
"","16","the grid flattens parents and children of the selected type into one list[jvm]","","2026-07-28","passed","2026-07-28","","CategoryChooserViewModelTest[jvm]","com.georgeci.moneysurfer.feature.category.picker.CategoryChooserViewModelTest",""
"","16","confirming the guest warning logs out and closes the dialog[jvm]","","2026-07-28","passed","2026-07-28","","SettingsLogoutViewModelTest[jvm]","com.georgeci.moneysurfer.feature.settings.SettingsLogoutViewModelTest",""
"","24","index follows the content table on update, and search drops soft-deleted rows[jvm]","","2026-07-28","passed","2026-07-28","","TransactionFtsIntegrationIT[jvm]","com.georgeci.moneysurfer.integration.repository.TransactionFtsIntegrationIT",""
"","0","'12a' (mixed letters and digits)[jvm]","","2026-07-28","passed","2026-07-28","","AmountInputTransformationTest[jvm]","com.georgeci.moneysurfer.utils.AmountInputTransformationTest",""
"","12","writes workspace, member, default categories and pins it as current (no Firebase session)[jvm]","","2026-07-28","passed","2026-07-28","","CreateWorkspaceUseCaseTest[jvm]","com.georgeci.moneysurfer.domain.usecase.CreateWorkspaceUseCaseTest",""
"","5","mergeScope picks widest — AllUserData dominates[jvm]","","2026-07-28","passed","2026-07-28","","SyncScopeSpec[jvm]","com.georgeci.moneysurfer.sync.api.SyncScopeSpec",""
"","1","rows for other accounts and non-actual rows leave the curve flat[jvm]","","2026-07-28","passed","2026-07-28","","AccountBalanceSeriesTest[jvm]","com.georgeci.moneysurfer.domain.model.AccountBalanceSeriesTest",""
"","33","authenticated list/scan is denied — auth buys no enumeration either","","2026-07-28","passed","2026-07-28","","appConfig/{docId}","appConfig/{docId} authenticated list/scan is denied — auth buys no enumeration either",""
"","2","negating Long.MIN_VALUE via times(-1) throws instead of wrapping[jvm]","","2026-07-28","passed","2026-07-28","","MoneyTest[jvm]","com.georgeci.moneysurfer.domain.primitives.MoneyTest",""
"","20","stranger cannot collection-group query by another user's targetUserId","","2026-07-28","passed","2026-07-28","","invites — read","invites — read stranger cannot collection-group query by another user's targetUserId",""
"","13","first pull starts from cursor 0 and advances the cursor to the newest doc[jvm]","","2026-07-28","passed","2026-07-28","","PullRemoteChangesUseCaseImplSpec[jvm]","com.georgeci.moneysurfer.data.sync.PullRemoteChangesUseCaseImplSpec",""
"","13","the limit bounds an all-time query[jvm]","","2026-07-28","passed","2026-07-28","","TransactionWindowIntegrationIT[jvm]","com.georgeci.moneysurfer.integration.repository.TransactionWindowIntegrationIT",""
"","9","getBySplitId returns only the legs of the requested receipt[jvm]","","2026-07-28","passed","2026-07-28","","TransactionWindowIntegrationIT[jvm]","com.georgeci.moneysurfer.integration.repository.TransactionWindowIntegrationIT",""
"","31","a foreign-currency expense is absent from the categories and reported as excluded[jvm]","","2026-07-28","passed","2026-07-28","","SpendAnalyticsRepositoryImplJvmTest[jvm]","com.georgeci.moneysurfer.data.repository.SpendAnalyticsRepositoryImplJvmTest",""
"","64","a file with a foreign header posts InvalidFile and returns to Idle[jvm]","","2026-07-28","passed","2026-07-28","","CsvBackupViewModelTest[jvm]","com.georgeci.moneysurfer.feature.settings.csv.CsvBackupViewModelTest",""
"","12","shutdown cancels coordinator and scheduler[jvm]","","2026-07-28","passed","2026-07-28","","SessionShutdownGateImplSpec[jvm]","com.georgeci.moneysurfer.data.sync.SessionShutdownGateImplSpec",""
"","7","enqueueing the same change twice queues one push[jvm]","","2026-07-28","passed","2026-07-28","","PendingMutationQueueIntegrationIT[jvm]","com.georgeci.moneysurfer.integration.sync.PendingMutationQueueIntegrationIT",""
"","3","updating a missing goal is rejected[jvm]","","2026-07-28","passed","2026-07-28","","SavingsGoalUseCaseTest[jvm]","com.georgeci.moneysurfer.domain.usecase.SavingsGoalUseCaseTest",""
"","7","oldest first reverses the whole list, day groups included[jvm]","","2026-07-28","passed","2026-07-28","","TransactionsByAccountFilteringTest[jvm]","com.georgeci.moneysurfer.feature.transaction.list.TransactionsByAccountFilteringTest",""
"","7","delete on a missing account returns AccountNotFound[jvm]","","2026-07-28","passed","2026-07-28","","AccountWriteUseCasesTest[jvm]","com.georgeci.moneysurfer.domain.usecase.AccountWriteUseCasesTest",""
"","1","repairs missing Cash account when workspace was pinned without one[jvm]","","2026-07-28","passed","2026-07-28","","SeedDefaultsUseCaseTest[jvm]","com.georgeci.moneysurfer.domain.usecase.SeedDefaultsUseCaseTest",""
"","12","archive missing the DataStore entry surfaces MissingFile[jvm]","","2026-07-28","passed","2026-07-28","","BackupImporterImplJvmTest[jvm]","com.georgeci.moneysurfer.data.backup.BackupImporterImplJvmTest",""
"","19","peek is absent before hydrate, so a pre-hydration snapshot cannot see this layer[jvm]","","2026-07-28","passed","2026-07-28","","RemoteGlobalConfigSourceImplSpec[jvm]","com.georgeci.moneysurfer.appconfig.remote.RemoteGlobalConfigSourceImplSpec",""
"","4","monthly clamping does not accumulate — the 31st returns after a short month[jvm]","","2026-07-28","passed","2026-07-28","","BudgetPeriodWindowTest[jvm]","com.georgeci.moneysurfer.domain.util.BudgetPeriodWindowTest",""
"","4","lastOutcome records failure when use case returns Left[jvm]","","2026-07-28","passed","2026-07-28","","SyncCoordinatorImplSpec[jvm]","com.georgeci.moneysurfer.sync.coordinator.SyncCoordinatorImplSpec",""
"","2","onStepEntered handles every SyncStep variant including parameterised ones[jvm]","","2026-07-28","passed","2026-07-28","","KermitSyncTelemetrySpec[jvm]","com.georgeci.moneysurfer.sync.internal.telemetry.KermitSyncTelemetrySpec",""
"","18","markPushed ignores a row that changed after the push read it[jvm]","","2026-07-28","passed","2026-07-28","","ConfigEntryDaoIntegrationIT[jvm]","com.georgeci.moneysurfer.integration.repository.ConfigEntryDaoIntegrationIT",""
"","30","accepts a budget with an empty categoryIds list","","2026-07-28","passed","2026-07-28","","entity write-shape validation (issue #156)","entity write-shape validation (issue #156) accepts a budget with an empty categoryIds list",""
"","13","update applies the edit to the stored row and leaves the rest alone[jvm]","","2026-07-28","passed","2026-07-28","","AccountWriteUseCasesTest[jvm]","com.georgeci.moneysurfer.domain.usecase.AccountWriteUseCasesTest",""
"","30","demo session (no Firebase uid) writes local rows but keeps the outbox empty[jvm]","","2026-07-28","passed","2026-07-28","","WorkspaceCreationSyncIntegrationIT[jvm]","com.georgeci.moneysurfer.integration.sync.WorkspaceCreationSyncIntegrationIT",""
"","11","a corrupt file is replaced instead of failing every read for the life of the install[jvm]","","2026-07-28","passed","2026-07-28","","RemoteConfigMirrorImplJvmTest[jvm]","com.georgeci.moneysurfer.data.config.RemoteConfigMirrorImplJvmTest",""
"","19","save with blank name is a no-op (Save button is wired to require a name)[jvm]","","2026-07-28","passed","2026-07-28","","AccountCreationViewModelTest[jvm]","com.georgeci.moneysurfer.feature.account.creation.AccountCreationViewModelTest",""
"","14","awaitNetwork bounded timeout fails with NetworkUnavailable[jvm]","","2026-07-28","passed","2026-07-28","","SyncCoordinatorImplSpec[jvm]","com.georgeci.moneysurfer.sync.coordinator.SyncCoordinatorImplSpec",""
"","285","a retracted kill switch stops the gate, and restoring it starts a fresh ticker[jvm]","","2026-07-28","passed","2026-07-28","","PeriodicSyncGateTest[jvm]","com.georgeci.moneysurfer.navigation.PeriodicSyncGateTest",""
"","7","switching to Income picks an income category and save persists INCOME[jvm]","","2026-07-28","passed","2026-07-28","","TransactionCreationSaveTest[jvm]","com.georgeci.moneysurfer.feature.transaction.creation.TransactionCreationSaveTest",""
"","74","login rolls the session back and signs out when the bootstrap fails[jvm]","","2026-07-28","passed","2026-07-28","","AuthSessionRollbackTest[jvm]","com.georgeci.moneysurfer.domain.usecase.AuthSessionRollbackTest",""
"","0","an empty account list has no total and nothing left over[jvm]","","2026-07-28","passed","2026-07-28","","ConvertAccountsTotalUseCaseTest[jvm]","com.georgeci.moneysurfer.domain.usecase.ConvertAccountsTotalUseCaseTest",""
"","2","a record written by the pre-#260 format decodes with the new fields defaulted[jvm]","","2026-07-28","passed","2026-07-28","","TransactionCsvCodecTest[jvm]","com.georgeci.moneysurfer.domain.csv.TransactionCsvCodecTest",""
"","5","transactions dated after today are backed out of the anchor[jvm]","","2026-07-28","passed","2026-07-28","","AccountBalanceSeriesTest[jvm]","com.georgeci.moneysurfer.domain.model.AccountBalanceSeriesTest",""
"","28","getByWorkspaceId only returns invites of the given workspace[jvm]","","2026-07-28","passed","2026-07-28","","WorkspaceInviteRepositoryIntegrationIT[jvm]","com.georgeci.moneysurfer.integration.repository.WorkspaceInviteRepositoryIntegrationIT",""
"","85","getting the phantom workspace is DENIED, not an empty snapshot","","2026-07-28","passed","2026-07-28","","dangling users/{uid}.workspaceIds refs","dangling users/{uid}.workspaceIds refs getting the phantom workspace is DENIED, not an empty snapshot",""
"","151","retry dismisses the error state and returns to the content[jvm]","","2026-07-28","passed","2026-07-28","","GlobalErrorBoundaryTest[jvm]","com.georgeci.moneysurfer.ui.GlobalErrorBoundaryTest",""
"","0","'999999.99' -> '999999.99'[jvm]","","2026-07-28","passed","2026-07-28","","AmountInputTransformationTest[jvm]","com.georgeci.moneysurfer.utils.AmountInputTransformationTest",""
"","14","a degraded layer stops being reported once its store recovers[jvm]","","2026-07-28","passed","2026-07-28","","LayeredConfigSpec[jvm]","com.georgeci.moneysurfer.appconfig.LayeredConfigSpec",""
"","10","a comma decimal separator is accepted and the parsed amount is persisted[jvm]","","2026-07-28","passed","2026-07-28","","TransactionCreationSaveTest[jvm]","com.georgeci.moneysurfer.feature.transaction.creation.TransactionCreationSaveTest",""
"","4","delete removes the account[jvm]","","2026-07-28","passed","2026-07-28","","AccountWriteUseCasesTest[jvm]","com.georgeci.moneysurfer.domain.usecase.AccountWriteUseCasesTest",""
"","26","starts in Loading before categories are emitted[jvm]","","2026-07-28","passed","2026-07-28","","CategoriesManageViewModelTest[jvm]","com.georgeci.moneysurfer.feature.category.manage.CategoriesManageViewModelTest",""
"","21","rejects a category whose hue is a string","","2026-07-28","passed","2026-07-28","","entity write-shape validation (issue #156)","entity write-shape validation (issue #156) rejects a category whose hue is a string",""
"","12","create surfaces a repository failure instead of throwing[jvm]","","2026-07-28","passed","2026-07-28","","AccountWriteUseCasesTest[jvm]","com.georgeci.moneysurfer.domain.usecase.AccountWriteUseCasesTest",""
"","23","a cap zeroed out on an existing category deletes the backing budget[jvm]","","2026-07-28","passed","2026-07-28","","CategoryCreationViewModelTest[jvm]","com.georgeci.moneysurfer.feature.category.creation.CategoryCreationViewModelTest",""
"","0","two budgets with the same limit resolve the same way every time[jvm]","","2026-07-28","passed","2026-07-28","","SafeToSpendTest[jvm]","com.georgeci.moneysurfer.domain.model.SafeToSpendTest",""
"","848","the switch on an on-dashboard row asks to turn that widget off[jvm]","","2026-07-28","passed","2026-07-28","","DashboardCustomizeScreenStateTest[jvm]","com.georgeci.moneysurfer.ui.DashboardCustomizeScreenStateTest",""
"","3","Enqueue merges into existing pending request[jvm]","","2026-07-28","passed","2026-07-28","","SyncCoordinatorImplBranchSpec[jvm]","com.georgeci.moneysurfer.sync.coordinator.SyncCoordinatorImplBranchSpec",""
"","128","drops BOM artifacts, which ship version constraints and no code[jvm]","","2026-07-28","passed","2026-07-28","","ParseOssLibrariesTest[jvm]","com.georgeci.moneysurfer.feature.settings.about.licenses.ParseOssLibrariesTest",""
"","18","a row with no merchant is not a merchant[jvm]","","2026-07-28","passed","2026-07-28","","SpendAnalyticsRepositoryImplJvmTest[jvm]","com.georgeci.moneysurfer.data.repository.SpendAnalyticsRepositoryImplJvmTest",""
"","11","replaceAll drops keys the new payload omits[jvm]","","2026-07-28","passed","2026-07-28","","RemoteConfigMirrorImplJvmTest[jvm]","com.georgeci.moneysurfer.data.config.RemoteConfigMirrorImplJvmTest",""
"","2","fetch failure propagates as AuthError.Unknown[jvm]","","2026-07-28","passed","2026-07-28","","PostAuthBootstrapUseCaseTest[jvm]","com.georgeci.moneysurfer.domain.usecase.PostAuthBootstrapUseCaseTest",""
"","54","deleting one leg of a transfer removes both and the undo brings both balances back[jvm]","","2026-07-28","passed","2026-07-28","","DeleteUndoIntegrationIT[jvm]","com.georgeci.moneysurfer.integration.repository.DeleteUndoIntegrationIT",""
"","37","an Undo enqueues an UPDATE that clears the tombstone remotely[jvm]","","2026-07-28","passed","2026-07-28","","TransactionTombstoneSyncIntegrationIT[jvm]","com.georgeci.moneysurfer.integration.sync.TransactionTombstoneSyncIntegrationIT",""
"","2","a host can declare that the user has to reopen the app[jvm]","","2026-07-28","passed","2026-07-28","","AppRestarterTest[jvm]","com.georgeci.moneysurfer.domain.backup.AppRestarterTest",""
"","8","falls back to the group id when the export carries no names at all[jvm]","","2026-07-28","passed","2026-07-28","","ParseOssLibrariesTest[jvm]","com.georgeci.moneysurfer.feature.settings.about.licenses.ParseOssLibrariesTest",""
"","9","enum codec resolves by name and rejects anything else[jvm]","","2026-07-28","passed","2026-07-28","","ConfigCodecSpec[jvm]","com.georgeci.moneysurfer.appconfig.ConfigCodecSpec",""
"","7","category seed failure returns LocalWriteFailed and skips remote work and pin[jvm]","","2026-07-28","passed","2026-07-28","","CreateWorkspaceUseCaseTest[jvm]","com.georgeci.moneysurfer.domain.usecase.CreateWorkspaceUseCaseTest",""
"","1","existing user with null defaultWorkspaceId falls back to the first workspace[jvm]","","2026-07-28","passed","2026-07-28","","PostAuthBootstrapUseCaseTest[jvm]","com.georgeci.moneysurfer.domain.usecase.PostAuthBootstrapUseCaseTest",""
"","1","actual → planned unwinds impact[jvm]","","2026-07-28","passed","2026-07-28","","ApplyTransactionChangeUseCaseTest[jvm]","com.georgeci.moneysurfer.domain.usecase.ApplyTransactionChangeUseCaseTest",""
"","124","a detail pane beside its list drops the back arrow and the FAB[jvm]","","2026-07-28","passed","2026-07-28","","SurferPaneScaffoldTest[jvm]","com.georgeci.moneysurfer.ui.SurferPaneScaffoldTest",""
"","24","changing the cap updates the backing budget instead of creating a second one[jvm]","","2026-07-28","passed","2026-07-28","","CategoryCreationViewModelTest[jvm]","com.georgeci.moneysurfer.feature.category.creation.CategoryCreationViewModelTest",""
"","0","propagates a failure so the outbox retries the push[jvm]","","2026-07-28","passed","2026-07-28","","WorkspaceRefRegistrarSpec[jvm]","com.georgeci.moneysurfer.data.sync.WorkspaceRefRegistrarSpec",""
"","10","markLeft soft-deletes: status LEFT, leftAt set, enqueues UPDATE[jvm]","","2026-07-28","passed","2026-07-28","","WorkspaceMemberRepositoryDualWriteSpec[jvm]","com.georgeci.moneysurfer.data.repository.WorkspaceMemberRepositoryDualWriteSpec",""
"","25","switching the type drops a parent that belongs to the other type[jvm]","","2026-07-28","passed","2026-07-28","","CategoryCreationViewModelTest[jvm]","com.georgeci.moneysurfer.feature.category.creation.CategoryCreationViewModelTest",""
"","5","a re-emission from sync keeps the type, query and expansion the user chose[jvm]","","2026-07-28","passed","2026-07-28","","CategoryChooserViewModelTest[jvm]","com.georgeci.moneysurfer.feature.category.picker.CategoryChooserViewModelTest",""
"","3","a parent that matches on its own name survives a search that no child matches[jvm]","","2026-07-28","passed","2026-07-28","","CategoryChooserViewModelTest[jvm]","com.georgeci.moneysurfer.feature.category.picker.CategoryChooserViewModelTest",""
"","5","amount_minor at the domain cap is accepted[jvm]","","2026-07-28","passed","2026-07-28","","TransactionCsvCodecTest[jvm]","com.georgeci.moneysurfer.domain.csv.TransactionCsvCodecTest",""
"","12","submitting with a malformed email reports EmailInvalid[jvm]","","2026-07-28","passed","2026-07-28","","SignInViewModelTest[jvm]","com.georgeci.moneysurfer.feature.login.SignInViewModelTest",""
"","18","pendingCount Flow reflects active row count[jvm]","","2026-07-28","passed","2026-07-28","","PendingMutationQueueIntegrationIT[jvm]","com.georgeci.moneysurfer.integration.sync.PendingMutationQueueIntegrationIT",""
"","11","pushAll reports that nothing landed when sync is disabled[jvm]","","2026-07-28","passed","2026-07-28","","SyncCoordinatorWorkspaceSyncerSpec[jvm]","com.georgeci.moneysurfer.data.sync.SyncCoordinatorWorkspaceSyncerSpec",""
"","48","loading more appends the next page and stops when the window is exhausted[jvm]","","2026-07-28","passed","2026-07-28","","TransactionsByAccountPeriodTest[jvm]","com.georgeci.moneysurfer.feature.transaction.list.TransactionsByAccountPeriodTest",""
"","4","planned → actual applies impact[jvm]","","2026-07-28","passed","2026-07-28","","ApplyTransactionChangeUseCaseTest[jvm]","com.georgeci.moneysurfer.domain.usecase.ApplyTransactionChangeUseCaseTest",""
"","32","rejects when invite already accepted[jvm]","","2026-07-28","passed","2026-07-28","","AcceptInviteUseCaseTest[jvm]","com.georgeci.moneysurfer.domain.usecase.AcceptInviteUseCaseTest",""
"","12","a zero amount blocks save and exposes an inline error[jvm]","","2026-07-28","passed","2026-07-28","","TransactionCreationSaveTest[jvm]","com.georgeci.moneysurfer.feature.transaction.creation.TransactionCreationSaveTest",""
"","7","the monthly average divides by the whole window, not by the months with spend[jvm]","","2026-07-28","passed","2026-07-28","","CategorySpendHistoryTest[jvm]","com.georgeci.moneysurfer.domain.model.CategorySpendHistoryTest",""
"","1","fromMajor that overflows Long throws instead of wrapping[jvm]","","2026-07-28","passed","2026-07-28","","MoneyTest[jvm]","com.georgeci.moneysurfer.domain.primitives.MoneyTest",""
"","297","empty plaintext round-trips[jvm]","","2026-07-28","passed","2026-07-28","","EncryptedBackupCodecTest[jvm]","com.georgeci.moneysurfer.data.backup.EncryptedBackupCodecTest",""
"","3","an older remote value loses and the local one is left alone[jvm]","","2026-07-28","passed","2026-07-28","","UserConfigSyncPluginSpec[jvm]","com.georgeci.moneysurfer.data.sync.plugin.UserConfigSyncPluginSpec",""
"","20","a user cannot list another user's settings","","2026-07-28","passed","2026-07-28","","users/{uid}/config/{key}","users/{uid}/config/{key} a user cannot list another user's settings",""
"","1","the first day of a window divides by one, not by zero[jvm]","","2026-07-28","passed","2026-07-28","","BudgetProgressTest[jvm]","com.georgeci.moneysurfer.domain.model.BudgetProgressTest",""
"","13","markRemoved soft-deletes: status REMOVED, removedAt set, enqueues UPDATE[jvm]","","2026-07-28","passed","2026-07-28","","WorkspaceMemberRepositoryDualWriteSpec[jvm]","com.georgeci.moneysurfer.data.repository.WorkspaceMemberRepositoryDualWriteSpec",""
"","3","throwIfCancelled does nothing when active[jvm]","","2026-07-28","passed","2026-07-28","","SyncCancelTokenSpec[jvm]","com.georgeci.moneysurfer.sync.api.SyncCancelTokenSpec",""
"","18","entries are ordered narrow to wide, so comparisons read as at-least[jvm]","","2026-07-28","passed","2026-07-28","","SurferWindowSizeTest[jvm]","com.georgeci.moneysurfer.uikit.window.SurferWindowSizeTest",""
"","6","redactEmail never leaks the raw address[jvm]","","2026-07-28","passed","2026-07-28","","PiiRedactionTest[jvm]","com.georgeci.moneysurfer.domain.logging.PiiRedactionTest",""
"","3","'.99' -> '.99'[jvm]","","2026-07-28","passed","2026-07-28","","AmountInputTransformationTest[jvm]","com.georgeci.moneysurfer.utils.AmountInputTransformationTest",""
"","7","OnArchiveCancel clears the pending archive without changes[jvm]","","2026-07-28","passed","2026-07-28","","AccountsManageViewModelTest[jvm]","com.georgeci.moneysurfer.feature.account.manage.AccountsManageViewModelTest",""
"","659","a device-scoped setting is neither wiped nor held[jvm]","","2026-07-28","passed","2026-07-28","","LocalDataResetIntegrationIT[jvm]","com.georgeci.moneysurfer.integration.repository.LocalDataResetIntegrationIT",""
"","8","happy path: persists PENDING invite with TTL and lowercase email[jvm]","","2026-07-28","passed","2026-07-28","","SendInviteUseCaseTest[jvm]","com.georgeci.moneysurfer.domain.usecase.SendInviteUseCaseTest",""
"","718","a remoteOverridable flag is mirrored and served[jvm]","","2026-07-28","passed","2026-07-28","","RemoteGlobalConfigSourceImplSpec[jvm]","com.georgeci.moneysurfer.appconfig.remote.RemoteGlobalConfigSourceImplSpec",""
"","16","exposes id, status, steps, result via the SyncHandle interface[jvm]","","2026-07-28","passed","2026-07-28","","SyncHandleImplSpec[jvm]","com.georgeci.moneysurfer.sync.coordinator.SyncHandleImplSpec",""
"","16","dismissing the export options asks for nothing[jvm]","","2026-07-28","passed","2026-07-28","","BackupViewModelTest[jvm]","com.georgeci.moneysurfer.feature.settings.backup.BackupViewModelTest",""
"","25","an idle coordinator reports the last outcome, and a cancelled one reports nothing[jvm]","","2026-07-28","passed","2026-07-28","","SyncViewModelTest[jvm]","com.georgeci.moneysurfer.feature.settings.sync.SyncViewModelTest",""
"","1","switching a widget to the state it already has changes nothing[jvm]","","2026-07-28","passed","2026-07-28","","DashboardLayoutConfigTest[jvm]","com.georgeci.moneysurfer.domain.dashboard.DashboardLayoutConfigTest",""
"","1","a group the page cut in half renders as its legs rather than a short total[jvm]","","2026-07-28","passed","2026-07-28","","TransactionsListSplitTest[jvm]","com.georgeci.moneysurfer.feature.transaction.list.TransactionsListSplitTest",""
"","1","per-transaction is null when nothing was booked this month[jvm]","","2026-07-28","passed","2026-07-28","","CategorySpendHistoryTest[jvm]","com.georgeci.moneysurfer.domain.model.CategorySpendHistoryTest",""
"","2","surfaces remote lookup failure as RemoteSyncFailed[jvm]","","2026-07-28","passed","2026-07-28","","SendInviteUseCaseTest[jvm]","com.georgeci.moneysurfer.domain.usecase.SendInviteUseCaseTest",""
"","8","snapshot before hydrate throws in debug builds[jvm]","","2026-07-28","passed","2026-07-28","","LayeredConfigSpec[jvm]","com.georgeci.moneysurfer.appconfig.LayeredConfigSpec",""
"","3","fromMajor composes units and cents exactly[jvm]","","2026-07-28","passed","2026-07-28","","MoneyTest[jvm]","com.georgeci.moneysurfer.domain.primitives.MoneyTest",""
"","26","dropping a row back where it started writes nothing[jvm]","","2026-07-28","passed","2026-07-28","","AccountSortOrderIntegrationIT[jvm]","com.georgeci.moneysurfer.integration.repository.AccountSortOrderIntegrationIT",""
"","39","member can tombstone in categories","","2026-07-28","passed","2026-07-28","","tombstone update shape (push-side soft delete)","tombstone update shape (push-side soft delete) member can tombstone in categories",""
"","2","redactUid keeps a short prefix and drops the rest[jvm]","","2026-07-28","passed","2026-07-28","","PiiRedactionTest[jvm]","com.georgeci.moneysurfer.domain.logging.PiiRedactionTest",""
"","5","setCursor inserts a fresh row when none exists[jvm]","","2026-07-28","passed","2026-07-28","","SyncMetaRepositoryImplSpec[jvm]","com.georgeci.moneysurfer.sync.internal.repository.SyncMetaRepositoryImplSpec",""
"","6","PullingCollection title carries collection name[jvm]","","2026-07-28","passed","2026-07-28","","SyncStepSpec[jvm]","com.georgeci.moneysurfer.sync.api.SyncStepSpec",""
"","17","non-member cannot get the workspace doc","","2026-07-28","passed","2026-07-28","","workspaces/{wid}","workspaces/{wid} non-member cannot get the workspace doc",""
"","4","a stale emission mid-stream cannot be published over a write either[jvm]","","2026-07-28","passed","2026-07-28","","PreferencesMirrorJvmTest[jvm]","com.georgeci.moneysurfer.data.config.PreferencesMirrorJvmTest",""
"","20","the default layout covers every widget type, enabled, in Variant A order[jvm]","","2026-07-28","passed","2026-07-28","","DashboardLayoutConfigTest[jvm]","com.georgeci.moneysurfer.domain.dashboard.DashboardLayoutConfigTest",""
"","26","rejects a non-string transaction splitId","","2026-07-28","passed","2026-07-28","","entity write-shape validation (issue #156)","entity write-shape validation (issue #156) rejects a non-string transaction splitId",""
"","10","there is no identity band outside edit mode[jvm]","","2026-07-28","passed","2026-07-28","","TransactionCreationEditTest[jvm]","com.georgeci.moneysurfer.feature.transaction.creation.TransactionCreationEditTest",""
"","4","a well-known key resolves to its enum entry and a custom label does not[jvm]","","2026-07-28","passed","2026-07-28","","AccountExtraDetailsTest[jvm]","com.georgeci.moneysurfer.domain.model.AccountExtraDetailsTest",""
"","48","member can create + read in budgets","","2026-07-28","passed","2026-07-28","","member-gated entities (smoke for the rest)","member-gated entities (smoke for the rest) member can create + read in budgets",""
"","24","back navigates away[jvm]","","2026-07-28","passed","2026-07-28","","DebugConfigViewModelTest[jvm]","com.georgeci.moneysurfer.feature.settings.debug.DebugConfigViewModelTest",""
"","10","a synced write stamps updatedAt and queues exactly one push[jvm]","","2026-07-28","passed","2026-07-28","","LocalConfigSourceImplJvmTest[jvm]","com.georgeci.moneysurfer.data.config.LocalConfigSourceImplJvmTest",""
"","26","every month in the window is emitted, including the ones with no spend[jvm]","","2026-07-28","passed","2026-07-28","","CategorySpendHistoryTest[jvm]","com.georgeci.moneysurfer.domain.model.CategorySpendHistoryTest",""
"","36","content is capped and centred once the window is wider than the cap[jvm]","","2026-07-28","passed","2026-07-28","","SurferContentContainerTest[jvm]","com.georgeci.moneysurfer.ui.SurferContentContainerTest",""
"","3","is a no-op when the requested currency already matches[jvm]","","2026-07-28","passed","2026-07-28","","UpdateWorkspaceCurrencyUseCaseTest[jvm]","com.georgeci.moneysurfer.domain.usecase.UpdateWorkspaceCurrencyUseCaseTest",""
"","0","an ordinary note is not prefixed[jvm]","","2026-07-28","passed","2026-07-28","","TransactionCsvCodecTest[jvm]","com.georgeci.moneysurfer.domain.csv.TransactionCsvCodecTest",""
"","28","rejects a budget whose amount is a string","","2026-07-28","passed","2026-07-28","","entity write-shape validation (issue #156)","entity write-shape validation (issue #156) rejects a budget whose amount is a string",""
"","42","the screen opens on the stored values, not on the defaults[jvm]","","2026-07-28","passed","2026-07-28","","PreferencesViewModelTest[jvm]","com.georgeci.moneysurfer.feature.settings.preferences.PreferencesViewModelTest",""
"","57","totals over the window drop the deleted row's money and get it back on Undo[jvm]","","2026-07-28","passed","2026-07-28","","TransactionSoftDeleteIntegrationIT[jvm]","com.georgeci.moneysurfer.integration.repository.TransactionSoftDeleteIntegrationIT",""
"","16","a transfer leg whose pair is missing still renders as a transfer[jvm]","","2026-07-28","passed","2026-07-28","","TransactionDetailsViewModelTest[jvm]","com.georgeci.moneysurfer.feature.transaction.details.TransactionDetailsViewModelTest",""
"","16","a foreign CSV header fails the whole import[jvm]","","2026-07-28","passed","2026-07-28","","ImportTransactionsValidationTest[jvm]","com.georgeci.moneysurfer.domain.csv.ImportTransactionsValidationTest",""
"","6","deleting a missing goal returns null[jvm]","","2026-07-28","passed","2026-07-28","","SavingsGoalUseCaseTest[jvm]","com.georgeci.moneysurfer.domain.usecase.SavingsGoalUseCaseTest",""
"","178","format negative amount[jvm]","","2026-07-28","passed","2026-07-28","","MoneyFormatterTest[jvm]","com.georgeci.moneysurfer.domain.MoneyFormatterTest",""
"","0","copy preserves equality[jvm]","","2026-07-28","passed","2026-07-28","","SyncConstraintsSpec[jvm]","com.georgeci.moneysurfer.sync.scheduler.SyncConstraintsSpec",""
"","3","reason mapping for user-initiated reasons is Indefinite[jvm]","","2026-07-28","passed","2026-07-28","","NetworkWaitModeSpec[jvm]","com.georgeci.moneysurfer.sync.network.NetworkWaitModeSpec",""
"","49","opening as a transfer is ignored by a build that has no transfers[jvm]","","2026-07-28","passed","2026-07-28","","TransactionCreationSaveTest[jvm]","com.georgeci.moneysurfer.feature.transaction.creation.TransactionCreationSaveTest",""
"","2","deleting one leg of a transfer takes the other with it[jvm]","","2026-07-28","passed","2026-07-28","","DeleteTransactionUseCaseTest[jvm]","com.georgeci.moneysurfer.domain.usecase.DeleteTransactionUseCaseTest",""
"","1","a subtree deeper than the indent cap is still rendered, just not indented further[jvm]","","2026-07-28","passed","2026-07-28","","CategoryTreeTest[jvm]","com.georgeci.moneysurfer.domain.model.CategoryTreeTest",""
"","12","returns the decoded value when the document is well-formed[jvm]","","2026-07-28","passed","2026-07-28","","DecodeOrNullSpec[jvm]","com.georgeci.moneysurfer.data.sync.plugin.DecodeOrNullSpec",""
"","1","a code the codec cannot re-decode is never produced[jvm]","","2026-07-28","passed","2026-07-28","","CurrencyCodeCodecTest[jvm]","com.georgeci.moneysurfer.data.config.CurrencyCodeCodecTest",""
"","42","rejects an account whose string name is a number","","2026-07-28","passed","2026-07-28","","entity write-shape validation (issue #156)","entity write-shape validation (issue #156) rejects an account whose string name is a number",""
"","5","dark scheme: self-tinted amount and type pills clear AA[jvm]","","2026-07-28","passed","2026-07-28","","ColorContrastTest[jvm]","com.georgeci.moneysurfer.uikit.theme.ColorContrastTest",""
"","25","sender cannot touch any other field alongside invitedWorkspaceIds","","2026-07-28","passed","2026-07-28","","users/{uid} — invitedWorkspaceIds cross-user append","users/{uid} — invitedWorkspaceIds cross-user append sender cannot touch any other field alongside invitedWorkspaceIds",""
"","1","remote newer than local → take remote[jvm]","","2026-07-28","passed","2026-07-28","","LwwConflictResolverSpec[jvm]","com.georgeci.moneysurfer.sync.repository.LwwConflictResolverSpec",""
"","2","addRecalculated accumulates recalculatedCount[jvm]","","2026-07-28","passed","2026-07-28","","SyncSummaryBuilderSpec[jvm]","com.georgeci.moneysurfer.sync.api.SyncSummaryBuilderSpec",""
"","40","UploadingEntity title carries entity, current, total[jvm]","","2026-07-28","passed","2026-07-28","","SyncStepSpec[jvm]","com.georgeci.moneysurfer.sync.api.SyncStepSpec",""
"","10","a split leg whose siblings never arrived renders as an ordinary transaction[jvm]","","2026-07-28","passed","2026-07-28","","TransactionDetailsViewModelTest[jvm]","com.georgeci.moneysurfer.feature.transaction.details.TransactionDetailsViewModelTest",""
"","9","insert in demo session writes DAO but skips outbox[jvm]","","2026-07-28","passed","2026-07-28","","WorkspaceMemberRepositoryDualWriteSpec[jvm]","com.georgeci.moneysurfer.data.repository.WorkspaceMemberRepositoryDualWriteSpec",""
"","22","owner can mark a member as REMOVED","","2026-07-28","passed","2026-07-28","","workspaces/{wid}/members/{uid}","workspaces/{wid}/members/{uid} owner can mark a member as REMOVED",""
"","144","online edit state shows the Members section[jvm]","","2026-07-28","passed","2026-07-28","","WorkspaceCreationStateOfflineTest[jvm]","com.georgeci.moneysurfer.feature.workspace.creation.WorkspaceCreationStateOfflineTest",""
"","939","auth error renders a dialog instead of field or form text[jvm]","","2026-07-28","passed","2026-07-28","","SignInScreenStateTest[jvm]","com.georgeci.moneysurfer.ui.SignInScreenStateTest",""
"","36","rejects a nullable field with a wrong non-null type (deletedAt as string)","","2026-07-28","passed","2026-07-28","","entity write-shape validation (issue #156)","entity write-shape validation (issue #156) rejects a nullable field with a wrong non-null type (deletedAt as string)",""
"","33","non-member is blocked from recurringRules","","2026-07-28","passed","2026-07-28","","member-gated entities (smoke for the rest)","member-gated entities (smoke for the rest) non-member is blocked from recurringRules",""
"","5","rejects when caller is not OWNER[jvm]","","2026-07-28","passed","2026-07-28","","RemoveMemberUseCaseTest[jvm]","com.georgeci.moneysurfer.domain.usecase.RemoveMemberUseCaseTest",""
"","2","a burst of moves persists the layout the last one produced[jvm]","","2026-07-28","passed","2026-07-28","","DashboardCustomizeViewModelTest[jvm]","com.georgeci.moneysurfer.feature.dashboard.customize.DashboardCustomizeViewModelTest",""
"","13","the identity band calls a transfer leg a transfer and leaves its amount unsigned[jvm]","","2026-07-28","passed","2026-07-28","","TransactionCreationEditTest[jvm]","com.georgeci.moneysurfer.feature.transaction.creation.TransactionCreationEditTest",""
"","8","OnRestoreAccountClick moves an archived account back to active[jvm]","","2026-07-28","passed","2026-07-28","","AccountsManageViewModelTest[jvm]","com.georgeci.moneysurfer.feature.account.manage.AccountsManageViewModelTest",""
"","3","walking back re-adds an expense before the day it was booked on[jvm]","","2026-07-28","passed","2026-07-28","","AccountBalanceSeriesTest[jvm]","com.georgeci.moneysurfer.domain.model.AccountBalanceSeriesTest",""
"","124","valid stored ISO is preserved[jvm]","","2026-07-28","passed","2026-07-28","","ResolveLegacyOperationDateTest[jvm]","com.georgeci.moneysurfer.data.repository.ResolveLegacyOperationDateTest",""
"","1","day sets convert between CSV columns and wire lists[jvm]","","2026-07-28","passed","2026-07-28","","RecurringRuleDtoMapperSpec[jvm]","com.georgeci.moneysurfer.data.sync.RecurringRuleDtoMapperSpec",""
"","9","a stored currency the catalogue does not stock resolves to no entry rather than the wrong one[jvm]","","2026-07-28","passed","2026-07-28","","PreferencesViewModelTest[jvm]","com.georgeci.moneysurfer.feature.settings.preferences.PreferencesViewModelTest",""
"","0","SyncMeta copy override changes targeted field only[jvm]","","2026-07-28","passed","2026-07-28","","SyncMetaRepositorySpec[jvm]","com.georgeci.moneysurfer.sync.repository.SyncMetaRepositorySpec",""
"","156","tapping a toggle row asks for the opposite of what it currently shows[jvm]","","2026-07-28","passed","2026-07-28","","PreferencesScreenStateTest[jvm]","com.georgeci.moneysurfer.ui.PreferencesScreenStateTest",""
"","300","export writes a header plus one record per transaction and returns the count[jvm]","","2026-07-28","passed","2026-07-28","","ExportImportTransactionsUseCaseTest[jvm]","com.georgeci.moneysurfer.domain.csv.ExportImportTransactionsUseCaseTest",""
"","1","two budgets created at the same instant break the tie by id, so the notice is stable[jvm]","","2026-07-28","passed","2026-07-28","","CategoryCapCoverageTest[jvm]","com.georgeci.moneysurfer.domain.model.CategoryCapCoverageTest",""
"","13","deleting an already-tombstoned row enqueues nothing further[jvm]","","2026-07-28","passed","2026-07-28","","TransactionTombstoneSyncIntegrationIT[jvm]","com.georgeci.moneysurfer.integration.sync.TransactionTombstoneSyncIntegrationIT",""
"","8","re-running the migration is a no-op rather than an error[jvm]","","2026-07-28","passed","2026-07-28","","ConfigEntryMigrationIT[jvm]","com.georgeci.moneysurfer.integration.repository.ConfigEntryMigrationIT",""
"","160","the back action leaves the screen[jvm]","","2026-07-28","passed","2026-07-28","","DashboardCustomizeViewModelTest[jvm]","com.georgeci.moneysurfer.feature.dashboard.customize.DashboardCustomizeViewModelTest",""
"","167","email error renders under the email field, not as the shared error text[jvm]","","2026-07-28","passed","2026-07-28","","SignInScreenStateTest[jvm]","com.georgeci.moneysurfer.ui.SignInScreenStateTest",""
"","2","tolerates DECLINED/CANCELLED past invites for the email[jvm]","","2026-07-28","passed","2026-07-28","","SendInviteUseCaseTest[jvm]","com.georgeci.moneysurfer.domain.usecase.SendInviteUseCaseTest",""
"","2","round-trips every variant in the pre-engine wire format[jvm]","","2026-07-28","passed","2026-07-28","","PaletteSourceCodecTest[jvm]","com.georgeci.moneysurfer.data.config.PaletteSourceCodecTest",""
"","0","set merge with only Indefinite reasons stays Indefinite[jvm]","","2026-07-28","passed","2026-07-28","","NetworkWaitModeSpec[jvm]","com.georgeci.moneysurfer.sync.network.NetworkWaitModeSpec",""
"","5","cancelCurrent terminates running with Cancelled[jvm]","","2026-07-28","passed","2026-07-28","","SyncCoordinatorImplSpec[jvm]","com.georgeci.moneysurfer.sync.coordinator.SyncCoordinatorImplSpec",""
"","8","a salary paid in every month is a schedule, not a subscription[jvm]","","2026-07-28","passed","2026-07-28","","GenerateInsightsUseCaseTest[jvm]","com.georgeci.moneysurfer.domain.usecase.GenerateInsightsUseCaseTest",""
"","1","explicit overrides are exposed[jvm]","","2026-07-28","passed","2026-07-28","","SyncConstraintsSpec[jvm]","com.georgeci.moneysurfer.sync.scheduler.SyncConstraintsSpec",""
"","107","the two period sentences the samples do not cover still draw[jvm]","","2026-07-28","passed","2026-07-28","","DashboardInsightsScreenTest[jvm]","com.georgeci.moneysurfer.ui.DashboardInsightsScreenTest",""
"","19","OnAccountMoveEnd persists the order the drag built up[jvm]","","2026-07-28","passed","2026-07-28","","AccountsManageViewModelTest[jvm]","com.georgeci.moneysurfer.feature.account.manage.AccountsManageViewModelTest",""
"","32","user cannot update another user's document","","2026-07-28","passed","2026-07-28","","users/{uid}","users/{uid} user cannot update another user's document",""
"","1","an error with a throwable is recorded as a non-fatal[jvm]","","2026-07-28","passed","2026-07-28","","CrashReportingLogWriterTest[jvm]","com.georgeci.moneysurfer.domain.telemetry.CrashReportingLogWriterTest",""
"","2","PullingCollection defaults current and total to null[jvm]","","2026-07-28","passed","2026-07-28","","SyncStepSpec[jvm]","com.georgeci.moneysurfer.sync.api.SyncStepSpec",""
"","1","merge appends child and unions reasons[jvm]","","2026-07-28","passed","2026-07-28","","MergedSyncRequestSpec[jvm]","com.georgeci.moneysurfer.sync.coordinator.MergedSyncRequestSpec",""
"","320","unicode passphrases round-trip and are distinct from lookalikes[jvm]","","2026-07-28","passed","2026-07-28","","EncryptedBackupCodecTest[jvm]","com.georgeci.moneysurfer.data.backup.EncryptedBackupCodecTest",""
"","1","owner can leave when another owner remains[jvm]","","2026-07-28","passed","2026-07-28","","LeaveWorkspaceUseCaseTest[jvm]","com.georgeci.moneysurfer.domain.usecase.LeaveWorkspaceUseCaseTest",""
"","5","StorageError preserves cause and is not retryable[jvm]","","2026-07-28","passed","2026-07-28","","SyncErrorSpec[jvm]","com.georgeci.moneysurfer.sync.api.SyncErrorSpec",""
"","806","adding money records a positive contribution[jvm]","","2026-07-28","passed","2026-07-28","","GoalContributionViewModelTest[jvm]","com.georgeci.moneysurfer.feature.goal.contribution.GoalContributionViewModelTest",""
"","2","previousWindow is the window immediately before the given one[jvm]","","2026-07-28","passed","2026-07-28","","BudgetPeriodWindowTest[jvm]","com.georgeci.moneysurfer.domain.util.BudgetPeriodWindowTest",""
"","7","changes emits the current state and again after a replace[jvm]","","2026-07-28","passed","2026-07-28","","RemoteConfigMirrorImplJvmTest[jvm]","com.georgeci.moneysurfer.data.config.RemoteConfigMirrorImplJvmTest",""
"","1","trims surrounding whitespace[jvm]","","2026-07-28","passed","2026-07-28","","TransactionTagsTest[jvm]","com.georgeci.moneysurfer.domain.model.TransactionTagsTest",""
"","0","onSyncStarted is callable[jvm]","","2026-07-28","passed","2026-07-28","","SyncTelemetryNoOpSpec[jvm]","com.georgeci.moneysurfer.sync.telemetry.SyncTelemetryNoOpSpec",""
"","6","ids stay unique across the whole buffer, even for identical lines[jvm]","","2026-07-28","passed","2026-07-28","","DebugLogBufferTest[jvm]","com.georgeci.moneysurfer.domain.logging.DebugLogBufferTest",""
"","25","save is a no-op when no workspace is pinned[jvm]","","2026-07-28","passed","2026-07-28","","CategoryCreationViewModelTest[jvm]","com.georgeci.moneysurfer.feature.category.creation.CategoryCreationViewModelTest",""
"","32","accounts that share a position are still listed in a stable order[jvm]","","2026-07-28","passed","2026-07-28","","AccountSortOrderIntegrationIT[jvm]","com.georgeci.moneysurfer.integration.repository.AccountSortOrderIntegrationIT",""
"","49","a list on its own is the list pane, with nothing to go back to inside it[jvm]","","2026-07-28","passed","2026-07-28","","SurferPaneSceneStrategyTest[jvm]","com.georgeci.moneysurfer.navigation.SurferPaneSceneStrategyTest",""
"","14","a pulled tombstone hides the row locally without dropping it[jvm]","","2026-07-28","passed","2026-07-28","","TransactionTombstoneSyncIntegrationIT[jvm]","com.georgeci.moneysurfer.integration.sync.TransactionTombstoneSyncIntegrationIT",""
"","15","deleteAll empties the table — the account-scoped wipe[jvm]","","2026-07-28","passed","2026-07-28","","ConfigEntryDaoIntegrationIT[jvm]","com.georgeci.moneysurfer.integration.repository.ConfigEntryDaoIntegrationIT",""
"","215","a plain positive amount is valid with no error[jvm]","","2026-07-28","passed","2026-07-28","","TransactionAmountInputTest[jvm]","com.georgeci.moneysurfer.feature.transaction.creation.TransactionAmountInputTest",""
"","8","a leg's split id survives a V2 file being re-imported into the current layout[jvm]","","2026-07-28","passed","2026-07-28","","TransactionCsvCodecTest[jvm]","com.georgeci.moneysurfer.domain.csv.TransactionCsvCodecTest",""
"","5","a caller-pinned type locks the tab row[jvm]","","2026-07-28","passed","2026-07-28","","CategoryChooserViewModelTest[jvm]","com.georgeci.moneysurfer.feature.category.picker.CategoryChooserViewModelTest",""
"","13","RemoteGlobal cannot seed a user setting the user never wrote[jvm]","","2026-07-28","passed","2026-07-28","","LayeredConfigSpec[jvm]","com.georgeci.moneysurfer.appconfig.LayeredConfigSpec",""
"","4","a budget whose workspace has no base currency yields nothing to format[jvm]","","2026-07-28","passed","2026-07-28","","SafeToSpendTest[jvm]","com.georgeci.moneysurfer.domain.model.SafeToSpendTest",""
"","30","enqueue then pending() returns the row in createdAt order[jvm]","","2026-07-28","passed","2026-07-28","","PendingMutationQueueIntegrationIT[jvm]","com.georgeci.moneysurfer.integration.sync.PendingMutationQueueIntegrationIT",""
"","88","deleting a split takes every leg out of the group lookup and the leg count[jvm]","","2026-07-28","passed","2026-07-28","","TransactionSoftDeleteIntegrationIT[jvm]","com.georgeci.moneysurfer.integration.repository.TransactionSoftDeleteIntegrationIT",""
"","15","a row whose currency differs from the account currency is rejected[jvm]","","2026-07-28","passed","2026-07-28","","ImportTransactionsValidationTest[jvm]","com.georgeci.moneysurfer.domain.csv.ImportTransactionsValidationTest",""
"","37","recentTransactionsEmpty is false once a real transaction is logged[jvm]","","2026-07-28","passed","2026-07-28","","DashboardViewModelTest[jvm]","com.georgeci.moneysurfer.feature.dashboard.DashboardViewModelTest",""
"","44","an installed reporter receives logged errors[jvm]","","2026-07-28","passed","2026-07-28","","CrashReportingTest[jvm]","com.georgeci.moneysurfer.domain.telemetry.CrashReportingTest",""
"","2","at most one rise and one fall are reported, and the biggest move in money wins[jvm]","","2026-07-28","passed","2026-07-28","","InsightRulesTest[jvm]","com.georgeci.moneysurfer.domain.insight.InsightRulesTest",""
"","27","only expense categories are offered[jvm]","","2026-07-28","passed","2026-07-28","","BudgetEditViewModelTest[jvm]","com.georgeci.moneysurfer.feature.budget.edit.BudgetEditViewModelTest",""
"","5","a plugin failure in the user-scoped phase fails the pull[jvm]","","2026-07-28","passed","2026-07-28","","PullRemoteChangesUseCaseImplSpec[jvm]","com.georgeci.moneysurfer.data.sync.PullRemoteChangesUseCaseImplSpec",""
"","9","existing data is untouched — the migration is a pure addition[jvm]","","2026-07-28","passed","2026-07-28","","ConfigEntryMigrationIT[jvm]","com.georgeci.moneysurfer.integration.repository.ConfigEntryMigrationIT",""
"","175","an overridden row clears its override when tapped[jvm]","","2026-07-28","passed","2026-07-28","","DebugConfigScreenStateTest[jvm]","com.georgeci.moneysurfer.ui.DebugConfigScreenStateTest",""
"","27","goal create is blocked when clientVersionCode is missing","","2026-07-28","passed","2026-07-28","","savings goals (issue #244)","savings goals (issue #244) goal create is blocked when clientVersionCode is missing",""
"","65","save stays disabled until both a title and a positive target are entered[jvm]","","2026-07-28","passed","2026-07-28","","GoalEditViewModelTest[jvm]","com.georgeci.moneysurfer.feature.goal.edit.GoalEditViewModelTest",""
"","13","normalize trims both halves and collapses whitespace runs in the key[jvm]","","2026-07-28","passed","2026-07-28","","AccountExtraDetailsTest[jvm]","com.georgeci.moneysurfer.domain.model.AccountExtraDetailsTest",""
"","46","a cancelled save picker is not reported as a failure[jvm]","","2026-07-28","passed","2026-07-28","","BackupViewModelTest[jvm]","com.georgeci.moneysurfer.feature.settings.backup.BackupViewModelTest",""
"","1","DEFAULT_BATCH_LIMIT is 100[jvm]","","2026-07-28","passed","2026-07-28","","PendingMutationQueueSpec[jvm]","com.georgeci.moneysurfer.sync.repository.PendingMutationQueueSpec",""
"","0","an absent nextRunAt stays null[jvm]","","2026-07-28","passed","2026-07-28","","RecurringRuleDtoMapperSpec[jvm]","com.georgeci.moneysurfer.data.sync.RecurringRuleDtoMapperSpec",""
"","1","UploadOnly skips the user-scoped phase[jvm]","","2026-07-28","passed","2026-07-28","","PullRemoteChangesUseCaseImplSpec[jvm]","com.georgeci.moneysurfer.data.sync.PullRemoteChangesUseCaseImplSpec",""
"","8","a replaced value is readable through raw the moment replaceAll returns[jvm]","","2026-07-28","passed","2026-07-28","","RemoteConfigMirrorImplJvmTest[jvm]","com.georgeci.moneysurfer.data.config.RemoteConfigMirrorImplJvmTest",""
"","229","OnDeleteClick stages a confirmation and OnDeleteConfirm removes the budget[jvm]","","2026-07-28","passed","2026-07-28","","BudgetsViewModelTest[jvm]","com.georgeci.moneysurfer.feature.budget.list.BudgetsViewModelTest",""
"","19","anonymous login rolls the session back but keeps the provider session[jvm]","","2026-07-28","passed","2026-07-28","","AuthSessionRollbackTest[jvm]","com.georgeci.moneysurfer.domain.usecase.AuthSessionRollbackTest",""
"","9","writing a key releases its overlay entry, so the new value is what resolves[jvm]","","2026-07-28","passed","2026-07-28","","LayeredConfigSpec[jvm]","com.georgeci.moneysurfer.appconfig.LayeredConfigSpec",""
"","18","dismissing the restore confirmation leaves the data alone[jvm]","","2026-07-28","passed","2026-07-28","","BackupViewModelTest[jvm]","com.georgeci.moneysurfer.feature.settings.backup.BackupViewModelTest",""
"","62","imported expense adjusts the cached account balance[jvm]","","2026-07-28","passed","2026-07-28","","CsvBackupIntegrationIT[jvm]","com.georgeci.moneysurfer.integration.repository.CsvBackupIntegrationIT",""
"","8","returns null when decode throws a ClassCastException (platform decoder mismatch)[jvm]","","2026-07-28","passed","2026-07-28","","DecodeOrNullSpec[jvm]","com.georgeci.moneysurfer.data.sync.plugin.DecodeOrNullSpec",""
"","581","a failure with no handler escalates to the global error boundary[jvm]","","2026-07-28","passed","2026-07-28","","MviViewModelTest[jvm]","com.georgeci.moneysurfer.utils.MviViewModelTest",""
"","2","returns ProjectionSummary with zero recalculations for All scope[jvm]","","2026-07-28","passed","2026-07-28","","NoOpRecalculateLocalProjectionsUseCaseSpec[jvm]","com.georgeci.moneysurfer.sync.internal.usecase.NoOpRecalculateLocalProjectionsUseCaseSpec",""
"","19","user cannot create a workspace owned by someone else","","2026-07-28","passed","2026-07-28","","workspaces/{wid}","workspaces/{wid} user cannot create a workspace owned by someone else",""
"","17","a source that reports itself degraded is named without throwing anywhere[jvm]","","2026-07-28","passed","2026-07-28","","LayeredConfigSpec[jvm]","com.georgeci.moneysurfer.appconfig.LayeredConfigSpec",""
"","130","a custom field shadowing a well-known key withdraws that key's chip[jvm]","","2026-07-28","passed","2026-07-28","","AccountCreationViewModelTest[jvm]","com.georgeci.moneysurfer.feature.account.creation.AccountCreationViewModelTest",""
"","16","a transfer pair with two legs of the same type is rejected[jvm]","","2026-07-28","passed","2026-07-28","","ImportTransactionsValidationTest[jvm]","com.georgeci.moneysurfer.domain.csv.ImportTransactionsValidationTest",""
"","1","a zero limit reads as 0 % rather than dividing by zero[jvm]","","2026-07-28","passed","2026-07-28","","BudgetProgressTest[jvm]","com.georgeci.moneysurfer.domain.model.BudgetProgressTest",""
"","207","an oversized file posts FileTooLarge and returns to Idle[jvm]","","2026-07-28","passed","2026-07-28","","CsvBackupViewModelTest[jvm]","com.georgeci.moneysurfer.feature.settings.csv.CsvBackupViewModelTest",""
"","2","ConflictResolution.Merged carries the merged value[jvm]","","2026-07-28","passed","2026-07-28","","ConflictResolverSpec[jvm]","com.georgeci.moneysurfer.sync.repository.ConflictResolverSpec",""
"","10","rejects when last OWNER tries to leave[jvm]","","2026-07-28","passed","2026-07-28","","LeaveWorkspaceUseCaseTest[jvm]","com.georgeci.moneysurfer.domain.usecase.LeaveWorkspaceUseCaseTest",""
"","15","observe re-resolves when a layer changes[jvm]","","2026-07-28","passed","2026-07-28","","LayeredConfigSpec[jvm]","com.georgeci.moneysurfer.appconfig.LayeredConfigSpec",""
"","1","ConflictResolution.TakeLocal carries the local value[jvm]","","2026-07-28","passed","2026-07-28","","ConflictResolverSpec[jvm]","com.georgeci.moneysurfer.sync.repository.ConflictResolverSpec",""
"","44","member can tombstone in transactions","","2026-07-28","passed","2026-07-28","","tombstone update shape (push-side soft delete)","tombstone update shape (push-side soft delete) member can tombstone in transactions",""
"","8","creating a goal in another currency is rejected[jvm]","","2026-07-28","passed","2026-07-28","","SavingsGoalUseCaseTest[jvm]","com.georgeci.moneysurfer.domain.usecase.SavingsGoalUseCaseTest",""
"","3","switching a widget on appends it after the last enabled one, before the still-off ones[jvm]","","2026-07-28","passed","2026-07-28","","DashboardLayoutConfigTest[jvm]","com.georgeci.moneysurfer.domain.dashboard.DashboardLayoutConfigTest",""
"","0","'0' -> '0'[jvm]","","2026-07-28","passed","2026-07-28","","AmountInputTransformationTest[jvm]","com.georgeci.moneysurfer.utils.AmountInputTransformationTest",""
"","382","the loading state renders no rows[jvm]","","2026-07-28","passed","2026-07-28","","DashboardCustomizeScreenStateTest[jvm]","com.georgeci.moneysurfer.ui.DashboardCustomizeScreenStateTest",""
"","8","format zero amount[jvm]","","2026-07-28","passed","2026-07-28","","MoneyFormatterTest[jvm]","com.georgeci.moneysurfer.domain.MoneyFormatterTest",""
"","1","SyncMeta supports null timestamps for fresh workspaces[jvm]","","2026-07-28","passed","2026-07-28","","SyncMetaRepositorySpec[jvm]","com.georgeci.moneysurfer.sync.repository.SyncMetaRepositorySpec",""
"","19","INCOME creation persists row and increases account balance by amount[jvm]","","2026-07-28","passed","2026-07-28","","TransactionCreationIntegrationIT[jvm]","com.georgeci.moneysurfer.integration.repository.TransactionCreationIntegrationIT",""
"","31","owner with another ACTIVE member keeps the workspace and only leaves it[jvm]","","2026-07-28","passed","2026-07-28","","UserAccountDeletionRepositoryImplTest[jvm]","com.georgeci.moneysurfer.data.repository.UserAccountDeletionRepositoryImplTest",""
"","34","week mode windows Monday to Sunday and labels the ISO week[jvm]","","2026-07-28","passed","2026-07-28","","TransactionsByAccountPeriodTest[jvm]","com.georgeci.moneysurfer.feature.transaction.list.TransactionsByAccountPeriodTest",""
"","13","a parent lists its children with the share each takes of the parent total[jvm]","","2026-07-28","passed","2026-07-28","","CategoryDetailsViewModelTest[jvm]","com.georgeci.moneysurfer.feature.category.details.CategoryDetailsViewModelTest",""
"","1","blank CSV segments drop out of the wire lists[jvm]","","2026-07-28","passed","2026-07-28","","RecurringRuleDtoMapperSpec[jvm]","com.georgeci.moneysurfer.data.sync.RecurringRuleDtoMapperSpec",""
"","24","editing an account loads its extra details and saves them back[jvm]","","2026-07-28","passed","2026-07-28","","AccountCreationViewModelTest[jvm]","com.georgeci.moneysurfer.feature.account.creation.AccountCreationViewModelTest",""
"","353","with no budget the safe-to-spend card still draws, offering the way out of its empty state[jvm]","","2026-07-28","passed","2026-07-28","","DashboardScreenStateTest[jvm]","com.georgeci.moneysurfer.ui.DashboardScreenStateTest",""
"","3","reports progress with entityType and running position[jvm]","","2026-07-28","passed","2026-07-28","","UploadPendingChangesUseCaseImplSpec[jvm]","com.georgeci.moneysurfer.data.sync.UploadPendingChangesUseCaseImplSpec",""
"","8","login keeps the session when the bootstrap succeeds[jvm]","","2026-07-28","passed","2026-07-28","","AuthSessionRollbackTest[jvm]","com.georgeci.moneysurfer.domain.usecase.AuthSessionRollbackTest",""
"","0","moving expense between accounts unwinds old and applies new[jvm]","","2026-07-28","passed","2026-07-28","","ApplyTransactionChangeUseCaseTest[jvm]","com.georgeci.moneysurfer.domain.usecase.ApplyTransactionChangeUseCaseTest",""
"","50","non-member cannot read or create a goal","","2026-07-28","passed","2026-07-28","","savings goals (issue #244)","savings goals (issue #244) non-member cannot read or create a goal",""
"","7","a group takes the position of its first leg and the order around it is kept[jvm]","","2026-07-28","passed","2026-07-28","","TransactionSplitGroupTest[jvm]","com.georgeci.moneysurfer.domain.model.TransactionSplitGroupTest",""
"","8","month window spans the whole calendar month[jvm]","","2026-07-28","passed","2026-07-28","","TransactionPeriodWindowTest[jvm]","com.georgeci.moneysurfer.domain.util.TransactionPeriodWindowTest",""
"","12","prefers the longest matching group prefix[jvm]","","2026-07-28","passed","2026-07-28","","ParseOssLibrariesTest[jvm]","com.georgeci.moneysurfer.feature.settings.about.licenses.ParseOssLibrariesTest",""
"","0","onSyncCancelled is callable[jvm]","","2026-07-28","passed","2026-07-28","","SyncTelemetryNoOpSpec[jvm]","com.georgeci.moneysurfer.sync.telemetry.SyncTelemetryNoOpSpec",""
"","26","the name required error appears only after the field was touched and left blank[jvm]","","2026-07-28","passed","2026-07-28","","CategoryCreationViewModelTest[jvm]","com.georgeci.moneysurfer.feature.category.creation.CategoryCreationViewModelTest",""
"","1","spend past the limit reports a fraction over 1 — the bar caps it, the maths does not[jvm]","","2026-07-28","passed","2026-07-28","","SafeToSpendTest[jvm]","com.georgeci.moneysurfer.domain.model.SafeToSpendTest",""
"","13","deleting a contribution that does not exist enqueues nothing[jvm]","","2026-07-28","passed","2026-07-28","","GoalRepositoryDualWriteSpec[jvm]","com.georgeci.moneysurfer.data.repository.GoalRepositoryDualWriteSpec",""
"","17","isEnabled returns false when firebaseUid is empty string[jvm]","","2026-07-28","passed","2026-07-28","","OutboxEnqueuerSpec[jvm]","com.georgeci.moneysurfer.data.sync.OutboxEnqueuerSpec",""
"","4","archive on already-archived account is a no-op success[jvm]","","2026-07-28","passed","2026-07-28","","ArchiveAccountUseCaseTest[jvm]","com.georgeci.moneysurfer.domain.usecase.ArchiveAccountUseCaseTest",""
"","12","with nothing stored the key default wins and no layer is named[jvm]","","2026-07-28","passed","2026-07-28","","LayeredConfigSpec[jvm]","com.georgeci.moneysurfer.appconfig.LayeredConfigSpec",""
"","0","'42,123' (comma with three cents)[jvm]","","2026-07-28","passed","2026-07-28","","AmountInputTransformationTest[jvm]","com.georgeci.moneysurfer.utils.AmountInputTransformationTest",""
"","105","offline build resolves isOffline true[jvm]","","2026-07-28","passed","2026-07-28","","OfflineConfigGraphTest[jvm]","com.georgeci.moneysurfer.offline.di.OfflineConfigGraphTest",""
"","427","installing twice does not stack uid collectors[jvm]","","2026-07-28","passed","2026-07-28","","CrashReportingTest[jvm]","com.georgeci.moneysurfer.domain.telemetry.CrashReportingTest",""
"","15","results keep the newest-first ordering of the list queries[jvm]","","2026-07-28","passed","2026-07-28","","TransactionFtsIntegrationIT[jvm]","com.georgeci.moneysurfer.integration.repository.TransactionFtsIntegrationIT",""
"","10","CRC corruption is rejected[jvm]","","2026-07-28","passed","2026-07-28","","BackupImporterImplJvmTest[jvm]","com.georgeci.moneysurfer.data.backup.BackupImporterImplJvmTest",""
"","4","widths at or above the Large bound are Large[jvm]","","2026-07-28","passed","2026-07-28","","SurferWindowSizeTest[jvm]","com.georgeci.moneysurfer.uikit.window.SurferWindowSizeTest",""
"","34","a rejected override surfaces the offending value instead of failing silently[jvm]","","2026-07-28","passed","2026-07-28","","DebugConfigViewModelTest[jvm]","com.georgeci.moneysurfer.feature.settings.debug.DebugConfigViewModelTest",""
"","3","amount_minor beyond the domain cap is rejected as invalid amount_minor[jvm]","","2026-07-28","passed","2026-07-28","","TransactionCsvCodecTest[jvm]","com.georgeci.moneysurfer.domain.csv.TransactionCsvCodecTest",""
"","5","blob shorter than header + MAC is rejected as InvalidArchive[jvm]","","2026-07-28","passed","2026-07-28","","EncryptedBackupCodecTest[jvm]","com.georgeci.moneysurfer.data.backup.EncryptedBackupCodecTest",""
"","17","the overlay re-emits changes so an observer sees the held value[jvm]","","2026-07-28","passed","2026-07-28","","LayeredConfigSpec[jvm]","com.georgeci.moneysurfer.appconfig.LayeredConfigSpec",""
"","31","the retention window is thirty days[jvm]","","2026-07-28","passed","2026-07-28","","PurgeDeletedTransactionsUseCaseTest[jvm]","com.georgeci.moneysurfer.domain.usecase.PurgeDeletedTransactionsUseCaseTest",""
"","2","email is normalised before the mapping lookup[jvm]","","2026-07-28","passed","2026-07-28","","UserAccountDeletionRepositoryImplTest[jvm]","com.georgeci.moneysurfer.data.repository.UserAccountDeletionRepositoryImplTest",""
"","6","'42.' -> '42.'[jvm]","","2026-07-28","passed","2026-07-28","","AmountInputTransformationTest[jvm]","com.georgeci.moneysurfer.utils.AmountInputTransformationTest",""
"","1","collapses whitespace runs left behind by separator stripping[jvm]","","2026-07-28","passed","2026-07-28","","TransactionTagsTest[jvm]","com.georgeci.moneysurfer.domain.model.TransactionTagsTest",""
"","1","with only category budgets the largest limit speaks[jvm]","","2026-07-28","passed","2026-07-28","","SafeToSpendTest[jvm]","com.georgeci.moneysurfer.domain.model.SafeToSpendTest",""
"","2","mutation without a matching plugin is skipped but still completed[jvm]","","2026-07-28","passed","2026-07-28","","UploadPendingChangesUseCaseImplSpec[jvm]","com.georgeci.moneysurfer.data.sync.UploadPendingChangesUseCaseImplSpec",""
"","5","a line with no category is not a saveable receipt either[jvm]","","2026-07-28","passed","2026-07-28","","TransactionCreationSplitEditingTest[jvm]","com.georgeci.moneysurfer.feature.transaction.creation.TransactionCreationSplitEditingTest",""
"","1","reads the outbox with the default batch limit[jvm]","","2026-07-28","passed","2026-07-28","","UploadPendingChangesUseCaseImplSpec[jvm]","com.georgeci.moneysurfer.data.sync.UploadPendingChangesUseCaseImplSpec",""
"","35","future format version surfaces FormatMismatch[jvm]","","2026-07-28","passed","2026-07-28","","BackupImporterImplJvmTest[jvm]","com.georgeci.moneysurfer.data.backup.BackupImporterImplJvmTest",""
"","1","the pace tick is the share of the window already behind us, today excluded[jvm]","","2026-07-28","passed","2026-07-28","","SafeToSpendTest[jvm]","com.georgeci.moneysurfer.domain.model.SafeToSpendTest",""
"","34","the income toggle is reflected in the saved category type[jvm]","","2026-07-28","passed","2026-07-28","","CategoryCreationViewModelTest[jvm]","com.georgeci.moneysurfer.feature.category.creation.CategoryCreationViewModelTest",""
"","46","client cannot write app config (Console-only)","","2026-07-28","passed","2026-07-28","","appConfig/{docId}","appConfig/{docId} client cannot write app config (Console-only)",""
"","147","extra details round-trip through the wire format, order included[jvm]","","2026-07-28","passed","2026-07-28","","AccountDtoMapperSpec[jvm]","com.georgeci.moneysurfer.data.sync.AccountDtoMapperSpec",""
"","23","rejects a budget whose startDate is a number","","2026-07-28","passed","2026-07-28","","entity write-shape validation (issue #156)","entity write-shape validation (issue #156) rejects a budget whose startDate is a number",""
"","1","the most-used currency leads regardless of account order[jvm]","","2026-07-28","passed","2026-07-28","","AccountTotalsTest[jvm]","com.georgeci.moneysurfer.domain.model.AccountTotalsTest",""
"","5","offline build advances to the first-account step before finishing[jvm]","","2026-07-28","passed","2026-07-28","","OnboardingViewModelTest[jvm]","com.georgeci.moneysurfer.feature.login.onboarding.OnboardingViewModelTest",""
"","4","a zero contribution is rejected[jvm]","","2026-07-28","passed","2026-07-28","","GoalContributionUseCaseTest[jvm]","com.georgeci.moneysurfer.domain.usecase.GoalContributionUseCaseTest",""
"","21","merchants come back biggest first, bounded by the limit[jvm]","","2026-07-28","passed","2026-07-28","","SpendAnalyticsRepositoryImplJvmTest[jvm]","com.georgeci.moneysurfer.data.repository.SpendAnalyticsRepositoryImplJvmTest",""
"","1325","every registered configuration key name is unique across the whole graph[jvm]","","2026-07-28","passed","2026-07-28","","OfflineConfigGraphTest[jvm]","com.georgeci.moneysurfer.offline.di.OfflineConfigGraphTest",""
"","10","markCompleted removes rows from pending()[jvm]","","2026-07-28","passed","2026-07-28","","PendingMutationQueueIntegrationIT[jvm]","com.georgeci.moneysurfer.integration.sync.PendingMutationQueueIntegrationIT",""
"","17","a budget the user renamed on the Budgets screen keeps its own name[jvm]","","2026-07-28","passed","2026-07-28","","CategoryCreationViewModelTest[jvm]","com.georgeci.moneysurfer.feature.category.creation.CategoryCreationViewModelTest",""
"","2","explicit value is preserved[jvm]","","2026-07-28","passed","2026-07-28","","SyncRequestIdSpec[jvm]","com.georgeci.moneysurfer.sync.api.SyncRequestIdSpec",""
"","2","an empty store reports nothing rather than failing[jvm]","","2026-07-28","passed","2026-07-28","","PreferencesMirrorJvmTest[jvm]","com.georgeci.moneysurfer.data.config.PreferencesMirrorJvmTest",""
"","15","a transfer leg is filterable and marked as a transfer on the row[jvm]","","2026-07-28","passed","2026-07-28","","TransactionsByAccountFilteringTest[jvm]","com.georgeci.moneysurfer.feature.transaction.list.TransactionsByAccountFilteringTest",""
"","14","the defaults read back as empty rather than null or a blank tag[jvm]","","2026-07-28","passed","2026-07-28","","TransactionDetailFieldsIntegrationIT[jvm]","com.georgeci.moneysurfer.integration.repository.TransactionDetailFieldsIntegrationIT",""
"","26","a stringified console boolean decodes whatever its casing[jvm]","","2026-07-28","passed","2026-07-28","","RemoteGlobalConfigSourceImplSpec[jvm]","com.georgeci.moneysurfer.appconfig.remote.RemoteGlobalConfigSourceImplSpec",""
"","4","clear empties the buffer[jvm]","","2026-07-28","passed","2026-07-28","","DebugLogBufferTest[jvm]","com.georgeci.moneysurfer.domain.logging.DebugLogBufferTest",""
"","6","a category that is not in the list yields an empty trend rather than throwing[jvm]","","2026-07-28","passed","2026-07-28","","CategorySpendHistoryTest[jvm]","com.georgeci.moneysurfer.domain.model.CategorySpendHistoryTest",""
"","4","a stale first emission cannot be published over a write that beat it[jvm]","","2026-07-28","passed","2026-07-28","","PreferencesMirrorJvmTest[jvm]","com.georgeci.moneysurfer.data.config.PreferencesMirrorJvmTest",""
"","28","accepts a category from an older client that omits iconKey and hue","","2026-07-28","passed","2026-07-28","","entity write-shape validation (issue #156)","entity write-shape validation (issue #156) accepts a category from an older client that omits iconKey and hue",""
"","320","seal + open round-trips with the right passphrase[jvm]","","2026-07-28","passed","2026-07-28","","EncryptedBackupCodecTest[jvm]","com.georgeci.moneysurfer.data.backup.EncryptedBackupCodecTest",""
"","1","editing one leg's account moves the whole receipt, balances included[jvm]","","2026-07-28","passed","2026-07-28","","UpdateTransactionUseCaseTest[jvm]","com.georgeci.moneysurfer.domain.usecase.UpdateTransactionUseCaseTest",""
"","292","with a budget the card shows the remainder and drops the set-a-budget link[jvm]","","2026-07-28","passed","2026-07-28","","DashboardScreenStateTest[jvm]","com.georgeci.moneysurfer.ui.DashboardScreenStateTest",""
"","11","a budget naming other categories too takes the control read-only[jvm]","","2026-07-28","passed","2026-07-28","","CategoryCapCoverageTest[jvm]","com.georgeci.moneysurfer.domain.model.CategoryCapCoverageTest",""
"","7","update bumps updatedAt and enqueues UPDATE[jvm]","","2026-07-28","passed","2026-07-28","","WorkspaceMemberRepositoryDualWriteSpec[jvm]","com.georgeci.moneysurfer.data.repository.WorkspaceMemberRepositoryDualWriteSpec",""
"","6","a child's share is zero rather than a division by zero when the parent booked nothing[jvm]","","2026-07-28","passed","2026-07-28","","CategoryDetailsViewModelTest[jvm]","com.georgeci.moneysurfer.feature.category.details.CategoryDetailsViewModelTest",""
"","1","windows before the start date extend backwards so the first period has a predecessor[jvm]","","2026-07-28","passed","2026-07-28","","BudgetPeriodWindowTest[jvm]","com.georgeci.moneysurfer.domain.util.BudgetPeriodWindowTest",""
"","2","SyncHandleStatus.Running carries currentStep[jvm]","","2026-07-28","passed","2026-07-28","","SyncStateSpec[jvm]","com.georgeci.moneysurfer.sync.api.SyncStateSpec",""
"","10","a collection larger than one batch is drained by a single pull[jvm]","","2026-07-28","passed","2026-07-28","","PullRemoteChangesUseCaseImplSpec[jvm]","com.georgeci.moneysurfer.data.sync.PullRemoteChangesUseCaseImplSpec",""
"","0","negating Long.MIN_VALUE throws instead of wrapping back to itself[jvm]","","2026-07-28","passed","2026-07-28","","MoneyTest[jvm]","com.georgeci.moneysurfer.domain.primitives.MoneyTest",""
"","5","cursor returns null when no row exists[jvm]","","2026-07-28","passed","2026-07-28","","SyncMetaRepositoryImplSpec[jvm]","com.georgeci.moneysurfer.sync.internal.repository.SyncMetaRepositoryImplSpec",""
"","14","setCursor preserves earlier markAttempt / markSuccess timestamps[jvm]","","2026-07-28","passed","2026-07-28","","SyncMetaRepositoryImplSpec[jvm]","com.georgeci.moneysurfer.data.sync.SyncMetaRepositoryImplSpec",""
"","23","unauthenticated user is denied","","2026-07-28","passed","2026-07-28","","invites — read","invites — read unauthenticated user is denied",""
"","1","iso=2026-05-05[jvm]","","2026-07-28","passed","2026-07-28","","TimeFormatterTest[jvm]","com.georgeci.moneysurfer.data.repository.TimeFormatterTest",""
"","22","the migration adds a nullable deletedAt column to transactions[jvm]","","2026-07-28","passed","2026-07-28","","TransactionSoftDeleteMigrationIT[jvm]","com.georgeci.moneysurfer.integration.repository.TransactionSoftDeleteMigrationIT",""
"","28","an unwritable mirror marks the layer degraded[jvm]","","2026-07-28","passed","2026-07-28","","RemoteGlobalConfigSourceImplSpec[jvm]","com.georgeci.moneysurfer.appconfig.remote.RemoteGlobalConfigSourceImplSpec",""
"","35","non-member is blocked from categories","","2026-07-28","passed","2026-07-28","","member-gated entities (smoke for the rest)","member-gated entities (smoke for the rest) non-member is blocked from categories",""
"","37","OnTransactionClick opens the transaction it was raised for[jvm]","","2026-07-28","passed","2026-07-28","","CategoryDetailsViewModelTest[jvm]","com.georgeci.moneysurfer.feature.category.details.CategoryDetailsViewModelTest",""
"","4","format single cent[jvm]","","2026-07-28","passed","2026-07-28","","MoneyFormatterTest[jvm]","com.georgeci.moneysurfer.domain.MoneyFormatterTest",""
"","18","an unreadable config_entry degrades the layer instead of throwing[jvm]","","2026-07-28","passed","2026-07-28","","LocalConfigSourceImplJvmTest[jvm]","com.georgeci.moneysurfer.data.config.LocalConfigSourceImplJvmTest",""
"","4","writes local pointer and pushes default when Firebase uid present[jvm]","","2026-07-28","passed","2026-07-28","","SelectWorkspaceUseCaseTest[jvm]","com.georgeci.moneysurfer.domain.usecase.SelectWorkspaceUseCaseTest",""
"","1","ConflictMetadata exposes its fields[jvm]","","2026-07-28","passed","2026-07-28","","ConflictResolverSpec[jvm]","com.georgeci.moneysurfer.sync.repository.ConflictResolverSpec",""
"","14","a 600 dp small tablet window at 2x density reports Medium[jvm]","","2026-07-28","passed","2026-07-28","","SurferWindowSizeCompositionTest[jvm]","com.georgeci.moneysurfer.ui.SurferWindowSizeCompositionTest",""
"","6","writes local pointer and skips remote when no Firebase uid[jvm]","","2026-07-28","passed","2026-07-28","","SelectWorkspaceUseCaseTest[jvm]","com.georgeci.moneysurfer.domain.usecase.SelectWorkspaceUseCaseTest",""
"","18","saving under a multi-category budget adds no second overlapping limit[jvm]","","2026-07-28","passed","2026-07-28","","CategoryCreationViewModelTest[jvm]","com.georgeci.moneysurfer.feature.category.creation.CategoryCreationViewModelTest",""
"","19","user cannot delete another user's document","","2026-07-28","passed","2026-07-28","","users/{uid}","users/{uid} user cannot delete another user's document",""
"","27","an operationDate that is a day that does not exist is counted by no aggregate[jvm]","","2026-07-28","passed","2026-07-28","","SpendAnalyticsRepositoryImplJvmTest[jvm]","com.georgeci.moneysurfer.data.repository.SpendAnalyticsRepositoryImplJvmTest",""
"","4","blank id is rejected as invalid id[jvm]","","2026-07-28","passed","2026-07-28","","TransactionCsvCodecTest[jvm]","com.georgeci.moneysurfer.domain.csv.TransactionCsvCodecTest",""
"","26","an enabled session with a Firebase uid runs the ticker for that uid[jvm]","","2026-07-28","passed","2026-07-28","","PeriodicSyncGateTest[jvm]","com.georgeci.moneysurfer.navigation.PeriodicSyncGateTest",""
"","5","the follow-period count uses the anchor the list was paged to, not today[jvm]","","2026-07-28","passed","2026-07-28","","TransactionFiltersViewModelTest[jvm]","com.georgeci.moneysurfer.feature.transaction.filters.TransactionFiltersViewModelTest",""
"","12","the tab row switches both variants over to the picked type[jvm]","","2026-07-28","passed","2026-07-28","","CategoryChooserViewModelTest[jvm]","com.georgeci.moneysurfer.feature.category.picker.CategoryChooserViewModelTest",""
"","9","reset-all delegates once[jvm]","","2026-07-28","passed","2026-07-28","","DebugConfigViewModelTest[jvm]","com.georgeci.moneysurfer.feature.settings.debug.DebugConfigViewModelTest",""
"","43","first-time user creates remote doc and returns FirstTime[jvm]","","2026-07-28","passed","2026-07-28","","PostAuthBootstrapUseCaseTest[jvm]","com.georgeci.moneysurfer.domain.usecase.PostAuthBootstrapUseCaseTest",""
"","15","OnArchiveConfirm archives the account, clears pending, and shows an undo snackbar[jvm]","","2026-07-28","passed","2026-07-28","","AccountsManageViewModelTest[jvm]","com.georgeci.moneysurfer.feature.account.manage.AccountsManageViewModelTest",""
"","41","search matches merchant, note and category, and survives into the state[jvm]","","2026-07-28","passed","2026-07-28","","TransactionsByAccountFilteringTest[jvm]","com.georgeci.moneysurfer.feature.transaction.list.TransactionsByAccountFilteringTest",""
"","13","a newer remote value is adopted and stamped as already pushed[jvm]","","2026-07-28","passed","2026-07-28","","UserConfigSyncPluginSpec[jvm]","com.georgeci.moneysurfer.data.sync.plugin.UserConfigSyncPluginSpec",""
"","21","a custom field that duplicates a field already on the form is ignored[jvm]","","2026-07-28","passed","2026-07-28","","AccountCreationViewModelTest[jvm]","com.georgeci.moneysurfer.feature.account.creation.AccountCreationViewModelTest",""
"","0","budgets that do not name this category are ignored[jvm]","","2026-07-28","passed","2026-07-28","","CategoryCapCoverageTest[jvm]","com.georgeci.moneysurfer.domain.model.CategoryCapCoverageTest",""
"","2","build returns zeros by default[jvm]","","2026-07-28","passed","2026-07-28","","SyncSummaryBuilderSpec[jvm]","com.georgeci.moneysurfer.sync.api.SyncSummaryBuilderSpec",""
"","1","stale auth session surfaces RequiresRecentLogin after cleanup[jvm]","","2026-07-28","passed","2026-07-28","","DeleteUserAccountUseCaseTest[jvm]","com.georgeci.moneysurfer.domain.usecase.DeleteUserAccountUseCaseTest",""
"","14","a corrupt file degrades the layer instead of throwing out of hydrate or of the change flow[jvm]","","2026-07-28","passed","2026-07-28","","LocalConfigSourceImplJvmTest[jvm]","com.georgeci.moneysurfer.data.config.LocalConfigSourceImplJvmTest",""
"","13","missing manifest entry surfaces InvalidArchive[jvm]","","2026-07-28","passed","2026-07-28","","BackupImporterImplJvmTest[jvm]","com.georgeci.moneysurfer.data.backup.BackupImporterImplJvmTest",""
"","2","tags share one cell separated by a pipe so the CSV delimiter stays untouched[jvm]","","2026-07-28","passed","2026-07-28","","TransactionCsvCodecTest[jvm]","com.georgeci.moneysurfer.domain.csv.TransactionCsvCodecTest",""
"","2482","an on-dashboard row shows the card style it is set to, and opens the picker[jvm]","","2026-07-28","passed","2026-07-28","","DashboardCustomizeScreenStateTest[jvm]","com.georgeci.moneysurfer.ui.DashboardCustomizeScreenStateTest",""
"","0","equals and hashCode treat identical fields as equal[jvm]","","2026-07-28","passed","2026-07-28","","PendingMutationSpec[jvm]","com.georgeci.moneysurfer.sync.repository.PendingMutationSpec",""
"","2","a slot reports what it currently holds[jvm]","","2026-07-28","passed","2026-07-28","","TransactionCreationSplitEditingTest[jvm]","com.georgeci.moneysurfer.feature.transaction.creation.TransactionCreationSplitEditingTest",""
"","27","a setting written while signed out is queued at the next sign-in[jvm]","","2026-07-28","passed","2026-07-28","","SyncedSettingsSessionImplJvmTest[jvm]","com.georgeci.moneysurfer.data.config.SyncedSettingsSessionImplJvmTest",""
"","25","rejects a budget whose categoryIds is a CSV string instead of a list","","2026-07-28","passed","2026-07-28","","entity write-shape validation (issue #156)","entity write-shape validation (issue #156) rejects a budget whose categoryIds is a CSV string instead of a list",""
"","5","SyncHandleStatus.Queued is singleton[jvm]","","2026-07-28","passed","2026-07-28","","SyncStateSpec[jvm]","com.georgeci.moneysurfer.sync.api.SyncStateSpec",""
"","18","the migration creates config_entry with the columns the entity declares[jvm]","","2026-07-28","passed","2026-07-28","","ConfigEntryMigrationIT[jvm]","com.georgeci.moneysurfer.integration.repository.ConfigEntryMigrationIT",""
"","45","a layer that cannot be hydrated degrades instead of taking startup down[jvm]","","2026-07-28","passed","2026-07-28","","LayeredConfigSpec[jvm]","com.georgeci.moneysurfer.appconfig.LayeredConfigSpec",""
"","9","member insert failure returns LocalWriteFailed and skips categories, remote work and pin[jvm]","","2026-07-28","passed","2026-07-28","","CreateWorkspaceUseCaseTest[jvm]","com.georgeci.moneysurfer.domain.usecase.CreateWorkspaceUseCaseTest",""
"","21","accepts a transaction with merchant, tags and recurringRuleId","","2026-07-28","passed","2026-07-28","","entity write-shape validation (issue #156)","entity write-shape validation (issue #156) accepts a transaction with merchant, tags and recurringRuleId",""
"","1","with no rates cached only the base-currency accounts fold in[jvm]","","2026-07-28","passed","2026-07-28","","ConvertAccountsTotalUseCaseTest[jvm]","com.georgeci.moneysurfer.domain.usecase.ConvertAccountsTotalUseCaseTest",""
"","23","user can self-update status to LEFT","","2026-07-28","passed","2026-07-28","","workspaces/{wid}/members/{uid}","workspaces/{wid}/members/{uid} user can self-update status to LEFT",""
"","31","authenticated user can read the flag document","","2026-07-28","passed","2026-07-28","","appConfig/{docId}","appConfig/{docId} authenticated user can read the flag document",""
"","30","the screen opens on the stored layout, normalized[jvm]","","2026-07-28","passed","2026-07-28","","DashboardCustomizeViewModelTest[jvm]","com.georgeci.moneysurfer.feature.dashboard.customize.DashboardCustomizeViewModelTest",""
"","34","a write is readable through peek the moment it returns[jvm]","","2026-07-28","passed","2026-07-28","","LocalConfigSourceImplJvmTest[jvm]","com.georgeci.moneysurfer.data.config.LocalConfigSourceImplJvmTest",""
"","18","the amount bounds compare against the magnitude, not the sign[jvm]","","2026-07-28","passed","2026-07-28","","TransactionsByAccountFilteringTest[jvm]","com.georgeci.moneysurfer.feature.transaction.list.TransactionsByAccountFilteringTest",""
"","12","deleting a parent keeps its children, moved up to the root[jvm]","","2026-07-28","passed","2026-07-28","","CategoriesManageViewModelTest[jvm]","com.georgeci.moneysurfer.feature.category.manage.CategoriesManageViewModelTest",""
"","3","ConflictResolution.TakeRemote carries the remote value[jvm]","","2026-07-28","passed","2026-07-28","","ConflictResolverSpec[jvm]","com.georgeci.moneysurfer.sync.repository.ConflictResolverSpec",""
"","1","SerializationException maps to Unknown carrying the cause[jvm]","","2026-07-28","passed","2026-07-28","","SyncErrorClassifierSpec[jvm]","com.georgeci.moneysurfer.sync.internal.SyncErrorClassifierSpec",""
"","103","a slice with no category is named rather than left blank[jvm]","","2026-07-28","passed","2026-07-28","","DashboardInsightsScreenTest[jvm]","com.georgeci.moneysurfer.ui.DashboardInsightsScreenTest",""
"","22","adding money records a contribution[jvm]","","2026-07-28","passed","2026-07-28","","GoalContributionUseCaseTest[jvm]","com.georgeci.moneysurfer.domain.usecase.GoalContributionUseCaseTest",""
"","0","expense contributes -amount on its account[jvm]","","2026-07-28","passed","2026-07-28","","BalanceImpactTest[jvm]","com.georgeci.moneysurfer.domain.model.BalanceImpactTest",""
"","22","a double tap on the CTA only finishes the onboarding once[jvm]","","2026-07-28","passed","2026-07-28","","OnboardingViewModelTest[jvm]","com.georgeci.moneysurfer.feature.login.onboarding.OnboardingViewModelTest",""
"","1","the appearance settings are the ones that follow the account[jvm]","","2026-07-28","passed","2026-07-28","","ConfigKeyScopeTest[jvm]","com.georgeci.moneysurfer.data.config.ConfigKeyScopeTest",""
"","11","a custom field is stored under the name the user typed[jvm]","","2026-07-28","passed","2026-07-28","","AccountCreationViewModelTest[jvm]","com.georgeci.moneysurfer.feature.account.creation.AccountCreationViewModelTest",""
"","84","an expanded card drops none of what the engine produced[jvm]","","2026-07-28","passed","2026-07-28","","DashboardInsightsScreenTest[jvm]","com.georgeci.moneysurfer.ui.DashboardInsightsScreenTest",""
"","86","rejects when no current user[jvm]","","2026-07-28","passed","2026-07-28","","AcceptInviteUseCaseTest[jvm]","com.georgeci.moneysurfer.domain.usecase.AcceptInviteUseCaseTest",""
"","32","a truncated row inside a pre-#260 file is still rejected[jvm]","","2026-07-28","passed","2026-07-28","","ExportImportTransactionsUseCaseTest[jvm]","com.georgeci.moneysurfer.domain.csv.ExportImportTransactionsUseCaseTest",""
"","1","missing localUpdatedAt → remote wins (treated as DISTANT_PAST)[jvm]","","2026-07-28","passed","2026-07-28","","LwwConflictResolverSpec[jvm]","com.georgeci.moneysurfer.sync.repository.LwwConflictResolverSpec",""
"","8","switching a widget off drops it from the dashboard and persists the layout[jvm]","","2026-07-28","passed","2026-07-28","","DashboardCustomizeViewModelTest[jvm]","com.georgeci.moneysurfer.feature.dashboard.customize.DashboardCustomizeViewModelTest",""
"","5","mid-pipeline cancel surfaces SyncCancelledException to the worker catch[jvm]","","2026-07-28","passed","2026-07-28","","SyncCoordinatorImplBranchSpec[jvm]","com.georgeci.moneysurfer.sync.coordinator.SyncCoordinatorImplBranchSpec",""
"","2","markFailed returns row to PENDING with attempts incremented[jvm]","","2026-07-28","passed","2026-07-28","","PendingMutationQueueImplSpec[jvm]","com.georgeci.moneysurfer.data.sync.PendingMutationQueueImplSpec",""
"","12","normalizing keeps the stored style of a widget it re-appends nothing for[jvm]","","2026-07-28","passed","2026-07-28","","DashboardLayoutConfigTest[jvm]","com.georgeci.moneysurfer.domain.dashboard.DashboardLayoutConfigTest",""
"","3","restyling a widget leaves its slot and its neighbours alone[jvm]","","2026-07-28","passed","2026-07-28","","DashboardLayoutConfigTest[jvm]","com.georgeci.moneysurfer.domain.dashboard.DashboardLayoutConfigTest",""
"","21","invitee can accept by targetUserId match","","2026-07-28","passed","2026-07-28","","invites — update / delete","invites — update / delete invitee can accept by targetUserId match",""
"","115","sign-up against a taken address shows a dialog and switches to sign-in[jvm]","","2026-07-28","passed","2026-07-28","","SignInViewModelTest[jvm]","com.georgeci.moneysurfer.feature.login.SignInViewModelTest",""
"","1","addDownload accumulates downloadedCount[jvm]","","2026-07-28","passed","2026-07-28","","SyncSummaryBuilderSpec[jvm]","com.georgeci.moneysurfer.sync.api.SyncSummaryBuilderSpec",""
"","0","late December can already belong to the next week-year[jvm]","","2026-07-28","passed","2026-07-28","","TransactionPeriodWindowTest[jvm]","com.georgeci.moneysurfer.domain.util.TransactionPeriodWindowTest",""
"","4","existing user with empty workspaceIds returns null default and leaves pointer untouched[jvm]","","2026-07-28","passed","2026-07-28","","PostAuthBootstrapUseCaseTest[jvm]","com.georgeci.moneysurfer.domain.usecase.PostAuthBootstrapUseCaseTest",""
"","35","second sync resumes from the Room-persisted cursor and pulls only newer documents[jvm]","","2026-07-28","passed","2026-07-28","","NewWorkspacePullIntegrationIT[jvm]","com.georgeci.moneysurfer.integration.sync.NewWorkspacePullIntegrationIT",""
"","25","totals stay split by currency rather than adding minor units together[jvm]","","2026-07-28","passed","2026-07-28","","TransactionWindowIntegrationIT[jvm]","com.georgeci.moneysurfer.integration.repository.TransactionWindowIntegrationIT",""
"","2","pending() default limit forwards DEFAULT_BATCH_LIMIT[jvm]","","2026-07-28","passed","2026-07-28","","PendingMutationQueueSpec[jvm]","com.georgeci.moneysurfer.sync.repository.PendingMutationQueueSpec",""
"","2","null message returns null[jvm]","","2026-07-28","passed","2026-07-28","","AuthErrorClassificationTest[jvm]","com.georgeci.moneysurfer.data.repository.AuthErrorClassificationTest",""
"","1","does nothing without a Firebase session[jvm]","","2026-07-28","passed","2026-07-28","","WorkspaceRefRegistrarSpec[jvm]","com.georgeci.moneysurfer.data.sync.WorkspaceRefRegistrarSpec",""
"","382","nothing is emitted while sync is disabled[jvm]","","2026-07-28","passed","2026-07-28","","PeriodicSyncGateTest[jvm]","com.georgeci.moneysurfer.navigation.PeriodicSyncGateTest",""
"","10","swiping a transaction away removes it, and the snackbar's Undo puts it back[jvm]","","2026-07-28","passed","2026-07-28","","AccountDetailsViewModelTest[jvm]","com.georgeci.moneysurfer.feature.account.details.AccountDetailsViewModelTest",""
"","7","a withdrawal down to exactly zero is allowed[jvm]","","2026-07-28","passed","2026-07-28","","GoalContributionUseCaseTest[jvm]","com.georgeci.moneysurfer.domain.usecase.GoalContributionUseCaseTest",""
"","0","a trailing empty variant field reads as no variant at all[jvm]","","2026-07-28","passed","2026-07-28","","DashboardLayoutCodecTest[jvm]","com.georgeci.moneysurfer.data.preferences.DashboardLayoutCodecTest",""
"","171","splits budgets into active and archived[jvm]","","2026-07-28","passed","2026-07-28","","BudgetsViewModelTest[jvm]","com.georgeci.moneysurfer.feature.budget.list.BudgetsViewModelTest",""
"","25","owner create blocked when status != PENDING","","2026-07-28","passed","2026-07-28","","invites — write","invites — write owner create blocked when status != PENDING",""
"","1","a week in, the comparison rules speak again[jvm]","","2026-07-28","passed","2026-07-28","","InsightRulesTest[jvm]","com.georgeci.moneysurfer.domain.insight.InsightRulesTest",""
"","9","ISO week numbering matches the calendar[jvm]","","2026-07-28","passed","2026-07-28","","TransactionPeriodWindowTest[jvm]","com.georgeci.moneysurfer.domain.util.TransactionPeriodWindowTest",""
"","3","typing into a line touches only that line[jvm]","","2026-07-28","passed","2026-07-28","","TransactionCreationSplitEditingTest[jvm]","com.georgeci.moneysurfer.feature.transaction.creation.TransactionCreationSplitEditingTest",""
"","3","a write racing another writer on the same file still returns[jvm]","","2026-07-28","passed","2026-07-28","","PreferencesMirrorJvmTest[jvm]","com.georgeci.moneysurfer.data.config.PreferencesMirrorJvmTest",""
"","319","each effect reaches exactly one destination[jvm]","","2026-07-28","passed","2026-07-28","","DashboardNavigationTest[jvm]","com.georgeci.moneysurfer.feature.dashboard.DashboardNavigationTest",""
"","37","unauthenticated user cannot read userEmails (auth required)","","2026-07-28","passed","2026-07-28","","userEmails/{email}","userEmails/{email} unauthenticated user cannot read userEmails (auth required)",""
"","201","strings.xml files are discovered[jvm]","","2026-07-28","passed","2026-07-28","","StringResourcePlaceholderTest[jvm]","com.georgeci.moneysurfer.utils.StringResourcePlaceholderTest",""
"","1","a picked category lands in the slot the chooser was opened for[jvm]","","2026-07-28","passed","2026-07-28","","TransactionCreationSplitEditingTest[jvm]","com.georgeci.moneysurfer.feature.transaction.creation.TransactionCreationSplitEditingTest",""
"","41","editing saves the changed icon, colour and parent back onto the existing category[jvm]","","2026-07-28","passed","2026-07-28","","CategoryCreationViewModelTest[jvm]","com.georgeci.moneysurfer.feature.category.creation.CategoryCreationViewModelTest",""
"","13","a failing signOut still leaves the pointers cleared[jvm]","","2026-07-28","passed","2026-07-28","","AuthSessionRollbackTest[jvm]","com.georgeci.moneysurfer.domain.usecase.AuthSessionRollbackTest",""
"","11","savedAmount is zero for a goal with no contributions[jvm]","","2026-07-28","passed","2026-07-28","","GoalRepositoryDualWriteSpec[jvm]","com.georgeci.moneysurfer.data.repository.GoalRepositoryDualWriteSpec",""
"","13","all account types resolve to distinct resources[jvm]","","2026-07-28","passed","2026-07-28","","AccountTypeLabelTest[jvm]","com.georgeci.moneysurfer.feature.account.AccountTypeLabelTest",""
"","2","normalizing drops duplicate entries for the same widget, keeping the first[jvm]","","2026-07-28","passed","2026-07-28","","DashboardLayoutConfigTest[jvm]","com.georgeci.moneysurfer.domain.dashboard.DashboardLayoutConfigTest",""
"","1","a variant carrying the separators round-trips instead of splitting the layout[jvm]","","2026-07-28","passed","2026-07-28","","DashboardLayoutCodecTest[jvm]","com.georgeci.moneysurfer.data.preferences.DashboardLayoutCodecTest",""
"","17","opens on the type of the currently selected category[jvm]","","2026-07-28","passed","2026-07-28","","CategoryChooserViewModelTest[jvm]","com.georgeci.moneysurfer.feature.category.picker.CategoryChooserViewModelTest",""
"","3","deleting an id that is not there returns nothing, so no Undo is offered[jvm]","","2026-07-28","passed","2026-07-28","","DeleteTransactionUseCaseTest[jvm]","com.georgeci.moneysurfer.domain.usecase.DeleteTransactionUseCaseTest",""
"","0","the space-grouped style uses a non-breaking space[jvm]","","2026-07-28","passed","2026-07-28","","NumberFormatStyleTest[jvm]","com.georgeci.moneysurfer.domain.preferences.NumberFormatStyleTest",""
"","1","an id names the finding and the period, never the numbers[jvm]","","2026-07-28","passed","2026-07-28","","InsightRulesTest[jvm]","com.georgeci.moneysurfer.domain.insight.InsightRulesTest",""
"","24","cancelling the view model is not reported as an error[jvm]","","2026-07-28","passed","2026-07-28","","MviViewModelTest[jvm]","com.georgeci.moneysurfer.utils.MviViewModelTest",""
"","5","markFailed bumps attempts, records error and resets to PENDING[jvm]","","2026-07-28","passed","2026-07-28","","PendingMutationQueueImplSpec[jvm]","com.georgeci.moneysurfer.sync.internal.repository.PendingMutationQueueImplSpec",""
"","28","transfer with from == to throws IllegalArgumentException[jvm]","","2026-07-28","passed","2026-07-28","","TransferCreationIntegrationIT[jvm]","com.georgeci.moneysurfer.integration.repository.TransferCreationIntegrationIT",""
"","1","a current record read as the pre-#260 format is rejected as an over-long row[jvm]","","2026-07-28","passed","2026-07-28","","TransactionCsvCodecTest[jvm]","com.georgeci.moneysurfer.domain.csv.TransactionCsvCodecTest",""
"","1","addUpload accumulates uploadedCount[jvm]","","2026-07-28","passed","2026-07-28","","SyncSummaryBuilderSpec[jvm]","com.georgeci.moneysurfer.sync.api.SyncSummaryBuilderSpec",""
"","3","'42.50' -> '42.50'[jvm]","","2026-07-28","passed","2026-07-28","","AmountInputTransformationTest[jvm]","com.georgeci.moneysurfer.utils.AmountInputTransformationTest",""
"","4","mergeScope UploadOnly with UploadOnly stays UploadOnly[jvm]","","2026-07-28","passed","2026-07-28","","SyncScopeSpec[jvm]","com.georgeci.moneysurfer.sync.api.SyncScopeSpec",""
"","8","totals for categories outside the subtree are ignored[jvm]","","2026-07-28","passed","2026-07-28","","CategorySpendHistoryTest[jvm]","com.georgeci.moneysurfer.domain.model.CategorySpendHistoryTest",""
"","914","save inserts an account in the selected currency without an opening-balance transaction when balance is blank[jvm]","","2026-07-28","passed","2026-07-28","","AccountCreationViewModelTest[jvm]","com.georgeci.moneysurfer.feature.account.creation.AccountCreationViewModelTest",""
"","2","an unknown seed is undecodable rather than silently Brand[jvm]","","2026-07-28","passed","2026-07-28","","PaletteSourceCodecTest[jvm]","com.georgeci.moneysurfer.data.config.PaletteSourceCodecTest",""
"","70","the stored palette keeps Dynamic while the effective one clamps it[jvm]","","2026-07-28","passed","2026-07-28","","ConfigFacadesJvmTest[jvm]","com.georgeci.moneysurfer.data.config.ConfigFacadesJvmTest",""
"","23","list across all workspaces is denied — workspace get/list both gated by isMember","","2026-07-28","passed","2026-07-28","","workspaces/{wid}","workspaces/{wid} list across all workspaces is denied — workspace get/list both gated by isMember",""
"","4","over-assigning drives the remainder negative, which is not a saveable receipt[jvm]","","2026-07-28","passed","2026-07-28","","TransactionCreationSplitEditingTest[jvm]","com.georgeci.moneysurfer.feature.transaction.creation.TransactionCreationSplitEditingTest",""
"","39","the categorized list query carries the new fields too[jvm]","","2026-07-28","passed","2026-07-28","","TransactionDetailFieldsIntegrationIT[jvm]","com.georgeci.moneysurfer.integration.repository.TransactionDetailFieldsIntegrationIT",""
"","40","member can create + read in recurringRules","","2026-07-28","passed","2026-07-28","","member-gated entities (smoke for the rest)","member-gated entities (smoke for the rest) member can create + read in recurringRules",""
"","2","an off-palette hue snaps to the nearest tint instead of disappearing[jvm]","","2026-07-28","passed","2026-07-28","","CategoryPaletteParityTest[jvm]","com.georgeci.moneysurfer.feature.category.CategoryPaletteParityTest",""
"","17","merchant, tags and recurringRuleId round-trip through the wire format[jvm]","","2026-07-28","passed","2026-07-28","","TransactionDtoMapperSpec[jvm]","com.georgeci.moneysurfer.data.sync.TransactionDtoMapperSpec",""
"","6","recalc runs when downloadedCount > 0[jvm]","","2026-07-28","passed","2026-07-28","","SyncCoordinatorImplSpec[jvm]","com.georgeci.moneysurfer.sync.coordinator.SyncCoordinatorImplSpec",""
"","502","the quick-actions row draws both shortcuts once a transfer is possible[jvm]","","2026-07-28","passed","2026-07-28","","DashboardScreenStateTest[jvm]","com.georgeci.moneysurfer.ui.DashboardScreenStateTest",""
"","369","wrong passphrase is rejected before decryption[jvm]","","2026-07-28","passed","2026-07-28","","EncryptedBackupCodecTest[jvm]","com.georgeci.moneysurfer.data.backup.EncryptedBackupCodecTest",""
"","44","invited user CAN self-create when the doc points at their PENDING invite","","2026-07-28","passed","2026-07-28","","workspaces/{wid}/members/{uid}","workspaces/{wid}/members/{uid} invited user CAN self-create when the doc points at their PENDING invite",""
"","0","a budget naming only this category becomes the backing budget[jvm]","","2026-07-28","passed","2026-07-28","","CategoryCapCoverageTest[jvm]","com.georgeci.moneysurfer.domain.model.CategoryCapCoverageTest",""
"","67","a missing workspace with a surviving member row reads back empty instead","","2026-07-28","passed","2026-07-28","","dangling users/{uid}.workspaceIds refs","dangling users/{uid}.workspaceIds refs a missing workspace with a surviving member row reads back empty instead",""
"","6","a renderable palette passes through untouched[jvm]","","2026-07-28","passed","2026-07-28","","ConfigFacadesJvmTest[jvm]","com.georgeci.moneysurfer.data.config.ConfigFacadesJvmTest",""
"","8","SerializationException maps to Unknown[jvm]","","2026-07-28","passed","2026-07-28","","SyncErrorClassifierSpec[jvm]","com.georgeci.moneysurfer.data.sync.SyncErrorClassifierSpec",""
"","23","a reset cancels a running sync before wiping, so the wipe can't be overwritten[jvm]","","2026-07-28","passed","2026-07-28","","SyncViewModelTest[jvm]","com.georgeci.moneysurfer.feature.settings.sync.SyncViewModelTest",""
"","2","reset drops the filters and keeps the search text[jvm]","","2026-07-28","passed","2026-07-28","","TransactionFilterMatchingTest[jvm]","com.georgeci.moneysurfer.feature.transaction.filter.TransactionFilterMatchingTest",""
"","1","an overspent budget reports zero per-day remaining instead of a negative allowance[jvm]","","2026-07-28","passed","2026-07-28","","BudgetProgressTest[jvm]","com.georgeci.moneysurfer.domain.model.BudgetProgressTest",""
"","1","early January can still belong to the previous week-year[jvm]","","2026-07-28","passed","2026-07-28","","TransactionPeriodWindowTest[jvm]","com.georgeci.moneysurfer.domain.util.TransactionPeriodWindowTest",""
"","6","the throwable travels with its entry[jvm]","","2026-07-28","passed","2026-07-28","","DebugLogBufferTest[jvm]","com.georgeci.moneysurfer.domain.logging.DebugLogBufferTest",""
"","1","abs of Long.MIN_VALUE throws instead of returning a negative magnitude[jvm]","","2026-07-28","passed","2026-07-28","","MoneyTest[jvm]","com.georgeci.moneysurfer.domain.primitives.MoneyTest",""
"","21","switching the type drops split categories the new type cannot use[jvm]","","2026-07-28","passed","2026-07-28","","TransactionCreationSplitTest[jvm]","com.georgeci.moneysurfer.feature.transaction.creation.TransactionCreationSplitTest",""
"","8","a move that changes nothing is not written back[jvm]","","2026-07-28","passed","2026-07-28","","DashboardCustomizeViewModelTest[jvm]","com.georgeci.moneysurfer.feature.dashboard.customize.DashboardCustomizeViewModelTest",""
"","21","dropping back below two lines leaves the split editor[jvm]","","2026-07-28","passed","2026-07-28","","TransactionCreationSplitTest[jvm]","com.georgeci.moneysurfer.feature.transaction.creation.TransactionCreationSplitTest",""
"","13","OnDeleteConfirm removes the category and shows an undo snackbar[jvm]","","2026-07-28","passed","2026-07-28","","CategoriesManageViewModelTest[jvm]","com.georgeci.moneysurfer.feature.category.manage.CategoriesManageViewModelTest",""
"","4","re-reading an unchanged document is not reported as a conflict[jvm]","","2026-07-28","passed","2026-07-28","","UserConfigSyncPluginSpec[jvm]","com.georgeci.moneysurfer.data.sync.plugin.UserConfigSyncPluginSpec",""
"","8","pending returns rows in createdAt order[jvm]","","2026-07-28","passed","2026-07-28","","PendingMutationQueueImplSpec[jvm]","com.georgeci.moneysurfer.data.sync.PendingMutationQueueImplSpec",""
"","21","applyDelta updates balance without touching currency[jvm]","","2026-07-28","passed","2026-07-28","","AccountCreationIntegrationIT[jvm]","com.georgeci.moneysurfer.integration.repository.AccountCreationIntegrationIT",""
"","90","a stored code outside the catalogue is shown bare rather than as a neighbour[jvm]","","2026-07-28","passed","2026-07-28","","PreferencesScreenStateTest[jvm]","com.georgeci.moneysurfer.ui.PreferencesScreenStateTest",""
"","37","invitee can accept even if parent workspace doc is missing on Firestore","","2026-07-28","passed","2026-07-28","","invites — update / delete","invites — update / delete invitee can accept even if parent workspace doc is missing on Firestore",""
"","3","cancellation mid-batch completes the pushed prefix and re-queues the rest as cancelled[jvm]","","2026-07-28","passed","2026-07-28","","UploadPendingChangesUseCaseImplSpec[jvm]","com.georgeci.moneysurfer.data.sync.UploadPendingChangesUseCaseImplSpec",""
"","8","an account-scoped list ignores an account picked on the filter screen[jvm]","","2026-07-28","passed","2026-07-28","","TransactionsByAccountFilteringTest[jvm]","com.georgeci.moneysurfer.feature.transaction.list.TransactionsByAccountFilteringTest",""
"","3","throwIfCancelled throws when cancelled[jvm]","","2026-07-28","passed","2026-07-28","","SyncCancelTokenSpec[jvm]","com.georgeci.moneysurfer.sync.api.SyncCancelTokenSpec",""
"","2","a detail opened from another detail keeps a back affordance[jvm]","","2026-07-28","passed","2026-07-28","","SurferPaneSceneStrategyTest[jvm]","com.georgeci.moneysurfer.navigation.SurferPaneSceneStrategyTest",""
"","3","ignores REMOVED ex-members when checking duplicates[jvm]","","2026-07-28","passed","2026-07-28","","SendInviteUseCaseTest[jvm]","com.georgeci.moneysurfer.domain.usecase.SendInviteUseCaseTest",""
"","17","a blank title never reaches the repository[jvm]","","2026-07-28","passed","2026-07-28","","GoalEditViewModelTest[jvm]","com.georgeci.moneysurfer.feature.goal.edit.GoalEditViewModelTest",""
"","816","dragging a grip upward past the row above asks to swap the two[jvm]","","2026-07-28","passed","2026-07-28","","DashboardCustomizeScreenStateTest[jvm]","com.georgeci.moneysurfer.ui.DashboardCustomizeScreenStateTest",""
"","7","rejects when caller is not OWNER[jvm]","","2026-07-28","passed","2026-07-28","","SendInviteUseCaseTest[jvm]","com.georgeci.moneysurfer.domain.usecase.SendInviteUseCaseTest",""
"","3","rejects same-account transfer[jvm]","","2026-07-28","passed","2026-07-28","","CreateTransferUseCaseTest[jvm]","com.georgeci.moneysurfer.domain.usecase.CreateTransferUseCaseTest",""
"","727","the reorder hint appears only once there are two widgets to reorder[jvm]","","2026-07-28","passed","2026-07-28","","DashboardCustomizeScreenStateTest[jvm]","com.georgeci.moneysurfer.ui.DashboardCustomizeScreenStateTest",""
"","54","falls back to Missing when the category is deleted under an open screen[jvm]","","2026-07-28","passed","2026-07-28","","CategoryDetailsViewModelTest[jvm]","com.georgeci.moneysurfer.feature.category.details.CategoryDetailsViewModelTest",""
"","295","each account type maps to its own string resource[jvm]","","2026-07-28","passed","2026-07-28","","AccountTypeLabelTest[jvm]","com.georgeci.moneysurfer.feature.account.AccountTypeLabelTest",""
"","22","a budget change arriving while the user types does not overwrite the cap field[jvm]","","2026-07-28","passed","2026-07-28","","CategoryCreationViewModelTest[jvm]","com.georgeci.moneysurfer.feature.category.creation.CategoryCreationViewModelTest",""
"","5","stamps targetUserId from userEmails mapping[jvm]","","2026-07-28","passed","2026-07-28","","SendInviteUseCaseTest[jvm]","com.georgeci.moneysurfer.domain.usecase.SendInviteUseCaseTest",""
"","31","offline build binds the empty RemoteGlobal layer[jvm]","","2026-07-28","passed","2026-07-28","","OfflineConfigGraphTest[jvm]","com.georgeci.moneysurfer.offline.di.OfflineConfigGraphTest",""
"","20","owner can tombstone a member row","","2026-07-28","passed","2026-07-28","","tombstone update shape (push-side soft delete)","tombstone update shape (push-side soft delete) owner can tombstone a member row",""
"","7","pausing a goal keeps its progress[jvm]","","2026-07-28","passed","2026-07-28","","SavingsGoalUseCaseTest[jvm]","com.georgeci.moneysurfer.domain.usecase.SavingsGoalUseCaseTest",""
"","21","a user can list their whole settings collection","","2026-07-28","passed","2026-07-28","","users/{uid}/config/{key}","users/{uid}/config/{key} a user can list their whole settings collection",""
"","7","default constructor builds an active scope[jvm]","","2026-07-28","passed","2026-07-28","","ApplicationScopeSpec[jvm]","com.georgeci.moneysurfer.sync.runtime.ApplicationScopeSpec",""
"","173","sealed blob does not contain the plaintext[jvm]","","2026-07-28","passed","2026-07-28","","EncryptedBackupCodecTest[jvm]","com.georgeci.moneysurfer.data.backup.EncryptedBackupCodecTest",""
"","5","enqueueUpsert is a no-op when app version is Unsupported[jvm]","","2026-07-28","passed","2026-07-28","","OutboxEnqueuerSpec[jvm]","com.georgeci.moneysurfer.data.sync.OutboxEnqueuerSpec",""
"","32","a user without a workspace goes to the selector[jvm]","","2026-07-28","passed","2026-07-28","","StartRouteTest[jvm]","com.georgeci.moneysurfer.navigation.StartRouteTest",""
"","1","CancellationException maps to SyncError.Cancelled[jvm]","","2026-07-28","passed","2026-07-28","","SyncErrorClassifierSpec[jvm]","com.georgeci.moneysurfer.sync.internal.SyncErrorClassifierSpec",""
"","1","PULL order is workspace → members → invites → accounts → categories → transactions[jvm]","","2026-07-28","passed","2026-07-28","","SyncStepOrderTest[jvm]","com.georgeci.moneysurfer.domain.model.SyncStepOrderTest",""
"","3","no schedules at all means no sentence about them[jvm]","","2026-07-28","passed","2026-07-28","","InsightRulesTest[jvm]","com.georgeci.moneysurfer.domain.insight.InsightRulesTest",""
"","2","ids restart after a clear, when nothing is left to collide with[jvm]","","2026-07-28","passed","2026-07-28","","DebugLogBufferTest[jvm]","com.georgeci.moneysurfer.domain.logging.DebugLogBufferTest",""
"","1","a first period has nothing to compare against[jvm]","","2026-07-28","passed","2026-07-28","","InsightRulesTest[jvm]","com.georgeci.moneysurfer.domain.insight.InsightRulesTest",""
"","2","ConflictResolution.Skip is a singleton[jvm]","","2026-07-28","passed","2026-07-28","","ConflictResolverSpec[jvm]","com.georgeci.moneysurfer.sync.repository.ConflictResolverSpec",""
"","22","accepts a value at exactly 1024 characters","","2026-07-28","passed","2026-07-28","","users/{uid}/config/{key}","users/{uid}/config/{key} accepts a value at exactly 1024 characters",""
"","5","cancelAll cancels running and queued[jvm]","","2026-07-28","passed","2026-07-28","","SyncCoordinatorImplSpec[jvm]","com.georgeci.moneysurfer.sync.coordinator.SyncCoordinatorImplSpec",""
"","12","markRemoved on missing row is a no-op[jvm]","","2026-07-28","passed","2026-07-28","","WorkspaceMemberRepositoryDualWriteSpec[jvm]","com.georgeci.moneysurfer.data.repository.WorkspaceMemberRepositoryDualWriteSpec",""
"","36","pointers round-trip through the store[jvm]","","2026-07-28","passed","2026-07-28","","SessionPointersImplJvmTest[jvm]","com.georgeci.moneysurfer.data.preferences.SessionPointersImplJvmTest",""
"","1","fresh repository starts empty[jvm]","","2026-07-28","passed","2026-07-28","","SyncMetaRepositoryImplSpec[jvm]","com.georgeci.moneysurfer.data.sync.SyncMetaRepositoryImplSpec",""
"","9","push failure completes the uploaded prefix and fails the remainder[jvm]","","2026-07-28","passed","2026-07-28","","UploadPendingChangesUseCaseImplSpec[jvm]","com.georgeci.moneysurfer.data.sync.UploadPendingChangesUseCaseImplSpec",""
"","19","sync is enabled only when build, server and user all say yes[jvm]","","2026-07-28","passed","2026-07-28","","ConfigFacadesJvmTest[jvm]","com.georgeci.moneysurfer.data.config.ConfigFacadesJvmTest",""
"","54","submitting with no email reports EmailRequired against the email field[jvm]","","2026-07-28","passed","2026-07-28","","SignInViewModelTest[jvm]","com.georgeci.moneysurfer.feature.login.SignInViewModelTest",""
"","3","a tag containing a literal escape character survives the round-trip[jvm]","","2026-07-28","passed","2026-07-28","","TransactionCsvCodecTest[jvm]","com.georgeci.moneysurfer.domain.csv.TransactionCsvCodecTest",""
"","5","a key this device has never seen is taken[jvm]","","2026-07-28","passed","2026-07-28","","UserConfigSyncPluginSpec[jvm]","com.georgeci.moneysurfer.data.sync.plugin.UserConfigSyncPluginSpec",""
"","11","tapping Undo on the archive snackbar restores the account[jvm]","","2026-07-28","passed","2026-07-28","","AccountsManageViewModelTest[jvm]","com.georgeci.moneysurfer.feature.account.manage.AccountsManageViewModelTest",""
"","28","the currency picker is fed from the catalogue, and the pill resolves against it[jvm]","","2026-07-28","passed","2026-07-28","","PreferencesViewModelTest[jvm]","com.georgeci.moneysurfer.feature.settings.preferences.PreferencesViewModelTest",""
"","5","search narrows the grid by name[jvm]","","2026-07-28","passed","2026-07-28","","CategoryChooserViewModelTest[jvm]","com.georgeci.moneysurfer.feature.category.picker.CategoryChooserViewModelTest",""
"","6","a widget this build does not know is skipped, and the known ones are kept[jvm]","","2026-07-28","passed","2026-07-28","","DashboardLayoutCodecTest[jvm]","com.georgeci.moneysurfer.data.preferences.DashboardLayoutCodecTest",""
"","17","existing install with a pinned workspace is left alone and does not re-login[jvm]","","2026-07-28","passed","2026-07-28","","OfflineFirstRunSeederTest[jvm]","com.georgeci.moneysurfer.offline.firstrun.OfflineFirstRunSeederTest",""
"","4","hydrate does not wait on an in-flight write[jvm]","","2026-07-28","passed","2026-07-28","","PreferencesMirrorJvmTest[jvm]","com.georgeci.moneysurfer.data.config.PreferencesMirrorJvmTest",""
"","34","the healthy workspace alongside it stays readable","","2026-07-28","passed","2026-07-28","","dangling users/{uid}.workspaceIds refs","dangling users/{uid}.workspaceIds refs the healthy workspace alongside it stays readable",""
"","121","the carousel reaches the insights a compact list would have dropped[jvm]","","2026-07-28","passed","2026-07-28","","DashboardInsightsScreenTest[jvm]","com.georgeci.moneysurfer.ui.DashboardInsightsScreenTest",""
"","20","undoing a parent delete re-attaches the children it had[jvm]","","2026-07-28","passed","2026-07-28","","CategoriesManageViewModelTest[jvm]","com.georgeci.moneysurfer.feature.category.manage.CategoriesManageViewModelTest",""
"","164","first sync hydrates the new workspace root before its subcollections[jvm]","","2026-07-28","passed","2026-07-28","","NewWorkspacePullIntegrationIT[jvm]","com.georgeci.moneysurfer.integration.sync.NewWorkspacePullIntegrationIT",""
"","17","drops BOM artifacts even when they are the only ones of their group[jvm]","","2026-07-28","passed","2026-07-28","","ParseOssLibrariesTest[jvm]","com.georgeci.moneysurfer.feature.settings.about.licenses.ParseOssLibrariesTest",""
"","8","enqueue stores entity with PENDING status and roundtrips fields[jvm]","","2026-07-28","passed","2026-07-28","","PendingMutationQueueImplSpec[jvm]","com.georgeci.moneysurfer.sync.internal.repository.PendingMutationQueueImplSpec",""
"","38","withdrawing more than the goal holds surfaces the below-zero error[jvm]","","2026-07-28","passed","2026-07-28","","GoalContributionViewModelTest[jvm]","com.georgeci.moneysurfer.feature.goal.contribution.GoalContributionViewModelTest",""
"","11","same-currency accounts collapse into one total[jvm]","","2026-07-28","passed","2026-07-28","","AccountTotalsTest[jvm]","com.georgeci.moneysurfer.domain.model.AccountTotalsTest",""
"","169","tampering with the sealed payload surfaces WrongPassphrase[jvm]","","2026-07-28","passed","2026-07-28","","BackupEncryptedRoundTripJvmTest[jvm]","com.georgeci.moneysurfer.data.backup.BackupEncryptedRoundTripJvmTest",""
"","2","a leg's own category and amount stay its own[jvm]","","2026-07-28","passed","2026-07-28","","UpdateTransactionUseCaseTest[jvm]","com.georgeci.moneysurfer.domain.usecase.UpdateTransactionUseCaseTest",""
"","0","set merge picks smallest bounded timeout[jvm]","","2026-07-28","passed","2026-07-28","","NetworkWaitModeSpec[jvm]","com.georgeci.moneysurfer.sync.network.NetworkWaitModeSpec",""
"","30","the transfer counterpart resolves to the opposite leg through real storage[jvm]","","2026-07-28","passed","2026-07-28","","TransferCreationIntegrationIT[jvm]","com.georgeci.moneysurfer.integration.repository.TransferCreationIntegrationIT",""
"","9","dispatches each mutation to the plugin matching its entityType[jvm]","","2026-07-28","passed","2026-07-28","","UploadPendingChangesUseCaseImplSpec[jvm]","com.georgeci.moneysurfer.data.sync.UploadPendingChangesUseCaseImplSpec",""
"","3","Unsupported app version short-circuits the sync with UnsupportedAppVersion[jvm]","","2026-07-28","passed","2026-07-28","","SyncCoordinatorImplSpec[jvm]","com.georgeci.moneysurfer.sync.coordinator.SyncCoordinatorImplSpec",""
"","6","a negative balance is blocked for non-credit account types[jvm]","","2026-07-28","passed","2026-07-28","","InitialBalanceInputTest[jvm]","com.georgeci.moneysurfer.feature.account.creation.InitialBalanceInputTest",""
"","5","shutdown cancels coordinator first, then scheduler[jvm]","","2026-07-28","passed","2026-07-28","","SessionShutdownGateImplSpec[jvm]","com.georgeci.moneysurfer.sync.internal.SessionShutdownGateImplSpec",""
"","293","encrypted import without a passphrase surfaces PassphraseRequired[jvm]","","2026-07-28","passed","2026-07-28","","BackupEncryptedRoundTripJvmTest[jvm]","com.georgeci.moneysurfer.data.backup.BackupEncryptedRoundTripJvmTest",""
"","53","one collection of the store serves every observer[jvm]","","2026-07-28","passed","2026-07-28","","PreferencesMirrorJvmTest[jvm]","com.georgeci.moneysurfer.data.config.PreferencesMirrorJvmTest",""
"","4","iso=2025-01-31[jvm]","","2026-07-28","passed","2026-07-28","","TimeFormatterTest[jvm]","com.georgeci.moneysurfer.data.repository.TimeFormatterTest",""
"","4","deleting one leg of a split takes the whole receipt with it[jvm]","","2026-07-28","passed","2026-07-28","","DeleteTransactionUseCaseTest[jvm]","com.georgeci.moneysurfer.domain.usecase.DeleteTransactionUseCaseTest",""
"","9","appends a prefix wildcard to every token[jvm]","","2026-07-28","passed","2026-07-28","","FtsQueryTest[jvm]","com.georgeci.moneysurfer.data.db.FtsQueryTest",""
"","40","host-identity keys are flagged so the panel can say they are not ordinary flags[jvm]","","2026-07-28","passed","2026-07-28","","DebugConfigInspectorImplSpec[jvm]","com.georgeci.moneysurfer.appconfig.DebugConfigInspectorImplSpec",""
"","38","an operationDate that is unpadded is counted by no aggregate[jvm]","","2026-07-28","passed","2026-07-28","","SpendAnalyticsRepositoryImplJvmTest[jvm]","com.georgeci.moneysurfer.data.repository.SpendAnalyticsRepositoryImplJvmTest",""
"","48","a period that barely moved is neutral, not a win[jvm]","","2026-07-28","passed","2026-07-28","","DashboardViewModelTest[jvm]","com.georgeci.moneysurfer.feature.dashboard.DashboardViewModelTest",""
"","0","times that overflows Long throws instead of wrapping[jvm]","","2026-07-28","passed","2026-07-28","","MoneyTest[jvm]","com.georgeci.moneysurfer.domain.primitives.MoneyTest",""
"","1","Warn and above are loggable[jvm]","","2026-07-28","passed","2026-07-28","","CrashReportingLogWriterTest[jvm]","com.georgeci.moneysurfer.domain.telemetry.CrashReportingLogWriterTest",""
"","8","a remote doc from a client we do not control is normalized on the way in[jvm]","","2026-07-28","passed","2026-07-28","","AccountDtoMapperSpec[jvm]","com.georgeci.moneysurfer.data.sync.AccountDtoMapperSpec",""
"","1","contains is inclusive on both ends[jvm]","","2026-07-28","passed","2026-07-28","","TransactionPeriodWindowTest[jvm]","com.georgeci.moneysurfer.domain.util.TransactionPeriodWindowTest",""
"","1","delegate constructor preserves the supplied context[jvm]","","2026-07-28","passed","2026-07-28","","ApplicationScopeSpec[jvm]","com.georgeci.moneysurfer.sync.runtime.ApplicationScopeSpec",""
"","4","pending returns empty when queue is empty[jvm]","","2026-07-28","passed","2026-07-28","","PendingMutationQueueImplSpec[jvm]","com.georgeci.moneysurfer.data.sync.PendingMutationQueueImplSpec",""
"","192","saving a new budget writes the entered values[jvm]","","2026-07-28","passed","2026-07-28","","BudgetEditViewModelTest[jvm]","com.georgeci.moneysurfer.feature.budget.edit.BudgetEditViewModelTest",""
"","11","a signed-out or demo session never starts the ticker[jvm]","","2026-07-28","passed","2026-07-28","","PeriodicSyncGateTest[jvm]","com.georgeci.moneysurfer.navigation.PeriodicSyncGateTest",""
"","4","a missing workspace doc is skipped without touching anything[jvm]","","2026-07-28","passed","2026-07-28","","UserAccountDeletionRepositoryImplTest[jvm]","com.georgeci.moneysurfer.data.repository.UserAccountDeletionRepositoryImplTest",""
"","4","editing one leg's date moves the whole receipt[jvm]","","2026-07-28","passed","2026-07-28","","UpdateTransactionUseCaseTest[jvm]","com.georgeci.moneysurfer.domain.usecase.UpdateTransactionUseCaseTest",""
"","63","a cap typed on a new category creates a monthly budget naming only that category[jvm]","","2026-07-28","passed","2026-07-28","","CategoryCreationViewModelTest[jvm]","com.georgeci.moneysurfer.feature.category.creation.CategoryCreationViewModelTest",""
"","19","a soft delete enqueues one DELETE mutation, scoped to the workspace[jvm]","","2026-07-28","passed","2026-07-28","","TransactionTombstoneSyncIntegrationIT[jvm]","com.georgeci.moneysurfer.integration.sync.TransactionTombstoneSyncIntegrationIT",""
"","23","existing user with explicit defaultWorkspaceId is preserved[jvm]","","2026-07-28","passed","2026-07-28","","PostAuthBootstrapUseCaseTest[jvm]","com.georgeci.moneysurfer.domain.usecase.PostAuthBootstrapUseCaseTest",""
"","2","foreign-currency expenses are skipped and raise the mixed-currency flag[jvm]","","2026-07-28","passed","2026-07-28","","BudgetProgressTest[jvm]","com.georgeci.moneysurfer.domain.model.BudgetProgressTest",""
"","20","rejects a non-integer updatedAt","","2026-07-28","passed","2026-07-28","","users/{uid}/config/{key}","users/{uid}/config/{key} rejects a non-integer updatedAt",""
"","18","OnDeleteConfirm removes the account and shows a snackbar[jvm]","","2026-07-28","passed","2026-07-28","","AccountsManageViewModelTest[jvm]","com.georgeci.moneysurfer.feature.account.manage.AccountsManageViewModelTest",""
"","112","copy with override[jvm]","","2026-07-28","passed","2026-07-28","","PendingMutationSpec[jvm]","com.georgeci.moneysurfer.sync.repository.PendingMutationSpec",""
"","51","member can create + read in categories","","2026-07-28","passed","2026-07-28","","member-gated entities (smoke for the rest)","member-gated entities (smoke for the rest) member can create + read in categories",""
"","6","the period total is compared whichever way it moved[jvm]","","2026-07-28","passed","2026-07-28","","InsightRulesTest[jvm]","com.georgeci.moneysurfer.domain.insight.InsightRulesTest",""
"","3","EmulatorClientSmokeSpec[jvm]","","2026-07-28","passed","2026-07-28","","Gradle Test Run :sync-surfer:jvmTest[jvm]","Gradle Test Run :sync-surfer:jvmTest",""
"","2","markCompleted with empty list is a no-op[jvm]","","2026-07-28","passed","2026-07-28","","PendingMutationQueueImplSpec[jvm]","com.georgeci.moneysurfer.data.sync.PendingMutationQueueImplSpec",""
"","21","stranger cannot read someone else's invite by direct id","","2026-07-28","passed","2026-07-28","","invites — read","invites — read stranger cannot read someone else's invite by direct id",""
"","1","redactEmail returns a fixed marker for blank input[jvm]","","2026-07-28","passed","2026-07-28","","PiiRedactionTest[jvm]","com.georgeci.moneysurfer.domain.logging.PiiRedactionTest",""
"","9","lowering the target below the saved amount completes the goal[jvm]","","2026-07-28","passed","2026-07-28","","SavingsGoalUseCaseTest[jvm]","com.georgeci.moneysurfer.domain.usecase.SavingsGoalUseCaseTest",""
"","0","opening_balance contributes +amount on its account[jvm]","","2026-07-28","passed","2026-07-28","","BalanceImpactTest[jvm]","com.georgeci.moneysurfer.domain.model.BalanceImpactTest",""
"","2","an archived budget limits nothing, so a cap set now is a fresh budget[jvm]","","2026-07-28","passed","2026-07-28","","CategoryCapCoverageTest[jvm]","com.georgeci.moneysurfer.domain.model.CategoryCapCoverageTest",""
"","8","Running carries id, reasons, scope, currentStep[jvm]","","2026-07-28","passed","2026-07-28","","SyncStateSpec[jvm]","com.georgeci.moneysurfer.sync.api.SyncStateSpec",""
"","39","UnsupportedAppVersion preserves message and is not retryable[jvm]","","2026-07-28","passed","2026-07-28","","SyncErrorSpec[jvm]","com.georgeci.moneysurfer.sync.api.SyncErrorSpec",""
"","44","requestSync completes with success for noop use cases[jvm]","","2026-07-28","passed","2026-07-28","","SyncCoordinatorImplSpec[jvm]","com.georgeci.moneysurfer.sync.coordinator.SyncCoordinatorImplSpec",""
"","6","goal details emit null once the goal is gone[jvm]","","2026-07-28","passed","2026-07-28","","SavingsGoalUseCaseTest[jvm]","com.georgeci.moneysurfer.domain.usecase.SavingsGoalUseCaseTest",""
"","10","observe maps rows to domain SyncMeta[jvm]","","2026-07-28","passed","2026-07-28","","SyncMetaRepositoryImplSpec[jvm]","com.georgeci.moneysurfer.sync.internal.repository.SyncMetaRepositoryImplSpec",""
"","6","online state shows the Members row action[jvm]","","2026-07-28","passed","2026-07-28","","WorkspaceSelectorStateOfflineTest[jvm]","com.georgeci.moneysurfer.feature.workspace.selector.WorkspaceSelectorStateOfflineTest",""
"","129","a layer holding nothing reads differently from one whose value the codec rejects[jvm]","","2026-07-28","passed","2026-07-28","","DebugConfigScreenStateTest[jvm]","com.georgeci.moneysurfer.ui.DebugConfigScreenStateTest",""
"","17","save is blocked with an inline error when a non-credit account has a negative balance[jvm]","","2026-07-28","passed","2026-07-28","","AccountCreationViewModelTest[jvm]","com.georgeci.moneysurfer.feature.account.creation.AccountCreationViewModelTest",""
"","17","unauthenticated user is denied","","2026-07-28","passed","2026-07-28","","workspaces/{wid}","workspaces/{wid} unauthenticated user is denied",""
"","14","getByEmail / getByTargetUserId resolve through their indexes[jvm]","","2026-07-28","passed","2026-07-28","","WorkspaceInviteRepositoryIntegrationIT[jvm]","com.georgeci.moneysurfer.integration.repository.WorkspaceInviteRepositoryIntegrationIT",""
"","13","a tombstone for a row this device never had creates nothing[jvm]","","2026-07-28","passed","2026-07-28","","TransactionTombstoneSyncIntegrationIT[jvm]","com.georgeci.moneysurfer.integration.sync.TransactionTombstoneSyncIntegrationIT",""
"","20","user can delete their own document","","2026-07-28","passed","2026-07-28","","users/{uid}","users/{uid} user can delete their own document",""
"","5","onSyncStarted runs without error[jvm]","","2026-07-28","passed","2026-07-28","","KermitSyncTelemetrySpec[jvm]","com.georgeci.moneysurfer.sync.internal.telemetry.KermitSyncTelemetrySpec",""
"","16","the result count is a real count over the draft, updated as it changes[jvm]","","2026-07-28","passed","2026-07-28","","TransactionFiltersViewModelTest[jvm]","com.georgeci.moneysurfer.feature.transaction.filters.TransactionFiltersViewModelTest",""
"","19","a user cannot write into another user's settings","","2026-07-28","passed","2026-07-28","","users/{uid}/config/{key}","users/{uid}/config/{key} a user cannot write into another user's settings",""
"","6","the legs are written through the change path, so the balance moves by the whole receipt[jvm]","","2026-07-28","passed","2026-07-28","","CreateSplitTransactionUseCaseTest[jvm]","com.georgeci.moneysurfer.domain.usecase.CreateSplitTransactionUseCaseTest",""
"","12","toString contains the id and entityType[jvm]","","2026-07-28","passed","2026-07-28","","PendingMutationSpec[jvm]","com.georgeci.moneysurfer.sync.repository.PendingMutationSpec",""
"","15","tapping the selected preset again returns the window to the pager[jvm]","","2026-07-28","passed","2026-07-28","","TransactionFiltersViewModelTest[jvm]","com.georgeci.moneysurfer.feature.transaction.filters.TransactionFiltersViewModelTest",""
"","6","redactEmail masks local part and domain but keeps a correlation hint[jvm]","","2026-07-28","passed","2026-07-28","","PiiRedactionTest[jvm]","com.georgeci.moneysurfer.domain.logging.PiiRedactionTest",""
"","5","SyncHandleStatus.Completed carries summary[jvm]","","2026-07-28","passed","2026-07-28","","SyncStateSpec[jvm]","com.georgeci.moneysurfer.sync.api.SyncStateSpec",""
"","2","blank remote tags are dropped rather than stored as empty segments[jvm]","","2026-07-28","passed","2026-07-28","","TransactionDtoMapperSpec[jvm]","com.georgeci.moneysurfer.data.sync.TransactionDtoMapperSpec",""
"","5","UploadOnly scope skips pull and recalc[jvm]","","2026-07-28","passed","2026-07-28","","SyncCoordinatorImplSpec[jvm]","com.georgeci.moneysurfer.sync.coordinator.SyncCoordinatorImplSpec",""
"","4","a workspace full of budgets that miss this category still leaves the control free[jvm]","","2026-07-28","passed","2026-07-28","","CategoryCapCoverageTest[jvm]","com.georgeci.moneysurfer.domain.model.CategoryCapCoverageTest",""
"","27","cross-currency transfer stores fromMoney/toMoney on respective legs with each account's currencyCode[jvm]","","2026-07-28","passed","2026-07-28","","TransferCreationIntegrationIT[jvm]","com.georgeci.moneysurfer.integration.repository.TransferCreationIntegrationIT",""
"","10","registers the pushed workspace under the signed-in user[jvm]","","2026-07-28","passed","2026-07-28","","WorkspaceRefRegistrarSpec[jvm]","com.georgeci.moneysurfer.data.sync.WorkspaceRefRegistrarSpec",""
"","908","submit button stays enabled on empty input so submitting can explain what is missing[jvm]","","2026-07-28","passed","2026-07-28","","SignInScreenStateTest[jvm]","com.georgeci.moneysurfer.ui.SignInScreenStateTest",""
"","1","the icon and hue catalogues are the same length, so a slot always resolves both[jvm]","","2026-07-28","passed","2026-07-28","","CategoryAppearanceTest[jvm]","com.georgeci.moneysurfer.domain.model.CategoryAppearanceTest",""
"","45","owner can hard-delete a goal and a contribution (purge path)","","2026-07-28","passed","2026-07-28","","savings goals (issue #244)","savings goals (issue #244) owner can hard-delete a goal and a contribution (purge path)",""
"","30","cancelling never writes the draft anywhere[jvm]","","2026-07-28","passed","2026-07-28","","TransactionFiltersViewModelTest[jvm]","com.georgeci.moneysurfer.feature.transaction.filters.TransactionFiltersViewModelTest",""
"","4","a malformed value is undecodable[jvm]","","2026-07-28","passed","2026-07-28","","PaletteSourceCodecTest[jvm]","com.georgeci.moneysurfer.data.config.PaletteSourceCodecTest",""
"","4","an already REMOVED member row is left untouched[jvm]","","2026-07-28","passed","2026-07-28","","UserAccountDeletionRepositoryImplTest[jvm]","com.georgeci.moneysurfer.data.repository.UserAccountDeletionRepositoryImplTest",""
"","12","a denied user-scoped collection is skipped instead of failing the pull[jvm]","","2026-07-28","passed","2026-07-28","","PullRemoteChangesUseCaseImplSpec[jvm]","com.georgeci.moneysurfer.data.sync.PullRemoteChangesUseCaseImplSpec",""
"","3","contains covers the start date but not the end date[jvm]","","2026-07-28","passed","2026-07-28","","BudgetPeriodWindowTest[jvm]","com.georgeci.moneysurfer.domain.util.BudgetPeriodWindowTest",""
"","38","invitee accept regression: real uid + gmail+alias email, full set()","","2026-07-28","passed","2026-07-28","","invites — update / delete","invites — update / delete invitee accept regression: real uid + gmail+alias email, full set()",""
"","3","'999999' -> '999999'[jvm]","","2026-07-28","passed","2026-07-28","","AmountInputTransformationTest[jvm]","com.georgeci.moneysurfer.utils.AmountInputTransformationTest",""
"","27","member can tombstone a goal via update","","2026-07-28","passed","2026-07-28","","savings goals (issue #244)","savings goals (issue #244) member can tombstone a goal via update",""
"","4","localized composeResources string files are discovered[jvm]","","2026-07-28","passed","2026-07-28","","StringResourceParityTest[jvm]","com.georgeci.moneysurfer.utils.StringResourceParityTest",""
"","0","an archived duplicate does not push the control read-only[jvm]","","2026-07-28","passed","2026-07-28","","CategoryCapCoverageTest[jvm]","com.georgeci.moneysurfer.domain.model.CategoryCapCoverageTest",""
"","8","creation state never shows the Members section[jvm]","","2026-07-28","passed","2026-07-28","","WorkspaceCreationStateOfflineTest[jvm]","com.georgeci.moneysurfer.feature.workspace.creation.WorkspaceCreationStateOfflineTest",""
"","20","an over-assigned remainder is not pinned onto the line that loses its place[jvm]","","2026-07-28","passed","2026-07-28","","TransactionCreationSplitTest[jvm]","com.georgeci.moneysurfer.feature.transaction.creation.TransactionCreationSplitTest",""
"","41","the CSV backup exports live rows only, and exports the row again once it is restored[jvm]","","2026-07-28","passed","2026-07-28","","TransactionSoftDeleteIntegrationIT[jvm]","com.georgeci.moneysurfer.integration.repository.TransactionSoftDeleteIntegrationIT",""
"","3","normalizing appends widgets a stored layout has never heard of[jvm]","","2026-07-28","passed","2026-07-28","","DashboardLayoutConfigTest[jvm]","com.georgeci.moneysurfer.domain.dashboard.DashboardLayoutConfigTest",""
"","7","rows name their account only where the list mixes several[jvm]","","2026-07-28","passed","2026-07-28","","TransactionsByAccountFilteringTest[jvm]","com.georgeci.moneysurfer.feature.transaction.list.TransactionsByAccountFilteringTest",""
"","4","enqueueDelete pushes a DELETE mutation[jvm]","","2026-07-28","passed","2026-07-28","","OutboxEnqueuerImplSpec[jvm]","com.georgeci.moneysurfer.sync.repository.OutboxEnqueuerImplSpec",""
"","5","Generic exception maps to Unknown[jvm]","","2026-07-28","passed","2026-07-28","","SyncErrorClassifierSpec[jvm]","com.georgeci.moneysurfer.data.sync.SyncErrorClassifierSpec",""
"","106","content stays composed underneath the error state[jvm]","","2026-07-28","passed","2026-07-28","","GlobalErrorBoundaryTest[jvm]","com.georgeci.moneysurfer.ui.GlobalErrorBoundaryTest",""
"","3","setCursor preserves attempt and success timestamps on existing row[jvm]","","2026-07-28","passed","2026-07-28","","SyncMetaRepositoryImplSpec[jvm]","com.georgeci.moneysurfer.sync.internal.repository.SyncMetaRepositoryImplSpec",""
"","0","older layouts keep their own field count when a newer one exists[jvm]","","2026-07-28","passed","2026-07-28","","TransactionCsvCodecTest[jvm]","com.georgeci.moneysurfer.domain.csv.TransactionCsvCodecTest",""
"","12","getByWorkspaceId returns ACTIVE and soft-deleted rows alike (UI filters by status)[jvm]","","2026-07-28","passed","2026-07-28","","WorkspaceMemberRepositoryIntegrationIT[jvm]","com.georgeci.moneysurfer.integration.repository.WorkspaceMemberRepositoryIntegrationIT",""
"","61","plain backups report isPassphraseProtected = false and import unchanged[jvm]","","2026-07-28","passed","2026-07-28","","BackupEncryptedRoundTripJvmTest[jvm]","com.georgeci.moneysurfer.data.backup.BackupEncryptedRoundTripJvmTest",""
"","22","a 1360 dp desktop window at 2x density reports Large[jvm]","","2026-07-28","passed","2026-07-28","","SurferWindowSizeCompositionTest[jvm]","com.georgeci.moneysurfer.ui.SurferWindowSizeCompositionTest",""
"","2","re-currencies accounts still on the previous workspace currency[jvm]","","2026-07-28","passed","2026-07-28","","UpdateWorkspaceCurrencyUseCaseTest[jvm]","com.georgeci.moneysurfer.domain.usecase.UpdateWorkspaceCurrencyUseCaseTest",""
"","7","unparseable operation instant is rejected as invalid operation_at[jvm]","","2026-07-28","passed","2026-07-28","","TransactionCsvCodecTest[jvm]","com.georgeci.moneysurfer.domain.csv.TransactionCsvCodecTest",""
"","12","matches the merchant column, not just the note[jvm]","","2026-07-28","passed","2026-07-28","","TransactionFtsIntegrationIT[jvm]","com.georgeci.moneysurfer.integration.repository.TransactionFtsIntegrationIT",""
"","0","no account priceable in the base leaves no headline at all[jvm]","","2026-07-28","passed","2026-07-28","","ConvertAccountsTotalUseCaseTest[jvm]","com.georgeci.moneysurfer.domain.usecase.ConvertAccountsTotalUseCaseTest",""
"","13","picking a From date is itself the switch to a custom range[jvm]","","2026-07-28","passed","2026-07-28","","TransactionFiltersViewModelTest[jvm]","com.georgeci.moneysurfer.feature.transaction.filters.TransactionFiltersViewModelTest",""
"","4","returns null when decode throws SerializationException (wrong field type)[jvm]","","2026-07-28","passed","2026-07-28","","DecodeOrNullSpec[jvm]","com.georgeci.moneysurfer.data.sync.plugin.DecodeOrNullSpec",""
"","10","the screen opens on what is currently applied, not on a blank slate[jvm]","","2026-07-28","passed","2026-07-28","","TransactionFiltersViewModelTest[jvm]","com.georgeci.moneysurfer.feature.transaction.filters.TransactionFiltersViewModelTest",""
"","18","import skips duplicate ids inside the same file[jvm]","","2026-07-28","passed","2026-07-28","","ExportImportTransactionsUseCaseTest[jvm]","com.georgeci.moneysurfer.domain.csv.ExportImportTransactionsUseCaseTest",""
"","19","a goal round-trips through the wire format[jvm]","","2026-07-28","passed","2026-07-28","","GoalDtoMapperSpec[jvm]","com.georgeci.moneysurfer.data.sync.GoalDtoMapperSpec",""
"","46","create stores the account[jvm]","","2026-07-28","passed","2026-07-28","","AccountWriteUseCasesTest[jvm]","com.georgeci.moneysurfer.domain.usecase.AccountWriteUseCasesTest",""
"","39","update blocked when clientVersionCode is missing on the resulting doc","","2026-07-28","passed","2026-07-28","","invites — update / delete","invites — update / delete update blocked when clientVersionCode is missing on the resulting doc",""
"","0","delete actual income unwinds impact[jvm]","","2026-07-28","passed","2026-07-28","","CalculateBalanceDeltaTest[jvm]","com.georgeci.moneysurfer.domain.model.CalculateBalanceDeltaTest",""
"","26","accepts a null splitId","","2026-07-28","passed","2026-07-28","","entity write-shape validation (issue #156)","entity write-shape validation (issue #156) accepts a null splitId",""
"","1","a Sunday anchor still belongs to the week that started the previous Monday[jvm]","","2026-07-28","passed","2026-07-28","","TransactionPeriodWindowTest[jvm]","com.georgeci.moneysurfer.domain.util.TransactionPeriodWindowTest",""
"","42","invitee cannot flip ACCEPTED → DECLINED (terminal state immutable)","","2026-07-28","passed","2026-07-28","","invites — update / delete","invites — update / delete invitee cannot flip ACCEPTED → DECLINED (terminal state immutable)",""
"","10","deleting returns the removed goal[jvm]","","2026-07-28","passed","2026-07-28","","SavingsGoalUseCaseTest[jvm]","com.georgeci.moneysurfer.domain.usecase.SavingsGoalUseCaseTest",""
"","1","a tag containing the in-cell separator survives instead of splitting in two[jvm]","","2026-07-28","passed","2026-07-28","","TransactionCsvCodecTest[jvm]","com.georgeci.moneysurfer.domain.csv.TransactionCsvCodecTest",""
"","3","workspace root document is applied before subcollection plugins[jvm]","","2026-07-28","passed","2026-07-28","","PullRemoteChangesUseCaseImplSpec[jvm]","com.georgeci.moneysurfer.data.sync.PullRemoteChangesUseCaseImplSpec",""
"","1","CompositeCancelToken with empty children treats as cancelled[jvm]","","2026-07-28","passed","2026-07-28","","SyncCancelTokenSpec[jvm]","com.georgeci.moneysurfer.sync.api.SyncCancelTokenSpec",""
"","3","a hand-typed code is trimmed and upcased[jvm]","","2026-07-28","passed","2026-07-28","","CurrencyCodeCodecTest[jvm]","com.georgeci.moneysurfer.data.config.CurrencyCodeCodecTest",""
"","13","the offline build still carries an edited account's extra details through a save[jvm]","","2026-07-28","passed","2026-07-28","","AccountCreationViewModelTest[jvm]","com.georgeci.moneysurfer.feature.account.creation.AccountCreationViewModelTest",""
"","1","a split leg's group id round-trips through the wire format[jvm]","","2026-07-28","passed","2026-07-28","","TransactionDtoMapperSpec[jvm]","com.georgeci.moneysurfer.data.sync.TransactionDtoMapperSpec",""
"","1","a tag cell ending in a dangling escape keeps it as a literal character[jvm]","","2026-07-28","passed","2026-07-28","","TransactionCsvCodecTest[jvm]","com.georgeci.moneysurfer.domain.csv.TransactionCsvCodecTest",""
"","6","email-already-in-use classifies as EmailAlreadyInUse[jvm]","","2026-07-28","passed","2026-07-28","","AuthErrorClassificationTest[jvm]","com.georgeci.moneysurfer.data.repository.AuthErrorClassificationTest",""
"","22","a denied subcollection query skips the rest of that workspace[jvm]","","2026-07-28","passed","2026-07-28","","PullRemoteChangesUseCaseImplSpec[jvm]","com.georgeci.moneysurfer.data.sync.PullRemoteChangesUseCaseImplSpec",""
"","1","the Medium band runs from its lower bound up to the Expanded bound[jvm]","","2026-07-28","passed","2026-07-28","","SurferWindowSizeTest[jvm]","com.georgeci.moneysurfer.uikit.window.SurferWindowSizeTest",""
"","0","keeps only hex digits from a non-UUID id[jvm]","","2026-07-28","passed","2026-07-28","","TransactionReferenceTest[jvm]","com.georgeci.moneysurfer.domain.model.TransactionReferenceTest",""
"","6","enqueueUpsert rejects DELETE operation[jvm]","","2026-07-28","passed","2026-07-28","","OutboxEnqueuerSpec[jvm]","com.georgeci.moneysurfer.data.sync.OutboxEnqueuerSpec",""
"","1","drops blank entries[jvm]","","2026-07-28","passed","2026-07-28","","TransactionTagsTest[jvm]","com.georgeci.moneysurfer.domain.model.TransactionTagsTest",""
"","4","a push that reports nothing landed registers no ref, even with a Firebase uid[jvm]","","2026-07-28","passed","2026-07-28","","CreateWorkspaceUseCaseTest[jvm]","com.georgeci.moneysurfer.domain.usecase.CreateWorkspaceUseCaseTest",""
"","39","owner can self-create their own OWNER row on workspace creation (no invite)","","2026-07-28","passed","2026-07-28","","workspaces/{wid}/members/{uid}","workspaces/{wid}/members/{uid} owner can self-create their own OWNER row on workspace creation (no invite)",""
"","2","dark scheme: paired on/container tokens clear AA[jvm]","","2026-07-28","passed","2026-07-28","","ColorContrastTest[jvm]","com.georgeci.moneysurfer.uikit.theme.ColorContrastTest",""
