"DESCRIPTION","DURATION IN MS","NAME","PARENT SUITE","START TIME","STATUS","STOP TIME","SUB SUITE","SUITE","TEST CLASS","TEST METHOD"
"","5","trims name and description before insert[jvm]","","2026-07-16","passed","2026-07-16","","CreateWorkspaceUseCaseTest[jvm]","com.georgeci.moneysurfer.domain.usecase.CreateWorkspaceUseCaseTest",""
"","5","remote calls fire in strict order: syncWorkspace → addWorkspaceRef → setDefaultWorkspace[jvm]","","2026-07-16","passed","2026-07-16","","CreateWorkspaceUseCaseTest[jvm]","com.georgeci.moneysurfer.domain.usecase.CreateWorkspaceUseCaseTest",""
"","61","signed-in user can read a userEmails doc by exact key","","2026-07-18","passed","2026-07-18","","userEmails/{email}","userEmails/{email} signed-in user can read a userEmails doc by exact key",""
"","5","PullingRemoteChanges title[jvm]","","2026-07-16","passed","2026-07-16","","SyncStepSpec[jvm]","com.georgeci.moneysurfer.sync.api.SyncStepSpec",""
"","14","cancel transitions status to CANCELLED[jvm]","","2026-07-16","passed","2026-07-16","","WorkspaceInviteRepositoryDualWriteSpec[jvm]","com.georgeci.moneysurfer.data.repository.WorkspaceInviteRepositoryDualWriteSpec",""
"","6","cancelAll cancels running and queued[jvm]","","2026-07-16","passed","2026-07-16","","SyncCoordinatorImplSpec[jvm]","com.georgeci.moneysurfer.sync.coordinator.SyncCoordinatorImplSpec",""
"","2","opening_balance is excluded from income/expense[jvm]","","2026-07-16","passed","2026-07-16","","PeriodTotalsTest[jvm]","com.georgeci.moneysurfer.domain.model.PeriodTotalsTest",""
"","28","blank stored falls back to operationAt in UTC[jvm]","","2026-07-16","passed","2026-07-16","","ResolveLegacyOperationDateTest[jvm]","com.georgeci.moneysurfer.data.repository.ResolveLegacyOperationDateTest",""
"","5","recalc skipped when downloadedCount == 0[jvm]","","2026-07-16","passed","2026-07-16","","SyncCoordinatorImplSpec[jvm]","com.georgeci.moneysurfer.sync.coordinator.SyncCoordinatorImplSpec",""
"","27","Idle is a singleton object[jvm]","","2026-07-16","passed","2026-07-16","","SyncStateSpec[jvm]","com.georgeci.moneysurfer.sync.api.SyncStateSpec",""
"","31","invite sender can append one wid to recipient invitedWorkspaceIds","","2026-07-18","passed","2026-07-18","","users/{uid} — invitedWorkspaceIds cross-user append","users/{uid} — invitedWorkspaceIds cross-user append invite sender can append one wid to recipient invitedWorkspaceIds",""
"","7","cancel handle during pending finalizes immediately[jvm]","","2026-07-16","passed","2026-07-16","","SyncCoordinatorImplSpec[jvm]","com.georgeci.moneysurfer.sync.coordinator.SyncCoordinatorImplSpec",""
"","97","an oversized source is rejected without being fully read into memory[jvm]","","2026-07-16","passed","2026-07-16","","ExportImportTransactionsUseCaseTest[jvm]","com.georgeci.moneysurfer.domain.csv.ExportImportTransactionsUseCaseTest",""
"","18","ActiveWorkspace scope pulls the workspace pinned in the session[jvm]","","2026-07-16","passed","2026-07-16","","NewWorkspacePullIntegrationIT[jvm]","com.georgeci.moneysurfer.integration.sync.NewWorkspacePullIntegrationIT",""
"","10","missing manifest entry surfaces InvalidArchive[jvm]","","2026-07-16","passed","2026-07-16","","BackupImporterImplJvmTest[jvm]","com.georgeci.moneysurfer.data.backup.BackupImporterImplJvmTest",""
"","89","offline build resolves OfflineBuildFlags with isOffline true()[jvm]","","2026-07-17","passed","2026-07-17","","OfflineBuildFlagsTest[jvm]","com.georgeci.moneysurfer.offline.di.OfflineBuildFlagsTest",""
"","22","user can self-update status to LEFT","","2026-07-18","passed","2026-07-18","","workspaces/{wid}/members/{uid}","workspaces/{wid}/members/{uid} user can self-update status to LEFT",""
"","0","ProjectionSummary carries the recalculated count[jvm]","","2026-07-16","passed","2026-07-16","","ProjectionSpec[jvm]","com.georgeci.moneysurfer.sync.projection.ProjectionSpec",""
"","8","empty list yields zero totals[jvm]","","2026-07-16","passed","2026-07-16","","PeriodTotalsTest[jvm]","com.georgeci.moneysurfer.domain.model.PeriodTotalsTest",""
"","23","upsert in demo session writes DAO but skips outbox[jvm]","","2026-07-16","passed","2026-07-16","","WorkspaceInviteRepositoryDualWriteSpec[jvm]","com.georgeci.moneysurfer.data.repository.WorkspaceInviteRepositoryDualWriteSpec",""
"","3","returns Right for a Workspace scope[jvm]","","2026-07-16","passed","2026-07-16","","NoOpRecalculateLocalProjectionsUseCaseSpec[jvm]","com.georgeci.moneysurfer.sync.internal.usecase.NoOpRecalculateLocalProjectionsUseCaseSpec",""
"","8","format from minor units correctly[jvm]","","2026-07-16","passed","2026-07-16","","MoneyFormatterTest[jvm]","com.georgeci.moneysurfer.domain.MoneyFormatterTest",""
"","2","SerializationException maps to Unknown[jvm]","","2026-07-16","passed","2026-07-16","","SyncErrorClassifierSpec[jvm]","com.georgeci.moneysurfer.data.sync.SyncErrorClassifierSpec",""
"","1","ConflictMetadata exposes its fields[jvm]","","2026-07-16","passed","2026-07-16","","ConflictResolverSpec[jvm]","com.georgeci.moneysurfer.sync.repository.ConflictResolverSpec",""
"","4","isEnabled returns false when firebaseUid is empty string[jvm]","","2026-07-16","passed","2026-07-16","","OutboxEnqueuerSpec[jvm]","com.georgeci.moneysurfer.data.sync.OutboxEnqueuerSpec",""
"","15","stamps targetUserId from userEmails mapping[jvm]","","2026-07-16","passed","2026-07-16","","SendInviteUseCaseTest[jvm]","com.georgeci.moneysurfer.domain.usecase.SendInviteUseCaseTest",""
"","11","wipes Room and clears flag when hasUsedDemo is true[jvm]","","2026-07-16","passed","2026-07-16","","WipeDemoDataUseCaseSpec[jvm]","com.georgeci.moneysurfer.domain.usecase.WipeDemoDataUseCaseSpec",""
"","16","SyncHandleStatus.Queued is singleton[jvm]","","2026-07-16","passed","2026-07-16","","SyncStateSpec[jvm]","com.georgeci.moneysurfer.sync.api.SyncStateSpec",""
"","2","happy path: editor can leave[jvm]","","2026-07-16","passed","2026-07-16","","LeaveWorkspaceUseCaseTest[jvm]","com.georgeci.moneysurfer.domain.usecase.LeaveWorkspaceUseCaseTest",""
"","33","user can write their own email mapping","","2026-07-18","passed","2026-07-18","","userEmails/{email}","userEmails/{email} user can write their own email mapping",""
"","10","note with commas quotes and newlines survives a full CSV round-trip[jvm]","","2026-07-16","passed","2026-07-16","","TransactionCsvCodecTest[jvm]","com.georgeci.moneysurfer.domain.csv.TransactionCsvCodecTest",""
"","1","remote newer than local → take remote[jvm]","","2026-07-16","passed","2026-07-16","","LwwConflictResolverSpec[jvm]","com.georgeci.moneysurfer.sync.repository.LwwConflictResolverSpec",""
"","2","opening_balance contributes +amount on its account[jvm]","","2026-07-16","passed","2026-07-16","","BalanceImpactTest[jvm]","com.georgeci.moneysurfer.domain.model.BalanceImpactTest",""
"","5","rejects same-account transfer[jvm]","","2026-07-16","passed","2026-07-16","","CreateTransferUseCaseTest[jvm]","com.georgeci.moneysurfer.domain.usecase.CreateTransferUseCaseTest",""
"","23","user can create their own document","","2026-07-18","passed","2026-07-18","","users/{uid}","users/{uid} user can create their own document",""
"","67","client cannot write app config (Console-only)","","2026-07-18","passed","2026-07-18","","appConfig/{docId}","appConfig/{docId} client cannot write app config (Console-only)",""
"","39","rows referencing unknown workspace account or category are reported per row[jvm]","","2026-07-16","passed","2026-07-16","","ExportImportTransactionsUseCaseTest[jvm]","com.georgeci.moneysurfer.domain.csv.ExportImportTransactionsUseCaseTest",""
"","2","balanceImpact uses abs(money) so legacy signed money still produces correct sign[jvm]","","2026-07-16","passed","2026-07-16","","BalanceImpactTest[jvm]","com.georgeci.moneysurfer.domain.model.BalanceImpactTest",""
"","26","signed-in user can create a workspace they own","","2026-07-18","passed","2026-07-18","","workspaces/{wid}","workspaces/{wid} signed-in user can create a workspace they own",""
"","2","equal timestamps → take local (stable, no-op re-pull)[jvm]","","2026-07-16","passed","2026-07-16","","LwwConflictResolverSpec[jvm]","com.georgeci.moneysurfer.sync.repository.LwwConflictResolverSpec",""
"","97","member can read","","2026-07-18","passed","2026-07-18","","member-gated entities (accounts)","member-gated entities (accounts) member can read",""
"","3","clearAll wipes outbox before sync_meta[jvm]","","2026-07-16","passed","2026-07-16","","RemoteDataResetRepositoryImplSpec[jvm]","com.georgeci.moneysurfer.sync.repository.RemoteDataResetRepositoryImplSpec",""
"","21","returns null when decode throws SerializationException (wrong field type)[jvm]","","2026-07-16","passed","2026-07-16","","DecodeOrNullSpec[jvm]","com.georgeci.moneysurfer.data.sync.plugin.DecodeOrNullSpec",""
"","8","income and expense aggregate separately[jvm]","","2026-07-16","passed","2026-07-16","","PeriodTotalsTest[jvm]","com.georgeci.moneysurfer.domain.model.PeriodTotalsTest",""
"","37","dispatches each mutation to the plugin matching its entityType[jvm]","","2026-07-16","passed","2026-07-16","","UploadPendingChangesUseCaseImplSpec[jvm]","com.georgeci.moneysurfer.data.sync.UploadPendingChangesUseCaseImplSpec",""
"","28","non-member cannot tombstone an account","","2026-07-18","passed","2026-07-18","","tombstone update shape (push-side soft delete)","tombstone update shape (push-side soft delete) non-member cannot tombstone an account",""
"","2","actual → planned unwinds impact[jvm]","","2026-07-16","passed","2026-07-16","","ApplyTransactionChangeUseCaseTest[jvm]","com.georgeci.moneysurfer.domain.usecase.ApplyTransactionChangeUseCaseTest",""
"","87","recipient can collection-group query by targetUserId","","2026-07-18","passed","2026-07-18","","invites — read","invites — read recipient can collection-group query by targetUserId",""
"","5","ignores planned rows[jvm]","","2026-07-16","passed","2026-07-16","","RecalculateAccountBalanceUseCaseTest[jvm]","com.georgeci.moneysurfer.domain.usecase.RecalculateAccountBalanceUseCaseTest",""
"","1","addUpload accumulates uploadedCount[jvm]","","2026-07-16","passed","2026-07-16","","SyncSummaryBuilderSpec[jvm]","com.georgeci.moneysurfer.sync.api.SyncSummaryBuilderSpec",""
"","4","repeat delete (null/null) is a no-op[jvm]","","2026-07-16","passed","2026-07-16","","ApplyTransactionChangeUseCaseTest[jvm]","com.georgeci.moneysurfer.domain.usecase.ApplyTransactionChangeUseCaseTest",""
"","10","creates workspace, default categories, and a Cash account on first run[jvm]","","2026-07-16","passed","2026-07-16","","SeedDefaultsUseCaseTest[jvm]","com.georgeci.moneysurfer.domain.usecase.SeedDefaultsUseCaseTest",""
"","4","archive on already-archived account is a no-op success[jvm]","","2026-07-16","passed","2026-07-16","","ArchiveAccountUseCaseTest[jvm]","com.georgeci.moneysurfer.domain.usecase.ArchiveAccountUseCaseTest",""
"","6","create expense → -impact[jvm]","","2026-07-16","passed","2026-07-16","","CalculateBalanceDeltaTest[jvm]","com.georgeci.moneysurfer.domain.model.CalculateBalanceDeltaTest",""
"","33","owner can promote a member's role","","2026-07-18","passed","2026-07-18","","workspaces/{wid}/members/{uid}","workspaces/{wid}/members/{uid} owner can promote a member's role",""
"","5","Unknown preserves cause and is retryable[jvm]","","2026-07-16","passed","2026-07-16","","SyncErrorSpec[jvm]","com.georgeci.moneysurfer.sync.api.SyncErrorSpec",""
"","24","member cannot tombstone another member's row","","2026-07-18","passed","2026-07-18","","tombstone update shape (push-side soft delete)","tombstone update shape (push-side soft delete) member cannot tombstone another member's row",""
"","0","empty set is Indefinite[jvm]","","2026-07-16","passed","2026-07-16","","NetworkWaitModeSpec[jvm]","com.georgeci.moneysurfer.sync.network.NetworkWaitModeSpec",""
"","11","null in -> null out[jvm]","","2026-07-16","passed","2026-07-16","","TimeFormatterTest[jvm]","com.georgeci.moneysurfer.data.repository.TimeFormatterTest",""
"","5","default constructor builds an active scope[jvm]","","2026-07-16","passed","2026-07-16","","ApplicationScopeSpec[jvm]","com.georgeci.moneysurfer.sync.runtime.ApplicationScopeSpec",""
"","23","still pins workspace and succeeds when addWorkspaceRef throws[jvm]","","2026-07-16","passed","2026-07-16","","CreateWorkspaceUseCaseTest[jvm]","com.georgeci.moneysurfer.domain.usecase.CreateWorkspaceUseCaseTest",""
"","2","PermissionDenied is not retryable[jvm]","","2026-07-16","passed","2026-07-16","","SyncErrorSpec[jvm]","com.georgeci.moneysurfer.sync.api.SyncErrorSpec",""
"","26","transaction stores its own currencyCode independent of the account's currency[jvm]","","2026-07-16","passed","2026-07-16","","TransactionCreationIntegrationIT[jvm]","com.georgeci.moneysurfer.integration.repository.TransactionCreationIntegrationIT",""
"","6","redactEmail handles a domain without a dot[jvm]","","2026-07-16","passed","2026-07-16","","PiiRedactionTest[jvm]","com.georgeci.moneysurfer.domain.logging.PiiRedactionTest",""
"","17","returns null when decode throws a ClassCastException (platform decoder mismatch)[jvm]","","2026-07-16","passed","2026-07-16","","DecodeOrNullSpec[jvm]","com.georgeci.moneysurfer.data.sync.plugin.DecodeOrNullSpec",""
"","0","'.' -> '.'[jvm]","","2026-07-18","passed","2026-07-18","","AmountInputTransformationTest[jvm]","com.georgeci.moneysurfer.utils.AmountInputTransformationTest",""
"","11","SyncHandleStatus.Completed carries summary[jvm]","","2026-07-16","passed","2026-07-16","","SyncStateSpec[jvm]","com.georgeci.moneysurfer.sync.api.SyncStateSpec",""
"","116","SimpleCancelToken starts not cancelled[jvm]","","2026-07-16","passed","2026-07-16","","SyncCancelTokenSpec[jvm]","com.georgeci.moneysurfer.sync.api.SyncCancelTokenSpec",""
"","8","DELETE mutation persists and is readable[jvm]","","2026-07-16","passed","2026-07-16","","PendingMutationQueueImplSpec[jvm]","com.georgeci.moneysurfer.data.sync.PendingMutationQueueImplSpec",""
"","4","times by zero is zero even for an out-of-cap magnitude[jvm]","","2026-07-16","passed","2026-07-16","","MoneyTest[jvm]","com.georgeci.moneysurfer.domain.primitives.MoneyTest",""
"","29","user cannot map a foreign uid to their own email","","2026-07-18","passed","2026-07-18","","userEmails/{email}","userEmails/{email} user cannot map a foreign uid to their own email",""
"","4","Supported app version lets the sync run normally[jvm]","","2026-07-16","passed","2026-07-16","","SyncCoordinatorImplSpec[jvm]","com.georgeci.moneysurfer.sync.coordinator.SyncCoordinatorImplSpec",""
"","0","explicit overrides are exposed[jvm]","","2026-07-16","passed","2026-07-16","","SyncConstraintsSpec[jvm]","com.georgeci.moneysurfer.sync.scheduler.SyncConstraintsSpec",""
"","10","syncAll is a no-op when the sync feature flag is disabled[jvm]","","2026-07-16","passed","2026-07-16","","SyncCoordinatorWorkspaceSyncerSpec[jvm]","com.georgeci.moneysurfer.data.sync.SyncCoordinatorWorkspaceSyncerSpec",""
"","4","running state emits step progression and reaches Completed[jvm]","","2026-07-16","passed","2026-07-16","","SyncCoordinatorImplSpec[jvm]","com.georgeci.moneysurfer.sync.coordinator.SyncCoordinatorImplSpec",""
"","34","patch stamps deletedAt and updatedAt from the mutation enqueue time[jvm]","","2026-07-16","passed","2026-07-16","","TombstonePatchSpec[jvm]","com.georgeci.moneysurfer.data.sync.plugin.TombstonePatchSpec",""
"","46","member can read the workspace invite roster","","2026-07-18","passed","2026-07-18","","invites — read","invites — read member can read the workspace invite roster",""
"","6","income contributes +amount on its account[jvm]","","2026-07-16","passed","2026-07-16","","BalanceImpactTest[jvm]","com.georgeci.moneysurfer.domain.model.BalanceImpactTest",""
"","81","demoOnly is true only when demo is the single enabled entry point()[jvm]","","2026-07-17","passed","2026-07-17","","SignInFeatureConfigTest[jvm]","com.georgeci.moneysurfer.feature.login.SignInFeatureConfigTest",""
"","5","transactions outside the period are skipped[jvm]","","2026-07-16","passed","2026-07-16","","PeriodTotalsTest[jvm]","com.georgeci.moneysurfer.domain.model.PeriodTotalsTest",""
"","2","NetworkUnavailable is retryable[jvm]","","2026-07-16","passed","2026-07-16","","SyncErrorSpec[jvm]","com.georgeci.moneysurfer.sync.api.SyncErrorSpec",""
"","16","addWorkspaceRef failure does not block setDefaultWorkspace[jvm]","","2026-07-16","passed","2026-07-16","","CreateWorkspaceUseCaseTest[jvm]","com.georgeci.moneysurfer.domain.usecase.CreateWorkspaceUseCaseTest",""
"","36","accepts a nullable field set explicitly to null (deletedAt)","","2026-07-18","passed","2026-07-18","","entity write-shape validation (issue #156)","entity write-shape validation (issue #156) accepts a nullable field set explicitly to null (deletedAt)",""
"","6","delete unwinds impact and removes the row[jvm]","","2026-07-16","passed","2026-07-16","","ApplyTransactionChangeUseCaseTest[jvm]","com.georgeci.moneysurfer.domain.usecase.ApplyTransactionChangeUseCaseTest",""
"","12","transfer with from == to throws IllegalArgumentException[jvm]","","2026-07-16","passed","2026-07-16","","TransferCreationIntegrationIT[jvm]","com.georgeci.moneysurfer.integration.repository.TransferCreationIntegrationIT",""
"","2","markSuccess only updates the success column[jvm]","","2026-07-16","passed","2026-07-16","","SyncMetaRepositoryImplSpec[jvm]","com.georgeci.moneysurfer.sync.internal.repository.SyncMetaRepositoryImplSpec",""
"","1","SyncMeta copy override changes targeted field only[jvm]","","2026-07-16","passed","2026-07-16","","SyncMetaRepositorySpec[jvm]","com.georgeci.moneysurfer.sync.repository.SyncMetaRepositorySpec",""
"","7","leftAt path keeps role unchanged and status flipped to LEFT[jvm]","","2026-07-16","passed","2026-07-16","","WorkspaceMemberRepositoryIntegrationIT[jvm]","com.georgeci.moneysurfer.integration.repository.WorkspaceMemberRepositoryIntegrationIT",""
"","3","pending() default limit forwards DEFAULT_BATCH_LIMIT[jvm]","","2026-07-16","passed","2026-07-16","","PendingMutationQueueSpec[jvm]","com.georgeci.moneysurfer.sync.repository.PendingMutationQueueSpec",""
"","2","redactUid returns a fixed marker for blank input[jvm]","","2026-07-16","passed","2026-07-16","","PiiRedactionTest[jvm]","com.georgeci.moneysurfer.domain.logging.PiiRedactionTest",""
"","128","cancelAllQueued with empty queue is a no-op[jvm]","","2026-07-16","passed","2026-07-16","","SyncCoordinatorImplBranchSpec[jvm]","com.georgeci.moneysurfer.sync.coordinator.SyncCoordinatorImplBranchSpec",""
"","2","throwIfCancelled throws when cancelled[jvm]","","2026-07-16","passed","2026-07-16","","SyncCancelTokenSpec[jvm]","com.georgeci.moneysurfer.sync.api.SyncCancelTokenSpec",""
"","0","'.5' -> '.5'[jvm]","","2026-07-18","passed","2026-07-18","","AmountInputTransformationTest[jvm]","com.georgeci.moneysurfer.utils.AmountInputTransformationTest",""
"","1","local newer than remote → take local[jvm]","","2026-07-16","passed","2026-07-16","","LwwConflictResolverSpec[jvm]","com.georgeci.moneysurfer.sync.repository.LwwConflictResolverSpec",""
"","206","format negative amount[jvm]","","2026-07-16","passed","2026-07-16","","MoneyFormatterTest[jvm]","com.georgeci.moneysurfer.domain.MoneyFormatterTest",""
"","100","UploadingEntity title carries entity, current, total[jvm]","","2026-07-16","passed","2026-07-16","","SyncStepSpec[jvm]","com.georgeci.moneysurfer.sync.api.SyncStepSpec",""
"","5","Failed title carries error[jvm]","","2026-07-16","passed","2026-07-16","","SyncStepSpec[jvm]","com.georgeci.moneysurfer.sync.api.SyncStepSpec",""
"","1","SyncMeta supports null timestamps for fresh workspaces[jvm]","","2026-07-16","passed","2026-07-16","","SyncMetaRepositorySpec[jvm]","com.georgeci.moneysurfer.sync.repository.SyncMetaRepositorySpec",""
"","6","mergeScope ChangedSinceLastSync above UploadOnly[jvm]","","2026-07-16","passed","2026-07-16","","SyncScopeSpec[jvm]","com.georgeci.moneysurfer.sync.api.SyncScopeSpec",""
"","5","existing install with a pinned workspace keeps the user's currency choice and does not re-login[jvm]","","2026-07-17","passed","2026-07-17","","OfflineFirstRunSeederTest[jvm]","com.georgeci.moneysurfer.offline.firstrun.OfflineFirstRunSeederTest",""
"","2","explicit value is preserved[jvm]","","2026-07-16","passed","2026-07-16","","SyncRequestIdSpec[jvm]","com.georgeci.moneysurfer.sync.api.SyncRequestIdSpec",""
"","1","abs of an ordinary negative amount is its magnitude[jvm]","","2026-07-16","passed","2026-07-16","","MoneyTest[jvm]","com.georgeci.moneysurfer.domain.primitives.MoneyTest",""
"","9","enqueueUpsert rejects DELETE operation[jvm]","","2026-07-16","passed","2026-07-16","","OutboxEnqueuerSpec[jvm]","com.georgeci.moneysurfer.data.sync.OutboxEnqueuerSpec",""
"","4","lastOutcome records failure when use case returns Left[jvm]","","2026-07-16","passed","2026-07-16","","SyncCoordinatorImplSpec[jvm]","com.georgeci.moneysurfer.sync.coordinator.SyncCoordinatorImplSpec",""
"","4","Generic exception maps to Unknown[jvm]","","2026-07-16","passed","2026-07-16","","SyncErrorClassifierSpec[jvm]","com.georgeci.moneysurfer.data.sync.SyncErrorClassifierSpec",""
"","4","handle cancel of unknown id is a no-op[jvm]","","2026-07-16","passed","2026-07-16","","SyncCoordinatorImplBranchSpec[jvm]","com.georgeci.moneysurfer.sync.coordinator.SyncCoordinatorImplBranchSpec",""
"","4","archive missing the DataStore entry surfaces MissingFile[jvm]","","2026-07-16","passed","2026-07-16","","BackupImporterImplJvmTest[jvm]","com.georgeci.moneysurfer.data.backup.BackupImporterImplJvmTest",""
"","1","CompositeCancelToken cancel propagates to all children[jvm]","","2026-07-16","passed","2026-07-16","","SyncCancelTokenSpec[jvm]","com.georgeci.moneysurfer.sync.api.SyncCancelTokenSpec",""
"","1","offline build resolves SyncFeatureFlag disabled()[jvm]","","2026-07-17","passed","2026-07-17","","OfflineSignInFeatureConfigTest[jvm]","com.georgeci.moneysurfer.offline.di.OfflineSignInFeatureConfigTest",""
"","10","promotes editor to owner[jvm]","","2026-07-16","passed","2026-07-16","","ChangeMemberRoleUseCaseTest[jvm]","com.georgeci.moneysurfer.domain.usecase.ChangeMemberRoleUseCaseTest",""
"","2","blank -> null[jvm]","","2026-07-16","passed","2026-07-16","","TimeFormatterTest[jvm]","com.georgeci.moneysurfer.data.repository.TimeFormatterTest",""
"","8","pending returns empty when queue is empty[jvm]","","2026-07-16","passed","2026-07-16","","PendingMutationQueueImplSpec[jvm]","com.georgeci.moneysurfer.data.sync.PendingMutationQueueImplSpec",""
"","542","OnTermsClick emits a NavigateToLegal side effect[jvm]","","2026-07-17","passed","2026-07-17","","SignInViewModelTest[jvm]","com.georgeci.moneysurfer.feature.login.SignInViewModelTest",""
"","31","invitee cannot tombstone a PENDING invite (known limitation: only status transitions)","","2026-07-18","passed","2026-07-18","","tombstone update shape (push-side soft delete)","tombstone update shape (push-side soft delete) invitee cannot tombstone a PENDING invite (known limitation: only status transitions)",""
"","4","enqueueDelete writes DELETE mutation[jvm]","","2026-07-16","passed","2026-07-16","","OutboxEnqueuerSpec[jvm]","com.georgeci.moneysurfer.data.sync.OutboxEnqueuerSpec",""
"","7","RecalculatingProjections title[jvm]","","2026-07-16","passed","2026-07-16","","SyncStepSpec[jvm]","com.georgeci.moneysurfer.sync.api.SyncStepSpec",""
"","13","is a no-op when the requested currency already matches[jvm]","","2026-07-16","passed","2026-07-16","","UpdateWorkspaceCurrencyUseCaseTest[jvm]","com.georgeci.moneysurfer.domain.usecase.UpdateWorkspaceCurrencyUseCaseTest",""
"","3","redactEmail never leaks the raw address[jvm]","","2026-07-16","passed","2026-07-16","","PiiRedactionTest[jvm]","com.georgeci.moneysurfer.domain.logging.PiiRedactionTest",""
"","33","format GBP with UK locale[jvm]","","2026-07-16","passed","2026-07-16","","MoneyFormatterTest[jvm]","com.georgeci.moneysurfer.domain.MoneyFormatterTest",""
"","2","schedulePeriodic uses default constraints when none supplied[jvm]","","2026-07-16","passed","2026-07-16","","BackgroundSyncSchedulerSpec[jvm]","com.georgeci.moneysurfer.sync.scheduler.BackgroundSyncSchedulerSpec",""
"","11","amount_minor beyond the domain cap is rejected as invalid amount_minor[jvm]","","2026-07-16","passed","2026-07-16","","TransactionCsvCodecTest[jvm]","com.georgeci.moneysurfer.domain.csv.TransactionCsvCodecTest",""
"","0","scheduleOneShot uses default constraints when none supplied[jvm]","","2026-07-16","passed","2026-07-16","","BackgroundSyncSchedulerSpec[jvm]","com.georgeci.moneysurfer.sync.scheduler.BackgroundSyncSchedulerSpec",""
"","2","Started title[jvm]","","2026-07-16","passed","2026-07-16","","SyncStepSpec[jvm]","com.georgeci.moneysurfer.sync.api.SyncStepSpec",""
"","1","opening_balance behaves as a regular ACTUAL for cache[jvm]","","2026-07-16","passed","2026-07-16","","ApplyTransactionChangeUseCaseTest[jvm]","com.georgeci.moneysurfer.domain.usecase.ApplyTransactionChangeUseCaseTest",""
"","84","every EN string key has a RU counterpart and vice-versa[jvm]","","2026-07-18","passed","2026-07-18","","StringResourceParityTest[jvm]","com.georgeci.moneysurfer.utils.StringResourceParityTest",""
"","7","Cancelled title and default summary[jvm]","","2026-07-16","passed","2026-07-16","","SyncStepSpec[jvm]","com.georgeci.moneysurfer.sync.api.SyncStepSpec",""
"","20","user cannot read another user's document","","2026-07-18","passed","2026-07-18","","users/{uid}","users/{uid} user cannot read another user's document",""
"","72","archive flips archived flag[jvm]","","2026-07-16","passed","2026-07-16","","ArchiveAccountUseCaseTest[jvm]","com.georgeci.moneysurfer.domain.usecase.ArchiveAccountUseCaseTest",""
"","2","no enqueue when uid is empty string[jvm]","","2026-07-16","passed","2026-07-16","","OutboxEnqueuerImplSpec[jvm]","com.georgeci.moneysurfer.sync.repository.OutboxEnqueuerImplSpec",""
"","29","user can read their own document","","2026-07-18","passed","2026-07-18","","users/{uid}","users/{uid} user can read their own document",""
"","48","invited user CAN self-create referencing an already-ACCEPTED invite (push-order/idempotent)","","2026-07-18","passed","2026-07-18","","workspaces/{wid}/members/{uid}","workspaces/{wid}/members/{uid} invited user CAN self-create referencing an already-ACCEPTED invite (push-order/idempotent)",""
"","34","existing user with explicit defaultWorkspaceId is preserved[jvm]","","2026-07-16","passed","2026-07-16","","PostAuthBootstrapUseCaseTest[jvm]","com.georgeci.moneysurfer.domain.usecase.PostAuthBootstrapUseCaseTest",""
"","23","user CANNOT self-promote their role","","2026-07-18","passed","2026-07-18","","workspaces/{wid}/members/{uid}","workspaces/{wid}/members/{uid} user CANNOT self-promote their role",""
"","1","move expense from A to B unwinds A and applies B[jvm]","","2026-07-16","passed","2026-07-16","","CalculateBalanceDeltaTest[jvm]","com.georgeci.moneysurfer.domain.model.CalculateBalanceDeltaTest",""
"","105","row referencing a missing account is reported and not inserted[jvm]","","2026-07-16","passed","2026-07-16","","CsvBackupIntegrationIT[jvm]","com.georgeci.moneysurfer.integration.repository.CsvBackupIntegrationIT",""
"","23","non-owner member cannot tombstone the workspace root doc","","2026-07-18","passed","2026-07-18","","tombstone update shape (push-side soft delete)","tombstone update shape (push-side soft delete) non-owner member cannot tombstone the workspace root doc",""
"","9","re-currencies accounts still on the previous workspace currency[jvm]","","2026-07-16","passed","2026-07-16","","UpdateWorkspaceCurrencyUseCaseTest[jvm]","com.georgeci.moneysurfer.domain.usecase.UpdateWorkspaceCurrencyUseCaseTest",""
"","2","reason mapping for user-initiated reasons is Indefinite[jvm]","","2026-07-16","passed","2026-07-16","","NetworkWaitModeSpec[jvm]","com.georgeci.moneysurfer.sync.network.NetworkWaitModeSpec",""
"","12","markLeft soft-deletes: status LEFT, leftAt set, enqueues UPDATE[jvm]","","2026-07-16","passed","2026-07-16","","WorkspaceMemberRepositoryDualWriteSpec[jvm]","com.georgeci.moneysurfer.data.repository.WorkspaceMemberRepositoryDualWriteSpec",""
"","10","case-insensitive email match[jvm]","","2026-07-16","passed","2026-07-16","","AcceptInviteUseCaseTest[jvm]","com.georgeci.moneysurfer.domain.usecase.AcceptInviteUseCaseTest",""
"","38","relaunch is idempotent — no duplicate workspace or Cash account[jvm]","","2026-07-17","passed","2026-07-17","","OfflineFirstRunSeederTest[jvm]","com.georgeci.moneysurfer.offline.firstrun.OfflineFirstRunSeederTest",""
"","14","insert with unknown workspaceId is allowed (no FK on workspace_invites.workspaceId)[jvm]","","2026-07-16","passed","2026-07-16","","WorkspaceInviteRepositoryIntegrationIT[jvm]","com.georgeci.moneysurfer.integration.repository.WorkspaceInviteRepositoryIntegrationIT",""
"","4","enqueueUpsert rejects DELETE — must call enqueueDelete instead[jvm]","","2026-07-16","passed","2026-07-16","","OutboxEnqueuerImplSpec[jvm]","com.georgeci.moneysurfer.sync.repository.OutboxEnqueuerImplSpec",""
"","39","owner can remove entries from their own invitedWorkspaceIds","","2026-07-18","passed","2026-07-18","","users/{uid} — invitedWorkspaceIds cross-user append","users/{uid} — invitedWorkspaceIds cross-user append owner can remove entries from their own invitedWorkspaceIds",""
"","2","moving expense between accounts unwinds old and applies new[jvm]","","2026-07-16","passed","2026-07-16","","ApplyTransactionChangeUseCaseTest[jvm]","com.georgeci.moneysurfer.domain.usecase.ApplyTransactionChangeUseCaseTest",""
"","19","soft-delete via upsert sets status REMOVED and stamps removedAt without erasing the row[jvm]","","2026-07-16","passed","2026-07-16","","WorkspaceMemberRepositoryIntegrationIT[jvm]","com.georgeci.moneysurfer.integration.repository.WorkspaceMemberRepositoryIntegrationIT",""
"","1","redactEmail returns a fixed marker for malformed input[jvm]","","2026-07-16","passed","2026-07-16","","PiiRedactionTest[jvm]","com.georgeci.moneysurfer.domain.logging.PiiRedactionTest",""
"","3","expense contributes -amount on its account[jvm]","","2026-07-16","passed","2026-07-16","","BalanceImpactTest[jvm]","com.georgeci.moneysurfer.domain.model.BalanceImpactTest",""
"","348","patch fields overlaid on each entity doc decode as a pull-side tombstone[jvm]","","2026-07-16","passed","2026-07-16","","TombstonePatchSpec[jvm]","com.georgeci.moneysurfer.data.sync.plugin.TombstonePatchSpec",""
"","11","CRC corruption is rejected[jvm]","","2026-07-16","passed","2026-07-16","","BackupImporterImplJvmTest[jvm]","com.georgeci.moneysurfer.data.backup.BackupImporterImplJvmTest",""
"","16","rejects when invite is expired[jvm]","","2026-07-16","passed","2026-07-16","","AcceptInviteUseCaseTest[jvm]","com.georgeci.moneysurfer.domain.usecase.AcceptInviteUseCaseTest",""
"","4","NoOpNetworkMonitor reports always-online[jvm]","","2026-07-16","passed","2026-07-16","","NoOpNetworkMonitorSpec[jvm]","com.georgeci.moneysurfer.sync.internal.network.NoOpNetworkMonitorSpec",""
"","71","member can create","","2026-07-18","passed","2026-07-18","","member-gated entities (accounts)","member-gated entities (accounts) member can create",""
"","49","non-member cannot create","","2026-07-18","passed","2026-07-18","","member-gated entities (accounts)","member-gated entities (accounts) non-member cannot create",""
"","1","onSyncCancelled runs without error[jvm]","","2026-07-16","passed","2026-07-16","","KermitSyncTelemetrySpec[jvm]","com.georgeci.moneysurfer.sync.internal.telemetry.KermitSyncTelemetrySpec",""
"","5","setCursor inserts a fresh row when none exists[jvm]","","2026-07-16","passed","2026-07-16","","SyncMetaRepositoryImplSpec[jvm]","com.georgeci.moneysurfer.sync.internal.repository.SyncMetaRepositoryImplSpec",""
"","8","invited-workspaces phase is skipped without a Firebase uid[jvm]","","2026-07-16","passed","2026-07-16","","PullRemoteChangesUseCaseImplSpec[jvm]","com.georgeci.moneysurfer.data.sync.PullRemoteChangesUseCaseImplSpec",""
"","23","non-member cannot get the workspace doc","","2026-07-18","passed","2026-07-18","","workspaces/{wid}","workspaces/{wid} non-member cannot get the workspace doc",""
"","1","ConflictResolution.TakeLocal carries the local value[jvm]","","2026-07-16","passed","2026-07-16","","ConflictResolverSpec[jvm]","com.georgeci.moneysurfer.sync.repository.ConflictResolverSpec",""
"","25","non-invited stranger CANNOT self-create a member row","","2026-07-18","passed","2026-07-18","","workspaces/{wid}/members/{uid}","workspaces/{wid}/members/{uid} non-invited stranger CANNOT self-create a member row",""
"","2","reader rejects unsupported compression method[jvm]","","2026-07-16","passed","2026-07-16","","ZipStoredCodecTest[jvm]","com.georgeci.moneysurfer.data.backup.ZipStoredCodecTest",""
"","9","rejects when caller is not OWNER[jvm]","","2026-07-16","passed","2026-07-16","","RemoveMemberUseCaseTest[jvm]","com.georgeci.moneysurfer.domain.usecase.RemoveMemberUseCaseTest",""
"","3","ProjectionScope.All is a singleton[jvm]","","2026-07-16","passed","2026-07-16","","ProjectionSpec[jvm]","com.georgeci.moneysurfer.sync.projection.ProjectionSpec",""
"","29","member can get the workspace doc","","2026-07-18","passed","2026-07-18","","workspaces/{wid}","workspaces/{wid} member can get the workspace doc",""
"","6","malformed -> null[jvm]","","2026-07-16","passed","2026-07-16","","TimeFormatterTest[jvm]","com.georgeci.moneysurfer.data.repository.TimeFormatterTest",""
"","4","enqueueUpsert is a no-op when demo session[jvm]","","2026-07-16","passed","2026-07-16","","OutboxEnqueuerSpec[jvm]","com.georgeci.moneysurfer.data.sync.OutboxEnqueuerSpec",""
"","1","restore on already-active account is a no-op success[jvm]","","2026-07-16","passed","2026-07-16","","ArchiveAccountUseCaseTest[jvm]","com.georgeci.moneysurfer.domain.usecase.ArchiveAccountUseCaseTest",""
"","38","empty outbox returns zero uploads without touching in-flight state[jvm]","","2026-07-16","passed","2026-07-16","","UploadPendingChangesUseCaseImplSpec[jvm]","com.georgeci.moneysurfer.data.sync.UploadPendingChangesUseCaseImplSpec",""
"","24","recipient without email claim can still query by targetUserId","","2026-07-18","passed","2026-07-18","","invites — read","invites — read recipient without email claim can still query by targetUserId",""
"","43","update blocked when clientVersionCode is missing on the resulting doc","","2026-07-18","passed","2026-07-18","","invites — update / delete","invites — update / delete update blocked when clientVersionCode is missing on the resulting doc",""
"","24","unauthenticated user cannot append to invitedWorkspaceIds","","2026-07-18","passed","2026-07-18","","users/{uid} — invitedWorkspaceIds cross-user append","users/{uid} — invitedWorkspaceIds cross-user append unauthenticated user cannot append to invitedWorkspaceIds",""
"","28","enqueue persists a row with PENDING status[jvm]","","2026-07-16","passed","2026-07-16","","PendingMutationQueueImplSpec[jvm]","com.georgeci.moneysurfer.data.sync.PendingMutationQueueImplSpec",""
"","10","localized composeResources string files are discovered[jvm]","","2026-07-18","passed","2026-07-18","","StringResourceParityTest[jvm]","com.georgeci.moneysurfer.utils.StringResourceParityTest",""
"","3","ConflictResolution.Skip is a singleton[jvm]","","2026-07-16","passed","2026-07-16","","ConflictResolverSpec[jvm]","com.georgeci.moneysurfer.sync.repository.ConflictResolverSpec",""
"","3","setCursor preserves attempt and success timestamps on existing row[jvm]","","2026-07-16","passed","2026-07-16","","SyncMetaRepositoryImplSpec[jvm]","com.georgeci.moneysurfer.sync.internal.repository.SyncMetaRepositoryImplSpec",""
"","1","set merge picks smallest bounded timeout[jvm]","","2026-07-16","passed","2026-07-16","","NetworkWaitModeSpec[jvm]","com.georgeci.moneysurfer.sync.network.NetworkWaitModeSpec",""
"","10","markCompleted removes rows from pending()[jvm]","","2026-07-16","passed","2026-07-16","","PendingMutationQueueIntegrationIT[jvm]","com.georgeci.moneysurfer.integration.sync.PendingMutationQueueIntegrationIT",""
"","4","addRecalculated accumulates recalculatedCount[jvm]","","2026-07-16","passed","2026-07-16","","SyncSummaryBuilderSpec[jvm]","com.georgeci.moneysurfer.sync.api.SyncSummaryBuilderSpec",""
"","2","markInFlight is a no-op for empty list[jvm]","","2026-07-16","passed","2026-07-16","","PendingMutationQueueImplSpec[jvm]","com.georgeci.moneysurfer.sync.internal.repository.PendingMutationQueueImplSpec",""
"","0","copy preserves equality[jvm]","","2026-07-16","passed","2026-07-16","","SyncConstraintsSpec[jvm]","com.georgeci.moneysurfer.sync.scheduler.SyncConstraintsSpec",""
"","198","UploadOnly scope pulls nothing[jvm]","","2026-07-16","passed","2026-07-16","","PullRemoteChangesUseCaseImplSpec[jvm]","com.georgeci.moneysurfer.data.sync.PullRemoteChangesUseCaseImplSpec",""
"","3","arithmetic within the domain cap stays exact[jvm]","","2026-07-16","passed","2026-07-16","","MoneyTest[jvm]","com.georgeci.moneysurfer.domain.primitives.MoneyTest",""
"","11","markRemoved soft-deletes: status REMOVED, removedAt set, enqueues UPDATE[jvm]","","2026-07-16","passed","2026-07-16","","WorkspaceMemberRepositoryDualWriteSpec[jvm]","com.georgeci.moneysurfer.data.repository.WorkspaceMemberRepositoryDualWriteSpec",""
"","29","rejects a poison update of an existing account (balance as string)","","2026-07-18","passed","2026-07-18","","entity write-shape validation (issue #156)","entity write-shape validation (issue #156) rejects a poison update of an existing account (balance as string)",""
"","2","debug builds keep verbose logging[jvm]","","2026-07-16","passed","2026-07-16","","LoggingConfigTest[jvm]","com.georgeci.moneysurfer.domain.logging.LoggingConfigTest",""
"","23","demo session (no Firebase uid) writes local rows but keeps the outbox empty[jvm]","","2026-07-16","passed","2026-07-16","","WorkspaceCreationSyncIntegrationIT[jvm]","com.georgeci.moneysurfer.integration.sync.WorkspaceCreationSyncIntegrationIT",""
"","2","abs(money) handles legacy signed expense correctly[jvm]","","2026-07-16","passed","2026-07-16","","PeriodTotalsTest[jvm]","com.georgeci.moneysurfer.domain.model.PeriodTotalsTest",""
"","4","pending returns rows sorted by createdAt ascending[jvm]","","2026-07-16","passed","2026-07-16","","PendingMutationQueueImplSpec[jvm]","com.georgeci.moneysurfer.sync.internal.repository.PendingMutationQueueImplSpec",""
"","11","reads the outbox with the default batch limit[jvm]","","2026-07-16","passed","2026-07-16","","UploadPendingChangesUseCaseImplSpec[jvm]","com.georgeci.moneysurfer.data.sync.UploadPendingChangesUseCaseImplSpec",""
"","0","'999999' -> '999999'[jvm]","","2026-07-18","passed","2026-07-18","","AmountInputTransformationTest[jvm]","com.georgeci.moneysurfer.utils.AmountInputTransformationTest",""
"","7","rejects when a PENDING invite for the email already exists[jvm]","","2026-07-16","passed","2026-07-16","","SendInviteUseCaseTest[jvm]","com.georgeci.moneysurfer.domain.usecase.SendInviteUseCaseTest",""
"","9","cancellation between documents aborts the pull[jvm]","","2026-07-16","passed","2026-07-16","","PullRemoteChangesUseCaseImplSpec[jvm]","com.georgeci.moneysurfer.data.sync.PullRemoteChangesUseCaseImplSpec",""
"","56","cancelAllQueued cancels queued requests but keeps the running one[jvm]","","2026-07-16","passed","2026-07-16","","SyncCoordinatorImplBranchSpec[jvm]","com.georgeci.moneysurfer.sync.coordinator.SyncCoordinatorImplBranchSpec",""
"","34","non-member is blocked from recurringRules","","2026-07-18","passed","2026-07-18","","member-gated entities (smoke for the rest)","member-gated entities (smoke for the rest) non-member is blocked from recurringRules",""
"","2","deterministic — same input gives same output[jvm]","","2026-07-16","passed","2026-07-16","","LwwConflictResolverSpec[jvm]","com.georgeci.moneysurfer.sync.repository.LwwConflictResolverSpec",""
"","49","invitee can re-push the same terminal status (idempotent)","","2026-07-18","passed","2026-07-18","","invites — update / delete","invites — update / delete invitee can re-push the same terminal status (idempotent)",""
"","26","a foreign CSV header fails the whole import[jvm]","","2026-07-16","passed","2026-07-16","","ExportImportTransactionsUseCaseTest[jvm]","com.georgeci.moneysurfer.domain.csv.ExportImportTransactionsUseCaseTest",""
"","16","unparseable amount is rejected as invalid amount_minor[jvm]","","2026-07-16","passed","2026-07-16","","TransactionCsvCodecTest[jvm]","com.georgeci.moneysurfer.domain.csv.TransactionCsvCodecTest",""
"","4","upload progress emits UploadingEntity into running state[jvm]","","2026-07-16","passed","2026-07-16","","SyncCoordinatorImplBranchSpec[jvm]","com.georgeci.moneysurfer.sync.coordinator.SyncCoordinatorImplBranchSpec",""
"","37","from wraps single request as merged with one child[jvm]","","2026-07-16","passed","2026-07-16","","MergedSyncRequestSpec[jvm]","com.georgeci.moneysurfer.sync.coordinator.MergedSyncRequestSpec",""
"","3","DELETE operation roundtrips through the entity layer[jvm]","","2026-07-16","passed","2026-07-16","","PendingMutationQueueImplSpec[jvm]","com.georgeci.moneysurfer.sync.internal.repository.PendingMutationQueueImplSpec",""
"","95","first sync hydrates the new workspace root before its subcollections[jvm]","","2026-07-16","passed","2026-07-16","","NewWorkspacePullIntegrationIT[jvm]","com.georgeci.moneysurfer.integration.sync.NewWorkspacePullIntegrationIT",""
"","6","plus that overflows Long throws instead of wrapping[jvm]","","2026-07-16","passed","2026-07-16","","MoneyTest[jvm]","com.georgeci.moneysurfer.domain.primitives.MoneyTest",""
"","49","invitee accept regression: real uid + gmail+alias email, full set()","","2026-07-18","passed","2026-07-18","","invites — update / delete","invites — update / delete invitee accept regression: real uid + gmail+alias email, full set()",""
"","27","recipient can collection-group query by email","","2026-07-18","passed","2026-07-18","","invites — read","invites — read recipient can collection-group query by email",""
"","4","PUSH_INVITES sits between PUSH_MEMBERS and PUSH_ACCOUNTS[jvm]","","2026-07-16","passed","2026-07-16","","SyncStepOrderTest[jvm]","com.georgeci.moneysurfer.domain.model.SyncStepOrderTest",""
"","9","LastSyncOutcome.Failed carries error and timestamp[jvm]","","2026-07-16","passed","2026-07-16","","SyncStateSpec[jvm]","com.georgeci.moneysurfer.sync.api.SyncStateSpec",""
"","1","mergeScope UploadOnly with UploadOnly stays UploadOnly[jvm]","","2026-07-16","passed","2026-07-16","","SyncScopeSpec[jvm]","com.georgeci.moneysurfer.sync.api.SyncScopeSpec",""
"","2","all counters compose into one summary[jvm]","","2026-07-16","passed","2026-07-16","","SyncSummaryBuilderSpec[jvm]","com.georgeci.moneysurfer.sync.api.SyncSummaryBuilderSpec",""
"","10","surfaces remote lookup failure as RemoteSyncFailed[jvm]","","2026-07-16","passed","2026-07-16","","SendInviteUseCaseTest[jvm]","com.georgeci.moneysurfer.domain.usecase.SendInviteUseCaseTest",""
"","26","list/scan is denied — prevents email enumeration","","2026-07-18","passed","2026-07-18","","userEmails/{email}","userEmails/{email} list/scan is denied — prevents email enumeration",""
"","1","demoOnly is false when email-password is also enabled()[jvm]","","2026-07-17","passed","2026-07-17","","SignInFeatureConfigTest[jvm]","com.georgeci.moneysurfer.feature.login.SignInFeatureConfigTest",""
"","13","import skips duplicate ids inside the same file[jvm]","","2026-07-16","passed","2026-07-16","","ExportImportTransactionsUseCaseTest[jvm]","com.georgeci.moneysurfer.domain.csv.ExportImportTransactionsUseCaseTest",""
"","5","fresh repository starts empty[jvm]","","2026-07-16","passed","2026-07-16","","SyncMetaRepositoryImplSpec[jvm]","com.georgeci.moneysurfer.data.sync.SyncMetaRepositoryImplSpec",""
"","57","EXPENSE creation persists row and decreases account balance by amount[jvm]","","2026-07-16","passed","2026-07-16","","TransactionCreationIntegrationIT[jvm]","com.georgeci.moneysurfer.integration.repository.TransactionCreationIntegrationIT",""
"","0","set merge with only Indefinite reasons stays Indefinite[jvm]","","2026-07-16","passed","2026-07-16","","NetworkWaitModeSpec[jvm]","com.georgeci.moneysurfer.sync.network.NetworkWaitModeSpec",""
"","0","'.99' -> '.99'[jvm]","","2026-07-18","passed","2026-07-18","","AmountInputTransformationTest[jvm]","com.georgeci.moneysurfer.utils.AmountInputTransformationTest",""
"","2","rejects when target is not a member[jvm]","","2026-07-16","passed","2026-07-16","","RemoveMemberUseCaseTest[jvm]","com.georgeci.moneysurfer.domain.usecase.RemoveMemberUseCaseTest",""
"","121","rejects when no current user[jvm]","","2026-07-16","passed","2026-07-16","","AcceptInviteUseCaseTest[jvm]","com.georgeci.moneysurfer.domain.usecase.AcceptInviteUseCaseTest",""
"","1","MutationOperation enumerates INSERT, UPDATE, DELETE[jvm]","","2026-07-16","passed","2026-07-16","","PendingMutationSpec[jvm]","com.georgeci.moneysurfer.sync.repository.PendingMutationSpec",""
"","30","re-currencies the seeded account so the Dashboard total follows the choice[jvm]","","2026-07-16","passed","2026-07-16","","WorkspaceCurrencyIntegrationIT[jvm]","com.georgeci.moneysurfer.integration.repository.WorkspaceCurrencyIntegrationIT",""
"","7","malformed stored falls back to operationAt in UTC[jvm]","","2026-07-16","passed","2026-07-16","","ResolveLegacyOperationDateTest[jvm]","com.georgeci.moneysurfer.data.repository.ResolveLegacyOperationDateTest",""
"","59","member can create + read in recurringRules","","2026-07-18","passed","2026-07-18","","member-gated entities (smoke for the rest)","member-gated entities (smoke for the rest) member can create + read in recurringRules",""
"","44","applyDelta updates balance without touching currency[jvm]","","2026-07-16","passed","2026-07-16","","AccountCreationIntegrationIT[jvm]","com.georgeci.moneysurfer.integration.repository.AccountCreationIntegrationIT",""
"","2","AuthRequired is not retryable[jvm]","","2026-07-16","passed","2026-07-16","","SyncErrorSpec[jvm]","com.georgeci.moneysurfer.sync.api.SyncErrorSpec",""
"","27","invitee cannot transition to a terminal state other than ACCEPTED/DECLINED","","2026-07-18","passed","2026-07-18","","invites — update / delete","invites — update / delete invitee cannot transition to a terminal state other than ACCEPTED/DECLINED",""
"","0","'007' (leading zeros)[jvm]","","2026-07-18","passed","2026-07-18","","AmountInputTransformationTest[jvm]","com.georgeci.moneysurfer.utils.AmountInputTransformationTest",""
"","46","non-member cannot read","","2026-07-18","passed","2026-07-18","","member-gated entities (accounts)","member-gated entities (accounts) non-member cannot read",""
"","42","an evicted (REMOVED) member can no longer read the roster","","2026-07-18","passed","2026-07-18","","workspaces/{wid}/members/{uid}","workspaces/{wid}/members/{uid} an evicted (REMOVED) member can no longer read the roster",""
"","7","schema-version mismatch surfaces SchemaMismatch[jvm]","","2026-07-16","passed","2026-07-16","","BackupImporterImplJvmTest[jvm]","com.georgeci.moneysurfer.data.backup.BackupImporterImplJvmTest",""
"","2","redactUid fully masks short values[jvm]","","2026-07-16","passed","2026-07-16","","PiiRedactionTest[jvm]","com.georgeci.moneysurfer.domain.logging.PiiRedactionTest",""
"","17","markFailed returns row to PENDING with attempts incremented[jvm]","","2026-07-16","passed","2026-07-16","","PendingMutationQueueImplSpec[jvm]","com.georgeci.moneysurfer.data.sync.PendingMutationQueueImplSpec",""
"","3","retrying the same mutation produces an identical patch[jvm]","","2026-07-16","passed","2026-07-16","","TombstonePatchSpec[jvm]","com.georgeci.moneysurfer.data.sync.plugin.TombstonePatchSpec",""
"","87","string resources use only indexed placeholders[jvm]","","2026-07-18","passed","2026-07-18","","StringResourcePlaceholderTest[jvm]","com.georgeci.moneysurfer.utils.StringResourcePlaceholderTest",""
"","1","'42.50' -> '42.50'[jvm]","","2026-07-18","passed","2026-07-18","","AmountInputTransformationTest[jvm]","com.georgeci.moneysurfer.utils.AmountInputTransformationTest",""
"","2","PULL order is workspace → members → invites → accounts → categories → transactions[jvm]","","2026-07-16","passed","2026-07-16","","SyncStepOrderTest[jvm]","com.georgeci.moneysurfer.domain.model.SyncStepOrderTest",""
"","39","non-member is blocked from transactions","","2026-07-18","passed","2026-07-18","","member-gated entities (smoke for the rest)","member-gated entities (smoke for the rest) non-member is blocked from transactions",""
"","32","empty archive surfaces InvalidArchive[jvm]","","2026-07-16","passed","2026-07-16","","BackupImporterImplJvmTest[jvm]","com.georgeci.moneysurfer.data.backup.BackupImporterImplJvmTest",""
"","22","hard-delete is denied for everyone (including owner)","","2026-07-18","passed","2026-07-18","","invites — update / delete","invites — update / delete hard-delete is denied for everyone (including owner)",""
"","24","enqueue then pending() returns the row in createdAt order[jvm]","","2026-07-16","passed","2026-07-16","","PendingMutationQueueIntegrationIT[jvm]","com.georgeci.moneysurfer.integration.sync.PendingMutationQueueIntegrationIT",""
"","1","fields are exposed[jvm]","","2026-07-16","passed","2026-07-16","","PendingMutationSpec[jvm]","com.georgeci.moneysurfer.sync.repository.PendingMutationSpec",""
"","4","merge keeps narrower scope when both narrow[jvm]","","2026-07-16","passed","2026-07-16","","MergedSyncRequestSpec[jvm]","com.georgeci.moneysurfer.sync.coordinator.MergedSyncRequestSpec",""
"","7","quoted field with embedded newline advances the row number by one record[jvm]","","2026-07-16","passed","2026-07-16","","TransactionCsvCodecTest[jvm]","com.georgeci.moneysurfer.domain.csv.TransactionCsvCodecTest",""
"","6","create income → +impact[jvm]","","2026-07-16","passed","2026-07-16","","CalculateBalanceDeltaTest[jvm]","com.georgeci.moneysurfer.domain.model.CalculateBalanceDeltaTest",""
"","1","epochMillis=1700000000000[jvm]","","2026-07-16","passed","2026-07-16","","TimeFormatterTest[jvm]","com.georgeci.moneysurfer.data.repository.TimeFormatterTest",""
"","46","round-trip preserves all fields[jvm]","","2026-07-16","passed","2026-07-16","","PendingMutationQueueImplSpec[jvm]","com.georgeci.moneysurfer.data.sync.PendingMutationQueueImplSpec",""
"","11","happy path: persists PENDING invite with TTL and lowercase email[jvm]","","2026-07-16","passed","2026-07-16","","SendInviteUseCaseTest[jvm]","com.georgeci.moneysurfer.domain.usecase.SendInviteUseCaseTest",""
"","50","returns the decoded value when the document is well-formed[jvm]","","2026-07-16","passed","2026-07-16","","DecodeOrNullSpec[jvm]","com.georgeci.moneysurfer.data.sync.plugin.DecodeOrNullSpec",""
"","43","invitee cannot flip ACCEPTED → DECLINED (terminal state immutable)","","2026-07-18","passed","2026-07-18","","invites — update / delete","invites — update / delete invitee cannot flip ACCEPTED → DECLINED (terminal state immutable)",""
"","2","missing local row → take remote[jvm]","","2026-07-16","passed","2026-07-16","","LwwConflictResolverSpec[jvm]","com.georgeci.moneysurfer.sync.repository.LwwConflictResolverSpec",""
"","152","format EUR with German locale[jvm]","","2026-07-16","passed","2026-07-16","","MoneyFormatterTest[jvm]","com.georgeci.moneysurfer.domain.MoneyFormatterTest",""
"","24","user can update their own document","","2026-07-18","passed","2026-07-18","","users/{uid}","users/{uid} user can update their own document",""
"","1","ConflictResolution.Merged carries the merged value[jvm]","","2026-07-16","passed","2026-07-16","","ConflictResolverSpec[jvm]","com.georgeci.moneysurfer.sync.repository.ConflictResolverSpec",""
"","4","Enqueue merges into existing pending request[jvm]","","2026-07-16","passed","2026-07-16","","SyncCoordinatorImplBranchSpec[jvm]","com.georgeci.moneysurfer.sync.coordinator.SyncCoordinatorImplBranchSpec",""
"","11","format large amount[jvm]","","2026-07-16","passed","2026-07-16","","MoneyFormatterTest[jvm]","com.georgeci.moneysurfer.domain.MoneyFormatterTest",""
"","6","LastSyncOutcome.None is singleton[jvm]","","2026-07-16","passed","2026-07-16","","SyncStateSpec[jvm]","com.georgeci.moneysurfer.sync.api.SyncStateSpec",""
"","0","iso=1970-01-01[jvm]","","2026-07-16","passed","2026-07-16","","TimeFormatterTest[jvm]","com.georgeci.moneysurfer.data.repository.TimeFormatterTest",""
"","51","member can update","","2026-07-18","passed","2026-07-18","","member-gated entities (accounts)","member-gated entities (accounts) member can update",""
"","43","owner can create a PENDING invite stamped with their uid","","2026-07-18","passed","2026-07-18","","invites — write","invites — write owner can create a PENDING invite stamped with their uid",""
"","3","tolerates DECLINED/CANCELLED past invites for the email[jvm]","","2026-07-16","passed","2026-07-16","","SendInviteUseCaseTest[jvm]","com.georgeci.moneysurfer.domain.usecase.SendInviteUseCaseTest",""
"","1","ignores a cancel token that is already cancelled (NoOp does no work)[jvm]","","2026-07-16","passed","2026-07-16","","NoOpRecalculateLocalProjectionsUseCaseSpec[jvm]","com.georgeci.moneysurfer.sync.internal.usecase.NoOpRecalculateLocalProjectionsUseCaseSpec",""
"","17","AllUserData additionally pulls invites from workspaces the user is invited to[jvm]","","2026-07-16","passed","2026-07-16","","PullRemoteChangesUseCaseImplSpec[jvm]","com.georgeci.moneysurfer.data.sync.PullRemoteChangesUseCaseImplSpec",""
"","17","setCursor preserves earlier markAttempt / markSuccess timestamps[jvm]","","2026-07-16","passed","2026-07-16","","SyncMetaRepositoryImplSpec[jvm]","com.georgeci.moneysurfer.data.sync.SyncMetaRepositoryImplSpec",""
"","3","markAttempt only updates the attempt column[jvm]","","2026-07-16","passed","2026-07-16","","SyncMetaRepositoryImplSpec[jvm]","com.georgeci.moneysurfer.sync.internal.repository.SyncMetaRepositoryImplSpec",""
"","39","non-owner cannot edit another member's row","","2026-07-18","passed","2026-07-18","","workspaces/{wid}/members/{uid}","workspaces/{wid}/members/{uid} non-owner cannot edit another member's row",""
"","5","build returns zeros by default[jvm]","","2026-07-16","passed","2026-07-16","","SyncSummaryBuilderSpec[jvm]","com.georgeci.moneysurfer.sync.api.SyncSummaryBuilderSpec",""
"","26","sender cannot touch any other field alongside invitedWorkspaceIds","","2026-07-18","passed","2026-07-18","","users/{uid} — invitedWorkspaceIds cross-user append","users/{uid} — invitedWorkspaceIds cross-user append sender cannot touch any other field alongside invitedWorkspaceIds",""
"","1","reason mapping for BACKGROUND is Bounded(5m)[jvm]","","2026-07-16","passed","2026-07-16","","NetworkWaitModeSpec[jvm]","com.georgeci.moneysurfer.sync.network.NetworkWaitModeSpec",""
"","150","valid stored ISO is preserved[jvm]","","2026-07-16","passed","2026-07-16","","ResolveLegacyOperationDateTest[jvm]","com.georgeci.moneysurfer.data.repository.ResolveLegacyOperationDateTest",""
"","44","member can tombstone an account","","2026-07-18","passed","2026-07-18","","tombstone update shape (push-side soft delete)","tombstone update shape (push-side soft delete) member can tombstone an account",""
"","0","'1.2.3' (multiple dots)[jvm]","","2026-07-18","passed","2026-07-18","","AmountInputTransformationTest[jvm]","com.georgeci.moneysurfer.utils.AmountInputTransformationTest",""
"","38","transfer auto-seeds Transfer category with systemKind=TRANSFER on first call and reuses it on subsequent calls[jvm]","","2026-07-16","passed","2026-07-16","","TransferCreationIntegrationIT[jvm]","com.georgeci.moneysurfer.integration.repository.TransferCreationIntegrationIT",""
"","10","first pull starts from cursor 0 and advances the cursor to the newest doc[jvm]","","2026-07-16","passed","2026-07-16","","PullRemoteChangesUseCaseImplSpec[jvm]","com.georgeci.moneysurfer.data.sync.PullRemoteChangesUseCaseImplSpec",""
"","63","strings.xml files are discovered[jvm]","","2026-07-18","passed","2026-07-18","","StringResourcePlaceholderTest[jvm]","com.georgeci.moneysurfer.utils.StringResourcePlaceholderTest",""
"","24","user without an email claim (e.g. anonymous) cannot write","","2026-07-18","passed","2026-07-18","","userEmails/{email}","userEmails/{email} user without an email claim (e.g. anonymous) cannot write",""
"","39","non-member is blocked from categories","","2026-07-18","passed","2026-07-18","","member-gated entities (smoke for the rest)","member-gated entities (smoke for the rest) non-member is blocked from categories",""
"","2","update amount expense 100 → 150 produces -50 delta[jvm]","","2026-07-16","passed","2026-07-16","","CalculateBalanceDeltaTest[jvm]","com.georgeci.moneysurfer.domain.model.CalculateBalanceDeltaTest",""
"","17","wrong column count is rejected with expected and actual sizes[jvm]","","2026-07-16","passed","2026-07-16","","TransactionCsvCodecTest[jvm]","com.georgeci.moneysurfer.domain.csv.TransactionCsvCodecTest",""
"","32","still pins workspace when setDefaultWorkspace throws[jvm]","","2026-07-16","passed","2026-07-16","","CreateWorkspaceUseCaseTest[jvm]","com.georgeci.moneysurfer.domain.usecase.CreateWorkspaceUseCaseTest",""
"","5","ChangedSinceLastSync falls back to the active workspace when the provider is empty[jvm]","","2026-07-16","passed","2026-07-16","","PullRemoteChangesUseCaseImplSpec[jvm]","com.georgeci.moneysurfer.data.sync.PullRemoteChangesUseCaseImplSpec",""
"","21","failure on the first mutation fails the whole batch and completes nothing[jvm]","","2026-07-16","passed","2026-07-16","","UploadPendingChangesUseCaseImplSpec[jvm]","com.georgeci.moneysurfer.data.sync.UploadPendingChangesUseCaseImplSpec",""
"","0","'999999.99' -> '999999.99'[jvm]","","2026-07-18","passed","2026-07-18","","AmountInputTransformationTest[jvm]","com.georgeci.moneysurfer.utils.AmountInputTransformationTest",""
"","1","existing user with empty workspaceIds returns null default and leaves pointer untouched[jvm]","","2026-07-16","passed","2026-07-16","","PostAuthBootstrapUseCaseTest[jvm]","com.georgeci.moneysurfer.domain.usecase.PostAuthBootstrapUseCaseTest",""
"","40","push failure completes the uploaded prefix and fails the remainder[jvm]","","2026-07-16","passed","2026-07-16","","UploadPendingChangesUseCaseImplSpec[jvm]","com.georgeci.moneysurfer.data.sync.UploadPendingChangesUseCaseImplSpec",""
"","7","restore flips archived flag back[jvm]","","2026-07-16","passed","2026-07-16","","ArchiveAccountUseCaseTest[jvm]","com.georgeci.moneysurfer.domain.usecase.ArchiveAccountUseCaseTest",""
"","55","invited user CAN self-create via an email-only invite (legacy, no targetUserId)","","2026-07-18","passed","2026-07-18","","workspaces/{wid}/members/{uid}","workspaces/{wid}/members/{uid} invited user CAN self-create via an email-only invite (legacy, no targetUserId)",""
"","17","category seed failure returns LocalWriteFailed and skips remote work and pin[jvm]","","2026-07-16","passed","2026-07-16","","CreateWorkspaceUseCaseTest[jvm]","com.georgeci.moneysurfer.domain.usecase.CreateWorkspaceUseCaseTest",""
"","2","CancellationException maps to SyncError.Cancelled[jvm]","","2026-07-16","passed","2026-07-16","","SyncErrorClassifierSpec[jvm]","com.georgeci.moneysurfer.sync.internal.SyncErrorClassifierSpec",""
"","5","handle cancel on the only running request cancels the worker job[jvm]","","2026-07-16","passed","2026-07-16","","SyncCoordinatorImplBranchSpec[jvm]","com.georgeci.moneysurfer.sync.coordinator.SyncCoordinatorImplBranchSpec",""
"","31","reason mapping for APP_START is Bounded(30s)[jvm]","","2026-07-16","passed","2026-07-16","","NetworkWaitModeSpec[jvm]","com.georgeci.moneysurfer.sync.network.NetworkWaitModeSpec",""
"","7","UploadOnly scope skips pull and recalc[jvm]","","2026-07-16","passed","2026-07-16","","SyncCoordinatorImplSpec[jvm]","com.georgeci.moneysurfer.sync.coordinator.SyncCoordinatorImplSpec",""
"","28","invitee without email claim can accept via targetUserId branch","","2026-07-18","passed","2026-07-18","","invites — update / delete","invites — update / delete invitee without email claim can accept via targetUserId branch",""
"","13","java.util.zip.ZipInputStream reads our stored archive[jvm]","","2026-07-16","passed","2026-07-16","","ZipStoredInteropJvmTest[jvm]","com.georgeci.moneysurfer.data.backup.ZipStoredInteropJvmTest",""
"","2","CompositeCancelToken not cancelled when only some children cancelled[jvm]","","2026-07-16","passed","2026-07-16","","SyncCancelTokenSpec[jvm]","com.georgeci.moneysurfer.sync.api.SyncCancelTokenSpec",""
"","17","exposes id, status, steps, result via the SyncHandle interface[jvm]","","2026-07-16","passed","2026-07-16","","SyncHandleImplSpec[jvm]","com.georgeci.moneysurfer.sync.coordinator.SyncHandleImplSpec",""
"","6","recalc runs when downloadedCount > 0[jvm]","","2026-07-16","passed","2026-07-16","","SyncCoordinatorImplSpec[jvm]","com.georgeci.moneysurfer.sync.coordinator.SyncCoordinatorImplSpec",""
"","22","owner can tombstone a member row","","2026-07-18","passed","2026-07-18","","tombstone update shape (push-side soft delete)","tombstone update shape (push-side soft delete) owner can tombstone a member row",""
"","9","does not create a second workspace when one is already pinned[jvm]","","2026-07-16","passed","2026-07-16","","SeedDefaultsUseCaseTest[jvm]","com.georgeci.moneysurfer.domain.usecase.SeedDefaultsUseCaseTest",""
"","3","shutdown cancels coordinator first, then scheduler[jvm]","","2026-07-16","passed","2026-07-16","","SessionShutdownGateImplSpec[jvm]","com.georgeci.moneysurfer.sync.internal.SessionShutdownGateImplSpec",""
"","1","demoOnly is false when demo itself is disabled()[jvm]","","2026-07-17","passed","2026-07-17","","SignInFeatureConfigTest[jvm]","com.georgeci.moneysurfer.feature.login.SignInFeatureConfigTest",""
"","30","invitee accept via full set() (mirrors outbox upload path)","","2026-07-18","passed","2026-07-18","","invites — update / delete","invites — update / delete invitee accept via full set() (mirrors outbox upload path)",""
"","26","empty batch keeps the cursor untouched but still marks success[jvm]","","2026-07-16","passed","2026-07-16","","PullRemoteChangesUseCaseImplSpec[jvm]","com.georgeci.moneysurfer.data.sync.PullRemoteChangesUseCaseImplSpec",""
"","1","PULL_MEMBERS sits between PULL_WORKSPACE and PULL_INVITES[jvm]","","2026-07-16","passed","2026-07-16","","SyncStepOrderTest[jvm]","com.georgeci.moneysurfer.domain.model.SyncStepOrderTest",""
"","1378","export writes manifest first followed by main DB and DataStore entries[jvm]","","2026-07-16","passed","2026-07-16","","BackupExporterImplJvmTest[jvm]","com.georgeci.moneysurfer.data.backup.BackupExporterImplJvmTest",""
"","18","onSyncStarted runs without error[jvm]","","2026-07-16","passed","2026-07-16","","KermitSyncTelemetrySpec[jvm]","com.georgeci.moneysurfer.sync.internal.telemetry.KermitSyncTelemetrySpec",""
"","42","sender cannot remove entries from invitedWorkspaceIds","","2026-07-18","passed","2026-07-18","","users/{uid} — invitedWorkspaceIds cross-user append","users/{uid} — invitedWorkspaceIds cross-user append sender cannot remove entries from invitedWorkspaceIds",""
"","8","archive missing the main DB entry surfaces MissingFile[jvm]","","2026-07-16","passed","2026-07-16","","BackupImporterImplJvmTest[jvm]","com.georgeci.moneysurfer.data.backup.BackupImporterImplJvmTest",""
"","23","non-owner member cannot update workspace metadata","","2026-07-18","passed","2026-07-18","","workspaces/{wid}","workspaces/{wid} non-owner member cannot update workspace metadata",""
"","48","first-time user creates remote doc and returns FirstTime[jvm]","","2026-07-16","passed","2026-07-16","","PostAuthBootstrapUseCaseTest[jvm]","com.georgeci.moneysurfer.domain.usecase.PostAuthBootstrapUseCaseTest",""
"","14","ids are unique across mutations[jvm]","","2026-07-16","passed","2026-07-16","","OutboxEnqueuerSpec[jvm]","com.georgeci.moneysurfer.data.sync.OutboxEnqueuerSpec",""
"","12","unparseable operation date is rejected as invalid operation_date[jvm]","","2026-07-16","passed","2026-07-16","","TransactionCsvCodecTest[jvm]","com.georgeci.moneysurfer.domain.csv.TransactionCsvCodecTest",""
"","99","copy with override[jvm]","","2026-07-16","passed","2026-07-16","","PendingMutationSpec[jvm]","com.georgeci.moneysurfer.sync.repository.PendingMutationSpec",""
"","22","stranger cannot transition someone else's invite","","2026-07-18","passed","2026-07-18","","invites — update / delete","invites — update / delete stranger cannot transition someone else's invite",""
"","12","cancellation mid-batch completes the pushed prefix and re-queues the rest as cancelled[jvm]","","2026-07-16","passed","2026-07-16","","UploadPendingChangesUseCaseImplSpec[jvm]","com.georgeci.moneysurfer.data.sync.UploadPendingChangesUseCaseImplSpec",""
"","5","enqueue stores entity with PENDING status and roundtrips fields[jvm]","","2026-07-16","passed","2026-07-16","","PendingMutationQueueImplSpec[jvm]","com.georgeci.moneysurfer.sync.internal.repository.PendingMutationQueueImplSpec",""
"","41","owner can self-create their own OWNER row on workspace creation (no invite)","","2026-07-18","passed","2026-07-18","","workspaces/{wid}/members/{uid}","workspaces/{wid}/members/{uid} owner can self-create their own OWNER row on workspace creation (no invite)",""
"","5","defaults enable every entry point()[jvm]","","2026-07-17","passed","2026-07-17","","SignInFeatureConfigTest[jvm]","com.georgeci.moneysurfer.feature.login.SignInFeatureConfigTest",""
"","9","rejects when invite not found[jvm]","","2026-07-16","passed","2026-07-16","","AcceptInviteUseCaseTest[jvm]","com.georgeci.moneysurfer.domain.usecase.AcceptInviteUseCaseTest",""
"","18","pending respects limit[jvm]","","2026-07-16","passed","2026-07-16","","PendingMutationQueueImplSpec[jvm]","com.georgeci.moneysurfer.data.sync.PendingMutationQueueImplSpec",""
"","26","writes workspace, member, default categories and pins it as current (no Firebase session)[jvm]","","2026-07-16","passed","2026-07-16","","CreateWorkspaceUseCaseTest[jvm]","com.georgeci.moneysurfer.domain.usecase.CreateWorkspaceUseCaseTest",""
"","17","permission-denied during fetch maps to AuthError.PermissionDenied[jvm]","","2026-07-16","passed","2026-07-16","","PostAuthBootstrapUseCaseTest[jvm]","com.georgeci.moneysurfer.domain.usecase.PostAuthBootstrapUseCaseTest",""
"","0","'+5' (plus sign)[jvm]","","2026-07-18","passed","2026-07-18","","AmountInputTransformationTest[jvm]","com.georgeci.moneysurfer.utils.AmountInputTransformationTest",""
"","22","user cannot create a workspace owned by someone else","","2026-07-18","passed","2026-07-18","","workspaces/{wid}","workspaces/{wid} user cannot create a workspace owned by someone else",""
"","8","raises WorkspaceNotFound when the workspace does not exist[jvm]","","2026-07-16","passed","2026-07-16","","UpdateWorkspaceCurrencyUseCaseTest[jvm]","com.georgeci.moneysurfer.domain.usecase.UpdateWorkspaceCurrencyUseCaseTest",""
"","0","',5' -> '.5'[jvm]","","2026-07-18","passed","2026-07-18","","AmountInputTransformationTest[jvm]","com.georgeci.moneysurfer.utils.AmountInputTransformationTest",""
"","53","create blocked when clientVersionCode missing","","2026-07-18","passed","2026-07-18","","member-gated entities (accounts)","member-gated entities (accounts) create blocked when clientVersionCode missing",""
"","24","pushes to Firestore and updates user ref + default when Firebase uid present[jvm]","","2026-07-16","passed","2026-07-16","","CreateWorkspaceUseCaseTest[jvm]","com.georgeci.moneysurfer.domain.usecase.CreateWorkspaceUseCaseTest",""
"","18","reports progress with entityType and running position[jvm]","","2026-07-16","passed","2026-07-16","","UploadPendingChangesUseCaseImplSpec[jvm]","com.georgeci.moneysurfer.data.sync.UploadPendingChangesUseCaseImplSpec",""
"","6","onSyncCompleted formats counts[jvm]","","2026-07-16","passed","2026-07-16","","KermitSyncTelemetrySpec[jvm]","com.georgeci.moneysurfer.sync.internal.telemetry.KermitSyncTelemetrySpec",""
"","2","unknown transaction type is rejected as invalid type[jvm]","","2026-07-16","passed","2026-07-16","","TransactionCsvCodecTest[jvm]","com.georgeci.moneysurfer.domain.csv.TransactionCsvCodecTest",""
"","2","times that overflows Long throws instead of wrapping[jvm]","","2026-07-16","passed","2026-07-16","","MoneyTest[jvm]","com.georgeci.moneysurfer.domain.primitives.MoneyTest",""
"","29","hard-delete is denied (soft-delete via status=REMOVED)","","2026-07-18","passed","2026-07-18","","workspaces/{wid}/members/{uid}","workspaces/{wid}/members/{uid} hard-delete is denied (soft-delete via status=REMOVED)",""
"","92","uuid generates unique values[jvm]","","2026-07-16","passed","2026-07-16","","SyncRequestIdSpec[jvm]","com.georgeci.moneysurfer.sync.api.SyncRequestIdSpec",""
"","5","valid ISO -> LocalDate[jvm]","","2026-07-16","passed","2026-07-16","","TimeFormatterTest[jvm]","com.georgeci.moneysurfer.data.repository.TimeFormatterTest",""
"","1","epochMillis=4611686018427387903[jvm]","","2026-07-16","passed","2026-07-16","","TimeFormatterTest[jvm]","com.georgeci.moneysurfer.data.repository.TimeFormatterTest",""
"","1","CompositeCancelToken throwIfCancelled when partial does not throw[jvm]","","2026-07-16","passed","2026-07-16","","SyncCancelTokenSpec[jvm]","com.georgeci.moneysurfer.sync.api.SyncCancelTokenSpec",""
"","1","ConflictResolver implementation can be invoked[jvm]","","2026-07-16","passed","2026-07-16","","ConflictResolverSpec[jvm]","com.georgeci.moneysurfer.sync.repository.ConflictResolverSpec",""
"","2","markFailed bumps attempts, records error and resets to PENDING[jvm]","","2026-07-16","passed","2026-07-16","","PendingMutationQueueImplSpec[jvm]","com.georgeci.moneysurfer.sync.internal.repository.PendingMutationQueueImplSpec",""
"","32","markAccepted transitions status and stamps respondedAt[jvm]","","2026-07-16","passed","2026-07-16","","WorkspaceInviteRepositoryDualWriteSpec[jvm]","com.georgeci.moneysurfer.data.repository.WorkspaceInviteRepositoryDualWriteSpec",""
"","5","pull progress emits PullingCollection into running state[jvm]","","2026-07-16","passed","2026-07-16","","SyncCoordinatorImplBranchSpec[jvm]","com.georgeci.moneysurfer.sync.coordinator.SyncCoordinatorImplBranchSpec",""
"","1","online build registers SyncFeatureFlag disabled by default()[jvm]","","2026-07-17","passed","2026-07-17","","OnlineSignInModuleTest[jvm]","com.georgeci.moneysurfer.di.OnlineSignInModuleTest",""
"","71","an evicted (REMOVED) member can no longer write","","2026-07-18","passed","2026-07-18","","member-gated entities (accounts)","member-gated entities (accounts) an evicted (REMOVED) member can no longer write",""
"","6","negating Long.MIN_VALUE throws instead of wrapping back to itself[jvm]","","2026-07-16","passed","2026-07-16","","MoneyTest[jvm]","com.georgeci.moneysurfer.domain.primitives.MoneyTest",""
"","21","rejects demoting last OWNER[jvm]","","2026-07-16","passed","2026-07-16","","ChangeMemberRoleUseCaseTest[jvm]","com.georgeci.moneysurfer.domain.usecase.ChangeMemberRoleUseCaseTest",""
"","67","drain pushes every queued mutation through its plugin and empties the outbox[jvm]","","2026-07-16","passed","2026-07-16","","WorkspaceCreationSyncIntegrationIT[jvm]","com.georgeci.moneysurfer.integration.sync.WorkspaceCreationSyncIntegrationIT",""
"","6","planned → actual applies full impact[jvm]","","2026-07-16","passed","2026-07-16","","CalculateBalanceDeltaTest[jvm]","com.georgeci.moneysurfer.domain.model.CalculateBalanceDeltaTest",""
"","69","a departed (LEFT) member can no longer read","","2026-07-18","passed","2026-07-18","","member-gated entities (accounts)","member-gated entities (accounts) a departed (LEFT) member can no longer read",""
"","2","isEnabled is true when signed in and gate allows[jvm]","","2026-07-16","passed","2026-07-16","","OutboxEnqueuerImplSpec[jvm]","com.georgeci.moneysurfer.sync.repository.OutboxEnqueuerImplSpec",""
"","19","pushAll failure surfaces as RemoteSyncFailed and skips addRef + pin[jvm]","","2026-07-16","passed","2026-07-16","","CreateWorkspaceUseCaseTest[jvm]","com.georgeci.moneysurfer.domain.usecase.CreateWorkspaceUseCaseTest",""
"","66","deleting a category then re-inserting it restores the row[jvm]","","2026-07-16","passed","2026-07-16","","DeleteUndoIntegrationIT[jvm]","com.georgeci.moneysurfer.integration.repository.DeleteUndoIntegrationIT",""
"","1","'-5' (negative sign)[jvm]","","2026-07-18","passed","2026-07-18","","AmountInputTransformationTest[jvm]","com.georgeci.moneysurfer.utils.AmountInputTransformationTest",""
"","2","throwIfCancelled does nothing when active[jvm]","","2026-07-16","passed","2026-07-16","","SyncCancelTokenSpec[jvm]","com.georgeci.moneysurfer.sync.api.SyncCancelTokenSpec",""
"","8","an ordinary note is not prefixed[jvm]","","2026-07-16","passed","2026-07-16","","TransactionCsvCodecTest[jvm]","com.georgeci.moneysurfer.domain.csv.TransactionCsvCodecTest",""
"","1","PUSH order is workspace → members → invites → accounts → categories → transactions[jvm]","","2026-07-16","passed","2026-07-16","","SyncStepOrderTest[jvm]","com.georgeci.moneysurfer.domain.model.SyncStepOrderTest",""
"","7","enqueueUpsert pushes a PendingMutation when signed in and gate allows[jvm]","","2026-07-16","passed","2026-07-16","","OutboxEnqueuerImplSpec[jvm]","com.georgeci.moneysurfer.sync.repository.OutboxEnqueuerImplSpec",""
"","27","stranger cannot self-create even by naming a non-existent inviteId","","2026-07-18","passed","2026-07-18","","workspaces/{wid}/members/{uid}","workspaces/{wid}/members/{uid} stranger cannot self-create even by naming a non-existent inviteId",""
"","4","repeat delete (null/null) is empty delta[jvm]","","2026-07-16","passed","2026-07-16","","CalculateBalanceDeltaTest[jvm]","com.georgeci.moneysurfer.domain.model.CalculateBalanceDeltaTest",""
"","1","SyncMeta carries cursor and timestamps[jvm]","","2026-07-16","passed","2026-07-16","","SyncMetaRepositorySpec[jvm]","com.georgeci.moneysurfer.sync.repository.SyncMetaRepositorySpec",""
"","2","no-op when role unchanged[jvm]","","2026-07-16","passed","2026-07-16","","ChangeMemberRoleUseCaseTest[jvm]","com.georgeci.moneysurfer.domain.usecase.ChangeMemberRoleUseCaseTest",""
"","22","owner can tombstone the workspace root doc","","2026-07-18","passed","2026-07-18","","tombstone update shape (push-side soft delete)","tombstone update shape (push-side soft delete) owner can tombstone the workspace root doc",""
"","8","StorageError preserves cause and is not retryable[jvm]","","2026-07-16","passed","2026-07-16","","SyncErrorSpec[jvm]","com.georgeci.moneysurfer.sync.api.SyncErrorSpec",""
"","17","updates the workspace base currency[jvm]","","2026-07-16","passed","2026-07-16","","UpdateWorkspaceCurrencyUseCaseTest[jvm]","com.georgeci.moneysurfer.domain.usecase.UpdateWorkspaceCurrencyUseCaseTest",""
"","0","'42.' -> '42.'[jvm]","","2026-07-18","passed","2026-07-18","","AmountInputTransformationTest[jvm]","com.georgeci.moneysurfer.utils.AmountInputTransformationTest",""
"","666","inserts account with USD and round-trips currency + balance[jvm]","","2026-07-16","passed","2026-07-16","","AccountCreationIntegrationIT[jvm]","com.georgeci.moneysurfer.integration.repository.AccountCreationIntegrationIT",""
"","1","equals and hashCode treat identical fields as equal[jvm]","","2026-07-16","passed","2026-07-16","","PendingMutationSpec[jvm]","com.georgeci.moneysurfer.sync.repository.PendingMutationSpec",""
"","22","owner can mark a member as REMOVED","","2026-07-18","passed","2026-07-18","","workspaces/{wid}/members/{uid}","workspaces/{wid}/members/{uid} owner can mark a member as REMOVED",""
"","37","create blocked when clientVersionCode is below floor (0)","","2026-07-18","passed","2026-07-18","","member-gated entities (accounts)","member-gated entities (accounts) create blocked when clientVersionCode is below floor (0)",""
"","6","mergeScope picks widest — AllUserData dominates[jvm]","","2026-07-16","passed","2026-07-16","","SyncScopeSpec[jvm]","com.georgeci.moneysurfer.sync.api.SyncScopeSpec",""
"","6","onStepEntered handles every SyncStep variant including parameterised ones[jvm]","","2026-07-16","passed","2026-07-16","","KermitSyncTelemetrySpec[jvm]","com.georgeci.moneysurfer.sync.internal.telemetry.KermitSyncTelemetrySpec",""
"","14","markInFlight excludes rows from the next pending batch[jvm]","","2026-07-16","passed","2026-07-16","","PendingMutationQueueImplSpec[jvm]","com.georgeci.moneysurfer.data.sync.PendingMutationQueueImplSpec",""
"","16","unknown extra entry between manifest and main DB is tolerated[jvm]","","2026-07-16","passed","2026-07-16","","BackupImporterImplJvmTest[jvm]","com.georgeci.moneysurfer.data.backup.BackupImporterImplJvmTest",""
"","9","rejects when last OWNER tries to leave[jvm]","","2026-07-16","passed","2026-07-16","","LeaveWorkspaceUseCaseTest[jvm]","com.georgeci.moneysurfer.domain.usecase.LeaveWorkspaceUseCaseTest",""
"","9","archive on missing account returns AccountNotFound[jvm]","","2026-07-16","passed","2026-07-16","","ArchiveAccountUseCaseTest[jvm]","com.georgeci.moneysurfer.domain.usecase.ArchiveAccountUseCaseTest",""
"","4","PullingCollection title carries collection name[jvm]","","2026-07-16","passed","2026-07-16","","SyncStepSpec[jvm]","com.georgeci.moneysurfer.sync.api.SyncStepSpec",""
"","2","SerializationException maps to Unknown carrying the cause[jvm]","","2026-07-16","passed","2026-07-16","","SyncErrorClassifierSpec[jvm]","com.georgeci.moneysurfer.sync.internal.SyncErrorClassifierSpec",""
"","10","future format version surfaces FormatMismatch[jvm]","","2026-07-16","passed","2026-07-16","","BackupImporterImplJvmTest[jvm]","com.georgeci.moneysurfer.data.backup.BackupImporterImplJvmTest",""
"","1","onSyncCompleted is callable[jvm]","","2026-07-16","passed","2026-07-16","","SyncTelemetryNoOpSpec[jvm]","com.georgeci.moneysurfer.sync.telemetry.SyncTelemetryNoOpSpec",""
"","10","is idempotent — second invocation does not duplicate workspace or Cash account[jvm]","","2026-07-16","passed","2026-07-16","","SeedDefaultsUseCaseTest[jvm]","com.georgeci.moneysurfer.domain.usecase.SeedDefaultsUseCaseTest",""
"","0","demoOnly is false when anonymous is also enabled()[jvm]","","2026-07-17","passed","2026-07-17","","SignInFeatureConfigTest[jvm]","com.georgeci.moneysurfer.feature.login.SignInFeatureConfigTest",""
"","1","missing localUpdatedAt → remote wins (treated as DISTANT_PAST)[jvm]","","2026-07-16","passed","2026-07-16","","LwwConflictResolverSpec[jvm]","com.georgeci.moneysurfer.sync.repository.LwwConflictResolverSpec",""
"","52","user cannot update another user's document","","2026-07-18","passed","2026-07-18","","users/{uid}","users/{uid} user cannot update another user's document",""
"","1","planned rows feed plannedIncome/plannedExpense[jvm]","","2026-07-16","passed","2026-07-16","","PeriodTotalsTest[jvm]","com.georgeci.moneysurfer.domain.model.PeriodTotalsTest",""
"","29","owner create blocked when status != PENDING","","2026-07-18","passed","2026-07-18","","invites — write","invites — write owner create blocked when status != PENDING",""
"","20","upsert applies status transition and respondedAt without losing snapshot fields[jvm]","","2026-07-16","passed","2026-07-16","","WorkspaceInviteRepositoryIntegrationIT[jvm]","com.georgeci.moneysurfer.integration.repository.WorkspaceInviteRepositoryIntegrationIT",""
"","2","'0,99' -> '0.99'[jvm]","","2026-07-18","passed","2026-07-18","","AmountInputTransformationTest[jvm]","com.georgeci.moneysurfer.utils.AmountInputTransformationTest",""
"","17","hard-delete is denied (soft-delete via deletedAt update only)","","2026-07-18","passed","2026-07-18","","workspaces/{wid}","workspaces/{wid} hard-delete is denied (soft-delete via deletedAt update only)",""
"","487","export then import restores seeded entities + datastore + clears sync DB[jvm]","","2026-07-16","passed","2026-07-16","","BackupRoundTripJvmTest[jvm]","com.georgeci.moneysurfer.data.backup.BackupRoundTripJvmTest",""
"","3","minus that overflows Long throws instead of wrapping[jvm]","","2026-07-16","passed","2026-07-16","","MoneyTest[jvm]","com.georgeci.moneysurfer.domain.primitives.MoneyTest",""
"","22","release builds mute everything below Warn[jvm]","","2026-07-16","passed","2026-07-16","","LoggingConfigTest[jvm]","com.georgeci.moneysurfer.domain.logging.LoggingConfigTest",""
"","7","rejects when no current user[jvm]","","2026-07-16","passed","2026-07-16","","LeaveWorkspaceUseCaseTest[jvm]","com.georgeci.moneysurfer.domain.usecase.LeaveWorkspaceUseCaseTest",""
"","51","invitee can accept even if parent workspace doc is missing on Firestore","","2026-07-18","passed","2026-07-18","","invites — update / delete","invites — update / delete invitee can accept even if parent workspace doc is missing on Firestore",""
"","6","cancelCurrent terminates running with Cancelled[jvm]","","2026-07-16","passed","2026-07-16","","SyncCoordinatorImplSpec[jvm]","com.georgeci.moneysurfer.sync.coordinator.SyncCoordinatorImplSpec",""
"","30","rejects when invite already accepted[jvm]","","2026-07-16","passed","2026-07-16","","AcceptInviteUseCaseTest[jvm]","com.georgeci.moneysurfer.domain.usecase.AcceptInviteUseCaseTest",""
"","11","an empty file fails the whole import[jvm]","","2026-07-16","passed","2026-07-16","","ExportImportTransactionsUseCaseTest[jvm]","com.georgeci.moneysurfer.domain.csv.ExportImportTransactionsUseCaseTest",""
"","256","unauthenticated user can read app config (force-update gate)","","2026-07-18","passed","2026-07-18","","appConfig/{docId}","appConfig/{docId} unauthenticated user can read app config (force-update gate)",""
"","4","mid-pipeline cancel surfaces SyncCancelledException to the worker catch[jvm]","","2026-07-16","passed","2026-07-16","","SyncCoordinatorImplBranchSpec[jvm]","com.georgeci.moneysurfer.sync.coordinator.SyncCoordinatorImplBranchSpec",""
"","4","enqueueDelete is a no-op when demo session[jvm]","","2026-07-16","passed","2026-07-16","","OutboxEnqueuerSpec[jvm]","com.georgeci.moneysurfer.data.sync.OutboxEnqueuerSpec",""
"","9","planned transaction contributes nothing[jvm]","","2026-07-16","passed","2026-07-16","","BalanceImpactTest[jvm]","com.georgeci.moneysurfer.domain.model.BalanceImpactTest",""
"","7","parser handles CRLF line endings a UTF-8 BOM and blank lines[jvm]","","2026-07-16","passed","2026-07-16","","TransactionCsvCodecTest[jvm]","com.georgeci.moneysurfer.domain.csv.TransactionCsvCodecTest",""
"","271","format positive amount in USD with US locale[jvm]","","2026-07-16","passed","2026-07-16","","MoneyFormatterTest[jvm]","com.georgeci.moneysurfer.domain.MoneyFormatterTest",""
"","17","insert writes both DAO and outbox when signed in[jvm]","","2026-07-16","passed","2026-07-16","","WorkspaceMemberRepositoryDualWriteSpec[jvm]","com.georgeci.moneysurfer.data.repository.WorkspaceMemberRepositoryDualWriteSpec",""
"","1","onSyncCancelled is callable[jvm]","","2026-07-16","passed","2026-07-16","","SyncTelemetryNoOpSpec[jvm]","com.georgeci.moneysurfer.sync.telemetry.SyncTelemetryNoOpSpec",""
"","9","null category and transfer ids round-trip as empty fields[jvm]","","2026-07-16","passed","2026-07-16","","TransactionCsvCodecTest[jvm]","com.georgeci.moneysurfer.domain.csv.TransactionCsvCodecTest",""
"","92","malformed and invalid rows are reported with row numbers and do not stop the import[jvm]","","2026-07-16","passed","2026-07-16","","ExportImportTransactionsUseCaseTest[jvm]","com.georgeci.moneysurfer.domain.csv.ExportImportTransactionsUseCaseTest",""
"","6","WaitingForNetwork title[jvm]","","2026-07-16","passed","2026-07-16","","SyncStepSpec[jvm]","com.georgeci.moneysurfer.sync.api.SyncStepSpec",""
"","2","no enqueue when app-version gate denies sync[jvm]","","2026-07-16","passed","2026-07-16","","OutboxEnqueuerImplSpec[jvm]","com.georgeci.moneysurfer.sync.repository.OutboxEnqueuerImplSpec",""
"","11","isEnabled returns false when firebaseUid is null (demo session)[jvm]","","2026-07-16","passed","2026-07-16","","OutboxEnqueuerSpec[jvm]","com.georgeci.moneysurfer.data.sync.OutboxEnqueuerSpec",""
"","1","DEFAULT_BATCH_LIMIT is 100[jvm]","","2026-07-16","passed","2026-07-16","","PendingMutationQueueSpec[jvm]","com.georgeci.moneysurfer.sync.repository.PendingMutationQueueSpec",""
"","15","rejects when invite email does not match the current user[jvm]","","2026-07-16","passed","2026-07-16","","AcceptInviteUseCaseTest[jvm]","com.georgeci.moneysurfer.domain.usecase.AcceptInviteUseCaseTest",""
"","2","clearScope removes only rows for the requested workspace[jvm]","","2026-07-16","passed","2026-07-16","","SyncMetaRepositoryImplSpec[jvm]","com.georgeci.moneysurfer.sync.internal.repository.SyncMetaRepositoryImplSpec",""
"","1","'1.999' (three decimal digits)[jvm]","","2026-07-18","passed","2026-07-18","","AmountInputTransformationTest[jvm]","com.georgeci.moneysurfer.utils.AmountInputTransformationTest",""
"","1","PULL_INVITES sits between PULL_MEMBERS and PULL_ACCOUNTS[jvm]","","2026-07-16","passed","2026-07-16","","SyncStepOrderTest[jvm]","com.georgeci.moneysurfer.domain.model.SyncStepOrderTest",""
"","1","onSyncStarted is callable[jvm]","","2026-07-16","passed","2026-07-16","","SyncTelemetryNoOpSpec[jvm]","com.georgeci.moneysurfer.sync.telemetry.SyncTelemetryNoOpSpec",""
"","5","'5' -> '5'[jvm]","","2026-07-18","passed","2026-07-18","","AmountInputTransformationTest[jvm]","com.georgeci.moneysurfer.utils.AmountInputTransformationTest",""
"","1","'123' -> '123'[jvm]","","2026-07-18","passed","2026-07-18","","AmountInputTransformationTest[jvm]","com.georgeci.moneysurfer.utils.AmountInputTransformationTest",""
"","1","'42,50' -> '42.50'[jvm]","","2026-07-18","passed","2026-07-18","","AmountInputTransformationTest[jvm]","com.georgeci.moneysurfer.utils.AmountInputTransformationTest",""
"","2","second pull passes the stored cursor to the reader[jvm]","","2026-07-16","passed","2026-07-16","","PullRemoteChangesUseCaseImplSpec[jvm]","com.georgeci.moneysurfer.data.sync.PullRemoteChangesUseCaseImplSpec",""
"","4","ActiveWorkspace with no current workspace pulls nothing[jvm]","","2026-07-16","passed","2026-07-16","","PullRemoteChangesUseCaseImplSpec[jvm]","com.georgeci.moneysurfer.data.sync.PullRemoteChangesUseCaseImplSpec",""
"","8","ReplaceQueued cancels existing pending and replaces it[jvm]","","2026-07-16","passed","2026-07-16","","SyncCoordinatorImplBranchSpec[jvm]","com.georgeci.moneysurfer.sync.coordinator.SyncCoordinatorImplBranchSpec",""
"","41","import skips rows whose id already exists locally[jvm]","","2026-07-16","passed","2026-07-16","","ExportImportTransactionsUseCaseTest[jvm]","com.georgeci.moneysurfer.domain.csv.ExportImportTransactionsUseCaseTest",""
"","19","local insert failure returns LocalWriteFailed and skips remote work[jvm]","","2026-07-16","passed","2026-07-16","","CreateWorkspaceUseCaseTest[jvm]","com.georgeci.moneysurfer.domain.usecase.CreateWorkspaceUseCaseTest",""
"","10","writes local pointer and skips remote when no Firebase uid[jvm]","","2026-07-16","passed","2026-07-16","","SelectWorkspaceUseCaseTest[jvm]","com.georgeci.moneysurfer.domain.usecase.SelectWorkspaceUseCaseTest",""
"","9","blank category id decodes to null instead of failing[jvm]","","2026-07-16","passed","2026-07-16","","TransactionCsvCodecTest[jvm]","com.georgeci.moneysurfer.domain.csv.TransactionCsvCodecTest",""
"","0","Cancelled.isRetryable is false[jvm]","","2026-07-16","passed","2026-07-16","","SyncErrorClassifierSpec[jvm]","com.georgeci.moneysurfer.sync.internal.SyncErrorClassifierSpec",""
"","0","cancelAll is callable[jvm]","","2026-07-16","passed","2026-07-16","","BackgroundSyncSchedulerSpec[jvm]","com.georgeci.moneysurfer.sync.scheduler.BackgroundSyncSchedulerSpec",""
"","32","member can tombstone their own row (self-leave: role and status unchanged)","","2026-07-18","passed","2026-07-18","","tombstone update shape (push-side soft delete)","tombstone update shape (push-side soft delete) member can tombstone their own row (self-leave: role and status unchanged)",""
"","8","format zero amount[jvm]","","2026-07-16","passed","2026-07-16","","MoneyFormatterTest[jvm]","com.georgeci.moneysurfer.domain.MoneyFormatterTest",""
"","3","enqueueDelete pushes a DELETE mutation[jvm]","","2026-07-16","passed","2026-07-16","","OutboxEnqueuerImplSpec[jvm]","com.georgeci.moneysurfer.sync.repository.OutboxEnqueuerImplSpec",""
"","2","non-null pass-through[jvm]","","2026-07-16","passed","2026-07-16","","TimeFormatterTest[jvm]","com.georgeci.moneysurfer.data.repository.TimeFormatterTest",""
"","25","stranger cannot collection-group query by another user's targetUserId","","2026-07-18","passed","2026-07-18","","invites — read","invites — read stranger cannot collection-group query by another user's targetUserId",""
"","10","transition on missing row is a no-op[jvm]","","2026-07-16","passed","2026-07-16","","WorkspaceInviteRepositoryDualWriteSpec[jvm]","com.georgeci.moneysurfer.data.repository.WorkspaceInviteRepositoryDualWriteSpec",""
"","2","pendingCount excludes IN_FLIGHT rows[jvm]","","2026-07-16","passed","2026-07-16","","PendingMutationQueueImplSpec[jvm]","com.georgeci.moneysurfer.sync.internal.repository.PendingMutationQueueImplSpec",""
"","7","actual → planned unwinds full impact[jvm]","","2026-07-16","passed","2026-07-16","","CalculateBalanceDeltaTest[jvm]","com.georgeci.moneysurfer.domain.model.CalculateBalanceDeltaTest",""
"","3","empty history yields zero[jvm]","","2026-07-16","passed","2026-07-16","","RecalculateAccountBalanceUseCaseTest[jvm]","com.georgeci.moneysurfer.domain.usecase.RecalculateAccountBalanceUseCaseTest",""
"","2","clearAll is idempotent[jvm]","","2026-07-16","passed","2026-07-16","","RemoteDataResetRepositoryImplSpec[jvm]","com.georgeci.moneysurfer.sync.repository.RemoteDataResetRepositoryImplSpec",""
"","4","matches by targetUserId when email differs[jvm]","","2026-07-16","passed","2026-07-16","","AcceptInviteUseCaseTest[jvm]","com.georgeci.moneysurfer.domain.usecase.AcceptInviteUseCaseTest",""
"","58","user cannot create another user's member row (only self)","","2026-07-18","passed","2026-07-18","","workspaces/{wid}/members/{uid}","workspaces/{wid}/members/{uid} user cannot create another user's member row (only self)",""
"","14","returns NoCurrentUser error when no current user[jvm]","","2026-07-16","passed","2026-07-16","","CreateWorkspaceUseCaseTest[jvm]","com.georgeci.moneysurfer.domain.usecase.CreateWorkspaceUseCaseTest",""
"","0","epochMillis=-1000[jvm]","","2026-07-16","passed","2026-07-16","","TimeFormatterTest[jvm]","com.georgeci.moneysurfer.data.repository.TimeFormatterTest",""
"","4","update amount applies only the difference[jvm]","","2026-07-16","passed","2026-07-16","","ApplyTransactionChangeUseCaseTest[jvm]","com.georgeci.moneysurfer.domain.usecase.ApplyTransactionChangeUseCaseTest",""
"","46","owner cannot create an invite stamped with a different invitedByUserId","","2026-07-18","passed","2026-07-18","","invites — write","invites — write owner cannot create an invite stamped with a different invitedByUserId",""
"","431","round-trip: an exported file imports every transaction into an empty database[jvm]","","2026-07-16","passed","2026-07-16","","ExportImportTransactionsUseCaseTest[jvm]","com.georgeci.moneysurfer.domain.csv.ExportImportTransactionsUseCaseTest",""
"","8","dangerous notes survive a full CSV round-trip unchanged[jvm]","","2026-07-16","passed","2026-07-16","","TransactionCsvCodecTest[jvm]","com.georgeci.moneysurfer.domain.csv.TransactionCsvCodecTest",""
"","0","'1 2' (spaces)[jvm]","","2026-07-18","passed","2026-07-18","","AmountInputTransformationTest[jvm]","com.georgeci.moneysurfer.utils.AmountInputTransformationTest",""
"","9","thrown Throwable from upload becomes SyncError.Unknown[jvm]","","2026-07-16","passed","2026-07-16","","SyncCoordinatorImplBranchSpec[jvm]","com.georgeci.moneysurfer.sync.coordinator.SyncCoordinatorImplBranchSpec",""
"","0","'42,123' (comma with three cents)[jvm]","","2026-07-18","passed","2026-07-18","","AmountInputTransformationTest[jvm]","com.georgeci.moneysurfer.utils.AmountInputTransformationTest",""
"","6","awaitNetwork indefinite proceeds when network returns[jvm]","","2026-07-16","passed","2026-07-16","","SyncCoordinatorImplSpec[jvm]","com.georgeci.moneysurfer.sync.coordinator.SyncCoordinatorImplSpec",""
"","3","cursor returns null when no row exists[jvm]","","2026-07-16","passed","2026-07-16","","SyncMetaRepositoryImplSpec[jvm]","com.georgeci.moneysurfer.sync.internal.repository.SyncMetaRepositoryImplSpec",""
"","4","manifest declaring a missing file surfaces MissingFile[jvm]","","2026-07-16","passed","2026-07-16","","BackupImporterImplJvmTest[jvm]","com.georgeci.moneysurfer.data.backup.BackupImporterImplJvmTest",""
"","2","markCompleted deletes rows; empty list is a no-op[jvm]","","2026-07-16","passed","2026-07-16","","PendingMutationQueueImplSpec[jvm]","com.georgeci.moneysurfer.sync.internal.repository.PendingMutationQueueImplSpec",""
"","3","CompositeCancelToken not cancelled when no children cancelled[jvm]","","2026-07-16","passed","2026-07-16","","SyncCancelTokenSpec[jvm]","com.georgeci.moneysurfer.sync.api.SyncCancelTokenSpec",""
"","0","'00.5' (leading zeros with decimal)[jvm]","","2026-07-18","passed","2026-07-18","","AmountInputTransformationTest[jvm]","com.georgeci.moneysurfer.utils.AmountInputTransformationTest",""
"","0","delegate constructor preserves the supplied context[jvm]","","2026-07-16","passed","2026-07-16","","ApplicationScopeSpec[jvm]","com.georgeci.moneysurfer.sync.runtime.ApplicationScopeSpec",""
"","10","toString contains the id and entityType[jvm]","","2026-07-16","passed","2026-07-16","","PendingMutationSpec[jvm]","com.georgeci.moneysurfer.sync.repository.PendingMutationSpec",""
"","24","owner can create a member row for someone else (no invite reference needed)","","2026-07-18","passed","2026-07-18","","workspaces/{wid}/members/{uid}","workspaces/{wid}/members/{uid} owner can create a member row for someone else (no invite reference needed)",""
"","0","'12a' (mixed letters and digits)[jvm]","","2026-07-18","passed","2026-07-18","","AmountInputTransformationTest[jvm]","com.georgeci.moneysurfer.utils.AmountInputTransformationTest",""
"","2","addDownload accumulates downloadedCount[jvm]","","2026-07-16","passed","2026-07-16","","SyncSummaryBuilderSpec[jvm]","com.georgeci.moneysurfer.sync.api.SyncSummaryBuilderSpec",""
"","7","SyncHandleStatus.Cancelled is singleton[jvm]","","2026-07-16","passed","2026-07-16","","SyncStateSpec[jvm]","com.georgeci.moneysurfer.sync.api.SyncStateSpec",""
"","6","no-op edit (same impact) yields empty delta[jvm]","","2026-07-16","passed","2026-07-16","","CalculateBalanceDeltaTest[jvm]","com.georgeci.moneysurfer.domain.model.CalculateBalanceDeltaTest",""
"","2","SimpleCancelToken cancel flips state[jvm]","","2026-07-16","passed","2026-07-16","","SyncCancelTokenSpec[jvm]","com.georgeci.moneysurfer.sync.api.SyncCancelTokenSpec",""
"","11","update bumps updatedAt and enqueues UPDATE[jvm]","","2026-07-16","passed","2026-07-16","","WorkspaceMemberRepositoryDualWriteSpec[jvm]","com.georgeci.moneysurfer.data.repository.WorkspaceMemberRepositoryDualWriteSpec",""
"","5","PullingCollection defaults current and total to null[jvm]","","2026-07-16","passed","2026-07-16","","SyncStepSpec[jvm]","com.georgeci.moneysurfer.sync.api.SyncStepSpec",""
"","6","observe maps rows to domain SyncMeta[jvm]","","2026-07-16","passed","2026-07-16","","SyncMetaRepositoryImplSpec[jvm]","com.georgeci.moneysurfer.sync.internal.repository.SyncMetaRepositoryImplSpec",""
"","23","user CANNOT self-set status to REMOVED","","2026-07-18","passed","2026-07-18","","workspaces/{wid}/members/{uid}","workspaces/{wid}/members/{uid} user CANNOT self-set status to REMOVED",""
"","28","Running carries id, reasons, scope, currentStep[jvm]","","2026-07-16","passed","2026-07-16","","SyncStateSpec[jvm]","com.georgeci.moneysurfer.sync.api.SyncStateSpec",""
"","8","AllUserData does NOT fall back to the local workspace when the provider is empty[jvm]","","2026-07-16","passed","2026-07-16","","PullRemoteChangesUseCaseImplSpec[jvm]","com.georgeci.moneysurfer.data.sync.PullRemoteChangesUseCaseImplSpec",""
"","12","enqueueUpsert is a no-op when app version is Unsupported[jvm]","","2026-07-16","passed","2026-07-16","","OutboxEnqueuerSpec[jvm]","com.georgeci.moneysurfer.data.sync.OutboxEnqueuerSpec",""
"","9","fromMajor that overflows Long throws instead of wrapping[jvm]","","2026-07-16","passed","2026-07-16","","MoneyTest[jvm]","com.georgeci.moneysurfer.domain.primitives.MoneyTest",""
"","50","owner can cancel a PENDING invite","","2026-07-18","passed","2026-07-18","","invites — update / delete","invites — update / delete owner can cancel a PENDING invite",""
"","1","onSyncFailed is callable[jvm]","","2026-07-16","passed","2026-07-16","","SyncTelemetryNoOpSpec[jvm]","com.georgeci.moneysurfer.sync.telemetry.SyncTelemetryNoOpSpec",""
"","8","no-op when hasUsedDemo is false (real-account-only flow)[jvm]","","2026-07-16","passed","2026-07-16","","WipeDemoDataUseCaseSpec[jvm]","com.georgeci.moneysurfer.domain.usecase.WipeDemoDataUseCaseSpec",""
"","55","member can create + read in transactions","","2026-07-18","passed","2026-07-18","","member-gated entities (smoke for the rest)","member-gated entities (smoke for the rest) member can create + read in transactions",""
"","67","uuid generates non-empty value[jvm]","","2026-07-16","passed","2026-07-16","","SyncRequestIdSpec[jvm]","com.georgeci.moneysurfer.sync.api.SyncRequestIdSpec",""
"","1","onStepEntered is callable[jvm]","","2026-07-16","passed","2026-07-16","","SyncTelemetryNoOpSpec[jvm]","com.georgeci.moneysurfer.sync.telemetry.SyncTelemetryNoOpSpec",""
"","18","rejects when no registered user for email[jvm]","","2026-07-16","passed","2026-07-16","","SendInviteUseCaseTest[jvm]","com.georgeci.moneysurfer.domain.usecase.SendInviteUseCaseTest",""
"","22","LastSyncOutcome.Success carries summary and timestamp[jvm]","","2026-07-16","passed","2026-07-16","","SyncStateSpec[jvm]","com.georgeci.moneysurfer.sync.api.SyncStateSpec",""
"","43","toScope maps each reason[jvm]","","2026-07-16","passed","2026-07-16","","SyncScopeSpec[jvm]","com.georgeci.moneysurfer.sync.api.SyncScopeSpec",""
"","3","returns ProjectionSummary with zero recalculations for All scope[jvm]","","2026-07-16","passed","2026-07-16","","NoOpRecalculateLocalProjectionsUseCaseSpec[jvm]","com.georgeci.moneysurfer.sync.internal.usecase.NoOpRecalculateLocalProjectionsUseCaseSpec",""
"","6","create income increments cache by +amount[jvm]","","2026-07-16","passed","2026-07-16","","ApplyTransactionChangeUseCaseTest[jvm]","com.georgeci.moneysurfer.domain.usecase.ApplyTransactionChangeUseCaseTest",""
"","48","requestSync completes with success for noop use cases[jvm]","","2026-07-16","passed","2026-07-16","","SyncCoordinatorImplSpec[jvm]","com.georgeci.moneysurfer.sync.coordinator.SyncCoordinatorImplSpec",""
"","38","unauthenticated user cannot read userEmails (auth required)","","2026-07-18","passed","2026-07-18","","userEmails/{email}","userEmails/{email} unauthenticated user cannot read userEmails (auth required)",""
"","25","stranger cannot read someone else's invite by direct id","","2026-07-18","passed","2026-07-18","","invites — read","invites — read stranger cannot read someone else's invite by direct id",""
"","5","happy path: marks target REMOVED[jvm]","","2026-07-16","passed","2026-07-16","","RemoveMemberUseCaseTest[jvm]","com.georgeci.moneysurfer.domain.usecase.RemoveMemberUseCaseTest",""
"","6","conflicts and skipped docs are reflected in the summary[jvm]","","2026-07-16","passed","2026-07-16","","PullRemoteChangesUseCaseImplSpec[jvm]","com.georgeci.moneysurfer.data.sync.PullRemoteChangesUseCaseImplSpec",""
"","6","redactUid never leaks the full identifier[jvm]","","2026-07-16","passed","2026-07-16","","PiiRedactionTest[jvm]","com.georgeci.moneysurfer.domain.logging.PiiRedactionTest",""
"","0","'0.' -> '0.'[jvm]","","2026-07-18","passed","2026-07-18","","AmountInputTransformationTest[jvm]","com.georgeci.moneysurfer.utils.AmountInputTransformationTest",""
"","9","planned → actual applies impact[jvm]","","2026-07-16","passed","2026-07-16","","ApplyTransactionChangeUseCaseTest[jvm]","com.georgeci.moneysurfer.domain.usecase.ApplyTransactionChangeUseCaseTest",""
"","11","markInFlight excludes rows from pending() but markFailed brings them back[jvm]","","2026-07-16","passed","2026-07-16","","PendingMutationQueueIntegrationIT[jvm]","com.georgeci.moneysurfer.integration.sync.PendingMutationQueueIntegrationIT",""
"","3","shutdown is safe to call repeatedly (idempotent)[jvm]","","2026-07-16","passed","2026-07-16","","SessionShutdownGateImplSpec[jvm]","com.georgeci.moneysurfer.sync.internal.SessionShutdownGateImplSpec",""
"","13","markSuccess preserves cursor[jvm]","","2026-07-16","passed","2026-07-16","","SyncMetaRepositoryImplSpec[jvm]","com.georgeci.moneysurfer.data.sync.SyncMetaRepositoryImplSpec",""
"","27","user cannot squat on someone else's email key (mapping to own uid)","","2026-07-18","passed","2026-07-18","","userEmails/{email}","userEmails/{email} user cannot squat on someone else's email key (mapping to own uid)",""
"","10","sums income / expense / opening_balance for the account[jvm]","","2026-07-16","passed","2026-07-16","","RecalculateAccountBalanceUseCaseTest[jvm]","com.georgeci.moneysurfer.domain.usecase.RecalculateAccountBalanceUseCaseTest",""
"","4","exhaustive enumeration — no orphan steps[jvm]","","2026-07-16","passed","2026-07-16","","SyncStepOrderTest[jvm]","com.georgeci.moneysurfer.domain.model.SyncStepOrderTest",""
"","16","awaitNetwork bounded timeout fails with NetworkUnavailable[jvm]","","2026-07-16","passed","2026-07-16","","SyncCoordinatorImplSpec[jvm]","com.georgeci.moneysurfer.sync.coordinator.SyncCoordinatorImplSpec",""
"","0","'42.5' -> '42.5'[jvm]","","2026-07-18","passed","2026-07-18","","AmountInputTransformationTest[jvm]","com.georgeci.moneysurfer.utils.AmountInputTransformationTest",""
"","65","export fails with BackupError.Io when the DataStore prefs file is missing[jvm]","","2026-07-16","passed","2026-07-16","","BackupExporterImplJvmTest[jvm]","com.georgeci.moneysurfer.data.backup.BackupExporterImplJvmTest",""
"","3","cancelCurrent with no running sync is a no-op[jvm]","","2026-07-16","passed","2026-07-16","","SyncCoordinatorImplBranchSpec[jvm]","com.georgeci.moneysurfer.sync.coordinator.SyncCoordinatorImplBranchSpec",""
"","12","upsert (existing) enqueues UPDATE[jvm]","","2026-07-16","passed","2026-07-16","","WorkspaceInviteRepositoryDualWriteSpec[jvm]","com.georgeci.moneysurfer.data.repository.WorkspaceInviteRepositoryDualWriteSpec",""
"","409","export then import restores a deleted transaction and skips the surviving one[jvm]","","2026-07-16","passed","2026-07-16","","CsvBackupIntegrationIT[jvm]","com.georgeci.moneysurfer.integration.repository.CsvBackupIntegrationIT",""
"","29","owner create blocked when clientVersionCode missing","","2026-07-18","passed","2026-07-18","","invites — write","invites — write owner create blocked when clientVersionCode missing",""
"","5","EmulatorClientSmokeSpec[jvm]","","2026-07-16","passed","2026-07-16","","Gradle Test Run :sync-surfer:jvmTest[jvm]","Gradle Test Run :sync-surfer:jvmTest",""
"","4","isEnabled returns true when firebaseUid is non-empty[jvm]","","2026-07-16","passed","2026-07-16","","OutboxEnqueuerSpec[jvm]","com.georgeci.moneysurfer.data.sync.OutboxEnqueuerSpec",""
"","3","abs of Long.MIN_VALUE throws instead of returning a negative magnitude[jvm]","","2026-07-16","passed","2026-07-16","","MoneyTest[jvm]","com.georgeci.moneysurfer.domain.primitives.MoneyTest",""
"","16","CancellationException maps to Cancelled[jvm]","","2026-07-16","passed","2026-07-16","","SyncErrorClassifierSpec[jvm]","com.georgeci.moneysurfer.data.sync.SyncErrorClassifierSpec",""
"","86","writes two linked legs sharing transferId, tagged with the workspace's Transfer category[jvm]","","2026-07-16","passed","2026-07-16","","CreateTransferUseCaseTest[jvm]","com.georgeci.moneysurfer.domain.usecase.CreateTransferUseCaseTest",""
"","22","owner can tombstone an invite","","2026-07-18","passed","2026-07-18","","tombstone update shape (push-side soft delete)","tombstone update shape (push-side soft delete) owner can tombstone an invite",""
"","26","shutdown cancels coordinator and scheduler[jvm]","","2026-07-16","passed","2026-07-16","","SessionShutdownGateImplSpec[jvm]","com.georgeci.moneysurfer.data.sync.SessionShutdownGateImplSpec",""
"","18","happy path: creates ACTIVE member with invite role + marks invite ACCEPTED[jvm]","","2026-07-16","passed","2026-07-16","","AcceptInviteUseCaseTest[jvm]","com.georgeci.moneysurfer.domain.usecase.AcceptInviteUseCaseTest",""
"","21","cursor returns null for unknown (workspace, collection)[jvm]","","2026-07-16","passed","2026-07-16","","SyncMetaRepositoryImplSpec[jvm]","com.georgeci.moneysurfer.data.sync.SyncMetaRepositoryImplSpec",""
"","5","redactUid keeps a short prefix and drops the rest[jvm]","","2026-07-16","passed","2026-07-16","","PiiRedactionTest[jvm]","com.georgeci.moneysurfer.domain.logging.PiiRedactionTest",""
"","20","unauthenticated user is denied","","2026-07-18","passed","2026-07-18","","workspaces/{wid}","workspaces/{wid} unauthenticated user is denied",""
"","53","online build registers SignInFeatureConfig with every entry point enabled()[jvm]","","2026-07-17","passed","2026-07-17","","OnlineSignInModuleTest[jvm]","com.georgeci.moneysurfer.di.OnlineSignInModuleTest",""
"","2","ConflictResolution.TakeRemote carries the remote value[jvm]","","2026-07-16","passed","2026-07-16","","ConflictResolverSpec[jvm]","com.georgeci.moneysurfer.sync.repository.ConflictResolverSpec",""
"","18","pushAll failure keeps all local rows so a retry can re-push them[jvm]","","2026-07-16","passed","2026-07-16","","CreateWorkspaceUseCaseTest[jvm]","com.georgeci.moneysurfer.domain.usecase.CreateWorkspaceUseCaseTest",""
"","5","rejects when removing the last OWNER[jvm]","","2026-07-16","passed","2026-07-16","","RemoveMemberUseCaseTest[jvm]","com.georgeci.moneysurfer.domain.usecase.RemoveMemberUseCaseTest",""
"","10","Queued carries count[jvm]","","2026-07-16","passed","2026-07-16","","SyncStateSpec[jvm]","com.georgeci.moneysurfer.sync.api.SyncStateSpec",""
"","56","sender cannot append when list is already at cap (100)","","2026-07-18","passed","2026-07-18","","users/{uid} — invitedWorkspaceIds cross-user append","users/{uid} — invitedWorkspaceIds cross-user append sender cannot append when list is already at cap (100)",""
"","13","calling twice on a single demo session wipes once and stays cleared[jvm]","","2026-07-16","passed","2026-07-16","","WipeDemoDataUseCaseSpec[jvm]","com.georgeci.moneysurfer.domain.usecase.WipeDemoDataUseCaseSpec",""
"","249","inserts accounts with USD, EUR, RUB in same workspace and getByWorkspaceId returns all three[jvm]","","2026-07-16","passed","2026-07-16","","AccountCreationIntegrationIT[jvm]","com.georgeci.moneysurfer.integration.repository.AccountCreationIntegrationIT",""
"","10","matches java.util.zip.CRC32 for empty input[jvm]","","2026-07-16","passed","2026-07-16","","Crc32JvmTest[jvm]","com.georgeci.moneysurfer.data.backup.Crc32JvmTest",""
"","53","updates the workspace baseCurrency column in Room[jvm]","","2026-07-16","passed","2026-07-16","","WorkspaceCurrencyIntegrationIT[jvm]","com.georgeci.moneysurfer.integration.repository.WorkspaceCurrencyIntegrationIT",""
"","6","creates the system Transfer category lazily when the workspace is missing it[jvm]","","2026-07-16","passed","2026-07-16","","CreateTransferUseCaseTest[jvm]","com.georgeci.moneysurfer.domain.usecase.CreateTransferUseCaseTest",""
"","23","unauthenticated user is denied","","2026-07-18","passed","2026-07-18","","workspaces/{wid}/members/{uid}","workspaces/{wid}/members/{uid} unauthenticated user is denied",""
"","49","deleting a transaction then re-applying it restores the row and the balance[jvm]","","2026-07-16","passed","2026-07-16","","DeleteUndoIntegrationIT[jvm]","com.georgeci.moneysurfer.integration.repository.DeleteUndoIntegrationIT",""
"","47","invited user CAN self-create when the doc points at their PENDING invite","","2026-07-18","passed","2026-07-18","","workspaces/{wid}/members/{uid}","workspaces/{wid}/members/{uid} invited user CAN self-create when the doc points at their PENDING invite",""
"","22","non-member cannot read the roster","","2026-07-18","passed","2026-07-18","","workspaces/{wid}/members/{uid}","workspaces/{wid}/members/{uid} non-member cannot read the roster",""
"","5","UploadingPendingChanges title[jvm]","","2026-07-16","passed","2026-07-16","","SyncStepSpec[jvm]","com.georgeci.moneysurfer.sync.api.SyncStepSpec",""
"","17","insert + getById round-trips snapshots and timestamps[jvm]","","2026-07-16","passed","2026-07-16","","WorkspaceMemberRepositoryIntegrationIT[jvm]","com.georgeci.moneysurfer.integration.repository.WorkspaceMemberRepositoryIntegrationIT",""
"","0","'00' (double leading zero)[jvm]","","2026-07-18","passed","2026-07-18","","AmountInputTransformationTest[jvm]","com.georgeci.moneysurfer.utils.AmountInputTransformationTest",""
"","5","no remote calls when no Firebase uid (demo session)[jvm]","","2026-07-16","passed","2026-07-16","","CreateWorkspaceUseCaseTest[jvm]","com.georgeci.moneysurfer.domain.usecase.CreateWorkspaceUseCaseTest",""
"","2","every SyncScope variant currently uses null workspace filter (cross-workspace push)[jvm]","","2026-07-16","passed","2026-07-16","","PendingMutationQueueImplSpec[jvm]","com.georgeci.moneysurfer.sync.internal.repository.PendingMutationQueueImplSpec",""
"","4","isEnabled returns false when app version is Unsupported[jvm]","","2026-07-16","passed","2026-07-16","","OutboxEnqueuerSpec[jvm]","com.georgeci.moneysurfer.data.sync.OutboxEnqueuerSpec",""
"","46","accepts a minimal account (default-valued fields omitted)","","2026-07-18","passed","2026-07-18","","entity write-shape validation (issue #156)","entity write-shape validation (issue #156) accepts a minimal account (default-valued fields omitted)",""
"","26","pushAll is a no-op when the sync feature flag is disabled[jvm]","","2026-07-16","passed","2026-07-16","","SyncCoordinatorWorkspaceSyncerSpec[jvm]","com.georgeci.moneysurfer.data.sync.SyncCoordinatorWorkspaceSyncerSpec",""
"","6","minus that overflows Long on the positive side throws instead of wrapping[jvm]","","2026-07-16","passed","2026-07-16","","MoneyTest[jvm]","com.georgeci.moneysurfer.domain.primitives.MoneyTest",""
"","3","manifest JSON survives serialization[jvm]","","2026-07-16","passed","2026-07-16","","ZipStoredCodecTest[jvm]","com.georgeci.moneysurfer.data.backup.ZipStoredCodecTest",""
"","42","UnsupportedAppVersion preserves message and is not retryable[jvm]","","2026-07-16","passed","2026-07-16","","SyncErrorSpec[jvm]","com.georgeci.moneysurfer.sync.api.SyncErrorSpec",""
"","14","aborts without seeding when the demo login fails[jvm]","","2026-07-17","passed","2026-07-17","","OfflineFirstRunSeederTest[jvm]","com.georgeci.moneysurfer.offline.firstrun.OfflineFirstRunSeederTest",""
"","27","user cannot create a document under another uid","","2026-07-18","passed","2026-07-18","","users/{uid}","users/{uid} user cannot create a document under another uid",""
"","1","'0.99' -> '0.99'[jvm]","","2026-07-18","passed","2026-07-18","","AmountInputTransformationTest[jvm]","com.georgeci.moneysurfer.utils.AmountInputTransformationTest",""
"","7","mergeScope ActiveWorkspace above ChangedSinceLastSync and UploadOnly[jvm]","","2026-07-16","passed","2026-07-16","","SyncScopeSpec[jvm]","com.georgeci.moneysurfer.sync.api.SyncScopeSpec",""
"","3","enqueueUpsert generates a unique id per call[jvm]","","2026-07-16","passed","2026-07-16","","OutboxEnqueuerImplSpec[jvm]","com.georgeci.moneysurfer.sync.repository.OutboxEnqueuerImplSpec",""
"","34","every field survives an encode/decode round-trip[jvm]","","2026-07-16","passed","2026-07-16","","TransactionCsvCodecTest[jvm]","com.georgeci.moneysurfer.domain.csv.TransactionCsvCodecTest",""
"","43","getByEmail / getByTargetUserId resolve through their indexes[jvm]","","2026-07-16","passed","2026-07-16","","WorkspaceInviteRepositoryIntegrationIT[jvm]","com.georgeci.moneysurfer.integration.repository.WorkspaceInviteRepositoryIntegrationIT",""
"","3","repairs missing Cash account when workspace was pinned without one[jvm]","","2026-07-16","passed","2026-07-16","","SeedDefaultsUseCaseTest[jvm]","com.georgeci.moneysurfer.domain.usecase.SeedDefaultsUseCaseTest",""
"","8","repairs lagging accounts when the workspace currency already matches (retry path)[jvm]","","2026-07-16","passed","2026-07-16","","UpdateWorkspaceCurrencyUseCaseTest[jvm]","com.georgeci.moneysurfer.domain.usecase.UpdateWorkspaceCurrencyUseCaseTest",""
"","0","create planned produces empty delta[jvm]","","2026-07-16","passed","2026-07-16","","CalculateBalanceDeltaTest[jvm]","com.georgeci.moneysurfer.domain.model.CalculateBalanceDeltaTest",""
"","51","hard-delete is denied","","2026-07-18","passed","2026-07-18","","userEmails/{email}","userEmails/{email} hard-delete is denied",""
"","484","first run pins a demo user, seeds Personal + Cash, and defers the currency choice[jvm]","","2026-07-17","passed","2026-07-17","","OfflineFirstRunSeederTest[jvm]","com.georgeci.moneysurfer.offline.firstrun.OfflineFirstRunSeederTest",""
"","3","Completed title[jvm]","","2026-07-16","passed","2026-07-16","","SyncStepSpec[jvm]","com.georgeci.moneysurfer.sync.api.SyncStepSpec",""
"","2","reader rejects truncated entry body[jvm]","","2026-07-16","passed","2026-07-16","","ZipStoredCodecTest[jvm]","com.georgeci.moneysurfer.data.backup.ZipStoredCodecTest",""
"","1","arbitrary throwable maps to Unknown carrying the cause[jvm]","","2026-07-16","passed","2026-07-16","","SyncErrorClassifierSpec[jvm]","com.georgeci.moneysurfer.sync.internal.SyncErrorClassifierSpec",""
"","2","missing workspace root document is not counted and does not fail the pull[jvm]","","2026-07-16","passed","2026-07-16","","PullRemoteChangesUseCaseImplSpec[jvm]","com.georgeci.moneysurfer.data.sync.PullRemoteChangesUseCaseImplSpec",""
"","9","rejects when no current user[jvm]","","2026-07-16","passed","2026-07-16","","SendInviteUseCaseTest[jvm]","com.georgeci.moneysurfer.domain.usecase.SendInviteUseCaseTest",""
"","7","rethrows CancellationException instead of swallowing it[jvm]","","2026-07-16","passed","2026-07-16","","DecodeOrNullSpec[jvm]","com.georgeci.moneysurfer.data.sync.plugin.DecodeOrNullSpec",""
"","18","markCompleted with empty list is a no-op[jvm]","","2026-07-16","passed","2026-07-16","","PendingMutationQueueImplSpec[jvm]","com.georgeci.moneysurfer.data.sync.PendingMutationQueueImplSpec",""
"","4","boundary dates are inclusive[jvm]","","2026-07-16","passed","2026-07-16","","PeriodTotalsTest[jvm]","com.georgeci.moneysurfer.domain.model.PeriodTotalsTest",""
"","36","accepts a fully-populated, correctly-typed account","","2026-07-18","passed","2026-07-18","","entity write-shape validation (issue #156)","entity write-shape validation (issue #156) accepts a fully-populated, correctly-typed account",""
"","8","matches java.util.zip.CRC32 across diverse byte sequences[jvm]","","2026-07-16","passed","2026-07-16","","Crc32JvmTest[jvm]","com.georgeci.moneysurfer.data.backup.Crc32JvmTest",""
"","645","upsert (new) writes both DAO and outbox as INSERT when signed in[jvm]","","2026-07-16","passed","2026-07-16","","WorkspaceInviteRepositoryDualWriteSpec[jvm]","com.georgeci.moneysurfer.data.repository.WorkspaceInviteRepositoryDualWriteSpec",""
"","7","ActiveWorkspace scope skips the invited-workspaces phase[jvm]","","2026-07-16","passed","2026-07-16","","PullRemoteChangesUseCaseImplSpec[jvm]","com.georgeci.moneysurfer.data.sync.PullRemoteChangesUseCaseImplSpec",""
"","8","enqueueUpsert writes a PendingMutation when signed in[jvm]","","2026-07-16","passed","2026-07-16","","OutboxEnqueuerSpec[jvm]","com.georgeci.moneysurfer.data.sync.OutboxEnqueuerSpec",""
"","13","clearScope drops all rows for that workspace[jvm]","","2026-07-16","passed","2026-07-16","","SyncMetaRepositoryImplSpec[jvm]","com.georgeci.moneysurfer.data.sync.SyncMetaRepositoryImplSpec",""
"","25","tombstone with clientVersionCode below floor is denied","","2026-07-18","passed","2026-07-18","","tombstone update shape (push-side soft delete)","tombstone update shape (push-side soft delete) tombstone with clientVersionCode below floor is denied",""
"","1","delete actual income unwinds impact[jvm]","","2026-07-16","passed","2026-07-16","","CalculateBalanceDeltaTest[jvm]","com.georgeci.moneysurfer.domain.model.CalculateBalanceDeltaTest",""
"","25","rejects an account whose string name is a number","","2026-07-18","passed","2026-07-18","","entity write-shape validation (issue #156)","entity write-shape validation (issue #156) rejects an account whose string name is a number",""
"","3","ignores REMOVED ex-members when checking duplicates[jvm]","","2026-07-16","passed","2026-07-16","","SendInviteUseCaseTest[jvm]","com.georgeci.moneysurfer.domain.usecase.SendInviteUseCaseTest",""
"","26","syncWorkspace still switches the active workspace when sync is disabled[jvm]","","2026-07-16","passed","2026-07-16","","SyncCoordinatorWorkspaceSyncerSpec[jvm]","com.georgeci.moneysurfer.data.sync.SyncCoordinatorWorkspaceSyncerSpec",""
"","7","markRemoved on missing row is a no-op[jvm]","","2026-07-16","passed","2026-07-16","","WorkspaceMemberRepositoryDualWriteSpec[jvm]","com.georgeci.moneysurfer.data.repository.WorkspaceMemberRepositoryDualWriteSpec",""
"","27","unauthenticated user is denied","","2026-07-18","passed","2026-07-18","","invites — read","invites — read unauthenticated user is denied",""
"","3","Cancelled is not retryable[jvm]","","2026-07-16","passed","2026-07-16","","SyncErrorSpec[jvm]","com.georgeci.moneysurfer.sync.api.SyncErrorSpec",""
"","22","owner can update workspace metadata","","2026-07-18","passed","2026-07-18","","workspaces/{wid}","workspaces/{wid} owner can update workspace metadata",""
"","11","local pointer survives a remote failure[jvm]","","2026-07-16","passed","2026-07-16","","SelectWorkspaceUseCaseTest[jvm]","com.georgeci.moneysurfer.domain.usecase.SelectWorkspaceUseCaseTest",""
"","2","no enqueue when not signed in to Firebase (demo session)[jvm]","","2026-07-16","passed","2026-07-16","","OutboxEnqueuerImplSpec[jvm]","com.georgeci.moneysurfer.sync.repository.OutboxEnqueuerImplSpec",""
"","5","onSyncFailed branches across every SyncError variant[jvm]","","2026-07-16","passed","2026-07-16","","KermitSyncTelemetrySpec[jvm]","com.georgeci.moneysurfer.sync.internal.telemetry.KermitSyncTelemetrySpec",""
"","1676","app module graph resolves()[jvm]","","2026-07-17","passed","2026-07-17","","KoinModuleVerificationTest[jvm]","com.georgeci.moneysurfer.di.KoinModuleVerificationTest",""
"","34","pending returns rows in createdAt order[jvm]","","2026-07-16","passed","2026-07-16","","PendingMutationQueueImplSpec[jvm]","com.georgeci.moneysurfer.data.sync.PendingMutationQueueImplSpec",""
"","10","markCompleted removes rows[jvm]","","2026-07-16","passed","2026-07-16","","PendingMutationQueueImplSpec[jvm]","com.georgeci.moneysurfer.data.sync.PendingMutationQueueImplSpec",""
"","4","SyncHandleStatus.Running carries currentStep[jvm]","","2026-07-16","passed","2026-07-16","","SyncStateSpec[jvm]","com.georgeci.moneysurfer.sync.api.SyncStateSpec",""
"","6","LastSyncOutcome.Cancelled carries timestamp[jvm]","","2026-07-16","passed","2026-07-16","","SyncStateSpec[jvm]","com.georgeci.moneysurfer.sync.api.SyncStateSpec",""
"","2","CompositeCancelToken cancelled when all children cancelled[jvm]","","2026-07-16","passed","2026-07-16","","SyncCancelTokenSpec[jvm]","com.georgeci.moneysurfer.sync.api.SyncCancelTokenSpec",""
"","2","ProjectionSummary copy preserves equality semantics[jvm]","","2026-07-16","passed","2026-07-16","","ProjectionSpec[jvm]","com.georgeci.moneysurfer.sync.projection.ProjectionSpec",""
"","2","CompositeCancelToken with empty children treats as cancelled[jvm]","","2026-07-16","passed","2026-07-16","","SyncCancelTokenSpec[jvm]","com.georgeci.moneysurfer.sync.api.SyncCancelTokenSpec",""
"","1","set merge with Indefinite and Bounded picks Bounded[jvm]","","2026-07-16","passed","2026-07-16","","NetworkWaitModeSpec[jvm]","com.georgeci.moneysurfer.sync.network.NetworkWaitModeSpec",""
"","11","Either.Left(Cancelled) returned from upload completes as cancelled[jvm]","","2026-07-16","passed","2026-07-16","","SyncCoordinatorImplBranchSpec[jvm]","com.georgeci.moneysurfer.sync.coordinator.SyncCoordinatorImplBranchSpec",""
"","12","shutdown is idempotent — repeated calls keep cancelling[jvm]","","2026-07-16","passed","2026-07-16","","SessionShutdownGateImplSpec[jvm]","com.georgeci.moneysurfer.data.sync.SessionShutdownGateImplSpec",""
"","20","list across all workspaces is denied — workspace get/list both gated by isMember","","2026-07-18","passed","2026-07-18","","workspaces/{wid}","workspaces/{wid} list across all workspaces is denied — workspace get/list both gated by isMember",""
"","4","Unsupported app version short-circuits the sync with UnsupportedAppVersion[jvm]","","2026-07-16","passed","2026-07-16","","SyncCoordinatorImplSpec[jvm]","com.georgeci.moneysurfer.sync.coordinator.SyncCoordinatorImplSpec",""
"","2","CompositeCancelToken throwIfCancelled when all cancelled throws[jvm]","","2026-07-16","passed","2026-07-16","","SyncCancelTokenSpec[jvm]","com.georgeci.moneysurfer.sync.api.SyncCancelTokenSpec",""
"","36","rejects the issue scenario: transaction amount as a string","","2026-07-18","passed","2026-07-18","","entity write-shape validation (issue #156)","entity write-shape validation (issue #156) rejects the issue scenario: transaction amount as a string",""
"","13","getByWorkspaceId only returns invites of the given workspace[jvm]","","2026-07-16","passed","2026-07-16","","WorkspaceInviteRepositoryIntegrationIT[jvm]","com.georgeci.moneysurfer.integration.repository.WorkspaceInviteRepositoryIntegrationIT",""
"","4","iso=2026-05-05[jvm]","","2026-07-16","passed","2026-07-16","","TimeFormatterTest[jvm]","com.georgeci.moneysurfer.data.repository.TimeFormatterTest",""
"","48","invitee can accept by targetUserId match","","2026-07-18","passed","2026-07-18","","invites — update / delete","invites — update / delete invitee can accept by targetUserId match",""
"","14","markInFlight with empty list is a no-op[jvm]","","2026-07-16","passed","2026-07-16","","PendingMutationQueueImplSpec[jvm]","com.georgeci.moneysurfer.data.sync.PendingMutationQueueImplSpec",""
"","18","progress is reported per document with collection name and position[jvm]","","2026-07-16","passed","2026-07-16","","PullRemoteChangesUseCaseImplSpec[jvm]","com.georgeci.moneysurfer.data.sync.PullRemoteChangesUseCaseImplSpec",""
"","71","attacker CANNOT self-create by pointing at an invite addressed to someone else","","2026-07-18","passed","2026-07-18","","workspaces/{wid}/members/{uid}","workspaces/{wid}/members/{uid} attacker CANNOT self-create by pointing at an invite addressed to someone else",""
"","46","non-owner cannot create an invite","","2026-07-18","passed","2026-07-18","","invites — write","invites — write non-owner cannot create an invite",""
"","39","member can tombstone in categories","","2026-07-18","passed","2026-07-18","","tombstone update shape (push-side soft delete)","tombstone update shape (push-side soft delete) member can tombstone in categories",""
"","8","rejects invalid email[jvm]","","2026-07-16","passed","2026-07-16","","SendInviteUseCaseTest[jvm]","com.georgeci.moneysurfer.domain.usecase.SendInviteUseCaseTest",""
"","11","non-JSON manifest surfaces InvalidArchive[jvm]","","2026-07-16","passed","2026-07-16","","BackupImporterImplJvmTest[jvm]","com.georgeci.moneysurfer.data.backup.BackupImporterImplJvmTest",""
"","332","offline build resolves TransactionCreationFeatureConfig with transfer disabled[jvm]","","2026-07-17","passed","2026-07-17","","OfflineTransactionCreationFeatureConfigTest[jvm]","com.georgeci.moneysurfer.offline.di.OfflineTransactionCreationFeatureConfigTest",""
"","18","format RUB with US locale[jvm]","","2026-07-16","passed","2026-07-16","","MoneyFormatterTest[jvm]","com.georgeci.moneysurfer.domain.MoneyFormatterTest",""
"","11","PUSH_MEMBERS sits between PUSH_WORKSPACE and PUSH_INVITES[jvm]","","2026-07-16","passed","2026-07-16","","SyncStepOrderTest[jvm]","com.georgeci.moneysurfer.domain.model.SyncStepOrderTest",""
"","5","writes local pointer and pushes default when Firebase uid present[jvm]","","2026-07-16","passed","2026-07-16","","SelectWorkspaceUseCaseTest[jvm]","com.georgeci.moneysurfer.domain.usecase.SelectWorkspaceUseCaseTest",""
"","27","rejects an account whose boolean archived flag is a string","","2026-07-18","passed","2026-07-18","","entity write-shape validation (issue #156)","entity write-shape validation (issue #156) rejects an account whose boolean archived flag is a string",""
"","61","an evicted (REMOVED) member can no longer read","","2026-07-18","passed","2026-07-18","","member-gated entities (accounts)","member-gated entities (accounts) an evicted (REMOVED) member can no longer read",""
"","72","invited user CANNOT self-create against a CANCELLED invite","","2026-07-18","passed","2026-07-18","","workspaces/{wid}/members/{uid}","workspaces/{wid}/members/{uid} invited user CANNOT self-create against a CANCELLED invite",""
"","6","blank id is rejected as invalid id[jvm]","","2026-07-16","passed","2026-07-16","","TransactionCsvCodecTest[jvm]","com.georgeci.moneysurfer.domain.csv.TransactionCsvCodecTest",""
"","7","unparseable operation instant is rejected as invalid operation_at[jvm]","","2026-07-16","passed","2026-07-16","","TransactionCsvCodecTest[jvm]","com.georgeci.moneysurfer.domain.csv.TransactionCsvCodecTest",""
"","23","INCOME creation persists row and increases account balance by amount[jvm]","","2026-07-16","passed","2026-07-16","","TransactionCreationIntegrationIT[jvm]","com.georgeci.moneysurfer.integration.repository.TransactionCreationIntegrationIT",""
"","27","ActiveWorkspace pulls only the current workspace even when the provider knows more[jvm]","","2026-07-16","passed","2026-07-16","","PullRemoteChangesUseCaseImplSpec[jvm]","com.georgeci.moneysurfer.data.sync.PullRemoteChangesUseCaseImplSpec",""
"","6","epoch zero stored as blank resolves to 1970-01-01[jvm]","","2026-07-16","passed","2026-07-16","","ResolveLegacyOperationDateTest[jvm]","com.georgeci.moneysurfer.data.repository.ResolveLegacyOperationDateTest",""
"","89","imported expense adjusts the cached account balance[jvm]","","2026-07-16","passed","2026-07-16","","CsvBackupIntegrationIT[jvm]","com.georgeci.moneysurfer.integration.repository.CsvBackupIntegrationIT",""
"","83","same-currency transfer creates two legs sharing transferId, EXPENSE on source and INCOME on destination[jvm]","","2026-07-16","passed","2026-07-16","","TransferCreationIntegrationIT[jvm]","com.georgeci.moneysurfer.integration.repository.TransferCreationIntegrationIT",""
"","43","authenticated user can read app config","","2026-07-18","passed","2026-07-18","","appConfig/{docId}","appConfig/{docId} authenticated user can read app config",""
"","1","default constraints disable network/charging gates and require non-low battery[jvm]","","2026-07-16","passed","2026-07-16","","SyncConstraintsSpec[jvm]","com.georgeci.moneysurfer.sync.scheduler.SyncConstraintsSpec",""
"","46","an evicted (REMOVED) member CANNOT self-resurrect to ACTIVE","","2026-07-18","passed","2026-07-18","","workspaces/{wid}/members/{uid}","workspaces/{wid}/members/{uid} an evicted (REMOVED) member CANNOT self-resurrect to ACTIVE",""
"","2","workspace root document is applied before subcollection plugins[jvm]","","2026-07-16","passed","2026-07-16","","PullRemoteChangesUseCaseImplSpec[jvm]","com.georgeci.moneysurfer.data.sync.PullRemoteChangesUseCaseImplSpec",""
"","31","accepts a correctly-typed transaction","","2026-07-18","passed","2026-07-18","","entity write-shape validation (issue #156)","entity write-shape validation (issue #156) accepts a correctly-typed transaction",""
"","12","each creation generates a fresh workspace id and re-pins the newest one[jvm]","","2026-07-16","passed","2026-07-16","","CreateWorkspaceUseCaseTest[jvm]","com.georgeci.moneysurfer.domain.usecase.CreateWorkspaceUseCaseTest",""
"","1","ProjectionScope.Workspace exposes key[jvm]","","2026-07-16","passed","2026-07-16","","ProjectionSpec[jvm]","com.georgeci.moneysurfer.sync.projection.ProjectionSpec",""
"","55","member can create + read in budgets","","2026-07-18","passed","2026-07-18","","member-gated entities (smoke for the rest)","member-gated entities (smoke for the rest) member can create + read in budgets",""
"","40","AllUserData pulls every workspace the remote lists for the user[jvm]","","2026-07-16","passed","2026-07-16","","PullRemoteChangesUseCaseImplSpec[jvm]","com.georgeci.moneysurfer.data.sync.PullRemoteChangesUseCaseImplSpec",""
"","2","Unknown.isRetryable is true (sync should be re-attempted on next cycle)[jvm]","","2026-07-16","passed","2026-07-16","","SyncErrorClassifierSpec[jvm]","com.georgeci.moneysurfer.sync.internal.SyncErrorClassifierSpec",""
"","4","a legacy note starting with a literal apostrophe decodes unchanged[jvm]","","2026-07-16","passed","2026-07-16","","TransactionCsvCodecTest[jvm]","com.georgeci.moneysurfer.domain.csv.TransactionCsvCodecTest",""
"","20","writer + reader round-trip preserves entry names and bytes[jvm]","","2026-07-16","passed","2026-07-16","","ZipStoredCodecTest[jvm]","com.georgeci.moneysurfer.data.backup.ZipStoredCodecTest",""
"","60","failed apply leaves the cursor untouched so the batch is retried on the next sync[jvm]","","2026-07-16","passed","2026-07-16","","NewWorkspacePullIntegrationIT[jvm]","com.georgeci.moneysurfer.integration.sync.NewWorkspacePullIntegrationIT",""
"","10","workspace pull failure aborts bootstrap with AuthError[jvm]","","2026-07-16","passed","2026-07-16","","PostAuthBootstrapUseCaseTest[jvm]","com.georgeci.moneysurfer.domain.usecase.PostAuthBootstrapUseCaseTest",""
"","11","setCursor stores Instant — cursor returns the same value back[jvm]","","2026-07-16","passed","2026-07-16","","SyncMetaRepositoryImplSpec[jvm]","com.georgeci.moneysurfer.data.sync.SyncMetaRepositoryImplSpec",""
"","2","observe emits empty list for a fresh workspace[jvm]","","2026-07-16","passed","2026-07-16","","SyncMetaRepositoryImplSpec[jvm]","com.georgeci.moneysurfer.sync.internal.repository.SyncMetaRepositoryImplSpec",""
"","1","iso=2025-01-31[jvm]","","2026-07-16","passed","2026-07-16","","TimeFormatterTest[jvm]","com.georgeci.moneysurfer.data.repository.TimeFormatterTest",""
"","3","existing user with null defaultWorkspaceId falls back to the first workspace[jvm]","","2026-07-16","passed","2026-07-16","","PostAuthBootstrapUseCaseTest[jvm]","com.georgeci.moneysurfer.domain.usecase.PostAuthBootstrapUseCaseTest",""
"","103","plugin failure surfaces as a sync error and leaves the cursor untouched[jvm]","","2026-07-16","passed","2026-07-16","","PullRemoteChangesUseCaseImplSpec[jvm]","com.georgeci.moneysurfer.data.sync.PullRemoteChangesUseCaseImplSpec",""
"","7","SyncHandleStatus.Failed carries error[jvm]","","2026-07-16","passed","2026-07-16","","SyncStateSpec[jvm]","com.georgeci.moneysurfer.sync.api.SyncStateSpec",""
"","15","member insert failure returns LocalWriteFailed and skips categories, remote work and pin[jvm]","","2026-07-16","passed","2026-07-16","","CreateWorkspaceUseCaseTest[jvm]","com.georgeci.moneysurfer.domain.usecase.CreateWorkspaceUseCaseTest",""
"","2","no-ops when CreateWorkspaceUseCase has no current user (offline build pre-login)[jvm]","","2026-07-16","passed","2026-07-16","","SeedDefaultsUseCaseTest[jvm]","com.georgeci.moneysurfer.domain.usecase.SeedDefaultsUseCaseTest",""
"","37","rejects an account whose numeric balance is a string","","2026-07-18","passed","2026-07-18","","entity write-shape validation (issue #156)","entity write-shape validation (issue #156) rejects an account whose numeric balance is a string",""
"","26","create blocked when clientVersionCode missing","","2026-07-18","passed","2026-07-18","","workspaces/{wid}","workspaces/{wid} create blocked when clientVersionCode missing",""
"","38","cross-currency transfer stores fromMoney/toMoney on respective legs with each account's currencyCode[jvm]","","2026-07-16","passed","2026-07-16","","TransferCreationIntegrationIT[jvm]","com.georgeci.moneysurfer.integration.repository.TransferCreationIntegrationIT",""
"","5","negating Long.MIN_VALUE via times(-1) throws instead of wrapping[jvm]","","2026-07-16","passed","2026-07-16","","MoneyTest[jvm]","com.georgeci.moneysurfer.domain.primitives.MoneyTest",""
"","9","mutation without a matching plugin is skipped but still completed[jvm]","","2026-07-16","passed","2026-07-16","","UploadPendingChangesUseCaseImplSpec[jvm]","com.georgeci.moneysurfer.data.sync.UploadPendingChangesUseCaseImplSpec",""
"","11","insert in demo session writes DAO but skips outbox[jvm]","","2026-07-16","passed","2026-07-16","","WorkspaceMemberRepositoryDualWriteSpec[jvm]","com.georgeci.moneysurfer.data.repository.WorkspaceMemberRepositoryDualWriteSpec",""
"","1","SimpleCancelToken cancel is idempotent[jvm]","","2026-07-16","passed","2026-07-16","","SyncCancelTokenSpec[jvm]","com.georgeci.moneysurfer.sync.api.SyncCancelTokenSpec",""
"","2","merge appends child and unions reasons[jvm]","","2026-07-16","passed","2026-07-16","","MergedSyncRequestSpec[jvm]","com.georgeci.moneysurfer.sync.coordinator.MergedSyncRequestSpec",""
"","9","pending honours the limit[jvm]","","2026-07-16","passed","2026-07-16","","PendingMutationQueueImplSpec[jvm]","com.georgeci.moneysurfer.sync.internal.repository.PendingMutationQueueImplSpec",""
"","1","rejects when caller is not OWNER[jvm]","","2026-07-16","passed","2026-07-16","","SendInviteUseCaseTest[jvm]","com.georgeci.moneysurfer.domain.usecase.SendInviteUseCaseTest",""
"","82","online build registers TransactionCreationFeatureConfig with transfer enabled[jvm]","","2026-07-17","passed","2026-07-17","","OnlineTransactionCreationModuleTest[jvm]","com.georgeci.moneysurfer.di.OnlineTransactionCreationModuleTest",""
"","33","case mismatch between email claim and key is rejected","","2026-07-18","passed","2026-07-18","","userEmails/{email}","userEmails/{email} case mismatch between email claim and key is rejected",""
"","1113","offline app module graph resolves()[jvm]","","2026-07-17","passed","2026-07-17","","OfflineKoinModuleVerificationTest[jvm]","com.georgeci.moneysurfer.offline.di.OfflineKoinModuleVerificationTest",""
"","1","'abc' (letters)[jvm]","","2026-07-18","passed","2026-07-18","","AmountInputTransformationTest[jvm]","com.georgeci.moneysurfer.utils.AmountInputTransformationTest",""
"","2","pending excludes IN_FLIGHT rows after markInFlight[jvm]","","2026-07-16","passed","2026-07-16","","PendingMutationQueueImplSpec[jvm]","com.georgeci.moneysurfer.sync.internal.repository.PendingMutationQueueImplSpec",""
"","17","getByWorkspaceId returns ACTIVE and soft-deleted rows alike (UI filters by status)[jvm]","","2026-07-16","passed","2026-07-16","","WorkspaceMemberRepositoryIntegrationIT[jvm]","com.georgeci.moneysurfer.integration.repository.WorkspaceMemberRepositoryIntegrationIT",""
"","661","export writes a header plus one record per transaction and returns the count[jvm]","","2026-07-16","passed","2026-07-16","","ExportImportTransactionsUseCaseTest[jvm]","com.georgeci.moneysurfer.domain.csv.ExportImportTransactionsUseCaseTest",""
"","23","create blocked when clientVersionCode is below floor","","2026-07-18","passed","2026-07-18","","workspaces/{wid}","workspaces/{wid} create blocked when clientVersionCode is below floor",""
"","13","redactEmail masks local part and domain but keeps a correlation hint[jvm]","","2026-07-16","passed","2026-07-16","","PiiRedactionTest[jvm]","com.georgeci.moneysurfer.domain.logging.PiiRedactionTest",""
"","6","format single cent[jvm]","","2026-07-16","passed","2026-07-16","","MoneyFormatterTest[jvm]","com.georgeci.moneysurfer.domain.MoneyFormatterTest",""
"","4","a note starting with a formula trigger is neutralised on encode[jvm]","","2026-07-16","passed","2026-07-16","","TransactionCsvCodecTest[jvm]","com.georgeci.moneysurfer.domain.csv.TransactionCsvCodecTest",""
"","0","'0' -> '0'[jvm]","","2026-07-18","passed","2026-07-18","","AmountInputTransformationTest[jvm]","com.georgeci.moneysurfer.utils.AmountInputTransformationTest",""
"","18","pendingCount Flow reflects active row count[jvm]","","2026-07-16","passed","2026-07-16","","PendingMutationQueueIntegrationIT[jvm]","com.georgeci.moneysurfer.integration.sync.PendingMutationQueueIntegrationIT",""
"","1","epochMillis=0[jvm]","","2026-07-16","passed","2026-07-16","","TimeFormatterTest[jvm]","com.georgeci.moneysurfer.data.repository.TimeFormatterTest",""
"","40","rejects a nullable field with a wrong non-null type (deletedAt as string)","","2026-07-18","passed","2026-07-18","","entity write-shape validation (issue #156)","entity write-shape validation (issue #156) rejects a nullable field with a wrong non-null type (deletedAt as string)",""
"","84","failed push keeps the mutation pending with bumped attempts and a retry drains it[jvm]","","2026-07-16","passed","2026-07-16","","WorkspaceCreationSyncIntegrationIT[jvm]","com.georgeci.moneysurfer.integration.sync.WorkspaceCreationSyncIntegrationIT",""
"","43","markDeclined transitions status to DECLINED[jvm]","","2026-07-16","passed","2026-07-16","","WorkspaceInviteRepositoryDualWriteSpec[jvm]","com.georgeci.moneysurfer.data.repository.WorkspaceInviteRepositoryDualWriteSpec",""
"","13","amount_minor at the domain cap is accepted[jvm]","","2026-07-16","passed","2026-07-16","","TransactionCsvCodecTest[jvm]","com.georgeci.moneysurfer.domain.csv.TransactionCsvCodecTest",""
"","1","cancel invokes the supplied cancelAction once[jvm]","","2026-07-16","passed","2026-07-16","","SyncHandleImplSpec[jvm]","com.georgeci.moneysurfer.sync.coordinator.SyncHandleImplSpec",""
"","7","owner can leave when another owner remains[jvm]","","2026-07-16","passed","2026-07-16","","LeaveWorkspaceUseCaseTest[jvm]","com.georgeci.moneysurfer.domain.usecase.LeaveWorkspaceUseCaseTest",""
"","1","online build registers OfflineBuildFlags with isOffline false()[jvm]","","2026-07-17","passed","2026-07-17","","OnlineSignInModuleTest[jvm]","com.georgeci.moneysurfer.di.OnlineSignInModuleTest",""
"","6","all PUSH steps precede all PULL steps[jvm]","","2026-07-16","passed","2026-07-16","","SyncStepOrderTest[jvm]","com.georgeci.moneysurfer.domain.model.SyncStepOrderTest",""
"","37","insert + getById round-trips all columns including snapshots[jvm]","","2026-07-16","passed","2026-07-16","","WorkspaceInviteRepositoryIntegrationIT[jvm]","com.georgeci.moneysurfer.integration.repository.WorkspaceInviteRepositoryIntegrationIT",""
"","1","'42.123' (more than 2 cents)[jvm]","","2026-07-18","passed","2026-07-18","","AmountInputTransformationTest[jvm]","com.georgeci.moneysurfer.utils.AmountInputTransformationTest",""
"","62","member can create + read in categories","","2026-07-18","passed","2026-07-18","","member-gated entities (smoke for the rest)","member-gated entities (smoke for the rest) member can create + read in categories",""
"","6","fromMajor composes units and cents exactly[jvm]","","2026-07-16","passed","2026-07-16","","MoneyTest[jvm]","com.georgeci.moneysurfer.domain.primitives.MoneyTest",""
"","20","unauthenticated user is denied","","2026-07-18","passed","2026-07-18","","users/{uid}","users/{uid} unauthenticated user is denied",""
"","10","redactEmail returns a fixed marker for blank input[jvm]","","2026-07-16","passed","2026-07-16","","PiiRedactionTest[jvm]","com.georgeci.moneysurfer.domain.logging.PiiRedactionTest",""
"","78","create workspace persists local rows and enqueues one outbox mutation per row[jvm]","","2026-07-16","passed","2026-07-16","","WorkspaceCreationSyncIntegrationIT[jvm]","com.georgeci.moneysurfer.integration.sync.WorkspaceCreationSyncIntegrationIT",""
"","17","fetch failure propagates as AuthError.Unknown[jvm]","","2026-07-16","passed","2026-07-16","","PostAuthBootstrapUseCaseTest[jvm]","com.georgeci.moneysurfer.domain.usecase.PostAuthBootstrapUseCaseTest",""
"","3","addWorkspaceRef fires with the new workspace id so users/{uid}.workspaceIds is filled[jvm]","","2026-07-16","passed","2026-07-16","","CreateWorkspaceUseCaseTest[jvm]","com.georgeci.moneysurfer.domain.usecase.CreateWorkspaceUseCaseTest",""
"","2","default newRequestId factory generates uuid-shaped ids[jvm]","","2026-07-16","passed","2026-07-16","","SyncCoordinatorImplBranchSpec[jvm]","com.georgeci.moneysurfer.sync.coordinator.SyncCoordinatorImplBranchSpec",""
"","4","create expense decrements cache by amount[jvm]","","2026-07-16","passed","2026-07-16","","ApplyTransactionChangeUseCaseTest[jvm]","com.georgeci.moneysurfer.domain.usecase.ApplyTransactionChangeUseCaseTest",""
"","6","isolated cursors per (workspace, collection)[jvm]","","2026-07-16","passed","2026-07-16","","SyncMetaRepositoryImplSpec[jvm]","com.georgeci.moneysurfer.data.sync.SyncMetaRepositoryImplSpec",""
"","40","member can tombstone in transactions","","2026-07-18","passed","2026-07-18","","tombstone update shape (push-side soft delete)","tombstone update shape (push-side soft delete) member can tombstone in transactions",""
"","28","second sync resumes from the Room-persisted cursor and pulls only newer documents[jvm]","","2026-07-16","passed","2026-07-16","","NewWorkspacePullIntegrationIT[jvm]","com.georgeci.moneysurfer.integration.sync.NewWorkspacePullIntegrationIT",""
"","3","rejects when email already an active member[jvm]","","2026-07-16","passed","2026-07-16","","SendInviteUseCaseTest[jvm]","com.georgeci.moneysurfer.domain.usecase.SendInviteUseCaseTest",""
"","6","addConflicts accumulates conflictCount[jvm]","","2026-07-16","passed","2026-07-16","","SyncSummaryBuilderSpec[jvm]","com.georgeci.moneysurfer.sync.api.SyncSummaryBuilderSpec",""
"","44","non-member is blocked from budgets","","2026-07-18","passed","2026-07-18","","member-gated entities (smoke for the rest)","member-gated entities (smoke for the rest) non-member is blocked from budgets",""
"","1","offline build resolves SignInFeatureConfig with only demo enabled()[jvm]","","2026-07-17","passed","2026-07-17","","OfflineSignInFeatureConfigTest[jvm]","com.georgeci.moneysurfer.offline.di.OfflineSignInFeatureConfigTest",""
"","27","hard-delete is denied even for members","","2026-07-18","passed","2026-07-18","","member-gated entities (accounts)","member-gated entities (accounts) hard-delete is denied even for members",""
"","45","invitee can decline by email match (no targetUserId on doc)","","2026-07-18","passed","2026-07-18","","invites — update / delete","invites — update / delete invitee can decline by email match (no targetUserId on doc)",""
"","38","member can read another member's row (roster visibility)","","2026-07-18","passed","2026-07-18","","workspaces/{wid}/members/{uid}","workspaces/{wid}/members/{uid} member can read another member's row (roster visibility)",""
