"DESCRIPTION","DURATION IN MS","NAME","PARENT SUITE","START TIME","STATUS","STOP TIME","SUB SUITE","SUITE","TEST CLASS","TEST METHOD"
"","5","SimpleCancelToken cancel is idempotent[jvm]","","2026-07-22","passed","2026-07-22","","SyncCancelTokenSpec[jvm]","com.georgeci.moneysurfer.sync.api.SyncCancelTokenSpec",""
"","154","strings.xml files are discovered[jvm]","","2026-07-22","passed","2026-07-22","","StringResourcePlaceholderTest[jvm]","com.georgeci.moneysurfer.utils.StringResourcePlaceholderTest",""
"","9","rethrows CancellationException instead of swallowing it[jvm]","","2026-07-22","passed","2026-07-22","","DecodeOrNullSpec[jvm]","com.georgeci.moneysurfer.data.sync.plugin.DecodeOrNullSpec",""
"","3","markAttempt only updates the attempt column[jvm]","","2026-07-22","passed","2026-07-22","","SyncMetaRepositoryImplSpec[jvm]","com.georgeci.moneysurfer.sync.internal.repository.SyncMetaRepositoryImplSpec",""
"","2","offline build resolves SignInFeatureConfig with only demo enabled()[jvm]","","2026-07-22","passed","2026-07-22","","OfflineSignInFeatureConfigTest[jvm]","com.georgeci.moneysurfer.offline.di.OfflineSignInFeatureConfigTest",""
"","1","blank -> null[jvm]","","2026-07-22","passed","2026-07-22","","TimeFormatterTest[jvm]","com.georgeci.moneysurfer.data.repository.TimeFormatterTest",""
"","931","first run pins a demo user, seeds Personal + Cash, and defers the currency choice[jvm]","","2026-07-22","passed","2026-07-22","","OfflineFirstRunSeederTest[jvm]","com.georgeci.moneysurfer.offline.firstrun.OfflineFirstRunSeederTest",""
"","12","isEnabled returns false when app version is Unsupported[jvm]","","2026-07-22","passed","2026-07-22","","OutboxEnqueuerSpec[jvm]","com.georgeci.moneysurfer.data.sync.OutboxEnqueuerSpec",""
"","4","iso=2026-05-05[jvm]","","2026-07-22","passed","2026-07-22","","TimeFormatterTest[jvm]","com.georgeci.moneysurfer.data.repository.TimeFormatterTest",""
"","12","upsert (existing) enqueues UPDATE[jvm]","","2026-07-22","passed","2026-07-22","","WorkspaceInviteRepositoryDualWriteSpec[jvm]","com.georgeci.moneysurfer.data.repository.WorkspaceInviteRepositoryDualWriteSpec",""
"","11","awaitNetwork indefinite proceeds when network returns[jvm]","","2026-07-22","passed","2026-07-22","","SyncCoordinatorImplSpec[jvm]","com.georgeci.moneysurfer.sync.coordinator.SyncCoordinatorImplSpec",""
"","1","equal timestamps → take local (stable, no-op re-pull)[jvm]","","2026-07-22","passed","2026-07-22","","LwwConflictResolverSpec[jvm]","com.georgeci.moneysurfer.sync.repository.LwwConflictResolverSpec",""
"","19","enqueue persists a row with PENDING status[jvm]","","2026-07-22","passed","2026-07-22","","PendingMutationQueueImplSpec[jvm]","com.georgeci.moneysurfer.data.sync.PendingMutationQueueImplSpec",""
"","6","move expense from A to B unwinds A and applies B[jvm]","","2026-07-22","passed","2026-07-22","","CalculateBalanceDeltaTest[jvm]","com.georgeci.moneysurfer.domain.model.CalculateBalanceDeltaTest",""
"","4","ConflictMetadata exposes its fields[jvm]","","2026-07-22","passed","2026-07-22","","ConflictResolverSpec[jvm]","com.georgeci.moneysurfer.sync.repository.ConflictResolverSpec",""
"","31","member can tombstone in transactions","","2026-07-22","passed","2026-07-22","","tombstone update shape (push-side soft delete)","tombstone update shape (push-side soft delete) member can tombstone in transactions",""
"","79","same-currency transfer creates two legs sharing transferId, EXPENSE on source and INCOME on destination[jvm]","","2026-07-22","passed","2026-07-22","","TransferCreationIntegrationIT[jvm]","com.georgeci.moneysurfer.integration.repository.TransferCreationIntegrationIT",""
"","15","'5' -> '5'[jvm]","","2026-07-22","passed","2026-07-22","","AmountInputTransformationTest[jvm]","com.georgeci.moneysurfer.utils.AmountInputTransformationTest",""
"","32","enqueue then pending() returns the row in createdAt order[jvm]","","2026-07-22","passed","2026-07-22","","PendingMutationQueueIntegrationIT[jvm]","com.georgeci.moneysurfer.integration.sync.PendingMutationQueueIntegrationIT",""
"","12","no-op edit (same impact) yields empty delta[jvm]","","2026-07-22","passed","2026-07-22","","CalculateBalanceDeltaTest[jvm]","com.georgeci.moneysurfer.domain.model.CalculateBalanceDeltaTest",""
"","70","cancelAllQueued cancels queued requests but keeps the running one[jvm]","","2026-07-22","passed","2026-07-22","","SyncCoordinatorImplBranchSpec[jvm]","com.georgeci.moneysurfer.sync.coordinator.SyncCoordinatorImplBranchSpec",""
"","32","owner can create a PENDING invite stamped with their uid","","2026-07-22","passed","2026-07-22","","invites — write","invites — write owner can create a PENDING invite stamped with their uid",""
"","13","upload progress emits UploadingEntity into running state[jvm]","","2026-07-22","passed","2026-07-22","","SyncCoordinatorImplBranchSpec[jvm]","com.georgeci.moneysurfer.sync.coordinator.SyncCoordinatorImplBranchSpec",""
"","1","matches java.util.zip.CRC32 for empty input[jvm]","","2026-07-22","passed","2026-07-22","","Crc32JvmTest[jvm]","com.georgeci.moneysurfer.data.backup.Crc32JvmTest",""
"","0","'42.' -> '42.'[jvm]","","2026-07-22","passed","2026-07-22","","AmountInputTransformationTest[jvm]","com.georgeci.moneysurfer.utils.AmountInputTransformationTest",""
"","17","lastOutcome records failure when use case returns Left[jvm]","","2026-07-22","passed","2026-07-22","","SyncCoordinatorImplSpec[jvm]","com.georgeci.moneysurfer.sync.coordinator.SyncCoordinatorImplSpec",""
"","8","default newRequestId factory generates uuid-shaped ids[jvm]","","2026-07-22","passed","2026-07-22","","SyncCoordinatorImplBranchSpec[jvm]","com.georgeci.moneysurfer.sync.coordinator.SyncCoordinatorImplBranchSpec",""
"","1","demoOnly is false when anonymous is also enabled()[jvm]","","2026-07-22","passed","2026-07-22","","SignInFeatureConfigTest[jvm]","com.georgeci.moneysurfer.feature.login.SignInFeatureConfigTest",""
"","21","happy path: creates ACTIVE member with invite role + marks invite ACCEPTED[jvm]","","2026-07-22","passed","2026-07-22","","AcceptInviteUseCaseTest[jvm]","com.georgeci.moneysurfer.domain.usecase.AcceptInviteUseCaseTest",""
"","25","deleting a transaction then re-applying it restores the row and the balance[jvm]","","2026-07-22","passed","2026-07-22","","DeleteUndoIntegrationIT[jvm]","com.georgeci.moneysurfer.integration.repository.DeleteUndoIntegrationIT",""
"","22","empty outbox returns zero uploads without touching in-flight state[jvm]","","2026-07-22","passed","2026-07-22","","UploadPendingChangesUseCaseImplSpec[jvm]","com.georgeci.moneysurfer.data.sync.UploadPendingChangesUseCaseImplSpec",""
"","1","defaults enable every entry point()[jvm]","","2026-07-22","passed","2026-07-22","","SignInFeatureConfigTest[jvm]","com.georgeci.moneysurfer.feature.login.SignInFeatureConfigTest",""
"","9","writes local pointer and pushes default when Firebase uid present[jvm]","","2026-07-22","passed","2026-07-22","","SelectWorkspaceUseCaseTest[jvm]","com.georgeci.moneysurfer.domain.usecase.SelectWorkspaceUseCaseTest",""
"","1","onSyncCompleted is callable[jvm]","","2026-07-22","passed","2026-07-22","","SyncTelemetryNoOpSpec[jvm]","com.georgeci.moneysurfer.sync.telemetry.SyncTelemetryNoOpSpec",""
"","32","INCOME creation persists row and increases account balance by amount[jvm]","","2026-07-22","passed","2026-07-22","","TransactionCreationIntegrationIT[jvm]","com.georgeci.moneysurfer.integration.repository.TransactionCreationIntegrationIT",""
"","174","cancelAllQueued with empty queue is a no-op[jvm]","","2026-07-22","passed","2026-07-22","","SyncCoordinatorImplBranchSpec[jvm]","com.georgeci.moneysurfer.sync.coordinator.SyncCoordinatorImplBranchSpec",""
"","10","exhaustive enumeration — no orphan steps[jvm]","","2026-07-22","passed","2026-07-22","","SyncStepOrderTest[jvm]","com.georgeci.moneysurfer.domain.model.SyncStepOrderTest",""
"","6","remote cleanup failure keeps the local session so the user can retry[jvm]","","2026-07-22","passed","2026-07-22","","DeleteUserAccountUseCaseTest[jvm]","com.georgeci.moneysurfer.domain.usecase.DeleteUserAccountUseCaseTest",""
"","8","updates the workspace base currency[jvm]","","2026-07-22","passed","2026-07-22","","UpdateWorkspaceCurrencyUseCaseTest[jvm]","com.georgeci.moneysurfer.domain.usecase.UpdateWorkspaceCurrencyUseCaseTest",""
"","12","java.util.zip.ZipInputStream reads our stored archive[jvm]","","2026-07-22","passed","2026-07-22","","ZipStoredInteropJvmTest[jvm]","com.georgeci.moneysurfer.data.backup.ZipStoredInteropJvmTest",""
"","5","UploadingPendingChanges title[jvm]","","2026-07-22","passed","2026-07-22","","SyncStepSpec[jvm]","com.georgeci.moneysurfer.sync.api.SyncStepSpec",""
"","5","cancelCurrent with no running sync is a no-op[jvm]","","2026-07-22","passed","2026-07-22","","SyncCoordinatorImplBranchSpec[jvm]","com.georgeci.moneysurfer.sync.coordinator.SyncCoordinatorImplBranchSpec",""
"","14","PULL order is workspace → members → invites → accounts → categories → transactions[jvm]","","2026-07-22","passed","2026-07-22","","SyncStepOrderTest[jvm]","com.georgeci.moneysurfer.domain.model.SyncStepOrderTest",""
"","17","push failure completes the uploaded prefix and fails the remainder[jvm]","","2026-07-22","passed","2026-07-22","","UploadPendingChangesUseCaseImplSpec[jvm]","com.georgeci.moneysurfer.data.sync.UploadPendingChangesUseCaseImplSpec",""
"","0","actual → planned unwinds impact[jvm]","","2026-07-22","passed","2026-07-22","","ApplyTransactionChangeUseCaseTest[jvm]","com.georgeci.moneysurfer.domain.usecase.ApplyTransactionChangeUseCaseTest",""
"","3","re-currencies accounts still on the previous workspace currency[jvm]","","2026-07-22","passed","2026-07-22","","UpdateWorkspaceCurrencyUseCaseTest[jvm]","com.georgeci.moneysurfer.domain.usecase.UpdateWorkspaceCurrencyUseCaseTest",""
"","35","still pins workspace and succeeds when addWorkspaceRef throws[jvm]","","2026-07-22","passed","2026-07-22","","CreateWorkspaceUseCaseTest[jvm]","com.georgeci.moneysurfer.domain.usecase.CreateWorkspaceUseCaseTest",""
"","70","toScope maps each reason[jvm]","","2026-07-22","passed","2026-07-22","","SyncScopeSpec[jvm]","com.georgeci.moneysurfer.sync.api.SyncScopeSpec",""
"","8","throwIfCancelled does nothing when active[jvm]","","2026-07-22","passed","2026-07-22","","SyncCancelTokenSpec[jvm]","com.georgeci.moneysurfer.sync.api.SyncCancelTokenSpec",""
"","11","upsert applies status transition and respondedAt without losing snapshot fields[jvm]","","2026-07-22","passed","2026-07-22","","WorkspaceInviteRepositoryIntegrationIT[jvm]","com.georgeci.moneysurfer.integration.repository.WorkspaceInviteRepositoryIntegrationIT",""
"","7","quoted field with embedded newline advances the row number by one record[jvm]","","2026-07-22","passed","2026-07-22","","TransactionCsvCodecTest[jvm]","com.georgeci.moneysurfer.domain.csv.TransactionCsvCodecTest",""
"","10","restore flips archived flag back[jvm]","","2026-07-22","passed","2026-07-22","","ArchiveAccountUseCaseTest[jvm]","com.georgeci.moneysurfer.domain.usecase.ArchiveAccountUseCaseTest",""
"","19","user CANNOT self-set status to REMOVED","","2026-07-22","passed","2026-07-22","","workspaces/{wid}/members/{uid}","workspaces/{wid}/members/{uid} user CANNOT self-set status to REMOVED",""
"","3","no enqueue when app-version gate denies sync[jvm]","","2026-07-22","passed","2026-07-22","","OutboxEnqueuerImplSpec[jvm]","com.georgeci.moneysurfer.sync.repository.OutboxEnqueuerImplSpec",""
"","797","two seals of the same plaintext differ (fresh salt + IV)[jvm]","","2026-07-22","passed","2026-07-22","","EncryptedBackupCodecTest[jvm]","com.georgeci.moneysurfer.data.backup.EncryptedBackupCodecTest",""
"","14","SyncHandleStatus.Failed carries error[jvm]","","2026-07-22","passed","2026-07-22","","SyncStateSpec[jvm]","com.georgeci.moneysurfer.sync.api.SyncStateSpec",""
"","6","build returns zeros by default[jvm]","","2026-07-22","passed","2026-07-22","","SyncSummaryBuilderSpec[jvm]","com.georgeci.moneysurfer.sync.api.SyncSummaryBuilderSpec",""
"","8","iso=2025-01-31[jvm]","","2026-07-22","passed","2026-07-22","","TimeFormatterTest[jvm]","com.georgeci.moneysurfer.data.repository.TimeFormatterTest",""
"","20","create blocked when clientVersionCode missing","","2026-07-22","passed","2026-07-22","","workspaces/{wid}","workspaces/{wid} create blocked when clientVersionCode missing",""
"","2","isEnabled is true when signed in and gate allows[jvm]","","2026-07-22","passed","2026-07-22","","OutboxEnqueuerImplSpec[jvm]","com.georgeci.moneysurfer.sync.repository.OutboxEnqueuerImplSpec",""
"","32","member can update","","2026-07-22","passed","2026-07-22","","member-gated entities (accounts)","member-gated entities (accounts) member can update",""
"","161","writes two linked legs sharing transferId, tagged with the workspace's Transfer category[jvm]","","2026-07-22","passed","2026-07-22","","CreateTransferUseCaseTest[jvm]","com.georgeci.moneysurfer.domain.usecase.CreateTransferUseCaseTest",""
"","444","sealed blob does not contain the plaintext[jvm]","","2026-07-22","passed","2026-07-22","","EncryptedBackupCodecTest[jvm]","com.georgeci.moneysurfer.data.backup.EncryptedBackupCodecTest",""
"","6","garbage without the magic prefix is rejected as InvalidArchive[jvm]","","2026-07-22","passed","2026-07-22","","EncryptedBackupCodecTest[jvm]","com.georgeci.moneysurfer.data.backup.EncryptedBackupCodecTest",""
"","5","a note starting with a formula trigger is neutralised on encode[jvm]","","2026-07-22","passed","2026-07-22","","TransactionCsvCodecTest[jvm]","com.georgeci.moneysurfer.domain.csv.TransactionCsvCodecTest",""
"","5","malformed -> null[jvm]","","2026-07-22","passed","2026-07-22","","TimeFormatterTest[jvm]","com.georgeci.moneysurfer.data.repository.TimeFormatterTest",""
"","31","attacker CANNOT self-create by pointing at an invite addressed to someone else","","2026-07-22","passed","2026-07-22","","workspaces/{wid}/members/{uid}","workspaces/{wid}/members/{uid} attacker CANNOT self-create by pointing at an invite addressed to someone else",""
"","11","throwIfCancelled throws when cancelled[jvm]","","2026-07-22","passed","2026-07-22","","SyncCancelTokenSpec[jvm]","com.georgeci.moneysurfer.sync.api.SyncCancelTokenSpec",""
"","5","malformed stored falls back to operationAt in UTC[jvm]","","2026-07-22","passed","2026-07-22","","ResolveLegacyOperationDateTest[jvm]","com.georgeci.moneysurfer.data.repository.ResolveLegacyOperationDateTest",""
"","3","equals and hashCode treat identical fields as equal[jvm]","","2026-07-22","passed","2026-07-22","","PendingMutationSpec[jvm]","com.georgeci.moneysurfer.sync.repository.PendingMutationSpec",""
"","15","non-member cannot get the workspace doc","","2026-07-22","passed","2026-07-22","","workspaces/{wid}","workspaces/{wid} non-member cannot get the workspace doc",""
"","15","rejects when no registered user for email[jvm]","","2026-07-22","passed","2026-07-22","","SendInviteUseCaseTest[jvm]","com.georgeci.moneysurfer.domain.usecase.SendInviteUseCaseTest",""
"","11","archive missing the main DB entry surfaces MissingFile[jvm]","","2026-07-22","passed","2026-07-22","","BackupImporterImplJvmTest[jvm]","com.georgeci.moneysurfer.data.backup.BackupImporterImplJvmTest",""
"","1","times by zero is zero even for an out-of-cap magnitude[jvm]","","2026-07-22","passed","2026-07-22","","MoneyTest[jvm]","com.georgeci.moneysurfer.domain.primitives.MoneyTest",""
"","7","fromMajor composes units and cents exactly[jvm]","","2026-07-22","passed","2026-07-22","","MoneyTest[jvm]","com.georgeci.moneysurfer.domain.primitives.MoneyTest",""
"","7","unparseable operation instant is rejected as invalid operation_at[jvm]","","2026-07-22","passed","2026-07-22","","TransactionCsvCodecTest[jvm]","com.georgeci.moneysurfer.domain.csv.TransactionCsvCodecTest",""
"","15","non-owner cannot edit another member's row","","2026-07-22","passed","2026-07-22","","workspaces/{wid}/members/{uid}","workspaces/{wid}/members/{uid} non-owner cannot edit another member's row",""
"","22","unauthenticated user is denied","","2026-07-22","passed","2026-07-22","","invites — read","invites — read unauthenticated user is denied",""
"","18","onSyncFailed branches across every SyncError variant[jvm]","","2026-07-22","passed","2026-07-22","","KermitSyncTelemetrySpec[jvm]","com.georgeci.moneysurfer.sync.internal.telemetry.KermitSyncTelemetrySpec",""
"","13","format single cent[jvm]","","2026-07-22","passed","2026-07-22","","MoneyFormatterTest[jvm]","com.georgeci.moneysurfer.domain.MoneyFormatterTest",""
"","13","writes local pointer and skips remote when no Firebase uid[jvm]","","2026-07-22","passed","2026-07-22","","SelectWorkspaceUseCaseTest[jvm]","com.georgeci.moneysurfer.domain.usecase.SelectWorkspaceUseCaseTest",""
"","74","an oversized source is rejected without being fully read into memory[jvm]","","2026-07-22","passed","2026-07-22","","ExportImportTransactionsUseCaseTest[jvm]","com.georgeci.moneysurfer.domain.csv.ExportImportTransactionsUseCaseTest",""
"","25","release builds mute everything below Warn[jvm]","","2026-07-22","passed","2026-07-22","","LoggingConfigTest[jvm]","com.georgeci.moneysurfer.domain.logging.LoggingConfigTest",""
"","8","format from minor units correctly[jvm]","","2026-07-22","passed","2026-07-22","","MoneyFormatterTest[jvm]","com.georgeci.moneysurfer.domain.MoneyFormatterTest",""
"","10","format RUB with US locale[jvm]","","2026-07-22","passed","2026-07-22","","MoneyFormatterTest[jvm]","com.georgeci.moneysurfer.domain.MoneyFormatterTest",""
"","44","future format version surfaces FormatMismatch[jvm]","","2026-07-22","passed","2026-07-22","","BackupImporterImplJvmTest[jvm]","com.georgeci.moneysurfer.data.backup.BackupImporterImplJvmTest",""
"","0","'1.999' (three decimal digits)[jvm]","","2026-07-22","passed","2026-07-22","","AmountInputTransformationTest[jvm]","com.georgeci.moneysurfer.utils.AmountInputTransformationTest",""
"","30","sums income / expense / opening_balance for the account[jvm]","","2026-07-22","passed","2026-07-22","","RecalculateAccountBalanceUseCaseTest[jvm]","com.georgeci.moneysurfer.domain.usecase.RecalculateAccountBalanceUseCaseTest",""
"","15","non-owner member cannot hard-delete the workspace doc","","2026-07-22","passed","2026-07-22","","workspaces/{wid}","workspaces/{wid} non-owner member cannot hard-delete the workspace doc",""
"","3","first pull starts from cursor 0 and advances the cursor to the newest doc[jvm]","","2026-07-22","passed","2026-07-22","","PullRemoteChangesUseCaseImplSpec[jvm]","com.georgeci.moneysurfer.data.sync.PullRemoteChangesUseCaseImplSpec",""
"","8","PUSH order is workspace → members → invites → accounts → categories → transactions[jvm]","","2026-07-22","passed","2026-07-22","","SyncStepOrderTest[jvm]","com.georgeci.moneysurfer.domain.model.SyncStepOrderTest",""
"","39","authenticated user can read app config","","2026-07-22","passed","2026-07-22","","appConfig/{docId}","appConfig/{docId} authenticated user can read app config",""
"","2","calling twice on a single demo session wipes once and stays cleared[jvm]","","2026-07-22","passed","2026-07-22","","WipeDemoDataUseCaseSpec[jvm]","com.georgeci.moneysurfer.domain.usecase.WipeDemoDataUseCaseSpec",""
"","2","an ordinary note is not prefixed[jvm]","","2026-07-22","passed","2026-07-22","","TransactionCsvCodecTest[jvm]","com.georgeci.moneysurfer.domain.csv.TransactionCsvCodecTest",""
"","6","demoOnly is false when email-password is also enabled()[jvm]","","2026-07-22","passed","2026-07-22","","SignInFeatureConfigTest[jvm]","com.georgeci.moneysurfer.feature.login.SignInFeatureConfigTest",""
"","5","CompositeCancelToken throwIfCancelled when partial does not throw[jvm]","","2026-07-22","passed","2026-07-22","","SyncCancelTokenSpec[jvm]","com.georgeci.moneysurfer.sync.api.SyncCancelTokenSpec",""
"","7","stale auth session surfaces RequiresRecentLogin after cleanup[jvm]","","2026-07-22","passed","2026-07-22","","DeleteUserAccountUseCaseTest[jvm]","com.georgeci.moneysurfer.domain.usecase.DeleteUserAccountUseCaseTest",""
"","15","UploadOnly scope skips pull and recalc[jvm]","","2026-07-22","passed","2026-07-22","","SyncCoordinatorImplSpec[jvm]","com.georgeci.moneysurfer.sync.coordinator.SyncCoordinatorImplSpec",""
"","14","income and expense aggregate separately[jvm]","","2026-07-22","passed","2026-07-22","","PeriodTotalsTest[jvm]","com.georgeci.moneysurfer.domain.model.PeriodTotalsTest",""
"","3","'999999' -> '999999'[jvm]","","2026-07-22","passed","2026-07-22","","AmountInputTransformationTest[jvm]","com.georgeci.moneysurfer.utils.AmountInputTransformationTest",""
"","9","arithmetic within the domain cap stays exact[jvm]","","2026-07-22","passed","2026-07-22","","MoneyTest[jvm]","com.georgeci.moneysurfer.domain.primitives.MoneyTest",""
"","1","'00.5' (leading zeros with decimal)[jvm]","","2026-07-22","passed","2026-07-22","","AmountInputTransformationTest[jvm]","com.georgeci.moneysurfer.utils.AmountInputTransformationTest",""
"","1","redactUid fully masks short values[jvm]","","2026-07-22","passed","2026-07-22","","PiiRedactionTest[jvm]","com.georgeci.moneysurfer.domain.logging.PiiRedactionTest",""
"","1","scheduleOneShot uses default constraints when none supplied[jvm]","","2026-07-22","passed","2026-07-22","","BackgroundSyncSchedulerSpec[jvm]","com.georgeci.moneysurfer.sync.scheduler.BackgroundSyncSchedulerSpec",""
"","19","a row whose category belongs to a different workspace is rejected[jvm]","","2026-07-22","passed","2026-07-22","","ExportImportTransactionsUseCaseTest[jvm]","com.georgeci.moneysurfer.domain.csv.ExportImportTransactionsUseCaseTest",""
"","28","returns NoCurrentUser error when no current user[jvm]","","2026-07-22","passed","2026-07-22","","CreateWorkspaceUseCaseTest[jvm]","com.georgeci.moneysurfer.domain.usecase.CreateWorkspaceUseCaseTest",""
"","4","planned rows feed plannedIncome/plannedExpense[jvm]","","2026-07-22","passed","2026-07-22","","PeriodTotalsTest[jvm]","com.georgeci.moneysurfer.domain.model.PeriodTotalsTest",""
"","5","RecalculatingProjections title[jvm]","","2026-07-22","passed","2026-07-22","","SyncStepSpec[jvm]","com.georgeci.moneysurfer.sync.api.SyncStepSpec",""
"","54","member can create","","2026-07-22","passed","2026-07-22","","member-gated entities (accounts)","member-gated entities (accounts) member can create",""
"","1","ProjectionSummary carries the recalculated count[jvm]","","2026-07-22","passed","2026-07-22","","ProjectionSpec[jvm]","com.georgeci.moneysurfer.sync.projection.ProjectionSpec",""
"","22","pending honours the limit[jvm]","","2026-07-22","passed","2026-07-22","","PendingMutationQueueImplSpec[jvm]","com.georgeci.moneysurfer.sync.internal.repository.PendingMutationQueueImplSpec",""
"","23","AND-s multiple tokens[jvm]","","2026-07-22","passed","2026-07-22","","TransactionFtsIntegrationIT[jvm]","com.georgeci.moneysurfer.integration.repository.TransactionFtsIntegrationIT",""
"","9","is idempotent — second invocation does not duplicate workspace or Cash account[jvm]","","2026-07-22","passed","2026-07-22","","SeedDefaultsUseCaseTest[jvm]","com.georgeci.moneysurfer.domain.usecase.SeedDefaultsUseCaseTest",""
"","8","a missing workspace doc is skipped without touching anything[jvm]","","2026-07-22","passed","2026-07-22","","UserAccountDeletionRepositoryImplTest[jvm]","com.georgeci.moneysurfer.data.repository.UserAccountDeletionRepositoryImplTest",""
"","12","a transfer pair with one invalid leg does not import the surviving half[jvm]","","2026-07-22","passed","2026-07-22","","ExportImportTransactionsUseCaseTest[jvm]","com.georgeci.moneysurfer.domain.csv.ExportImportTransactionsUseCaseTest",""
"","15","markLeft soft-deletes: status LEFT, leftAt set, enqueues UPDATE[jvm]","","2026-07-22","passed","2026-07-22","","WorkspaceMemberRepositoryDualWriteSpec[jvm]","com.georgeci.moneysurfer.data.repository.WorkspaceMemberRepositoryDualWriteSpec",""
"","12","enqueueDelete writes DELETE mutation[jvm]","","2026-07-22","passed","2026-07-22","","OutboxEnqueuerSpec[jvm]","com.georgeci.moneysurfer.data.sync.OutboxEnqueuerSpec",""
"","4","AuthRequired is not retryable[jvm]","","2026-07-22","passed","2026-07-22","","SyncErrorSpec[jvm]","com.georgeci.moneysurfer.sync.api.SyncErrorSpec",""
"","5","rejects when no current user[jvm]","","2026-07-22","passed","2026-07-22","","LeaveWorkspaceUseCaseTest[jvm]","com.georgeci.moneysurfer.domain.usecase.LeaveWorkspaceUseCaseTest",""
"","10","cancellation between documents aborts the pull[jvm]","","2026-07-22","passed","2026-07-22","","PullRemoteChangesUseCaseImplSpec[jvm]","com.georgeci.moneysurfer.data.sync.PullRemoteChangesUseCaseImplSpec",""
"","17","category seed failure returns LocalWriteFailed and skips remote work and pin[jvm]","","2026-07-22","passed","2026-07-22","","CreateWorkspaceUseCaseTest[jvm]","com.georgeci.moneysurfer.domain.usecase.CreateWorkspaceUseCaseTest",""
"","13","mutation without a matching plugin is skipped but still completed[jvm]","","2026-07-22","passed","2026-07-22","","UploadPendingChangesUseCaseImplSpec[jvm]","com.georgeci.moneysurfer.data.sync.UploadPendingChangesUseCaseImplSpec",""
"","10","create expense → -impact[jvm]","","2026-07-22","passed","2026-07-22","","CalculateBalanceDeltaTest[jvm]","com.georgeci.moneysurfer.domain.model.CalculateBalanceDeltaTest",""
"","350","export then import restores a deleted transaction and skips the surviving one[jvm]","","2026-07-22","passed","2026-07-22","","CsvBackupIntegrationIT[jvm]","com.georgeci.moneysurfer.integration.repository.CsvBackupIntegrationIT",""
"","12","LastSyncOutcome.Failed carries error and timestamp[jvm]","","2026-07-22","passed","2026-07-22","","SyncStateSpec[jvm]","com.georgeci.moneysurfer.sync.api.SyncStateSpec",""
"","40","member can create + read in recurringRules","","2026-07-22","passed","2026-07-22","","member-gated entities (smoke for the rest)","member-gated entities (smoke for the rest) member can create + read in recurringRules",""
"","10","reader rejects truncated entry body[jvm]","","2026-07-22","passed","2026-07-22","","ZipStoredCodecTest[jvm]","com.georgeci.moneysurfer.data.backup.ZipStoredCodecTest",""
"","3262","app module graph resolves()[jvm]","","2026-07-22","passed","2026-07-22","","KoinModuleVerificationTest[jvm]","com.georgeci.moneysurfer.di.KoinModuleVerificationTest",""
"","31","markAccepted transitions status and stamps respondedAt[jvm]","","2026-07-22","passed","2026-07-22","","WorkspaceInviteRepositoryDualWriteSpec[jvm]","com.georgeci.moneysurfer.data.repository.WorkspaceInviteRepositoryDualWriteSpec",""
"","5","creates workspace, default categories, and a Cash account on first run[jvm]","","2026-07-22","passed","2026-07-22","","SeedDefaultsUseCaseTest[jvm]","com.georgeci.moneysurfer.domain.usecase.SeedDefaultsUseCaseTest",""
"","242","online build registers TransactionCreationFeatureConfig with transfer enabled[jvm]","","2026-07-22","passed","2026-07-22","","OnlineTransactionCreationModuleTest[jvm]","com.georgeci.moneysurfer.di.OnlineTransactionCreationModuleTest",""
"","35","member can create + read in transactions","","2026-07-22","passed","2026-07-22","","member-gated entities (smoke for the rest)","member-gated entities (smoke for the rest) member can create + read in transactions",""
"","21","hard-delete is denied for non-owner members","","2026-07-22","passed","2026-07-22","","member-gated entities (accounts)","member-gated entities (accounts) hard-delete is denied for non-owner members",""
"","5","conflicts and skipped docs are reflected in the summary[jvm]","","2026-07-22","passed","2026-07-22","","PullRemoteChangesUseCaseImplSpec[jvm]","com.georgeci.moneysurfer.data.sync.PullRemoteChangesUseCaseImplSpec",""
"","15","unauthenticated user cannot delete a user document","","2026-07-22","passed","2026-07-22","","users/{uid}","users/{uid} unauthenticated user cannot delete a user document",""
"","10","boundary dates are inclusive[jvm]","","2026-07-22","passed","2026-07-22","","PeriodTotalsTest[jvm]","com.georgeci.moneysurfer.domain.model.PeriodTotalsTest",""
"","8","markInFlight excludes rows from pending() but markFailed brings them back[jvm]","","2026-07-22","passed","2026-07-22","","PendingMutationQueueIntegrationIT[jvm]","com.georgeci.moneysurfer.integration.sync.PendingMutationQueueIntegrationIT",""
"","20","invitee can accept by targetUserId match","","2026-07-22","passed","2026-07-22","","invites — update / delete","invites — update / delete invitee can accept by targetUserId match",""
"","0","SyncMeta carries cursor and timestamps[jvm]","","2026-07-22","passed","2026-07-22","","SyncMetaRepositorySpec[jvm]","com.georgeci.moneysurfer.sync.repository.SyncMetaRepositorySpec",""
"","12","setCursor inserts a fresh row when none exists[jvm]","","2026-07-22","passed","2026-07-22","","SyncMetaRepositoryImplSpec[jvm]","com.georgeci.moneysurfer.sync.internal.repository.SyncMetaRepositoryImplSpec",""
"","35","local insert failure returns LocalWriteFailed and skips remote work[jvm]","","2026-07-22","passed","2026-07-22","","CreateWorkspaceUseCaseTest[jvm]","com.georgeci.moneysurfer.domain.usecase.CreateWorkspaceUseCaseTest",""
"","30","user cannot create another user's member row (only self)","","2026-07-22","passed","2026-07-22","","workspaces/{wid}/members/{uid}","workspaces/{wid}/members/{uid} user cannot create another user's member row (only self)",""
"","3","',5' -> '.5'[jvm]","","2026-07-22","passed","2026-07-22","","AmountInputTransformationTest[jvm]","com.georgeci.moneysurfer.utils.AmountInputTransformationTest",""
"","1","previousWindow is the window immediately before the given one[jvm]","","2026-07-22","passed","2026-07-22","","BudgetPeriodWindowTest[jvm]","com.georgeci.moneysurfer.domain.util.BudgetPeriodWindowTest",""
"","12","cursor returns null when no row exists[jvm]","","2026-07-22","passed","2026-07-22","","SyncMetaRepositoryImplSpec[jvm]","com.georgeci.moneysurfer.sync.internal.repository.SyncMetaRepositoryImplSpec",""
"","15","create planned produces empty delta[jvm]","","2026-07-22","passed","2026-07-22","","CalculateBalanceDeltaTest[jvm]","com.georgeci.moneysurfer.domain.model.CalculateBalanceDeltaTest",""
"","38","sender cannot remove entries from invitedWorkspaceIds","","2026-07-22","passed","2026-07-22","","users/{uid} — invitedWorkspaceIds cross-user append","users/{uid} — invitedWorkspaceIds cross-user append sender cannot remove entries from invitedWorkspaceIds",""
"","10","contains covers the start date but not the end date[jvm]","","2026-07-22","passed","2026-07-22","","BudgetPeriodWindowTest[jvm]","com.georgeci.moneysurfer.domain.util.BudgetPeriodWindowTest",""
"","30","an evicted (REMOVED) member CANNOT self-resurrect to ACTIVE","","2026-07-22","passed","2026-07-22","","workspaces/{wid}/members/{uid}","workspaces/{wid}/members/{uid} an evicted (REMOVED) member CANNOT self-resurrect to ACTIVE",""
"","68","export writes manifest first followed by main DB and DataStore entries[jvm]","","2026-07-22","passed","2026-07-22","","BackupExporterImplJvmTest[jvm]","com.georgeci.moneysurfer.data.backup.BackupExporterImplJvmTest",""
"","5","reason mapping for user-initiated reasons is Indefinite[jvm]","","2026-07-22","passed","2026-07-22","","NetworkWaitModeSpec[jvm]","com.georgeci.moneysurfer.sync.network.NetworkWaitModeSpec",""
"","34","pushAll failure surfaces as RemoteSyncFailed and skips addRef + pin[jvm]","","2026-07-22","passed","2026-07-22","","CreateWorkspaceUseCaseTest[jvm]","com.georgeci.moneysurfer.domain.usecase.CreateWorkspaceUseCaseTest",""
"","7","null in -> null out[jvm]","","2026-07-22","passed","2026-07-22","","TimeFormatterTest[jvm]","com.georgeci.moneysurfer.data.repository.TimeFormatterTest",""
"","3","returns null when nothing searchable is left[jvm]","","2026-07-22","passed","2026-07-22","","FtsQueryTest[jvm]","com.georgeci.moneysurfer.data.db.FtsQueryTest",""
"","16","stranger cannot collection-group query by another user's targetUserId","","2026-07-22","passed","2026-07-22","","invites — read","invites — read stranger cannot collection-group query by another user's targetUserId",""
"","0","'999999.99' -> '999999.99'[jvm]","","2026-07-22","passed","2026-07-22","","AmountInputTransformationTest[jvm]","com.georgeci.moneysurfer.utils.AmountInputTransformationTest",""
"","35","existing user with explicit defaultWorkspaceId is preserved[jvm]","","2026-07-22","passed","2026-07-22","","PostAuthBootstrapUseCaseTest[jvm]","com.georgeci.moneysurfer.domain.usecase.PostAuthBootstrapUseCaseTest",""
"","6","pending excludes IN_FLIGHT rows after markInFlight[jvm]","","2026-07-22","passed","2026-07-22","","PendingMutationQueueImplSpec[jvm]","com.georgeci.moneysurfer.sync.internal.repository.PendingMutationQueueImplSpec",""
"","13","enqueue stores entity with PENDING status and roundtrips fields[jvm]","","2026-07-22","passed","2026-07-22","","PendingMutationQueueImplSpec[jvm]","com.georgeci.moneysurfer.sync.internal.repository.PendingMutationQueueImplSpec",""
"","5","consolidated invalid-login-credentials classifies as InvalidCredentials[jvm]","","2026-07-22","passed","2026-07-22","","AuthErrorClassificationTest[jvm]","com.georgeci.moneysurfer.data.repository.AuthErrorClassificationTest",""
"","1","empty history yields zero[jvm]","","2026-07-22","passed","2026-07-22","","RecalculateAccountBalanceUseCaseTest[jvm]","com.georgeci.moneysurfer.domain.usecase.RecalculateAccountBalanceUseCaseTest",""
"","1","'0' -> '0'[jvm]","","2026-07-22","passed","2026-07-22","","AmountInputTransformationTest[jvm]","com.georgeci.moneysurfer.utils.AmountInputTransformationTest",""
"","16","onSyncCompleted formats counts[jvm]","","2026-07-22","passed","2026-07-22","","KermitSyncTelemetrySpec[jvm]","com.georgeci.moneysurfer.sync.internal.telemetry.KermitSyncTelemetrySpec",""
"","47","member can create + read in budgets","","2026-07-22","passed","2026-07-22","","member-gated entities (smoke for the rest)","member-gated entities (smoke for the rest) member can create + read in budgets",""
"","2","SerializationException maps to Unknown[jvm]","","2026-07-22","passed","2026-07-22","","SyncErrorClassifierSpec[jvm]","com.georgeci.moneysurfer.data.sync.SyncErrorClassifierSpec",""
"","36","accepts a fully-populated, correctly-typed budget","","2026-07-22","passed","2026-07-22","","entity write-shape validation (issue #156)","entity write-shape validation (issue #156) accepts a fully-populated, correctly-typed budget",""
"","3","amount_minor beyond the domain cap is rejected as invalid amount_minor[jvm]","","2026-07-22","passed","2026-07-22","","TransactionCsvCodecTest[jvm]","com.georgeci.moneysurfer.domain.csv.TransactionCsvCodecTest",""
"","2","ProjectionSummary copy preserves equality semantics[jvm]","","2026-07-22","passed","2026-07-22","","ProjectionSpec[jvm]","com.georgeci.moneysurfer.sync.projection.ProjectionSpec",""
"","7","parser handles CRLF line endings a UTF-8 BOM and blank lines[jvm]","","2026-07-22","passed","2026-07-22","","TransactionCsvCodecTest[jvm]","com.georgeci.moneysurfer.domain.csv.TransactionCsvCodecTest",""
"","4","redactEmail returns a fixed marker for malformed input[jvm]","","2026-07-22","passed","2026-07-22","","PiiRedactionTest[jvm]","com.georgeci.moneysurfer.domain.logging.PiiRedactionTest",""
"","12","ignores REMOVED ex-members when checking duplicates[jvm]","","2026-07-22","passed","2026-07-22","","SendInviteUseCaseTest[jvm]","com.georgeci.moneysurfer.domain.usecase.SendInviteUseCaseTest",""
"","5","create income increments cache by +amount[jvm]","","2026-07-22","passed","2026-07-22","","ApplyTransactionChangeUseCaseTest[jvm]","com.georgeci.moneysurfer.domain.usecase.ApplyTransactionChangeUseCaseTest",""
"","10","markCompleted removes rows from pending()[jvm]","","2026-07-22","passed","2026-07-22","","PendingMutationQueueIntegrationIT[jvm]","com.georgeci.moneysurfer.integration.sync.PendingMutationQueueIntegrationIT",""
"","49","still pins workspace when setDefaultWorkspace throws[jvm]","","2026-07-22","passed","2026-07-22","","CreateWorkspaceUseCaseTest[jvm]","com.georgeci.moneysurfer.domain.usecase.CreateWorkspaceUseCaseTest",""
"","33","returns null when decode throws a ClassCastException (platform decoder mismatch)[jvm]","","2026-07-22","passed","2026-07-22","","DecodeOrNullSpec[jvm]","com.georgeci.moneysurfer.data.sync.plugin.DecodeOrNullSpec",""
"","17","user cannot create a document under another uid","","2026-07-22","passed","2026-07-22","","users/{uid}","users/{uid} user cannot create a document under another uid",""
"","1","DEFAULT_BATCH_LIMIT is 100[jvm]","","2026-07-22","passed","2026-07-22","","PendingMutationQueueSpec[jvm]","com.georgeci.moneysurfer.sync.repository.PendingMutationQueueSpec",""
"","13","markDeclined transitions status to DECLINED[jvm]","","2026-07-22","passed","2026-07-22","","WorkspaceInviteRepositoryDualWriteSpec[jvm]","com.georgeci.moneysurfer.data.repository.WorkspaceInviteRepositoryDualWriteSpec",""
"","292","format positive amount in USD with US locale[jvm]","","2026-07-22","passed","2026-07-22","","MoneyFormatterTest[jvm]","com.georgeci.moneysurfer.domain.MoneyFormatterTest",""
"","3","CancellationException maps to SyncError.Cancelled[jvm]","","2026-07-22","passed","2026-07-22","","SyncErrorClassifierSpec[jvm]","com.georgeci.moneysurfer.sync.internal.SyncErrorClassifierSpec",""
"","0","'abc' (letters)[jvm]","","2026-07-22","passed","2026-07-22","","AmountInputTransformationTest[jvm]","com.georgeci.moneysurfer.utils.AmountInputTransformationTest",""
"","14","member cannot hard-delete a member row (not even their own)","","2026-07-22","passed","2026-07-22","","workspaces/{wid}/members/{uid}","workspaces/{wid}/members/{uid} member cannot hard-delete a member row (not even their own)",""
"","60","weekly window is the 7 days anchored on the start date's weekday[jvm]","","2026-07-22","passed","2026-07-22","","BudgetPeriodWindowTest[jvm]","com.georgeci.moneysurfer.domain.util.BudgetPeriodWindowTest",""
"","22","owner create blocked when clientVersionCode missing","","2026-07-22","passed","2026-07-22","","invites — write","invites — write owner create blocked when clientVersionCode missing",""
"","16","getByWorkspaceId returns ACTIVE and soft-deleted rows alike (UI filters by status)[jvm]","","2026-07-22","passed","2026-07-22","","WorkspaceMemberRepositoryIntegrationIT[jvm]","com.georgeci.moneysurfer.integration.repository.WorkspaceMemberRepositoryIntegrationIT",""
"","6","blob shorter than header + MAC is rejected as InvalidArchive[jvm]","","2026-07-22","passed","2026-07-22","","EncryptedBackupCodecTest[jvm]","com.georgeci.moneysurfer.data.backup.EncryptedBackupCodecTest",""
"","3","happy path: editor can leave[jvm]","","2026-07-22","passed","2026-07-22","","LeaveWorkspaceUseCaseTest[jvm]","com.georgeci.moneysurfer.domain.usecase.LeaveWorkspaceUseCaseTest",""
"","10","redactUid never leaks the full identifier[jvm]","","2026-07-22","passed","2026-07-22","","PiiRedactionTest[jvm]","com.georgeci.moneysurfer.domain.logging.PiiRedactionTest",""
"","204","owner with no other members purges the workspace, subcollections before the root doc[jvm]","","2026-07-22","passed","2026-07-22","","UserAccountDeletionRepositoryImplTest[jvm]","com.georgeci.moneysurfer.data.repository.UserAccountDeletionRepositoryImplTest",""
"","10","CancellationException maps to Cancelled[jvm]","","2026-07-22","passed","2026-07-22","","SyncErrorClassifierSpec[jvm]","com.georgeci.moneysurfer.data.sync.SyncErrorClassifierSpec",""
"","16","signed-in user can create a workspace they own","","2026-07-22","passed","2026-07-22","","workspaces/{wid}","workspaces/{wid} signed-in user can create a workspace they own",""
"","11","syncAll is a no-op when the sync feature flag is disabled[jvm]","","2026-07-22","passed","2026-07-22","","SyncCoordinatorWorkspaceSyncerSpec[jvm]","com.georgeci.moneysurfer.data.sync.SyncCoordinatorWorkspaceSyncerSpec",""
"","1","merge keeps narrower scope when both narrow[jvm]","","2026-07-22","passed","2026-07-22","","MergedSyncRequestSpec[jvm]","com.georgeci.moneysurfer.sync.coordinator.MergedSyncRequestSpec",""
"","11","enqueueUpsert rejects DELETE operation[jvm]","","2026-07-22","passed","2026-07-22","","OutboxEnqueuerSpec[jvm]","com.georgeci.moneysurfer.data.sync.OutboxEnqueuerSpec",""
"","2","clearAll is idempotent[jvm]","","2026-07-22","passed","2026-07-22","","RemoteDataResetRepositoryImplSpec[jvm]","com.georgeci.moneysurfer.sync.repository.RemoteDataResetRepositoryImplSpec",""
"","20","happy path: persists PENDING invite with TTL and lowercase email[jvm]","","2026-07-22","passed","2026-07-22","","SendInviteUseCaseTest[jvm]","com.georgeci.moneysurfer.domain.usecase.SendInviteUseCaseTest",""
"","45","sender cannot append when list is already at cap (100)","","2026-07-22","passed","2026-07-22","","users/{uid} — invitedWorkspaceIds cross-user append","users/{uid} — invitedWorkspaceIds cross-user append sender cannot append when list is already at cap (100)",""
"","237","SimpleCancelToken starts not cancelled[jvm]","","2026-07-22","passed","2026-07-22","","SyncCancelTokenSpec[jvm]","com.georgeci.moneysurfer.sync.api.SyncCancelTokenSpec",""
"","11","LastSyncOutcome.None is singleton[jvm]","","2026-07-22","passed","2026-07-22","","SyncStateSpec[jvm]","com.georgeci.moneysurfer.sync.api.SyncStateSpec",""
"","6","rejects when removing the last OWNER[jvm]","","2026-07-22","passed","2026-07-22","","RemoveMemberUseCaseTest[jvm]","com.georgeci.moneysurfer.domain.usecase.RemoveMemberUseCaseTest",""
"","6","Cancelled is not retryable[jvm]","","2026-07-22","passed","2026-07-22","","SyncErrorSpec[jvm]","com.georgeci.moneysurfer.sync.api.SyncErrorSpec",""
"","44","first-time user creates remote doc and returns FirstTime[jvm]","","2026-07-22","passed","2026-07-22","","PostAuthBootstrapUseCaseTest[jvm]","com.georgeci.moneysurfer.domain.usecase.PostAuthBootstrapUseCaseTest",""
"","1","ActiveWorkspace scope skips the invited-workspaces phase[jvm]","","2026-07-22","passed","2026-07-22","","PullRemoteChangesUseCaseImplSpec[jvm]","com.georgeci.moneysurfer.data.sync.PullRemoteChangesUseCaseImplSpec",""
"","7","dangerous notes survive a full CSV round-trip unchanged[jvm]","","2026-07-22","passed","2026-07-22","","TransactionCsvCodecTest[jvm]","com.georgeci.moneysurfer.domain.csv.TransactionCsvCodecTest",""
"","2","PullingCollection defaults current and total to null[jvm]","","2026-07-22","passed","2026-07-22","","SyncStepSpec[jvm]","com.georgeci.moneysurfer.sync.api.SyncStepSpec",""
"","12","non-owner never purges someone else's workspace, even when alone in it[jvm]","","2026-07-22","passed","2026-07-22","","UserAccountDeletionRepositoryImplTest[jvm]","com.georgeci.moneysurfer.data.repository.UserAccountDeletionRepositoryImplTest",""
"","13","empty batch keeps the cursor untouched but still marks success[jvm]","","2026-07-22","passed","2026-07-22","","PullRemoteChangesUseCaseImplSpec[jvm]","com.georgeci.moneysurfer.data.sync.PullRemoteChangesUseCaseImplSpec",""
"","14","ActiveWorkspace scope pulls the workspace pinned in the session[jvm]","","2026-07-22","passed","2026-07-22","","NewWorkspacePullIntegrationIT[jvm]","com.georgeci.moneysurfer.integration.sync.NewWorkspacePullIntegrationIT",""
"","1900","encrypted round-trip restores data with the right passphrase[jvm]","","2026-07-22","passed","2026-07-22","","BackupEncryptedRoundTripJvmTest[jvm]","com.georgeci.moneysurfer.data.backup.BackupEncryptedRoundTripJvmTest",""
"","10","rejects when caller is not OWNER[jvm]","","2026-07-22","passed","2026-07-22","","SendInviteUseCaseTest[jvm]","com.georgeci.moneysurfer.domain.usecase.SendInviteUseCaseTest",""
"","1","'42.50' -> '42.50'[jvm]","","2026-07-22","passed","2026-07-22","","AmountInputTransformationTest[jvm]","com.georgeci.moneysurfer.utils.AmountInputTransformationTest",""
"","17","empty list yields zero totals[jvm]","","2026-07-22","passed","2026-07-22","","PeriodTotalsTest[jvm]","com.georgeci.moneysurfer.domain.model.PeriodTotalsTest",""
"","48","rejects when invite already accepted[jvm]","","2026-07-22","passed","2026-07-22","","AcceptInviteUseCaseTest[jvm]","com.georgeci.moneysurfer.domain.usecase.AcceptInviteUseCaseTest",""
"","24","create blocked when clientVersionCode is below floor (0)","","2026-07-22","passed","2026-07-22","","member-gated entities (accounts)","member-gated entities (accounts) create blocked when clientVersionCode is below floor (0)",""
"","8","CompositeCancelToken not cancelled when only some children cancelled[jvm]","","2026-07-22","passed","2026-07-22","","SyncCancelTokenSpec[jvm]","com.georgeci.moneysurfer.sync.api.SyncCancelTokenSpec",""
"","55","patch stamps deletedAt and updatedAt from the mutation enqueue time[jvm]","","2026-07-22","passed","2026-07-22","","TombstonePatchSpec[jvm]","com.georgeci.moneysurfer.data.sync.plugin.TombstonePatchSpec",""
"","147","uuid generates unique values[jvm]","","2026-07-22","passed","2026-07-22","","SyncRequestIdSpec[jvm]","com.georgeci.moneysurfer.sync.api.SyncRequestIdSpec",""
"","1","'1 2' (spaces)[jvm]","","2026-07-22","passed","2026-07-22","","AmountInputTransformationTest[jvm]","com.georgeci.moneysurfer.utils.AmountInputTransformationTest",""
"","11","email is normalised before the mapping lookup[jvm]","","2026-07-22","passed","2026-07-22","","UserAccountDeletionRepositoryImplTest[jvm]","com.georgeci.moneysurfer.data.repository.UserAccountDeletionRepositoryImplTest",""
"","142","string resources use only indexed placeholders[jvm]","","2026-07-22","passed","2026-07-22","","StringResourcePlaceholderTest[jvm]","com.georgeci.moneysurfer.utils.StringResourcePlaceholderTest",""
"","17","user can create their own document","","2026-07-22","passed","2026-07-22","","users/{uid}","users/{uid} user can create their own document",""
"","4","Completed title[jvm]","","2026-07-22","passed","2026-07-22","","SyncStepSpec[jvm]","com.georgeci.moneysurfer.sync.api.SyncStepSpec",""
"","107","requestSync completes with success for noop use cases[jvm]","","2026-07-22","passed","2026-07-22","","SyncCoordinatorImplSpec[jvm]","com.georgeci.moneysurfer.sync.coordinator.SyncCoordinatorImplSpec",""
"","121","demoOnly is true only when demo is the single enabled entry point()[jvm]","","2026-07-22","passed","2026-07-22","","SignInFeatureConfigTest[jvm]","com.georgeci.moneysurfer.feature.login.SignInFeatureConfigTest",""
"","40","writes workspace, member, default categories and pins it as current (no Firebase session)[jvm]","","2026-07-22","passed","2026-07-22","","CreateWorkspaceUseCaseTest[jvm]","com.georgeci.moneysurfer.domain.usecase.CreateWorkspaceUseCaseTest",""
"","6","'+5' (plus sign)[jvm]","","2026-07-22","passed","2026-07-22","","AmountInputTransformationTest[jvm]","com.georgeci.moneysurfer.utils.AmountInputTransformationTest",""
"","42","invited user CANNOT self-create against a CANCELLED invite","","2026-07-22","passed","2026-07-22","","workspaces/{wid}/members/{uid}","workspaces/{wid}/members/{uid} invited user CANNOT self-create against a CANCELLED invite",""
"","2","a legacy note starting with a literal apostrophe decodes unchanged[jvm]","","2026-07-22","passed","2026-07-22","","TransactionCsvCodecTest[jvm]","com.georgeci.moneysurfer.domain.csv.TransactionCsvCodecTest",""
"","16","mid-pipeline cancel surfaces SyncCancelledException to the worker catch[jvm]","","2026-07-22","passed","2026-07-22","","SyncCoordinatorImplBranchSpec[jvm]","com.georgeci.moneysurfer.sync.coordinator.SyncCoordinatorImplBranchSpec",""
"","403","inserts account with USD and round-trips currency + balance[jvm]","","2026-07-22","passed","2026-07-22","","AccountCreationIntegrationIT[jvm]","com.georgeci.moneysurfer.integration.repository.AccountCreationIntegrationIT",""
"","7","wrong password aborts before shutdown and cleanup[jvm]","","2026-07-22","passed","2026-07-22","","DeleteUserAccountUseCaseTest[jvm]","com.georgeci.moneysurfer.domain.usecase.DeleteUserAccountUseCaseTest",""
"","20","matches a Cyrillic prefix — unicode61 tokenizer, not simple[jvm]","","2026-07-22","passed","2026-07-22","","TransactionFtsIntegrationIT[jvm]","com.georgeci.moneysurfer.integration.repository.TransactionFtsIntegrationIT",""
"","2","valid ISO -> LocalDate[jvm]","","2026-07-22","passed","2026-07-22","","TimeFormatterTest[jvm]","com.georgeci.moneysurfer.data.repository.TimeFormatterTest",""
"","16","owner can hard-delete the workspace doc (account-deletion purge)","","2026-07-22","passed","2026-07-22","","workspaces/{wid}","workspaces/{wid} owner can hard-delete the workspace doc (account-deletion purge)",""
"","4","LastSyncOutcome.Cancelled carries timestamp[jvm]","","2026-07-22","passed","2026-07-22","","SyncStateSpec[jvm]","com.georgeci.moneysurfer.sync.api.SyncStateSpec",""
"","67","rejected payload never replaces the live DB and leaves no temp files[jvm]","","2026-07-22","passed","2026-07-22","","BackupImporterImplJvmTest[jvm]","com.georgeci.moneysurfer.data.backup.BackupImporterImplJvmTest",""
"","1","archive on already-archived account is a no-op success[jvm]","","2026-07-22","passed","2026-07-22","","ArchiveAccountUseCaseTest[jvm]","com.georgeci.moneysurfer.domain.usecase.ArchiveAccountUseCaseTest",""
"","41","owner with another ACTIVE member keeps the workspace and only leaves it[jvm]","","2026-07-22","passed","2026-07-22","","UserAccountDeletionRepositoryImplTest[jvm]","com.georgeci.moneysurfer.data.repository.UserAccountDeletionRepositoryImplTest",""
"","143","every EN string key has a RU counterpart and vice-versa[jvm]","","2026-07-22","passed","2026-07-22","","StringResourceParityTest[jvm]","com.georgeci.moneysurfer.utils.StringResourceParityTest",""
"","23","stranger cannot transition someone else's invite","","2026-07-22","passed","2026-07-22","","invites — update / delete","invites — update / delete stranger cannot transition someone else's invite",""
"","1","delete actual income unwinds impact[jvm]","","2026-07-22","passed","2026-07-22","","CalculateBalanceDeltaTest[jvm]","com.georgeci.moneysurfer.domain.model.CalculateBalanceDeltaTest",""
"","5","ConflictResolution.TakeRemote carries the remote value[jvm]","","2026-07-22","passed","2026-07-22","","ConflictResolverSpec[jvm]","com.georgeci.moneysurfer.sync.repository.ConflictResolverSpec",""
"","3","delegate constructor preserves the supplied context[jvm]","","2026-07-22","passed","2026-07-22","","ApplicationScopeSpec[jvm]","com.georgeci.moneysurfer.sync.runtime.ApplicationScopeSpec",""
"","37","exposes id, status, steps, result via the SyncHandle interface[jvm]","","2026-07-22","passed","2026-07-22","","SyncHandleImplSpec[jvm]","com.georgeci.moneysurfer.sync.coordinator.SyncHandleImplSpec",""
"","2","no remote calls when no Firebase uid (demo session)[jvm]","","2026-07-22","passed","2026-07-22","","CreateWorkspaceUseCaseTest[jvm]","com.georgeci.moneysurfer.domain.usecase.CreateWorkspaceUseCaseTest",""
"","8","existing user with empty workspaceIds returns null default and leaves pointer untouched[jvm]","","2026-07-22","passed","2026-07-22","","PostAuthBootstrapUseCaseTest[jvm]","com.georgeci.moneysurfer.domain.usecase.PostAuthBootstrapUseCaseTest",""
"","17","enqueueUpsert is a no-op when app version is Unsupported[jvm]","","2026-07-22","passed","2026-07-22","","OutboxEnqueuerSpec[jvm]","com.georgeci.moneysurfer.data.sync.OutboxEnqueuerSpec",""
"","1","negating Long.MIN_VALUE via times(-1) throws instead of wrapping[jvm]","","2026-07-22","passed","2026-07-22","","MoneyTest[jvm]","com.georgeci.moneysurfer.domain.primitives.MoneyTest",""
"","1","online build registers OfflineBuildFlags with isOffline false()[jvm]","","2026-07-22","passed","2026-07-22","","OnlineSignInModuleTest[jvm]","com.georgeci.moneysurfer.di.OnlineSignInModuleTest",""
"","2","invited-workspaces phase is skipped without a Firebase uid[jvm]","","2026-07-22","passed","2026-07-22","","PullRemoteChangesUseCaseImplSpec[jvm]","com.georgeci.moneysurfer.data.sync.PullRemoteChangesUseCaseImplSpec",""
"","15","non-JSON manifest surfaces InvalidArchive[jvm]","","2026-07-22","passed","2026-07-22","","BackupImporterImplJvmTest[jvm]","com.georgeci.moneysurfer.data.backup.BackupImporterImplJvmTest",""
"","34","user cannot delete a mapping pointing at another uid","","2026-07-22","passed","2026-07-22","","userEmails/{email}","userEmails/{email} user cannot delete a mapping pointing at another uid",""
"","11","redactEmail masks local part and domain but keeps a correlation hint[jvm]","","2026-07-22","passed","2026-07-22","","PiiRedactionTest[jvm]","com.georgeci.moneysurfer.domain.logging.PiiRedactionTest",""
"","1","missing workspace root document is not counted and does not fail the pull[jvm]","","2026-07-22","passed","2026-07-22","","PullRemoteChangesUseCaseImplSpec[jvm]","com.georgeci.moneysurfer.data.sync.PullRemoteChangesUseCaseImplSpec",""
"","9","markRemoved on missing row is a no-op[jvm]","","2026-07-22","passed","2026-07-22","","WorkspaceMemberRepositoryDualWriteSpec[jvm]","com.georgeci.moneysurfer.data.repository.WorkspaceMemberRepositoryDualWriteSpec",""
"","29","user without an email claim (e.g. anonymous) cannot write","","2026-07-22","passed","2026-07-22","","userEmails/{email}","userEmails/{email} user without an email claim (e.g. anonymous) cannot write",""
"","13","Unsupported app version short-circuits the sync with UnsupportedAppVersion[jvm]","","2026-07-22","passed","2026-07-22","","SyncCoordinatorImplSpec[jvm]","com.georgeci.moneysurfer.sync.coordinator.SyncCoordinatorImplSpec",""
"","3","manifest JSON survives serialization[jvm]","","2026-07-22","passed","2026-07-22","","ZipStoredCodecTest[jvm]","com.georgeci.moneysurfer.data.backup.ZipStoredCodecTest",""
"","12","yearly anchor on Feb 29 clamps to Feb 28 in a non-leap year[jvm]","","2026-07-22","passed","2026-07-22","","BudgetPeriodWindowTest[jvm]","com.georgeci.moneysurfer.domain.util.BudgetPeriodWindowTest",""
"","19","syncWorkspace still switches the active workspace when sync is disabled[jvm]","","2026-07-22","passed","2026-07-22","","SyncCoordinatorWorkspaceSyncerSpec[jvm]","com.georgeci.moneysurfer.data.sync.SyncCoordinatorWorkspaceSyncerSpec",""
"","22","archive on missing account returns AccountNotFound[jvm]","","2026-07-22","passed","2026-07-22","","ArchiveAccountUseCaseTest[jvm]","com.georgeci.moneysurfer.domain.usecase.ArchiveAccountUseCaseTest",""
"","2","no-op when hasUsedDemo is false (real-account-only flow)[jvm]","","2026-07-22","passed","2026-07-22","","WipeDemoDataUseCaseSpec[jvm]","com.georgeci.moneysurfer.domain.usecase.WipeDemoDataUseCaseSpec",""
"","2","abs(money) handles legacy signed expense correctly[jvm]","","2026-07-22","passed","2026-07-22","","PeriodTotalsTest[jvm]","com.georgeci.moneysurfer.domain.model.PeriodTotalsTest",""
"","29","rejects an account whose boolean archived flag is a string","","2026-07-22","passed","2026-07-22","","entity write-shape validation (issue #156)","entity write-shape validation (issue #156) rejects an account whose boolean archived flag is a string",""
"","7","clearScope drops all rows for that workspace[jvm]","","2026-07-22","passed","2026-07-22","","SyncMetaRepositoryImplSpec[jvm]","com.georgeci.moneysurfer.data.sync.SyncMetaRepositoryImplSpec",""
"","13","remote calls fire in strict order: syncWorkspace → addWorkspaceRef → setDefaultWorkspace[jvm]","","2026-07-22","passed","2026-07-22","","CreateWorkspaceUseCaseTest[jvm]","com.georgeci.moneysurfer.domain.usecase.CreateWorkspaceUseCaseTest",""
"","755","unicode passphrases round-trip and are distinct from lookalikes[jvm]","","2026-07-22","passed","2026-07-22","","EncryptedBackupCodecTest[jvm]","com.georgeci.moneysurfer.data.backup.EncryptedBackupCodecTest",""
"","6","setCursor preserves earlier markAttempt / markSuccess timestamps[jvm]","","2026-07-22","passed","2026-07-22","","SyncMetaRepositoryImplSpec[jvm]","com.georgeci.moneysurfer.data.sync.SyncMetaRepositoryImplSpec",""
"","21","user can self-update status to LEFT","","2026-07-22","passed","2026-07-22","","workspaces/{wid}/members/{uid}","workspaces/{wid}/members/{uid} user can self-update status to LEFT",""
"","12","surfaces remote lookup failure as RemoteSyncFailed[jvm]","","2026-07-22","passed","2026-07-22","","SendInviteUseCaseTest[jvm]","com.georgeci.moneysurfer.domain.usecase.SendInviteUseCaseTest",""
"","1","CompositeCancelToken cancel propagates to all children[jvm]","","2026-07-22","passed","2026-07-22","","SyncCancelTokenSpec[jvm]","com.georgeci.moneysurfer.sync.api.SyncCancelTokenSpec",""
"","2","planned → actual applies impact[jvm]","","2026-07-22","passed","2026-07-22","","ApplyTransactionChangeUseCaseTest[jvm]","com.georgeci.moneysurfer.domain.usecase.ApplyTransactionChangeUseCaseTest",""
"","11","tolerates DECLINED/CANCELLED past invites for the email[jvm]","","2026-07-22","passed","2026-07-22","","SendInviteUseCaseTest[jvm]","com.georgeci.moneysurfer.domain.usecase.SendInviteUseCaseTest",""
"","3","clearScope removes only rows for the requested workspace[jvm]","","2026-07-22","passed","2026-07-22","","SyncMetaRepositoryImplSpec[jvm]","com.georgeci.moneysurfer.sync.internal.repository.SyncMetaRepositoryImplSpec",""
"","16","owner can create a member row for someone else (no invite reference needed)","","2026-07-22","passed","2026-07-22","","workspaces/{wid}/members/{uid}","workspaces/{wid}/members/{uid} owner can create a member row for someone else (no invite reference needed)",""
"","64","recipient can collection-group query by targetUserId","","2026-07-22","passed","2026-07-22","","invites — read","invites — read recipient can collection-group query by targetUserId",""
"","0","empty set is Indefinite[jvm]","","2026-07-22","passed","2026-07-22","","NetworkWaitModeSpec[jvm]","com.georgeci.moneysurfer.sync.network.NetworkWaitModeSpec",""
"","4","raises WorkspaceNotFound when the workspace does not exist[jvm]","","2026-07-22","passed","2026-07-22","","UpdateWorkspaceCurrencyUseCaseTest[jvm]","com.georgeci.moneysurfer.domain.usecase.UpdateWorkspaceCurrencyUseCaseTest",""
"","4","explicit value is preserved[jvm]","","2026-07-22","passed","2026-07-22","","SyncRequestIdSpec[jvm]","com.georgeci.moneysurfer.sync.api.SyncRequestIdSpec",""
"","0","'007' (leading zeros)[jvm]","","2026-07-22","passed","2026-07-22","","AmountInputTransformationTest[jvm]","com.georgeci.moneysurfer.utils.AmountInputTransformationTest",""
"","1","all counters compose into one summary[jvm]","","2026-07-22","passed","2026-07-22","","SyncSummaryBuilderSpec[jvm]","com.georgeci.moneysurfer.sync.api.SyncSummaryBuilderSpec",""
"","11","an empty file fails the whole import[jvm]","","2026-07-22","passed","2026-07-22","","ExportImportTransactionsUseCaseTest[jvm]","com.georgeci.moneysurfer.domain.csv.ExportImportTransactionsUseCaseTest",""
"","7","repeat delete (null/null) is a no-op[jvm]","","2026-07-22","passed","2026-07-22","","ApplyTransactionChangeUseCaseTest[jvm]","com.georgeci.moneysurfer.domain.usecase.ApplyTransactionChangeUseCaseTest",""
"","13","pull progress emits PullingCollection into running state[jvm]","","2026-07-22","passed","2026-07-22","","SyncCoordinatorImplBranchSpec[jvm]","com.georgeci.moneysurfer.sync.coordinator.SyncCoordinatorImplBranchSpec",""
"","58","client cannot write app config (Console-only)","","2026-07-22","passed","2026-07-22","","appConfig/{docId}","appConfig/{docId} client cannot write app config (Console-only)",""
"","6","email-already-in-use classifies as EmailAlreadyInUse[jvm]","","2026-07-22","passed","2026-07-22","","AuthErrorClassificationTest[jvm]","com.georgeci.moneysurfer.data.repository.AuthErrorClassificationTest",""
"","58","signed-in user can read a userEmails doc by exact key","","2026-07-22","passed","2026-07-22","","userEmails/{email}","userEmails/{email} signed-in user can read a userEmails doc by exact key",""
"","4","CompositeCancelToken with empty children treats as cancelled[jvm]","","2026-07-22","passed","2026-07-22","","SyncCancelTokenSpec[jvm]","com.georgeci.moneysurfer.sync.api.SyncCancelTokenSpec",""
"","7","Failed title carries error[jvm]","","2026-07-22","passed","2026-07-22","","SyncStepSpec[jvm]","com.georgeci.moneysurfer.sync.api.SyncStepSpec",""
"","22","blank stored falls back to operationAt in UTC[jvm]","","2026-07-22","passed","2026-07-22","","ResolveLegacyOperationDateTest[jvm]","com.georgeci.moneysurfer.data.repository.ResolveLegacyOperationDateTest",""
"","18","import skips rows whose id already exists locally[jvm]","","2026-07-22","passed","2026-07-22","","ExportImportTransactionsUseCaseTest[jvm]","com.georgeci.moneysurfer.domain.csv.ExportImportTransactionsUseCaseTest",""
"","1","'42.123' (more than 2 cents)[jvm]","","2026-07-22","passed","2026-07-22","","AmountInputTransformationTest[jvm]","com.georgeci.moneysurfer.utils.AmountInputTransformationTest",""
"","0","SyncMeta copy override changes targeted field only[jvm]","","2026-07-22","passed","2026-07-22","","SyncMetaRepositorySpec[jvm]","com.georgeci.moneysurfer.sync.repository.SyncMetaRepositorySpec",""
"","2","AllUserData does NOT fall back to the local workspace when the provider is empty[jvm]","","2026-07-22","passed","2026-07-22","","PullRemoteChangesUseCaseImplSpec[jvm]","com.georgeci.moneysurfer.data.sync.PullRemoteChangesUseCaseImplSpec",""
"","6","epochMillis=1700000000000[jvm]","","2026-07-22","passed","2026-07-22","","TimeFormatterTest[jvm]","com.georgeci.moneysurfer.data.repository.TimeFormatterTest",""
"","13","CRC corruption is rejected[jvm]","","2026-07-22","passed","2026-07-22","","BackupImporterImplJvmTest[jvm]","com.georgeci.moneysurfer.data.backup.BackupImporterImplJvmTest",""
"","5","WaitingForNetwork title[jvm]","","2026-07-22","passed","2026-07-22","","SyncStepSpec[jvm]","com.georgeci.moneysurfer.sync.api.SyncStepSpec",""
"","23","planned transaction contributes nothing[jvm]","","2026-07-22","passed","2026-07-22","","BalanceImpactTest[jvm]","com.georgeci.moneysurfer.domain.model.BalanceImpactTest",""
"","11","create income → +impact[jvm]","","2026-07-22","passed","2026-07-22","","CalculateBalanceDeltaTest[jvm]","com.georgeci.moneysurfer.domain.model.CalculateBalanceDeltaTest",""
"","6","Generic exception maps to Unknown[jvm]","","2026-07-22","passed","2026-07-22","","SyncErrorClassifierSpec[jvm]","com.georgeci.moneysurfer.data.sync.SyncErrorClassifierSpec",""
"","11","cursor returns null for unknown (workspace, collection)[jvm]","","2026-07-22","passed","2026-07-22","","SyncMetaRepositoryImplSpec[jvm]","com.georgeci.moneysurfer.data.sync.SyncMetaRepositoryImplSpec",""
"","1","mergeScope ActiveWorkspace above ChangedSinceLastSync and UploadOnly[jvm]","","2026-07-22","passed","2026-07-22","","SyncScopeSpec[jvm]","com.georgeci.moneysurfer.sync.api.SyncScopeSpec",""
"","24","plus that overflows Long throws instead of wrapping[jvm]","","2026-07-22","passed","2026-07-22","","MoneyTest[jvm]","com.georgeci.moneysurfer.domain.primitives.MoneyTest",""
"","11","a transfer leg pairs with its duplicate counterpart already in the database[jvm]","","2026-07-22","passed","2026-07-22","","ExportImportTransactionsUseCaseTest[jvm]","com.georgeci.moneysurfer.domain.csv.ExportImportTransactionsUseCaseTest",""
"","44","accepts a fully-populated, correctly-typed account","","2026-07-22","passed","2026-07-22","","entity write-shape validation (issue #156)","entity write-shape validation (issue #156) accepts a fully-populated, correctly-typed account",""
"","1","merge appends child and unions reasons[jvm]","","2026-07-22","passed","2026-07-22","","MergedSyncRequestSpec[jvm]","com.georgeci.moneysurfer.sync.coordinator.MergedSyncRequestSpec",""
"","13","SyncHandleStatus.Running carries currentStep[jvm]","","2026-07-22","passed","2026-07-22","","SyncStateSpec[jvm]","com.georgeci.moneysurfer.sync.api.SyncStateSpec",""
"","15","recalc runs when downloadedCount > 0[jvm]","","2026-07-22","passed","2026-07-22","","SyncCoordinatorImplSpec[jvm]","com.georgeci.moneysurfer.sync.coordinator.SyncCoordinatorImplSpec",""
"","7","writer + reader round-trip preserves entry names and bytes[jvm]","","2026-07-22","passed","2026-07-22","","ZipStoredCodecTest[jvm]","com.georgeci.moneysurfer.data.backup.ZipStoredCodecTest",""
"","8","pending returns empty when queue is empty[jvm]","","2026-07-22","passed","2026-07-22","","PendingMutationQueueImplSpec[jvm]","com.georgeci.moneysurfer.data.sync.PendingMutationQueueImplSpec",""
"","2","unknown transaction type is rejected as invalid type[jvm]","","2026-07-22","passed","2026-07-22","","TransactionCsvCodecTest[jvm]","com.georgeci.moneysurfer.domain.csv.TransactionCsvCodecTest",""
"","2","missing localUpdatedAt → remote wins (treated as DISTANT_PAST)[jvm]","","2026-07-22","passed","2026-07-22","","LwwConflictResolverSpec[jvm]","com.georgeci.moneysurfer.sync.repository.LwwConflictResolverSpec",""
"","1","'123' -> '123'[jvm]","","2026-07-22","passed","2026-07-22","","AmountInputTransformationTest[jvm]","com.georgeci.moneysurfer.utils.AmountInputTransformationTest",""
"","5","markInFlight is a no-op for empty list[jvm]","","2026-07-22","passed","2026-07-22","","PendingMutationQueueImplSpec[jvm]","com.georgeci.moneysurfer.sync.internal.repository.PendingMutationQueueImplSpec",""
"","71","rejects demoting last OWNER[jvm]","","2026-07-22","passed","2026-07-22","","ChangeMemberRoleUseCaseTest[jvm]","com.georgeci.moneysurfer.domain.usecase.ChangeMemberRoleUseCaseTest",""
"","8","unparseable amount is rejected as invalid amount_minor[jvm]","","2026-07-22","passed","2026-07-22","","TransactionCsvCodecTest[jvm]","com.georgeci.moneysurfer.domain.csv.TransactionCsvCodecTest",""
"","0","'42.5' -> '42.5'[jvm]","","2026-07-22","passed","2026-07-22","","AmountInputTransformationTest[jvm]","com.georgeci.moneysurfer.utils.AmountInputTransformationTest",""
"","1","'.' -> '.'[jvm]","","2026-07-22","passed","2026-07-22","","AmountInputTransformationTest[jvm]","com.georgeci.moneysurfer.utils.AmountInputTransformationTest",""
"","260","round-trip: an exported file imports every transaction into an empty database[jvm]","","2026-07-22","passed","2026-07-22","","ExportImportTransactionsUseCaseTest[jvm]","com.georgeci.moneysurfer.domain.csv.ExportImportTransactionsUseCaseTest",""
"","1","copy preserves equality[jvm]","","2026-07-22","passed","2026-07-22","","SyncConstraintsSpec[jvm]","com.georgeci.moneysurfer.sync.scheduler.SyncConstraintsSpec",""
"","13","rejects when a PENDING invite for the email already exists[jvm]","","2026-07-22","passed","2026-07-22","","SendInviteUseCaseTest[jvm]","com.georgeci.moneysurfer.domain.usecase.SendInviteUseCaseTest",""
"","0","'42,123' (comma with three cents)[jvm]","","2026-07-22","passed","2026-07-22","","AmountInputTransformationTest[jvm]","com.georgeci.moneysurfer.utils.AmountInputTransformationTest",""
"","94","UploadingEntity title carries entity, current, total[jvm]","","2026-07-22","passed","2026-07-22","","SyncStepSpec[jvm]","com.georgeci.moneysurfer.sync.api.SyncStepSpec",""
"","5","note with commas quotes and newlines survives a full CSV round-trip[jvm]","","2026-07-22","passed","2026-07-22","","TransactionCsvCodecTest[jvm]","com.georgeci.moneysurfer.domain.csv.TransactionCsvCodecTest",""
"","5","clearAll wipes outbox before sync_meta[jvm]","","2026-07-22","passed","2026-07-22","","RemoteDataResetRepositoryImplSpec[jvm]","com.georgeci.moneysurfer.sync.repository.RemoteDataResetRepositoryImplSpec",""
"","1","cancelAll is callable[jvm]","","2026-07-22","passed","2026-07-22","","BackgroundSyncSchedulerSpec[jvm]","com.georgeci.moneysurfer.sync.scheduler.BackgroundSyncSchedulerSpec",""
"","4","null message returns null[jvm]","","2026-07-22","passed","2026-07-22","","AuthErrorClassificationTest[jvm]","com.georgeci.moneysurfer.data.repository.AuthErrorClassificationTest",""
"","30","non-member is blocked from categories","","2026-07-22","passed","2026-07-22","","member-gated entities (smoke for the rest)","member-gated entities (smoke for the rest) non-member is blocked from categories",""
"","9","ConflictResolution.Skip is a singleton[jvm]","","2026-07-22","passed","2026-07-22","","ConflictResolverSpec[jvm]","com.georgeci.moneysurfer.sync.repository.ConflictResolverSpec",""
"","36","an evicted (REMOVED) member can no longer read","","2026-07-22","passed","2026-07-22","","member-gated entities (accounts)","member-gated entities (accounts) an evicted (REMOVED) member can no longer read",""
"","19","format GBP with UK locale[jvm]","","2026-07-22","passed","2026-07-22","","MoneyFormatterTest[jvm]","com.georgeci.moneysurfer.domain.MoneyFormatterTest",""
"","16","owner can tombstone an invite","","2026-07-22","passed","2026-07-22","","tombstone update shape (push-side soft delete)","tombstone update shape (push-side soft delete) owner can tombstone an invite",""
"","5","reader rejects unsupported compression method[jvm]","","2026-07-22","passed","2026-07-22","","ZipStoredCodecTest[jvm]","com.georgeci.moneysurfer.data.backup.ZipStoredCodecTest",""
"","4","happy path: marks target REMOVED[jvm]","","2026-07-22","passed","2026-07-22","","RemoveMemberUseCaseTest[jvm]","com.georgeci.moneysurfer.domain.usecase.RemoveMemberUseCaseTest",""
"","1","set merge picks smallest bounded timeout[jvm]","","2026-07-22","passed","2026-07-22","","NetworkWaitModeSpec[jvm]","com.georgeci.moneysurfer.sync.network.NetworkWaitModeSpec",""
"","30","non-owner cannot create an invite","","2026-07-22","passed","2026-07-22","","invites — write","invites — write non-owner cannot create an invite",""
"","13","cancel transitions status to CANCELLED[jvm]","","2026-07-22","passed","2026-07-22","","WorkspaceInviteRepositoryDualWriteSpec[jvm]","com.georgeci.moneysurfer.data.repository.WorkspaceInviteRepositoryDualWriteSpec",""
"","16","owner can hard-delete an invite (account-deletion purge)","","2026-07-22","passed","2026-07-22","","invites — update / delete","invites — update / delete owner can hard-delete an invite (account-deletion purge)",""
"","2","offline build resolves SyncFeatureFlag disabled()[jvm]","","2026-07-22","passed","2026-07-22","","OfflineSignInFeatureConfigTest[jvm]","com.georgeci.moneysurfer.offline.di.OfflineSignInFeatureConfigTest",""
"","7","markFailed bumps attempts, records error and resets to PENDING[jvm]","","2026-07-22","passed","2026-07-22","","PendingMutationQueueImplSpec[jvm]","com.georgeci.moneysurfer.sync.internal.repository.PendingMutationQueueImplSpec",""
"","67","a stale workspace ref that denies access is skipped, deletion still completes[jvm]","","2026-07-22","passed","2026-07-22","","UserAccountDeletionRepositoryImplTest[jvm]","com.georgeci.moneysurfer.data.repository.UserAccountDeletionRepositoryImplTest",""
"","13","pushAll is a no-op when the sync feature flag is disabled[jvm]","","2026-07-22","passed","2026-07-22","","SyncCoordinatorWorkspaceSyncerSpec[jvm]","com.georgeci.moneysurfer.data.sync.SyncCoordinatorWorkspaceSyncerSpec",""
"","46","EXPENSE creation persists row and decreases account balance by amount[jvm]","","2026-07-22","passed","2026-07-22","","TransactionCreationIntegrationIT[jvm]","com.georgeci.moneysurfer.integration.repository.TransactionCreationIntegrationIT",""
"","35","failure on the first mutation fails the whole batch and completes nothing[jvm]","","2026-07-22","passed","2026-07-22","","UploadPendingChangesUseCaseImplSpec[jvm]","com.georgeci.moneysurfer.data.sync.UploadPendingChangesUseCaseImplSpec",""
"","25","pushes to Firestore and updates user ref + default when Firebase uid present[jvm]","","2026-07-22","passed","2026-07-22","","CreateWorkspaceUseCaseTest[jvm]","com.georgeci.moneysurfer.domain.usecase.CreateWorkspaceUseCaseTest",""
"","0","'0.99' -> '0.99'[jvm]","","2026-07-22","passed","2026-07-22","","AmountInputTransformationTest[jvm]","com.georgeci.moneysurfer.utils.AmountInputTransformationTest",""
"","40","owner can self-create their own OWNER row on workspace creation (no invite)","","2026-07-22","passed","2026-07-22","","workspaces/{wid}/members/{uid}","workspaces/{wid}/members/{uid} owner can self-create their own OWNER row on workspace creation (no invite)",""
"","38","invitee can decline by email match (no targetUserId on doc)","","2026-07-22","passed","2026-07-22","","invites — update / delete","invites — update / delete invitee can decline by email match (no targetUserId on doc)",""
"","14","onSyncStarted runs without error[jvm]","","2026-07-22","passed","2026-07-22","","KermitSyncTelemetrySpec[jvm]","com.georgeci.moneysurfer.sync.internal.telemetry.KermitSyncTelemetrySpec",""
"","1","balanceImpact uses abs(money) so legacy signed money still produces correct sign[jvm]","","2026-07-22","passed","2026-07-22","","BalanceImpactTest[jvm]","com.georgeci.moneysurfer.domain.model.BalanceImpactTest",""
"","1","expense contributes -amount on its account[jvm]","","2026-07-22","passed","2026-07-22","","BalanceImpactTest[jvm]","com.georgeci.moneysurfer.domain.model.BalanceImpactTest",""
"","49","rejects a poison update of an existing budget (alertPercent as string)","","2026-07-22","passed","2026-07-22","","entity write-shape validation (issue #156)","entity write-shape validation (issue #156) rejects a poison update of an existing budget (alertPercent as string)",""
"","14","each creation generates a fresh workspace id and re-pins the newest one[jvm]","","2026-07-22","passed","2026-07-22","","CreateWorkspaceUseCaseTest[jvm]","com.georgeci.moneysurfer.domain.usecase.CreateWorkspaceUseCaseTest",""
"","2","repairs lagging accounts when the workspace currency already matches (retry path)[jvm]","","2026-07-22","passed","2026-07-22","","UpdateWorkspaceCurrencyUseCaseTest[jvm]","com.georgeci.moneysurfer.domain.usecase.UpdateWorkspaceCurrencyUseCaseTest",""
"","7","enqueueUpsert generates a unique id per call[jvm]","","2026-07-22","passed","2026-07-22","","OutboxEnqueuerImplSpec[jvm]","com.georgeci.moneysurfer.sync.repository.OutboxEnqueuerImplSpec",""
"","25","owner can hard-delete an entity doc (account-deletion purge)","","2026-07-22","passed","2026-07-22","","member-gated entities (accounts)","member-gated entities (accounts) owner can hard-delete an entity doc (account-deletion purge)",""
"","5","shutdown is safe to call repeatedly (idempotent)[jvm]","","2026-07-22","passed","2026-07-22","","SessionShutdownGateImplSpec[jvm]","com.georgeci.moneysurfer.sync.internal.SessionShutdownGateImplSpec",""
"","45","accepts a budget tombstone update (deletedAt set)","","2026-07-22","passed","2026-07-22","","entity write-shape validation (issue #156)","entity write-shape validation (issue #156) accepts a budget tombstone update (deletedAt set)",""
"","512","tampering with the sealed payload surfaces WrongPassphrase[jvm]","","2026-07-22","passed","2026-07-22","","BackupEncryptedRoundTripJvmTest[jvm]","com.georgeci.moneysurfer.data.backup.BackupEncryptedRoundTripJvmTest",""
"","2","opening_balance contributes +amount on its account[jvm]","","2026-07-22","passed","2026-07-22","","BalanceImpactTest[jvm]","com.georgeci.moneysurfer.domain.model.BalanceImpactTest",""
"","16","leftAt path keeps role unchanged and status flipped to LEFT[jvm]","","2026-07-22","passed","2026-07-22","","WorkspaceMemberRepositoryIntegrationIT[jvm]","com.georgeci.moneysurfer.integration.repository.WorkspaceMemberRepositoryIntegrationIT",""
"","9","workspace pull failure aborts bootstrap with AuthError[jvm]","","2026-07-22","passed","2026-07-22","","PostAuthBootstrapUseCaseTest[jvm]","com.georgeci.moneysurfer.domain.usecase.PostAuthBootstrapUseCaseTest",""
"","15","enqueueUpsert pushes a PendingMutation when signed in and gate allows[jvm]","","2026-07-22","passed","2026-07-22","","OutboxEnqueuerImplSpec[jvm]","com.georgeci.moneysurfer.sync.repository.OutboxEnqueuerImplSpec",""
"","22","accepts a nullable field set explicitly to null (deletedAt)","","2026-07-22","passed","2026-07-22","","entity write-shape validation (issue #156)","entity write-shape validation (issue #156) accepts a nullable field set explicitly to null (deletedAt)",""
"","17","non-invited stranger CANNOT self-create a member row","","2026-07-22","passed","2026-07-22","","workspaces/{wid}/members/{uid}","workspaces/{wid}/members/{uid} non-invited stranger CANNOT self-create a member row",""
"","25","rejects when no current user[jvm]","","2026-07-22","passed","2026-07-22","","SendInviteUseCaseTest[jvm]","com.georgeci.moneysurfer.domain.usecase.SendInviteUseCaseTest",""
"","12","transfer with from == to throws IllegalArgumentException[jvm]","","2026-07-22","passed","2026-07-22","","TransferCreationIntegrationIT[jvm]","com.georgeci.moneysurfer.integration.repository.TransferCreationIntegrationIT",""
"","24","non-owner member cannot tombstone the workspace root doc","","2026-07-22","passed","2026-07-22","","tombstone update shape (push-side soft delete)","tombstone update shape (push-side soft delete) non-owner member cannot tombstone the workspace root doc",""
"","16","rejects when invite not found[jvm]","","2026-07-22","passed","2026-07-22","","AcceptInviteUseCaseTest[jvm]","com.georgeci.moneysurfer.domain.usecase.AcceptInviteUseCaseTest",""
"","34","member can tombstone in categories","","2026-07-22","passed","2026-07-22","","tombstone update shape (push-side soft delete)","tombstone update shape (push-side soft delete) member can tombstone in categories",""
"","2","online build registers SyncFeatureFlag disabled by default()[jvm]","","2026-07-22","passed","2026-07-22","","OnlineSignInModuleTest[jvm]","com.georgeci.moneysurfer.di.OnlineSignInModuleTest",""
"","32","unknown extra entry between manifest and main DB is tolerated[jvm]","","2026-07-22","passed","2026-07-22","","BackupImporterImplJvmTest[jvm]","com.georgeci.moneysurfer.data.backup.BackupImporterImplJvmTest",""
"","10","PermissionDenied is not retryable[jvm]","","2026-07-22","passed","2026-07-22","","SyncErrorSpec[jvm]","com.georgeci.moneysurfer.sync.api.SyncErrorSpec",""
"","1","reason mapping for BACKGROUND is Bounded(5m)[jvm]","","2026-07-22","passed","2026-07-22","","NetworkWaitModeSpec[jvm]","com.georgeci.moneysurfer.sync.network.NetworkWaitModeSpec",""
"","26","re-currencies the seeded account so the Dashboard total follows the choice[jvm]","","2026-07-22","passed","2026-07-22","","WorkspaceCurrencyIntegrationIT[jvm]","com.georgeci.moneysurfer.integration.repository.WorkspaceCurrencyIntegrationIT",""
"","21","owner create blocked when status != PENDING","","2026-07-22","passed","2026-07-22","","invites — write","invites — write owner create blocked when status != PENDING",""
"","18","stranger cannot self-create even by naming a non-existent inviteId","","2026-07-22","passed","2026-07-22","","workspaces/{wid}/members/{uid}","workspaces/{wid}/members/{uid} stranger cannot self-create even by naming a non-existent inviteId",""
"","17","permission-denied during fetch maps to AuthError.PermissionDenied[jvm]","","2026-07-22","passed","2026-07-22","","PostAuthBootstrapUseCaseTest[jvm]","com.georgeci.moneysurfer.domain.usecase.PostAuthBootstrapUseCaseTest",""
"","87","drain pushes every queued mutation through its plugin and empties the outbox[jvm]","","2026-07-22","passed","2026-07-22","","WorkspaceCreationSyncIntegrationIT[jvm]","com.georgeci.moneysurfer.integration.sync.WorkspaceCreationSyncIntegrationIT",""
"","10","isolated cursors per (workspace, collection)[jvm]","","2026-07-22","passed","2026-07-22","","SyncMetaRepositoryImplSpec[jvm]","com.georgeci.moneysurfer.data.sync.SyncMetaRepositoryImplSpec",""
"","13","stamps targetUserId from userEmails mapping[jvm]","","2026-07-22","passed","2026-07-22","","SendInviteUseCaseTest[jvm]","com.georgeci.moneysurfer.domain.usecase.SendInviteUseCaseTest",""
"","15","weekly window start is inclusive and end is exclusive[jvm]","","2026-07-22","passed","2026-07-22","","BudgetPeriodWindowTest[jvm]","com.georgeci.moneysurfer.domain.util.BudgetPeriodWindowTest",""
"","20","thrown Throwable from upload becomes SyncError.Unknown[jvm]","","2026-07-22","passed","2026-07-22","","SyncCoordinatorImplBranchSpec[jvm]","com.georgeci.moneysurfer.sync.coordinator.SyncCoordinatorImplBranchSpec",""
"","1","retrying the same mutation produces an identical patch[jvm]","","2026-07-22","passed","2026-07-22","","TombstonePatchSpec[jvm]","com.georgeci.moneysurfer.data.sync.plugin.TombstonePatchSpec",""
"","11","cancellation mid-batch completes the pushed prefix and re-queues the rest as cancelled[jvm]","","2026-07-22","passed","2026-07-22","","UploadPendingChangesUseCaseImplSpec[jvm]","com.georgeci.moneysurfer.data.sync.UploadPendingChangesUseCaseImplSpec",""
"","40","aborts without seeding when the demo login fails[jvm]","","2026-07-22","passed","2026-07-22","","OfflineFirstRunSeederTest[jvm]","com.georgeci.moneysurfer.offline.firstrun.OfflineFirstRunSeederTest",""
"","30","toString contains the id and entityType[jvm]","","2026-07-22","passed","2026-07-22","","PendingMutationSpec[jvm]","com.georgeci.moneysurfer.sync.repository.PendingMutationSpec",""
"","17","insert writes both DAO and outbox when signed in[jvm]","","2026-07-22","passed","2026-07-22","","WorkspaceMemberRepositoryDualWriteSpec[jvm]","com.georgeci.moneysurfer.data.repository.WorkspaceMemberRepositoryDualWriteSpec",""
"","24","non-member cannot tombstone an account","","2026-07-22","passed","2026-07-22","","tombstone update shape (push-side soft delete)","tombstone update shape (push-side soft delete) non-member cannot tombstone an account",""
"","10","trims name and description before insert[jvm]","","2026-07-22","passed","2026-07-22","","CreateWorkspaceUseCaseTest[jvm]","com.georgeci.moneysurfer.domain.usecase.CreateWorkspaceUseCaseTest",""
"","1","demoOnly is false when demo itself is disabled()[jvm]","","2026-07-22","passed","2026-07-22","","SignInFeatureConfigTest[jvm]","com.georgeci.moneysurfer.feature.login.SignInFeatureConfigTest",""
"","8","reports progress with entityType and running position[jvm]","","2026-07-22","passed","2026-07-22","","UploadPendingChangesUseCaseImplSpec[jvm]","com.georgeci.moneysurfer.data.sync.UploadPendingChangesUseCaseImplSpec",""
"","2","repeat delete (null/null) is empty delta[jvm]","","2026-07-22","passed","2026-07-22","","CalculateBalanceDeltaTest[jvm]","com.georgeci.moneysurfer.domain.model.CalculateBalanceDeltaTest",""
"","11","StorageError preserves cause and is not retryable[jvm]","","2026-07-22","passed","2026-07-22","","SyncErrorSpec[jvm]","com.georgeci.moneysurfer.sync.api.SyncErrorSpec",""
"","21","rejects a budget whose categoryIds is a CSV string instead of a list","","2026-07-22","passed","2026-07-22","","entity write-shape validation (issue #156)","entity write-shape validation (issue #156) rejects a budget whose categoryIds is a CSV string instead of a list",""
"","55","an evicted (REMOVED) member can no longer write","","2026-07-22","passed","2026-07-22","","member-gated entities (accounts)","member-gated entities (accounts) an evicted (REMOVED) member can no longer write",""
"","11","an already REMOVED member row is left untouched[jvm]","","2026-07-22","passed","2026-07-22","","UserAccountDeletionRepositoryImplTest[jvm]","com.georgeci.moneysurfer.data.repository.UserAccountDeletionRepositoryImplTest",""
"","9","pending() default limit forwards DEFAULT_BATCH_LIMIT[jvm]","","2026-07-22","passed","2026-07-22","","PendingMutationQueueSpec[jvm]","com.georgeci.moneysurfer.sync.repository.PendingMutationQueueSpec",""
"","20","happy path runs steps in order and clears the local session[jvm]","","2026-07-22","passed","2026-07-22","","DeleteUserAccountUseCaseTest[jvm]","com.georgeci.moneysurfer.domain.usecase.DeleteUserAccountUseCaseTest",""
"","21","owner can tombstone a member row","","2026-07-22","passed","2026-07-22","","tombstone update shape (push-side soft delete)","tombstone update shape (push-side soft delete) owner can tombstone a member row",""
"","109","uuid generates non-empty value[jvm]","","2026-07-22","passed","2026-07-22","","SyncRequestIdSpec[jvm]","com.georgeci.moneysurfer.sync.api.SyncRequestIdSpec",""
"","1","PULL_INVITES sits between PULL_MEMBERS and PULL_ACCOUNTS[jvm]","","2026-07-22","passed","2026-07-22","","SyncStepOrderTest[jvm]","com.georgeci.moneysurfer.domain.model.SyncStepOrderTest",""
"","0","SyncMeta supports null timestamps for fresh workspaces[jvm]","","2026-07-22","passed","2026-07-22","","SyncMetaRepositorySpec[jvm]","com.georgeci.moneysurfer.sync.repository.SyncMetaRepositorySpec",""
"","33","user can delete the mapping pointing at their own uid","","2026-07-22","passed","2026-07-22","","userEmails/{email}","userEmails/{email} user can delete the mapping pointing at their own uid",""
"","6","redactEmail returns a fixed marker for blank input[jvm]","","2026-07-22","passed","2026-07-22","","PiiRedactionTest[jvm]","com.georgeci.moneysurfer.domain.logging.PiiRedactionTest",""
"","1","'42,50' -> '42.50'[jvm]","","2026-07-22","passed","2026-07-22","","AmountInputTransformationTest[jvm]","com.georgeci.moneysurfer.utils.AmountInputTransformationTest",""
"","81","online build registers SignInFeatureConfig with every entry point enabled()[jvm]","","2026-07-22","passed","2026-07-22","","OnlineSignInModuleTest[jvm]","com.georgeci.moneysurfer.di.OnlineSignInModuleTest",""
"","4","ChangedSinceLastSync falls back to the active workspace when the provider is empty[jvm]","","2026-07-22","passed","2026-07-22","","PullRemoteChangesUseCaseImplSpec[jvm]","com.georgeci.moneysurfer.data.sync.PullRemoteChangesUseCaseImplSpec",""
"","4","onStepEntered is callable[jvm]","","2026-07-22","passed","2026-07-22","","SyncTelemetryNoOpSpec[jvm]","com.georgeci.moneysurfer.sync.telemetry.SyncTelemetryNoOpSpec",""
"","14","getByWorkspaceId only returns invites of the given workspace[jvm]","","2026-07-22","passed","2026-07-22","","WorkspaceInviteRepositoryIntegrationIT[jvm]","com.georgeci.moneysurfer.integration.repository.WorkspaceInviteRepositoryIntegrationIT",""
"","23","user CANNOT self-promote their role","","2026-07-22","passed","2026-07-22","","workspaces/{wid}/members/{uid}","workspaces/{wid}/members/{uid} user CANNOT self-promote their role",""
"","9","transition on missing row is a no-op[jvm]","","2026-07-22","passed","2026-07-22","","WorkspaceInviteRepositoryDualWriteSpec[jvm]","com.georgeci.moneysurfer.data.repository.WorkspaceInviteRepositoryDualWriteSpec",""
"","27","rejects a poison update of an existing account (balance as string)","","2026-07-22","passed","2026-07-22","","entity write-shape validation (issue #156)","entity write-shape validation (issue #156) rejects a poison update of an existing account (balance as string)",""
"","103","imported expense adjusts the cached account balance[jvm]","","2026-07-22","passed","2026-07-22","","CsvBackupIntegrationIT[jvm]","com.georgeci.moneysurfer.integration.repository.CsvBackupIntegrationIT",""
"","4","null category and transfer ids round-trip as empty fields[jvm]","","2026-07-22","passed","2026-07-22","","TransactionCsvCodecTest[jvm]","com.georgeci.moneysurfer.domain.csv.TransactionCsvCodecTest",""
"","2","onSyncCancelled is callable[jvm]","","2026-07-22","passed","2026-07-22","","SyncTelemetryNoOpSpec[jvm]","com.georgeci.moneysurfer.sync.telemetry.SyncTelemetryNoOpSpec",""
"","53","AllUserData pulls every workspace the remote lists for the user[jvm]","","2026-07-22","passed","2026-07-22","","PullRemoteChangesUseCaseImplSpec[jvm]","com.georgeci.moneysurfer.data.sync.PullRemoteChangesUseCaseImplSpec",""
"","17","user can read their own document","","2026-07-22","passed","2026-07-22","","users/{uid}","users/{uid} user can read their own document",""
"","125","offline build resolves OfflineBuildFlags with isOffline true()[jvm]","","2026-07-22","passed","2026-07-22","","OfflineBuildFlagsTest[jvm]","com.georgeci.moneysurfer.offline.di.OfflineBuildFlagsTest",""
"","3","unparseable operation date is rejected as invalid operation_date[jvm]","","2026-07-22","passed","2026-07-22","","TransactionCsvCodecTest[jvm]","com.georgeci.moneysurfer.domain.csv.TransactionCsvCodecTest",""
"","10","redactEmail never leaks the raw address[jvm]","","2026-07-22","passed","2026-07-22","","PiiRedactionTest[jvm]","com.georgeci.moneysurfer.domain.logging.PiiRedactionTest",""
"","5","create expense decrements cache by amount[jvm]","","2026-07-22","passed","2026-07-22","","ApplyTransactionChangeUseCaseTest[jvm]","com.georgeci.moneysurfer.domain.usecase.ApplyTransactionChangeUseCaseTest",""
"","35","non-member cannot create","","2026-07-22","passed","2026-07-22","","member-gated entities (accounts)","member-gated entities (accounts) non-member cannot create",""
"","9","setCursor preserves attempt and success timestamps on existing row[jvm]","","2026-07-22","passed","2026-07-22","","SyncMetaRepositoryImplSpec[jvm]","com.georgeci.moneysurfer.sync.internal.repository.SyncMetaRepositoryImplSpec",""
"","36","invitee can re-push the same terminal status (idempotent)","","2026-07-22","passed","2026-07-22","","invites — update / delete","invites — update / delete invitee can re-push the same terminal status (idempotent)",""
"","17","a non-permission failure aborts and surfaces RemoteDataCleanupFailed[jvm]","","2026-07-22","passed","2026-07-22","","UserAccountDeletionRepositoryImplTest[jvm]","com.georgeci.moneysurfer.data.repository.UserAccountDeletionRepositoryImplTest",""
"","7","running state emits step progression and reaches Completed[jvm]","","2026-07-22","passed","2026-07-22","","SyncCoordinatorImplSpec[jvm]","com.georgeci.moneysurfer.sync.coordinator.SyncCoordinatorImplSpec",""
"","3","transactions outside the period are skipped[jvm]","","2026-07-22","passed","2026-07-22","","PeriodTotalsTest[jvm]","com.georgeci.moneysurfer.domain.model.PeriodTotalsTest",""
"","6","case-insensitive email match[jvm]","","2026-07-22","passed","2026-07-22","","AcceptInviteUseCaseTest[jvm]","com.georgeci.moneysurfer.domain.usecase.AcceptInviteUseCaseTest",""
"","20","ActiveWorkspace pulls only the current workspace even when the provider knows more[jvm]","","2026-07-22","passed","2026-07-22","","PullRemoteChangesUseCaseImplSpec[jvm]","com.georgeci.moneysurfer.data.sync.PullRemoteChangesUseCaseImplSpec",""
"","4","no-op when role unchanged[jvm]","","2026-07-22","passed","2026-07-22","","ChangeMemberRoleUseCaseTest[jvm]","com.georgeci.moneysurfer.domain.usecase.ChangeMemberRoleUseCaseTest",""
"","8","PullingRemoteChanges title[jvm]","","2026-07-22","passed","2026-07-22","","SyncStepSpec[jvm]","com.georgeci.moneysurfer.sync.api.SyncStepSpec",""
"","25","rejects when invite is expired[jvm]","","2026-07-22","passed","2026-07-22","","AcceptInviteUseCaseTest[jvm]","com.georgeci.moneysurfer.domain.usecase.AcceptInviteUseCaseTest",""
"","2","'00' (double leading zero)[jvm]","","2026-07-22","passed","2026-07-22","","AmountInputTransformationTest[jvm]","com.georgeci.moneysurfer.utils.AmountInputTransformationTest",""
"","7","enqueueUpsert is a no-op when demo session[jvm]","","2026-07-22","passed","2026-07-22","","OutboxEnqueuerSpec[jvm]","com.georgeci.moneysurfer.data.sync.OutboxEnqueuerSpec",""
"","22","rejects a nullable field with a wrong non-null type (deletedAt as string)","","2026-07-22","passed","2026-07-22","","entity write-shape validation (issue #156)","entity write-shape validation (issue #156) rejects a nullable field with a wrong non-null type (deletedAt as string)",""
"","2","debug builds keep verbose logging[jvm]","","2026-07-22","passed","2026-07-22","","LoggingConfigTest[jvm]","com.georgeci.moneysurfer.domain.logging.LoggingConfigTest",""
"","3","every SyncScope variant currently uses null workspace filter (cross-workspace push)[jvm]","","2026-07-22","passed","2026-07-22","","PendingMutationQueueImplSpec[jvm]","com.georgeci.moneysurfer.sync.internal.repository.PendingMutationQueueImplSpec",""
"","16","member cannot tombstone another member's row","","2026-07-22","passed","2026-07-22","","tombstone update shape (push-side soft delete)","tombstone update shape (push-side soft delete) member cannot tombstone another member's row",""
"","5","EmulatorClientSmokeSpec[jvm]","","2026-07-22","passed","2026-07-22","","Gradle Test Run :sync-surfer:jvmTest[jvm]","Gradle Test Run :sync-surfer:jvmTest",""
"","115","export fails with BackupError.Io when the DataStore prefs file is missing[jvm]","","2026-07-22","passed","2026-07-22","","BackupExporterImplJvmTest[jvm]","com.georgeci.moneysurfer.data.backup.BackupExporterImplJvmTest",""
"","14","recalc skipped when downloadedCount == 0[jvm]","","2026-07-22","passed","2026-07-22","","SyncCoordinatorImplSpec[jvm]","com.georgeci.moneysurfer.sync.coordinator.SyncCoordinatorImplSpec",""
"","8","handle cancel of unknown id is a no-op[jvm]","","2026-07-22","passed","2026-07-22","","SyncCoordinatorImplBranchSpec[jvm]","com.georgeci.moneysurfer.sync.coordinator.SyncCoordinatorImplBranchSpec",""
"","0","iso=1970-01-01[jvm]","","2026-07-22","passed","2026-07-22","","TimeFormatterTest[jvm]","com.georgeci.moneysurfer.data.repository.TimeFormatterTest",""
"","15","create blocked when clientVersionCode is below floor","","2026-07-22","passed","2026-07-22","","workspaces/{wid}","workspaces/{wid} create blocked when clientVersionCode is below floor",""
"","89","first sync hydrates the new workspace root before its subcollections[jvm]","","2026-07-22","passed","2026-07-22","","NewWorkspacePullIntegrationIT[jvm]","com.georgeci.moneysurfer.integration.sync.NewWorkspacePullIntegrationIT",""
"","22","a row whose currency differs from the account currency is rejected[jvm]","","2026-07-22","passed","2026-07-22","","ExportImportTransactionsUseCaseTest[jvm]","com.georgeci.moneysurfer.domain.csv.ExportImportTransactionsUseCaseTest",""
"","4","wipes Room and clears flag when hasUsedDemo is true[jvm]","","2026-07-22","passed","2026-07-22","","WipeDemoDataUseCaseSpec[jvm]","com.georgeci.moneysurfer.domain.usecase.WipeDemoDataUseCaseSpec",""
"","35","member can read the workspace invite roster","","2026-07-22","passed","2026-07-22","","invites — read","invites — read member can read the workspace invite roster",""
"","10","pendingCount Flow reflects active row count[jvm]","","2026-07-22","passed","2026-07-22","","PendingMutationQueueIntegrationIT[jvm]","com.georgeci.moneysurfer.integration.sync.PendingMutationQueueIntegrationIT",""
"","10","does not create a second workspace when one is already pinned[jvm]","","2026-07-22","passed","2026-07-22","","SeedDefaultsUseCaseTest[jvm]","com.georgeci.moneysurfer.domain.usecase.SeedDefaultsUseCaseTest",""
"","17","non-owner cannot hard-delete an invite","","2026-07-22","passed","2026-07-22","","invites — update / delete","invites — update / delete non-owner cannot hard-delete an invite",""
"","6","deterministic — same input gives same output[jvm]","","2026-07-22","passed","2026-07-22","","LwwConflictResolverSpec[jvm]","com.georgeci.moneysurfer.sync.repository.LwwConflictResolverSpec",""
"","59","reason mapping for APP_START is Bounded(30s)[jvm]","","2026-07-22","passed","2026-07-22","","NetworkWaitModeSpec[jvm]","com.georgeci.moneysurfer.sync.network.NetworkWaitModeSpec",""
"","20","invitee accept via full set() (mirrors outbox upload path)","","2026-07-22","passed","2026-07-22","","invites — update / delete","invites — update / delete invitee accept via full set() (mirrors outbox upload path)",""
"","4","cancel invokes the supplied cancelAction once[jvm]","","2026-07-22","passed","2026-07-22","","SyncHandleImplSpec[jvm]","com.georgeci.moneysurfer.sync.coordinator.SyncHandleImplSpec",""
"","6","archive missing the DataStore entry surfaces MissingFile[jvm]","","2026-07-22","passed","2026-07-22","","BackupImporterImplJvmTest[jvm]","com.georgeci.moneysurfer.data.backup.BackupImporterImplJvmTest",""
"","18","a row whose account belongs to a different workspace is rejected[jvm]","","2026-07-22","passed","2026-07-22","","ExportImportTransactionsUseCaseTest[jvm]","com.georgeci.moneysurfer.domain.csv.ExportImportTransactionsUseCaseTest",""
"","4","weak-password classifies as WeakPassword[jvm]","","2026-07-22","passed","2026-07-22","","AuthErrorClassificationTest[jvm]","com.georgeci.moneysurfer.data.repository.AuthErrorClassificationTest",""
"","4","redactUid keeps a short prefix and drops the rest[jvm]","","2026-07-22","passed","2026-07-22","","PiiRedactionTest[jvm]","com.georgeci.moneysurfer.domain.logging.PiiRedactionTest",""
"","1","monthly anchor on the 31st clamps to the last day of a short month[jvm]","","2026-07-22","passed","2026-07-22","","BudgetPeriodWindowTest[jvm]","com.georgeci.moneysurfer.domain.util.BudgetPeriodWindowTest",""
"","16","SyncHandleStatus.Cancelled is singleton[jvm]","","2026-07-22","passed","2026-07-22","","SyncStateSpec[jvm]","com.georgeci.moneysurfer.sync.api.SyncStateSpec",""
"","8","format zero amount[jvm]","","2026-07-22","passed","2026-07-22","","MoneyFormatterTest[jvm]","com.georgeci.moneysurfer.domain.MoneyFormatterTest",""
"","24","demo session (no Firebase uid) writes local rows but keeps the outbox empty[jvm]","","2026-07-22","passed","2026-07-22","","WorkspaceCreationSyncIntegrationIT[jvm]","com.georgeci.moneysurfer.integration.sync.WorkspaceCreationSyncIntegrationIT",""
"","9","PUSH_INVITES sits between PUSH_MEMBERS and PUSH_ACCOUNTS[jvm]","","2026-07-22","passed","2026-07-22","","SyncStepOrderTest[jvm]","com.georgeci.moneysurfer.domain.model.SyncStepOrderTest",""
"","1","set merge with only Indefinite reasons stays Indefinite[jvm]","","2026-07-22","passed","2026-07-22","","NetworkWaitModeSpec[jvm]","com.georgeci.moneysurfer.sync.network.NetworkWaitModeSpec",""
"","38","awaitNetwork bounded timeout fails with NetworkUnavailable[jvm]","","2026-07-22","passed","2026-07-22","","SyncCoordinatorImplSpec[jvm]","com.georgeci.moneysurfer.sync.coordinator.SyncCoordinatorImplSpec",""
"","32","index follows the content table on update and delete[jvm]","","2026-07-22","passed","2026-07-22","","TransactionFtsIntegrationIT[jvm]","com.georgeci.moneysurfer.integration.repository.TransactionFtsIntegrationIT",""
"","1","update amount expense 100 → 150 produces -50 delta[jvm]","","2026-07-22","passed","2026-07-22","","CalculateBalanceDeltaTest[jvm]","com.georgeci.moneysurfer.domain.model.CalculateBalanceDeltaTest",""
"","0","'.99' -> '.99'[jvm]","","2026-07-22","passed","2026-07-22","","AmountInputTransformationTest[jvm]","com.georgeci.moneysurfer.utils.AmountInputTransformationTest",""
"","30","Idle is a singleton object[jvm]","","2026-07-22","passed","2026-07-22","","SyncStateSpec[jvm]","com.georgeci.moneysurfer.sync.api.SyncStateSpec",""
"","7","markCompleted with empty list is a no-op[jvm]","","2026-07-22","passed","2026-07-22","","PendingMutationQueueImplSpec[jvm]","com.georgeci.moneysurfer.data.sync.PendingMutationQueueImplSpec",""
"","10","fresh repository starts empty[jvm]","","2026-07-22","passed","2026-07-22","","SyncMetaRepositoryImplSpec[jvm]","com.georgeci.moneysurfer.data.sync.SyncMetaRepositoryImplSpec",""
"","14","pushAll failure keeps all local rows so a retry can re-push them[jvm]","","2026-07-22","passed","2026-07-22","","CreateWorkspaceUseCaseTest[jvm]","com.georgeci.moneysurfer.domain.usecase.CreateWorkspaceUseCaseTest",""
"","17","schema-version mismatch surfaces SchemaMismatch[jvm]","","2026-07-22","passed","2026-07-22","","BackupImporterImplJvmTest[jvm]","com.georgeci.moneysurfer.data.backup.BackupImporterImplJvmTest",""
"","25","non-member is blocked from transactions","","2026-07-22","passed","2026-07-22","","member-gated entities (smoke for the rest)","member-gated entities (smoke for the rest) non-member is blocked from transactions",""
"","0","epochMillis=4611686018427387903[jvm]","","2026-07-22","passed","2026-07-22","","TimeFormatterTest[jvm]","com.georgeci.moneysurfer.data.repository.TimeFormatterTest",""
"","3752","encrypted export advertises the scheme and hides the data entries[jvm]","","2026-07-22","passed","2026-07-22","","BackupEncryptedRoundTripJvmTest[jvm]","com.georgeci.moneysurfer.data.backup.BackupEncryptedRoundTripJvmTest",""
"","14","user can update their own document","","2026-07-22","passed","2026-07-22","","users/{uid}","users/{uid} user can update their own document",""
"","14","promotes editor to owner[jvm]","","2026-07-22","passed","2026-07-22","","ChangeMemberRoleUseCaseTest[jvm]","com.georgeci.moneysurfer.domain.usecase.ChangeMemberRoleUseCaseTest",""
"","5","Started title[jvm]","","2026-07-22","passed","2026-07-22","","SyncStepSpec[jvm]","com.georgeci.moneysurfer.sync.api.SyncStepSpec",""
"","4","addRecalculated accumulates recalculatedCount[jvm]","","2026-07-22","passed","2026-07-22","","SyncSummaryBuilderSpec[jvm]","com.georgeci.moneysurfer.sync.api.SyncSummaryBuilderSpec",""
"","25","list/scan is denied — prevents email enumeration","","2026-07-22","passed","2026-07-22","","userEmails/{email}","userEmails/{email} list/scan is denied — prevents email enumeration",""
"","16","isEnabled returns false when firebaseUid is null (demo session)[jvm]","","2026-07-22","passed","2026-07-22","","OutboxEnqueuerSpec[jvm]","com.georgeci.moneysurfer.data.sync.OutboxEnqueuerSpec",""
"","2","second pull passes the stored cursor to the reader[jvm]","","2026-07-22","passed","2026-07-22","","PullRemoteChangesUseCaseImplSpec[jvm]","com.georgeci.moneysurfer.data.sync.PullRemoteChangesUseCaseImplSpec",""
"","82","member can read","","2026-07-22","passed","2026-07-22","","member-gated entities (accounts)","member-gated entities (accounts) member can read",""
"","76","updates the workspace baseCurrency column in Room[jvm]","","2026-07-22","passed","2026-07-22","","WorkspaceCurrencyIntegrationIT[jvm]","com.georgeci.moneysurfer.integration.repository.WorkspaceCurrencyIntegrationIT",""
"","150","format negative amount[jvm]","","2026-07-22","passed","2026-07-22","","MoneyFormatterTest[jvm]","com.georgeci.moneysurfer.domain.MoneyFormatterTest",""
"","18","non-owner member cannot update workspace metadata","","2026-07-22","passed","2026-07-22","","workspaces/{wid}","workspaces/{wid} non-owner member cannot update workspace metadata",""
"","42","applyDelta updates balance without touching currency[jvm]","","2026-07-22","passed","2026-07-22","","AccountCreationIntegrationIT[jvm]","com.georgeci.moneysurfer.integration.repository.AccountCreationIntegrationIT",""
"","13","PUSH_MEMBERS sits between PUSH_WORKSPACE and PUSH_INVITES[jvm]","","2026-07-22","passed","2026-07-22","","SyncStepOrderTest[jvm]","com.georgeci.moneysurfer.domain.model.SyncStepOrderTest",""
"","1","set merge with Indefinite and Bounded picks Bounded[jvm]","","2026-07-22","passed","2026-07-22","","NetworkWaitModeSpec[jvm]","com.georgeci.moneysurfer.sync.network.NetworkWaitModeSpec",""
"","16","stranger cannot read someone else's invite by direct id","","2026-07-22","passed","2026-07-22","","invites — read","invites — read stranger cannot read someone else's invite by direct id",""
"","17","DELETE mutation persists and is readable[jvm]","","2026-07-22","passed","2026-07-22","","PendingMutationQueueImplSpec[jvm]","com.georgeci.moneysurfer.data.sync.PendingMutationQueueImplSpec",""
"","165","oversized manifest entry is rejected before parsing[jvm]","","2026-07-22","passed","2026-07-22","","BackupImporterImplJvmTest[jvm]","com.georgeci.moneysurfer.data.backup.BackupImporterImplJvmTest",""
"","16","insert with unknown workspaceId is allowed (no FK on workspace_invites.workspaceId)[jvm]","","2026-07-22","passed","2026-07-22","","WorkspaceInviteRepositoryIntegrationIT[jvm]","com.georgeci.moneysurfer.integration.repository.WorkspaceInviteRepositoryIntegrationIT",""
"","6","blank email skips the mapping lookup entirely[jvm]","","2026-07-22","passed","2026-07-22","","UserAccountDeletionRepositoryImplTest[jvm]","com.georgeci.moneysurfer.data.repository.UserAccountDeletionRepositoryImplTest",""
"","1","mergeScope UploadOnly with UploadOnly stays UploadOnly[jvm]","","2026-07-22","passed","2026-07-22","","SyncScopeSpec[jvm]","com.georgeci.moneysurfer.sync.api.SyncScopeSpec",""
"","3","owner can leave when another owner remains[jvm]","","2026-07-22","passed","2026-07-22","","LeaveWorkspaceUseCaseTest[jvm]","com.georgeci.moneysurfer.domain.usecase.LeaveWorkspaceUseCaseTest",""
"","134","UploadOnly scope pulls nothing[jvm]","","2026-07-22","passed","2026-07-22","","PullRemoteChangesUseCaseImplSpec[jvm]","com.georgeci.moneysurfer.data.sync.PullRemoteChangesUseCaseImplSpec",""
"","0","'-5' (negative sign)[jvm]","","2026-07-22","passed","2026-07-22","","AmountInputTransformationTest[jvm]","com.georgeci.moneysurfer.utils.AmountInputTransformationTest",""
"","8","markCompleted deletes rows; empty list is a no-op[jvm]","","2026-07-22","passed","2026-07-22","","PendingMutationQueueImplSpec[jvm]","com.georgeci.moneysurfer.sync.internal.repository.PendingMutationQueueImplSpec",""
"","15","unauthenticated user is denied","","2026-07-22","passed","2026-07-22","","users/{uid}","users/{uid} unauthenticated user is denied",""
"","33","rejects a budget whose startDate is a number","","2026-07-22","passed","2026-07-22","","entity write-shape validation (issue #156)","entity write-shape validation (issue #156) rejects a budget whose startDate is a number",""
"","12","isEnabled returns false when firebaseUid is empty string[jvm]","","2026-07-22","passed","2026-07-22","","OutboxEnqueuerSpec[jvm]","com.georgeci.moneysurfer.data.sync.OutboxEnqueuerSpec",""
"","17","soft-delete via upsert sets status REMOVED and stamps removedAt without erasing the row[jvm]","","2026-07-22","passed","2026-07-22","","WorkspaceMemberRepositoryIntegrationIT[jvm]","com.georgeci.moneysurfer.integration.repository.WorkspaceMemberRepositoryIntegrationIT",""
"","6","blank category id decodes to null instead of failing[jvm]","","2026-07-22","passed","2026-07-22","","TransactionCsvCodecTest[jvm]","com.georgeci.moneysurfer.domain.csv.TransactionCsvCodecTest",""
"","56","transfer auto-seeds Transfer category with systemKind=TRANSFER on first call and reuses it on subsequent calls[jvm]","","2026-07-22","passed","2026-07-22","","TransferCreationIntegrationIT[jvm]","com.georgeci.moneysurfer.integration.repository.TransferCreationIntegrationIT",""
"","12","ProjectionScope.All is a singleton[jvm]","","2026-07-22","passed","2026-07-22","","ProjectionSpec[jvm]","com.georgeci.moneysurfer.sync.projection.ProjectionSpec",""
"","42","import skips duplicate ids inside the same file[jvm]","","2026-07-22","passed","2026-07-22","","ExportImportTransactionsUseCaseTest[jvm]","com.georgeci.moneysurfer.domain.csv.ExportImportTransactionsUseCaseTest",""
"","6","repairs missing Cash account when workspace was pinned without one[jvm]","","2026-07-22","passed","2026-07-22","","SeedDefaultsUseCaseTest[jvm]","com.georgeci.moneysurfer.domain.usecase.SeedDefaultsUseCaseTest",""
"","1","moving expense between accounts unwinds old and applies new[jvm]","","2026-07-22","passed","2026-07-22","","ApplyTransactionChangeUseCaseTest[jvm]","com.georgeci.moneysurfer.domain.usecase.ApplyTransactionChangeUseCaseTest",""
"","18","manifest declaring a missing file surfaces MissingFile[jvm]","","2026-07-22","passed","2026-07-22","","BackupImporterImplJvmTest[jvm]","com.georgeci.moneysurfer.data.backup.BackupImporterImplJvmTest",""
"","38","an evicted (REMOVED) member can no longer read the roster","","2026-07-22","passed","2026-07-22","","workspaces/{wid}/members/{uid}","workspaces/{wid}/members/{uid} an evicted (REMOVED) member can no longer read the roster",""
"","9","opening_balance is excluded from income/expense[jvm]","","2026-07-22","passed","2026-07-22","","PeriodTotalsTest[jvm]","com.georgeci.moneysurfer.domain.model.PeriodTotalsTest",""
"","25","shutdown cancels coordinator and scheduler[jvm]","","2026-07-22","passed","2026-07-22","","SessionShutdownGateImplSpec[jvm]","com.georgeci.moneysurfer.data.sync.SessionShutdownGateImplSpec",""
"","45","unauthenticated user cannot read userEmails (auth required)","","2026-07-22","passed","2026-07-22","","userEmails/{email}","userEmails/{email} unauthenticated user cannot read userEmails (auth required)",""
"","16","owner can hard-delete a member row (account-deletion purge)","","2026-07-22","passed","2026-07-22","","workspaces/{wid}/members/{uid}","workspaces/{wid}/members/{uid} owner can hard-delete a member row (account-deletion purge)",""
"","21","rejects a budget whose amount is a string","","2026-07-22","passed","2026-07-22","","entity write-shape validation (issue #156)","entity write-shape validation (issue #156) rejects a budget whose amount is a string",""
"","26","dispatches each mutation to the plugin matching its entityType[jvm]","","2026-07-22","passed","2026-07-22","","UploadPendingChangesUseCaseImplSpec[jvm]","com.georgeci.moneysurfer.data.sync.UploadPendingChangesUseCaseImplSpec",""
"","57","update blocked when clientVersionCode is missing on the resulting doc","","2026-07-22","passed","2026-07-22","","invites — update / delete","invites — update / delete update blocked when clientVersionCode is missing on the resulting doc",""
"","1","monthly window is anchored on the start date's day of month[jvm]","","2026-07-22","passed","2026-07-22","","BudgetPeriodWindowTest[jvm]","com.georgeci.moneysurfer.domain.util.BudgetPeriodWindowTest",""
"","22","owner can cancel a PENDING invite","","2026-07-22","passed","2026-07-22","","invites — update / delete","invites — update / delete owner can cancel a PENDING invite",""
"","57","plugin failure surfaces as a sync error and leaves the cursor untouched[jvm]","","2026-07-22","passed","2026-07-22","","PullRemoteChangesUseCaseImplSpec[jvm]","com.georgeci.moneysurfer.data.sync.PullRemoteChangesUseCaseImplSpec",""
"","10","pending returns rows sorted by createdAt ascending[jvm]","","2026-07-22","passed","2026-07-22","","PendingMutationQueueImplSpec[jvm]","com.georgeci.moneysurfer.sync.internal.repository.PendingMutationQueueImplSpec",""
"","31","invited user CAN self-create via an email-only invite (legacy, no targetUserId)","","2026-07-22","passed","2026-07-22","","workspaces/{wid}/members/{uid}","workspaces/{wid}/members/{uid} invited user CAN self-create via an email-only invite (legacy, no targetUserId)",""
"","29","accepts a minimal account (default-valued fields omitted)","","2026-07-22","passed","2026-07-22","","entity write-shape validation (issue #156)","entity write-shape validation (issue #156) accepts a minimal account (default-valued fields omitted)",""
"","9","setCursor stores Instant — cursor returns the same value back[jvm]","","2026-07-22","passed","2026-07-22","","SyncMetaRepositoryImplSpec[jvm]","com.georgeci.moneysurfer.data.sync.SyncMetaRepositoryImplSpec",""
"","19","owner whose co-members all LEFT or were REMOVED still purges[jvm]","","2026-07-22","passed","2026-07-22","","UserAccountDeletionRepositoryImplTest[jvm]","com.georgeci.moneysurfer.data.repository.UserAccountDeletionRepositoryImplTest",""
"","9","a transfer leg without its pair row is rejected[jvm]","","2026-07-22","passed","2026-07-22","","ExportImportTransactionsUseCaseTest[jvm]","com.georgeci.moneysurfer.domain.csv.ExportImportTransactionsUseCaseTest",""
"","11","markRemoved soft-deletes: status REMOVED, removedAt set, enqueues UPDATE[jvm]","","2026-07-22","passed","2026-07-22","","WorkspaceMemberRepositoryDualWriteSpec[jvm]","com.georgeci.moneysurfer.data.repository.WorkspaceMemberRepositoryDualWriteSpec",""
"","30","matches a whole word in the middle of a note[jvm]","","2026-07-22","passed","2026-07-22","","TransactionFtsIntegrationIT[jvm]","com.georgeci.moneysurfer.integration.repository.TransactionFtsIntegrationIT",""
"","15","user cannot delete another user's document","","2026-07-22","passed","2026-07-22","","users/{uid}","users/{uid} user cannot delete another user's document",""
"","1","remote newer than local → take remote[jvm]","","2026-07-22","passed","2026-07-22","","LwwConflictResolverSpec[jvm]","com.georgeci.moneysurfer.sync.repository.LwwConflictResolverSpec",""
"","0","'0.' -> '0.'[jvm]","","2026-07-22","passed","2026-07-22","","AmountInputTransformationTest[jvm]","com.georgeci.moneysurfer.utils.AmountInputTransformationTest",""
"","19","enqueueUpsert writes a PendingMutation when signed in[jvm]","","2026-07-22","passed","2026-07-22","","OutboxEnqueuerSpec[jvm]","com.georgeci.moneysurfer.data.sync.OutboxEnqueuerSpec",""
"","6","markSuccess preserves cursor[jvm]","","2026-07-22","passed","2026-07-22","","SyncMetaRepositoryImplSpec[jvm]","com.georgeci.moneysurfer.data.sync.SyncMetaRepositoryImplSpec",""
"","1","restore on already-active account is a no-op success[jvm]","","2026-07-22","passed","2026-07-22","","ArchiveAccountUseCaseTest[jvm]","com.georgeci.moneysurfer.domain.usecase.ArchiveAccountUseCaseTest",""
"","17","rejects the issue scenario: transaction amount as a string","","2026-07-22","passed","2026-07-22","","entity write-shape validation (issue #156)","entity write-shape validation (issue #156) rejects the issue scenario: transaction amount as a string",""
"","3","is a no-op when the requested currency already matches[jvm]","","2026-07-22","passed","2026-07-22","","UpdateWorkspaceCurrencyUseCaseTest[jvm]","com.georgeci.moneysurfer.domain.usecase.UpdateWorkspaceCurrencyUseCaseTest",""
"","40","rejects an account whose string name is a number","","2026-07-22","passed","2026-07-22","","entity write-shape validation (issue #156)","entity write-shape validation (issue #156) rejects an account whose string name is a number",""
"","1","'12a' (mixed letters and digits)[jvm]","","2026-07-22","passed","2026-07-22","","AmountInputTransformationTest[jvm]","com.georgeci.moneysurfer.utils.AmountInputTransformationTest",""
"","16","ids are unique across mutations[jvm]","","2026-07-22","passed","2026-07-22","","OutboxEnqueuerSpec[jvm]","com.georgeci.moneysurfer.data.sync.OutboxEnqueuerSpec",""
"","1","arbitrary throwable maps to Unknown carrying the cause[jvm]","","2026-07-22","passed","2026-07-22","","SyncErrorClassifierSpec[jvm]","com.georgeci.moneysurfer.sync.internal.SyncErrorClassifierSpec",""
"","3","SerializationException maps to Unknown carrying the cause[jvm]","","2026-07-22","passed","2026-07-22","","SyncErrorClassifierSpec[jvm]","com.georgeci.moneysurfer.sync.internal.SyncErrorClassifierSpec",""
"","11","returns ProjectionSummary with zero recalculations for All scope[jvm]","","2026-07-22","passed","2026-07-22","","NoOpRecalculateLocalProjectionsUseCaseSpec[jvm]","com.georgeci.moneysurfer.sync.internal.usecase.NoOpRecalculateLocalProjectionsUseCaseSpec",""
"","8","Supported app version lets the sync run normally[jvm]","","2026-07-22","passed","2026-07-22","","SyncCoordinatorImplSpec[jvm]","com.georgeci.moneysurfer.sync.coordinator.SyncCoordinatorImplSpec",""
"","8","insert in demo session writes DAO but skips outbox[jvm]","","2026-07-22","passed","2026-07-22","","WorkspaceMemberRepositoryDualWriteSpec[jvm]","com.georgeci.moneysurfer.data.repository.WorkspaceMemberRepositoryDualWriteSpec",""
"","4","explicit overrides are exposed[jvm]","","2026-07-22","passed","2026-07-22","","SyncConstraintsSpec[jvm]","com.georgeci.moneysurfer.sync.scheduler.SyncConstraintsSpec",""
"","15","matches java.util.zip.CRC32 across diverse byte sequences[jvm]","","2026-07-22","passed","2026-07-22","","Crc32JvmTest[jvm]","com.georgeci.moneysurfer.data.backup.Crc32JvmTest",""
"","21","user can write their own email mapping","","2026-07-22","passed","2026-07-22","","userEmails/{email}","userEmails/{email} user can write their own email mapping",""
"","143","rejects when no current user[jvm]","","2026-07-22","passed","2026-07-22","","AcceptInviteUseCaseTest[jvm]","com.georgeci.moneysurfer.domain.usecase.AcceptInviteUseCaseTest",""
"","18","invitee without email claim can accept via targetUserId branch","","2026-07-22","passed","2026-07-22","","invites — update / delete","invites — update / delete invitee without email claim can accept via targetUserId branch",""
"","3","update amount applies only the difference[jvm]","","2026-07-22","passed","2026-07-22","","ApplyTransactionChangeUseCaseTest[jvm]","com.georgeci.moneysurfer.domain.usecase.ApplyTransactionChangeUseCaseTest",""
"","13","user cannot read another user's document","","2026-07-22","passed","2026-07-22","","users/{uid}","users/{uid} user cannot read another user's document",""
"","3","appends a prefix wildcard to every token[jvm]","","2026-07-22","passed","2026-07-22","","FtsQueryTest[jvm]","com.georgeci.moneysurfer.data.db.FtsQueryTest",""
"","26","second sync resumes from the Room-persisted cursor and pulls only newer documents[jvm]","","2026-07-22","passed","2026-07-22","","NewWorkspacePullIntegrationIT[jvm]","com.georgeci.moneysurfer.integration.sync.NewWorkspacePullIntegrationIT",""
"","449","seal + open round-trips with the right passphrase[jvm]","","2026-07-22","passed","2026-07-22","","EncryptedBackupCodecTest[jvm]","com.georgeci.moneysurfer.data.backup.EncryptedBackupCodecTest",""
"","21","case mismatch between email claim and key is rejected","","2026-07-22","passed","2026-07-22","","userEmails/{email}","userEmails/{email} case mismatch between email claim and key is rejected",""
"","19","rejects when invite email does not match the current user[jvm]","","2026-07-22","passed","2026-07-22","","AcceptInviteUseCaseTest[jvm]","com.georgeci.moneysurfer.domain.usecase.AcceptInviteUseCaseTest",""
"","100","export then import restores seeded entities + datastore + clears sync DB[jvm]","","2026-07-22","passed","2026-07-22","","BackupRoundTripJvmTest[jvm]","com.georgeci.moneysurfer.data.backup.BackupRoundTripJvmTest",""
"","9","abs of Long.MIN_VALUE throws instead of returning a negative magnitude[jvm]","","2026-07-22","passed","2026-07-22","","MoneyTest[jvm]","com.georgeci.moneysurfer.domain.primitives.MoneyTest",""
"","9","Unknown preserves cause and is retryable[jvm]","","2026-07-22","passed","2026-07-22","","SyncErrorSpec[jvm]","com.georgeci.moneysurfer.sync.api.SyncErrorSpec",""
"","16","a foreign CSV header fails the whole import[jvm]","","2026-07-22","passed","2026-07-22","","ExportImportTransactionsUseCaseTest[jvm]","com.georgeci.moneysurfer.domain.csv.ExportImportTransactionsUseCaseTest",""
"","158","inserts accounts with USD, EUR, RUB in same workspace and getByWorkspaceId returns all three[jvm]","","2026-07-22","passed","2026-07-22","","AccountCreationIntegrationIT[jvm]","com.georgeci.moneysurfer.integration.repository.AccountCreationIntegrationIT",""
"","15","member can tombstone their own row (self-leave: role and status unchanged)","","2026-07-22","passed","2026-07-22","","tombstone update shape (push-side soft delete)","tombstone update shape (push-side soft delete) member can tombstone their own row (self-leave: role and status unchanged)",""
"","31","transaction stores its own currencyCode independent of the account's currency[jvm]","","2026-07-22","passed","2026-07-22","","TransactionCreationIntegrationIT[jvm]","com.georgeci.moneysurfer.integration.repository.TransactionCreationIntegrationIT",""
"","122","valid stored ISO is preserved[jvm]","","2026-07-22","passed","2026-07-22","","ResolveLegacyOperationDateTest[jvm]","com.georgeci.moneysurfer.data.repository.ResolveLegacyOperationDateTest",""
"","24","user cannot squat on someone else's email key (mapping to own uid)","","2026-07-22","passed","2026-07-22","","userEmails/{email}","userEmails/{email} user cannot squat on someone else's email key (mapping to own uid)",""
"","4","Cancelled title and default summary[jvm]","","2026-07-22","passed","2026-07-22","","SyncStepSpec[jvm]","com.georgeci.moneysurfer.sync.api.SyncStepSpec",""
"","15","every field survives an encode/decode round-trip[jvm]","","2026-07-22","passed","2026-07-22","","TransactionCsvCodecTest[jvm]","com.georgeci.moneysurfer.domain.csv.TransactionCsvCodecTest",""
"","2","onSyncStarted is callable[jvm]","","2026-07-22","passed","2026-07-22","","SyncTelemetryNoOpSpec[jvm]","com.georgeci.moneysurfer.sync.telemetry.SyncTelemetryNoOpSpec",""
"","33","owner can remove entries from their own invitedWorkspaceIds","","2026-07-22","passed","2026-07-22","","users/{uid} — invitedWorkspaceIds cross-user append","users/{uid} — invitedWorkspaceIds cross-user append owner can remove entries from their own invitedWorkspaceIds",""
"","23","pending respects limit[jvm]","","2026-07-22","passed","2026-07-22","","PendingMutationQueueImplSpec[jvm]","com.georgeci.moneysurfer.data.sync.PendingMutationQueueImplSpec",""
"","32","cross-currency transfer stores fromMoney/toMoney on respective legs with each account's currencyCode[jvm]","","2026-07-22","passed","2026-07-22","","TransferCreationIntegrationIT[jvm]","com.georgeci.moneysurfer.integration.repository.TransferCreationIntegrationIT",""
"","4","default constraints disable network/charging gates and require non-low battery[jvm]","","2026-07-22","passed","2026-07-22","","SyncConstraintsSpec[jvm]","com.georgeci.moneysurfer.sync.scheduler.SyncConstraintsSpec",""
"","180","unauthenticated user can read app config (force-update gate)","","2026-07-22","passed","2026-07-22","","appConfig/{docId}","appConfig/{docId} unauthenticated user can read app config (force-update gate)",""
"","7","matches by targetUserId when email differs[jvm]","","2026-07-22","passed","2026-07-22","","AcceptInviteUseCaseTest[jvm]","com.georgeci.moneysurfer.domain.usecase.AcceptInviteUseCaseTest",""
"","15","fetch failure propagates as AuthError.Unknown[jvm]","","2026-07-22","passed","2026-07-22","","PostAuthBootstrapUseCaseTest[jvm]","com.georgeci.moneysurfer.domain.usecase.PostAuthBootstrapUseCaseTest",""
"","0","yearly clamping does not accumulate — Feb 29 returns in the next leap year[jvm]","","2026-07-22","passed","2026-07-22","","BudgetPeriodWindowTest[jvm]","com.georgeci.moneysurfer.domain.util.BudgetPeriodWindowTest",""
"","17","unauthenticated user is denied","","2026-07-22","passed","2026-07-22","","workspaces/{wid}","workspaces/{wid} unauthenticated user is denied",""
"","84","relaunch is idempotent — no duplicate workspace or Cash account[jvm]","","2026-07-22","passed","2026-07-22","","OfflineFirstRunSeederTest[jvm]","com.georgeci.moneysurfer.offline.firstrun.OfflineFirstRunSeederTest",""
"","9","pendingCount excludes IN_FLIGHT rows[jvm]","","2026-07-22","passed","2026-07-22","","PendingMutationQueueImplSpec[jvm]","com.georgeci.moneysurfer.sync.internal.repository.PendingMutationQueueImplSpec",""
"","1","Cancelled.isRetryable is false[jvm]","","2026-07-22","passed","2026-07-22","","SyncErrorClassifierSpec[jvm]","com.georgeci.moneysurfer.sync.internal.SyncErrorClassifierSpec",""
"","0","previousWindow ends exactly where the given window starts — no gap, no overlap[jvm]","","2026-07-22","passed","2026-07-22","","BudgetPeriodWindowTest[jvm]","com.georgeci.moneysurfer.domain.util.BudgetPeriodWindowTest",""
"","615","a truncated blob fails the MAC[jvm]","","2026-07-22","passed","2026-07-22","","EncryptedBackupCodecTest[jvm]","com.georgeci.moneysurfer.data.backup.EncryptedBackupCodecTest",""
"","8","AllUserData additionally pulls invites from workspaces the user is invited to[jvm]","","2026-07-22","passed","2026-07-22","","PullRemoteChangesUseCaseImplSpec[jvm]","com.georgeci.moneysurfer.data.sync.PullRemoteChangesUseCaseImplSpec",""
"","1","redactUid returns a fixed marker for blank input[jvm]","","2026-07-22","passed","2026-07-22","","PiiRedactionTest[jvm]","com.georgeci.moneysurfer.domain.logging.PiiRedactionTest",""
"","13","results keep the newest-first ordering of the list queries[jvm]","","2026-07-22","passed","2026-07-22","","TransactionFtsIntegrationIT[jvm]","com.georgeci.moneysurfer.integration.repository.TransactionFtsIntegrationIT",""
"","13","unauthenticated user is denied","","2026-07-22","passed","2026-07-22","","workspaces/{wid}/members/{uid}","workspaces/{wid}/members/{uid} unauthenticated user is denied",""
"","4","non-null pass-through[jvm]","","2026-07-22","passed","2026-07-22","","TimeFormatterTest[jvm]","com.georgeci.moneysurfer.data.repository.TimeFormatterTest",""
"","13","monthly clamping does not accumulate — the 31st returns after a short month[jvm]","","2026-07-22","passed","2026-07-22","","BudgetPeriodWindowTest[jvm]","com.georgeci.moneysurfer.domain.util.BudgetPeriodWindowTest",""
"","4","epoch zero stored as blank resolves to 1970-01-01[jvm]","","2026-07-22","passed","2026-07-22","","ResolveLegacyOperationDateTest[jvm]","com.georgeci.moneysurfer.data.repository.ResolveLegacyOperationDateTest",""
"","29","invited user CAN self-create referencing an already-ACCEPTED invite (push-order/idempotent)","","2026-07-22","passed","2026-07-22","","workspaces/{wid}/members/{uid}","workspaces/{wid}/members/{uid} invited user CAN self-create referencing an already-ACCEPTED invite (push-order/idempotent)",""
"","10","planned → actual applies full impact[jvm]","","2026-07-22","passed","2026-07-22","","CalculateBalanceDeltaTest[jvm]","com.georgeci.moneysurfer.domain.model.CalculateBalanceDeltaTest",""
"","19","empty archive surfaces InvalidArchive[jvm]","","2026-07-22","passed","2026-07-22","","BackupImporterImplJvmTest[jvm]","com.georgeci.moneysurfer.data.backup.BackupImporterImplJvmTest",""
"","45","rows referencing unknown workspace account or category are reported per row[jvm]","","2026-07-22","passed","2026-07-22","","ExportImportTransactionsUseCaseTest[jvm]","com.georgeci.moneysurfer.domain.csv.ExportImportTransactionsUseCaseTest",""
"","2","anonymous flow (null password) skips re-auth[jvm]","","2026-07-22","passed","2026-07-22","","DeleteUserAccountUseCaseTest[jvm]","com.georgeci.moneysurfer.domain.usecase.DeleteUserAccountUseCaseTest",""
"","8","Unknown.isRetryable is true (sync should be re-attempted on next cycle)[jvm]","","2026-07-22","passed","2026-07-22","","SyncErrorClassifierSpec[jvm]","com.georgeci.moneysurfer.sync.internal.SyncErrorClassifierSpec",""
"","11","enqueueUpsert rejects DELETE — must call enqueueDelete instead[jvm]","","2026-07-22","passed","2026-07-22","","OutboxEnqueuerImplSpec[jvm]","com.georgeci.moneysurfer.sync.repository.OutboxEnqueuerImplSpec",""
"","10","Enqueue merges into existing pending request[jvm]","","2026-07-22","passed","2026-07-22","","SyncCoordinatorImplBranchSpec[jvm]","com.georgeci.moneysurfer.sync.coordinator.SyncCoordinatorImplBranchSpec",""
"","6","ignores a cancel token that is already cancelled (NoOp does no work)[jvm]","","2026-07-22","passed","2026-07-22","","NoOpRecalculateLocalProjectionsUseCaseSpec[jvm]","com.georgeci.moneysurfer.sync.internal.usecase.NoOpRecalculateLocalProjectionsUseCaseSpec",""
"","382","patch fields overlaid on each entity doc decode as a pull-side tombstone[jvm]","","2026-07-22","passed","2026-07-22","","TombstonePatchSpec[jvm]","com.georgeci.moneysurfer.data.sync.plugin.TombstonePatchSpec",""
"","1","yearly window is anchored on the start date's month and day[jvm]","","2026-07-22","passed","2026-07-22","","BudgetPeriodWindowTest[jvm]","com.georgeci.moneysurfer.domain.util.BudgetPeriodWindowTest",""
"","3","epochMillis=0[jvm]","","2026-07-22","passed","2026-07-22","","TimeFormatterTest[jvm]","com.georgeci.moneysurfer.data.repository.TimeFormatterTest",""
"","10","shutdown is idempotent — repeated calls keep cancelling[jvm]","","2026-07-22","passed","2026-07-22","","SessionShutdownGateImplSpec[jvm]","com.georgeci.moneysurfer.data.sync.SessionShutdownGateImplSpec",""
"","21","tombstone with clientVersionCode below floor is denied","","2026-07-22","passed","2026-07-22","","tombstone update shape (push-side soft delete)","tombstone update shape (push-side soft delete) tombstone with clientVersionCode below floor is denied",""
"","41","Either.Left(Cancelled) returned from upload completes as cancelled[jvm]","","2026-07-22","passed","2026-07-22","","SyncCoordinatorImplBranchSpec[jvm]","com.georgeci.moneysurfer.sync.coordinator.SyncCoordinatorImplBranchSpec",""
"","2","addUpload accumulates uploadedCount[jvm]","","2026-07-22","passed","2026-07-22","","SyncSummaryBuilderSpec[jvm]","com.georgeci.moneysurfer.sync.api.SyncSummaryBuilderSpec",""
"","19","does not leak rows from another workspace[jvm]","","2026-07-22","passed","2026-07-22","","TransactionFtsIntegrationIT[jvm]","com.georgeci.moneysurfer.integration.repository.TransactionFtsIntegrationIT",""
"","15","PULL_MEMBERS sits between PULL_WORKSPACE and PULL_INVITES[jvm]","","2026-07-22","passed","2026-07-22","","SyncStepOrderTest[jvm]","com.georgeci.moneysurfer.domain.model.SyncStepOrderTest",""
"","25","recipient can collection-group query by email","","2026-07-22","passed","2026-07-22","","invites — read","invites — read recipient can collection-group query by email",""
"","7","ProjectionScope.Workspace exposes key[jvm]","","2026-07-22","passed","2026-07-22","","ProjectionSpec[jvm]","com.georgeci.moneysurfer.sync.projection.ProjectionSpec",""
"","27","rejects a budget whose rollover flag is a string","","2026-07-22","passed","2026-07-22","","entity write-shape validation (issue #156)","entity write-shape validation (issue #156) rejects a budget whose rollover flag is a string",""
"","16","owner can promote a member's role","","2026-07-22","passed","2026-07-22","","workspaces/{wid}/members/{uid}","workspaces/{wid}/members/{uid} owner can promote a member's role",""
"","29","accepts a budget with an empty categoryIds list","","2026-07-22","passed","2026-07-22","","entity write-shape validation (issue #156)","entity write-shape validation (issue #156) accepts a budget with an empty categoryIds list",""
"","10","unrecognized message returns null so the caller falls back to Unknown[jvm]","","2026-07-22","passed","2026-07-22","","AuthErrorClassificationTest[jvm]","com.georgeci.moneysurfer.data.repository.AuthErrorClassificationTest",""
"","47","invitee accept regression: real uid + gmail+alias email, full set()","","2026-07-22","passed","2026-07-22","","invites — update / delete","invites — update / delete invitee accept regression: real uid + gmail+alias email, full set()",""
"","3","schedulePeriodic uses default constraints when none supplied[jvm]","","2026-07-22","passed","2026-07-22","","BackgroundSyncSchedulerSpec[jvm]","com.georgeci.moneysurfer.sync.scheduler.BackgroundSyncSchedulerSpec",""
"","12","isEnabled returns true when firebaseUid is non-empty[jvm]","","2026-07-22","passed","2026-07-22","","OutboxEnqueuerSpec[jvm]","com.georgeci.moneysurfer.data.sync.OutboxEnqueuerSpec",""
"","7","markInFlight with empty list is a no-op[jvm]","","2026-07-22","passed","2026-07-22","","PendingMutationQueueImplSpec[jvm]","com.georgeci.moneysurfer.data.sync.PendingMutationQueueImplSpec",""
"","2","blank id is rejected as invalid id[jvm]","","2026-07-22","passed","2026-07-22","","TransactionCsvCodecTest[jvm]","com.georgeci.moneysurfer.domain.csv.TransactionCsvCodecTest",""
"","9","fromMajor that overflows Long throws instead of wrapping[jvm]","","2026-07-22","passed","2026-07-22","","MoneyTest[jvm]","com.georgeci.moneysurfer.domain.primitives.MoneyTest",""
"","14","ReplaceQueued cancels existing pending and replaces it[jvm]","","2026-07-22","passed","2026-07-22","","SyncCoordinatorImplBranchSpec[jvm]","com.georgeci.moneysurfer.sync.coordinator.SyncCoordinatorImplBranchSpec",""
"","14","all PUSH steps precede all PULL steps[jvm]","","2026-07-22","passed","2026-07-22","","SyncStepOrderTest[jvm]","com.georgeci.moneysurfer.domain.model.SyncStepOrderTest",""
"","6","NoOpNetworkMonitor reports always-online[jvm]","","2026-07-22","passed","2026-07-22","","NoOpNetworkMonitorSpec[jvm]","com.georgeci.moneysurfer.sync.internal.network.NoOpNetworkMonitorSpec",""
"","23","owner can mark a member as REMOVED","","2026-07-22","passed","2026-07-22","","workspaces/{wid}/members/{uid}","workspaces/{wid}/members/{uid} owner can mark a member as REMOVED",""
"","9","observe emits empty list for a fresh workspace[jvm]","","2026-07-22","passed","2026-07-22","","SyncMetaRepositoryImplSpec[jvm]","com.georgeci.moneysurfer.sync.internal.repository.SyncMetaRepositoryImplSpec",""
"","6","PullingCollection title carries collection name[jvm]","","2026-07-22","passed","2026-07-22","","SyncStepSpec[jvm]","com.georgeci.moneysurfer.sync.api.SyncStepSpec",""
"","3","no-ops when CreateWorkspaceUseCase has no current user (offline build pre-login)[jvm]","","2026-07-22","passed","2026-07-22","","SeedDefaultsUseCaseTest[jvm]","com.georgeci.moneysurfer.domain.usecase.SeedDefaultsUseCaseTest",""
"","30","getByEmail / getByTargetUserId resolve through their indexes[jvm]","","2026-07-22","passed","2026-07-22","","WorkspaceInviteRepositoryIntegrationIT[jvm]","com.georgeci.moneysurfer.integration.repository.WorkspaceInviteRepositoryIntegrationIT",""
"","1","CompositeCancelToken cancelled when all children cancelled[jvm]","","2026-07-22","passed","2026-07-22","","SyncCancelTokenSpec[jvm]","com.georgeci.moneysurfer.sync.api.SyncCancelTokenSpec",""
"","1","collapses punctuation and repeated separators into token boundaries[jvm]","","2026-07-22","passed","2026-07-22","","FtsQueryTest[jvm]","com.georgeci.moneysurfer.data.db.FtsQueryTest",""
"","233","main DB payload without the SQLite header surfaces CorruptDatabase[jvm]","","2026-07-22","passed","2026-07-22","","BackupImporterImplJvmTest[jvm]","com.georgeci.moneysurfer.data.backup.BackupImporterImplJvmTest",""
"","20","upsert in demo session writes DAO but skips outbox[jvm]","","2026-07-22","passed","2026-07-22","","WorkspaceInviteRepositoryDualWriteSpec[jvm]","com.georgeci.moneysurfer.data.repository.WorkspaceInviteRepositoryDualWriteSpec",""
"","1","addConflicts accumulates conflictCount[jvm]","","2026-07-22","passed","2026-07-22","","SyncSummaryBuilderSpec[jvm]","com.georgeci.moneysurfer.sync.api.SyncSummaryBuilderSpec",""
"","22","user cannot update another user's document","","2026-07-22","passed","2026-07-22","","users/{uid}","users/{uid} user cannot update another user's document",""
"","150","format EUR with German locale[jvm]","","2026-07-22","passed","2026-07-22","","MoneyFormatterTest[jvm]","com.georgeci.moneysurfer.domain.MoneyFormatterTest",""
"","7","wrong-password (FIRAuth 17009) classifies as InvalidCredentials[jvm]","","2026-07-22","passed","2026-07-22","","AuthErrorClassificationTest[jvm]","com.georgeci.moneysurfer.data.repository.AuthErrorClassificationTest",""
"","1","MutationOperation enumerates INSERT, UPDATE, DELETE[jvm]","","2026-07-22","passed","2026-07-22","","PendingMutationSpec[jvm]","com.georgeci.moneysurfer.sync.repository.PendingMutationSpec",""
"","12","income contributes +amount on its account[jvm]","","2026-07-22","passed","2026-07-22","","BalanceImpactTest[jvm]","com.georgeci.moneysurfer.domain.model.BalanceImpactTest",""
"","27","cancel handle during pending finalizes immediately[jvm]","","2026-07-22","passed","2026-07-22","","SyncCoordinatorImplSpec[jvm]","com.georgeci.moneysurfer.sync.coordinator.SyncCoordinatorImplSpec",""
"","1","opening_balance behaves as a regular ACTUAL for cache[jvm]","","2026-07-22","passed","2026-07-22","","ApplyTransactionChangeUseCaseTest[jvm]","com.georgeci.moneysurfer.domain.usecase.ApplyTransactionChangeUseCaseTest",""
"","10","CompositeCancelToken not cancelled when no children cancelled[jvm]","","2026-07-22","passed","2026-07-22","","SyncCancelTokenSpec[jvm]","com.georgeci.moneysurfer.sync.api.SyncCancelTokenSpec",""
"","12","addWorkspaceRef fires with the new workspace id so users/{uid}.workspaceIds is filled[jvm]","","2026-07-22","passed","2026-07-22","","CreateWorkspaceUseCaseTest[jvm]","com.georgeci.moneysurfer.domain.usecase.CreateWorkspaceUseCaseTest",""
"","27","from wraps single request as merged with one child[jvm]","","2026-07-22","passed","2026-07-22","","MergedSyncRequestSpec[jvm]","com.georgeci.moneysurfer.sync.coordinator.MergedSyncRequestSpec",""
"","26","insert + getById round-trips all columns including snapshots[jvm]","","2026-07-22","passed","2026-07-22","","WorkspaceInviteRepositoryIntegrationIT[jvm]","com.georgeci.moneysurfer.integration.repository.WorkspaceInviteRepositoryIntegrationIT",""
"","9","email mapping pointing at a different uid is preserved[jvm]","","2026-07-22","passed","2026-07-22","","UserAccountDeletionRepositoryImplTest[jvm]","com.georgeci.moneysurfer.data.repository.UserAccountDeletionRepositoryImplTest",""
"","50","failed apply leaves the cursor untouched so the batch is retried on the next sync[jvm]","","2026-07-22","passed","2026-07-22","","NewWorkspacePullIntegrationIT[jvm]","com.georgeci.moneysurfer.integration.sync.NewWorkspacePullIntegrationIT",""
"","7","ConflictResolution.Merged carries the merged value[jvm]","","2026-07-22","passed","2026-07-22","","ConflictResolverSpec[jvm]","com.georgeci.moneysurfer.sync.repository.ConflictResolverSpec",""
"","5","rejects same-account transfer[jvm]","","2026-07-22","passed","2026-07-22","","CreateTransferUseCaseTest[jvm]","com.georgeci.moneysurfer.domain.usecase.CreateTransferUseCaseTest",""
"","46","LastSyncOutcome.Success carries summary and timestamp[jvm]","","2026-07-22","passed","2026-07-22","","SyncStateSpec[jvm]","com.georgeci.moneysurfer.sync.api.SyncStateSpec",""
"","23","unauthenticated user cannot append to invitedWorkspaceIds","","2026-07-22","passed","2026-07-22","","users/{uid} — invitedWorkspaceIds cross-user append","users/{uid} — invitedWorkspaceIds cross-user append unauthenticated user cannot append to invitedWorkspaceIds",""
"","23","rejects an account whose numeric balance is a string","","2026-07-22","passed","2026-07-22","","entity write-shape validation (issue #156)","entity write-shape validation (issue #156) rejects an account whose numeric balance is a string",""
"","7","negating Long.MIN_VALUE throws instead of wrapping back to itself[jvm]","","2026-07-22","passed","2026-07-22","","MoneyTest[jvm]","com.georgeci.moneysurfer.domain.primitives.MoneyTest",""
"","10","rejects when caller is not OWNER[jvm]","","2026-07-22","passed","2026-07-22","","RemoveMemberUseCaseTest[jvm]","com.georgeci.moneysurfer.domain.usecase.RemoveMemberUseCaseTest",""
"","195","copy with override[jvm]","","2026-07-22","passed","2026-07-22","","PendingMutationSpec[jvm]","com.georgeci.moneysurfer.sync.repository.PendingMutationSpec",""
"","257","no-such-user (FIRAuth 17011) classifies as InvalidCredentials[jvm]","","2026-07-22","passed","2026-07-22","","AuthErrorClassificationTest[jvm]","com.georgeci.moneysurfer.data.repository.AuthErrorClassificationTest",""
"","16","list across all workspaces is denied — workspace get/list both gated by isMember","","2026-07-22","passed","2026-07-22","","workspaces/{wid}","workspaces/{wid} list across all workspaces is denied — workspace get/list both gated by isMember",""
"","1","ignores planned rows[jvm]","","2026-07-22","passed","2026-07-22","","RecalculateAccountBalanceUseCaseTest[jvm]","com.georgeci.moneysurfer.domain.usecase.RecalculateAccountBalanceUseCaseTest",""
"","4","defuses FTS operators by wildcarding them[jvm]","","2026-07-22","passed","2026-07-22","","FtsQueryTest[jvm]","com.georgeci.moneysurfer.data.db.FtsQueryTest",""
"","7","markFailed returns row to PENDING with attempts incremented[jvm]","","2026-07-22","passed","2026-07-22","","PendingMutationQueueImplSpec[jvm]","com.georgeci.moneysurfer.data.sync.PendingMutationQueueImplSpec",""
"","2","addDownload accumulates downloadedCount[jvm]","","2026-07-22","passed","2026-07-22","","SyncSummaryBuilderSpec[jvm]","com.georgeci.moneysurfer.sync.api.SyncSummaryBuilderSpec",""
"","17","sender cannot touch any other field alongside invitedWorkspaceIds","","2026-07-22","passed","2026-07-22","","users/{uid} — invitedWorkspaceIds cross-user append","users/{uid} — invitedWorkspaceIds cross-user append sender cannot touch any other field alongside invitedWorkspaceIds",""
"","534","wrong passphrase is rejected before decryption[jvm]","","2026-07-22","passed","2026-07-22","","EncryptedBackupCodecTest[jvm]","com.georgeci.moneysurfer.data.backup.EncryptedBackupCodecTest",""
"","20","invitee cannot transition to a terminal state other than ACCEPTED/DECLINED","","2026-07-22","passed","2026-07-22","","invites — update / delete","invites — update / delete invitee cannot transition to a terminal state other than ACCEPTED/DECLINED",""
"","12","rejects invalid email[jvm]","","2026-07-22","passed","2026-07-22","","SendInviteUseCaseTest[jvm]","com.georgeci.moneysurfer.domain.usecase.SendInviteUseCaseTest",""
"","9","reads the outbox with the default batch limit[jvm]","","2026-07-22","passed","2026-07-22","","UploadPendingChangesUseCaseImplSpec[jvm]","com.georgeci.moneysurfer.data.sync.UploadPendingChangesUseCaseImplSpec",""
"","14","a transfer pair with two legs of the same type is rejected[jvm]","","2026-07-22","passed","2026-07-22","","ExportImportTransactionsUseCaseTest[jvm]","com.georgeci.moneysurfer.domain.csv.ExportImportTransactionsUseCaseTest",""
"","25","pending returns rows in createdAt order[jvm]","","2026-07-22","passed","2026-07-22","","PendingMutationQueueImplSpec[jvm]","com.georgeci.moneysurfer.data.sync.PendingMutationQueueImplSpec",""
"","10","returns Right for a Workspace scope[jvm]","","2026-07-22","passed","2026-07-22","","NoOpRecalculateLocalProjectionsUseCaseSpec[jvm]","com.georgeci.moneysurfer.sync.internal.usecase.NoOpRecalculateLocalProjectionsUseCaseSpec",""
"","14","user can delete their own document","","2026-07-22","passed","2026-07-22","","users/{uid}","users/{uid} user can delete their own document",""
"","14","insert + getById round-trips snapshots and timestamps[jvm]","","2026-07-22","passed","2026-07-22","","WorkspaceMemberRepositoryIntegrationIT[jvm]","com.georgeci.moneysurfer.integration.repository.WorkspaceMemberRepositoryIntegrationIT",""
"","10","amount_minor at the domain cap is accepted[jvm]","","2026-07-22","passed","2026-07-22","","TransactionCsvCodecTest[jvm]","com.georgeci.moneysurfer.domain.csv.TransactionCsvCodecTest",""
"","1","minus that overflows Long on the positive side throws instead of wrapping[jvm]","","2026-07-22","passed","2026-07-22","","MoneyTest[jvm]","com.georgeci.moneysurfer.domain.primitives.MoneyTest",""
"","8","no active session returns NotSignedIn without touching anything[jvm]","","2026-07-22","passed","2026-07-22","","DeleteUserAccountUseCaseTest[jvm]","com.georgeci.moneysurfer.domain.usecase.DeleteUserAccountUseCaseTest",""
"","38","deleting a category then re-inserting it restores the row[jvm]","","2026-07-22","passed","2026-07-22","","DeleteUndoIntegrationIT[jvm]","com.georgeci.moneysurfer.integration.repository.DeleteUndoIntegrationIT",""
"","10","windows before the start date extend backwards so the first period has a predecessor[jvm]","","2026-07-22","passed","2026-07-22","","BudgetPeriodWindowTest[jvm]","com.georgeci.moneysurfer.domain.util.BudgetPeriodWindowTest",""
"","20","user cannot map a foreign uid to their own email","","2026-07-22","passed","2026-07-22","","userEmails/{email}","userEmails/{email} user cannot map a foreign uid to their own email",""
"","22","non-member cannot read the roster","","2026-07-22","passed","2026-07-22","","workspaces/{wid}/members/{uid}","workspaces/{wid}/members/{uid} non-member cannot read the roster",""
"","2","workspace root document is applied before subcollection plugins[jvm]","","2026-07-22","passed","2026-07-22","","PullRemoteChangesUseCaseImplSpec[jvm]","com.georgeci.moneysurfer.data.sync.PullRemoteChangesUseCaseImplSpec",""
"","116","archive flips archived flag[jvm]","","2026-07-22","passed","2026-07-22","","ArchiveAccountUseCaseTest[jvm]","com.georgeci.moneysurfer.domain.usecase.ArchiveAccountUseCaseTest",""
"","6","onStepEntered handles every SyncStep variant including parameterised ones[jvm]","","2026-07-22","passed","2026-07-22","","KermitSyncTelemetrySpec[jvm]","com.georgeci.moneysurfer.sync.internal.telemetry.KermitSyncTelemetrySpec",""
"","18","member can get the workspace doc","","2026-07-22","passed","2026-07-22","","workspaces/{wid}","workspaces/{wid} member can get the workspace doc",""
"","15","owner can tombstone the workspace root doc","","2026-07-22","passed","2026-07-22","","tombstone update shape (push-side soft delete)","tombstone update shape (push-side soft delete) owner can tombstone the workspace root doc",""
"","6","fields are exposed[jvm]","","2026-07-22","passed","2026-07-22","","PendingMutationSpec[jvm]","com.georgeci.moneysurfer.sync.repository.PendingMutationSpec",""
"","18","invitee cannot tombstone a PENDING invite (known limitation: only status transitions)","","2026-07-22","passed","2026-07-22","","tombstone update shape (push-side soft delete)","tombstone update shape (push-side soft delete) invitee cannot tombstone a PENDING invite (known limitation: only status transitions)",""
"","33","invite sender can append one wid to recipient invitedWorkspaceIds","","2026-07-22","passed","2026-07-22","","users/{uid} — invitedWorkspaceIds cross-user append","users/{uid} — invitedWorkspaceIds cross-user append invite sender can append one wid to recipient invitedWorkspaceIds",""
"","26","non-member is blocked from budgets","","2026-07-22","passed","2026-07-22","","member-gated entities (smoke for the rest)","member-gated entities (smoke for the rest) non-member is blocked from budgets",""
"","11","wrong column count is rejected with expected and actual sizes[jvm]","","2026-07-22","passed","2026-07-22","","TransactionCsvCodecTest[jvm]","com.georgeci.moneysurfer.domain.csv.TransactionCsvCodecTest",""
"","560","empty plaintext round-trips[jvm]","","2026-07-22","passed","2026-07-22","","EncryptedBackupCodecTest[jvm]","com.georgeci.moneysurfer.data.backup.EncryptedBackupCodecTest",""
"","42","invitee can accept even if parent workspace doc is missing on Firestore","","2026-07-22","passed","2026-07-22","","invites — update / delete","invites — update / delete invitee can accept even if parent workspace doc is missing on Firestore",""
"","26","member can tombstone an account","","2026-07-22","passed","2026-07-22","","tombstone update shape (push-side soft delete)","tombstone update shape (push-side soft delete) member can tombstone an account",""
"","5","rejects when last OWNER tries to leave[jvm]","","2026-07-22","passed","2026-07-22","","LeaveWorkspaceUseCaseTest[jvm]","com.georgeci.moneysurfer.domain.usecase.LeaveWorkspaceUseCaseTest",""
"","23","returns null when decode throws SerializationException (wrong field type)[jvm]","","2026-07-22","passed","2026-07-22","","DecodeOrNullSpec[jvm]","com.georgeci.moneysurfer.data.sync.plugin.DecodeOrNullSpec",""
"","63","create workspace persists local rows and enqueues one outbox mutation per row[jvm]","","2026-07-22","passed","2026-07-22","","WorkspaceCreationSyncIntegrationIT[jvm]","com.georgeci.moneysurfer.integration.sync.WorkspaceCreationSyncIntegrationIT",""
"","2","rejects when email already an active member[jvm]","","2026-07-22","passed","2026-07-22","","SendInviteUseCaseTest[jvm]","com.georgeci.moneysurfer.domain.usecase.SendInviteUseCaseTest",""
"","7","delete unwinds impact and removes the row[jvm]","","2026-07-22","passed","2026-07-22","","ApplyTransactionChangeUseCaseTest[jvm]","com.georgeci.moneysurfer.domain.usecase.ApplyTransactionChangeUseCaseTest",""
"","27","round-trip preserves all fields[jvm]","","2026-07-22","passed","2026-07-22","","PendingMutationQueueImplSpec[jvm]","com.georgeci.moneysurfer.data.sync.PendingMutationQueueImplSpec",""
"","3","redactEmail handles a domain without a dot[jvm]","","2026-07-22","passed","2026-07-22","","PiiRedactionTest[jvm]","com.georgeci.moneysurfer.domain.logging.PiiRedactionTest",""
"","12","magic constant is stable (backup format compatibility)[jvm]","","2026-07-22","passed","2026-07-22","","EncryptedBackupCodecTest[jvm]","com.georgeci.moneysurfer.data.backup.EncryptedBackupCodecTest",""
"","17","user cannot create a workspace owned by someone else","","2026-07-22","passed","2026-07-22","","workspaces/{wid}","workspaces/{wid} user cannot create a workspace owned by someone else",""
"","10","missing manifest entry surfaces InvalidArchive[jvm]","","2026-07-22","passed","2026-07-22","","BackupImporterImplJvmTest[jvm]","com.georgeci.moneysurfer.data.backup.BackupImporterImplJvmTest",""
"","2","onSyncFailed is callable[jvm]","","2026-07-22","passed","2026-07-22","","SyncTelemetryNoOpSpec[jvm]","com.georgeci.moneysurfer.sync.telemetry.SyncTelemetryNoOpSpec",""
"","23","member can read another member's row (roster visibility)","","2026-07-22","passed","2026-07-22","","workspaces/{wid}/members/{uid}","workspaces/{wid}/members/{uid} member can read another member's row (roster visibility)",""
"","20","actual → planned unwinds full impact[jvm]","","2026-07-22","passed","2026-07-22","","CalculateBalanceDeltaTest[jvm]","com.georgeci.moneysurfer.domain.model.CalculateBalanceDeltaTest",""
"","21","recipient without email claim can still query by targetUserId","","2026-07-22","passed","2026-07-22","","invites — read","invites — read recipient without email claim can still query by targetUserId",""
"","18","cancelAll cancels running and queued[jvm]","","2026-07-22","passed","2026-07-22","","SyncCoordinatorImplSpec[jvm]","com.georgeci.moneysurfer.sync.coordinator.SyncCoordinatorImplSpec",""
"","9","Queued carries count[jvm]","","2026-07-22","passed","2026-07-22","","SyncStateSpec[jvm]","com.georgeci.moneysurfer.sync.api.SyncStateSpec",""
"","9","SQLite header with a corrupted structure fails the integrity check[jvm]","","2026-07-22","passed","2026-07-22","","BackupImporterImplJvmTest[jvm]","com.georgeci.moneysurfer.data.backup.BackupImporterImplJvmTest",""
"","115","failed push keeps the mutation pending with bumped attempts and a retry drains it[jvm]","","2026-07-22","passed","2026-07-22","","WorkspaceCreationSyncIntegrationIT[jvm]","com.georgeci.moneysurfer.integration.sync.WorkspaceCreationSyncIntegrationIT",""
"","4","keeps Cyrillic and digits intact[jvm]","","2026-07-22","passed","2026-07-22","","FtsQueryTest[jvm]","com.georgeci.moneysurfer.data.db.FtsQueryTest",""
"","5","no enqueue when not signed in to Firebase (demo session)[jvm]","","2026-07-22","passed","2026-07-22","","OutboxEnqueuerImplSpec[jvm]","com.georgeci.moneysurfer.sync.repository.OutboxEnqueuerImplSpec",""
"","26","non-member cannot read","","2026-07-22","passed","2026-07-22","","member-gated entities (accounts)","member-gated entities (accounts) non-member cannot read",""
"","10","shutdown cancels coordinator first, then scheduler[jvm]","","2026-07-22","passed","2026-07-22","","SessionShutdownGateImplSpec[jvm]","com.georgeci.moneysurfer.sync.internal.SessionShutdownGateImplSpec",""
"","91","UnsupportedAppVersion preserves message and is not retryable[jvm]","","2026-07-22","passed","2026-07-22","","SyncErrorSpec[jvm]","com.georgeci.moneysurfer.sync.api.SyncErrorSpec",""
"","460","export writes a header plus one record per transaction and returns the count[jvm]","","2026-07-22","passed","2026-07-22","","ExportImportTransactionsUseCaseTest[jvm]","com.georgeci.moneysurfer.domain.csv.ExportImportTransactionsUseCaseTest",""
"","19","stranger cannot hard-delete the workspace doc","","2026-07-22","passed","2026-07-22","","workspaces/{wid}","workspaces/{wid} stranger cannot hard-delete the workspace doc",""
"","19","SyncHandleStatus.Completed carries summary[jvm]","","2026-07-22","passed","2026-07-22","","SyncStateSpec[jvm]","com.georgeci.moneysurfer.sync.api.SyncStateSpec",""
"","8","enqueueDelete is a no-op when demo session[jvm]","","2026-07-22","passed","2026-07-22","","OutboxEnqueuerSpec[jvm]","com.georgeci.moneysurfer.data.sync.OutboxEnqueuerSpec",""
"","675","upsert (new) writes both DAO and outbox as INSERT when signed in[jvm]","","2026-07-22","passed","2026-07-22","","WorkspaceInviteRepositoryDualWriteSpec[jvm]","com.georgeci.moneysurfer.data.repository.WorkspaceInviteRepositoryDualWriteSpec",""
"","14","member insert failure returns LocalWriteFailed and skips categories, remote work and pin[jvm]","","2026-07-22","passed","2026-07-22","","CreateWorkspaceUseCaseTest[jvm]","com.georgeci.moneysurfer.domain.usecase.CreateWorkspaceUseCaseTest",""
"","10","markInFlight excludes rows from the next pending batch[jvm]","","2026-07-22","passed","2026-07-22","","PendingMutationQueueImplSpec[jvm]","com.georgeci.moneysurfer.data.sync.PendingMutationQueueImplSpec",""
"","7","local pointer survives a remote failure[jvm]","","2026-07-22","passed","2026-07-22","","SelectWorkspaceUseCaseTest[jvm]","com.georgeci.moneysurfer.domain.usecase.SelectWorkspaceUseCaseTest",""
"","1001","encrypted import with the wrong passphrase surfaces WrongPassphrase[jvm]","","2026-07-22","passed","2026-07-22","","BackupEncryptedRoundTripJvmTest[jvm]","com.georgeci.moneysurfer.data.backup.BackupEncryptedRoundTripJvmTest",""
"","3","'0,99' -> '0.99'[jvm]","","2026-07-22","passed","2026-07-22","","AmountInputTransformationTest[jvm]","com.georgeci.moneysurfer.utils.AmountInputTransformationTest",""
"","12","localized composeResources string files are discovered[jvm]","","2026-07-22","passed","2026-07-22","","StringResourceParityTest[jvm]","com.georgeci.moneysurfer.utils.StringResourceParityTest",""
"","105","row referencing a missing account is reported and not inserted[jvm]","","2026-07-22","passed","2026-07-22","","CsvBackupIntegrationIT[jvm]","com.georgeci.moneysurfer.integration.repository.CsvBackupIntegrationIT",""
"","95","collection wire values are stable — they are persisted sync_meta cursor keys[jvm]","","2026-07-22","passed","2026-07-22","","SyncCollectionTest[jvm]","com.georgeci.moneysurfer.sync.api.SyncCollectionTest",""
"","38","Running carries id, reasons, scope, currentStep[jvm]","","2026-07-22","passed","2026-07-22","","SyncStateSpec[jvm]","com.georgeci.moneysurfer.sync.api.SyncStateSpec",""
"","2551","offline app module graph resolves()[jvm]","","2026-07-22","passed","2026-07-22","","OfflineKoinModuleVerificationTest[jvm]","com.georgeci.moneysurfer.offline.di.OfflineKoinModuleVerificationTest",""
"","5","markSuccess only updates the success column[jvm]","","2026-07-22","passed","2026-07-22","","SyncMetaRepositoryImplSpec[jvm]","com.georgeci.moneysurfer.sync.internal.repository.SyncMetaRepositoryImplSpec",""
"","8","existing user with null defaultWorkspaceId falls back to the first workspace[jvm]","","2026-07-22","passed","2026-07-22","","PostAuthBootstrapUseCaseTest[jvm]","com.georgeci.moneysurfer.domain.usecase.PostAuthBootstrapUseCaseTest",""
"","35","create blocked when clientVersionCode missing","","2026-07-22","passed","2026-07-22","","member-gated entities (accounts)","member-gated entities (accounts) create blocked when clientVersionCode missing",""
"","8","ActiveWorkspace with no current workspace pulls nothing[jvm]","","2026-07-22","passed","2026-07-22","","PullRemoteChangesUseCaseImplSpec[jvm]","com.georgeci.moneysurfer.data.sync.PullRemoteChangesUseCaseImplSpec",""
"","77","plain backups report isPassphraseProtected = false and import unchanged[jvm]","","2026-07-22","passed","2026-07-22","","BackupEncryptedRoundTripJvmTest[jvm]","com.georgeci.moneysurfer.data.backup.BackupEncryptedRoundTripJvmTest",""
"","6","missing local row → take remote[jvm]","","2026-07-22","passed","2026-07-22","","LwwConflictResolverSpec[jvm]","com.georgeci.moneysurfer.sync.repository.LwwConflictResolverSpec",""
"","27","existing install with a pinned workspace keeps the user's currency choice and does not re-login[jvm]","","2026-07-22","passed","2026-07-22","","OfflineFirstRunSeederTest[jvm]","com.georgeci.moneysurfer.offline.firstrun.OfflineFirstRunSeederTest",""
"","44","returns the decoded value when the document is well-formed[jvm]","","2026-07-22","passed","2026-07-22","","DecodeOrNullSpec[jvm]","com.georgeci.moneysurfer.data.sync.plugin.DecodeOrNullSpec",""
"","5","no enqueue when uid is empty string[jvm]","","2026-07-22","passed","2026-07-22","","OutboxEnqueuerImplSpec[jvm]","com.georgeci.moneysurfer.sync.repository.OutboxEnqueuerImplSpec",""
"","16","SyncHandleStatus.Queued is singleton[jvm]","","2026-07-22","passed","2026-07-22","","SyncStateSpec[jvm]","com.georgeci.moneysurfer.sync.api.SyncStateSpec",""
"","67","malformed and invalid rows are reported with row numbers and do not stop the import[jvm]","","2026-07-22","passed","2026-07-22","","ExportImportTransactionsUseCaseTest[jvm]","com.georgeci.moneysurfer.domain.csv.ExportImportTransactionsUseCaseTest",""
"","6","enqueueDelete pushes a DELETE mutation[jvm]","","2026-07-22","passed","2026-07-22","","OutboxEnqueuerImplSpec[jvm]","com.georgeci.moneysurfer.sync.repository.OutboxEnqueuerImplSpec",""
"","1","monthly anchor on the 29th clamps in a non-leap February[jvm]","","2026-07-22","passed","2026-07-22","","BudgetPeriodWindowTest[jvm]","com.georgeci.moneysurfer.domain.util.BudgetPeriodWindowTest",""
"","16","owner can update workspace metadata","","2026-07-22","passed","2026-07-22","","workspaces/{wid}","workspaces/{wid} owner can update workspace metadata",""
"","1","onSyncCancelled runs without error[jvm]","","2026-07-22","passed","2026-07-22","","KermitSyncTelemetrySpec[jvm]","com.georgeci.moneysurfer.sync.internal.telemetry.KermitSyncTelemetrySpec",""
"","29","invited user CAN self-create when the doc points at their PENDING invite","","2026-07-22","passed","2026-07-22","","workspaces/{wid}/members/{uid}","workspaces/{wid}/members/{uid} invited user CAN self-create when the doc points at their PENDING invite",""
"","33","invitee cannot flip ACCEPTED → DECLINED (terminal state immutable)","","2026-07-22","passed","2026-07-22","","invites — update / delete","invites — update / delete invitee cannot flip ACCEPTED → DECLINED (terminal state immutable)",""
"","1","ConflictResolution.TakeLocal carries the local value[jvm]","","2026-07-22","passed","2026-07-22","","ConflictResolverSpec[jvm]","com.georgeci.moneysurfer.sync.repository.ConflictResolverSpec",""
"","5","SimpleCancelToken cancel flips state[jvm]","","2026-07-22","passed","2026-07-22","","SyncCancelTokenSpec[jvm]","com.georgeci.moneysurfer.sync.api.SyncCancelTokenSpec",""
"","14","minus that overflows Long throws instead of wrapping[jvm]","","2026-07-22","passed","2026-07-22","","MoneyTest[jvm]","com.georgeci.moneysurfer.domain.primitives.MoneyTest",""
"","28","owner cannot create an invite stamped with a different invitedByUserId","","2026-07-22","passed","2026-07-22","","invites — write","invites — write owner cannot create an invite stamped with a different invitedByUserId",""
"","9","rejects when target is not a member[jvm]","","2026-07-22","passed","2026-07-22","","RemoveMemberUseCaseTest[jvm]","com.georgeci.moneysurfer.domain.usecase.RemoveMemberUseCaseTest",""
"","6","ConflictResolver implementation can be invoked[jvm]","","2026-07-22","passed","2026-07-22","","ConflictResolverSpec[jvm]","com.georgeci.moneysurfer.sync.repository.ConflictResolverSpec",""
"","7","NetworkUnavailable is retryable[jvm]","","2026-07-22","passed","2026-07-22","","SyncErrorSpec[jvm]","com.georgeci.moneysurfer.sync.api.SyncErrorSpec",""
"","11","DELETE operation roundtrips through the entity layer[jvm]","","2026-07-22","passed","2026-07-22","","PendingMutationQueueImplSpec[jvm]","com.georgeci.moneysurfer.sync.internal.repository.PendingMutationQueueImplSpec",""
"","4","CompositeCancelToken throwIfCancelled when all cancelled throws[jvm]","","2026-07-22","passed","2026-07-22","","SyncCancelTokenSpec[jvm]","com.georgeci.moneysurfer.sync.api.SyncCancelTokenSpec",""
"","13","default constructor builds an active scope[jvm]","","2026-07-22","passed","2026-07-22","","ApplicationScopeSpec[jvm]","com.georgeci.moneysurfer.sync.runtime.ApplicationScopeSpec",""
"","39","observe maps rows to domain SyncMeta[jvm]","","2026-07-22","passed","2026-07-22","","SyncMetaRepositoryImplSpec[jvm]","com.georgeci.moneysurfer.sync.internal.repository.SyncMetaRepositoryImplSpec",""
"","453","offline build resolves TransactionCreationFeatureConfig with transfer disabled[jvm]","","2026-07-22","passed","2026-07-22","","OfflineTransactionCreationFeatureConfigTest[jvm]","com.georgeci.moneysurfer.offline.di.OfflineTransactionCreationFeatureConfigTest",""
"","807","OnTermsClick emits a NavigateToLegal side effect[jvm]","","2026-07-22","passed","2026-07-22","","SignInViewModelTest[jvm]","com.georgeci.moneysurfer.feature.login.SignInViewModelTest",""
"","22","accepts a correctly-typed transaction","","2026-07-22","passed","2026-07-22","","entity write-shape validation (issue #156)","entity write-shape validation (issue #156) accepts a correctly-typed transaction",""
"","1","'.5' -> '.5'[jvm]","","2026-07-22","passed","2026-07-22","","AmountInputTransformationTest[jvm]","com.georgeci.moneysurfer.utils.AmountInputTransformationTest",""
"","18","cancelCurrent terminates running with Cancelled[jvm]","","2026-07-22","passed","2026-07-22","","SyncCoordinatorImplSpec[jvm]","com.georgeci.moneysurfer.sync.coordinator.SyncCoordinatorImplSpec",""
"","22","operator keywords and quotes from user input do not break MATCH[jvm]","","2026-07-22","passed","2026-07-22","","TransactionFtsIntegrationIT[jvm]","com.georgeci.moneysurfer.integration.repository.TransactionFtsIntegrationIT",""
"","10","progress is reported per document with collection name and position[jvm]","","2026-07-22","passed","2026-07-22","","PullRemoteChangesUseCaseImplSpec[jvm]","com.georgeci.moneysurfer.data.sync.PullRemoteChangesUseCaseImplSpec",""
"","4","local newer than remote → take local[jvm]","","2026-07-22","passed","2026-07-22","","LwwConflictResolverSpec[jvm]","com.georgeci.moneysurfer.sync.repository.LwwConflictResolverSpec",""
"","9","creates the system Transfer category lazily when the workspace is missing it[jvm]","","2026-07-22","passed","2026-07-22","","CreateTransferUseCaseTest[jvm]","com.georgeci.moneysurfer.domain.usecase.CreateTransferUseCaseTest",""
"","29","addWorkspaceRef failure does not block setDefaultWorkspace[jvm]","","2026-07-22","passed","2026-07-22","","CreateWorkspaceUseCaseTest[jvm]","com.georgeci.moneysurfer.domain.usecase.CreateWorkspaceUseCaseTest",""
"","15","mergeScope picks widest — AllUserData dominates[jvm]","","2026-07-22","passed","2026-07-22","","SyncScopeSpec[jvm]","com.georgeci.moneysurfer.sync.api.SyncScopeSpec",""
"","15","mergeScope ChangedSinceLastSync above UploadOnly[jvm]","","2026-07-22","passed","2026-07-22","","SyncScopeSpec[jvm]","com.georgeci.moneysurfer.sync.api.SyncScopeSpec",""
"","53","member can create + read in categories","","2026-07-22","passed","2026-07-22","","member-gated entities (smoke for the rest)","member-gated entities (smoke for the rest) member can create + read in categories",""
"","766","a single flipped ciphertext byte fails the MAC[jvm]","","2026-07-22","passed","2026-07-22","","EncryptedBackupCodecTest[jvm]","com.georgeci.moneysurfer.data.backup.EncryptedBackupCodecTest",""
"","9","markCompleted removes rows[jvm]","","2026-07-22","passed","2026-07-22","","PendingMutationQueueImplSpec[jvm]","com.georgeci.moneysurfer.data.sync.PendingMutationQueueImplSpec",""
"","9","abs of an ordinary negative amount is its magnitude[jvm]","","2026-07-22","passed","2026-07-22","","MoneyTest[jvm]","com.georgeci.moneysurfer.domain.primitives.MoneyTest",""
"","29","non-member is blocked from recurringRules","","2026-07-22","passed","2026-07-22","","member-gated entities (smoke for the rest)","member-gated entities (smoke for the rest) non-member is blocked from recurringRules",""
"","36","a departed (LEFT) member can no longer read","","2026-07-22","passed","2026-07-22","","member-gated entities (accounts)","member-gated entities (accounts) a departed (LEFT) member can no longer read",""
"","652","encrypted import without a passphrase surfaces PassphraseRequired[jvm]","","2026-07-22","passed","2026-07-22","","BackupEncryptedRoundTripJvmTest[jvm]","com.georgeci.moneysurfer.data.backup.BackupEncryptedRoundTripJvmTest",""
"","18","a consistent transfer pair imports both legs[jvm]","","2026-07-22","passed","2026-07-22","","ExportImportTransactionsUseCaseTest[jvm]","com.georgeci.moneysurfer.domain.csv.ExportImportTransactionsUseCaseTest",""
"","0","epochMillis=-1000[jvm]","","2026-07-22","passed","2026-07-22","","TimeFormatterTest[jvm]","com.georgeci.moneysurfer.data.repository.TimeFormatterTest",""
"","8","format large amount[jvm]","","2026-07-22","passed","2026-07-22","","MoneyFormatterTest[jvm]","com.georgeci.moneysurfer.domain.MoneyFormatterTest",""
"","2","'1.2.3' (multiple dots)[jvm]","","2026-07-22","passed","2026-07-22","","AmountInputTransformationTest[jvm]","com.georgeci.moneysurfer.utils.AmountInputTransformationTest",""
"","8","handle cancel on the only running request cancels the worker job[jvm]","","2026-07-22","passed","2026-07-22","","SyncCoordinatorImplBranchSpec[jvm]","com.georgeci.moneysurfer.sync.coordinator.SyncCoordinatorImplBranchSpec",""
"","15","update bumps updatedAt and enqueues UPDATE[jvm]","","2026-07-22","passed","2026-07-22","","WorkspaceMemberRepositoryDualWriteSpec[jvm]","com.georgeci.moneysurfer.data.repository.WorkspaceMemberRepositoryDualWriteSpec",""
"","2","times that overflows Long throws instead of wrapping[jvm]","","2026-07-22","passed","2026-07-22","","MoneyTest[jvm]","com.georgeci.moneysurfer.domain.primitives.MoneyTest",""
