"DESCRIPTION","DURATION IN MS","NAME","PARENT SUITE","START TIME","STATUS","STOP TIME","SUB SUITE","SUITE","TEST CLASS","TEST METHOD"
"","2","mergeScope ActiveWorkspace above ChangedSinceLastSync and UploadOnly[jvm]","","2026-07-31","passed","2026-07-31","","SyncScopeSpec[jvm]","com.georgeci.moneysurfer.sync.api.SyncScopeSpec",""
"","1","the series is always seven days ending today, with the quiet ones filled in[jvm]","","2026-07-31","passed","2026-07-31","","BurnRateTest[jvm]","com.georgeci.moneysurfer.domain.model.BurnRateTest",""
"","2","enqueueUpsert generates a unique id per call[jvm]","","2026-07-31","passed","2026-07-31","","OutboxEnqueuerImplSpec[jvm]","com.georgeci.moneysurfer.sync.repository.OutboxEnqueuerImplSpec",""
"","12","mixed comma and dot separators are an invalid format[jvm]","","2026-07-31","passed","2026-07-31","","TransactionAmountInputTest[jvm]","com.georgeci.moneysurfer.feature.transaction.creation.TransactionAmountInputTest",""
"","3","ConflictResolution.Skip is a singleton[jvm]","","2026-07-31","passed","2026-07-31","","ConflictResolverSpec[jvm]","com.georgeci.moneysurfer.sync.repository.ConflictResolverSpec",""
"","0","explicit overrides are exposed[jvm]","","2026-07-31","passed","2026-07-31","","SyncConstraintsSpec[jvm]","com.georgeci.moneysurfer.sync.scheduler.SyncConstraintsSpec",""
"","22","a workspace with no account has nothing to save against[jvm]","","2026-07-31","passed","2026-07-31","","TransactionCreationSaveGuardsTest[jvm]","com.georgeci.moneysurfer.feature.transaction.creation.TransactionCreationSaveGuardsTest",""
"","38","owner can cancel a PENDING invite","","2026-07-31","passed","2026-07-31","","invites — update / delete","invites — update / delete owner can cancel a PENDING invite",""
"","1","an empty editor is not a split at all[jvm]","","2026-07-31","passed","2026-07-31","","TransactionCreationStateTest[jvm]","com.georgeci.moneysurfer.feature.transaction.creation.TransactionCreationStateTest",""
"","336","each account type maps to its semantic icon[jvm]","","2026-07-31","passed","2026-07-31","","AccountTypeLabelTest[jvm]","com.georgeci.moneysurfer.feature.account.AccountTypeLabelTest",""
"","12","more tags than MAX_TAGS are capped at the storage boundary[jvm]","","2026-07-31","passed","2026-07-31","","TransactionDetailFieldsIntegrationIT[jvm]","com.georgeci.moneysurfer.integration.repository.TransactionDetailFieldsIntegrationIT",""
"","40","a 600 dp small tablet window at 2x density reports Medium[jvm]","","2026-07-31","passed","2026-07-31","","SurferWindowSizeCompositionTest[jvm]","com.georgeci.moneysurfer.ui.SurferWindowSizeCompositionTest",""
"","58","a debug build drops the tables and carries on[jvm]","","2026-07-31","passed","2026-07-31","","DatabaseBuilderSpec[jvm]","com.georgeci.moneysurfer.data.db.DatabaseBuilderSpec",""
"","26","a pulled goal this device has never seen is inserted[jvm]","","2026-07-31","passed","2026-07-31","","GoalSyncPluginIT[jvm]","com.georgeci.moneysurfer.integration.plugin.GoalSyncPluginIT",""
"","11","duplicate and blank tags are dropped before they reach the column[jvm]","","2026-07-31","passed","2026-07-31","","TransactionDetailFieldsIntegrationIT[jvm]","com.georgeci.moneysurfer.integration.repository.TransactionDetailFieldsIntegrationIT",""
"","54","the month's spend is formatted in the workspace base currency[jvm]","","2026-07-31","passed","2026-07-31","","DashboardSpentMonthViewModelTest[jvm]","com.georgeci.moneysurfer.feature.dashboard.DashboardSpentMonthViewModelTest",""
"","572","wrong passphrase is rejected before decryption[jvm]","","2026-07-31","passed","2026-07-31","","EncryptedBackupCodecTest[jvm]","com.georgeci.moneysurfer.data.backup.EncryptedBackupCodecTest",""
"","20","unauthenticated user is denied","","2026-07-31","passed","2026-07-31","","workspaces/{wid}","workspaces/{wid} unauthenticated user is denied",""
"","1","reset drops the filters and keeps the search text[jvm]","","2026-07-31","passed","2026-07-31","","TransactionFilterMatchingTest[jvm]","com.georgeci.moneysurfer.feature.transaction.filter.TransactionFilterMatchingTest",""
"","33","UploadingEntity title carries entity, current, total[jvm]","","2026-07-31","passed","2026-07-31","","SyncStepSpec[jvm]","com.georgeci.moneysurfer.sync.api.SyncStepSpec",""
"","2","the icon and hue catalogues are the same length, so a slot always resolves both[jvm]","","2026-07-31","passed","2026-07-31","","CategoryAppearanceTest[jvm]","com.georgeci.moneysurfer.domain.model.CategoryAppearanceTest",""
"","12","a finished prefill reports what it wrote[jvm]","","2026-07-31","passed","2026-07-31","","DebugConfigViewModelTest[jvm]","com.georgeci.moneysurfer.feature.settings.debug.DebugConfigViewModelTest",""
"","7","tapping Undo on the delete snackbar restores the category[jvm]","","2026-07-31","passed","2026-07-31","","CategoriesManageViewModelTest[jvm]","com.georgeci.moneysurfer.feature.category.manage.CategoriesManageViewModelTest",""
"","28","an ordinary row is not a split leg[jvm]","","2026-07-31","passed","2026-07-31","","TransactionsListSplitTest[jvm]","com.georgeci.moneysurfer.feature.transaction.list.TransactionsListSplitTest",""
"","26","dispatches each mutation to the plugin matching its entityType[jvm]","","2026-07-31","passed","2026-07-31","","UploadPendingChangesUseCaseImplSpec[jvm]","com.georgeci.moneysurfer.data.sync.UploadPendingChangesUseCaseImplSpec",""
"","37","goal create is blocked when clientVersionCode is missing","","2026-07-31","passed","2026-07-31","","savings goals (issue #244)","savings goals (issue #244) goal create is blocked when clientVersionCode is missing",""
"","52","dropping a row back where it started writes nothing[jvm]","","2026-07-31","passed","2026-07-31","","AccountSortOrderIntegrationIT[jvm]","com.georgeci.moneysurfer.integration.repository.AccountSortOrderIntegrationIT",""
"","29","a split line's chooser opens on that line's category rather than on the form's[jvm]","","2026-07-31","passed","2026-07-31","","TransactionCreationFormTest[jvm]","com.georgeci.moneysurfer.feature.transaction.creation.TransactionCreationFormTest",""
"","7","an overspent budget reports a negative remainder rather than flooring at zero[jvm]","","2026-07-31","passed","2026-07-31","","SafeToSpendTest[jvm]","com.georgeci.moneysurfer.domain.model.SafeToSpendTest",""
"","3","no enqueue when app-version gate denies sync[jvm]","","2026-07-31","passed","2026-07-31","","OutboxEnqueuerImplSpec[jvm]","com.georgeci.moneysurfer.sync.repository.OutboxEnqueuerImplSpec",""
"","16","transaction rows expose fallback titles transfer and split identity[jvm]","","2026-07-31","passed","2026-07-31","","AccountDetailsViewModelTest[jvm]","com.georgeci.moneysurfer.feature.account.details.AccountDetailsViewModelTest",""
"","109","a stored contribution reads back with every field intact[jvm]","","2026-07-31","passed","2026-07-31","","GoalContributionRepositoryImplJvmTest[jvm]","com.georgeci.moneysurfer.data.repository.GoalContributionRepositoryImplJvmTest",""
"","120","changing the period resets paging back to the first page[jvm]","","2026-07-31","passed","2026-07-31","","TransactionsByAccountPeriodTest[jvm]","com.georgeci.moneysurfer.feature.transaction.list.TransactionsByAccountPeriodTest",""
"","10","failure on the first mutation fails the whole batch and completes nothing[jvm]","","2026-07-31","passed","2026-07-31","","UploadPendingChangesUseCaseImplSpec[jvm]","com.georgeci.moneysurfer.data.sync.UploadPendingChangesUseCaseImplSpec",""
"","31","an unreachable server reads as no config rather than throwing[jvm]","","2026-07-31","passed","2026-07-31","","AppConfigRepositoryImplTest[jvm]","com.georgeci.moneysurfer.data.repository.AppConfigRepositoryImplTest",""
"","2","PullingCollection title carries collection name[jvm]","","2026-07-31","passed","2026-07-31","","SyncStepSpec[jvm]","com.georgeci.moneysurfer.sync.api.SyncStepSpec",""
"","46","deleting a category then re-inserting it restores the row[jvm]","","2026-07-31","passed","2026-07-31","","DeleteUndoIntegrationIT[jvm]","com.georgeci.moneysurfer.integration.repository.DeleteUndoIntegrationIT",""
"","7","AllUserData additionally pulls invites from workspaces the user is invited to[jvm]","","2026-07-31","passed","2026-07-31","","PullRemoteChangesUseCaseImplSpec[jvm]","com.georgeci.moneysurfer.data.sync.PullRemoteChangesUseCaseImplSpec",""
"","19","a pulled invite is inserted, and a newer local answer is kept[jvm]","","2026-07-31","passed","2026-07-31","","WorkspaceTreeSyncPluginIT[jvm]","com.georgeci.moneysurfer.integration.plugin.WorkspaceTreeSyncPluginIT",""
"","12","an undeclared key is absent, so resolution falls through to the key default[jvm]","","2026-07-31","passed","2026-07-31","","BuildConfigSourceSpec[jvm]","com.georgeci.moneysurfer.appconfig.BuildConfigSourceSpec",""
"","32","non-member is blocked from budgets","","2026-07-31","passed","2026-07-31","","member-gated entities (smoke for the rest)","member-gated entities (smoke for the rest) non-member is blocked from budgets",""
"","6","the invite row stays inert until a members feed is wired up[jvm]","","2026-07-31","passed","2026-07-31","","WorkspaceCreationViewModelTest[jvm]","com.georgeci.moneysurfer.feature.workspace.creation.WorkspaceCreationViewModelTest",""
"","1","blank remote tags are dropped rather than stored as empty segments[jvm]","","2026-07-31","passed","2026-07-31","","TransactionDtoMapperSpec[jvm]","com.georgeci.moneysurfer.data.sync.TransactionDtoMapperSpec",""
"","4","a half-typed bound reads as the digits so far, and nonsense is ignored[jvm]","","2026-07-31","passed","2026-07-31","","TransactionFilterMatchingTest[jvm]","com.georgeci.moneysurfer.feature.transaction.filter.TransactionFilterMatchingTest",""
"","6","a split leg whose siblings never arrived renders as an ordinary transaction[jvm]","","2026-07-31","passed","2026-07-31","","TransactionDetailsViewModelTest[jvm]","com.georgeci.moneysurfer.feature.transaction.details.TransactionDetailsViewModelTest",""
"","19","create blocked when clientVersionCode is below floor","","2026-07-31","passed","2026-07-31","","workspaces/{wid}","workspaces/{wid} create blocked when clientVersionCode is below floor",""
"","2","a tag containing the in-cell separator survives instead of splitting in two[jvm]","","2026-07-31","passed","2026-07-31","","TransactionCsvCodecTest[jvm]","com.georgeci.moneysurfer.domain.csv.TransactionCsvCodecTest",""
"","14","rows referencing unknown workspace account or category are reported per row[jvm]","","2026-07-31","passed","2026-07-31","","ImportTransactionsValidationTest[jvm]","com.georgeci.moneysurfer.domain.csv.ImportTransactionsValidationTest",""
"","43","non-member is blocked from categories","","2026-07-31","passed","2026-07-31","","member-gated entities (smoke for the rest)","member-gated entities (smoke for the rest) non-member is blocked from categories",""
"","24","an insert is paired with an INSERT outbox entry scoped to the workspace[jvm]","","2026-07-31","passed","2026-07-31","","BudgetRepositoryImplJvmTest[jvm]","com.georgeci.moneysurfer.data.repository.BudgetRepositoryImplJvmTest",""
"","16","picking a type swaps it on the form[jvm]","","2026-07-31","passed","2026-07-31","","AccountCreationViewModelTest[jvm]","com.georgeci.moneysurfer.feature.account.creation.AccountCreationViewModelTest",""
"","0","'007' (leading zeros)[jvm]","","2026-07-31","passed","2026-07-31","","AmountInputTransformationTest[jvm]","com.georgeci.moneysurfer.utils.AmountInputTransformationTest",""
"","23","early in the month the comparison is too short to be honest, so it is left off[jvm]","","2026-07-31","passed","2026-07-31","","GetSpentMonthUseCaseTest[jvm]","com.georgeci.moneysurfer.domain.usecase.GetSpentMonthUseCaseTest",""
"","1","anything below Warn is not loggable[jvm]","","2026-07-31","passed","2026-07-31","","DebugLogBufferTest[jvm]","com.georgeci.moneysurfer.domain.logging.DebugLogBufferTest",""
"","1","a line with no category is not a saveable receipt either[jvm]","","2026-07-31","passed","2026-07-31","","TransactionCreationSplitEditingTest[jvm]","com.georgeci.moneysurfer.feature.transaction.creation.TransactionCreationSplitEditingTest",""
"","1","conflicts and skipped docs are reflected in the summary[jvm]","","2026-07-31","passed","2026-07-31","","PullRemoteChangesUseCaseImplSpec[jvm]","com.georgeci.moneysurfer.data.sync.PullRemoteChangesUseCaseImplSpec",""
"","8","every published header row resolves back to its own layout[jvm]","","2026-07-31","passed","2026-07-31","","TransactionCsvCodecTest[jvm]","com.georgeci.moneysurfer.domain.csv.TransactionCsvCodecTest",""
"","0","SettingsDebugLog[jvm]","","2026-07-31","passed","2026-07-31","","RouteSerializationTest[jvm]","com.georgeci.moneysurfer.navigation.RouteSerializationTest",""
"","13","changes emits the current state and again after a replace[jvm]","","2026-07-31","passed","2026-07-31","","RemoteConfigMirrorImplJvmTest[jvm]","com.georgeci.moneysurfer.data.config.RemoteConfigMirrorImplJvmTest",""
"","0","resuming a goal that is already past its target lands on COMPLETED[jvm]","","2026-07-31","passed","2026-07-31","","SavingsGoalUseCaseTest[jvm]","com.georgeci.moneysurfer.domain.usecase.SavingsGoalUseCaseTest",""
"","8","clearSynced empties config_entry and the snapshot behind peek, but not the preferences[jvm]","","2026-07-31","passed","2026-07-31","","LocalConfigSourceImplJvmTest[jvm]","com.georgeci.moneysurfer.data.config.LocalConfigSourceImplJvmTest",""
"","2","unparseable operation date is rejected as invalid operation_date[jvm]","","2026-07-31","passed","2026-07-31","","TransactionCsvCodecTest[jvm]","com.georgeci.moneysurfer.domain.csv.TransactionCsvCodecTest",""
"","5","no-op when hasUsedDemo is false (real-account-only flow)[jvm]","","2026-07-31","passed","2026-07-31","","WipeDemoDataUseCaseSpec[jvm]","com.georgeci.moneysurfer.domain.usecase.WipeDemoDataUseCaseSpec",""
"","233","a plain positive amount is valid with no error[jvm]","","2026-07-31","passed","2026-07-31","","TransactionAmountInputTest[jvm]","com.georgeci.moneysurfer.feature.transaction.creation.TransactionAmountInputTest",""
"","29","insert + getById round-trips all columns including snapshots[jvm]","","2026-07-31","passed","2026-07-31","","WorkspaceInviteRepositoryIntegrationIT[jvm]","com.georgeci.moneysurfer.integration.repository.WorkspaceInviteRepositoryIntegrationIT",""
"","24","a local write leaves lastPushedAt alone, so the row reads as pending again[jvm]","","2026-07-31","passed","2026-07-31","","ConfigEntryDaoIntegrationIT[jvm]","com.georgeci.moneysurfer.integration.repository.ConfigEntryDaoIntegrationIT",""
"","21","upsert applies status transition and respondedAt without losing snapshot fields[jvm]","","2026-07-31","passed","2026-07-31","","WorkspaceInviteRepositoryIntegrationIT[jvm]","com.georgeci.moneysurfer.integration.repository.WorkspaceInviteRepositoryIntegrationIT",""
"","2","TransactionFilters[jvm]","","2026-07-31","passed","2026-07-31","","RouteSerializationTest[jvm]","com.georgeci.moneysurfer.navigation.RouteSerializationTest",""
"","4","rejects when no registered user for email[jvm]","","2026-07-31","passed","2026-07-31","","SendInviteUseCaseTest[jvm]","com.georgeci.moneysurfer.domain.usecase.SendInviteUseCaseTest",""
"","48","a departed (LEFT) member can no longer read","","2026-07-31","passed","2026-07-31","","member-gated entities (accounts)","member-gated entities (accounts) a departed (LEFT) member can no longer read",""
"","2","a third decimal digit is rejected, keeping two[jvm]","","2026-07-31","passed","2026-07-31","","AmountInputTransformationTest[jvm]","com.georgeci.moneysurfer.utils.AmountInputTransformationTest",""
"","14","deleting an already-tombstoned row enqueues nothing further[jvm]","","2026-07-31","passed","2026-07-31","","TransactionTombstoneSyncIntegrationIT[jvm]","com.georgeci.moneysurfer.integration.sync.TransactionTombstoneSyncIntegrationIT",""
"","5","a collection larger than one batch is drained by a single pull[jvm]","","2026-07-31","passed","2026-07-31","","PullRemoteChangesUseCaseImplSpec[jvm]","com.georgeci.moneysurfer.data.sync.PullRemoteChangesUseCaseImplSpec",""
"","17","online build keeps the extra details section visible[jvm]","","2026-07-31","passed","2026-07-31","","AccountCreationViewModelTest[jvm]","com.georgeci.moneysurfer.feature.account.creation.AccountCreationViewModelTest",""
"","8","format from minor units correctly[jvm]","","2026-07-31","passed","2026-07-31","","MoneyFormatterTest[jvm]","com.georgeci.moneysurfer.domain.MoneyFormatterTest",""
"","6","every period is bounded — the dashboard offers no all-time span[jvm]","","2026-07-31","passed","2026-07-31","","DashboardPeriodTest[jvm]","com.georgeci.moneysurfer.domain.dashboard.DashboardPeriodTest",""
"","679","empty plaintext round-trips[jvm]","","2026-07-31","passed","2026-07-31","","EncryptedBackupCodecTest[jvm]","com.georgeci.moneysurfer.data.backup.EncryptedBackupCodecTest",""
"","20","insert + getById round-trips snapshots and timestamps[jvm]","","2026-07-31","passed","2026-07-31","","WorkspaceMemberRepositoryIntegrationIT[jvm]","com.georgeci.moneysurfer.integration.repository.WorkspaceMemberRepositoryIntegrationIT",""
"","0","minus that overflows Long on the positive side throws instead of wrapping[jvm]","","2026-07-31","passed","2026-07-31","","MoneyTest[jvm]","com.georgeci.moneysurfer.domain.primitives.MoneyTest",""
"","3","a hand-typed code is trimmed and upcased[jvm]","","2026-07-31","passed","2026-07-31","","CurrencyCodeCodecTest[jvm]","com.georgeci.moneysurfer.data.config.CurrencyCodeCodecTest",""
"","51","an overspent month reports past the limit rather than flooring at the cap[jvm]","","2026-07-31","passed","2026-07-31","","DashboardSpentMonthViewModelTest[jvm]","com.georgeci.moneysurfer.feature.dashboard.DashboardSpentMonthViewModelTest",""
"","138","the two period sentences the samples do not cover still draw[jvm]","","2026-07-31","passed","2026-07-31","","DashboardInsightsScreenTest[jvm]","com.georgeci.moneysurfer.ui.DashboardInsightsScreenTest",""
"","33","a retracted kill switch stops the gate, and restoring it starts a fresh ticker[jvm]","","2026-07-31","passed","2026-07-31","","PeriodicSyncGateTest[jvm]","com.georgeci.moneysurfer.navigation.PeriodicSyncGateTest",""
"","26","rejects a goal whose nullable accountId has a wrong non-null type","","2026-07-31","passed","2026-07-31","","savings goals (issue #244)","savings goals (issue #244) rejects a goal whose nullable accountId has a wrong non-null type",""
"","16","enqueue persists a row with PENDING status[jvm]","","2026-07-31","passed","2026-07-31","","PendingMutationQueueImplSpec[jvm]","com.georgeci.moneysurfer.data.sync.PendingMutationQueueImplSpec",""
"","6","an offline workspace with no accounts returns to the first-run account screen[jvm]","","2026-07-31","passed","2026-07-31","","StartRouteTest[jvm]","com.georgeci.moneysurfer.navigation.StartRouteTest",""
"","10","a contribution to a missing goal is rejected[jvm]","","2026-07-31","passed","2026-07-31","","GoalContributionUseCaseTest[jvm]","com.georgeci.moneysurfer.domain.usecase.GoalContributionUseCaseTest",""
"","54","the layers that can be read are still warmed when another fails[jvm]","","2026-07-31","passed","2026-07-31","","LayeredConfigSpec[jvm]","com.georgeci.moneysurfer.appconfig.LayeredConfigSpec",""
"","164","a custom range opens the two date fields, each with its own empty label[jvm]","","2026-07-31","passed","2026-07-31","","TransactionFiltersScreenStateTest[jvm]","com.georgeci.moneysurfer.ui.TransactionFiltersScreenStateTest",""
"","9","transfer with from == to throws IllegalArgumentException[jvm]","","2026-07-31","passed","2026-07-31","","TransferCreationIntegrationIT[jvm]","com.georgeci.moneysurfer.integration.repository.TransferCreationIntegrationIT",""
"","0","Onboarding[jvm]","","2026-07-31","passed","2026-07-31","","RouteSerializationTest[jvm]","com.georgeci.moneysurfer.navigation.RouteSerializationTest",""
"","0","WorkspaceInvite[jvm]","","2026-07-31","passed","2026-07-31","","RouteSerializationTest[jvm]","com.georgeci.moneysurfer.navigation.RouteSerializationTest",""
"","22","non-owner cannot create an invite","","2026-07-31","passed","2026-07-31","","invites — write","invites — write non-owner cannot create an invite",""
"","108","a workspace with nothing scheduled keeps the card and says so[jvm]","","2026-07-31","passed","2026-07-31","","DashboardScreenStateTest[jvm]","com.georgeci.moneysurfer.ui.DashboardScreenStateTest",""
"","2","deterministic — same input gives same output[jvm]","","2026-07-31","passed","2026-07-31","","LwwConflictResolverSpec[jvm]","com.georgeci.moneysurfer.sync.repository.LwwConflictResolverSpec",""
"","12","a denied user-scoped collection is skipped instead of failing the pull[jvm]","","2026-07-31","passed","2026-07-31","","PullRemoteChangesUseCaseImplSpec[jvm]","com.georgeci.moneysurfer.data.sync.PullRemoteChangesUseCaseImplSpec",""
"","3","'.5' -> '.5'[jvm]","","2026-07-31","passed","2026-07-31","","AmountInputTransformationTest[jvm]","com.georgeci.moneysurfer.utils.AmountInputTransformationTest",""
"","16","a newer remote edit clears the local tombstone[jvm]","","2026-07-31","passed","2026-07-31","","TransactionSyncPluginIT[jvm]","com.georgeci.moneysurfer.integration.plugin.TransactionSyncPluginIT",""
"","195","a tablet in portrait stays stacked even though it is expanded-width[jvm]","","2026-07-31","passed","2026-07-31","","SignInResponsiveLayoutTest[jvm]","com.georgeci.moneysurfer.ui.SignInResponsiveLayoutTest",""
"","42","an upsert for a row that is already gone writes nothing and does not fail[jvm]","","2026-07-31","passed","2026-07-31","","AccountSyncPluginIT[jvm]","com.georgeci.moneysurfer.integration.plugin.AccountSyncPluginIT",""
"","546","encrypted import with the wrong passphrase surfaces WrongPassphrase[jvm]","","2026-07-31","passed","2026-07-31","","BackupEncryptedRoundTripJvmTest[jvm]","com.georgeci.moneysurfer.data.backup.BackupEncryptedRoundTripJvmTest",""
"","12","a synced key is stored in config_entry, not in the preferences file[jvm]","","2026-07-31","passed","2026-07-31","","LocalConfigSourceImplJvmTest[jvm]","com.georgeci.moneysurfer.data.config.LocalConfigSourceImplJvmTest",""
"","4","moving a widget onto itself changes nothing[jvm]","","2026-07-31","passed","2026-07-31","","DashboardLayoutConfigTest[jvm]","com.georgeci.moneysurfer.domain.dashboard.DashboardLayoutConfigTest",""
"","149","tapping a budget row opens that budget, not the list[jvm]","","2026-07-31","passed","2026-07-31","","DashboardBudgetsViewModelTest[jvm]","com.georgeci.moneysurfer.feature.dashboard.DashboardBudgetsViewModelTest",""
"","1","switching a widget to the state it already has changes nothing[jvm]","","2026-07-31","passed","2026-07-31","","DashboardLayoutConfigTest[jvm]","com.georgeci.moneysurfer.domain.dashboard.DashboardLayoutConfigTest",""
"","20","editing an account that is gone reports a failure and stays on the screen[jvm]","","2026-07-31","passed","2026-07-31","","AccountCreationViewModelTest[jvm]","com.georgeci.moneysurfer.feature.account.creation.AccountCreationViewModelTest",""
"","25","a write on a store whose read side has died still lands and clears the degraded flag[jvm]","","2026-07-31","passed","2026-07-31","","PreferencesMirrorJvmTest[jvm]","com.georgeci.moneysurfer.data.config.PreferencesMirrorJvmTest",""
"","163","submit button is enabled once the state can be submitted[jvm]","","2026-07-31","passed","2026-07-31","","SignInScreenStateTest[jvm]","com.georgeci.moneysurfer.ui.SignInScreenStateTest",""
"","20","a widget this build does not know is skipped, and the known ones are kept[jvm]","","2026-07-31","passed","2026-07-31","","DashboardLayoutCodecTest[jvm]","com.georgeci.moneysurfer.data.preferences.DashboardLayoutCodecTest",""
"","6","Generic exception maps to Unknown[jvm]","","2026-07-31","passed","2026-07-31","","SyncErrorClassifierSpec[jvm]","com.georgeci.moneysurfer.data.sync.SyncErrorClassifierSpec",""
"","4","a record written by the pre-#260 format decodes with the new fields defaulted[jvm]","","2026-07-31","passed","2026-07-31","","TransactionCsvCodecTest[jvm]","com.georgeci.moneysurfer.domain.csv.TransactionCsvCodecTest",""
"","15","a pull overwrites a local row and clears its pending state[jvm]","","2026-07-31","passed","2026-07-31","","ConfigEntryDaoIntegrationIT[jvm]","com.georgeci.moneysurfer.integration.repository.ConfigEntryDaoIntegrationIT",""
"","28","the backfill numbers each workspace's accounts by insertion order, independently[jvm]","","2026-07-31","passed","2026-07-31","","AccountSortOrderMigrationIT[jvm]","com.georgeci.moneysurfer.integration.repository.AccountSortOrderMigrationIT",""
"","9","a code round-trips unchanged[jvm]","","2026-07-31","passed","2026-07-31","","CurrencyCodeCodecTest[jvm]","com.georgeci.moneysurfer.data.config.CurrencyCodeCodecTest",""
"","120","before the month's figure resolves the card claims nothing about a budget[jvm]","","2026-07-31","passed","2026-07-31","","DashboardScreenStateTest[jvm]","com.georgeci.moneysurfer.ui.DashboardScreenStateTest",""
"","31","a failure with a handler is left to the screen[jvm]","","2026-07-31","passed","2026-07-31","","MviViewModelTest[jvm]","com.georgeci.moneysurfer.utils.MviViewModelTest",""
"","4","init with no id leaves the blank creation form alone[jvm]","","2026-07-31","passed","2026-07-31","","WorkspaceCreationViewModelTest[jvm]","com.georgeci.moneysurfer.feature.workspace.creation.WorkspaceCreationViewModelTest",""
"","1234","an insert writes the current row under the workspace's accounts collection[jvm]","","2026-07-31","passed","2026-07-31","","AccountSyncPluginIT[jvm]","com.georgeci.moneysurfer.integration.plugin.AccountSyncPluginIT",""
"","17","each picker writes to its own preference and to no other[jvm]","","2026-07-31","passed","2026-07-31","","PreferencesViewModelTest[jvm]","com.georgeci.moneysurfer.feature.settings.preferences.PreferencesViewModelTest",""
"","5","the legs share one split id and differ only in category and amount[jvm]","","2026-07-31","passed","2026-07-31","","CreateSplitTransactionUseCaseTest[jvm]","com.georgeci.moneysurfer.domain.usecase.CreateSplitTransactionUseCaseTest",""
"","0","scheduleOneShot uses default constraints when none supplied[jvm]","","2026-07-31","passed","2026-07-31","","BackgroundSyncSchedulerSpec[jvm]","com.georgeci.moneysurfer.sync.scheduler.BackgroundSyncSchedulerSpec",""
"","5","offline edit state hides the Members section[jvm]","","2026-07-31","passed","2026-07-31","","WorkspaceCreationStateOfflineTest[jvm]","com.georgeci.moneysurfer.feature.workspace.creation.WorkspaceCreationStateOfflineTest",""
"","8","ids are unique across mutations[jvm]","","2026-07-31","passed","2026-07-31","","OutboxEnqueuerSpec[jvm]","com.georgeci.moneysurfer.data.sync.OutboxEnqueuerSpec",""
"","1","the kill switch is not a SettingKey, so no client can write it[jvm]","","2026-07-31","passed","2026-07-31","","ConfigKeyScopeTest[jvm]","com.georgeci.moneysurfer.data.config.ConfigKeyScopeTest",""
"","2","AllUserData does NOT fall back to the local workspace when the provider is empty[jvm]","","2026-07-31","passed","2026-07-31","","PullRemoteChangesUseCaseImplSpec[jvm]","com.georgeci.moneysurfer.data.sync.PullRemoteChangesUseCaseImplSpec",""
"","20","OnDeleteConfirm removes the category and shows an undo snackbar[jvm]","","2026-07-31","passed","2026-07-31","","CategoriesManageViewModelTest[jvm]","com.georgeci.moneysurfer.feature.category.manage.CategoriesManageViewModelTest",""
"","0","SettingsAbout[jvm]","","2026-07-31","passed","2026-07-31","","RouteSerializationTest[jvm]","com.georgeci.moneysurfer.navigation.RouteSerializationTest",""
"","89","content stays composed underneath the error state[jvm]","","2026-07-31","passed","2026-07-31","","GlobalErrorBoundaryTest[jvm]","com.georgeci.moneysurfer.ui.GlobalErrorBoundaryTest",""
"","50","live coordinator state and the last outcome both reach the screen[jvm]","","2026-07-31","passed","2026-07-31","","SyncViewModelTest[jvm]","com.georgeci.moneysurfer.feature.settings.sync.SyncViewModelTest",""
"","27","the category chooser opens on the form's own category, filtered to the type's side[jvm]","","2026-07-31","passed","2026-07-31","","TransactionCreationFormTest[jvm]","com.georgeci.moneysurfer.feature.transaction.creation.TransactionCreationFormTest",""
"","79","a period that barely moved is neutral, not a win[jvm]","","2026-07-31","passed","2026-07-31","","DashboardInsightsViewModelTest[jvm]","com.georgeci.moneysurfer.feature.dashboard.DashboardInsightsViewModelTest",""
"","27","picking a value writes it through — it is still there for the next screen instance[jvm]","","2026-07-31","passed","2026-07-31","","PreferencesViewModelTest[jvm]","com.georgeci.moneysurfer.feature.settings.preferences.PreferencesViewModelTest",""
"","13","both themes carry a tint for every hue in the catalogue[jvm]","","2026-07-31","passed","2026-07-31","","CategoryPaletteParityTest[jvm]","com.georgeci.moneysurfer.feature.category.CategoryPaletteParityTest",""
"","83","the budgets widget lists the budgets nearest their limit first, capped at three[jvm]","","2026-07-31","passed","2026-07-31","","DashboardBudgetsViewModelTest[jvm]","com.georgeci.moneysurfer.feature.dashboard.DashboardBudgetsViewModelTest",""
"","20","an invite survives the round trip, expiry included[jvm]","","2026-07-31","passed","2026-07-31","","MembershipDtoMapperSpec[jvm]","com.georgeci.moneysurfer.data.sync.MembershipDtoMapperSpec",""
"","0","an all-account summary chooses the currency with the largest magnitude[jvm]","","2026-07-31","passed","2026-07-31","","TransactionsListMappingTest[jvm]","com.georgeci.moneysurfer.feature.transaction.list.TransactionsListMappingTest",""
"","5","toggling off discards the lines and leaves the rest of the form alone[jvm]","","2026-07-31","passed","2026-07-31","","TransactionCreationSplitEditingTest[jvm]","com.georgeci.moneysurfer.feature.transaction.creation.TransactionCreationSplitEditingTest",""
"","0","moving expense between accounts unwinds old and applies new[jvm]","","2026-07-31","passed","2026-07-31","","ApplyTransactionChangeUseCaseTest[jvm]","com.georgeci.moneysurfer.domain.usecase.ApplyTransactionChangeUseCaseTest",""
"","11","a touched blank name shows the required error[jvm]","","2026-07-31","passed","2026-07-31","","AccountCreationStateTest[jvm]","com.georgeci.moneysurfer.feature.account.creation.AccountCreationStateTest",""
"","9","an address nobody has registered reads as no user[jvm]","","2026-07-31","passed","2026-07-31","","UserRemoteRepositoryImplTest[jvm]","com.georgeci.moneysurfer.data.repository.UserRemoteRepositoryImplTest",""
"","77","a remote push failure keeps the user on the form with a retryable error[jvm]","","2026-07-31","passed","2026-07-31","","WorkspaceCreationViewModelTest[jvm]","com.georgeci.moneysurfer.feature.workspace.creation.WorkspaceCreationViewModelTest",""
"","5","emulator runs follow FIREBASE_PROJECT_ID so they track the booted emulator[jvm]","","2026-07-31","passed","2026-07-31","","DesktopFirebaseOptionsJvmTest[jvm]","com.georgeci.moneysurfer.data.remote.DesktopFirebaseOptionsJvmTest",""
"","58","the rendered layout comes from the persisted config, not a fixed list[jvm]","","2026-07-31","passed","2026-07-31","","DashboardViewModelTest[jvm]","com.georgeci.moneysurfer.feature.dashboard.DashboardViewModelTest",""
"","0","CategoryChooser[jvm]","","2026-07-31","passed","2026-07-31","","RouteSerializationTest[jvm]","com.georgeci.moneysurfer.navigation.RouteSerializationTest",""
"","19","sender cannot touch any other field alongside invitedWorkspaceIds","","2026-07-31","passed","2026-07-31","","users/{uid} — invitedWorkspaceIds cross-user append","users/{uid} — invitedWorkspaceIds cross-user append sender cannot touch any other field alongside invitedWorkspaceIds",""
"","9","a base-currency-only window reports nothing as excluded[jvm]","","2026-07-31","passed","2026-07-31","","SpendAnalyticsRepositoryImplJvmTest[jvm]","com.georgeci.moneysurfer.data.repository.SpendAnalyticsRepositoryImplJvmTest",""
"","4","an empty accounts table survives the backfill[jvm]","","2026-07-31","passed","2026-07-31","","AccountSortOrderMigrationIT[jvm]","com.georgeci.moneysurfer.integration.repository.AccountSortOrderMigrationIT",""
"","6","status is OK below the alert threshold, WARN at it and OVER past the limit[jvm]","","2026-07-31","passed","2026-07-31","","BudgetProgressTest[jvm]","com.georgeci.moneysurfer.domain.model.BudgetProgressTest",""
"","32","client cannot write the flag document (Console-only)","","2026-07-31","passed","2026-07-31","","appConfig/{docId}","appConfig/{docId} client cannot write the flag document (Console-only)",""
"","375","well-known keys map to their localized labels[jvm]","","2026-07-31","passed","2026-07-31","","AccountExtraDetailLabelTest[jvm]","com.georgeci.moneysurfer.feature.account.AccountExtraDetailLabelTest",""
"","2","the last minute of a part still belongs to it[jvm]","","2026-07-31","passed","2026-07-31","","DayPartTest[jvm]","com.georgeci.moneysurfer.domain.model.DayPartTest",""
"","32","a category created while the form was open is resolved by a refresh[jvm]","","2026-07-31","passed","2026-07-31","","TransactionCreationFormTest[jvm]","com.georgeci.moneysurfer.feature.transaction.creation.TransactionCreationFormTest",""
"","20","user can self-update status to LEFT","","2026-07-31","passed","2026-07-31","","workspaces/{wid}/members/{uid}","workspaces/{wid}/members/{uid} user can self-update status to LEFT",""
"","10","no signed-in user degrades to the generic error instead of navigating on[jvm]","","2026-07-31","passed","2026-07-31","","WorkspaceCreationViewModelTest[jvm]","com.georgeci.moneysurfer.feature.workspace.creation.WorkspaceCreationViewModelTest",""
"","3","an invite with no resolved recipient maps without one[jvm]","","2026-07-31","passed","2026-07-31","","MembershipDtoMapperSpec[jvm]","com.georgeci.moneysurfer.data.sync.MembershipDtoMapperSpec",""
"","12","availability comes from the inspector, so a release build renders nothing[jvm]","","2026-07-31","passed","2026-07-31","","DebugConfigViewModelTest[jvm]","com.georgeci.moneysurfer.feature.settings.debug.DebugConfigViewModelTest",""
"","4","SyncHandleStatus.Failed carries error[jvm]","","2026-07-31","passed","2026-07-31","","SyncStateSpec[jvm]","com.georgeci.moneysurfer.sync.api.SyncStateSpec",""
"","32","rejects a budget whose categoryIds is a CSV string instead of a list","","2026-07-31","passed","2026-07-31","","entity write-shape validation (issue #156)","entity write-shape validation (issue #156) rejects a budget whose categoryIds is a CSV string instead of a list",""
"","68","a month with no spend behind it gets no delta rather than an infinite one[jvm]","","2026-07-31","passed","2026-07-31","","DashboardSpentMonthViewModelTest[jvm]","com.georgeci.moneysurfer.feature.dashboard.DashboardSpentMonthViewModelTest",""
"","26","rejects a budget whose startDate is a number","","2026-07-31","passed","2026-07-31","","entity write-shape validation (issue #156)","entity write-shape validation (issue #156) rejects a budget whose startDate is a number",""
"","6","a warning with a throwable becomes a breadcrumb and a non-fatal[jvm]","","2026-07-31","passed","2026-07-31","","CrashReportingLogWriterTest[jvm]","com.georgeci.moneysurfer.domain.telemetry.CrashReportingLogWriterTest",""
"","1","remote newer than local → take remote[jvm]","","2026-07-31","passed","2026-07-31","","LwwConflictResolverSpec[jvm]","com.georgeci.moneysurfer.sync.repository.LwwConflictResolverSpec",""
"","23","a workspace whose base currency could not be read reports no trend rather than a wrong one[jvm]","","2026-07-31","passed","2026-07-31","","SpendAnalyticsRepositoryImplJvmTest[jvm]","com.georgeci.moneysurfer.data.repository.SpendAnalyticsRepositoryImplJvmTest",""
"","12","existing user with null defaultWorkspaceId falls back to the first workspace[jvm]","","2026-07-31","passed","2026-07-31","","PostAuthBootstrapUseCaseTest[jvm]","com.georgeci.moneysurfer.domain.usecase.PostAuthBootstrapUseCaseTest",""
"","4","Unsupported app version short-circuits the sync with UnsupportedAppVersion[jvm]","","2026-07-31","passed","2026-07-31","","SyncCoordinatorImplSpec[jvm]","com.georgeci.moneysurfer.sync.coordinator.SyncCoordinatorImplSpec",""
"","34","rejects a contribution whose amount is a string","","2026-07-31","passed","2026-07-31","","savings goals (issue #244)","savings goals (issue #244) rejects a contribution whose amount is a string",""
"","1","happy path: marks target REMOVED[jvm]","","2026-07-31","passed","2026-07-31","","RemoveMemberUseCaseTest[jvm]","com.georgeci.moneysurfer.domain.usecase.RemoveMemberUseCaseTest",""
"","75","the retention window is thirty days[jvm]","","2026-07-31","passed","2026-07-31","","PurgeDeletedTransactionsUseCaseTest[jvm]","com.georgeci.moneysurfer.domain.usecase.PurgeDeletedTransactionsUseCaseTest",""
"","0","monthly clamping does not accumulate — the 31st returns after a short month[jvm]","","2026-07-31","passed","2026-07-31","","BudgetPeriodWindowTest[jvm]","com.georgeci.moneysurfer.domain.util.BudgetPeriodWindowTest",""
"","0","month window ends on the short month's real last day[jvm]","","2026-07-31","passed","2026-07-31","","TransactionPeriodWindowTest[jvm]","com.georgeci.moneysurfer.domain.util.TransactionPeriodWindowTest",""
"","7","resetTo clears everything below the new root[jvm]","","2026-07-31","passed","2026-07-31","","AppNavigatorTest[jvm]","com.georgeci.moneysurfer.navigation.AppNavigatorTest",""
"","40","an unwritable mirror marks the layer degraded[jvm]","","2026-07-31","passed","2026-07-31","","RemoteGlobalConfigSourceImplSpec[jvm]","com.georgeci.moneysurfer.appconfig.remote.RemoteGlobalConfigSourceImplSpec",""
"","4","rollover off ignores the previous window entirely[jvm]","","2026-07-31","passed","2026-07-31","","BudgetProgressTest[jvm]","com.georgeci.moneysurfer.domain.model.BudgetProgressTest",""
"","4","a list pushed on top of a detail leaves that detail its back affordance[jvm]","","2026-07-31","passed","2026-07-31","","SurferPaneSceneStrategyTest[jvm]","com.georgeci.moneysurfer.navigation.SurferPaneSceneStrategyTest",""
"","64","every EN string key has a RU counterpart and vice-versa[jvm]","","2026-07-31","passed","2026-07-31","","StringResourceParityTest[jvm]","com.georgeci.moneysurfer.utils.StringResourceParityTest",""
"","10","deleting returns the removed goal[jvm]","","2026-07-31","passed","2026-07-31","","SavingsGoalUseCaseTest[jvm]","com.georgeci.moneysurfer.domain.usecase.SavingsGoalUseCaseTest",""
"","10","a comma decimal separator is accepted and the parsed amount is persisted[jvm]","","2026-07-31","passed","2026-07-31","","TransactionCreationSaveTest[jvm]","com.georgeci.moneysurfer.feature.transaction.creation.TransactionCreationSaveTest",""
"","29","oldest first reverses the whole list, day groups included[jvm]","","2026-07-31","passed","2026-07-31","","TransactionsByAccountFilteringTest[jvm]","com.georgeci.moneysurfer.feature.transaction.list.TransactionsByAccountFilteringTest",""
"","2","a selected child expands exactly its parent[jvm]","","2026-07-31","passed","2026-07-31","","CategoryPickerRowsTest[jvm]","com.georgeci.moneysurfer.feature.category.picker.CategoryPickerRowsTest",""
"","7","empty archive surfaces InvalidArchive[jvm]","","2026-07-31","passed","2026-07-31","","BackupImporterImplJvmTest[jvm]","com.georgeci.moneysurfer.data.backup.BackupImporterImplJvmTest",""
"","147","the period switch sits above the widgets with the current span selected[jvm]","","2026-07-31","passed","2026-07-31","","DashboardScreenStateTest[jvm]","com.georgeci.moneysurfer.ui.DashboardScreenStateTest",""
"","27","the period mode is persisted, not held in the screen state[jvm]","","2026-07-31","passed","2026-07-31","","TransactionsByAccountPeriodTest[jvm]","com.georgeci.moneysurfer.feature.transaction.list.TransactionsByAccountPeriodTest",""
"","117","string resources use only indexed placeholders[jvm]","","2026-07-31","passed","2026-07-31","","StringResourcePlaceholderTest[jvm]","com.georgeci.moneysurfer.utils.StringResourcePlaceholderTest",""
"","43","authenticated user can read app config","","2026-07-31","passed","2026-07-31","","appConfig/{docId}","appConfig/{docId} authenticated user can read app config",""
"","1","explicit value is preserved[jvm]","","2026-07-31","passed","2026-07-31","","SyncRequestIdSpec[jvm]","com.georgeci.moneysurfer.sync.api.SyncRequestIdSpec",""
"","231","an explicit date range takes the window over, so the pager is not drawn[jvm]","","2026-07-31","passed","2026-07-31","","TransactionsListScreenStateTest[jvm]","com.georgeci.moneysurfer.ui.TransactionsListScreenStateTest",""
"","20","INCOME creation persists row and increases account balance by amount[jvm]","","2026-07-31","passed","2026-07-31","","TransactionCreationIntegrationIT[jvm]","com.georgeci.moneysurfer.integration.repository.TransactionCreationIntegrationIT",""
"","40","enqueue then pending() returns the row in createdAt order[jvm]","","2026-07-31","passed","2026-07-31","","PendingMutationQueueIntegrationIT[jvm]","com.georgeci.moneysurfer.integration.sync.PendingMutationQueueIntegrationIT",""
"","11","the offline build shows no extra details, matching the hidden creation section[jvm]","","2026-07-31","passed","2026-07-31","","AccountDetailsViewModelTest[jvm]","com.georgeci.moneysurfer.feature.account.details.AccountDetailsViewModelTest",""
"","1282","the style sheet offers both sizes and, for the balance card, its variants[jvm]","","2026-07-31","passed","2026-07-31","","DashboardCustomizeScreenStateTest[jvm]","com.georgeci.moneysurfer.ui.DashboardCustomizeScreenStateTest",""
"","7","rejects when removing the last OWNER[jvm]","","2026-07-31","passed","2026-07-31","","RemoveMemberUseCaseTest[jvm]","com.georgeci.moneysurfer.domain.usecase.RemoveMemberUseCaseTest",""
"","20","switching the type drops a parent that belongs to the other type[jvm]","","2026-07-31","passed","2026-07-31","","CategoryCreationViewModelTest[jvm]","com.georgeci.moneysurfer.feature.category.creation.CategoryCreationViewModelTest",""
"","23","a transfer needs a positive amount on the side the money leaves[jvm]","","2026-07-31","passed","2026-07-31","","TransactionCreationSaveGuardsTest[jvm]","com.georgeci.moneysurfer.feature.transaction.creation.TransactionCreationSaveGuardsTest",""
"","21","rejects a non-string transaction merchant","","2026-07-31","passed","2026-07-31","","entity write-shape validation (issue #156)","entity write-shape validation (issue #156) rejects a non-string transaction merchant",""
"","2","CompositeCancelToken not cancelled when no children cancelled[jvm]","","2026-07-31","passed","2026-07-31","","SyncCancelTokenSpec[jvm]","com.georgeci.moneysurfer.sync.api.SyncCancelTokenSpec",""
"","19","a debug override still outranks the overlay[jvm]","","2026-07-31","passed","2026-07-31","","LayeredConfigSpec[jvm]","com.georgeci.moneysurfer.appconfig.LayeredConfigSpec",""
"","1","a child whose parent is a different type is drawn at the top level[jvm]","","2026-07-31","passed","2026-07-31","","CategoryChooserViewModelTest[jvm]","com.georgeci.moneysurfer.feature.category.picker.CategoryChooserViewModelTest",""
"","1","the uncategorized bucket is a subject like any other[jvm]","","2026-07-31","passed","2026-07-31","","InsightRulesTest[jvm]","com.georgeci.moneysurfer.domain.insight.InsightRulesTest",""
"","0","a month the aggregate returned no row for holds the balance flat instead of dropping a point[jvm]","","2026-07-31","passed","2026-07-31","","BalanceTrendTest[jvm]","com.georgeci.moneysurfer.domain.model.BalanceTrendTest",""
"","27","the baseline window is clamped to a short previous month rather than overflowing it[jvm]","","2026-07-31","passed","2026-07-31","","GetSpentMonthUseCaseTest[jvm]","com.georgeci.moneysurfer.domain.usecase.GetSpentMonthUseCaseTest",""
"","38","the window runs whole months, ending on the last day of the current one[jvm]","","2026-07-31","passed","2026-07-31","","GetMonthlyNetHistoryUseCaseTest[jvm]","com.georgeci.moneysurfer.domain.usecase.GetMonthlyNetHistoryUseCaseTest",""
"","17","a transfer leg resolves the counterpart account and leaves the amount unsigned[jvm]","","2026-07-31","passed","2026-07-31","","TransactionDetailsViewModelTest[jvm]","com.georgeci.moneysurfer.feature.transaction.details.TransactionDetailsViewModelTest",""
"","70","the burn rate formats the week's pace and the projection it implies[jvm]","","2026-07-31","passed","2026-07-31","","DashboardBurnRateViewModelTest[jvm]","com.georgeci.moneysurfer.feature.dashboard.DashboardBurnRateViewModelTest",""
"","13","insert writes both DAO and outbox when signed in[jvm]","","2026-07-31","passed","2026-07-31","","WorkspaceMemberRepositoryDualWriteSpec[jvm]","com.georgeci.moneysurfer.data.repository.WorkspaceMemberRepositoryDualWriteSpec",""
"","52","transfer auto-seeds Transfer category with systemKind=TRANSFER on first call and reuses it on subsequent calls[jvm]","","2026-07-31","passed","2026-07-31","","TransferCreationIntegrationIT[jvm]","com.georgeci.moneysurfer.integration.repository.TransferCreationIntegrationIT",""
"","5","recalc skipped when downloadedCount == 0[jvm]","","2026-07-31","passed","2026-07-31","","SyncCoordinatorImplSpec[jvm]","com.georgeci.moneysurfer.sync.coordinator.SyncCoordinatorImplSpec",""
"","7","foreign-currency expenses are skipped and raise the mixed-currency flag[jvm]","","2026-07-31","passed","2026-07-31","","BudgetProgressTest[jvm]","com.georgeci.moneysurfer.domain.model.BudgetProgressTest",""
"","1","Cancelled.isRetryable is false[jvm]","","2026-07-31","passed","2026-07-31","","SyncErrorClassifierSpec[jvm]","com.georgeci.moneysurfer.sync.internal.SyncErrorClassifierSpec",""
"","3","a doc from an older client decodes to empty merchant, no tags and no rule[jvm]","","2026-07-31","passed","2026-07-31","","TransactionDtoMapperSpec[jvm]","com.georgeci.moneysurfer.data.sync.TransactionDtoMapperSpec",""
"","20","owner can tombstone a member row","","2026-07-31","passed","2026-07-31","","tombstone update shape (push-side soft delete)","tombstone update shape (push-side soft delete) owner can tombstone a member row",""
"","9","spending past the cap reads OVER, and the fraction is allowed past one[jvm]","","2026-07-31","passed","2026-07-31","","SpentByCategoryTest[jvm]","com.georgeci.moneysurfer.domain.model.SpentByCategoryTest",""
"","18","a workspace row the device has not pulled yet leaves the toolbar to its fallback[jvm]","","2026-07-31","passed","2026-07-31","","DashboardViewModelTest[jvm]","com.georgeci.moneysurfer.feature.dashboard.DashboardViewModelTest",""
"","22","tapping Custom a second time hands the window back to the pager[jvm]","","2026-07-31","passed","2026-07-31","","TransactionFiltersViewModelTest[jvm]","com.georgeci.moneysurfer.feature.transaction.filters.TransactionFiltersViewModelTest",""
"","63","sender cannot remove entries from invitedWorkspaceIds","","2026-07-31","passed","2026-07-31","","users/{uid} — invitedWorkspaceIds cross-user append","users/{uid} — invitedWorkspaceIds cross-user append sender cannot remove entries from invitedWorkspaceIds",""
"","82","the demo user's local rows are gone, but the signed-in user's row is not[jvm]","","2026-07-31","passed","2026-07-31","","DemoSessionHandoffIntegrationIT[jvm]","com.georgeci.moneysurfer.integration.repository.DemoSessionHandoffIntegrationIT",""
"","41","each picker writes under its own key[jvm]","","2026-07-31","passed","2026-07-31","","NavigationResultKeysTest[jvm]","com.georgeci.moneysurfer.navigation.NavigationResultKeysTest",""
"","78","sign-in accepts a short password — only sign-up enforces the provider's floor[jvm]","","2026-07-31","passed","2026-07-31","","SignInViewModelTest[jvm]","com.georgeci.moneysurfer.feature.login.SignInViewModelTest",""
"","0","previousWindow ends exactly where the given window starts — no gap, no overlap[jvm]","","2026-07-31","passed","2026-07-31","","BudgetPeriodWindowTest[jvm]","com.georgeci.moneysurfer.domain.util.BudgetPeriodWindowTest",""
"","8","the active list is shown in sortOrder, not in the order the repository happens to hold[jvm]","","2026-07-31","passed","2026-07-31","","AccountsManageViewModelTest[jvm]","com.georgeci.moneysurfer.feature.account.manage.AccountsManageViewModelTest",""
"","2","contains covers the start date but not the end date[jvm]","","2026-07-31","passed","2026-07-31","","BudgetPeriodWindowTest[jvm]","com.georgeci.moneysurfer.domain.util.BudgetPeriodWindowTest",""
"","1","clear empties the buffer[jvm]","","2026-07-31","passed","2026-07-31","","DebugLogBufferTest[jvm]","com.georgeci.moneysurfer.domain.logging.DebugLogBufferTest",""
"","17","a user can delete their own setting","","2026-07-31","passed","2026-07-31","","users/{uid}/config/{key}","users/{uid}/config/{key} a user can delete their own setting",""
"","13","the threshold is exactly one retention window behind now[jvm]","","2026-07-31","passed","2026-07-31","","PurgeDeletedTransactionsUseCaseTest[jvm]","com.georgeci.moneysurfer.domain.usecase.PurgeDeletedTransactionsUseCaseTest",""
"","45","totals over the window drop the deleted row's money and get it back on Undo[jvm]","","2026-07-31","passed","2026-07-31","","TransactionSoftDeleteIntegrationIT[jvm]","com.georgeci.moneysurfer.integration.repository.TransactionSoftDeleteIntegrationIT",""
"","1","single account and category selections resolve their chip names[jvm]","","2026-07-31","passed","2026-07-31","","TransactionsListMappingTest[jvm]","com.georgeci.moneysurfer.feature.transaction.list.TransactionsListMappingTest",""
"","0","AccountTransactionCreation[jvm]","","2026-07-31","passed","2026-07-31","","RouteSerializationTest[jvm]","com.georgeci.moneysurfer.navigation.RouteSerializationTest",""
"","4","an absent accountId stays null[jvm]","","2026-07-31","passed","2026-07-31","","GoalDtoMapperSpec[jvm]","com.georgeci.moneysurfer.data.sync.GoalDtoMapperSpec",""
"","6","planned transaction contributes nothing[jvm]","","2026-07-31","passed","2026-07-31","","BalanceImpactTest[jvm]","com.georgeci.moneysurfer.domain.model.BalanceImpactTest",""
"","2","the selected category type is used when the caller did not pin one[jvm]","","2026-07-31","passed","2026-07-31","","CategoryPickerRowsTest[jvm]","com.georgeci.moneysurfer.feature.category.picker.CategoryPickerRowsTest",""
"","1","redactUid keeps a short prefix and drops the rest[jvm]","","2026-07-31","passed","2026-07-31","","PiiRedactionTest[jvm]","com.georgeci.moneysurfer.domain.logging.PiiRedactionTest",""
"","6","a renderable palette passes through untouched[jvm]","","2026-07-31","passed","2026-07-31","","ConfigFacadesJvmTest[jvm]","com.georgeci.moneysurfer.data.config.ConfigFacadesJvmTest",""
"","2","the provider email stands in when the local row has no name[jvm]","","2026-07-31","passed","2026-07-31","","ShellIdentityTest[jvm]","com.georgeci.moneysurfer.navigation.ShellIdentityTest",""
"","71","concurrent writers keep every key[jvm]","","2026-07-31","passed","2026-07-31","","DesktopFirebasePlatformJvmTest[jvm]","com.georgeci.moneysurfer.data.remote.DesktopFirebasePlatformJvmTest",""
"","18","list/scan is denied — prevents email enumeration","","2026-07-31","passed","2026-07-31","","userEmails/{email}","userEmails/{email} list/scan is denied — prevents email enumeration",""
"","3","delete on a missing account returns AccountNotFound[jvm]","","2026-07-31","passed","2026-07-31","","AccountWriteUseCasesTest[jvm]","com.georgeci.moneysurfer.domain.usecase.AccountWriteUseCasesTest",""
"","17","session start drops the overlay the account wipe filled[jvm]","","2026-07-31","passed","2026-07-31","","SyncedSettingsSessionImplJvmTest[jvm]","com.georgeci.moneysurfer.data.config.SyncedSettingsSessionImplJvmTest",""
"","4","a plain transaction needs an amount, an account and a category[jvm]","","2026-07-31","passed","2026-07-31","","TransactionCreationStateTest[jvm]","com.georgeci.moneysurfer.feature.transaction.creation.TransactionCreationStateTest",""
"","515","turning the split editor on is one row's job[jvm]","","2026-07-31","passed","2026-07-31","","TransactionCreationScreenStateTest[jvm]","com.georgeci.moneysurfer.ui.TransactionCreationScreenStateTest",""
"","16","a key the user never set is not materialised into the overlay[jvm]","","2026-07-31","passed","2026-07-31","","LocalDataResetIntegrationIT[jvm]","com.georgeci.moneysurfer.integration.repository.LocalDataResetIntegrationIT",""
"","34","accepts a nullable field set explicitly to null (deletedAt)","","2026-07-31","passed","2026-07-31","","entity write-shape validation (issue #156)","entity write-shape validation (issue #156) accepts a nullable field set explicitly to null (deletedAt)",""
"","8","rejects when caller is not OWNER[jvm]","","2026-07-31","passed","2026-07-31","","RemoveMemberUseCaseTest[jvm]","com.georgeci.moneysurfer.domain.usecase.RemoveMemberUseCaseTest",""
"","24","the flows actually carry id: selectors, so the gate above cannot pass vacuously[jvm]","","2026-07-31","passed","2026-07-31","","MaestroFlowSelectorTest[jvm]","com.georgeci.moneysurfer.utils.MaestroFlowSelectorTest",""
"","24","rows come back newest first[jvm]","","2026-07-31","passed","2026-07-31","","TransactionWindowIntegrationIT[jvm]","com.georgeci.moneysurfer.integration.repository.TransactionWindowIntegrationIT",""
"","22","member cannot hard-delete a member row (not even their own)","","2026-07-31","passed","2026-07-31","","workspaces/{wid}/members/{uid}","workspaces/{wid}/members/{uid} member cannot hard-delete a member row (not even their own)",""
"","5","unrecognized message returns null so the caller falls back to Unknown[jvm]","","2026-07-31","passed","2026-07-31","","AuthErrorClassificationTest[jvm]","com.georgeci.moneysurfer.data.repository.AuthErrorClassificationTest",""
"","15","a regular save leaves the workspace base currency untouched[jvm]","","2026-07-31","passed","2026-07-31","","AccountCreationViewModelTest[jvm]","com.georgeci.moneysurfer.feature.account.creation.AccountCreationViewModelTest",""
"","4","the Medium band runs from its lower bound up to the Expanded bound[jvm]","","2026-07-31","passed","2026-07-31","","SurferWindowSizeTest[jvm]","com.georgeci.moneysurfer.uikit.window.SurferWindowSizeTest",""
"","15","a pulled member is inserted and their user row stubbed[jvm]","","2026-07-31","passed","2026-07-31","","WorkspaceTreeSyncPluginIT[jvm]","com.georgeci.moneysurfer.integration.plugin.WorkspaceTreeSyncPluginIT",""
"","1379","the round button on an on-dashboard row asks to turn that widget off[jvm]","","2026-07-31","passed","2026-07-31","","DashboardCustomizeScreenStateTest[jvm]","com.georgeci.moneysurfer.ui.DashboardCustomizeScreenStateTest",""
"","24","saving a split writes one leg per line, sharing a split id[jvm]","","2026-07-31","passed","2026-07-31","","TransactionCreationSplitTest[jvm]","com.georgeci.moneysurfer.feature.transaction.creation.TransactionCreationSplitTest",""
"","12","resetting cursors asks first[jvm]","","2026-07-31","passed","2026-07-31","","SyncViewModelTest[jvm]","com.georgeci.moneysurfer.feature.settings.sync.SyncViewModelTest",""
"","6","insert in demo session writes DAO but skips outbox[jvm]","","2026-07-31","passed","2026-07-31","","WorkspaceMemberRepositoryDualWriteSpec[jvm]","com.georgeci.moneysurfer.data.repository.WorkspaceMemberRepositoryDualWriteSpec",""
"","1","no-ops when CreateWorkspaceUseCase has no current user (offline build pre-login)[jvm]","","2026-07-31","passed","2026-07-31","","SeedDefaultsUseCaseTest[jvm]","com.georgeci.moneysurfer.domain.usecase.SeedDefaultsUseCaseTest",""
"","20","a failed seed leaves the onboarding unfinished so the next launch replays it[jvm]","","2026-07-31","passed","2026-07-31","","OnboardingViewModelTest[jvm]","com.georgeci.moneysurfer.feature.login.onboarding.OnboardingViewModelTest",""
"","8","an unreadable size falls back to Hero rather than dropping the widget[jvm]","","2026-07-31","passed","2026-07-31","","DashboardLayoutCodecTest[jvm]","com.georgeci.moneysurfer.data.preferences.DashboardLayoutCodecTest",""
"","4","a first period has nothing to compare against[jvm]","","2026-07-31","passed","2026-07-31","","InsightRulesTest[jvm]","com.georgeci.moneysurfer.domain.insight.InsightRulesTest",""
"","25","a transfer into the account the money leaves is not a transfer[jvm]","","2026-07-31","passed","2026-07-31","","TransactionCreationSaveGuardsTest[jvm]","com.georgeci.moneysurfer.feature.transaction.creation.TransactionCreationSaveGuardsTest",""
"","38","OnDeleteCancel keeps the budget[jvm]","","2026-07-31","passed","2026-07-31","","BudgetsViewModelTest[jvm]","com.georgeci.moneysurfer.feature.budget.list.BudgetsViewModelTest",""
"","17","user can update their own document","","2026-07-31","passed","2026-07-31","","users/{uid}","users/{uid} user can update their own document",""
"","26","opening a category with a single-category budget prefills the cap field[jvm]","","2026-07-31","passed","2026-07-31","","CategoryCreationViewModelTest[jvm]","com.georgeci.moneysurfer.feature.category.creation.CategoryCreationViewModelTest",""
"","10","extra fields stop being addable at the storage limit[jvm]","","2026-07-31","passed","2026-07-31","","AccountCreationStateTest[jvm]","com.georgeci.moneysurfer.feature.account.creation.AccountCreationStateTest",""
"","19","deleting an id that names no row enqueues nothing[jvm]","","2026-07-31","passed","2026-07-31","","TransactionTombstoneSyncIntegrationIT[jvm]","com.georgeci.moneysurfer.integration.sync.TransactionTombstoneSyncIntegrationIT",""
"","6","cancelAll cancels running and queued[jvm]","","2026-07-31","passed","2026-07-31","","SyncCoordinatorImplSpec[jvm]","com.georgeci.moneysurfer.sync.coordinator.SyncCoordinatorImplSpec",""
"","23","the greeting follows the device clock[jvm]","","2026-07-31","passed","2026-07-31","","DashboardViewModelTest[jvm]","com.georgeci.moneysurfer.feature.dashboard.DashboardViewModelTest",""
"","8","the list position survives the wire, so a reorder reaches the other device[jvm]","","2026-07-31","passed","2026-07-31","","AccountDtoMapperSpec[jvm]","com.georgeci.moneysurfer.data.sync.AccountDtoMapperSpec",""
"","21","a user can read one of their own settings","","2026-07-31","passed","2026-07-31","","users/{uid}/config/{key}","users/{uid}/config/{key} a user can read one of their own settings",""
"","175","each row carries the value kind derived from its codec[jvm]","","2026-07-31","passed","2026-07-31","","DebugConfigInspectorImplSpec[jvm]","com.georgeci.moneysurfer.appconfig.DebugConfigInspectorImplSpec",""
"","2","search narrows the grid by name[jvm]","","2026-07-31","passed","2026-07-31","","CategoryChooserViewModelTest[jvm]","com.georgeci.moneysurfer.feature.category.picker.CategoryChooserViewModelTest",""
"","20","a transfer leg without its pair row is rejected[jvm]","","2026-07-31","passed","2026-07-31","","ImportTransactionsValidationTest[jvm]","com.georgeci.moneysurfer.domain.csv.ImportTransactionsValidationTest",""
"","2","toggling swaps the mode and drops the error the other mode produced[jvm]","","2026-07-31","passed","2026-07-31","","SignInViewModelTest[jvm]","com.georgeci.moneysurfer.feature.login.SignInViewModelTest",""
"","36","accepts a goal with nullable targetDate/accountId set to null","","2026-07-31","passed","2026-07-31","","savings goals (issue #244)","savings goals (issue #244) accepts a goal with nullable targetDate/accountId set to null",""
"","170","a real debug source is active, which is what surfaces the QA panel at all[jvm]","","2026-07-31","passed","2026-07-31","","DebugConfigSourceImplJvmTest[jvm]","com.georgeci.moneysurfer.data.config.DebugConfigSourceImplJvmTest",""
"","3","a DELETE is ignored — settings are overwritten, never deleted[jvm]","","2026-07-31","passed","2026-07-31","","UserConfigSyncPluginSpec[jvm]","com.georgeci.moneysurfer.data.sync.plugin.UserConfigSyncPluginSpec",""
"","2","amount_minor beyond the domain cap is rejected as invalid amount_minor[jvm]","","2026-07-31","passed","2026-07-31","","TransactionCsvCodecTest[jvm]","com.georgeci.moneysurfer.domain.csv.TransactionCsvCodecTest",""
"","4","an empty quote set is refused[jvm]","","2026-07-31","passed","2026-07-31","","ExchangeRateApiTest[jvm]","com.georgeci.moneysurfer.data.remote.ExchangeRateApiTest",""
"","13","the demo entry point signs in locally and lands on the selector[jvm]","","2026-07-31","passed","2026-07-31","","SignInViewModelTest[jvm]","com.georgeci.moneysurfer.feature.login.SignInViewModelTest",""
"","428","a period with spend draws the donut, the trend and the merchants[jvm]","","2026-07-31","passed","2026-07-31","","InsightsScreenTest[jvm]","com.georgeci.moneysurfer.ui.InsightsScreenTest",""
"","14","back navigates away[jvm]","","2026-07-31","passed","2026-07-31","","SyncViewModelTest[jvm]","com.georgeci.moneysurfer.feature.settings.sync.SyncViewModelTest",""
"","65","a release build opens a database already at the current schema and keeps its rows[jvm]","","2026-07-31","passed","2026-07-31","","DatabaseBuilderSpec[jvm]","com.georgeci.moneysurfer.data.db.DatabaseBuilderSpec",""
"","16","undoing a parent delete re-attaches the children it had[jvm]","","2026-07-31","passed","2026-07-31","","CategoriesManageViewModelTest[jvm]","com.georgeci.moneysurfer.feature.category.manage.CategoriesManageViewModelTest",""
"","18","matches a Cyrillic prefix — unicode61 tokenizer, not simple[jvm]","","2026-07-31","passed","2026-07-31","","TransactionFtsIntegrationIT[jvm]","com.georgeci.moneysurfer.integration.repository.TransactionFtsIntegrationIT",""
"","648","the screen opens on its sections, with the applied type already selected[jvm]","","2026-07-31","passed","2026-07-31","","TransactionFiltersScreenStateTest[jvm]","com.georgeci.moneysurfer.ui.TransactionFiltersScreenStateTest",""
"","30","rejects a goal whose numeric target is a string","","2026-07-31","passed","2026-07-31","","savings goals (issue #244)","savings goals (issue #244) rejects a goal whose numeric target is a string",""
"","20","non-invited stranger CANNOT self-create a member row","","2026-07-31","passed","2026-07-31","","workspaces/{wid}/members/{uid}","workspaces/{wid}/members/{uid} non-invited stranger CANNOT self-create a member row",""
"","17","a pulled tombstone marks the row deleted rather than dropping it[jvm]","","2026-07-31","passed","2026-07-31","","TransactionSyncPluginIT[jvm]","com.georgeci.moneysurfer.integration.plugin.TransactionSyncPluginIT",""
"","22","an unreachable provider leaves the cached table in place[jvm]","","2026-07-31","passed","2026-07-31","","ExchangeRateRepositoryImplJvmTest[jvm]","com.georgeci.moneysurfer.data.repository.ExchangeRateRepositoryImplJvmTest",""
"","17","a local apply failure still aborts the pull[jvm]","","2026-07-31","passed","2026-07-31","","PullRemoteChangesUseCaseImplSpec[jvm]","com.georgeci.moneysurfer.data.sync.PullRemoteChangesUseCaseImplSpec",""
"","19","confirming the guest warning logs out and closes the dialog[jvm]","","2026-07-31","passed","2026-07-31","","SettingsLogoutViewModelTest[jvm]","com.georgeci.moneysurfer.feature.settings.SettingsLogoutViewModelTest",""
"","10","goal details carry progress and history[jvm]","","2026-07-31","passed","2026-07-31","","SavingsGoalUseCaseTest[jvm]","com.georgeci.moneysurfer.domain.usecase.SavingsGoalUseCaseTest",""
"","78","a host that says nothing is assumed to relaunch itself[jvm]","","2026-07-31","passed","2026-07-31","","AppRestarterTest[jvm]","com.georgeci.moneysurfer.domain.backup.AppRestarterTest",""
"","1","a split leg's group id round-trips through the wire format[jvm]","","2026-07-31","passed","2026-07-31","","TransactionDtoMapperSpec[jvm]","com.georgeci.moneysurfer.data.sync.TransactionDtoMapperSpec",""
"","78","non-member cannot read or create a goal","","2026-07-31","passed","2026-07-31","","savings goals (issue #244)","savings goals (issue #244) non-member cannot read or create a goal",""
"","1","the uncategorized bucket is an entry with no category, and it counts towards the total[jvm]","","2026-07-31","passed","2026-07-31","","SpentByCategoryTest[jvm]","com.georgeci.moneysurfer.domain.model.SpentByCategoryTest",""
"","30","authenticated user can read the flag document","","2026-07-31","passed","2026-07-31","","appConfig/{docId}","appConfig/{docId} authenticated user can read the flag document",""
"","35","an unauthenticated client is denied","","2026-07-31","passed","2026-07-31","","users/{uid}/config/{key}","users/{uid}/config/{key} an unauthenticated client is denied",""
"","1","CompositeCancelToken not cancelled when only some children cancelled[jvm]","","2026-07-31","passed","2026-07-31","","SyncCancelTokenSpec[jvm]","com.georgeci.moneysurfer.sync.api.SyncCancelTokenSpec",""
"","2","every migration moves exactly one version forward[jvm]","","2026-07-31","passed","2026-07-31","","MigrationChainSpec[jvm]","com.georgeci.moneysurfer.data.db.MigrationChainSpec",""
"","2","LastSyncOutcome.Cancelled carries timestamp[jvm]","","2026-07-31","passed","2026-07-31","","SyncStateSpec[jvm]","com.georgeci.moneysurfer.sync.api.SyncStateSpec",""
"","22","accepts a negative contribution amount (a withdrawal)","","2026-07-31","passed","2026-07-31","","savings goals (issue #244)","savings goals (issue #244) accepts a negative contribution amount (a withdrawal)",""
"","18","the onboarding's pre-selected type is what the screen opens on[jvm]","","2026-07-31","passed","2026-07-31","","AccountCreationViewModelTest[jvm]","com.georgeci.moneysurfer.feature.account.creation.AccountCreationViewModelTest",""
"","3","month-to-date leaves out the days the window reached back into the previous month[jvm]","","2026-07-31","passed","2026-07-31","","BurnRateTest[jvm]","com.georgeci.moneysurfer.domain.model.BurnRateTest",""
"","0","shifting a week steps seven days from the week start[jvm]","","2026-07-31","passed","2026-07-31","","TransactionPeriodWindowTest[jvm]","com.georgeci.moneysurfer.domain.util.TransactionPeriodWindowTest",""
"","5","a display name wins over the provider email[jvm]","","2026-07-31","passed","2026-07-31","","ShellIdentityTest[jvm]","com.georgeci.moneysurfer.navigation.ShellIdentityTest",""
"","3","repeat delete (null/null) is a no-op[jvm]","","2026-07-31","passed","2026-07-31","","ApplyTransactionChangeUseCaseTest[jvm]","com.georgeci.moneysurfer.domain.usecase.ApplyTransactionChangeUseCaseTest",""
"","671","a truncated blob fails the MAC[jvm]","","2026-07-31","passed","2026-07-31","","EncryptedBackupCodecTest[jvm]","com.georgeci.moneysurfer.data.backup.EncryptedBackupCodecTest",""
"","0","epochMillis=4611686018427387903[jvm]","","2026-07-31","passed","2026-07-31","","TimeFormatterTest[jvm]","com.georgeci.moneysurfer.data.repository.TimeFormatterTest",""
"","1","negating Long.MIN_VALUE via times(-1) throws instead of wrapping[jvm]","","2026-07-31","passed","2026-07-31","","MoneyTest[jvm]","com.georgeci.moneysurfer.domain.primitives.MoneyTest",""
"","19","a row that is already gone deletes nothing and offers no Undo[jvm]","","2026-07-31","passed","2026-07-31","","TransactionsByAccountDeleteTest[jvm]","com.georgeci.moneysurfer.feature.transaction.list.TransactionsByAccountDeleteTest",""
"","7","onSyncCompleted formats counts[jvm]","","2026-07-31","passed","2026-07-31","","KermitSyncTelemetrySpec[jvm]","com.georgeci.moneysurfer.sync.internal.telemetry.KermitSyncTelemetrySpec",""
"","78","a month column names both its figures, since the bars carry no numerals[jvm]","","2026-07-31","passed","2026-07-31","","InsightsScreenTest[jvm]","com.georgeci.moneysurfer.ui.InsightsScreenTest",""
"","23","the daily series sums a day's rows and skips the days without any[jvm]","","2026-07-31","passed","2026-07-31","","SpendAnalyticsRepositoryImplJvmTest[jvm]","com.georgeci.moneysurfer.data.repository.SpendAnalyticsRepositoryImplJvmTest",""
"","19","rejects a value over 1024 characters","","2026-07-31","passed","2026-07-31","","users/{uid}/config/{key}","users/{uid}/config/{key} rejects a value over 1024 characters",""
"","13","blank names cannot be saved and show an error only after being touched[jvm]","","2026-07-31","passed","2026-07-31","","CategoryCreationStateTest[jvm]","com.georgeci.moneysurfer.feature.category.creation.CategoryCreationStateTest",""
"","43","rejects an account whose numeric balance is a string","","2026-07-31","passed","2026-07-31","","entity write-shape validation (issue #156)","entity write-shape validation (issue #156) rejects an account whose numeric balance is a string",""
"","3","a zero limit reads as 0 % rather than dividing by zero[jvm]","","2026-07-31","passed","2026-07-31","","BudgetProgressTest[jvm]","com.georgeci.moneysurfer.domain.model.BudgetProgressTest",""
"","92","a month that spent more than it earned reads as a fall[jvm]","","2026-07-31","passed","2026-07-31","","DashboardBalanceViewModelTest[jvm]","com.georgeci.moneysurfer.feature.dashboard.DashboardBalanceViewModelTest",""
"","35","a category budget caps a slice of the spend, so it is not this card's cap[jvm]","","2026-07-31","passed","2026-07-31","","GetSpentMonthUseCaseTest[jvm]","com.georgeci.moneysurfer.domain.usecase.GetSpentMonthUseCaseTest",""
"","12","non-JSON manifest surfaces InvalidArchive[jvm]","","2026-07-31","passed","2026-07-31","","BackupImporterImplJvmTest[jvm]","com.georgeci.moneysurfer.data.backup.BackupImporterImplJvmTest",""
"","21","member cannot tombstone another member's row","","2026-07-31","passed","2026-07-31","","tombstone update shape (push-side soft delete)","tombstone update shape (push-side soft delete) member cannot tombstone another member's row",""
"","5","a blank provider email is treated as absent[jvm]","","2026-07-31","passed","2026-07-31","","ShellIdentityTest[jvm]","com.georgeci.moneysurfer.navigation.ShellIdentityTest",""
"","19","happy path: creates ACTIVE member with invite role + marks invite ACCEPTED[jvm]","","2026-07-31","passed","2026-07-31","","AcceptInviteUseCaseTest[jvm]","com.georgeci.moneysurfer.domain.usecase.AcceptInviteUseCaseTest",""
"","13","restoring a row that was never deleted pushes nothing[jvm]","","2026-07-31","passed","2026-07-31","","TransactionTombstoneSyncIntegrationIT[jvm]","com.georgeci.moneysurfer.integration.sync.TransactionTombstoneSyncIntegrationIT",""
"","8","the offline build is carried into the state so the hero can say so[jvm]","","2026-07-31","passed","2026-07-31","","BackupViewModelTest[jvm]","com.georgeci.moneysurfer.feature.settings.backup.BackupViewModelTest",""
"","1","mergeScope ChangedSinceLastSync above UploadOnly[jvm]","","2026-07-31","passed","2026-07-31","","SyncScopeSpec[jvm]","com.georgeci.moneysurfer.sync.api.SyncScopeSpec",""
"","192","Reset is offered only once the draft carries something to reset[jvm]","","2026-07-31","passed","2026-07-31","","TransactionFiltersScreenStateTest[jvm]","com.georgeci.moneysurfer.ui.TransactionFiltersScreenStateTest",""
"","0","'42,123' (comma with three cents)[jvm]","","2026-07-31","passed","2026-07-31","","AmountInputTransformationTest[jvm]","com.georgeci.moneysurfer.utils.AmountInputTransformationTest",""
"","319","a chip names the one thing that is picked and counts the rest[jvm]","","2026-07-31","passed","2026-07-31","","TransactionsListScreenStateTest[jvm]","com.georgeci.moneysurfer.ui.TransactionsListScreenStateTest",""
"","60","all time drops the date bounds but stays paged[jvm]","","2026-07-31","passed","2026-07-31","","TransactionsByAccountPeriodTest[jvm]","com.georgeci.moneysurfer.feature.transaction.list.TransactionsByAccountPeriodTest",""
"","11","picking a grid width persists it without touching the widget's card style or slot[jvm]","","2026-07-31","passed","2026-07-31","","DashboardCustomizeViewModelTest[jvm]","com.georgeci.moneysurfer.feature.dashboard.customize.DashboardCustomizeViewModelTest",""
"","11","markInFlight excludes rows from the next pending batch[jvm]","","2026-07-31","passed","2026-07-31","","PendingMutationQueueImplSpec[jvm]","com.georgeci.moneysurfer.data.sync.PendingMutationQueueImplSpec",""
"","1","CancellationException maps to SyncError.Cancelled[jvm]","","2026-07-31","passed","2026-07-31","","SyncErrorClassifierSpec[jvm]","com.georgeci.moneysurfer.sync.internal.SyncErrorClassifierSpec",""
"","23","from wraps single request as merged with one child[jvm]","","2026-07-31","passed","2026-07-31","","MergedSyncRequestSpec[jvm]","com.georgeci.moneysurfer.sync.coordinator.MergedSyncRequestSpec",""
"","30","deleteAll empties the table — the account-scoped wipe[jvm]","","2026-07-31","passed","2026-07-31","","ConfigEntryDaoIntegrationIT[jvm]","com.georgeci.moneysurfer.integration.repository.ConfigEntryDaoIntegrationIT",""
"","6","format large amount[jvm]","","2026-07-31","passed","2026-07-31","","MoneyFormatterTest[jvm]","com.georgeci.moneysurfer.domain.MoneyFormatterTest",""
"","3","isEnabled returns true when firebaseUid is non-empty[jvm]","","2026-07-31","passed","2026-07-31","","OutboxEnqueuerSpec[jvm]","com.georgeci.moneysurfer.data.sync.OutboxEnqueuerSpec",""
"","1","every stale key is queued, not just the first[jvm]","","2026-07-31","passed","2026-07-31","","SyncedSettingsSessionImplJvmTest[jvm]","com.georgeci.moneysurfer.data.config.SyncedSettingsSessionImplJvmTest",""
"","5","each creation generates a fresh workspace id and re-pins the newest one[jvm]","","2026-07-31","passed","2026-07-31","","CreateWorkspaceUseCaseTest[jvm]","com.georgeci.moneysurfer.domain.usecase.CreateWorkspaceUseCaseTest",""
"","16","create and dismiss actions publish their host effects[jvm]","","2026-07-31","passed","2026-07-31","","CategoryChooserViewModelTest[jvm]","com.georgeci.moneysurfer.feature.category.picker.CategoryChooserViewModelTest",""
"","206","with no budgets the card still draws, pointing at the budgets screen[jvm]","","2026-07-31","passed","2026-07-31","","DashboardScreenStateTest[jvm]","com.georgeci.moneysurfer.ui.DashboardScreenStateTest",""
"","15","a weekly rule takes the next of its selected weekdays[jvm]","","2026-07-31","passed","2026-07-31","","UpcomingRecurringTest[jvm]","com.georgeci.moneysurfer.domain.model.UpcomingRecurringTest",""
"","52","income counts in the monthly net and nowhere else[jvm]","","2026-07-31","passed","2026-07-31","","SpendAnalyticsRepositoryImplJvmTest[jvm]","com.georgeci.moneysurfer.data.repository.SpendAnalyticsRepositoryImplJvmTest",""
"","26","reorder syncs only the accounts that actually moved[jvm]","","2026-07-31","passed","2026-07-31","","AccountSortOrderIntegrationIT[jvm]","com.georgeci.moneysurfer.integration.repository.AccountSortOrderIntegrationIT",""
"","29","the category trend counts neither transfer legs nor foreign currency[jvm]","","2026-07-31","passed","2026-07-31","","SpendAnalyticsRepositoryImplJvmTest[jvm]","com.georgeci.moneysurfer.data.repository.SpendAnalyticsRepositoryImplJvmTest",""
"","1","a preset ignores where the pager was left[jvm]","","2026-07-31","passed","2026-07-31","","TransactionFilterMatchingTest[jvm]","com.georgeci.moneysurfer.feature.transaction.filter.TransactionFilterMatchingTest",""
"","16","nobody signed in means no history to fold[jvm]","","2026-07-31","passed","2026-07-31","","GetMonthlyNetHistoryUseCaseTest[jvm]","com.georgeci.moneysurfer.domain.usecase.GetMonthlyNetHistoryUseCaseTest",""
"","5","case-insensitive email match[jvm]","","2026-07-31","passed","2026-07-31","","AcceptInviteUseCaseTest[jvm]","com.georgeci.moneysurfer.domain.usecase.AcceptInviteUseCaseTest",""
"","181","drops BOM artifacts, which ship version constraints and no code[jvm]","","2026-07-31","passed","2026-07-31","","ParseOssLibrariesTest[jvm]","com.georgeci.moneysurfer.feature.settings.about.licenses.ParseOssLibrariesTest",""
"","25","a transfer with only one side filled writes neither leg[jvm]","","2026-07-31","passed","2026-07-31","","TransactionCreationSaveGuardsTest[jvm]","com.georgeci.moneysurfer.feature.transaction.creation.TransactionCreationSaveGuardsTest",""
"","1","ConflictMetadata exposes its fields[jvm]","","2026-07-31","passed","2026-07-31","","ConflictResolverSpec[jvm]","com.georgeci.moneysurfer.sync.repository.ConflictResolverSpec",""
"","14","an unreachable server leaves the mirrored values in place[jvm]","","2026-07-31","passed","2026-07-31","","RemoteGlobalConfigSourceImplSpec[jvm]","com.georgeci.moneysurfer.appconfig.remote.RemoteGlobalConfigSourceImplSpec",""
"","37","switching cadence narrows the window to the ISO week without moving the anchor[jvm]","","2026-07-31","passed","2026-07-31","","InsightsViewModelTest[jvm]","com.georgeci.moneysurfer.feature.insights.InsightsViewModelTest",""
"","45","editing loads the existing budget and updates it in place[jvm]","","2026-07-31","passed","2026-07-31","","BudgetEditViewModelTest[jvm]","com.georgeci.moneysurfer.feature.budget.edit.BudgetEditViewModelTest",""
"","428","searching the currency sheet filters the rows without resizing the list[jvm]","","2026-07-31","passed","2026-07-31","","SurferFormFieldTest[jvm]","com.georgeci.moneysurfer.ui.SurferFormFieldTest",""
"","90","member can read and create a goal","","2026-07-31","passed","2026-07-31","","savings goals (issue #244)","savings goals (issue #244) member can read and create a goal",""
"","17","every concrete Route is registered in navKeySerializersModule[jvm]","","2026-07-31","passed","2026-07-31","","RouteSerializerRegistryTest[jvm]","com.georgeci.moneysurfer.navigation.RouteSerializerRegistryTest",""
"","3","a live workspace maps to a doc with no tombstone[jvm]","","2026-07-31","passed","2026-07-31","","WorkspaceScopedDtoMapperSpec[jvm]","com.georgeci.moneysurfer.data.sync.WorkspaceScopedDtoMapperSpec",""
"","52","online build layer declares every host key[jvm]","","2026-07-31","passed","2026-07-31","","OnlineConfigGraphTest[jvm]","com.georgeci.moneysurfer.di.OnlineConfigGraphTest",""
"","16","round-trip preserves all fields[jvm]","","2026-07-31","passed","2026-07-31","","PendingMutationQueueImplSpec[jvm]","com.georgeci.moneysurfer.data.sync.PendingMutationQueueImplSpec",""
"","26","a contribution whose goal is not here is skipped rather than failing the batch[jvm]","","2026-07-31","passed","2026-07-31","","GoalSyncPluginIT[jvm]","com.georgeci.moneysurfer.integration.plugin.GoalSyncPluginIT",""
"","219","refuses to invent a workspace when none is pinned[jvm]","","2026-07-31","passed","2026-07-31","","DebugDataPrefillerTest[jvm]","com.georgeci.moneysurfer.domain.debug.DebugDataPrefillerTest",""
"","14","the screen opens on what is currently applied, not on a blank slate[jvm]","","2026-07-31","passed","2026-07-31","","TransactionFiltersViewModelTest[jvm]","com.georgeci.moneysurfer.feature.transaction.filters.TransactionFiltersViewModelTest",""
"","10","markCompleted removes rows[jvm]","","2026-07-31","passed","2026-07-31","","PendingMutationQueueImplSpec[jvm]","com.georgeci.moneysurfer.data.sync.PendingMutationQueueImplSpec",""
"","29","a cap of zero creates no budget[jvm]","","2026-07-31","passed","2026-07-31","","CategoryCreationViewModelTest[jvm]","com.georgeci.moneysurfer.feature.category.creation.CategoryCreationViewModelTest",""
"","17","an Undo enqueues an UPDATE that clears the tombstone remotely[jvm]","","2026-07-31","passed","2026-07-31","","TransactionTombstoneSyncIntegrationIT[jvm]","com.georgeci.moneysurfer.integration.sync.TransactionTombstoneSyncIntegrationIT",""
"","4","a payload quoted against a different base is refused[jvm]","","2026-07-31","passed","2026-07-31","","ExchangeRateApiTest[jvm]","com.georgeci.moneysurfer.data.remote.ExchangeRateApiTest",""
"","68","a degraded layer is called out above the rows[jvm]","","2026-07-31","passed","2026-07-31","","DebugConfigScreenStateTest[jvm]","com.georgeci.moneysurfer.ui.DebugConfigScreenStateTest",""
"","1","the chain ends at the current schema version[jvm]","","2026-07-31","passed","2026-07-31","","MigrationChainSpec[jvm]","com.georgeci.moneysurfer.data.db.MigrationChainSpec",""
"","24","rows name their account only where the list mixes several[jvm]","","2026-07-31","passed","2026-07-31","","TransactionsByAccountFilteringTest[jvm]","com.georgeci.moneysurfer.feature.transaction.list.TransactionsByAccountFilteringTest",""
"","7","dismissing a picker changes nothing but the sheet[jvm]","","2026-07-31","passed","2026-07-31","","PreferencesViewModelTest[jvm]","com.georgeci.moneysurfer.feature.settings.preferences.PreferencesViewModelTest",""
"","0","'-5' (negative sign)[jvm]","","2026-07-31","passed","2026-07-31","","AmountInputTransformationTest[jvm]","com.georgeci.moneysurfer.utils.AmountInputTransformationTest",""
"","28","dark scheme: text tokens clear AA on every surface they land on[jvm]","","2026-07-31","passed","2026-07-31","","ColorContrastTest[jvm]","com.georgeci.moneysurfer.uikit.theme.ColorContrastTest",""
"","1","an older remote value loses and the local one is left alone[jvm]","","2026-07-31","passed","2026-07-31","","UserConfigSyncPluginSpec[jvm]","com.georgeci.moneysurfer.data.sync.plugin.UserConfigSyncPluginSpec",""
"","32","an operationDate that is a timestamp, not a date is counted by no aggregate[jvm]","","2026-07-31","passed","2026-07-31","","SpendAnalyticsRepositoryImplJvmTest[jvm]","com.georgeci.moneysurfer.data.repository.SpendAnalyticsRepositoryImplJvmTest",""
"","16","Debug beats Local[jvm]","","2026-07-31","passed","2026-07-31","","LayeredConfigSpec[jvm]","com.georgeci.moneysurfer.appconfig.LayeredConfigSpec",""
"","2","the trend keeps a column for a month nothing was booked in[jvm]","","2026-07-31","passed","2026-07-31","","SpendInsightsTest[jvm]","com.georgeci.moneysurfer.domain.model.SpendInsightsTest",""
"","4","no two migrations start from the same version[jvm]","","2026-07-31","passed","2026-07-31","","MigrationChainSpec[jvm]","com.georgeci.moneysurfer.data.db.MigrationChainSpec",""
"","15","AND-s multiple tokens[jvm]","","2026-07-31","passed","2026-07-31","","TransactionFtsIntegrationIT[jvm]","com.georgeci.moneysurfer.integration.repository.TransactionFtsIntegrationIT",""
"","17","import skips rows whose id already exists locally[jvm]","","2026-07-31","passed","2026-07-31","","ExportImportTransactionsUseCaseTest[jvm]","com.georgeci.moneysurfer.domain.csv.ExportImportTransactionsUseCaseTest",""
"","18","savedAmount is the signed sum of contributions[jvm]","","2026-07-31","passed","2026-07-31","","GoalRepositoryDualWriteSpec[jvm]","com.georgeci.moneysurfer.data.repository.GoalRepositoryDualWriteSpec",""
"","7","credits the developers when the artifact declares no organization[jvm]","","2026-07-31","passed","2026-07-31","","ParseOssLibrariesTest[jvm]","com.georgeci.moneysurfer.feature.settings.about.licenses.ParseOssLibrariesTest",""
"","49","client cannot write app config (Console-only)","","2026-07-31","passed","2026-07-31","","appConfig/{docId}","appConfig/{docId} client cannot write app config (Console-only)",""
"","5","login keeps the session when the bootstrap succeeds[jvm]","","2026-07-31","passed","2026-07-31","","AuthSessionRollbackTest[jvm]","com.georgeci.moneysurfer.domain.usecase.AuthSessionRollbackTest",""
"","246","the type segments ask the view model for the switch rather than deciding on screen[jvm]","","2026-07-31","passed","2026-07-31","","TransactionCreationScreenStateTest[jvm]","com.georgeci.moneysurfer.ui.TransactionCreationScreenStateTest",""
"","59","deleting a parent category moves its children to the root, and undo re-attaches them[jvm]","","2026-07-31","passed","2026-07-31","","DeleteUndoIntegrationIT[jvm]","com.georgeci.moneysurfer.integration.repository.DeleteUndoIntegrationIT",""
"","6","legs of one receipt become a single group holding the whole payment[jvm]","","2026-07-31","passed","2026-07-31","","TransactionSplitGroupTest[jvm]","com.georgeci.moneysurfer.domain.model.TransactionSplitGroupTest",""
"","17","a recovered server clears the degraded flag[jvm]","","2026-07-31","passed","2026-07-31","","RemoteGlobalConfigSourceImplSpec[jvm]","com.georgeci.moneysurfer.appconfig.remote.RemoteGlobalConfigSourceImplSpec",""
"","10","the goals list folds in saved amounts and hides archived goals[jvm]","","2026-07-31","passed","2026-07-31","","SavingsGoalUseCaseTest[jvm]","com.georgeci.moneysurfer.domain.usecase.SavingsGoalUseCaseTest",""
"","3","init for a workspace that is not in the store leaves the form untouched[jvm]","","2026-07-31","passed","2026-07-31","","WorkspaceCreationViewModelTest[jvm]","com.georgeci.moneysurfer.feature.workspace.creation.WorkspaceCreationViewModelTest",""
"","22","paging back a month re-queries the previous window[jvm]","","2026-07-31","passed","2026-07-31","","TransactionsByAccountPeriodTest[jvm]","com.georgeci.moneysurfer.feature.transaction.list.TransactionsByAccountPeriodTest",""
"","35","an Undo built from nothing but the deleted id restores the row and the balance[jvm]","","2026-07-31","passed","2026-07-31","","DeleteUndoIntegrationIT[jvm]","com.georgeci.moneysurfer.integration.repository.DeleteUndoIntegrationIT",""
"","1","the delta is the newest month's net, not the change across the whole window[jvm]","","2026-07-31","passed","2026-07-31","","BalanceTrendTest[jvm]","com.georgeci.moneysurfer.domain.model.BalanceTrendTest",""
"","5","an account whose currency has no rate is listed, never dropped[jvm]","","2026-07-31","passed","2026-07-31","","ConvertAccountsTotalUseCaseTest[jvm]","com.georgeci.moneysurfer.domain.usecase.ConvertAccountsTotalUseCaseTest",""
"","17","a purged row can no longer be restored — the Undo simply finds nothing[jvm]","","2026-07-31","passed","2026-07-31","","TransactionSoftDeleteIntegrationIT[jvm]","com.georgeci.moneysurfer.integration.repository.TransactionSoftDeleteIntegrationIT",""
"","16","tapping a row moves the pending selection without committing it[jvm]","","2026-07-31","passed","2026-07-31","","WorkspaceSelectorViewModelTest[jvm]","com.georgeci.moneysurfer.feature.workspace.selector.WorkspaceSelectorViewModelTest",""
"","23","owner create blocked when clientVersionCode missing","","2026-07-31","passed","2026-07-31","","invites — write","invites — write owner create blocked when clientVersionCode missing",""
"","4","redactUid returns a fixed marker for blank input[jvm]","","2026-07-31","passed","2026-07-31","","PiiRedactionTest[jvm]","com.georgeci.moneysurfer.domain.logging.PiiRedactionTest",""
"","583","export then import restores a deleted transaction and skips the surviving one[jvm]","","2026-07-31","passed","2026-07-31","","CsvBackupIntegrationIT[jvm]","com.georgeci.moneysurfer.integration.repository.CsvBackupIntegrationIT",""
"","3","day sets convert between CSV columns and wire lists[jvm]","","2026-07-31","passed","2026-07-31","","RecurringRuleDtoMapperSpec[jvm]","com.georgeci.moneysurfer.data.sync.RecurringRuleDtoMapperSpec",""
"","115","a month that outspent the last one is labelled as a rise[jvm]","","2026-07-31","passed","2026-07-31","","DashboardScreenStateTest[jvm]","com.georgeci.moneysurfer.ui.DashboardScreenStateTest",""
"","5","enqueueUpsert rejects DELETE operation[jvm]","","2026-07-31","passed","2026-07-31","","OutboxEnqueuerSpec[jvm]","com.georgeci.moneysurfer.data.sync.OutboxEnqueuerSpec",""
"","2","ignores a cancel token that is already cancelled (NoOp does no work)[jvm]","","2026-07-31","passed","2026-07-31","","NoOpRecalculateLocalProjectionsUseCaseSpec[jvm]","com.georgeci.moneysurfer.sync.internal.usecase.NoOpRecalculateLocalProjectionsUseCaseSpec",""
"","20","owner can hard-delete an invite (account-deletion purge)","","2026-07-31","passed","2026-07-31","","invites — update / delete","invites — update / delete owner can hard-delete an invite (account-deletion purge)",""
"","25","an account that a refresh cannot find leaves the slot as it was[jvm]","","2026-07-31","passed","2026-07-31","","TransactionCreationFormTest[jvm]","com.georgeci.moneysurfer.feature.transaction.creation.TransactionCreationFormTest",""
"","24","only expense categories are offered[jvm]","","2026-07-31","passed","2026-07-31","","BudgetEditViewModelTest[jvm]","com.georgeci.moneysurfer.feature.budget.edit.BudgetEditViewModelTest",""
"","23","invitee without email claim can accept via targetUserId branch","","2026-07-31","passed","2026-07-31","","invites — update / delete","invites — update / delete invitee without email claim can accept via targetUserId branch",""
"","61","spending less reads as down, with the direction carrying the sign[jvm]","","2026-07-31","passed","2026-07-31","","DashboardSpentMonthViewModelTest[jvm]","com.georgeci.moneysurfer.feature.dashboard.DashboardSpentMonthViewModelTest",""
"","25","nobody signed in means no figure to print[jvm]","","2026-07-31","passed","2026-07-31","","GetSpentMonthUseCaseTest[jvm]","com.georgeci.moneysurfer.domain.usecase.GetSpentMonthUseCaseTest",""
"","12","the reading is local, not UTC — one instant greets two zones differently[jvm]","","2026-07-31","passed","2026-07-31","","DayPartTest[jvm]","com.georgeci.moneysurfer.domain.model.DayPartTest",""
"","60","compact width presents no navigation suite[jvm]","","2026-07-31","passed","2026-07-31","","NavigationShellTest[jvm]","com.georgeci.moneysurfer.navigation.NavigationShellTest",""
"","0","CategoryDetails[jvm]","","2026-07-31","passed","2026-07-31","","RouteSerializationTest[jvm]","com.georgeci.moneysurfer.navigation.RouteSerializationTest",""
"","206","OnDeleteClick stages a confirmation and OnDeleteConfirm removes the budget[jvm]","","2026-07-31","passed","2026-07-31","","BudgetsViewModelTest[jvm]","com.georgeci.moneysurfer.feature.budget.list.BudgetsViewModelTest",""
"","1","round-trips every variant in the pre-engine wire format[jvm]","","2026-07-31","passed","2026-07-31","","PaletteSourceCodecTest[jvm]","com.georgeci.moneysurfer.data.config.PaletteSourceCodecTest",""
"","70","a file with a foreign header posts InvalidFile and returns to Idle[jvm]","","2026-07-31","passed","2026-07-31","","CsvBackupViewModelTest[jvm]","com.georgeci.moneysurfer.feature.settings.csv.CsvBackupViewModelTest",""
"","7","garbage decodes to the default layout instead of an empty dashboard[jvm]","","2026-07-31","passed","2026-07-31","","DashboardLayoutCodecTest[jvm]","com.georgeci.moneysurfer.data.preferences.DashboardLayoutCodecTest",""
"","6","the trend ignores a row for a month it was not asked about[jvm]","","2026-07-31","passed","2026-07-31","","SpendInsightsTest[jvm]","com.georgeci.moneysurfer.domain.model.SpendInsightsTest",""
"","36","invited user CAN self-create via an email-only invite (legacy, no targetUserId)","","2026-07-31","passed","2026-07-31","","workspaces/{wid}/members/{uid}","workspaces/{wid}/members/{uid} invited user CAN self-create via an email-only invite (legacy, no targetUserId)",""
"","9","cursors are scoped to the active workspace and ordered by collection[jvm]","","2026-07-31","passed","2026-07-31","","SyncViewModelTest[jvm]","com.georgeci.moneysurfer.feature.settings.sync.SyncViewModelTest",""
"","8","a budget the user renamed on the Budgets screen keeps its own name[jvm]","","2026-07-31","passed","2026-07-31","","CategoryCreationViewModelTest[jvm]","com.georgeci.moneysurfer.feature.category.creation.CategoryCreationViewModelTest",""
"","920","unicode passphrases round-trip and are distinct from lookalikes[jvm]","","2026-07-31","passed","2026-07-31","","EncryptedBackupCodecTest[jvm]","com.georgeci.moneysurfer.data.backup.EncryptedBackupCodecTest",""
"","4","a trailing empty variant field reads as no variant at all[jvm]","","2026-07-31","passed","2026-07-31","","DashboardLayoutCodecTest[jvm]","com.georgeci.moneysurfer.data.preferences.DashboardLayoutCodecTest",""
"","7","trims surrounding whitespace[jvm]","","2026-07-31","passed","2026-07-31","","TransactionTagsTest[jvm]","com.georgeci.moneysurfer.domain.model.TransactionTagsTest",""
"","2","CompositeCancelToken cancelled when all children cancelled[jvm]","","2026-07-31","passed","2026-07-31","","SyncCancelTokenSpec[jvm]","com.georgeci.moneysurfer.sync.api.SyncCancelTokenSpec",""
"","1","entries below the first non-pane route are not part of the scaffold[jvm]","","2026-07-31","passed","2026-07-31","","SurferPaneSceneStrategyTest[jvm]","com.georgeci.moneysurfer.navigation.SurferPaneSceneStrategyTest",""
"","3","totals outside the requested window do not reach the trend[jvm]","","2026-07-31","passed","2026-07-31","","CategorySpendHistoryTest[jvm]","com.georgeci.moneysurfer.domain.model.CategorySpendHistoryTest",""
"","2","reader rejects unsupported compression method[jvm]","","2026-07-31","passed","2026-07-31","","ZipStoredCodecTest[jvm]","com.georgeci.moneysurfer.data.backup.ZipStoredCodecTest",""
"","84","an undecodable document is skipped rather than taking the pull down[jvm]","","2026-07-31","passed","2026-07-31","","AccountSyncPluginIT[jvm]","com.georgeci.moneysurfer.integration.plugin.AccountSyncPluginIT",""
"","1","moving a widget down puts it in the slot of the widget it landed on[jvm]","","2026-07-31","passed","2026-07-31","","DashboardLayoutConfigTest[jvm]","com.georgeci.moneysurfer.domain.dashboard.DashboardLayoutConfigTest",""
"","13","the summary covers the period, not the loaded page[jvm]","","2026-07-31","passed","2026-07-31","","TransactionsByAccountPeriodTest[jvm]","com.georgeci.moneysurfer.feature.transaction.list.TransactionsByAccountPeriodTest",""
"","24","a tombstone unlinks the category's transactions before dropping the row[jvm]","","2026-07-31","passed","2026-07-31","","CategorySyncPluginIT[jvm]","com.georgeci.moneysurfer.integration.plugin.CategorySyncPluginIT",""
"","23","the newest point is the balance the caller anchored on[jvm]","","2026-07-31","passed","2026-07-31","","BalanceTrendTest[jvm]","com.georgeci.moneysurfer.domain.model.BalanceTrendTest",""
"","13","a row with no category lands in the uncategorized bucket rather than vanishing[jvm]","","2026-07-31","passed","2026-07-31","","SpendAnalyticsRepositoryImplJvmTest[jvm]","com.georgeci.moneysurfer.data.repository.SpendAnalyticsRepositoryImplJvmTest",""
"","1780","deleting goes through a confirmation that names the transaction[jvm]","","2026-07-31","passed","2026-07-31","","TransactionDetailsScreenStateTest[jvm]","com.georgeci.moneysurfer.ui.TransactionDetailsScreenStateTest",""
"","9","an empty store reports nothing rather than failing[jvm]","","2026-07-31","passed","2026-07-31","","PreferencesMirrorJvmTest[jvm]","com.georgeci.moneysurfer.data.config.PreferencesMirrorJvmTest",""
"","1","merge appends child and unions reasons[jvm]","","2026-07-31","passed","2026-07-31","","MergedSyncRequestSpec[jvm]","com.georgeci.moneysurfer.sync.coordinator.MergedSyncRequestSpec",""
"","44","SimpleCancelToken starts not cancelled[jvm]","","2026-07-31","passed","2026-07-31","","SyncCancelTokenSpec[jvm]","com.georgeci.moneysurfer.sync.api.SyncCancelTokenSpec",""
"","218","a week is labelled by its range and its ISO number[jvm]","","2026-07-31","passed","2026-07-31","","TransactionsListScreenStateTest[jvm]","com.georgeci.moneysurfer.ui.TransactionsListScreenStateTest",""
"","226","the pager states the ISO week and its week-year in Week cadence[jvm]","","2026-07-31","passed","2026-07-31","","InsightsScreenTest[jvm]","com.georgeci.moneysurfer.ui.InsightsScreenTest",""
"","38","imported expense adjusts the cached account balance[jvm]","","2026-07-31","passed","2026-07-31","","CsvBackupIntegrationIT[jvm]","com.georgeci.moneysurfer.integration.repository.CsvBackupIntegrationIT",""
"","101","a closed-set key gets one chip per choice, with the effective value marked[jvm]","","2026-07-31","passed","2026-07-31","","DebugConfigScreenStateTest[jvm]","com.georgeci.moneysurfer.ui.DebugConfigScreenStateTest",""
"","1892","every registered configuration key name is unique across the whole graph[jvm]","","2026-07-31","passed","2026-07-31","","OnlineConfigGraphTest[jvm]","com.georgeci.moneysurfer.di.OnlineConfigGraphTest",""
"","193","a widget with no variants gets a size-only sheet[jvm]","","2026-07-31","passed","2026-07-31","","DashboardCustomizeScreenStateTest[jvm]","com.georgeci.moneysurfer.ui.DashboardCustomizeScreenStateTest",""
"","274","a tablet in landscape puts the sheet beside the hero[jvm]","","2026-07-31","passed","2026-07-31","","SignInResponsiveLayoutTest[jvm]","com.georgeci.moneysurfer.ui.SignInResponsiveLayoutTest",""
"","13","a pristine blank form is invalid without showing a premature required error[jvm]","","2026-07-31","passed","2026-07-31","","AccountCreationStateTest[jvm]","com.georgeci.moneysurfer.feature.account.creation.AccountCreationStateTest",""
"","6","a selection whose category was deleted is dropped rather than saved as a dangling id[jvm]","","2026-07-31","passed","2026-07-31","","BudgetEditViewModelTest[jvm]","com.georgeci.moneysurfer.feature.budget.edit.BudgetEditViewModelTest",""
"","22","an accepted override reaches the inspector and posts no message[jvm]","","2026-07-31","passed","2026-07-31","","DebugConfigViewModelTest[jvm]","com.georgeci.moneysurfer.feature.settings.debug.DebugConfigViewModelTest",""
"","30","member can tombstone a goal via update","","2026-07-31","passed","2026-07-31","","savings goals (issue #244)","savings goals (issue #244) member can tombstone a goal via update",""
"","10","pushAll failure keeps all local rows so a retry can re-push them[jvm]","","2026-07-31","passed","2026-07-31","","CreateWorkspaceUseCaseTest[jvm]","com.georgeci.moneysurfer.domain.usecase.CreateWorkspaceUseCaseTest",""
"","12","an unparseable boolean is undecodable, not false[jvm]","","2026-07-31","passed","2026-07-31","","ConfigCodecSpec[jvm]","com.georgeci.moneysurfer.appconfig.ConfigCodecSpec",""
"","139","a quiet period says so instead of hiding the widget[jvm]","","2026-07-31","passed","2026-07-31","","DashboardInsightsScreenTest[jvm]","com.georgeci.moneysurfer.ui.DashboardInsightsScreenTest",""
"","21","an upsert inserts when the row is new and overwrites when it is not[jvm]","","2026-07-31","passed","2026-07-31","","UserRepositoryImplJvmTest[jvm]","com.georgeci.moneysurfer.data.repository.UserRepositoryImplJvmTest",""
"","7","a newer remote value is adopted and stamped as already pushed[jvm]","","2026-07-31","passed","2026-07-31","","UserConfigSyncPluginSpec[jvm]","com.georgeci.moneysurfer.data.sync.plugin.UserConfigSyncPluginSpec",""
"","56","member can tombstone in transactions","","2026-07-31","passed","2026-07-31","","tombstone update shape (push-side soft delete)","tombstone update shape (push-side soft delete) member can tombstone in transactions",""
"","283","the split editor replaces the grid with its lines and says what is left to assign[jvm]","","2026-07-31","passed","2026-07-31","","TransactionCreationScreenStateTest[jvm]","com.georgeci.moneysurfer.ui.TransactionCreationScreenStateTest",""
"","16","Confirm pins the pending workspace and heads to the dashboard[jvm]","","2026-07-31","passed","2026-07-31","","WorkspaceSelectorViewModelTest[jvm]","com.georgeci.moneysurfer.feature.workspace.selector.WorkspaceSelectorViewModelTest",""
"","6","invalid drag and destructive events are safe no-ops[jvm]","","2026-07-31","passed","2026-07-31","","AccountsManageViewModelTest[jvm]","com.georgeci.moneysurfer.feature.account.manage.AccountsManageViewModelTest",""
"","268","a search that matched nothing offers the search back, not a new transaction[jvm]","","2026-07-31","passed","2026-07-31","","TransactionsListScreenStateTest[jvm]","com.georgeci.moneysurfer.ui.TransactionsListScreenStateTest",""
"","11","the domain's hues are exactly the ones uikit has tints for[jvm]","","2026-07-31","passed","2026-07-31","","CategoryPaletteParityTest[jvm]","com.georgeci.moneysurfer.feature.category.CategoryPaletteParityTest",""
"","20","setActive on a budget that is gone is a no-op rather than a failure[jvm]","","2026-07-31","passed","2026-07-31","","BudgetRepositoryImplJvmTest[jvm]","com.georgeci.moneysurfer.data.repository.BudgetRepositoryImplJvmTest",""
"","229","tapping a budget row asks for that budget[jvm]","","2026-07-31","passed","2026-07-31","","DashboardScreenStateTest[jvm]","com.georgeci.moneysurfer.ui.DashboardScreenStateTest",""
"","25","accepts a correctly-typed transaction","","2026-07-31","passed","2026-07-31","","entity write-shape validation (issue #156)","entity write-shape validation (issue #156) accepts a correctly-typed transaction",""
"","0","a period nothing is budgeted on leaves the largest limit speaking[jvm]","","2026-07-31","passed","2026-07-31","","SafeToSpendTest[jvm]","com.georgeci.moneysurfer.domain.model.SafeToSpendTest",""
"","22","export click requests a save file with a csv filename[jvm]","","2026-07-31","passed","2026-07-31","","CsvBackupViewModelTest[jvm]","com.georgeci.moneysurfer.feature.settings.csv.CsvBackupViewModelTest",""
"","1","a user id with no matching row still falls back to the email[jvm]","","2026-07-31","passed","2026-07-31","","ShellIdentityTest[jvm]","com.georgeci.moneysurfer.navigation.ShellIdentityTest",""
"","20","accepts a value at exactly 1024 characters","","2026-07-31","passed","2026-07-31","","users/{uid}/config/{key}","users/{uid}/config/{key} accepts a value at exactly 1024 characters",""
"","38","the result count is a real count over the draft, updated as it changes[jvm]","","2026-07-31","passed","2026-07-31","","TransactionFiltersViewModelTest[jvm]","com.georgeci.moneysurfer.feature.transaction.filters.TransactionFiltersViewModelTest",""
"","19","a non-denial failure in the user-scoped phase still fails the pull[jvm]","","2026-07-31","passed","2026-07-31","","PullRemoteChangesUseCaseImplSpec[jvm]","com.georgeci.moneysurfer.data.sync.PullRemoteChangesUseCaseImplSpec",""
"","283","an empty workspace still renders every section, with explicit empty states[jvm]","","2026-07-31","passed","2026-07-31","","SyncScreenStateTest[jvm]","com.georgeci.moneysurfer.ui.SyncScreenStateTest",""
"","29","a cap zeroed out on an existing category deletes the backing budget[jvm]","","2026-07-31","passed","2026-07-31","","CategoryCreationViewModelTest[jvm]","com.georgeci.moneysurfer.feature.category.creation.CategoryCreationViewModelTest",""
"","1","a goal contribution defaults to adding money[jvm]","","2026-07-31","passed","2026-07-31","","RouteSerializationTest[jvm]","com.georgeci.moneysurfer.navigation.RouteSerializationTest",""
"","6","reaching the target flips ACTIVE to COMPLETED[jvm]","","2026-07-31","passed","2026-07-31","","GoalContributionUseCaseTest[jvm]","com.georgeci.moneysurfer.domain.usecase.GoalContributionUseCaseTest",""
"","7","two budgets on one category take the control read-only, naming the older one[jvm]","","2026-07-31","passed","2026-07-31","","CategoryCapCoverageTest[jvm]","com.georgeci.moneysurfer.domain.model.CategoryCapCoverageTest",""
"","13","unknown frequency and policy names degrade to the defaults[jvm]","","2026-07-31","passed","2026-07-31","","RecurringRuleRepositoryImplJvmTest[jvm]","com.georgeci.moneysurfer.data.repository.RecurringRuleRepositoryImplJvmTest",""
"","76","a stored value reads back[jvm]","","2026-07-31","passed","2026-07-31","","DesktopFirebasePlatformJvmTest[jvm]","com.georgeci.moneysurfer.data.remote.DesktopFirebasePlatformJvmTest",""
"","77","a goal is pushed to the workspace's goals collection[jvm]","","2026-07-31","passed","2026-07-31","","GoalSyncPluginIT[jvm]","com.georgeci.moneysurfer.integration.plugin.GoalSyncPluginIT",""
"","8","a real user logs out immediately without a warning[jvm]","","2026-07-31","passed","2026-07-31","","SettingsLogoutViewModelTest[jvm]","com.georgeci.moneysurfer.feature.settings.SettingsLogoutViewModelTest",""
"","6","deleting a goal that does not exist is a no-op[jvm]","","2026-07-31","passed","2026-07-31","","GoalRepositoryDualWriteSpec[jvm]","com.georgeci.moneysurfer.data.repository.GoalRepositoryDualWriteSpec",""
"","15","save shows a created snackbar carrying the account name[jvm]","","2026-07-31","passed","2026-07-31","","AccountCreationViewModelTest[jvm]","com.georgeci.moneysurfer.feature.account.creation.AccountCreationViewModelTest",""
"","7","a subtree deeper than the indent cap is still rendered, just not indented further[jvm]","","2026-07-31","passed","2026-07-31","","CategoryTreeTest[jvm]","com.georgeci.moneysurfer.domain.model.CategoryTreeTest",""
"","6","sanitize preserves an empty field[jvm]","","2026-07-31","passed","2026-07-31","","InitialBalanceInputTest[jvm]","com.georgeci.moneysurfer.feature.account.creation.InitialBalanceInputTest",""
"","308","tapping a preset asks for it rather than applying it on the spot[jvm]","","2026-07-31","passed","2026-07-31","","TransactionFiltersScreenStateTest[jvm]","com.georgeci.moneysurfer.ui.TransactionFiltersScreenStateTest",""
"","632","the reorder hint appears only once there are two widgets to reorder[jvm]","","2026-07-31","passed","2026-07-31","","DashboardCustomizeScreenStateTest[jvm]","com.georgeci.moneysurfer.ui.DashboardCustomizeScreenStateTest",""
"","9","DELETE mutation persists and is readable[jvm]","","2026-07-31","passed","2026-07-31","","PendingMutationQueueImplSpec[jvm]","com.georgeci.moneysurfer.data.sync.PendingMutationQueueImplSpec",""
"","0","a weekly or yearly limit is a different quantity, so neither caps a month[jvm]","","2026-07-31","passed","2026-07-31","","BurnRateTest[jvm]","com.georgeci.moneysurfer.domain.model.BurnRateTest",""
"","8","a double tap on the CTA only finishes the onboarding once[jvm]","","2026-07-31","passed","2026-07-31","","OnboardingViewModelTest[jvm]","com.georgeci.moneysurfer.feature.login.onboarding.OnboardingViewModelTest",""
"","7","a zero cap reads as no progress rather than a divide by zero[jvm]","","2026-07-31","passed","2026-07-31","","SpentByCategoryTest[jvm]","com.georgeci.moneysurfer.domain.model.SpentByCategoryTest",""
"","75","the registry receives every registered group[jvm]","","2026-07-31","passed","2026-07-31","","OnlineConfigGraphTest[jvm]","com.georgeci.moneysurfer.di.OnlineConfigGraphTest",""
"","2","throwIfCancelled throws when cancelled[jvm]","","2026-07-31","passed","2026-07-31","","SyncCancelTokenSpec[jvm]","com.georgeci.moneysurfer.sync.api.SyncCancelTokenSpec",""
"","84","pushing a workspace registers its ref on the user document[jvm]","","2026-07-31","passed","2026-07-31","","WorkspaceTreeSyncPluginIT[jvm]","com.georgeci.moneysurfer.integration.plugin.WorkspaceTreeSyncPluginIT",""
"","16","insert in a demo session writes DAO but skips the outbox[jvm]","","2026-07-31","passed","2026-07-31","","GoalRepositoryDualWriteSpec[jvm]","com.georgeci.moneysurfer.data.repository.GoalRepositoryDualWriteSpec",""
"","8","appends a prefix wildcard to every token[jvm]","","2026-07-31","passed","2026-07-31","","FtsQueryTest[jvm]","com.georgeci.moneysurfer.data.db.FtsQueryTest",""
"","21","reports Missing when the category is not in the workspace[jvm]","","2026-07-31","passed","2026-07-31","","CategoryDetailsViewModelTest[jvm]","com.georgeci.moneysurfer.feature.category.details.CategoryDetailsViewModelTest",""
"","10","a transfer leg is filterable and marked as a transfer on the row[jvm]","","2026-07-31","passed","2026-07-31","","TransactionsByAccountFilteringTest[jvm]","com.georgeci.moneysurfer.feature.transaction.list.TransactionsByAccountFilteringTest",""
"","146","save with non-zero balance also creates an OPENING_BALANCE transaction in the selected currency[jvm]","","2026-07-31","passed","2026-07-31","","AccountCreationViewModelTest[jvm]","com.georgeci.moneysurfer.feature.account.creation.AccountCreationViewModelTest",""
"","4","rows for other accounts and non-actual rows leave the curve flat[jvm]","","2026-07-31","passed","2026-07-31","","AccountBalanceSeriesTest[jvm]","com.georgeci.moneysurfer.domain.model.AccountBalanceSeriesTest",""
"","148","a rise maps to the warning sentence, with both amounts formatted in the base currency[jvm]","","2026-07-31","passed","2026-07-31","","DashboardInsightsViewModelTest[jvm]","com.georgeci.moneysurfer.feature.dashboard.DashboardInsightsViewModelTest",""
"","19","a reset whose cancel never lands still clears the cursors rather than dropping the action[jvm]","","2026-07-31","passed","2026-07-31","","SyncViewModelTest[jvm]","com.georgeci.moneysurfer.feature.settings.sync.SyncViewModelTest",""
"","1","a stale selected id keeps the count but has no resolved name[jvm]","","2026-07-31","passed","2026-07-31","","TransactionsListMappingTest[jvm]","com.georgeci.moneysurfer.feature.transaction.list.TransactionsListMappingTest",""
"","17","the row actions each navigate to their own screen[jvm]","","2026-07-31","passed","2026-07-31","","WorkspaceSelectorViewModelTest[jvm]","com.georgeci.moneysurfer.feature.workspace.selector.WorkspaceSelectorViewModelTest",""
"","8","wrong password aborts before shutdown and cleanup[jvm]","","2026-07-31","passed","2026-07-31","","DeleteUserAccountUseCaseTest[jvm]","com.georgeci.moneysurfer.domain.usecase.DeleteUserAccountUseCaseTest",""
"","0","'42.' -> '42.'[jvm]","","2026-07-31","passed","2026-07-31","","AmountInputTransformationTest[jvm]","com.georgeci.moneysurfer.utils.AmountInputTransformationTest",""
"","46","saving an edit to a row deleted underneath it restores the row instead of colliding[jvm]","","2026-07-31","passed","2026-07-31","","TransactionSoftDeleteIntegrationIT[jvm]","com.georgeci.moneysurfer.integration.repository.TransactionSoftDeleteIntegrationIT",""
"","25","a stringified console boolean decodes whatever its casing[jvm]","","2026-07-31","passed","2026-07-31","","RemoteGlobalConfigSourceImplSpec[jvm]","com.georgeci.moneysurfer.appconfig.remote.RemoteGlobalConfigSourceImplSpec",""
"","28","filter changes are retained in content state[jvm]","","2026-07-31","passed","2026-07-31","","AccountDetailsViewModelTest[jvm]","com.georgeci.moneysurfer.feature.account.details.AccountDetailsViewModelTest",""
"","26","a fresh store holds nothing, so the layer resolves absent for every key[jvm]","","2026-07-31","passed","2026-07-31","","DebugConfigSourceImplJvmTest[jvm]","com.georgeci.moneysurfer.data.config.DebugConfigSourceImplJvmTest",""
"","33","clearing from the empty state drops the filters and the search text together[jvm]","","2026-07-31","passed","2026-07-31","","TransactionsByAccountFilteringTest[jvm]","com.georgeci.moneysurfer.feature.transaction.list.TransactionsByAccountFilteringTest",""
"","7","answers null while nobody is signed in[jvm]","","2026-07-31","passed","2026-07-31","","GetCurrentWorkspaceUseCaseTest[jvm]","com.georgeci.moneysurfer.domain.usecase.GetCurrentWorkspaceUseCaseTest",""
"","47","save stays disabled until both a title and a positive target are entered[jvm]","","2026-07-31","passed","2026-07-31","","GoalEditViewModelTest[jvm]","com.georgeci.moneysurfer.feature.goal.edit.GoalEditViewModelTest",""
"","6","cancelCurrent terminates running with Cancelled[jvm]","","2026-07-31","passed","2026-07-31","","SyncCoordinatorImplSpec[jvm]","com.georgeci.moneysurfer.sync.coordinator.SyncCoordinatorImplSpec",""
"","0","two budgets created at the same instant break the tie by id, so the notice is stable[jvm]","","2026-07-31","passed","2026-07-31","","CategoryCapCoverageTest[jvm]","com.georgeci.moneysurfer.domain.model.CategoryCapCoverageTest",""
"","1","a signed-out session names neither line[jvm]","","2026-07-31","passed","2026-07-31","","ShellIdentityTest[jvm]","com.georgeci.moneysurfer.navigation.ShellIdentityTest",""
"","9","editing a workspace that vanished underneath the form reports the generic error[jvm]","","2026-07-31","passed","2026-07-31","","WorkspaceCreationViewModelTest[jvm]","com.georgeci.moneysurfer.feature.workspace.creation.WorkspaceCreationViewModelTest",""
"","11","dragging a widget onto a row in the other section moves it there[jvm]","","2026-07-31","passed","2026-07-31","","DashboardCustomizeViewModelTest[jvm]","com.georgeci.moneysurfer.feature.dashboard.customize.DashboardCustomizeViewModelTest",""
"","148","every column is announced as its label and its value[jvm]","","2026-07-31","passed","2026-07-31","","SurferBarColumnsTest[jvm]","com.georgeci.moneysurfer.ui.SurferBarColumnsTest",""
"","15","insert with unknown workspaceId is allowed (no FK on workspace_invites.workspaceId)[jvm]","","2026-07-31","passed","2026-07-31","","WorkspaceInviteRepositoryIntegrationIT[jvm]","com.georgeci.moneysurfer.integration.repository.WorkspaceInviteRepositoryIntegrationIT",""
"","13","no pinned user goes to sign-in[jvm]","","2026-07-31","passed","2026-07-31","","StartRouteTest[jvm]","com.georgeci.moneysurfer.navigation.StartRouteTest",""
"","214","deleting from edit mode removes the row, refunds the balance and offers undo[jvm]","","2026-07-31","passed","2026-07-31","","TransactionCreationEditTest[jvm]","com.georgeci.moneysurfer.feature.transaction.creation.TransactionCreationEditTest",""
"","2","rejects invalid email[jvm]","","2026-07-31","passed","2026-07-31","","SendInviteUseCaseTest[jvm]","com.georgeci.moneysurfer.domain.usecase.SendInviteUseCaseTest",""
"","77","the uncategorized bucket is named by the screen, not left blank[jvm]","","2026-07-31","passed","2026-07-31","","InsightsScreenTest[jvm]","com.georgeci.moneysurfer.ui.InsightsScreenTest",""
"","96","an expense names its account, merchant, category and reference[jvm]","","2026-07-31","passed","2026-07-31","","TransactionDetailsScreenStateTest[jvm]","com.georgeci.moneysurfer.ui.TransactionDetailsScreenStateTest",""
"","30","a month with no spend behind it is no baseline, so no delta is claimed[jvm]","","2026-07-31","passed","2026-07-31","","GetSpentMonthUseCaseTest[jvm]","com.georgeci.moneysurfer.domain.usecase.GetSpentMonthUseCaseTest",""
"","66","save persists the filled extra details and drops the ones left empty[jvm]","","2026-07-31","passed","2026-07-31","","AccountCreationViewModelTest[jvm]","com.georgeci.moneysurfer.feature.account.creation.AccountCreationViewModelTest",""
"","426","installing twice does not stack uid collectors[jvm]","","2026-07-31","passed","2026-07-31","","CrashReportingTest[jvm]","com.georgeci.moneysurfer.domain.telemetry.CrashReportingTest",""
"","8","the cap control is hidden for income categories and a switch to income drops the budget[jvm]","","2026-07-31","passed","2026-07-31","","CategoryCreationViewModelTest[jvm]","com.georgeci.moneysurfer.feature.category.creation.CategoryCreationViewModelTest",""
"","18","editing updates the workspace in place instead of creating a second one[jvm]","","2026-07-31","passed","2026-07-31","","WorkspaceCreationViewModelTest[jvm]","com.georgeci.moneysurfer.feature.workspace.creation.WorkspaceCreationViewModelTest",""
"","22","a custom field is stored under the name the user typed[jvm]","","2026-07-31","passed","2026-07-31","","AccountCreationViewModelTest[jvm]","com.georgeci.moneysurfer.feature.account.creation.AccountCreationViewModelTest",""
"","1","with no rates cached only the base-currency accounts fold in[jvm]","","2026-07-31","passed","2026-07-31","","ConvertAccountsTotalUseCaseTest[jvm]","com.georgeci.moneysurfer.domain.usecase.ConvertAccountsTotalUseCaseTest",""
"","19","a rename reaches the toolbar without the screen re-subscribing[jvm]","","2026-07-31","passed","2026-07-31","","DashboardViewModelTest[jvm]","com.georgeci.moneysurfer.feature.dashboard.DashboardViewModelTest",""
"","9","markSuccess preserves cursor[jvm]","","2026-07-31","passed","2026-07-31","","SyncMetaRepositoryImplSpec[jvm]","com.georgeci.moneysurfer.data.sync.SyncMetaRepositoryImplSpec",""
"","3","clearAll wipes outbox before sync_meta[jvm]","","2026-07-31","passed","2026-07-31","","RemoteDataResetRepositoryImplSpec[jvm]","com.georgeci.moneysurfer.sync.repository.RemoteDataResetRepositoryImplSpec",""
"","3","GoalEdit[jvm]","","2026-07-31","passed","2026-07-31","","RouteSerializationTest[jvm]","com.georgeci.moneysurfer.navigation.RouteSerializationTest",""
"","101","a key that is not remoteOverridable is ignored and never mirrored[jvm]","","2026-07-31","passed","2026-07-31","","RemoteGlobalConfigSourceImplSpec[jvm]","com.georgeci.moneysurfer.appconfig.remote.RemoteGlobalConfigSourceImplSpec",""
"","1","split_id is absent from every layout that predates splits[jvm]","","2026-07-31","passed","2026-07-31","","TransactionCsvCodecTest[jvm]","com.georgeci.moneysurfer.domain.csv.TransactionCsvCodecTest",""
"","0","moving a widget onto a switched-off one switches it off, in that slot[jvm]","","2026-07-31","passed","2026-07-31","","DashboardLayoutConfigTest[jvm]","com.georgeci.moneysurfer.domain.dashboard.DashboardLayoutConfigTest",""
"","6","monthly cap is shown for expenses but hidden for income[jvm]","","2026-07-31","passed","2026-07-31","","CategoryCreationStateTest[jvm]","com.georgeci.moneysurfer.feature.category.creation.CategoryCreationStateTest",""
"","10","an update replaces the display name of an existing row[jvm]","","2026-07-31","passed","2026-07-31","","UserRepositoryImplJvmTest[jvm]","com.georgeci.moneysurfer.data.repository.UserRepositoryImplJvmTest",""
"","26","a write is readable through peek the moment it returns[jvm]","","2026-07-31","passed","2026-07-31","","LocalConfigSourceImplJvmTest[jvm]","com.georgeci.moneysurfer.data.config.LocalConfigSourceImplJvmTest",""
"","78","the recent list is capped at five rows[jvm]","","2026-07-31","passed","2026-07-31","","DashboardViewModelTest[jvm]","com.georgeci.moneysurfer.feature.dashboard.DashboardViewModelTest",""
"","6","isEnabled returns false when app version is Unsupported[jvm]","","2026-07-31","passed","2026-07-31","","OutboxEnqueuerSpec[jvm]","com.georgeci.moneysurfer.data.sync.OutboxEnqueuerSpec",""
"","29","an edit shows the updated snackbar, not the created one[jvm]","","2026-07-31","passed","2026-07-31","","AccountCreationViewModelTest[jvm]","com.georgeci.moneysurfer.feature.account.creation.AccountCreationViewModelTest",""
"","17","a synced write stamps updatedAt and queues exactly one push[jvm]","","2026-07-31","passed","2026-07-31","","LocalConfigSourceImplJvmTest[jvm]","com.georgeci.moneysurfer.data.config.LocalConfigSourceImplJvmTest",""
"","18","picking a category for a line leaves the form's own category alone[jvm]","","2026-07-31","passed","2026-07-31","","TransactionCreationSplitTest[jvm]","com.georgeci.moneysurfer.feature.transaction.creation.TransactionCreationSplitTest",""
"","9","no remote calls when no Firebase uid (demo session)[jvm]","","2026-07-31","passed","2026-07-31","","CreateWorkspaceUseCaseTest[jvm]","com.georgeci.moneysurfer.domain.usecase.CreateWorkspaceUseCaseTest",""
"","4","the header toggle flips between the two variants[jvm]","","2026-07-31","passed","2026-07-31","","CategoryChooserViewModelTest[jvm]","com.georgeci.moneysurfer.feature.category.picker.CategoryChooserViewModelTest",""
"","12","a newer published build is offered, not enforced[jvm]","","2026-07-31","passed","2026-07-31","","AppVersionGateImplTest[jvm]","com.georgeci.moneysurfer.data.repository.AppVersionGateImplTest",""
"","9","preserves the order the user typed[jvm]","","2026-07-31","passed","2026-07-31","","TransactionTagsTest[jvm]","com.georgeci.moneysurfer.domain.model.TransactionTagsTest",""
"","31","a member survives the round trip; the workspace comes from the path, not the doc[jvm]","","2026-07-31","passed","2026-07-31","","MembershipDtoMapperSpec[jvm]","com.georgeci.moneysurfer.data.sync.MembershipDtoMapperSpec",""
"","126","an account this device has never seen is inserted from the document[jvm]","","2026-07-31","passed","2026-07-31","","AccountSyncPluginIT[jvm]","com.georgeci.moneysurfer.integration.plugin.AccountSyncPluginIT",""
"","137","with nothing priceable in the base currency the headline is still a balance, not the empty state[jvm]","","2026-07-31","passed","2026-07-31","","DashboardBalanceViewModelTest[jvm]","com.georgeci.moneysurfer.feature.dashboard.DashboardBalanceViewModelTest",""
"","0","set merge picks smallest bounded timeout[jvm]","","2026-07-31","passed","2026-07-31","","NetworkWaitModeSpec[jvm]","com.georgeci.moneysurfer.sync.network.NetworkWaitModeSpec",""
"","53","existing user with explicit defaultWorkspaceId is preserved[jvm]","","2026-07-31","passed","2026-07-31","","PostAuthBootstrapUseCaseTest[jvm]","com.georgeci.moneysurfer.domain.usecase.PostAuthBootstrapUseCaseTest",""
"","16","the baseline never spills past the end of its own month[jvm]","","2026-07-31","passed","2026-07-31","","GenerateInsightsUseCaseTest[jvm]","com.georgeci.moneysurfer.domain.usecase.GenerateInsightsUseCaseTest",""
"","3","does not create a second workspace when one is already pinned[jvm]","","2026-07-31","passed","2026-07-31","","SeedDefaultsUseCaseTest[jvm]","com.georgeci.moneysurfer.domain.usecase.SeedDefaultsUseCaseTest",""
"","22","member can get the workspace doc","","2026-07-31","passed","2026-07-31","","workspaces/{wid}","workspaces/{wid} member can get the workspace doc",""
"","3","a doc with no deletedAt decodes to a live row[jvm]","","2026-07-31","passed","2026-07-31","","TransactionDtoMapperSpec[jvm]","com.georgeci.moneysurfer.data.sync.TransactionDtoMapperSpec",""
"","15","a blank accountId decodes to null[jvm]","","2026-07-31","passed","2026-07-31","","GoalDtoMapperSpec[jvm]","com.georgeci.moneysurfer.data.sync.GoalDtoMapperSpec",""
"","41","invitee can accept even if parent workspace doc is missing on Firestore","","2026-07-31","passed","2026-07-31","","invites — update / delete","invites — update / delete invitee can accept even if parent workspace doc is missing on Firestore",""
"","3","markCompleted deletes rows; empty list is a no-op[jvm]","","2026-07-31","passed","2026-07-31","","PendingMutationQueueImplSpec[jvm]","com.georgeci.moneysurfer.sync.internal.repository.PendingMutationQueueImplSpec",""
"","262","the index the list query relies on is created with the column[jvm]","","2026-07-31","passed","2026-07-31","","TransactionSplitIdMigrationIT[jvm]","com.georgeci.moneysurfer.integration.repository.TransactionSplitIdMigrationIT",""
"","4","respanning a widget leaves its slot, its style and its neighbours alone[jvm]","","2026-07-31","passed","2026-07-31","","DashboardLayoutConfigTest[jvm]","com.georgeci.moneysurfer.domain.dashboard.DashboardLayoutConfigTest",""
"","11","replaceAll drops keys the new payload omits[jvm]","","2026-07-31","passed","2026-07-31","","RemoteConfigMirrorImplJvmTest[jvm]","com.georgeci.moneysurfer.data.config.RemoteConfigMirrorImplJvmTest",""
"","6","sync is refused once the build is unsupported[jvm]","","2026-07-31","passed","2026-07-31","","AppVersionGateImplTest[jvm]","com.georgeci.moneysurfer.data.repository.AppVersionGateImplTest",""
"","31","the healthy workspace alongside it stays readable","","2026-07-31","passed","2026-07-31","","dangling users/{uid}.workspaceIds refs","dangling users/{uid}.workspaceIds refs the healthy workspace alongside it stays readable",""
"","171","an overspent category states the cap it passed rather than reading as headroom[jvm]","","2026-07-31","passed","2026-07-31","","DashboardScreenStateTest[jvm]","com.georgeci.moneysurfer.ui.DashboardScreenStateTest",""
"","8","Idle is a singleton object[jvm]","","2026-07-31","passed","2026-07-31","","SyncStateSpec[jvm]","com.georgeci.moneysurfer.sync.api.SyncStateSpec",""
"","15","the trend always spans the full six-month window[jvm]","","2026-07-31","passed","2026-07-31","","CategoryDetailsViewModelTest[jvm]","com.georgeci.moneysurfer.feature.category.details.CategoryDetailsViewModelTest",""
"","2","deleting one leg of a transfer takes the other with it[jvm]","","2026-07-31","passed","2026-07-31","","DeleteTransactionUseCaseTest[jvm]","com.georgeci.moneysurfer.domain.usecase.DeleteTransactionUseCaseTest",""
"","16","a budget naming other categories too takes the control read-only[jvm]","","2026-07-31","passed","2026-07-31","","CategoryCapCoverageTest[jvm]","com.georgeci.moneysurfer.domain.model.CategoryCapCoverageTest",""
"","4","the same entity id under two workspaces queues both[jvm]","","2026-07-31","passed","2026-07-31","","PendingMutationQueueIntegrationIT[jvm]","com.georgeci.moneysurfer.integration.sync.PendingMutationQueueIntegrationIT",""
"","3","negative balances convert too — an overdraft is still part of the total[jvm]","","2026-07-31","passed","2026-07-31","","ConvertAccountsTotalUseCaseTest[jvm]","com.georgeci.moneysurfer.domain.usecase.ConvertAccountsTotalUseCaseTest",""
"","584","the top bar's two actions are Close and Save[jvm]","","2026-07-31","passed","2026-07-31","","TransactionCreationScreenStateTest[jvm]","com.georgeci.moneysurfer.ui.TransactionCreationScreenStateTest",""
"","1","a rule that has not started yet is dated from its start[jvm]","","2026-07-31","passed","2026-07-31","","UpcomingRecurringTest[jvm]","com.georgeci.moneysurfer.domain.model.UpcomingRecurringTest",""
"","0","'1.999' (three decimal digits)[jvm]","","2026-07-31","passed","2026-07-31","","AmountInputTransformationTest[jvm]","com.georgeci.moneysurfer.utils.AmountInputTransformationTest",""
"","21","the layer is always Build[jvm]","","2026-07-31","passed","2026-07-31","","BuildConfigSourceSpec[jvm]","com.georgeci.moneysurfer.appconfig.BuildConfigSourceSpec",""
"","24","a goal round-trips through the wire format[jvm]","","2026-07-31","passed","2026-07-31","","GoalDtoMapperSpec[jvm]","com.georgeci.moneysurfer.data.sync.GoalDtoMapperSpec",""
"","20","user without an email claim (e.g. anonymous) cannot write","","2026-07-31","passed","2026-07-31","","userEmails/{email}","userEmails/{email} user without an email claim (e.g. anonymous) cannot write",""
"","10","pushes to Firestore and updates user ref + default when Firebase uid present[jvm]","","2026-07-31","passed","2026-07-31","","CreateWorkspaceUseCaseTest[jvm]","com.georgeci.moneysurfer.domain.usecase.CreateWorkspaceUseCaseTest",""
"","11","income signs its amount with a plus and carries no transfer[jvm]","","2026-07-31","passed","2026-07-31","","TransactionDetailsViewModelTest[jvm]","com.georgeci.moneysurfer.feature.transaction.details.TransactionDetailsViewModelTest",""
"","12","the overlay outranks Local, so the UI keeps its value after the account wipe[jvm]","","2026-07-31","passed","2026-07-31","","LayeredConfigSpec[jvm]","com.georgeci.moneysurfer.appconfig.LayeredConfigSpec",""
"","3","propagates a failure so the outbox retries the push[jvm]","","2026-07-31","passed","2026-07-31","","WorkspaceRefRegistrarSpec[jvm]","com.georgeci.moneysurfer.data.sync.WorkspaceRefRegistrarSpec",""
"","0","all time is unbounded and contains everything[jvm]","","2026-07-31","passed","2026-07-31","","TransactionPeriodWindowTest[jvm]","com.georgeci.moneysurfer.domain.util.TransactionPeriodWindowTest",""
"","20","stranger cannot transition someone else's invite","","2026-07-31","passed","2026-07-31","","invites — update / delete","invites — update / delete stranger cannot transition someone else's invite",""
"","6","the amount field spells a whole number without its trailing zeros[jvm]","","2026-07-31","passed","2026-07-31","","TransactionCreationMappingTest[jvm]","com.georgeci.moneysurfer.feature.transaction.creation.TransactionCreationMappingTest",""
"","6","a window of no months is rejected rather than queried between missing ends[jvm]","","2026-07-31","passed","2026-07-31","","GetMonthlyNetHistoryUseCaseTest[jvm]","com.georgeci.moneysurfer.domain.usecase.GetMonthlyNetHistoryUseCaseTest",""
"","0","onSyncCompleted is callable[jvm]","","2026-07-31","passed","2026-07-31","","SyncTelemetryNoOpSpec[jvm]","com.georgeci.moneysurfer.sync.telemetry.SyncTelemetryNoOpSpec",""
"","4","first pull starts from cursor 0 and advances the cursor to the newest doc[jvm]","","2026-07-31","passed","2026-07-31","","PullRemoteChangesUseCaseImplSpec[jvm]","com.georgeci.moneysurfer.data.sync.PullRemoteChangesUseCaseImplSpec",""
"","1","a blank status falls back to ACTIVE rather than an unparseable enum name[jvm]","","2026-07-31","passed","2026-07-31","","GoalDtoMapperSpec[jvm]","com.georgeci.moneysurfer.data.sync.GoalDtoMapperSpec",""
"","57","rejects a poison update of an existing budget (alertPercent as string)","","2026-07-31","passed","2026-07-31","","entity write-shape validation (issue #156)","entity write-shape validation (issue #156) rejects a poison update of an existing budget (alertPercent as string)",""
"","5","email mapping pointing at a different uid is preserved[jvm]","","2026-07-31","passed","2026-07-31","","UserAccountDeletionRepositoryImplTest[jvm]","com.georgeci.moneysurfer.data.repository.UserAccountDeletionRepositoryImplTest",""
"","2","the chain is contiguous from the release baseline to the current schema[jvm]","","2026-07-31","passed","2026-07-31","","MigrationChainSpec[jvm]","com.georgeci.moneysurfer.data.db.MigrationChainSpec",""
"","1","move expense from A to B unwinds A and applies B[jvm]","","2026-07-31","passed","2026-07-31","","CalculateBalanceDeltaTest[jvm]","com.georgeci.moneysurfer.domain.model.CalculateBalanceDeltaTest",""
"","50","first-run save adopts the picked currency as the workspace base currency and lands on Dashboard[jvm]","","2026-07-31","passed","2026-07-31","","AccountCreationViewModelTest[jvm]","com.georgeci.moneysurfer.feature.account.creation.AccountCreationViewModelTest",""
"","7","a workspace full of budgets that miss this category still leaves the control free[jvm]","","2026-07-31","passed","2026-07-31","","CategoryCapCoverageTest[jvm]","com.georgeci.moneysurfer.domain.model.CategoryCapCoverageTest",""
"","22","a replaced value is readable through raw the moment replaceAll returns[jvm]","","2026-07-31","passed","2026-07-31","","RemoteConfigMirrorImplJvmTest[jvm]","com.georgeci.moneysurfer.data.config.RemoteConfigMirrorImplJvmTest",""
"","12","update preserves createdAt and enqueues UPDATE[jvm]","","2026-07-31","passed","2026-07-31","","GoalRepositoryDualWriteSpec[jvm]","com.georgeci.moneysurfer.data.repository.GoalRepositoryDualWriteSpec",""
"","6","a host can declare that the user has to reopen the app[jvm]","","2026-07-31","passed","2026-07-31","","AppRestarterTest[jvm]","com.georgeci.moneysurfer.domain.backup.AppRestarterTest",""
"","4","a withdrawal down to exactly zero is allowed[jvm]","","2026-07-31","passed","2026-07-31","","GoalContributionUseCaseTest[jvm]","com.georgeci.moneysurfer.domain.usecase.GoalContributionUseCaseTest",""
"","25","a soft delete enqueues one DELETE mutation, scoped to the workspace[jvm]","","2026-07-31","passed","2026-07-31","","TransactionTombstoneSyncIntegrationIT[jvm]","com.georgeci.moneysurfer.integration.sync.TransactionTombstoneSyncIntegrationIT",""
"","31","Today puts the form back on the current date and unpins the stored one[jvm]","","2026-07-31","passed","2026-07-31","","TransactionCreationFormTest[jvm]","com.georgeci.moneysurfer.feature.transaction.creation.TransactionCreationFormTest",""
"","539","OnTermsClick emits a NavigateToLegal side effect[jvm]","","2026-07-31","passed","2026-07-31","","SignInViewModelTest[jvm]","com.georgeci.moneysurfer.feature.login.SignInViewModelTest",""
"","4","a new Category defaults to the same appearance the backfill would have written[jvm]","","2026-07-31","passed","2026-07-31","","CategoryAppearanceTest[jvm]","com.georgeci.moneysurfer.domain.model.CategoryAppearanceTest",""
"","18","a pulled tombstone hides the row locally without dropping it[jvm]","","2026-07-31","passed","2026-07-31","","TransactionTombstoneSyncIntegrationIT[jvm]","com.georgeci.moneysurfer.integration.sync.TransactionTombstoneSyncIntegrationIT",""
"","3","exhaustive enumeration — no orphan steps[jvm]","","2026-07-31","passed","2026-07-31","","SyncStepOrderTest[jvm]","com.georgeci.moneysurfer.domain.model.SyncStepOrderTest",""
"","110","the online build surfaces the account's extra details in the order they were saved[jvm]","","2026-07-31","passed","2026-07-31","","AccountDetailsViewModelTest[jvm]","com.georgeci.moneysurfer.feature.account.details.AccountDetailsViewModelTest",""
"","20","workspace the pull did not hydrate is never pinned[jvm]","","2026-07-31","passed","2026-07-31","","PostAuthBootstrapUseCaseTest[jvm]","com.georgeci.moneysurfer.domain.usecase.PostAuthBootstrapUseCaseTest",""
"","2","an ordinary merchant is not prefixed[jvm]","","2026-07-31","passed","2026-07-31","","TransactionCsvCodecTest[jvm]","com.georgeci.moneysurfer.domain.csv.TransactionCsvCodecTest",""
"","18","patch stamps deletedAt and updatedAt from the mutation enqueue time[jvm]","","2026-07-31","passed","2026-07-31","","TombstonePatchSpec[jvm]","com.georgeci.moneysurfer.data.sync.plugin.TombstonePatchSpec",""
"","483","an override round-trips[jvm]","","2026-07-31","passed","2026-07-31","","DebugConfigSourceImplJvmTest[jvm]","com.georgeci.moneysurfer.data.config.DebugConfigSourceImplJvmTest",""
"","1","under a weekly period it is the weekly cap that speaks, and the monthly one that does not[jvm]","","2026-07-31","passed","2026-07-31","","SpentByCategoryTest[jvm]","com.georgeci.moneysurfer.domain.model.SpentByCategoryTest",""
"","2","WaitingForNetwork title[jvm]","","2026-07-31","passed","2026-07-31","","SyncStepSpec[jvm]","com.georgeci.moneysurfer.sync.api.SyncStepSpec",""
"","4","sections are declared as contiguous blocks[jvm]","","2026-07-31","passed","2026-07-31","","NavigationShellTest[jvm]","com.georgeci.moneysurfer.navigation.NavigationShellTest",""
"","1","CompositeCancelToken throwIfCancelled when all cancelled throws[jvm]","","2026-07-31","passed","2026-07-31","","SyncCancelTokenSpec[jvm]","com.georgeci.moneysurfer.sync.api.SyncCancelTokenSpec",""
"","17","a row whose account belongs to a different workspace is rejected[jvm]","","2026-07-31","passed","2026-07-31","","ImportTransactionsValidationTest[jvm]","com.georgeci.moneysurfer.domain.csv.ImportTransactionsValidationTest",""
"","1","SerializationException maps to Unknown carrying the cause[jvm]","","2026-07-31","passed","2026-07-31","","SyncErrorClassifierSpec[jvm]","com.georgeci.moneysurfer.sync.internal.SyncErrorClassifierSpec",""
"","4","a burst of moves persists the layout the last one produced[jvm]","","2026-07-31","passed","2026-07-31","","DashboardCustomizeViewModelTest[jvm]","com.georgeci.moneysurfer.feature.dashboard.customize.DashboardCustomizeViewModelTest",""
"","1724","each coordinator step maps to its own label, so a copy-pasted branch shows up here[jvm]","","2026-07-31","passed","2026-07-31","","SyncScreenStateTest[jvm]","com.georgeci.moneysurfer.ui.SyncScreenStateTest",""
"","159","a collapsed receipt counts its categories instead of naming one of them[jvm]","","2026-07-31","passed","2026-07-31","","TransactionsListScreenStateTest[jvm]","com.georgeci.moneysurfer.ui.TransactionsListScreenStateTest",""
"","27","content is capped and centred once the window is wider than the cap[jvm]","","2026-07-31","passed","2026-07-31","","SurferContentContainerTest[jvm]","com.georgeci.moneysurfer.ui.SurferContentContainerTest",""
"","37","an account created while the form was open is resolved by a refresh[jvm]","","2026-07-31","passed","2026-07-31","","TransactionCreationFormTest[jvm]","com.georgeci.moneysurfer.feature.transaction.creation.TransactionCreationFormTest",""
"","1","default constraints disable network/charging gates and require non-low battery[jvm]","","2026-07-31","passed","2026-07-31","","SyncConstraintsSpec[jvm]","com.georgeci.moneysurfer.sync.scheduler.SyncConstraintsSpec",""
"","1","asking for no particular period leaves the pre-period order untouched[jvm]","","2026-07-31","passed","2026-07-31","","SafeToSpendTest[jvm]","com.georgeci.moneysurfer.domain.model.SafeToSpendTest",""
"","44","an exception thrown by the edit write lands on the form rather than the error boundary[jvm]","","2026-07-31","passed","2026-07-31","","WorkspaceCreationViewModelTest[jvm]","com.georgeci.moneysurfer.feature.workspace.creation.WorkspaceCreationViewModelTest",""
"","8","rejects same-account transfer[jvm]","","2026-07-31","passed","2026-07-31","","CreateTransferUseCaseTest[jvm]","com.georgeci.moneysurfer.domain.usecase.CreateTransferUseCaseTest",""
"","4","LastSyncOutcome.None is singleton[jvm]","","2026-07-31","passed","2026-07-31","","SyncStateSpec[jvm]","com.georgeci.moneysurfer.sync.api.SyncStateSpec",""
"","43","the user can read their own document and does see the phantom ref","","2026-07-31","passed","2026-07-31","","dangling users/{uid}.workspaceIds refs","dangling users/{uid}.workspaceIds refs the user can read their own document and does see the phantom ref",""
"","0","non-null pass-through[jvm]","","2026-07-31","passed","2026-07-31","","TimeFormatterTest[jvm]","com.georgeci.moneysurfer.data.repository.TimeFormatterTest",""
"","47","key groups bind as distinct classes so getAll sees all of them[jvm]","","2026-07-31","passed","2026-07-31","","OnlineConfigGraphTest[jvm]","com.georgeci.moneysurfer.di.OnlineConfigGraphTest",""
"","1","sanitize keeps only the first decimal separator and normalises commas[jvm]","","2026-07-31","passed","2026-07-31","","InitialBalanceInputTest[jvm]","com.georgeci.moneysurfer.feature.account.creation.InitialBalanceInputTest",""
"","12","a malformed base url reads as no answer rather than throwing[jvm]","","2026-07-31","passed","2026-07-31","","HttpExchangeRateRemoteSourceJvmTest[jvm]","com.georgeci.moneysurfer.data.remote.HttpExchangeRateRemoteSourceJvmTest",""
"","11","a write racing another writer on the same file still returns[jvm]","","2026-07-31","passed","2026-07-31","","PreferencesMirrorJvmTest[jvm]","com.georgeci.moneysurfer.data.config.PreferencesMirrorJvmTest",""
"","6","live activity still outranks a missing workspace — a running sync is the more useful answer[jvm]","","2026-07-31","passed","2026-07-31","","SyncViewModelTest[jvm]","com.georgeci.moneysurfer.feature.settings.sync.SyncViewModelTest",""
"","18","an unauthenticated client cannot write","","2026-07-31","passed","2026-07-31","","users/{uid}/config/{key}","users/{uid}/config/{key} an unauthenticated client cannot write",""
"","1","onStepEntered is callable[jvm]","","2026-07-31","passed","2026-07-31","","SyncTelemetryNoOpSpec[jvm]","com.georgeci.moneysurfer.sync.telemetry.SyncTelemetryNoOpSpec",""
"","10","the tombstone survives the wire in both directions[jvm]","","2026-07-31","passed","2026-07-31","","TransactionTombstoneSyncIntegrationIT[jvm]","com.georgeci.moneysurfer.integration.sync.TransactionTombstoneSyncIntegrationIT",""
"","61","invitee accept regression: real uid + gmail+alias email, full set()","","2026-07-31","passed","2026-07-31","","invites — update / delete","invites — update / delete invitee accept regression: real uid + gmail+alias email, full set()",""
"","255","a widget's span decides how much of the row it gets[jvm]","","2026-07-31","passed","2026-07-31","","DashboardGridScreenTest[jvm]","com.georgeci.moneysurfer.ui.DashboardGridScreenTest",""
"","4","rejects when no current user[jvm]","","2026-07-31","passed","2026-07-31","","SendInviteUseCaseTest[jvm]","com.georgeci.moneysurfer.domain.usecase.SendInviteUseCaseTest",""
"","283","an overridden row clears its override when tapped[jvm]","","2026-07-31","passed","2026-07-31","","DebugConfigScreenStateTest[jvm]","com.georgeci.moneysurfer.ui.DebugConfigScreenStateTest",""
"","2","a widget at the default span writes no span field, and a narrower one writes both trailing fields[jvm]","","2026-07-31","passed","2026-07-31","","DashboardLayoutCodecTest[jvm]","com.georgeci.moneysurfer.data.preferences.DashboardLayoutCodecTest",""
"","3","a switched-off widget keeps its span for when it comes back[jvm]","","2026-07-31","passed","2026-07-31","","DashboardLayoutConfigTest[jvm]","com.georgeci.moneysurfer.domain.dashboard.DashboardLayoutConfigTest",""
"","1","a weekly rule with no weekday keeps the one it started on[jvm]","","2026-07-31","passed","2026-07-31","","UpcomingRecurringTest[jvm]","com.georgeci.moneysurfer.domain.model.UpcomingRecurringTest",""
"","269","a build without transfers draws no quick-actions row[jvm]","","2026-07-31","passed","2026-07-31","","DashboardScreenStateTest[jvm]","com.georgeci.moneysurfer.ui.DashboardScreenStateTest",""
"","5","sync stays off with nothing configured, because the build term defaults to false[jvm]","","2026-07-31","passed","2026-07-31","","ConfigFacadesJvmTest[jvm]","com.georgeci.moneysurfer.data.config.ConfigFacadesJvmTest",""
"","24","rejects a goal whose hue is a string","","2026-07-31","passed","2026-07-31","","savings goals (issue #244)","savings goals (issue #244) rejects a goal whose hue is a string",""
"","21","a failed sign-in releases the spinner so the form can be retried[jvm]","","2026-07-31","passed","2026-07-31","","SignInViewModelTest[jvm]","com.georgeci.moneysurfer.feature.login.SignInViewModelTest",""
"","37","a negative non-card balance disables save[jvm]","","2026-07-31","passed","2026-07-31","","AccountCreationStateTest[jvm]","com.georgeci.moneysurfer.feature.account.creation.AccountCreationStateTest",""
"","5","wipes Room and clears flag when hasUsedDemo is true[jvm]","","2026-07-31","passed","2026-07-31","","WipeDemoDataUseCaseSpec[jvm]","com.georgeci.moneysurfer.domain.usecase.WipeDemoDataUseCaseSpec",""
"","1","reason mapping for BACKGROUND is Bounded(5m)[jvm]","","2026-07-31","passed","2026-07-31","","NetworkWaitModeSpec[jvm]","com.georgeci.moneysurfer.sync.network.NetworkWaitModeSpec",""
"","80","a period in line with the last one names that, without a percentage[jvm]","","2026-07-31","passed","2026-07-31","","DashboardInsightsScreenTest[jvm]","com.georgeci.moneysurfer.ui.DashboardInsightsScreenTest",""
"","38","invitee can re-push the same terminal status (idempotent)","","2026-07-31","passed","2026-07-31","","invites — update / delete","invites — update / delete invitee can re-push the same terminal status (idempotent)",""
"","1","an error without a throwable only leaves a breadcrumb[jvm]","","2026-07-31","passed","2026-07-31","","CrashReportingLogWriterTest[jvm]","com.georgeci.moneysurfer.domain.telemetry.CrashReportingLogWriterTest",""
"","3","eligibleParents excludes the category itself and everything under it[jvm]","","2026-07-31","passed","2026-07-31","","CategoryTreeTest[jvm]","com.georgeci.moneysurfer.domain.model.CategoryTreeTest",""
"","6","the logging sink accepts a message without throwing[jvm]","","2026-07-31","passed","2026-07-31","","DesktopFirebasePlatformJvmTest[jvm]","com.georgeci.moneysurfer.data.remote.DesktopFirebasePlatformJvmTest",""
"","31","a stored user document becomes the domain user, refs included[jvm]","","2026-07-31","passed","2026-07-31","","UserRemoteRepositoryImplTest[jvm]","com.georgeci.moneysurfer.data.repository.UserRemoteRepositoryImplTest",""
"","185","the reset-all row asks to drop every override[jvm]","","2026-07-31","passed","2026-07-31","","DebugConfigScreenStateTest[jvm]","com.georgeci.moneysurfer.ui.DebugConfigScreenStateTest",""
"","15","a row with no merchant is not a merchant[jvm]","","2026-07-31","passed","2026-07-31","","SpendAnalyticsRepositoryImplJvmTest[jvm]","com.georgeci.moneysurfer.data.repository.SpendAnalyticsRepositoryImplJvmTest",""
"","39","a general monthly budget becomes the caption and fills the bar[jvm]","","2026-07-31","passed","2026-07-31","","DashboardSpentMonthViewModelTest[jvm]","com.georgeci.moneysurfer.feature.dashboard.DashboardSpentMonthViewModelTest",""
"","11","a returning user with a workspace lands on the dashboard[jvm]","","2026-07-31","passed","2026-07-31","","AppLaunchViewModelTest[jvm]","com.georgeci.moneysurfer.navigation.AppLaunchViewModelTest",""
"","175","tapping a toggle row asks for the opposite of what it currently shows[jvm]","","2026-07-31","passed","2026-07-31","","PreferencesScreenStateTest[jvm]","com.georgeci.moneysurfer.ui.PreferencesScreenStateTest",""
"","636","a blank name is rejected — save is a no-op and canSave is false[jvm]","","2026-07-31","passed","2026-07-31","","CategoryCreationViewModelTest[jvm]","com.georgeci.moneysurfer.feature.category.creation.CategoryCreationViewModelTest",""
"","82","falls back to Missing when the category is deleted under an open screen[jvm]","","2026-07-31","passed","2026-07-31","","CategoryDetailsViewModelTest[jvm]","com.georgeci.moneysurfer.feature.category.details.CategoryDetailsViewModelTest",""
"","152","save shows a created snackbar carrying the category name[jvm]","","2026-07-31","passed","2026-07-31","","CategoryCreationViewModelTest[jvm]","com.georgeci.moneysurfer.feature.category.creation.CategoryCreationViewModelTest",""
"","1","missing workspace root document is not counted and does not fail the pull[jvm]","","2026-07-31","passed","2026-07-31","","PullRemoteChangesUseCaseImplSpec[jvm]","com.georgeci.moneysurfer.data.sync.PullRemoteChangesUseCaseImplSpec",""
"","53","no read path writes anything[jvm]","","2026-07-31","passed","2026-07-31","","LayeredConfigSpec[jvm]","com.georgeci.moneysurfer.appconfig.LayeredConfigSpec",""
"","1421","the round button on an available row asks to turn that widget on[jvm]","","2026-07-31","passed","2026-07-31","","DashboardCustomizeScreenStateTest[jvm]","com.georgeci.moneysurfer.ui.DashboardCustomizeScreenStateTest",""
"","6","no workspace is pinned yet[jvm]","","2026-07-31","passed","2026-07-31","","ShellIdentityTest[jvm]","com.georgeci.moneysurfer.navigation.ShellIdentityTest",""
"","3","normalize caps the list at MAX_DETAILS[jvm]","","2026-07-31","passed","2026-07-31","","AccountExtraDetailsTest[jvm]","com.georgeci.moneysurfer.domain.model.AccountExtraDetailsTest",""
"","2","a workspace doc written by an older client still maps, defaults and all[jvm]","","2026-07-31","passed","2026-07-31","","WorkspaceScopedDtoMapperSpec[jvm]","com.georgeci.moneysurfer.data.sync.WorkspaceScopedDtoMapperSpec",""
"","169","the balance card states the month delta as a sentence[jvm]","","2026-07-31","passed","2026-07-31","","DashboardScreenStateTest[jvm]","com.georgeci.moneysurfer.ui.DashboardScreenStateTest",""
"","15","flatten puts each child immediately after its parent[jvm]","","2026-07-31","passed","2026-07-31","","CategoryTreeTest[jvm]","com.georgeci.moneysurfer.domain.model.CategoryTreeTest",""
"","1","restyling a widget leaves its slot and its neighbours alone[jvm]","","2026-07-31","passed","2026-07-31","","DashboardLayoutConfigTest[jvm]","com.georgeci.moneysurfer.domain.dashboard.DashboardLayoutConfigTest",""
"","20","non-member cannot get the workspace doc","","2026-07-31","passed","2026-07-31","","workspaces/{wid}","workspaces/{wid} non-member cannot get the workspace doc",""
"","59","a headline a rate helped build carries no trend rather than one that omits the foreign half[jvm]","","2026-07-31","passed","2026-07-31","","DashboardBalanceViewModelTest[jvm]","com.georgeci.moneysurfer.feature.dashboard.DashboardBalanceViewModelTest",""
"","5","SettingsBackup[jvm]","","2026-07-31","passed","2026-07-31","","RouteSerializationTest[jvm]","com.georgeci.moneysurfer.navigation.RouteSerializationTest",""
"","24","shutdown cancels coordinator and scheduler[jvm]","","2026-07-31","passed","2026-07-31","","SessionShutdownGateImplSpec[jvm]","com.georgeci.moneysurfer.data.sync.SessionShutdownGateImplSpec",""
"","17","snapshot before hydrate throws in debug builds[jvm]","","2026-07-31","passed","2026-07-31","","LayeredConfigSpec[jvm]","com.georgeci.moneysurfer.appconfig.LayeredConfigSpec",""
"","32","user can create their own document","","2026-07-31","passed","2026-07-31","","users/{uid}","users/{uid} user can create their own document",""
"","17","a rejected override surfaces the offending value instead of failing silently[jvm]","","2026-07-31","passed","2026-07-31","","DebugConfigViewModelTest[jvm]","com.georgeci.moneysurfer.feature.settings.debug.DebugConfigViewModelTest",""
"","1","the unset sentinels are not mistaken for stored values[jvm]","","2026-07-31","passed","2026-07-31","","CategoryAppearanceTest[jvm]","com.georgeci.moneysurfer.domain.model.CategoryAppearanceTest",""
"","7","rows that predate the column are live, not deleted[jvm]","","2026-07-31","passed","2026-07-31","","TransactionSoftDeleteMigrationIT[jvm]","com.georgeci.moneysurfer.integration.repository.TransactionSoftDeleteMigrationIT",""
"","16","save keeps a negative opening balance for a credit (card) account[jvm]","","2026-07-31","passed","2026-07-31","","AccountCreationViewModelTest[jvm]","com.georgeci.moneysurfer.feature.account.creation.AccountCreationViewModelTest",""
"","37","the debug fallback only fires on a mismatch — a matching schema keeps its rows[jvm]","","2026-07-31","passed","2026-07-31","","DatabaseBuilderSpec[jvm]","com.georgeci.moneysurfer.data.db.DatabaseBuilderSpec",""
"","24","totals stay split by currency rather than adding minor units together[jvm]","","2026-07-31","passed","2026-07-31","","TransactionWindowIntegrationIT[jvm]","com.georgeci.moneysurfer.integration.repository.TransactionWindowIntegrationIT",""
"","3","returns ProjectionSummary with zero recalculations for All scope[jvm]","","2026-07-31","passed","2026-07-31","","NoOpRecalculateLocalProjectionsUseCaseSpec[jvm]","com.georgeci.moneysurfer.sync.internal.usecase.NoOpRecalculateLocalProjectionsUseCaseSpec",""
"","18","submitting with a malformed email reports EmailInvalid[jvm]","","2026-07-31","passed","2026-07-31","","SignInViewModelTest[jvm]","com.georgeci.moneysurfer.feature.login.SignInViewModelTest",""
"","0","SyncMeta supports null timestamps for fresh workspaces[jvm]","","2026-07-31","passed","2026-07-31","","SyncMetaRepositorySpec[jvm]","com.georgeci.moneysurfer.sync.repository.SyncMetaRepositorySpec",""
"","52","hard-delete is denied for non-owner members","","2026-07-31","passed","2026-07-31","","savings goals (issue #244)","savings goals (issue #244) hard-delete is denied for non-owner members",""
"","1","the first days of a month are too small a sample to compare[jvm]","","2026-07-31","passed","2026-07-31","","InsightRulesTest[jvm]","com.georgeci.moneysurfer.domain.insight.InsightRulesTest",""
"","15","merchant edits follow the content table like note edits do[jvm]","","2026-07-31","passed","2026-07-31","","TransactionFtsIntegrationIT[jvm]","com.georgeci.moneysurfer.integration.repository.TransactionFtsIntegrationIT",""
"","0","an archived budget does not cap the month[jvm]","","2026-07-31","passed","2026-07-31","","BurnRateTest[jvm]","com.georgeci.moneysurfer.domain.model.BurnRateTest",""
"","20","cursor returns null for unknown (workspace, collection)[jvm]","","2026-07-31","passed","2026-07-31","","SyncMetaRepositoryImplSpec[jvm]","com.georgeci.moneysurfer.data.sync.SyncMetaRepositoryImplSpec",""
"","50","the screen opens on the stored values, not on the defaults[jvm]","","2026-07-31","passed","2026-07-31","","PreferencesViewModelTest[jvm]","com.georgeci.moneysurfer.feature.settings.preferences.PreferencesViewModelTest",""
"","4","each earlier point backs its own month's net out of the one after it[jvm]","","2026-07-31","passed","2026-07-31","","BalanceTrendTest[jvm]","com.georgeci.moneysurfer.domain.model.BalanceTrendTest",""
"","4","grid search trims whitespace and ignores case[jvm]","","2026-07-31","passed","2026-07-31","","CategoryPickerRowsTest[jvm]","com.georgeci.moneysurfer.feature.category.picker.CategoryPickerRowsTest",""
"","15","the monthly net comes back oldest first, with the missing side folded to zero[jvm]","","2026-07-31","passed","2026-07-31","","SpendAnalyticsRepositoryImplJvmTest[jvm]","com.georgeci.moneysurfer.data.repository.SpendAnalyticsRepositoryImplJvmTest",""
"","1","RecalculatingProjections title[jvm]","","2026-07-31","passed","2026-07-31","","SyncStepSpec[jvm]","com.georgeci.moneysurfer.sync.api.SyncStepSpec",""
"","23","recent transactions include the ones booked to a child[jvm]","","2026-07-31","passed","2026-07-31","","CategoryDetailsViewModelTest[jvm]","com.georgeci.moneysurfer.feature.category.details.CategoryDetailsViewModelTest",""
"","9","COMPLETED cannot be set by hand[jvm]","","2026-07-31","passed","2026-07-31","","SavingsGoalUseCaseTest[jvm]","com.georgeci.moneysurfer.domain.usecase.SavingsGoalUseCaseTest",""
"","230","a state the view model pushes back redraws the form it is already showing[jvm]","","2026-07-31","passed","2026-07-31","","TransactionCreationScreenStateTest[jvm]","com.georgeci.moneysurfer.ui.TransactionCreationScreenStateTest",""
"","102","with a budget the card shows the remainder and drops the set-a-budget link[jvm]","","2026-07-31","passed","2026-07-31","","DashboardScreenStateTest[jvm]","com.georgeci.moneysurfer.ui.DashboardScreenStateTest",""
"","136","the categories section counts what is ticked against what there is[jvm]","","2026-07-31","passed","2026-07-31","","TransactionFiltersScreenStateTest[jvm]","com.georgeci.moneysurfer.ui.TransactionFiltersScreenStateTest",""
"","4","expanded and large widths present the drawer[jvm]","","2026-07-31","passed","2026-07-31","","NavigationShellTest[jvm]","com.georgeci.moneysurfer.navigation.NavigationShellTest",""
"","1055","adding money records a positive contribution[jvm]","","2026-07-31","passed","2026-07-31","","GoalContributionViewModelTest[jvm]","com.georgeci.moneysurfer.feature.goal.contribution.GoalContributionViewModelTest",""
"","41","authenticated list/scan is denied — auth buys no enumeration either","","2026-07-31","passed","2026-07-31","","appConfig/{docId}","appConfig/{docId} authenticated list/scan is denied — auth buys no enumeration either",""
"","287","a full-width widget keeps the row to itself[jvm]","","2026-07-31","passed","2026-07-31","","DashboardGridScreenTest[jvm]","com.georgeci.moneysurfer.ui.DashboardGridScreenTest",""
"","10","an empty back stack has no panes[jvm]","","2026-07-31","passed","2026-07-31","","SurferPaneSceneStrategyTest[jvm]","com.georgeci.moneysurfer.navigation.SurferPaneSceneStrategyTest",""
"","15","no launch decision leaves the restored stack alone[jvm]","","2026-07-31","passed","2026-07-31","","AppNavigatorTest[jvm]","com.georgeci.moneysurfer.navigation.AppNavigatorTest",""
"","2","Completed title[jvm]","","2026-07-31","passed","2026-07-31","","SyncStepSpec[jvm]","com.georgeci.moneysurfer.sync.api.SyncStepSpec",""
"","71","a cap typed on a new category creates a monthly budget naming only that category[jvm]","","2026-07-31","passed","2026-07-31","","CategoryCreationViewModelTest[jvm]","com.georgeci.moneysurfer.feature.category.creation.CategoryCreationViewModelTest",""
"","23","the offline build still carries an edited account's extra details through a save[jvm]","","2026-07-31","passed","2026-07-31","","AccountCreationViewModelTest[jvm]","com.georgeci.moneysurfer.feature.account.creation.AccountCreationViewModelTest",""
"","18","rejects when invite already accepted[jvm]","","2026-07-31","passed","2026-07-31","","AcceptInviteUseCaseTest[jvm]","com.georgeci.moneysurfer.domain.usecase.AcceptInviteUseCaseTest",""
"","67","an unavailable panel offers no controls at all, only an explanation[jvm]","","2026-07-31","passed","2026-07-31","","DebugConfigScreenStateTest[jvm]","com.georgeci.moneysurfer.ui.DebugConfigScreenStateTest",""
"","1","create expense → -impact[jvm]","","2026-07-31","passed","2026-07-31","","CalculateBalanceDeltaTest[jvm]","com.georgeci.moneysurfer.domain.model.CalculateBalanceDeltaTest",""
"","15","workspace pull failure aborts bootstrap with AuthError[jvm]","","2026-07-31","passed","2026-07-31","","PostAuthBootstrapUseCaseTest[jvm]","com.georgeci.moneysurfer.domain.usecase.PostAuthBootstrapUseCaseTest",""
"","212","a cross-currency transfer asks for the receiving amount as well[jvm]","","2026-07-31","passed","2026-07-31","","TransactionCreationScreenStateTest[jvm]","com.georgeci.moneysurfer.ui.TransactionCreationScreenStateTest",""
"","16","a first-time sign-in sends the selector on with nothing to warn about[jvm]","","2026-07-31","passed","2026-07-31","","SignInViewModelTest[jvm]","com.georgeci.moneysurfer.feature.login.SignInViewModelTest",""
"","67","withdrawing more than the goal holds surfaces the below-zero error[jvm]","","2026-07-31","passed","2026-07-31","","GoalContributionViewModelTest[jvm]","com.georgeci.moneysurfer.feature.goal.contribution.GoalContributionViewModelTest",""
"","32","non-member is blocked from transactions","","2026-07-31","passed","2026-07-31","","member-gated entities (smoke for the rest)","member-gated entities (smoke for the rest) non-member is blocked from transactions",""
"","5","onSyncFailed branches across every SyncError variant[jvm]","","2026-07-31","passed","2026-07-31","","KermitSyncTelemetrySpec[jvm]","com.georgeci.moneysurfer.sync.internal.telemetry.KermitSyncTelemetrySpec",""
"","4","reset-all delegates once[jvm]","","2026-07-31","passed","2026-07-31","","DebugConfigViewModelTest[jvm]","com.georgeci.moneysurfer.feature.settings.debug.DebugConfigViewModelTest",""
"","1","opening_balance contributes +amount on its account[jvm]","","2026-07-31","passed","2026-07-31","","BalanceImpactTest[jvm]","com.georgeci.moneysurfer.domain.model.BalanceImpactTest",""
"","14","the same key keeps the same store, so a recomposition does not reset the screen[jvm]","","2026-07-31","passed","2026-07-31","","NavEntryViewModelStoreHolderTest[jvm]","com.georgeci.moneysurfer.navigation.util.NavEntryViewModelStoreHolderTest",""
"","0","a 29 February rule that skips short years waits for the leap one[jvm]","","2026-07-31","passed","2026-07-31","","UpcomingRecurringTest[jvm]","com.georgeci.moneysurfer.domain.model.UpcomingRecurringTest",""
"","4","a custom range may be open at either end[jvm]","","2026-07-31","passed","2026-07-31","","TransactionFilterMatchingTest[jvm]","com.georgeci.moneysurfer.feature.transaction.filter.TransactionFilterMatchingTest",""
"","18","Back and Edit are pure navigation, carrying the transaction they were opened on[jvm]","","2026-07-31","passed","2026-07-31","","TransactionDetailsViewModelTest[jvm]","com.georgeci.moneysurfer.feature.transaction.details.TransactionDetailsViewModelTest",""
"","9","host capabilities read straight through to the engine[jvm]","","2026-07-31","passed","2026-07-31","","ConfigFacadesJvmTest[jvm]","com.georgeci.moneysurfer.data.config.ConfigFacadesJvmTest",""
"","38","create blocked when clientVersionCode missing","","2026-07-31","passed","2026-07-31","","member-gated entities (accounts)","member-gated entities (accounts) create blocked when clientVersionCode missing",""
"","17","a local edit that is newer than the remote one is kept[jvm]","","2026-07-31","passed","2026-07-31","","CategorySyncPluginIT[jvm]","com.georgeci.moneysurfer.integration.plugin.CategorySyncPluginIT",""
"","9","enqueueDelete writes DELETE mutation[jvm]","","2026-07-31","passed","2026-07-31","","OutboxEnqueuerSpec[jvm]","com.georgeci.moneysurfer.data.sync.OutboxEnqueuerSpec",""
"","13","creating a goal in the workspace base currency succeeds[jvm]","","2026-07-31","passed","2026-07-31","","SavingsGoalUseCaseTest[jvm]","com.georgeci.moneysurfer.domain.usecase.SavingsGoalUseCaseTest",""
"","2","the type segments partition the list, transfer legs included[jvm]","","2026-07-31","passed","2026-07-31","","TransactionFilterMatchingTest[jvm]","com.georgeci.moneysurfer.feature.transaction.filter.TransactionFilterMatchingTest",""
"","19","the table covers every navigation event the screen can raise[jvm]","","2026-07-31","passed","2026-07-31","","DashboardEventDestinationTest[jvm]","com.georgeci.moneysurfer.feature.dashboard.DashboardEventDestinationTest",""
"","16","a purged row leaves nothing behind in the index[jvm]","","2026-07-31","passed","2026-07-31","","TransactionFtsIntegrationIT[jvm]","com.georgeci.moneysurfer.integration.repository.TransactionFtsIntegrationIT",""
"","26","only IBAN and BIC use monospace rendering[jvm]","","2026-07-31","passed","2026-07-31","","AccountExtraDetailLabelTest[jvm]","com.georgeci.moneysurfer.feature.account.AccountExtraDetailLabelTest",""
"","5","a fortnightly rule skips the off week[jvm]","","2026-07-31","passed","2026-07-31","","UpcomingRecurringTest[jvm]","com.georgeci.moneysurfer.domain.model.UpcomingRecurringTest",""
"","5","a leg's own category and amount stay its own[jvm]","","2026-07-31","passed","2026-07-31","","UpdateTransactionUseCaseTest[jvm]","com.georgeci.moneysurfer.domain.usecase.UpdateTransactionUseCaseTest",""
"","9","markRemoved soft-deletes: status REMOVED, removedAt set, enqueues UPDATE[jvm]","","2026-07-31","passed","2026-07-31","","WorkspaceMemberRepositoryDualWriteSpec[jvm]","com.georgeci.moneysurfer.data.repository.WorkspaceMemberRepositoryDualWriteSpec",""
"","25","deleting a budget that is already gone enqueues nothing[jvm]","","2026-07-31","passed","2026-07-31","","BudgetRepositoryImplJvmTest[jvm]","com.georgeci.moneysurfer.data.repository.BudgetRepositoryImplJvmTest",""
"","0","Settings[jvm]","","2026-07-31","passed","2026-07-31","","RouteSerializationTest[jvm]","com.georgeci.moneysurfer.navigation.RouteSerializationTest",""
"","1","a caller-pinned type locks the tab row[jvm]","","2026-07-31","passed","2026-07-31","","CategoryChooserViewModelTest[jvm]","com.georgeci.moneysurfer.feature.category.picker.CategoryChooserViewModelTest",""
"","2","keeps Cyrillic and digits intact[jvm]","","2026-07-31","passed","2026-07-31","","FtsQueryTest[jvm]","com.georgeci.moneysurfer.data.db.FtsQueryTest",""
"","7","switching a widget off keeps its card style and parks it after the enabled ones[jvm]","","2026-07-31","passed","2026-07-31","","DashboardLayoutConfigTest[jvm]","com.georgeci.moneysurfer.domain.dashboard.DashboardLayoutConfigTest",""
"","19","a budget's CSV category column becomes a list on the wire and back again[jvm]","","2026-07-31","passed","2026-07-31","","WorkspaceScopedDtoMapperSpec[jvm]","com.georgeci.moneysurfer.data.sync.WorkspaceScopedDtoMapperSpec",""
"","44","deleting a goal enqueues a delete for the goal AND each cascaded contribution[jvm]","","2026-07-31","passed","2026-07-31","","GoalRepositoryDualWriteSpec[jvm]","com.georgeci.moneysurfer.data.repository.GoalRepositoryDualWriteSpec",""
"","63","a missing workspace with a surviving member row reads back empty instead","","2026-07-31","passed","2026-07-31","","dangling users/{uid}.workspaceIds refs","dangling users/{uid}.workspaceIds refs a missing workspace with a surviving member row reads back empty instead",""
"","8","a double tap on Save creates the workspace only once[jvm]","","2026-07-31","passed","2026-07-31","","WorkspaceCreationViewModelTest[jvm]","com.georgeci.moneysurfer.feature.workspace.creation.WorkspaceCreationViewModelTest",""
"","7","no destination matches an absent top-level route[jvm]","","2026-07-31","passed","2026-07-31","","NavigationShellTest[jvm]","com.georgeci.moneysurfer.navigation.NavigationShellTest",""
"","9","archive missing the DataStore entry surfaces MissingFile[jvm]","","2026-07-31","passed","2026-07-31","","BackupImporterImplJvmTest[jvm]","com.georgeci.moneysurfer.data.backup.BackupImporterImplJvmTest",""
"","179","loadCurrencies populates available list and emits NavigateBack on save[jvm]","","2026-07-31","passed","2026-07-31","","AccountCreationViewModelTest[jvm]","com.georgeci.moneysurfer.feature.account.creation.AccountCreationViewModelTest",""
"","21","dismissing an auth error clears the dialog[jvm]","","2026-07-31","passed","2026-07-31","","SignInViewModelTest[jvm]","com.georgeci.moneysurfer.feature.login.SignInViewModelTest",""
"","146","an account-scoped screen drops the accounts section entirely[jvm]","","2026-07-31","passed","2026-07-31","","TransactionFiltersScreenStateTest[jvm]","com.georgeci.moneysurfer.ui.TransactionFiltersScreenStateTest",""
"","644","save is blocked until a name and a positive limit are entered[jvm]","","2026-07-31","passed","2026-07-31","","BudgetEditViewModelTest[jvm]","com.georgeci.moneysurfer.feature.budget.edit.BudgetEditViewModelTest",""
"","17","unauthenticated user is denied","","2026-07-31","passed","2026-07-31","","users/{uid}","users/{uid} unauthenticated user is denied",""
"","94","a slice with no category is named rather than left blank[jvm]","","2026-07-31","passed","2026-07-31","","DashboardInsightsScreenTest[jvm]","com.georgeci.moneysurfer.ui.DashboardInsightsScreenTest",""
"","16","blank stored falls back to operationAt in UTC[jvm]","","2026-07-31","passed","2026-07-31","","ResolveLegacyOperationDateTest[jvm]","com.georgeci.moneysurfer.data.repository.ResolveLegacyOperationDateTest",""
"","4","unusable individual quotes are dropped, and the rest of the table stands[jvm]","","2026-07-31","passed","2026-07-31","","ExchangeRateApiTest[jvm]","com.georgeci.moneysurfer.data.remote.ExchangeRateApiTest",""
"","0","negating Long.MIN_VALUE throws instead of wrapping back to itself[jvm]","","2026-07-31","passed","2026-07-31","","MoneyTest[jvm]","com.georgeci.moneysurfer.domain.primitives.MoneyTest",""
"","29","the base-currency filter is named as the reason when it hides everything[jvm]","","2026-07-31","passed","2026-07-31","","InsightsViewModelTest[jvm]","com.georgeci.moneysurfer.feature.insights.InsightsViewModelTest",""
"","6","dismissing the restore confirmation leaves the data alone[jvm]","","2026-07-31","passed","2026-07-31","","BackupViewModelTest[jvm]","com.georgeci.moneysurfer.feature.settings.backup.BackupViewModelTest",""
"","116","submitting with no email reports EmailRequired against the email field[jvm]","","2026-07-31","passed","2026-07-31","","SignInViewModelTest[jvm]","com.georgeci.moneysurfer.feature.login.SignInViewModelTest",""
"","35","a foreign CSV header fails the whole import[jvm]","","2026-07-31","passed","2026-07-31","","ImportTransactionsValidationTest[jvm]","com.georgeci.moneysurfer.domain.csv.ImportTransactionsValidationTest",""
"","110","an exception past the wrapped use cases lands on the screen, not the global error boundary[jvm]","","2026-07-31","passed","2026-07-31","","AccountCreationViewModelTest[jvm]","com.georgeci.moneysurfer.feature.account.creation.AccountCreationViewModelTest",""
"","4","a missing workspace doc is skipped without touching anything[jvm]","","2026-07-31","passed","2026-07-31","","UserAccountDeletionRepositoryImplTest[jvm]","com.georgeci.moneysurfer.data.repository.UserAccountDeletionRepositoryImplTest",""
"","43","spent-by-category stays empty with no spend, so the widget can say the month is bare[jvm]","","2026-07-31","passed","2026-07-31","","DashboardSpentByCategoryViewModelTest[jvm]","com.georgeci.moneysurfer.feature.dashboard.DashboardSpentByCategoryViewModelTest",""
"","2","the user-scoped phase is skipped without a Firebase uid[jvm]","","2026-07-31","passed","2026-07-31","","PullRemoteChangesUseCaseImplSpec[jvm]","com.georgeci.moneysurfer.data.sync.PullRemoteChangesUseCaseImplSpec",""
"","30","adding to a paused goal surfaces the paused error[jvm]","","2026-07-31","passed","2026-07-31","","GoalContributionViewModelTest[jvm]","com.georgeci.moneysurfer.feature.goal.contribution.GoalContributionViewModelTest",""
"","36","an evicted (REMOVED) member can no longer read the roster","","2026-07-31","passed","2026-07-31","","workspaces/{wid}/members/{uid}","workspaces/{wid}/members/{uid} an evicted (REMOVED) member can no longer read the roster",""
"","8","the period total is compared whichever way it moved[jvm]","","2026-07-31","passed","2026-07-31","","InsightRulesTest[jvm]","com.georgeci.moneysurfer.domain.insight.InsightRulesTest",""
"","3","TransactionsByAccount[jvm]","","2026-07-31","passed","2026-07-31","","RouteSerializationTest[jvm]","com.georgeci.moneysurfer.navigation.RouteSerializationTest",""
"","1","a budget on another cadence is not a figure for this window, so it caps nothing here[jvm]","","2026-07-31","passed","2026-07-31","","SpentByCategoryTest[jvm]","com.georgeci.moneysurfer.domain.model.SpentByCategoryTest",""
"","1","every row of the default grid is filled exactly, leaving no gap to pack around[jvm]","","2026-07-31","passed","2026-07-31","","DashboardLayoutConfigTest[jvm]","com.georgeci.moneysurfer.domain.dashboard.DashboardLayoutConfigTest",""
"","22","a stale workspace ref that denies access is skipped, deletion still completes[jvm]","","2026-07-31","passed","2026-07-31","","UserAccountDeletionRepositoryImplTest[jvm]","com.georgeci.moneysurfer.data.repository.UserAccountDeletionRepositoryImplTest",""
"","1","sync is allowed before the first refresh, so a cold start is never blocked on the network[jvm]","","2026-07-31","passed","2026-07-31","","AppVersionGateImplTest[jvm]","com.georgeci.moneysurfer.data.repository.AppVersionGateImplTest",""
"","8","offline finish seeds the workspace before handing off to account creation[jvm]","","2026-07-31","passed","2026-07-31","","OnboardingViewModelTest[jvm]","com.georgeci.moneysurfer.feature.login.onboarding.OnboardingViewModelTest",""
"","19","the anonymous entry point runs its own auth and lands on the selector[jvm]","","2026-07-31","passed","2026-07-31","","SignInViewModelTest[jvm]","com.georgeci.moneysurfer.feature.login.SignInViewModelTest",""
"","10","toString contains the id and entityType[jvm]","","2026-07-31","passed","2026-07-31","","PendingMutationSpec[jvm]","com.georgeci.moneysurfer.sync.repository.PendingMutationSpec",""
"","4","preserves the repository's newest-first order[jvm]","","2026-07-31","passed","2026-07-31","","GetBudgetTransactionsUseCaseTest[jvm]","com.georgeci.moneysurfer.domain.usecase.GetBudgetTransactionsUseCaseTest",""
"","6","a stored currency the catalogue does not stock resolves to no entry rather than the wrong one[jvm]","","2026-07-31","passed","2026-07-31","","PreferencesViewModelTest[jvm]","com.georgeci.moneysurfer.feature.settings.preferences.PreferencesViewModelTest",""
"","2","a remote tag containing the CSV separator is normalized, not split[jvm]","","2026-07-31","passed","2026-07-31","","TransactionDtoMapperSpec[jvm]","com.georgeci.moneysurfer.data.sync.TransactionDtoMapperSpec",""
"","13","pushAll failure surfaces as RemoteSyncFailed and skips addRef + pin[jvm]","","2026-07-31","passed","2026-07-31","","CreateWorkspaceUseCaseTest[jvm]","com.georgeci.moneysurfer.domain.usecase.CreateWorkspaceUseCaseTest",""
"","213","resource files are discovered[jvm]","","2026-07-31","passed","2026-07-31","","StringResourceEscapeTest[jvm]","com.georgeci.moneysurfer.utils.StringResourceEscapeTest",""
"","0","monthly anchor on the 31st clamps to the last day of a short month[jvm]","","2026-07-31","passed","2026-07-31","","BudgetPeriodWindowTest[jvm]","com.georgeci.moneysurfer.domain.util.BudgetPeriodWindowTest",""
"","2","reason mapping for user-initiated reasons is Indefinite[jvm]","","2026-07-31","passed","2026-07-31","","NetworkWaitModeSpec[jvm]","com.georgeci.moneysurfer.sync.network.NetworkWaitModeSpec",""
"","1","a switched-off widget can be restyled too — it keeps the style when it comes back[jvm]","","2026-07-31","passed","2026-07-31","","DashboardLayoutConfigTest[jvm]","com.georgeci.moneysurfer.domain.dashboard.DashboardLayoutConfigTest",""
"","113","format negative amount[jvm]","","2026-07-31","passed","2026-07-31","","MoneyFormatterTest[jvm]","com.georgeci.moneysurfer.domain.MoneyFormatterTest",""
"","9","registers the pushed workspace under the signed-in user[jvm]","","2026-07-31","passed","2026-07-31","","WorkspaceRefRegistrarSpec[jvm]","com.georgeci.moneysurfer.data.sync.WorkspaceRefRegistrarSpec",""
"","1","missing local row → take remote[jvm]","","2026-07-31","passed","2026-07-31","","LwwConflictResolverSpec[jvm]","com.georgeci.moneysurfer.sync.repository.LwwConflictResolverSpec",""
"","89","a workspace row the device has not pulled yet emits nothing rather than a wrong total[jvm]","","2026-07-31","passed","2026-07-31","","GenerateInsightsUseCaseTest[jvm]","com.georgeci.moneysurfer.domain.usecase.GenerateInsightsUseCaseTest",""
"","16","the panel is unavailable when no real debug layer is bound[jvm]","","2026-07-31","passed","2026-07-31","","DebugConfigInspectorImplSpec[jvm]","com.georgeci.moneysurfer.appconfig.DebugConfigInspectorImplSpec",""
"","168","the budgets widget reads spend, limit and remainder off the active budget[jvm]","","2026-07-31","passed","2026-07-31","","DashboardBudgetsViewModelTest[jvm]","com.georgeci.moneysurfer.feature.dashboard.DashboardBudgetsViewModelTest",""
"","4357","every widget renders a sample of itself in both size tiles[jvm]","","2026-07-31","passed","2026-07-31","","DashboardCustomizeScreenStateTest[jvm]","com.georgeci.moneysurfer.ui.DashboardCustomizeScreenStateTest",""
"","1219","the headline total folds every currency into the workspace base currency[jvm]","","2026-07-31","passed","2026-07-31","","DashboardBalanceViewModelTest[jvm]","com.georgeci.moneysurfer.feature.dashboard.DashboardBalanceViewModelTest",""
"","6","a tie on account count is broken by currency code so the order is stable[jvm]","","2026-07-31","passed","2026-07-31","","AccountTotalsTest[jvm]","com.georgeci.moneysurfer.domain.model.AccountTotalsTest",""
"","3","the period on screen picks between two general budgets on different cadences[jvm]","","2026-07-31","passed","2026-07-31","","SafeToSpendTest[jvm]","com.georgeci.moneysurfer.domain.model.SafeToSpendTest",""
"","1","onSyncStarted is callable[jvm]","","2026-07-31","passed","2026-07-31","","SyncTelemetryNoOpSpec[jvm]","com.georgeci.moneysurfer.sync.telemetry.SyncTelemetryNoOpSpec",""
"","45","Week cuts the ISO week containing the day, Monday to Sunday[jvm]","","2026-07-31","passed","2026-07-31","","DashboardPeriodTest[jvm]","com.georgeci.moneysurfer.domain.dashboard.DashboardPeriodTest",""
"","10","writer + reader round-trip preserves entry names and bytes[jvm]","","2026-07-31","passed","2026-07-31","","ZipStoredCodecTest[jvm]","com.georgeci.moneysurfer.data.backup.ZipStoredCodecTest",""
"","374","encrypted import without a passphrase surfaces PassphraseRequired[jvm]","","2026-07-31","passed","2026-07-31","","BackupEncryptedRoundTripJvmTest[jvm]","com.georgeci.moneysurfer.data.backup.BackupEncryptedRoundTripJvmTest",""
"","8","a confirmed reset with sync off still clears the cursors but requests no sync[jvm]","","2026-07-31","passed","2026-07-31","","SyncViewModelTest[jvm]","com.georgeci.moneysurfer.feature.settings.sync.SyncViewModelTest",""
"","97","light scheme: self-tinted amount and type pills clear AA[jvm]","","2026-07-31","passed","2026-07-31","","ColorContrastTest[jvm]","com.georgeci.moneysurfer.uikit.theme.ColorContrastTest",""
"","24","the limit bounds an all-time query[jvm]","","2026-07-31","passed","2026-07-31","","TransactionWindowIntegrationIT[jvm]","com.georgeci.moneysurfer.integration.repository.TransactionWindowIntegrationIT",""
"","0","an ARCHIVED goal rejects new contributions[jvm]","","2026-07-31","passed","2026-07-31","","GoalContributionUseCaseTest[jvm]","com.georgeci.moneysurfer.domain.usecase.GoalContributionUseCaseTest",""
"","42","member can create","","2026-07-31","passed","2026-07-31","","member-gated entities (accounts)","member-gated entities (accounts) member can create",""
"","1","epoch zero stored as blank resolves to 1970-01-01[jvm]","","2026-07-31","passed","2026-07-31","","ResolveLegacyOperationDateTest[jvm]","com.georgeci.moneysurfer.data.repository.ResolveLegacyOperationDateTest",""
"","52","format GBP with UK locale[jvm]","","2026-07-31","passed","2026-07-31","","MoneyFormatterTest[jvm]","com.georgeci.moneysurfer.domain.MoneyFormatterTest",""
"","1","addRecalculated accumulates recalculatedCount[jvm]","","2026-07-31","passed","2026-07-31","","SyncSummaryBuilderSpec[jvm]","com.georgeci.moneysurfer.sync.api.SyncSummaryBuilderSpec",""
"","2","budgets that do not name this category are ignored[jvm]","","2026-07-31","passed","2026-07-31","","CategoryCapCoverageTest[jvm]","com.georgeci.moneysurfer.domain.model.CategoryCapCoverageTest",""
"","4","the split id becomes writable and reads back[jvm]","","2026-07-31","passed","2026-07-31","","TransactionSplitIdMigrationIT[jvm]","com.georgeci.moneysurfer.integration.repository.TransactionSplitIdMigrationIT",""
"","525","a failure with no handler escalates to the global error boundary[jvm]","","2026-07-31","passed","2026-07-31","","MviViewModelTest[jvm]","com.georgeci.moneysurfer.utils.MviViewModelTest",""
"","23","the income toggle is reflected in the saved category type[jvm]","","2026-07-31","passed","2026-07-31","","CategoryCreationViewModelTest[jvm]","com.georgeci.moneysurfer.feature.category.creation.CategoryCreationViewModelTest",""
"","21","owner can promote a member's role","","2026-07-31","passed","2026-07-31","","workspaces/{wid}/members/{uid}","workspaces/{wid}/members/{uid} owner can promote a member's role",""
"","1","a current record read as the pre-#260 format is rejected as an over-long row[jvm]","","2026-07-31","passed","2026-07-31","","TransactionCsvCodecTest[jvm]","com.georgeci.moneysurfer.domain.csv.TransactionCsvCodecTest",""
"","6","no accounts means no totals[jvm]","","2026-07-31","passed","2026-07-31","","AccountTotalsTest[jvm]","com.georgeci.moneysurfer.domain.model.AccountTotalsTest",""
"","2","redactUid fully masks short values[jvm]","","2026-07-31","passed","2026-07-31","","PiiRedactionTest[jvm]","com.georgeci.moneysurfer.domain.logging.PiiRedactionTest",""
"","1","a monthly rule rolls into next month once its day has passed[jvm]","","2026-07-31","passed","2026-07-31","","UpcomingRecurringTest[jvm]","com.georgeci.moneysurfer.domain.model.UpcomingRecurringTest",""
"","7","observeOutbox keeps in-flight rows, oldest first — a stuck push must not read as an empty outbox[jvm]","","2026-07-31","passed","2026-07-31","","PendingMutationQueueImplSpec[jvm]","com.georgeci.moneysurfer.sync.internal.repository.PendingMutationQueueImplSpec",""
"","5","default constructor builds an active scope[jvm]","","2026-07-31","passed","2026-07-31","","ApplicationScopeSpec[jvm]","com.georgeci.moneysurfer.sync.runtime.ApplicationScopeSpec",""
"","11","falls back to the group id when the export carries no names at all[jvm]","","2026-07-31","passed","2026-07-31","","ParseOssLibrariesTest[jvm]","com.georgeci.moneysurfer.feature.settings.about.licenses.ParseOssLibrariesTest",""
"","13","the outbox is truncated only when the queue held more rows than the screen shows[jvm]","","2026-07-31","passed","2026-07-31","","SyncViewModelTest[jvm]","com.georgeci.moneysurfer.feature.settings.sync.SyncViewModelTest",""
"","9","clearing the overlay at session start stops it shadowing the next user's pull[jvm]","","2026-07-31","passed","2026-07-31","","LayeredConfigSpec[jvm]","com.georgeci.moneysurfer.appconfig.LayeredConfigSpec",""
"","402","with no workspace the reset row is inert — there is no scope to clear[jvm]","","2026-07-31","passed","2026-07-31","","SyncScreenStateTest[jvm]","com.georgeci.moneysurfer.ui.SyncScreenStateTest",""
"","36","keeps every non-BOM artifact of the export attributed[jvm]","","2026-07-31","passed","2026-07-31","","ParseOssLibrariesTest[jvm]","com.georgeci.moneysurfer.feature.settings.about.licenses.ParseOssLibrariesTest",""
"","14","the pushed doc carries the tombstone while the row is deleted[jvm]","","2026-07-31","passed","2026-07-31","","TransactionTombstoneSyncIntegrationIT[jvm]","com.georgeci.moneysurfer.integration.sync.TransactionTombstoneSyncIntegrationIT",""
"","1","onSyncCancelled runs without error[jvm]","","2026-07-31","passed","2026-07-31","","KermitSyncTelemetrySpec[jvm]","com.georgeci.moneysurfer.sync.internal.telemetry.KermitSyncTelemetrySpec",""
"","3","'0' -> '0'[jvm]","","2026-07-31","passed","2026-07-31","","AmountInputTransformationTest[jvm]","com.georgeci.moneysurfer.utils.AmountInputTransformationTest",""
"","16","a refresh a day later fetches again[jvm]","","2026-07-31","passed","2026-07-31","","ExchangeRateRepositoryImplJvmTest[jvm]","com.georgeci.moneysurfer.data.repository.ExchangeRateRepositoryImplJvmTest",""
"","27","reason mapping for APP_START is Bounded(30s)[jvm]","","2026-07-31","passed","2026-07-31","","NetworkWaitModeSpec[jvm]","com.georgeci.moneysurfer.sync.network.NetworkWaitModeSpec",""
"","7","merged writes the merged value and reports a conflict[jvm]","","2026-07-31","passed","2026-07-31","","ApplyResolutionSpec[jvm]","com.georgeci.moneysurfer.data.sync.plugin.ApplyResolutionSpec",""
"","4","the rest of a budget survives the round trip[jvm]","","2026-07-31","passed","2026-07-31","","WorkspaceScopedDtoMapperSpec[jvm]","com.georgeci.moneysurfer.data.sync.WorkspaceScopedDtoMapperSpec",""
"","1","Started title[jvm]","","2026-07-31","passed","2026-07-31","","SyncStepSpec[jvm]","com.georgeci.moneysurfer.sync.api.SyncStepSpec",""
"","61","spent-by-category formats the aggregate's rows and orders them largest first[jvm]","","2026-07-31","passed","2026-07-31","","DashboardSpentByCategoryViewModelTest[jvm]","com.georgeci.moneysurfer.feature.dashboard.DashboardSpentByCategoryViewModelTest",""
"","19","a general monthly budget turns the projection into a verdict[jvm]","","2026-07-31","passed","2026-07-31","","GetBurnRateUseCaseTest[jvm]","com.georgeci.moneysurfer.domain.usecase.GetBurnRateUseCaseTest",""
"","24","the parent picker offers neither the category itself nor its descendants[jvm]","","2026-07-31","passed","2026-07-31","","CategoryCreationViewModelTest[jvm]","com.georgeci.moneysurfer.feature.category.creation.CategoryCreationViewModelTest",""
"","18","no-such-user (FIRAuth 17011) classifies as InvalidCredentials[jvm]","","2026-07-31","passed","2026-07-31","","AuthErrorClassificationTest[jvm]","com.georgeci.moneysurfer.data.repository.AuthErrorClassificationTest",""
"","7","every hue sits on the wheel[jvm]","","2026-07-31","passed","2026-07-31","","CategoryAppearanceTest[jvm]","com.georgeci.moneysurfer.domain.model.CategoryAppearanceTest",""
"","46","an operationDate that is unpadded is counted by no aggregate[jvm]","","2026-07-31","passed","2026-07-31","","SpendAnalyticsRepositoryImplJvmTest[jvm]","com.georgeci.moneysurfer.data.repository.SpendAnalyticsRepositoryImplJvmTest",""
"","64","a resolved session names the user and the workspace[jvm]","","2026-07-31","passed","2026-07-31","","AppShellViewModelTest[jvm]","com.georgeci.moneysurfer.navigation.AppShellViewModelTest",""
"","48","nothing is decided until the first refresh[jvm]","","2026-07-31","passed","2026-07-31","","AppVersionGateImplTest[jvm]","com.georgeci.moneysurfer.data.repository.AppVersionGateImplTest",""
"","17","an enabled session with a Firebase uid runs the ticker for that uid[jvm]","","2026-07-31","passed","2026-07-31","","PeriodicSyncGateTest[jvm]","com.georgeci.moneysurfer.navigation.PeriodicSyncGateTest",""
"","25","a shorter window asks for fewer months[jvm]","","2026-07-31","passed","2026-07-31","","GetMonthlyNetHistoryUseCaseTest[jvm]","com.georgeci.moneysurfer.domain.usecase.GetMonthlyNetHistoryUseCaseTest",""
"","45","editing snapshots the stored row for the identity band and keeps it while fields change[jvm]","","2026-07-31","passed","2026-07-31","","TransactionCreationEditTest[jvm]","com.georgeci.moneysurfer.feature.transaction.creation.TransactionCreationEditTest",""
"","52","on the 1st the comparison is a single day, so the card shows the amount without a delta[jvm]","","2026-07-31","passed","2026-07-31","","DashboardSpentMonthViewModelTest[jvm]","com.georgeci.moneysurfer.feature.dashboard.DashboardSpentMonthViewModelTest",""
"","12","tapping Undo restores the deleted transaction[jvm]","","2026-07-31","passed","2026-07-31","","TransactionDetailsViewModelTest[jvm]","com.georgeci.moneysurfer.feature.transaction.details.TransactionDetailsViewModelTest",""
"","82","starts in Loading before anything is emitted[jvm]","","2026-07-31","passed","2026-07-31","","CategoryDetailsViewModelTest[jvm]","com.georgeci.moneysurfer.feature.category.details.CategoryDetailsViewModelTest",""
"","40","moves account balances, so the ledger and the cached balance agree[jvm]","","2026-07-31","passed","2026-07-31","","DebugDataPrefillerTest[jvm]","com.georgeci.moneysurfer.domain.debug.DebugDataPrefillerTest",""
"","32","OnArchiveConfirm archives the account, clears pending, and shows an undo snackbar[jvm]","","2026-07-31","passed","2026-07-31","","AccountsManageViewModelTest[jvm]","com.georgeci.moneysurfer.feature.account.manage.AccountsManageViewModelTest",""
"","289","saving a new budget writes the entered values[jvm]","","2026-07-31","passed","2026-07-31","","BudgetEditViewModelTest[jvm]","com.georgeci.moneysurfer.feature.budget.edit.BudgetEditViewModelTest",""
"","2","every migration declares the versions its name promises[jvm]","","2026-07-31","passed","2026-07-31","","MigrationChainSpec[jvm]","com.georgeci.moneysurfer.data.db.MigrationChainSpec",""
"","1","a category that fell past the threshold reads as a saving[jvm]","","2026-07-31","passed","2026-07-31","","InsightRulesTest[jvm]","com.georgeci.moneysurfer.domain.insight.InsightRulesTest",""
"","20","invitee cannot transition to a terminal state other than ACCEPTED/DECLINED","","2026-07-31","passed","2026-07-31","","invites — update / delete","invites — update / delete invitee cannot transition to a terminal state other than ACCEPTED/DECLINED",""
"","3","Enqueue merges into existing pending request[jvm]","","2026-07-31","passed","2026-07-31","","SyncCoordinatorImplBranchSpec[jvm]","com.georgeci.moneysurfer.sync.coordinator.SyncCoordinatorImplBranchSpec",""
"","15","a delete drops the row and enqueues a tombstone[jvm]","","2026-07-31","passed","2026-07-31","","GoalContributionRepositoryImplJvmTest[jvm]","com.georgeci.moneysurfer.data.repository.GoalContributionRepositoryImplJvmTest",""
"","21","tapping a row opens that transaction, and Back leaves the list[jvm]","","2026-07-31","passed","2026-07-31","","TransactionsByAccountNavigationTest[jvm]","com.georgeci.moneysurfer.feature.transaction.list.TransactionsByAccountNavigationTest",""
"","1","writes local pointer and pushes default when Firebase uid present[jvm]","","2026-07-31","passed","2026-07-31","","SelectWorkspaceUseCaseTest[jvm]","com.georgeci.moneysurfer.domain.usecase.SelectWorkspaceUseCaseTest",""
"","22","an empty cache reads as no table at all, not an empty one[jvm]","","2026-07-31","passed","2026-07-31","","ExchangeRateRepositoryImplJvmTest[jvm]","com.georgeci.moneysurfer.data.repository.ExchangeRateRepositoryImplJvmTest",""
"","1","'12a' (mixed letters and digits)[jvm]","","2026-07-31","passed","2026-07-31","","AmountInputTransformationTest[jvm]","com.georgeci.moneysurfer.utils.AmountInputTransformationTest",""
"","2","blank category id decodes to null instead of failing[jvm]","","2026-07-31","passed","2026-07-31","","TransactionCsvCodecTest[jvm]","com.georgeci.moneysurfer.domain.csv.TransactionCsvCodecTest",""
"","679","first run pins a demo user and seeds Personal without any account[jvm]","","2026-07-31","passed","2026-07-31","","OfflineFirstRunSeederTest[jvm]","com.georgeci.moneysurfer.offline.firstrun.OfflineFirstRunSeederTest",""
"","2","the newest layout writes every known column[jvm]","","2026-07-31","passed","2026-07-31","","TransactionCsvCodecTest[jvm]","com.georgeci.moneysurfer.domain.csv.TransactionCsvCodecTest",""
"","7","a multi-category budget takes the control read-only and names the budget[jvm]","","2026-07-31","passed","2026-07-31","","CategoryCreationViewModelTest[jvm]","com.georgeci.moneysurfer.feature.category.creation.CategoryCreationViewModelTest",""
"","16","an unreachable host reads as no answer rather than throwing[jvm]","","2026-07-31","passed","2026-07-31","","HttpExchangeRateRemoteSourceJvmTest[jvm]","com.georgeci.moneysurfer.data.remote.HttpExchangeRateRemoteSourceJvmTest",""
"","44","positive cap text is converted from major units into Money[jvm]","","2026-07-31","passed","2026-07-31","","CategoryCreationStateTest[jvm]","com.georgeci.moneysurfer.feature.category.creation.CategoryCreationStateTest",""
"","36","rejects demoting last OWNER[jvm]","","2026-07-31","passed","2026-07-31","","ChangeMemberRoleUseCaseTest[jvm]","com.georgeci.moneysurfer.domain.usecase.ChangeMemberRoleUseCaseTest",""
"","4","'abc' (letters)[jvm]","","2026-07-31","passed","2026-07-31","","AmountInputTransformationTest[jvm]","com.georgeci.moneysurfer.utils.AmountInputTransformationTest",""
"","16","clearing the cap deletes the backing budget[jvm]","","2026-07-31","passed","2026-07-31","","CategoryCreationViewModelTest[jvm]","com.georgeci.moneysurfer.feature.category.creation.CategoryCreationViewModelTest",""
"","4","markSuccess only updates the success column[jvm]","","2026-07-31","passed","2026-07-31","","SyncMetaRepositoryImplSpec[jvm]","com.georgeci.moneysurfer.sync.internal.repository.SyncMetaRepositoryImplSpec",""
"","2","a doc from a client that predates sortOrder lands at the front rather than nowhere[jvm]","","2026-07-31","passed","2026-07-31","","AccountDtoMapperSpec[jvm]","com.georgeci.moneysurfer.data.sync.AccountDtoMapperSpec",""
"","2","a pre-#260 record read as the current format is rejected as a short row[jvm]","","2026-07-31","passed","2026-07-31","","TransactionCsvCodecTest[jvm]","com.georgeci.moneysurfer.domain.csv.TransactionCsvCodecTest",""
"","149","a zero amount says what is wrong with it rather than only refusing[jvm]","","2026-07-31","passed","2026-07-31","","TransactionCreationScreenStateTest[jvm]","com.georgeci.moneysurfer.ui.TransactionCreationScreenStateTest",""
"","38","user cannot create another user's member row (only self)","","2026-07-31","passed","2026-07-31","","workspaces/{wid}/members/{uid}","workspaces/{wid}/members/{uid} user cannot create another user's member row (only self)",""
"","4","sanitize keeps a single leading minus and ignores later ones[jvm]","","2026-07-31","passed","2026-07-31","","InitialBalanceInputTest[jvm]","com.georgeci.moneysurfer.feature.account.creation.InitialBalanceInputTest",""
"","5","a well-known key resolves to its enum entry and a custom label does not[jvm]","","2026-07-31","passed","2026-07-31","","AccountExtraDetailsTest[jvm]","com.georgeci.moneysurfer.domain.model.AccountExtraDetailsTest",""
"","8","a square window is not landscape[jvm]","","2026-07-31","passed","2026-07-31","","SurferWindowSizeTest[jvm]","com.georgeci.moneysurfer.uikit.window.SurferWindowSizeTest",""
"","13","a delete drops the row and enqueues a tombstone[jvm]","","2026-07-31","passed","2026-07-31","","RecurringRuleRepositoryImplJvmTest[jvm]","com.georgeci.moneysurfer.data.repository.RecurringRuleRepositoryImplJvmTest",""
"","16","Month cuts the calendar month containing the day[jvm]","","2026-07-31","passed","2026-07-31","","DashboardPeriodTest[jvm]","com.georgeci.moneysurfer.domain.dashboard.DashboardPeriodTest",""
"","1","eligibleParents excludes the other type and system categories[jvm]","","2026-07-31","passed","2026-07-31","","CategoryTreeTest[jvm]","com.georgeci.moneysurfer.domain.model.CategoryTreeTest",""
"","19","owner can hard-delete the workspace doc (account-deletion purge)","","2026-07-31","passed","2026-07-31","","workspaces/{wid}","workspaces/{wid} owner can hard-delete the workspace doc (account-deletion purge)",""
"","10","the remote-owned fields come back empty rather than stale[jvm]","","2026-07-31","passed","2026-07-31","","UserRepositoryImplJvmTest[jvm]","com.georgeci.moneysurfer.data.repository.UserRepositoryImplJvmTest",""
"","35","accounts that share a position are still listed in a stable order[jvm]","","2026-07-31","passed","2026-07-31","","AccountSortOrderIntegrationIT[jvm]","com.georgeci.moneysurfer.integration.repository.AccountSortOrderIntegrationIT",""
"","2","history inside the window moves the curve[jvm]","","2026-07-31","passed","2026-07-31","","GetAccountBalanceSeriesUseCaseTest[jvm]","com.georgeci.moneysurfer.domain.usecase.GetAccountBalanceSeriesUseCaseTest",""
"","7","dismissing the guest warning cancels the logout[jvm]","","2026-07-31","passed","2026-07-31","","SettingsLogoutViewModelTest[jvm]","com.georgeci.moneysurfer.feature.settings.SettingsLogoutViewModelTest",""
"","192","a desktop window puts the sheet beside the hero[jvm]","","2026-07-31","passed","2026-07-31","","SignInResponsiveLayoutTest[jvm]","com.georgeci.moneysurfer.ui.SignInResponsiveLayoutTest",""
"","5","a key that comes back after being cleared starts from a fresh store[jvm]","","2026-07-31","passed","2026-07-31","","NavEntryViewModelStoreHolderTest[jvm]","com.georgeci.moneysurfer.navigation.util.NavEntryViewModelStoreHolderTest",""
"","74","every catalogue key resolves to an icon and every catalogue hue to a tint[jvm]","","2026-07-31","passed","2026-07-31","","CategoryPaletteParityTest[jvm]","com.georgeci.moneysurfer.feature.category.CategoryPaletteParityTest",""
"","24","the migration creates config_entry with the columns the entity declares[jvm]","","2026-07-31","passed","2026-07-31","","ConfigEntryMigrationIT[jvm]","com.georgeci.moneysurfer.integration.repository.ConfigEntryMigrationIT",""
"","151","the message line under a field is reserved, so an error does not move what follows[jvm]","","2026-07-31","passed","2026-07-31","","SurferFormFieldTest[jvm]","com.georgeci.moneysurfer.ui.SurferFormFieldTest",""
"","7","a withdrawal cannot take the saved amount below zero[jvm]","","2026-07-31","passed","2026-07-31","","GoalContributionUseCaseTest[jvm]","com.georgeci.moneysurfer.domain.usecase.GoalContributionUseCaseTest",""
"","71","safe-to-spend ignores archived budgets[jvm]","","2026-07-31","passed","2026-07-31","","DashboardSafeToSpendViewModelTest[jvm]","com.georgeci.moneysurfer.feature.dashboard.DashboardSafeToSpendViewModelTest",""
"","53","paging forward is allowed once there is a period to page into[jvm]","","2026-07-31","passed","2026-07-31","","InsightsViewModelTest[jvm]","com.georgeci.moneysurfer.feature.insights.InsightsViewModelTest",""
"","186","picking the other span asks the view model for it rather than deciding on screen[jvm]","","2026-07-31","passed","2026-07-31","","DashboardScreenStateTest[jvm]","com.georgeci.moneysurfer.ui.DashboardScreenStateTest",""
"","2","the offline build never offers sign-out — there is no account to sign out of[jvm]","","2026-07-31","passed","2026-07-31","","WorkspaceSelectorViewModelTest[jvm]","com.georgeci.moneysurfer.feature.workspace.selector.WorkspaceSelectorViewModelTest",""
"","23","an upsert for a category that is already gone writes nothing[jvm]","","2026-07-31","passed","2026-07-31","","CategorySyncPluginIT[jvm]","com.georgeci.moneysurfer.integration.plugin.CategorySyncPluginIT",""
"","3","PullingRemoteChanges title[jvm]","","2026-07-31","passed","2026-07-31","","SyncStepSpec[jvm]","com.georgeci.moneysurfer.sync.api.SyncStepSpec",""
"","26","re-currencies the seeded account so the Dashboard total follows the choice[jvm]","","2026-07-31","passed","2026-07-31","","WorkspaceCurrencyIntegrationIT[jvm]","com.georgeci.moneysurfer.integration.repository.WorkspaceCurrencyIntegrationIT",""
"","1","the tombstone round-trips through the wire format[jvm]","","2026-07-31","passed","2026-07-31","","TransactionDtoMapperSpec[jvm]","com.georgeci.moneysurfer.data.sync.TransactionDtoMapperSpec",""
"","0","shifting all time is a no-op[jvm]","","2026-07-31","passed","2026-07-31","","TransactionPeriodWindowTest[jvm]","com.georgeci.moneysurfer.domain.util.TransactionPeriodWindowTest",""
"","1","a comma is rewritten in place[jvm]","","2026-07-31","passed","2026-07-31","","AmountInputTransformationTest[jvm]","com.georgeci.moneysurfer.utils.AmountInputTransformationTest",""
"","1","SimpleCancelToken cancel flips state[jvm]","","2026-07-31","passed","2026-07-31","","SyncCancelTokenSpec[jvm]","com.georgeci.moneysurfer.sync.api.SyncCancelTokenSpec",""
"","9","search keeps a matching child visible under its parent[jvm]","","2026-07-31","passed","2026-07-31","","CategoryChooserViewModelTest[jvm]","com.georgeci.moneysurfer.feature.category.picker.CategoryChooserViewModelTest",""
"","7","onSyncStarted runs without error[jvm]","","2026-07-31","passed","2026-07-31","","KermitSyncTelemetrySpec[jvm]","com.georgeci.moneysurfer.sync.internal.telemetry.KermitSyncTelemetrySpec",""
"","0","a 31st rule that skips short months waits for a long one[jvm]","","2026-07-31","passed","2026-07-31","","UpcomingRecurringTest[jvm]","com.georgeci.moneysurfer.domain.model.UpcomingRecurringTest",""
"","1","a member doc with no status is read as active rather than as a blank[jvm]","","2026-07-31","passed","2026-07-31","","MembershipDtoMapperSpec[jvm]","com.georgeci.moneysurfer.data.sync.MembershipDtoMapperSpec",""
"","8","markDeclined transitions status to DECLINED[jvm]","","2026-07-31","passed","2026-07-31","","WorkspaceInviteRepositoryDualWriteSpec[jvm]","com.georgeci.moneysurfer.data.repository.WorkspaceInviteRepositoryDualWriteSpec",""
"","15","Reset is offered only once something is set[jvm]","","2026-07-31","passed","2026-07-31","","TransactionFiltersViewModelTest[jvm]","com.georgeci.moneysurfer.feature.transaction.filters.TransactionFiltersViewModelTest",""
"","128","spend with no category is a segment of the donut with a name, not a gap[jvm]","","2026-07-31","passed","2026-07-31","","DashboardScreenStateTest[jvm]","com.georgeci.moneysurfer.ui.DashboardScreenStateTest",""
"","24","rejects a category whose hue is a string","","2026-07-31","passed","2026-07-31","","entity write-shape validation (issue #156)","entity write-shape validation (issue #156) rejects a category whose hue is a string",""
"","19","both streams see the stored rules[jvm]","","2026-07-31","passed","2026-07-31","","RecurringRuleRepositoryImplJvmTest[jvm]","com.georgeci.moneysurfer.data.repository.RecurringRuleRepositoryImplJvmTest",""
"","15","a failing signOut still leaves the pointers cleared[jvm]","","2026-07-31","passed","2026-07-31","","AuthSessionRollbackTest[jvm]","com.georgeci.moneysurfer.domain.usecase.AuthSessionRollbackTest",""
"","64","recipient can collection-group query by targetUserId","","2026-07-31","passed","2026-07-31","","invites — read","invites — read recipient can collection-group query by targetUserId",""
"","13","a build below the minimum supported version is cut off[jvm]","","2026-07-31","passed","2026-07-31","","AppVersionGateImplTest[jvm]","com.georgeci.moneysurfer.data.repository.AppVersionGateImplTest",""
"","1","the legs are written through the change path, so the balance moves by the whole receipt[jvm]","","2026-07-31","passed","2026-07-31","","CreateSplitTransactionUseCaseTest[jvm]","com.georgeci.moneysurfer.domain.usecase.CreateSplitTransactionUseCaseTest",""
"","6","no budgets at all leaves the control editable with nothing behind it[jvm]","","2026-07-31","passed","2026-07-31","","CategoryCapCoverageTest[jvm]","com.georgeci.moneysurfer.domain.model.CategoryCapCoverageTest",""
"","9","a push that reports nothing landed registers no ref, even with a Firebase uid[jvm]","","2026-07-31","passed","2026-07-31","","CreateWorkspaceUseCaseTest[jvm]","com.georgeci.moneysurfer.domain.usecase.CreateWorkspaceUseCaseTest",""
"","19","offline build hides the Transfer segment[jvm]","","2026-07-31","passed","2026-07-31","","OfflineConfigGraphTest[jvm]","com.georgeci.moneysurfer.offline.di.OfflineConfigGraphTest",""
"","3","everything below Warn is dropped[jvm]","","2026-07-31","passed","2026-07-31","","CrashReportingLogWriterTest[jvm]","com.georgeci.moneysurfer.domain.telemetry.CrashReportingLogWriterTest",""
"","5","handle cancel on the only running request cancels the worker job[jvm]","","2026-07-31","passed","2026-07-31","","SyncCoordinatorImplBranchSpec[jvm]","com.georgeci.moneysurfer.sync.coordinator.SyncCoordinatorImplBranchSpec",""
"","21","a rejected save keeps the user on the screen with their input[jvm]","","2026-07-31","passed","2026-07-31","","GoalEditViewModelTest[jvm]","com.georgeci.moneysurfer.feature.goal.edit.GoalEditViewModelTest",""
"","256","the resolution summary names the effective value and the layer that won[jvm]","","2026-07-31","passed","2026-07-31","","DebugConfigScreenStateTest[jvm]","com.georgeci.moneysurfer.ui.DebugConfigScreenStateTest",""
"","53","accepts a budget tombstone update (deletedAt set)","","2026-07-31","passed","2026-07-31","","entity write-shape validation (issue #156)","entity write-shape validation (issue #156) accepts a budget tombstone update (deletedAt set)",""
"","0","fromMajor that overflows Long throws instead of wrapping[jvm]","","2026-07-31","passed","2026-07-31","","MoneyTest[jvm]","com.georgeci.moneysurfer.domain.primitives.MoneyTest",""
"","42","a paused rule is not listed[jvm]","","2026-07-31","passed","2026-07-31","","DashboardRecurringViewModelTest[jvm]","com.georgeci.moneysurfer.feature.dashboard.DashboardRecurringViewModelTest",""
"","7","same-currency accounts collapse into one total[jvm]","","2026-07-31","passed","2026-07-31","","AccountTotalsTest[jvm]","com.georgeci.moneysurfer.domain.model.AccountTotalsTest",""
"","18","the character counter appears once the name reaches the threshold[jvm]","","2026-07-31","passed","2026-07-31","","CategoryCreationViewModelTest[jvm]","com.georgeci.moneysurfer.feature.category.creation.CategoryCreationViewModelTest",""
"","4","a multi-pop never empties the stack[jvm]","","2026-07-31","passed","2026-07-31","","AppNavigatorTest[jvm]","com.georgeci.moneysurfer.navigation.AppNavigatorTest",""
"","122","a delete writes a tombstone patch stamped with the enqueue time[jvm]","","2026-07-31","passed","2026-07-31","","AccountSyncPluginIT[jvm]","com.georgeci.moneysurfer.integration.plugin.AccountSyncPluginIT",""
"","5","the identity band falls back to the merchant, and survives a category it cannot resolve[jvm]","","2026-07-31","passed","2026-07-31","","TransactionCreationMappingTest[jvm]","com.georgeci.moneysurfer.feature.transaction.creation.TransactionCreationMappingTest",""
"","27","a consistent transfer pair imports both legs[jvm]","","2026-07-31","passed","2026-07-31","","ImportTransactionsValidationTest[jvm]","com.georgeci.moneysurfer.domain.csv.ImportTransactionsValidationTest",""
"","14","the window is inclusive at the start and exclusive at the end[jvm]","","2026-07-31","passed","2026-07-31","","SpendAnalyticsRepositoryImplJvmTest[jvm]","com.georgeci.moneysurfer.data.repository.SpendAnalyticsRepositoryImplJvmTest",""
"","30","accepts a null splitId","","2026-07-31","passed","2026-07-31","","entity write-shape validation (issue #156)","entity write-shape validation (issue #156) accepts a null splitId",""
"","1","fields are exposed[jvm]","","2026-07-31","passed","2026-07-31","","PendingMutationSpec[jvm]","com.georgeci.moneysurfer.sync.repository.PendingMutationSpec",""
"","0","planned → actual applies impact[jvm]","","2026-07-31","passed","2026-07-31","","ApplyTransactionChangeUseCaseTest[jvm]","com.georgeci.moneysurfer.domain.usecase.ApplyTransactionChangeUseCaseTest",""
"","3","shutdown is safe to call repeatedly (idempotent)[jvm]","","2026-07-31","passed","2026-07-31","","SessionShutdownGateImplSpec[jvm]","com.georgeci.moneysurfer.sync.internal.SessionShutdownGateImplSpec",""
"","18","local insert failure returns LocalWriteFailed and skips remote work[jvm]","","2026-07-31","passed","2026-07-31","","CreateWorkspaceUseCaseTest[jvm]","com.georgeci.moneysurfer.domain.usecase.CreateWorkspaceUseCaseTest",""
"","28","create stores the account[jvm]","","2026-07-31","passed","2026-07-31","","AccountWriteUseCasesTest[jvm]","com.georgeci.moneysurfer.domain.usecase.AccountWriteUseCasesTest",""
"","19","opens on the type of the currently selected category[jvm]","","2026-07-31","passed","2026-07-31","","CategoryChooserViewModelTest[jvm]","com.georgeci.moneysurfer.feature.category.picker.CategoryChooserViewModelTest",""
"","239","OnRemoveCategoryClick stages a pending delete[jvm]","","2026-07-31","passed","2026-07-31","","CategoriesManageViewModelTest[jvm]","com.georgeci.moneysurfer.feature.category.manage.CategoriesManageViewModelTest",""
"","69","the user block reports a click when it is given a handler[jvm]","","2026-07-31","passed","2026-07-31","","SurferNavigationDrawerTest[jvm]","com.georgeci.moneysurfer.ui.SurferNavigationDrawerTest",""
"","19","promotes editor to owner[jvm]","","2026-07-31","passed","2026-07-31","","ChangeMemberRoleUseCaseTest[jvm]","com.georgeci.moneysurfer.domain.usecase.ChangeMemberRoleUseCaseTest",""
"","2","restore on already-active account is a no-op success[jvm]","","2026-07-31","passed","2026-07-31","","ArchiveAccountUseCaseTest[jvm]","com.georgeci.moneysurfer.domain.usecase.ArchiveAccountUseCaseTest",""
"","5","mutation without a matching plugin is skipped but still completed[jvm]","","2026-07-31","passed","2026-07-31","","UploadPendingChangesUseCaseImplSpec[jvm]","com.georgeci.moneysurfer.data.sync.UploadPendingChangesUseCaseImplSpec",""
"","9","the base-currency filter is only blamed when it is the reason nothing is drawn[jvm]","","2026-07-31","passed","2026-07-31","","SpendInsightsTest[jvm]","com.georgeci.moneysurfer.domain.model.SpendInsightsTest",""
"","7","value kind enumerates every choice so the panel never needs free-text entry[jvm]","","2026-07-31","passed","2026-07-31","","PaletteSourceCodecTest[jvm]","com.georgeci.moneysurfer.data.config.PaletteSourceCodecTest",""
"","15","fractional cap input follows Money rounding[jvm]","","2026-07-31","passed","2026-07-31","","CategoryCreationStateTest[jvm]","com.georgeci.moneysurfer.feature.category.creation.CategoryCreationStateTest",""
"","22","a leg of a split is flagged, because swiping it deletes the whole receipt[jvm]","","2026-07-31","passed","2026-07-31","","CategoryDetailsViewModelTest[jvm]","com.georgeci.moneysurfer.feature.category.details.CategoryDetailsViewModelTest",""
"","5","a key whose row the account wipe removed is not resurrected on the server[jvm]","","2026-07-31","passed","2026-07-31","","UserConfigSyncPluginSpec[jvm]","com.georgeci.moneysurfer.data.sync.plugin.UserConfigSyncPluginSpec",""
"","34","an id the workspace does not know is skipped without leaving a hole in the numbering[jvm]","","2026-07-31","passed","2026-07-31","","AccountSortOrderIntegrationIT[jvm]","com.georgeci.moneysurfer.integration.repository.AccountSortOrderIntegrationIT",""
"","6","a value written into config_entry by the pull becomes visible to peek[jvm]","","2026-07-31","passed","2026-07-31","","LocalConfigSourceImplJvmTest[jvm]","com.georgeci.moneysurfer.data.config.LocalConfigSourceImplJvmTest",""
"","7","editing one leg's date moves the whole receipt[jvm]","","2026-07-31","passed","2026-07-31","","UpdateTransactionUseCaseTest[jvm]","com.georgeci.moneysurfer.domain.usecase.UpdateTransactionUseCaseTest",""
"","5","a config_entry row named after a host or server key is never served[jvm]","","2026-07-31","passed","2026-07-31","","LocalConfigSourceImplJvmTest[jvm]","com.georgeci.moneysurfer.data.config.LocalConfigSourceImplJvmTest",""
"","24","import skips duplicate ids inside the same file[jvm]","","2026-07-31","passed","2026-07-31","","ExportImportTransactionsUseCaseTest[jvm]","com.georgeci.moneysurfer.domain.csv.ExportImportTransactionsUseCaseTest",""
"","7","markCompleted with empty list is a no-op[jvm]","","2026-07-31","passed","2026-07-31","","PendingMutationQueueImplSpec[jvm]","com.georgeci.moneysurfer.data.sync.PendingMutationQueueImplSpec",""
"","27","rejects a contribution whose nullable transferId has a wrong non-null type","","2026-07-31","passed","2026-07-31","","savings goals (issue #244)","savings goals (issue #244) rejects a contribution whose nullable transferId has a wrong non-null type",""
"","7","a blank address is not even looked up[jvm]","","2026-07-31","passed","2026-07-31","","UserRemoteRepositoryImplTest[jvm]","com.georgeci.moneysurfer.data.repository.UserRemoteRepositoryImplTest",""
"","0","onSyncFailed is callable[jvm]","","2026-07-31","passed","2026-07-31","","SyncTelemetryNoOpSpec[jvm]","com.georgeci.moneysurfer.sync.telemetry.SyncTelemetryNoOpSpec",""
"","5","a blank FIREBASE_PROJECT_ID falls back rather than yielding an empty project[jvm]","","2026-07-31","passed","2026-07-31","","DesktopFirebaseOptionsJvmTest[jvm]","com.georgeci.moneysurfer.data.remote.DesktopFirebaseOptionsJvmTest",""
"","21","asking for another page when the window is exhausted changes nothing[jvm]","","2026-07-31","passed","2026-07-31","","TransactionsByAccountNavigationTest[jvm]","com.georgeci.moneysurfer.feature.transaction.list.TransactionsByAccountNavigationTest",""
"","0","distinguishes ids differing in their trailing digits[jvm]","","2026-07-31","passed","2026-07-31","","TransactionReferenceTest[jvm]","com.georgeci.moneysurfer.domain.model.TransactionReferenceTest",""
"","197","the summary strip states income, expenses and the net of the period[jvm]","","2026-07-31","passed","2026-07-31","","TransactionsListScreenStateTest[jvm]","com.georgeci.moneysurfer.ui.TransactionsListScreenStateTest",""
"","2","a re-emission resolves a previously stale selected category name[jvm]","","2026-07-31","passed","2026-07-31","","CategoryChooserViewModelTest[jvm]","com.georgeci.moneysurfer.feature.category.picker.CategoryChooserViewModelTest",""
"","12","an unset environment leaves the desktop build pointed at the real project[jvm]","","2026-07-31","passed","2026-07-31","","FirebaseConfigImplJvmTest[jvm]","com.georgeci.moneysurfer.data.remote.FirebaseConfigImplJvmTest",""
"","43","aborts without seeding when the demo login fails[jvm]","","2026-07-31","passed","2026-07-31","","OfflineFirstRunSeederTest[jvm]","com.georgeci.moneysurfer.offline.firstrun.OfflineFirstRunSeederTest",""
"","1","deleting a missing goal returns null[jvm]","","2026-07-31","passed","2026-07-31","","SavingsGoalUseCaseTest[jvm]","com.georgeci.moneysurfer.domain.usecase.SavingsGoalUseCaseTest",""
"","10","archive missing the main DB entry surfaces MissingFile[jvm]","","2026-07-31","passed","2026-07-31","","BackupImporterImplJvmTest[jvm]","com.georgeci.moneysurfer.data.backup.BackupImporterImplJvmTest",""
"","1","the monthly average divides by the whole window, not by the months with spend[jvm]","","2026-07-31","passed","2026-07-31","","CategorySpendHistoryTest[jvm]","com.georgeci.moneysurfer.domain.model.CategorySpendHistoryTest",""
"","141","an overspent budget says so in the caption rather than reading as headroom[jvm]","","2026-07-31","passed","2026-07-31","","DashboardScreenStateTest[jvm]","com.georgeci.moneysurfer.ui.DashboardScreenStateTest",""
"","2","a quote small enough to overflow the total counts as missing, not as a clamped balance[jvm]","","2026-07-31","passed","2026-07-31","","ConvertAccountsTotalUseCaseTest[jvm]","com.georgeci.moneysurfer.domain.usecase.ConvertAccountsTotalUseCaseTest",""
"","1","localized composeResources string files are discovered[jvm]","","2026-07-31","passed","2026-07-31","","StringResourceParityTest[jvm]","com.georgeci.moneysurfer.utils.StringResourceParityTest",""
"","0","drops blank entries[jvm]","","2026-07-31","passed","2026-07-31","","TransactionTagsTest[jvm]","com.georgeci.moneysurfer.domain.model.TransactionTagsTest",""
"","2","a layer that failed to load is carried into state so the panel can say so[jvm]","","2026-07-31","passed","2026-07-31","","DebugConfigViewModelTest[jvm]","com.georgeci.moneysurfer.feature.settings.debug.DebugConfigViewModelTest",""
"","45","a tombstone deletes the account and its transactions[jvm]","","2026-07-31","passed","2026-07-31","","AccountSyncPluginIT[jvm]","com.georgeci.moneysurfer.integration.plugin.AccountSyncPluginIT",""
"","16","peek is absent before hydrate, so a pre-hydration snapshot cannot see this layer[jvm]","","2026-07-31","passed","2026-07-31","","RemoteGlobalConfigSourceImplSpec[jvm]","com.georgeci.moneysurfer.appconfig.remote.RemoteGlobalConfigSourceImplSpec",""
"","10","a daily rule skips to its next step when today is off it[jvm]","","2026-07-31","passed","2026-07-31","","UpcomingRecurringTest[jvm]","com.georgeci.moneysurfer.domain.model.UpcomingRecurringTest",""
"","1","a group the page cut in half renders as its legs rather than a short total[jvm]","","2026-07-31","passed","2026-07-31","","TransactionsListSplitTest[jvm]","com.georgeci.moneysurfer.feature.transaction.list.TransactionsListSplitTest",""
"","30","accepts a transaction with merchant, tags and recurringRuleId","","2026-07-31","passed","2026-07-31","","entity write-shape validation (issue #156)","entity write-shape validation (issue #156) accepts a transaction with merchant, tags and recurringRuleId",""
"","4","a transfer needs two different accounts and drops the category requirement[jvm]","","2026-07-31","passed","2026-07-31","","TransactionCreationStateTest[jvm]","com.georgeci.moneysurfer.feature.transaction.creation.TransactionCreationStateTest",""
"","0","'1.2.3' (multiple dots)[jvm]","","2026-07-31","passed","2026-07-31","","AmountInputTransformationTest[jvm]","com.georgeci.moneysurfer.utils.AmountInputTransformationTest",""
"","1299","a new expense opens on the Expense segment with the category grid under it[jvm]","","2026-07-31","passed","2026-07-31","","TransactionCreationScreenStateTest[jvm]","com.georgeci.moneysurfer.ui.TransactionCreationScreenStateTest",""
"","6","no two events share an effect[jvm]","","2026-07-31","passed","2026-07-31","","DashboardEventDestinationTest[jvm]","com.georgeci.moneysurfer.feature.dashboard.DashboardEventDestinationTest",""
"","30","ActiveWorkspace scope pulls the workspace pinned in the session[jvm]","","2026-07-31","passed","2026-07-31","","NewWorkspacePullIntegrationIT[jvm]","com.georgeci.moneysurfer.integration.sync.NewWorkspacePullIntegrationIT",""
"","15","transition on missing row is a no-op[jvm]","","2026-07-31","passed","2026-07-31","","WorkspaceInviteRepositoryDualWriteSpec[jvm]","com.georgeci.moneysurfer.data.repository.WorkspaceInviteRepositoryDualWriteSpec",""
"","1","WorkspaceSelector[jvm]","","2026-07-31","passed","2026-07-31","","RouteSerializationTest[jvm]","com.georgeci.moneysurfer.navigation.RouteSerializationTest",""
"","29","swiping a transaction away removes it, and the snackbar's Undo puts it back[jvm]","","2026-07-31","passed","2026-07-31","","AccountDetailsViewModelTest[jvm]","com.georgeci.moneysurfer.feature.account.details.AccountDetailsViewModelTest",""
"","8","creating a goal in another currency is rejected[jvm]","","2026-07-31","passed","2026-07-31","","SavingsGoalUseCaseTest[jvm]","com.georgeci.moneysurfer.domain.usecase.SavingsGoalUseCaseTest",""
"","8","CRC corruption is rejected[jvm]","","2026-07-31","passed","2026-07-31","","BackupImporterImplJvmTest[jvm]","com.georgeci.moneysurfer.data.backup.BackupImporterImplJvmTest",""
"","48","invited user CANNOT self-create against a CANCELLED invite","","2026-07-31","passed","2026-07-31","","workspaces/{wid}/members/{uid}","workspaces/{wid}/members/{uid} invited user CANNOT self-create against a CANCELLED invite",""
"","37","multiple decimal separators are an invalid format[jvm]","","2026-07-31","passed","2026-07-31","","TransactionAmountInputTest[jvm]","com.georgeci.moneysurfer.feature.transaction.creation.TransactionAmountInputTest",""
"","0","empty set is Indefinite[jvm]","","2026-07-31","passed","2026-07-31","","NetworkWaitModeSpec[jvm]","com.georgeci.moneysurfer.sync.network.NetworkWaitModeSpec",""
"","121","one collection of the store serves every observer[jvm]","","2026-07-31","passed","2026-07-31","","PreferencesMirrorJvmTest[jvm]","com.georgeci.moneysurfer.data.config.PreferencesMirrorJvmTest",""
"","107","a free-text key is inspect-only[jvm]","","2026-07-31","passed","2026-07-31","","DebugConfigScreenStateTest[jvm]","com.georgeci.moneysurfer.ui.DebugConfigScreenStateTest",""
"","12","cash is the recommended starting point[jvm]","","2026-07-31","passed","2026-07-31","","OnboardingViewModelTest[jvm]","com.georgeci.moneysurfer.feature.login.onboarding.OnboardingViewModelTest",""
"","9","switching off every period-scoped widget leaves the switch nothing to drive[jvm]","","2026-07-31","passed","2026-07-31","","DashboardLayoutConfigTest[jvm]","com.georgeci.moneysurfer.domain.dashboard.DashboardLayoutConfigTest",""
"","177","patch fields overlaid on each entity doc decode as a pull-side tombstone[jvm]","","2026-07-31","passed","2026-07-31","","TombstonePatchSpec[jvm]","com.georgeci.moneysurfer.data.sync.plugin.TombstonePatchSpec",""
"","0","iso=1970-01-01[jvm]","","2026-07-31","passed","2026-07-31","","TimeFormatterTest[jvm]","com.georgeci.moneysurfer.data.repository.TimeFormatterTest",""
"","4","expense is the safe default when the selection is absent or stale[jvm]","","2026-07-31","passed","2026-07-31","","CategoryPickerRowsTest[jvm]","com.georgeci.moneysurfer.feature.category.picker.CategoryPickerRowsTest",""
"","1","redactUid never leaks the full identifier[jvm]","","2026-07-31","passed","2026-07-31","","PiiRedactionTest[jvm]","com.georgeci.moneysurfer.domain.logging.PiiRedactionTest",""
"","2","',5' -> '.5'[jvm]","","2026-07-31","passed","2026-07-31","","AmountInputTransformationTest[jvm]","com.georgeci.moneysurfer.utils.AmountInputTransformationTest",""
"","5","dark scheme: self-tinted amount and type pills clear AA[jvm]","","2026-07-31","passed","2026-07-31","","ColorContrastTest[jvm]","com.georgeci.moneysurfer.uikit.theme.ColorContrastTest",""
"","4","a dashboard period and a transactions list on the same mode cut the same dates[jvm]","","2026-07-31","passed","2026-07-31","","DashboardPeriodTest[jvm]","com.georgeci.moneysurfer.domain.dashboard.DashboardPeriodTest",""
"","1","a week that booked nothing draws a flat chart rather than dividing by zero[jvm]","","2026-07-31","passed","2026-07-31","","BurnRateTest[jvm]","com.georgeci.moneysurfer.domain.model.BurnRateTest",""
"","2","UploadingPendingChanges title[jvm]","","2026-07-31","passed","2026-07-31","","SyncStepSpec[jvm]","com.georgeci.moneysurfer.sync.api.SyncStepSpec",""
"","24","income and expense totals sum only their own direction, ignoring the opening balance[jvm]","","2026-07-31","passed","2026-07-31","","AccountDetailsViewModelTest[jvm]","com.georgeci.moneysurfer.feature.account.details.AccountDetailsViewModelTest",""
"","6","a user that has no remote document reads as null[jvm]","","2026-07-31","passed","2026-07-31","","UserRemoteRepositoryImplTest[jvm]","com.georgeci.moneysurfer.data.repository.UserRemoteRepositoryImplTest",""
"","1","an absent nextRunAt stays null[jvm]","","2026-07-31","passed","2026-07-31","","RecurringRuleDtoMapperSpec[jvm]","com.georgeci.moneysurfer.data.sync.RecurringRuleDtoMapperSpec",""
"","16","an empty file fails the whole import[jvm]","","2026-07-31","passed","2026-07-31","","ImportTransactionsValidationTest[jvm]","com.georgeci.moneysurfer.domain.csv.ImportTransactionsValidationTest",""
"","19","getByWorkspaceId returns ACTIVE and soft-deleted rows alike (UI filters by status)[jvm]","","2026-07-31","passed","2026-07-31","","WorkspaceMemberRepositoryIntegrationIT[jvm]","com.georgeci.moneysurfer.integration.repository.WorkspaceMemberRepositoryIntegrationIT",""
"","1","an empty store means the default layout[jvm]","","2026-07-31","passed","2026-07-31","","DashboardLayoutCodecTest[jvm]","com.georgeci.moneysurfer.data.preferences.DashboardLayoutCodecTest",""
"","16","a rename reaches a live collector — nothing has to re-subscribe[jvm]","","2026-07-31","passed","2026-07-31","","GetCurrentWorkspaceUseCaseTest[jvm]","com.georgeci.moneysurfer.domain.usecase.GetCurrentWorkspaceUseCaseTest",""
"","24","an explicit seed still reproduces a plan exactly, which is what screenshot runs need[jvm]","","2026-07-31","passed","2026-07-31","","DemoDataBlueprintTest[jvm]","com.georgeci.moneysurfer.domain.debug.DemoDataBlueprintTest",""
"","1545","a concurrent reader never observes a partially written store[jvm]","","2026-07-31","passed","2026-07-31","","DesktopFirebasePlatformJvmTest[jvm]","com.georgeci.moneysurfer.data.remote.DesktopFirebasePlatformJvmTest",""
"","12","fetch failure propagates as AuthError.Unknown[jvm]","","2026-07-31","passed","2026-07-31","","PostAuthBootstrapUseCaseTest[jvm]","com.georgeci.moneysurfer.domain.usecase.PostAuthBootstrapUseCaseTest",""
"","0","'999999' -> '999999'[jvm]","","2026-07-31","passed","2026-07-31","","AmountInputTransformationTest[jvm]","com.georgeci.moneysurfer.utils.AmountInputTransformationTest",""
"","6","warnings and errors are recorded, newest first[jvm]","","2026-07-31","passed","2026-07-31","","DebugLogBufferTest[jvm]","com.georgeci.moneysurfer.domain.logging.DebugLogBufferTest",""
"","1","fromMajor composes units and cents exactly[jvm]","","2026-07-31","passed","2026-07-31","","MoneyTest[jvm]","com.georgeci.moneysurfer.domain.primitives.MoneyTest",""
"","0","an account-scoped summary always uses the account currency[jvm]","","2026-07-31","passed","2026-07-31","","TransactionsListMappingTest[jvm]","com.georgeci.moneysurfer.feature.transaction.list.TransactionsListMappingTest",""
"","25","updating a tombstoned row through the repository leaves it deleted[jvm]","","2026-07-31","passed","2026-07-31","","TransactionSoftDeleteIntegrationIT[jvm]","com.georgeci.moneysurfer.integration.repository.TransactionSoftDeleteIntegrationIT",""
"","16","an older remote doc does not resurrect a locally deleted row[jvm]","","2026-07-31","passed","2026-07-31","","TransactionSyncPluginIT[jvm]","com.georgeci.moneysurfer.integration.plugin.TransactionSyncPluginIT",""
"","230","a compact budgets card keeps only the most pressing budget[jvm]","","2026-07-31","passed","2026-07-31","","DashboardScreenStateTest[jvm]","com.georgeci.moneysurfer.ui.DashboardScreenStateTest",""
"","187","every chip is a shortcut into the filter screen[jvm]","","2026-07-31","passed","2026-07-31","","TransactionsListScreenStateTest[jvm]","com.georgeci.moneysurfer.ui.TransactionsListScreenStateTest",""
"","4","ignores REMOVED ex-members when checking duplicates[jvm]","","2026-07-31","passed","2026-07-31","","SendInviteUseCaseTest[jvm]","com.georgeci.moneysurfer.domain.usecase.SendInviteUseCaseTest",""
"","3","observeOutbox honours its row limit[jvm]","","2026-07-31","passed","2026-07-31","","PendingMutationQueueImplSpec[jvm]","com.georgeci.moneysurfer.sync.internal.repository.PendingMutationQueueImplSpec",""
"","4","a scopeless row still dedupes against another scopeless row[jvm]","","2026-07-31","passed","2026-07-31","","PendingMutationQueueIntegrationIT[jvm]","com.georgeci.moneysurfer.integration.sync.PendingMutationQueueIntegrationIT",""
"","9","an ordinary row is removed on its own and returned for the undo[jvm]","","2026-07-31","passed","2026-07-31","","DeleteTransactionUseCaseTest[jvm]","com.georgeci.moneysurfer.domain.usecase.DeleteTransactionUseCaseTest",""
"","0","missing localUpdatedAt → remote wins (treated as DISTANT_PAST)[jvm]","","2026-07-31","passed","2026-07-31","","LwwConflictResolverSpec[jvm]","com.georgeci.moneysurfer.sync.repository.LwwConflictResolverSpec",""
"","14","an unservable name is still rejected on every refresh, not only the first[jvm]","","2026-07-31","passed","2026-07-31","","RemoteGlobalConfigSourceImplSpec[jvm]","com.georgeci.moneysurfer.appconfig.remote.RemoteGlobalConfigSourceImplSpec",""
"","8","enqueue stores entity with PENDING status and roundtrips fields[jvm]","","2026-07-31","passed","2026-07-31","","PendingMutationQueueImplSpec[jvm]","com.georgeci.moneysurfer.sync.internal.repository.PendingMutationQueueImplSpec",""
"","119","OnArchiveClick archives the budget and offers an undo[jvm]","","2026-07-31","passed","2026-07-31","","BudgetsViewModelTest[jvm]","com.georgeci.moneysurfer.feature.budget.list.BudgetsViewModelTest",""
"","20","a signed-out session promotes to an empty Content rather than spinning forever[jvm]","","2026-07-31","passed","2026-07-31","","WorkspaceSelectorViewModelTest[jvm]","com.georgeci.moneysurfer.feature.workspace.selector.WorkspaceSelectorViewModelTest",""
"","12","a delete removes the row[jvm]","","2026-07-31","passed","2026-07-31","","UserRepositoryImplJvmTest[jvm]","com.georgeci.moneysurfer.data.repository.UserRepositoryImplJvmTest",""
"","7","update bumps updatedAt and enqueues UPDATE[jvm]","","2026-07-31","passed","2026-07-31","","WorkspaceMemberRepositoryDualWriteSpec[jvm]","com.georgeci.moneysurfer.data.repository.WorkspaceMemberRepositoryDualWriteSpec",""
"","43","a workspace the device has not pulled yet has no currency the query could filter on[jvm]","","2026-07-31","passed","2026-07-31","","GetMonthlyNetHistoryUseCaseTest[jvm]","com.georgeci.moneysurfer.domain.usecase.GetMonthlyNetHistoryUseCaseTest",""
"","1","restyling to the style a widget already has, or a widget the layout lacks, changes nothing[jvm]","","2026-07-31","passed","2026-07-31","","DashboardLayoutConfigTest[jvm]","com.georgeci.moneysurfer.domain.dashboard.DashboardLayoutConfigTest",""
"","15","a running sync outranks the last outcome in the hero[jvm]","","2026-07-31","passed","2026-07-31","","SyncViewModelTest[jvm]","com.georgeci.moneysurfer.feature.settings.sync.SyncViewModelTest",""
"","7","running twice queues nothing new — the outbox itself dedupes, and so does this[jvm]","","2026-07-31","passed","2026-07-31","","SyncedSettingsSessionImplJvmTest[jvm]","com.georgeci.moneysurfer.data.config.SyncedSettingsSessionImplJvmTest",""
"","0","GoalContribution[jvm]","","2026-07-31","passed","2026-07-31","","RouteSerializationTest[jvm]","com.georgeci.moneysurfer.navigation.RouteSerializationTest",""
"","29","the single-account chooser offers the transfer shortcut; the transfer slots exclude each other[jvm]","","2026-07-31","passed","2026-07-31","","TransactionCreationFormTest[jvm]","com.georgeci.moneysurfer.feature.transaction.creation.TransactionCreationFormTest",""
"","16","the window reports each row's split group size, and zero for rows outside a split[jvm]","","2026-07-31","passed","2026-07-31","","TransactionWindowIntegrationIT[jvm]","com.georgeci.moneysurfer.integration.repository.TransactionWindowIntegrationIT",""
"","27","EXPENSE creation persists row and decreases account balance by amount[jvm]","","2026-07-31","passed","2026-07-31","","TransactionCreationIntegrationIT[jvm]","com.georgeci.moneysurfer.integration.repository.TransactionCreationIntegrationIT",""
"","132","a detail pane beside its list drops the back arrow and the FAB[jvm]","","2026-07-31","passed","2026-07-31","","SurferPaneScaffoldTest[jvm]","com.georgeci.moneysurfer.ui.SurferPaneScaffoldTest",""
"","1","merge keeps narrower scope when both narrow[jvm]","","2026-07-31","passed","2026-07-31","","MergedSyncRequestSpec[jvm]","com.georgeci.moneysurfer.sync.coordinator.MergedSyncRequestSpec",""
"","4","strips the CSV separator instead of splitting or rejecting[jvm]","","2026-07-31","passed","2026-07-31","","TransactionTagsTest[jvm]","com.georgeci.moneysurfer.domain.model.TransactionTagsTest",""
"","25","a 840 dp tablet window at 2x density reports Expanded[jvm]","","2026-07-31","passed","2026-07-31","","SurferWindowSizeCompositionTest[jvm]","com.georgeci.moneysurfer.ui.SurferWindowSizeCompositionTest",""
"","18","cancel transitions status to CANCELLED[jvm]","","2026-07-31","passed","2026-07-31","","WorkspaceInviteRepositoryDualWriteSpec[jvm]","com.georgeci.moneysurfer.data.repository.WorkspaceInviteRepositoryDualWriteSpec",""
"","15","typed precision is the tolerance[jvm]","","2026-07-31","passed","2026-07-31","","TransactionFilterMatchingTest[jvm]","com.georgeci.moneysurfer.feature.transaction.filter.TransactionFilterMatchingTest",""
"","26","tombstone with clientVersionCode below floor is denied","","2026-07-31","passed","2026-07-31","","tombstone update shape (push-side soft delete)","tombstone update shape (push-side soft delete) tombstone with clientVersionCode below floor is denied",""
"","20","a cross-currency transfer needs the receiving amount too[jvm]","","2026-07-31","passed","2026-07-31","","TransactionCreationSaveGuardsTest[jvm]","com.georgeci.moneysurfer.feature.transaction.creation.TransactionCreationSaveGuardsTest",""
"","5","isolated cursors per (workspace, collection)[jvm]","","2026-07-31","passed","2026-07-31","","SyncMetaRepositoryImplSpec[jvm]","com.georgeci.moneysurfer.data.sync.SyncMetaRepositoryImplSpec",""
"","11","CancellationException maps to Cancelled[jvm]","","2026-07-31","passed","2026-07-31","","SyncErrorClassifierSpec[jvm]","com.georgeci.moneysurfer.data.sync.SyncErrorClassifierSpec",""
"","41","only the nothing-logged-yet empty state carries an add CTA, so only then is the FAB dropped[jvm]","","2026-07-31","passed","2026-07-31","","TransactionsByAccountFilteringTest[jvm]","com.georgeci.moneysurfer.feature.transaction.list.TransactionsByAccountFilteringTest",""
"","4","tolerates DECLINED/CANCELLED past invites for the email[jvm]","","2026-07-31","passed","2026-07-31","","SendInviteUseCaseTest[jvm]","com.georgeci.moneysurfer.domain.usecase.SendInviteUseCaseTest",""
"","1143","deleting from the edit screen goes through the same confirmation the lists use[jvm]","","2026-07-31","passed","2026-07-31","","TransactionCreationScreenStateTest[jvm]","com.georgeci.moneysurfer.ui.TransactionCreationScreenStateTest",""
"","1","SignIn[jvm]","","2026-07-31","passed","2026-07-31","","RouteSerializationTest[jvm]","com.georgeci.moneysurfer.navigation.RouteSerializationTest",""
"","1","a monthly rule keeps a later day in the current month[jvm]","","2026-07-31","passed","2026-07-31","","UpcomingRecurringTest[jvm]","com.georgeci.moneysurfer.domain.model.UpcomingRecurringTest",""
"","1","an id names the finding and the period, never the numbers[jvm]","","2026-07-31","passed","2026-07-31","","InsightRulesTest[jvm]","com.georgeci.moneysurfer.domain.insight.InsightRulesTest",""
"","12","back returns from the first-account step to the value step[jvm]","","2026-07-31","passed","2026-07-31","","OnboardingViewModelTest[jvm]","com.georgeci.moneysurfer.feature.login.onboarding.OnboardingViewModelTest",""
"","1","a junk day name from a remote doc never reaches Room[jvm]","","2026-07-31","passed","2026-07-31","","RecurringRuleDtoMapperSpec[jvm]","com.georgeci.moneysurfer.data.sync.RecurringRuleDtoMapperSpec",""
"","343","an accepted edit is left alone[jvm]","","2026-07-31","passed","2026-07-31","","AmountInputTransformationTest[jvm]","com.georgeci.moneysurfer.utils.AmountInputTransformationTest",""
"","4","month window spans the whole calendar month[jvm]","","2026-07-31","passed","2026-07-31","","TransactionPeriodWindowTest[jvm]","com.georgeci.moneysurfer.domain.util.TransactionPeriodWindowTest",""
"","0","Budgets[jvm]","","2026-07-31","passed","2026-07-31","","RouteSerializationTest[jvm]","com.georgeci.moneysurfer.navigation.RouteSerializationTest",""
"","5","a category that stopped entirely still counts as a saving[jvm]","","2026-07-31","passed","2026-07-31","","InsightRulesTest[jvm]","com.georgeci.moneysurfer.domain.insight.InsightRulesTest",""
"","8","online state with sync enabled shows profile, sync, logout, members and pending invites rows[jvm]","","2026-07-31","passed","2026-07-31","","SettingsStateOfflineTest[jvm]","com.georgeci.moneysurfer.feature.settings.SettingsStateOfflineTest",""
"","0","raising the target above the saved amount re-opens a completed goal[jvm]","","2026-07-31","passed","2026-07-31","","SavingsGoalUseCaseTest[jvm]","com.georgeci.moneysurfer.domain.usecase.SavingsGoalUseCaseTest",""
"","117","no string resource escapes an apostrophe or a quote the Android way[jvm]","","2026-07-31","passed","2026-07-31","","StringResourceEscapeTest[jvm]","com.georgeci.moneysurfer.utils.StringResourceEscapeTest",""
"","5","delete unwinds impact and removes the row[jvm]","","2026-07-31","passed","2026-07-31","","ApplyTransactionChangeUseCaseTest[jvm]","com.georgeci.moneysurfer.domain.usecase.ApplyTransactionChangeUseCaseTest",""
"","43","adding a transaction from an account's list prefills that account[jvm]","","2026-07-31","passed","2026-07-31","","TransactionsByAccountNavigationTest[jvm]","com.georgeci.moneysurfer.feature.transaction.list.TransactionsByAccountNavigationTest",""
"","4","rollover carries the previous window's leftover into the effective limit[jvm]","","2026-07-31","passed","2026-07-31","","BudgetProgressTest[jvm]","com.georgeci.moneysurfer.domain.model.BudgetProgressTest",""
"","273","main DB payload without the SQLite header surfaces CorruptDatabase[jvm]","","2026-07-31","passed","2026-07-31","","BackupImporterImplJvmTest[jvm]","com.georgeci.moneysurfer.data.backup.BackupImporterImplJvmTest",""
"","3","moving reorders only the enabled widgets and leaves the switched-off ones behind them[jvm]","","2026-07-31","passed","2026-07-31","","DashboardLayoutConfigTest[jvm]","com.georgeci.moneysurfer.domain.dashboard.DashboardLayoutConfigTest",""
"","0","WorkspaceMembers[jvm]","","2026-07-31","passed","2026-07-31","","RouteSerializationTest[jvm]","com.georgeci.moneysurfer.navigation.RouteSerializationTest",""
"","27","a corrupt file degrades the layer instead of throwing out of hydrate or of the change flow[jvm]","","2026-07-31","passed","2026-07-31","","LocalConfigSourceImplJvmTest[jvm]","com.georgeci.moneysurfer.data.config.LocalConfigSourceImplJvmTest",""
"","4","contribution delete enqueues a DELETE[jvm]","","2026-07-31","passed","2026-07-31","","GoalRepositoryDualWriteSpec[jvm]","com.georgeci.moneysurfer.data.repository.GoalRepositoryDualWriteSpec",""
"","9","a blank display name falls through to the email rather than rendering empty[jvm]","","2026-07-31","passed","2026-07-31","","ShellIdentityTest[jvm]","com.georgeci.moneysurfer.navigation.ShellIdentityTest",""
"","220","the loading state renders no rows[jvm]","","2026-07-31","passed","2026-07-31","","DashboardCustomizeScreenStateTest[jvm]","com.georgeci.moneysurfer.ui.DashboardCustomizeScreenStateTest",""
"","20","the trend spans whole months whichever cadence is selected[jvm]","","2026-07-31","passed","2026-07-31","","InsightsViewModelTest[jvm]","com.georgeci.moneysurfer.feature.insights.InsightsViewModelTest",""
"","0","late December can already belong to the next week-year[jvm]","","2026-07-31","passed","2026-07-31","","TransactionPeriodWindowTest[jvm]","com.georgeci.moneysurfer.domain.util.TransactionPeriodWindowTest",""
"","234","a split leg breaks the receipt down and marks the leg being read[jvm]","","2026-07-31","passed","2026-07-31","","TransactionDetailsScreenStateTest[jvm]","com.georgeci.moneysurfer.ui.TransactionDetailsScreenStateTest",""
"","28","transitions to Content when categories arrive[jvm]","","2026-07-31","passed","2026-07-31","","CategoriesManageViewModelTest[jvm]","com.georgeci.moneysurfer.feature.category.manage.CategoriesManageViewModelTest",""
"","4","an empty repository produces content with no total[jvm]","","2026-07-31","passed","2026-07-31","","AccountChooserViewModelTest[jvm]","com.georgeci.moneysurfer.feature.account.picker.AccountChooserViewModelTest",""
"","20","invitee cannot tombstone a PENDING invite (known limitation: only status transitions)","","2026-07-31","passed","2026-07-31","","tombstone update shape (push-side soft delete)","tombstone update shape (push-side soft delete) invitee cannot tombstone a PENDING invite (known limitation: only status transitions)",""
"","37","a refresh that lands while one is in flight is dropped, not queued[jvm]","","2026-07-31","passed","2026-07-31","","RemoteGlobalConfigSourceImplSpec[jvm]","com.georgeci.moneysurfer.appconfig.remote.RemoteGlobalConfigSourceImplSpec",""
"","15","awaitNetwork bounded timeout fails with NetworkUnavailable[jvm]","","2026-07-31","passed","2026-07-31","","SyncCoordinatorImplSpec[jvm]","com.georgeci.moneysurfer.sync.coordinator.SyncCoordinatorImplSpec",""
"","1","a non-success result is refused[jvm]","","2026-07-31","passed","2026-07-31","","ExchangeRateApiTest[jvm]","com.georgeci.moneysurfer.data.remote.ExchangeRateApiTest",""
"","2","out-of-range days of month are filtered in both directions[jvm]","","2026-07-31","passed","2026-07-31","","RecurringRuleDtoMapperSpec[jvm]","com.georgeci.moneysurfer.data.sync.RecurringRuleDtoMapperSpec",""
"","150","sign-up against a taken address shows a dialog and switches to sign-in[jvm]","","2026-07-31","passed","2026-07-31","","SignInViewModelTest[jvm]","com.georgeci.moneysurfer.feature.login.SignInViewModelTest",""
"","27","user cannot delete another user's document","","2026-07-31","passed","2026-07-31","","users/{uid}","users/{uid} user cannot delete another user's document",""
"","14","releasing one key leaves the others held[jvm]","","2026-07-31","passed","2026-07-31","","LayeredConfigSpec[jvm]","com.georgeci.moneysurfer.appconfig.LayeredConfigSpec",""
"","12","nothing is degraded on the happy path[jvm]","","2026-07-31","passed","2026-07-31","","LayeredConfigSpec[jvm]","com.georgeci.moneysurfer.appconfig.LayeredConfigSpec",""
"","260","with no budget the safe-to-spend card still draws, offering the way out of its empty state[jvm]","","2026-07-31","passed","2026-07-31","","DashboardScreenStateTest[jvm]","com.georgeci.moneysurfer.ui.DashboardScreenStateTest",""
"","37","a rules rejection surfaces as PermissionDenied in a dialog[jvm]","","2026-07-31","passed","2026-07-31","","SignInViewModelTest[jvm]","com.georgeci.moneysurfer.feature.login.SignInViewModelTest",""
"","1","email-already-in-use classifies as EmailAlreadyInUse[jvm]","","2026-07-31","passed","2026-07-31","","AuthErrorClassificationTest[jvm]","com.georgeci.moneysurfer.data.repository.AuthErrorClassificationTest",""
"","10","an engine assembled without an overlay behaves as it did before[jvm]","","2026-07-31","passed","2026-07-31","","LayeredConfigSpec[jvm]","com.georgeci.moneysurfer.appconfig.LayeredConfigSpec",""
"","7","editing any field clears the error left by the previous attempt[jvm]","","2026-07-31","passed","2026-07-31","","WorkspaceCreationViewModelTest[jvm]","com.georgeci.moneysurfer.feature.workspace.creation.WorkspaceCreationViewModelTest",""
"","1","an archived budget caps nothing[jvm]","","2026-07-31","passed","2026-07-31","","SpentByCategoryTest[jvm]","com.georgeci.moneysurfer.domain.model.SpentByCategoryTest",""
"","4","a key this device has never seen is taken[jvm]","","2026-07-31","passed","2026-07-31","","UserConfigSyncPluginSpec[jvm]","com.georgeci.moneysurfer.data.sync.plugin.UserConfigSyncPluginSpec",""
"","1","valid ISO -> LocalDate[jvm]","","2026-07-31","passed","2026-07-31","","TimeFormatterTest[jvm]","com.georgeci.moneysurfer.data.repository.TimeFormatterTest",""
"","25","selecting a category publishes it back to the caller[jvm]","","2026-07-31","passed","2026-07-31","","CategoryChooserViewModelTest[jvm]","com.georgeci.moneysurfer.feature.category.picker.CategoryChooserViewModelTest",""
"","35","a split entered on the Income tab writes income legs[jvm]","","2026-07-31","passed","2026-07-31","","TransactionCreationSaveGuardsTest[jvm]","com.georgeci.moneysurfer.feature.transaction.creation.TransactionCreationSaveGuardsTest",""
"","4","a selection cuts the same window periodWindow does[jvm]","","2026-07-31","passed","2026-07-31","","SpendInsightsTest[jvm]","com.georgeci.moneysurfer.domain.model.SpendInsightsTest",""
"","6","entries come out largest first, whatever order the query answered in[jvm]","","2026-07-31","passed","2026-07-31","","SpentByCategoryTest[jvm]","com.georgeci.moneysurfer.domain.model.SpentByCategoryTest",""
"","3","a re-emission from sync keeps the type, query and expansion the user chose[jvm]","","2026-07-31","passed","2026-07-31","","CategoryChooserViewModelTest[jvm]","com.georgeci.moneysurfer.feature.category.picker.CategoryChooserViewModelTest",""
"","2","popping the last entry leaves the stack empty rather than failing[jvm]","","2026-07-31","passed","2026-07-31","","AppNavigatorTest[jvm]","com.georgeci.moneysurfer.navigation.AppNavigatorTest",""
"","22","round-trip: merchant tags and recurring rule id survive export and import[jvm]","","2026-07-31","passed","2026-07-31","","ExportImportTransactionsUseCaseTest[jvm]","com.georgeci.moneysurfer.domain.csv.ExportImportTransactionsUseCaseTest",""
"","20","skipping keeps the recommended cash default and still completes the onboarding[jvm]","","2026-07-31","passed","2026-07-31","","OnboardingViewModelTest[jvm]","com.georgeci.moneysurfer.feature.login.onboarding.OnboardingViewModelTest",""
"","2","every reporting call is a no-op, including the nullable user id[jvm]","","2026-07-31","passed","2026-07-31","","NoOpCrashReporterJvmTest[jvm]","com.georgeci.moneysurfer.data.repository.NoOpCrashReporterJvmTest",""
"","672","auth error renders a dialog instead of field or form text[jvm]","","2026-07-31","passed","2026-07-31","","SignInScreenStateTest[jvm]","com.georgeci.moneysurfer.ui.SignInScreenStateTest",""
"","8","enqueueUpsert is a no-op when app version is Unsupported[jvm]","","2026-07-31","passed","2026-07-31","","OutboxEnqueuerSpec[jvm]","com.georgeci.moneysurfer.data.sync.OutboxEnqueuerSpec",""
"","13","deleting a contribution that is already gone enqueues nothing[jvm]","","2026-07-31","passed","2026-07-31","","GoalContributionRepositoryImplJvmTest[jvm]","com.georgeci.moneysurfer.data.repository.GoalContributionRepositoryImplJvmTest",""
"","1","minus that overflows Long throws instead of wrapping[jvm]","","2026-07-31","passed","2026-07-31","","MoneyTest[jvm]","com.georgeci.moneysurfer.domain.primitives.MoneyTest",""
"","6","OnDeleteCancel clears pending without deleting[jvm]","","2026-07-31","passed","2026-07-31","","CategoriesManageViewModelTest[jvm]","com.georgeci.moneysurfer.feature.category.manage.CategoriesManageViewModelTest",""
"","562","loading state shows the full screen loader and blocks the mode toggle[jvm]","","2026-07-31","passed","2026-07-31","","SignInScreenStateTest[jvm]","com.georgeci.moneysurfer.ui.SignInScreenStateTest",""
"","2","negative amounts are an invalid format — the type toggle carries the sign[jvm]","","2026-07-31","passed","2026-07-31","","TransactionAmountInputTest[jvm]","com.georgeci.moneysurfer.feature.transaction.creation.TransactionAmountInputTest",""
"","12","zero with decimals like 000.00 is not a valid transaction amount[jvm]","","2026-07-31","passed","2026-07-31","","TransactionAmountInputTest[jvm]","com.georgeci.moneysurfer.feature.transaction.creation.TransactionAmountInputTest",""
"","317","round-trip: an exported file imports every transaction into an empty database[jvm]","","2026-07-31","passed","2026-07-31","","ExportImportTransactionsUseCaseTest[jvm]","com.georgeci.moneysurfer.domain.csv.ExportImportTransactionsUseCaseTest",""
"","3","BudgetCreation[jvm]","","2026-07-31","passed","2026-07-31","","RouteSerializationTest[jvm]","com.georgeci.moneysurfer.navigation.RouteSerializationTest",""
"","16","a detail opened from its list drops its own chrome[jvm]","","2026-07-31","passed","2026-07-31","","SurferPaneSceneStrategyTest[jvm]","com.georgeci.moneysurfer.navigation.SurferPaneSceneStrategyTest",""
"","1","reorder surfaces a repository failure instead of throwing[jvm]","","2026-07-31","passed","2026-07-31","","AccountWriteUseCasesTest[jvm]","com.georgeci.moneysurfer.domain.usecase.AccountWriteUseCasesTest",""
"","8","names a family the export does not map after the artifacts it bundles[jvm]","","2026-07-31","passed","2026-07-31","","ParseOssLibrariesTest[jvm]","com.georgeci.moneysurfer.feature.settings.about.licenses.ParseOssLibrariesTest",""
"","7","observe maps rows to domain SyncMeta[jvm]","","2026-07-31","passed","2026-07-31","","SyncMetaRepositoryImplSpec[jvm]","com.georgeci.moneysurfer.sync.internal.repository.SyncMetaRepositoryImplSpec",""
"","6","a monthly rule round-trips its month-day set and missing-day policy[jvm]","","2026-07-31","passed","2026-07-31","","RecurringRuleRepositoryImplJvmTest[jvm]","com.georgeci.moneysurfer.data.repository.RecurringRuleRepositoryImplJvmTest",""
"","21","a failed local write reports the generic error[jvm]","","2026-07-31","passed","2026-07-31","","WorkspaceCreationViewModelTest[jvm]","com.georgeci.moneysurfer.feature.workspace.creation.WorkspaceCreationViewModelTest",""
"","12","pending returns rows in createdAt order[jvm]","","2026-07-31","passed","2026-07-31","","PendingMutationQueueImplSpec[jvm]","com.georgeci.moneysurfer.data.sync.PendingMutationQueueImplSpec",""
"","5","different entries get different stores[jvm]","","2026-07-31","passed","2026-07-31","","NavEntryViewModelStoreHolderTest[jvm]","com.georgeci.moneysurfer.navigation.util.NavEntryViewModelStoreHolderTest",""
"","51","safe-to-spend stays null with no budget, so the widget can offer to set one[jvm]","","2026-07-31","passed","2026-07-31","","DashboardSafeToSpendViewModelTest[jvm]","com.georgeci.moneysurfer.feature.dashboard.DashboardSafeToSpendViewModelTest",""
"","2","an amount the field cannot parse counts as nothing rather than breaking the arithmetic[jvm]","","2026-07-31","passed","2026-07-31","","TransactionCreationStateTest[jvm]","com.georgeci.moneysurfer.feature.transaction.creation.TransactionCreationStateTest",""
"","18","owner can update workspace metadata","","2026-07-31","passed","2026-07-31","","workspaces/{wid}","workspaces/{wid} owner can update workspace metadata",""
"","2","AuthRequired is not retryable[jvm]","","2026-07-31","passed","2026-07-31","","SyncErrorSpec[jvm]","com.georgeci.moneysurfer.sync.api.SyncErrorSpec",""
"","7","different ids spread across the palette rather than collapsing onto one colour[jvm]","","2026-07-31","passed","2026-07-31","","CategoryAppearanceTest[jvm]","com.georgeci.moneysurfer.domain.model.CategoryAppearanceTest",""
"","6","BudgetDetails[jvm]","","2026-07-31","passed","2026-07-31","","RouteSerializationTest[jvm]","com.georgeci.moneysurfer.navigation.RouteSerializationTest",""
"","1","a table quoted against another base is not trusted to price this workspace[jvm]","","2026-07-31","passed","2026-07-31","","ConvertAccountsTotalUseCaseTest[jvm]","com.georgeci.moneysurfer.domain.usecase.ConvertAccountsTotalUseCaseTest",""
"","26","create blocked when clientVersionCode is below floor (0)","","2026-07-31","passed","2026-07-31","","member-gated entities (accounts)","member-gated entities (accounts) create blocked when clientVersionCode is below floor (0)",""
"","180","every tap on the root screen maps to its own destination[jvm]","","2026-07-31","passed","2026-07-31","","DashboardViewModelTest[jvm]","com.georgeci.moneysurfer.feature.dashboard.DashboardViewModelTest",""
"","1","no-op edit (same impact) yields empty delta[jvm]","","2026-07-31","passed","2026-07-31","","CalculateBalanceDeltaTest[jvm]","com.georgeci.moneysurfer.domain.model.CalculateBalanceDeltaTest",""
"","2","the headline carries the remainder, the per-day pace and the days left[jvm]","","2026-07-31","passed","2026-07-31","","SafeToSpendTest[jvm]","com.georgeci.moneysurfer.domain.model.SafeToSpendTest",""
"","1","redactEmail handles a domain without a dot[jvm]","","2026-07-31","passed","2026-07-31","","PiiRedactionTest[jvm]","com.georgeci.moneysurfer.domain.logging.PiiRedactionTest",""
"","38","recentTransactionsEmpty is true when no transactions are logged[jvm]","","2026-07-31","passed","2026-07-31","","DashboardViewModelTest[jvm]","com.georgeci.moneysurfer.feature.dashboard.DashboardViewModelTest",""
"","11","dismissing the export options asks for nothing[jvm]","","2026-07-31","passed","2026-07-31","","BackupViewModelTest[jvm]","com.georgeci.moneysurfer.feature.settings.backup.BackupViewModelTest",""
"","2","rejects when no current user[jvm]","","2026-07-31","passed","2026-07-31","","LeaveWorkspaceUseCaseTest[jvm]","com.georgeci.moneysurfer.domain.usecase.LeaveWorkspaceUseCaseTest",""
"","264","a build without transfers draws no Transfer segment[jvm]","","2026-07-31","passed","2026-07-31","","TransactionCreationScreenStateTest[jvm]","com.georgeci.moneysurfer.ui.TransactionCreationScreenStateTest",""
"","1","owner whose co-members all LEFT or were REMOVED still purges[jvm]","","2026-07-31","passed","2026-07-31","","UserAccountDeletionRepositoryImplTest[jvm]","com.georgeci.moneysurfer.data.repository.UserAccountDeletionRepositoryImplTest",""
"","46","a device-scoped setting is neither wiped nor held[jvm]","","2026-07-31","passed","2026-07-31","","LocalDataResetIntegrationIT[jvm]","com.georgeci.moneysurfer.integration.repository.LocalDataResetIntegrationIT",""
"","6","the throwable travels with its entry[jvm]","","2026-07-31","passed","2026-07-31","","DebugLogBufferTest[jvm]","com.georgeci.moneysurfer.domain.logging.DebugLogBufferTest",""
"","9","PUSH_MEMBERS sits between PUSH_WORKSPACE and PUSH_INVITES[jvm]","","2026-07-31","passed","2026-07-31","","SyncStepOrderTest[jvm]","com.georgeci.moneysurfer.domain.model.SyncStepOrderTest",""
"","15","an insert is paired with an INSERT outbox entry scoped to the workspace[jvm]","","2026-07-31","passed","2026-07-31","","GoalContributionRepositoryImplJvmTest[jvm]","com.georgeci.moneysurfer.data.repository.GoalContributionRepositoryImplJvmTest",""
"","22","a stored appearance lands on its own slot, and the id-hash fallback agrees with domain[jvm]","","2026-07-31","passed","2026-07-31","","CategoryPaletteParityTest[jvm]","com.georgeci.moneysurfer.feature.category.CategoryPaletteParityTest",""
"","9","every currency carries a code, a symbol and a display name[jvm]","","2026-07-31","passed","2026-07-31","","CurrencyRepositoryImplTest[jvm]","com.georgeci.moneysurfer.data.repository.CurrencyRepositoryImplTest",""
"","6","EmulatorClientSmokeSpec[jvm]","","2026-07-31","passed","2026-07-31","","Gradle Test Run :sync-surfer:jvmTest[jvm]","Gradle Test Run :sync-surfer:jvmTest",""
"","2","the bounds compare against the magnitude and stay inclusive[jvm]","","2026-07-31","passed","2026-07-31","","TransactionFilterMatchingTest[jvm]","com.georgeci.moneysurfer.feature.transaction.filter.TransactionFilterMatchingTest",""
"","335","sealed blob does not contain the plaintext[jvm]","","2026-07-31","passed","2026-07-31","","EncryptedBackupCodecTest[jvm]","com.georgeci.moneysurfer.data.backup.EncryptedBackupCodecTest",""
"","287","the form opens on the currency list with the first entry preselected[jvm]","","2026-07-31","passed","2026-07-31","","WorkspaceCreationViewModelTest[jvm]","com.georgeci.moneysurfer.feature.workspace.creation.WorkspaceCreationViewModelTest",""
"","3","each preset resolves the span its label promises[jvm]","","2026-07-31","passed","2026-07-31","","TransactionFilterMatchingTest[jvm]","com.georgeci.moneysurfer.feature.transaction.filter.TransactionFilterMatchingTest",""
"","7","fresh repository starts empty[jvm]","","2026-07-31","passed","2026-07-31","","SyncMetaRepositoryImplSpec[jvm]","com.georgeci.moneysurfer.data.sync.SyncMetaRepositoryImplSpec",""
"","2","isEnabled is true when signed in and gate allows[jvm]","","2026-07-31","passed","2026-07-31","","OutboxEnqueuerImplSpec[jvm]","com.georgeci.moneysurfer.sync.repository.OutboxEnqueuerImplSpec",""
"","47","row referencing a missing account is reported and not inserted[jvm]","","2026-07-31","passed","2026-07-31","","CsvBackupIntegrationIT[jvm]","com.georgeci.moneysurfer.integration.repository.CsvBackupIntegrationIT",""
"","25","a delete drops the row and enqueues a tombstone[jvm]","","2026-07-31","passed","2026-07-31","","BudgetRepositoryImplJvmTest[jvm]","com.georgeci.moneysurfer.data.repository.BudgetRepositoryImplJvmTest",""
"","5","existing user with empty workspaceIds returns null default and leaves pointer untouched[jvm]","","2026-07-31","passed","2026-07-31","","PostAuthBootstrapUseCaseTest[jvm]","com.georgeci.moneysurfer.domain.usecase.PostAuthBootstrapUseCaseTest",""
"","25","owner create blocked when status != PENDING","","2026-07-31","passed","2026-07-31","","invites — write","invites — write owner create blocked when status != PENDING",""
"","21","owner can tombstone an invite","","2026-07-31","passed","2026-07-31","","tombstone update shape (push-side soft delete)","tombstone update shape (push-side soft delete) owner can tombstone an invite",""
"","0","anonymous flow (null password) skips re-auth[jvm]","","2026-07-31","passed","2026-07-31","","DeleteUserAccountUseCaseTest[jvm]","com.georgeci.moneysurfer.domain.usecase.DeleteUserAccountUseCaseTest",""
"","59","clicking a destination reports that destination[jvm]","","2026-07-31","passed","2026-07-31","","SurferNavigationDrawerTest[jvm]","com.georgeci.moneysurfer.ui.SurferNavigationDrawerTest",""
"","68","an offline user with a workspace but no accounts resumes first-run account creation[jvm]","","2026-07-31","passed","2026-07-31","","AppLaunchViewModelTest[jvm]","com.georgeci.moneysurfer.navigation.AppLaunchViewModelTest",""
"","4","picking the grid width a widget already has is not written back[jvm]","","2026-07-31","passed","2026-07-31","","DashboardCustomizeViewModelTest[jvm]","com.georgeci.moneysurfer.feature.dashboard.customize.DashboardCustomizeViewModelTest",""
"","1","an ordinary transaction is a group of one and is not a split[jvm]","","2026-07-31","passed","2026-07-31","","TransactionSplitGroupTest[jvm]","com.georgeci.moneysurfer.domain.model.TransactionSplitGroupTest",""
"","53","a workspace the device has not pulled yet has no currency to name the numbers in[jvm]","","2026-07-31","passed","2026-07-31","","GetBurnRateUseCaseTest[jvm]","com.georgeci.moneysurfer.domain.usecase.GetBurnRateUseCaseTest",""
"","44","a weekly rule round-trips its weekday set through the CSV column[jvm]","","2026-07-31","passed","2026-07-31","","RecurringRuleRepositoryImplJvmTest[jvm]","com.georgeci.moneysurfer.data.repository.RecurringRuleRepositoryImplJvmTest",""
"","6","writes local pointer and skips remote when no Firebase uid[jvm]","","2026-07-31","passed","2026-07-31","","SelectWorkspaceUseCaseTest[jvm]","com.georgeci.moneysurfer.domain.usecase.SelectWorkspaceUseCaseTest",""
"","6","an already REMOVED member row is left untouched[jvm]","","2026-07-31","passed","2026-07-31","","UserAccountDeletionRepositoryImplTest[jvm]","com.georgeci.moneysurfer.data.repository.UserAccountDeletionRepositoryImplTest",""
"","0","DashboardCustomize[jvm]","","2026-07-31","passed","2026-07-31","","RouteSerializationTest[jvm]","com.georgeci.moneysurfer.navigation.RouteSerializationTest",""
"","309","with card styles switched off the sheet offers the widths and nothing else[jvm]","","2026-07-31","passed","2026-07-31","","DashboardCustomizeScreenStateTest[jvm]","com.georgeci.moneysurfer.ui.DashboardCustomizeScreenStateTest",""
"","3","TransactionCreation[jvm]","","2026-07-31","passed","2026-07-31","","RouteSerializationTest[jvm]","com.georgeci.moneysurfer.navigation.RouteSerializationTest",""
"","1","'.99' -> '.99'[jvm]","","2026-07-31","passed","2026-07-31","","AmountInputTransformationTest[jvm]","com.georgeci.moneysurfer.utils.AmountInputTransformationTest",""
"","24","a foreign-currency expense is absent from the categories and reported as excluded[jvm]","","2026-07-31","passed","2026-07-31","","SpendAnalyticsRepositoryImplJvmTest[jvm]","com.georgeci.moneysurfer.data.repository.SpendAnalyticsRepositoryImplJvmTest",""
"","101","each prefill failure gets its own message, since they call for different actions[jvm]","","2026-07-31","passed","2026-07-31","","DebugConfigScreenStateTest[jvm]","com.georgeci.moneysurfer.ui.DebugConfigScreenStateTest",""
"","17","markAccepted transitions status and stamps respondedAt[jvm]","","2026-07-31","passed","2026-07-31","","WorkspaceInviteRepositoryDualWriteSpec[jvm]","com.georgeci.moneysurfer.data.repository.WorkspaceInviteRepositoryDualWriteSpec",""
"","15","the type filter narrows the list without touching the period summary[jvm]","","2026-07-31","passed","2026-07-31","","TransactionsByAccountFilteringTest[jvm]","com.georgeci.moneysurfer.feature.transaction.list.TransactionsByAccountFilteringTest",""
"","8","staging a delete counts the children the confirmation has to warn about[jvm]","","2026-07-31","passed","2026-07-31","","CategoriesManageViewModelTest[jvm]","com.georgeci.moneysurfer.feature.category.manage.CategoriesManageViewModelTest",""
"","3","blob shorter than header + MAC is rejected as InvalidArchive[jvm]","","2026-07-31","passed","2026-07-31","","EncryptedBackupCodecTest[jvm]","com.georgeci.moneysurfer.data.backup.EncryptedBackupCodecTest",""
"","308","editing hands back the fields the form has no input for[jvm]","","2026-07-31","passed","2026-07-31","","TransactionCreationEditTest[jvm]","com.georgeci.moneysurfer.feature.transaction.creation.TransactionCreationEditTest",""
"","1","a leg carrying no money is refused[jvm]","","2026-07-31","passed","2026-07-31","","CreateSplitTransactionUseCaseTest[jvm]","com.georgeci.moneysurfer.domain.usecase.CreateSplitTransactionUseCaseTest",""
"","2","transitions to empty Content when categories are removed[jvm]","","2026-07-31","passed","2026-07-31","","CategoriesManageViewModelTest[jvm]","com.georgeci.moneysurfer.feature.category.manage.CategoriesManageViewModelTest",""
"","111","an inline panel beside the two panes adds no chrome of its own[jvm]","","2026-07-31","passed","2026-07-31","","SurferPaneChromeTest[jvm]","com.georgeci.moneysurfer.ui.SurferPaneChromeTest",""
"","4","the sync toggle is device-scoped, so logging out cannot silently re-enable sync[jvm]","","2026-07-31","passed","2026-07-31","","ConfigKeyScopeTest[jvm]","com.georgeci.moneysurfer.data.config.ConfigKeyScopeTest",""
"","0","SettingsDeleteAccount[jvm]","","2026-07-31","passed","2026-07-31","","RouteSerializationTest[jvm]","com.georgeci.moneysurfer.navigation.RouteSerializationTest",""
"","27","rejects a non-string transaction splitId","","2026-07-31","passed","2026-07-31","","entity write-shape validation (issue #156)","entity write-shape validation (issue #156) rejects a non-string transaction splitId",""
"","11","neither leg of a pair can be duplicated on its own[jvm]","","2026-07-31","passed","2026-07-31","","TransactionDetailsViewModelTest[jvm]","com.georgeci.moneysurfer.feature.transaction.details.TransactionDetailsViewModelTest",""
"","24","offline build offers only the demo sign-in entry point[jvm]","","2026-07-31","passed","2026-07-31","","OfflineConfigGraphTest[jvm]","com.georgeci.moneysurfer.offline.di.OfflineConfigGraphTest",""
"","0","equal timestamps → take local (stable, no-op re-pull)[jvm]","","2026-07-31","passed","2026-07-31","","LwwConflictResolverSpec[jvm]","com.georgeci.moneysurfer.sync.repository.LwwConflictResolverSpec",""
"","0","'0.99' -> '0.99'[jvm]","","2026-07-31","passed","2026-07-31","","AmountInputTransformationTest[jvm]","com.georgeci.moneysurfer.utils.AmountInputTransformationTest",""
"","3","running state emits step progression and reaches Completed[jvm]","","2026-07-31","passed","2026-07-31","","SyncCoordinatorImplSpec[jvm]","com.georgeci.moneysurfer.sync.coordinator.SyncCoordinatorImplSpec",""
"","0","'1 2' (spaces)[jvm]","","2026-07-31","passed","2026-07-31","","AmountInputTransformationTest[jvm]","com.georgeci.moneysurfer.utils.AmountInputTransformationTest",""
"","40","with no budget the card says so and leaves the bar empty[jvm]","","2026-07-31","passed","2026-07-31","","DashboardSpentMonthViewModelTest[jvm]","com.georgeci.moneysurfer.feature.dashboard.DashboardSpentMonthViewModelTest",""
"","69","a signed-in session drains the outbox rather than waiting for the next tick[jvm]","","2026-07-31","passed","2026-07-31","","DebugDataPrefillerTest[jvm]","com.georgeci.moneysurfer.domain.debug.DebugDataPrefillerTest",""
"","18","balance input strips letters and collapses extra decimal separators[jvm]","","2026-07-31","passed","2026-07-31","","AccountCreationViewModelTest[jvm]","com.georgeci.moneysurfer.feature.account.creation.AccountCreationViewModelTest",""
"","1","PermissionDenied is not retryable[jvm]","","2026-07-31","passed","2026-07-31","","SyncErrorSpec[jvm]","com.georgeci.moneysurfer.sync.api.SyncErrorSpec",""
"","84","archived budgets never reach the budgets widget[jvm]","","2026-07-31","passed","2026-07-31","","DashboardBudgetsViewModelTest[jvm]","com.georgeci.moneysurfer.feature.dashboard.DashboardBudgetsViewModelTest",""
"","3","skip neither writes nor reports the remote value as applied[jvm]","","2026-07-31","passed","2026-07-31","","ApplyResolutionSpec[jvm]","com.georgeci.moneysurfer.data.sync.plugin.ApplyResolutionSpec",""
"","10","a daily rule fires on the day it lands on its own step[jvm]","","2026-07-31","passed","2026-07-31","","UpcomingRecurringTest[jvm]","com.georgeci.moneysurfer.domain.model.UpcomingRecurringTest",""
"","17","non-owner member cannot hard-delete the workspace doc","","2026-07-31","passed","2026-07-31","","workspaces/{wid}","workspaces/{wid} non-owner member cannot hard-delete the workspace doc",""
"","38","the picked account kind is handed to account creation[jvm]","","2026-07-31","passed","2026-07-31","","OnboardingViewModelTest[jvm]","com.georgeci.moneysurfer.feature.login.onboarding.OnboardingViewModelTest",""
"","21","a non-blank name enables save[jvm]","","2026-07-31","passed","2026-07-31","","CategoryCreationViewModelTest[jvm]","com.georgeci.moneysurfer.feature.category.creation.CategoryCreationViewModelTest",""
"","524","below expanded width every widget still gets the whole row, whatever its span says[jvm]","","2026-07-31","passed","2026-07-31","","DashboardGridScreenTest[jvm]","com.georgeci.moneysurfer.ui.DashboardGridScreenTest",""
"","1241","password is masked until the reveal toggle is tapped[jvm]","","2026-07-31","passed","2026-07-31","","SignInScreenStateTest[jvm]","com.georgeci.moneysurfer.ui.SignInScreenStateTest",""
"","13","shutdown is idempotent — repeated calls keep cancelling[jvm]","","2026-07-31","passed","2026-07-31","","SessionShutdownGateImplSpec[jvm]","com.georgeci.moneysurfer.data.sync.SessionShutdownGateImplSpec",""
"","20","a user can create a setting of their own","","2026-07-31","passed","2026-07-31","","users/{uid}/config/{key}","users/{uid}/config/{key} a user can create a setting of their own",""
"","3","SettingsSync[jvm]","","2026-07-31","passed","2026-07-31","","RouteSerializationTest[jvm]","com.georgeci.moneysurfer.navigation.RouteSerializationTest",""
"","40","future format version surfaces FormatMismatch[jvm]","","2026-07-31","passed","2026-07-31","","BackupImporterImplJvmTest[jvm]","com.georgeci.moneysurfer.data.backup.BackupImporterImplJvmTest",""
"","28","an unreadable config_entry degrades the layer instead of throwing[jvm]","","2026-07-31","passed","2026-07-31","","LocalConfigSourceImplJvmTest[jvm]","com.georgeci.moneysurfer.data.config.LocalConfigSourceImplJvmTest",""
"","10","create planned produces empty delta[jvm]","","2026-07-31","passed","2026-07-31","","CalculateBalanceDeltaTest[jvm]","com.georgeci.moneysurfer.domain.model.CalculateBalanceDeltaTest",""
"","18","re-selecting the period the screen is already on changes nothing[jvm]","","2026-07-31","passed","2026-07-31","","InsightsViewModelTest[jvm]","com.georgeci.moneysurfer.feature.insights.InsightsViewModelTest",""
"","27","rejects a poison update of an existing account (balance as string)","","2026-07-31","passed","2026-07-31","","entity write-shape validation (issue #156)","entity write-shape validation (issue #156) rejects a poison update of an existing account (balance as string)",""
"","1","monthly window is anchored on the start date's day of month[jvm]","","2026-07-31","passed","2026-07-31","","BudgetPeriodWindowTest[jvm]","com.georgeci.moneysurfer.domain.util.BudgetPeriodWindowTest",""
"","12","the dashboard opens on Month[jvm]","","2026-07-31","passed","2026-07-31","","DashboardPeriodTest[jvm]","com.georgeci.moneysurfer.domain.dashboard.DashboardPeriodTest",""
"","71","the toolbar falls back to a generic title when no account owns the list[jvm]","","2026-07-31","passed","2026-07-31","","TransactionsListScreenStateTest[jvm]","com.georgeci.moneysurfer.ui.TransactionsListScreenStateTest",""
"","59","a request that started while sync was enabled is not retried once it is disabled[jvm]","","2026-07-31","passed","2026-07-31","","SyncCoordinatorWorkspaceSyncerSpec[jvm]","com.georgeci.moneysurfer.data.sync.SyncCoordinatorWorkspaceSyncerSpec",""
"","1","setting the status of a missing goal is rejected[jvm]","","2026-07-31","passed","2026-07-31","","SavingsGoalUseCaseTest[jvm]","com.georgeci.moneysurfer.domain.usecase.SavingsGoalUseCaseTest",""
"","1","the most-used currency leads regardless of account order[jvm]","","2026-07-31","passed","2026-07-31","","AccountTotalsTest[jvm]","com.georgeci.moneysurfer.domain.model.AccountTotalsTest",""
"","22","matches a whole word in the middle of a note[jvm]","","2026-07-31","passed","2026-07-31","","TransactionFtsIntegrationIT[jvm]","com.georgeci.moneysurfer.integration.repository.TransactionFtsIntegrationIT",""
"","1","opened from Settings the screen has a back entry, so it offers no sign-out[jvm]","","2026-07-31","passed","2026-07-31","","WorkspaceSelectorViewModelTest[jvm]","com.georgeci.moneysurfer.feature.workspace.selector.WorkspaceSelectorViewModelTest",""
"","1","the badge counts filters, not the search text[jvm]","","2026-07-31","passed","2026-07-31","","TransactionFilterMatchingTest[jvm]","com.georgeci.moneysurfer.feature.transaction.filter.TransactionFilterMatchingTest",""
"","1","a week selection covers the ISO week containing the anchor[jvm]","","2026-07-31","passed","2026-07-31","","SpendInsightsTest[jvm]","com.georgeci.moneysurfer.domain.model.SpendInsightsTest",""
"","1","the legs a save would write pair each line's category with its share[jvm]","","2026-07-31","passed","2026-07-31","","TransactionCreationSplitEditingTest[jvm]","com.georgeci.moneysurfer.feature.transaction.creation.TransactionCreationSplitEditingTest",""
"","1","over-assigning drives the remainder negative, which is not a saveable receipt[jvm]","","2026-07-31","passed","2026-07-31","","TransactionCreationSplitEditingTest[jvm]","com.georgeci.moneysurfer.feature.transaction.creation.TransactionCreationSplitEditingTest",""
"","43","a body that is not the payload we expect reads as no answer[jvm]","","2026-07-31","passed","2026-07-31","","HttpExchangeRateRemoteSourceJvmTest[jvm]","com.georgeci.moneysurfer.data.remote.HttpExchangeRateRemoteSourceJvmTest",""
"","8","dangerous merchants and tags survive a full CSV round-trip unchanged[jvm]","","2026-07-31","passed","2026-07-31","","TransactionCsvCodecTest[jvm]","com.georgeci.moneysurfer.domain.csv.TransactionCsvCodecTest",""
"","2","ConflictResolution.TakeRemote carries the remote value[jvm]","","2026-07-31","passed","2026-07-31","","ConflictResolverSpec[jvm]","com.georgeci.moneysurfer.sync.repository.ConflictResolverSpec",""
"","8","reorder numbers the accounts in the order it was given[jvm]","","2026-07-31","passed","2026-07-31","","AccountWriteUseCasesTest[jvm]","com.georgeci.moneysurfer.domain.usecase.AccountWriteUseCasesTest",""
"","25","stranger cannot read someone else's invite by direct id","","2026-07-31","passed","2026-07-31","","invites — read","invites — read stranger cannot read someone else's invite by direct id",""
"","18","the day's net counts every leg, not just the one standing for the group[jvm]","","2026-07-31","passed","2026-07-31","","TransactionsListSplitTest[jvm]","com.georgeci.moneysurfer.feature.transaction.list.TransactionsListSplitTest",""
"","20","the amount bounds compare against the magnitude, not the sign[jvm]","","2026-07-31","passed","2026-07-31","","TransactionsByAccountFilteringTest[jvm]","com.georgeci.moneysurfer.feature.transaction.list.TransactionsByAccountFilteringTest",""
"","2","an ordinary transaction's edit touches nothing else[jvm]","","2026-07-31","passed","2026-07-31","","UpdateTransactionUseCaseTest[jvm]","com.georgeci.moneysurfer.domain.usecase.UpdateTransactionUseCaseTest",""
"","1","deleting an id that is not there returns nothing, so no Undo is offered[jvm]","","2026-07-31","passed","2026-07-31","","DeleteTransactionUseCaseTest[jvm]","com.georgeci.moneysurfer.domain.usecase.DeleteTransactionUseCaseTest",""
"","2","calling twice on a single demo session wipes once and stays cleared[jvm]","","2026-07-31","passed","2026-07-31","","WipeDemoDataUseCaseSpec[jvm]","com.georgeci.moneysurfer.domain.usecase.WipeDemoDataUseCaseSpec",""
"","1","cancel invokes the supplied cancelAction once[jvm]","","2026-07-31","passed","2026-07-31","","SyncHandleImplSpec[jvm]","com.georgeci.moneysurfer.sync.coordinator.SyncHandleImplSpec",""
"","4","does nothing without a Firebase session[jvm]","","2026-07-31","passed","2026-07-31","","WorkspaceRefRegistrarSpec[jvm]","com.georgeci.moneysurfer.data.sync.WorkspaceRefRegistrarSpec",""
"","2","week window runs Monday to Sunday around the anchor[jvm]","","2026-07-31","passed","2026-07-31","","TransactionPeriodWindowTest[jvm]","com.georgeci.moneysurfer.domain.util.TransactionPeriodWindowTest",""
"","1941","every registered configuration key name is unique across the whole graph[jvm]","","2026-07-31","passed","2026-07-31","","OfflineConfigGraphTest[jvm]","com.georgeci.moneysurfer.offline.di.OfflineConfigGraphTest",""
"","10","back navigates away[jvm]","","2026-07-31","passed","2026-07-31","","DebugConfigViewModelTest[jvm]","com.georgeci.moneysurfer.feature.settings.debug.DebugConfigViewModelTest",""
"","37","import errors are exposed with row numbers in the state report[jvm]","","2026-07-31","passed","2026-07-31","","CsvBackupViewModelTest[jvm]","com.georgeci.moneysurfer.feature.settings.csv.CsvBackupViewModelTest",""
"","10","category seed failure returns LocalWriteFailed and skips remote work and pin[jvm]","","2026-07-31","passed","2026-07-31","","CreateWorkspaceUseCaseTest[jvm]","com.georgeci.moneysurfer.domain.usecase.CreateWorkspaceUseCaseTest",""
"","3","wrong-password (FIRAuth 17009) classifies as InvalidCredentials[jvm]","","2026-07-31","passed","2026-07-31","","AuthErrorClassificationTest[jvm]","com.georgeci.moneysurfer.data.repository.AuthErrorClassificationTest",""
"","15","a mirrored value survives a cold start[jvm]","","2026-07-31","passed","2026-07-31","","RemoteConfigMirrorImplJvmTest[jvm]","com.georgeci.moneysurfer.data.config.RemoteConfigMirrorImplJvmTest",""
"","0","WorkspaceMemberActions[jvm]","","2026-07-31","passed","2026-07-31","","RouteSerializationTest[jvm]","com.georgeci.moneysurfer.navigation.RouteSerializationTest",""
"","10","all account types resolve to distinct resources[jvm]","","2026-07-31","passed","2026-07-31","","AccountTypeLabelTest[jvm]","com.georgeci.moneysurfer.feature.account.AccountTypeLabelTest",""
"","2","returns Right for a Workspace scope[jvm]","","2026-07-31","passed","2026-07-31","","NoOpRecalculateLocalProjectionsUseCaseSpec[jvm]","com.georgeci.moneysurfer.sync.internal.usecase.NoOpRecalculateLocalProjectionsUseCaseSpec",""
"","1","transactions dated after today are backed out of the anchor[jvm]","","2026-07-31","passed","2026-07-31","","AccountBalanceSeriesTest[jvm]","com.georgeci.moneysurfer.domain.model.AccountBalanceSeriesTest",""
"","28","a member push stamps the invite that admits them[jvm]","","2026-07-31","passed","2026-07-31","","WorkspaceTreeSyncPluginIT[jvm]","com.georgeci.moneysurfer.integration.plugin.WorkspaceTreeSyncPluginIT",""
"","10","a manual sync is dropped while sync is disabled[jvm]","","2026-07-31","passed","2026-07-31","","SyncViewModelTest[jvm]","com.georgeci.moneysurfer.feature.settings.sync.SyncViewModelTest",""
"","21","index follows the content table on update, and search drops soft-deleted rows[jvm]","","2026-07-31","passed","2026-07-31","","TransactionFtsIntegrationIT[jvm]","com.georgeci.moneysurfer.integration.repository.TransactionFtsIntegrationIT",""
"","1","throwIfCancelled does nothing when active[jvm]","","2026-07-31","passed","2026-07-31","","SyncCancelTokenSpec[jvm]","com.georgeci.moneysurfer.sync.api.SyncCancelTokenSpec",""
"","194","the workspace created after that sign-in stays pinned[jvm]","","2026-07-31","passed","2026-07-31","","DemoSessionHandoffIntegrationIT[jvm]","com.georgeci.moneysurfer.integration.repository.DemoSessionHandoffIntegrationIT",""
"","157","a sparse search keeps loading until deep matches surface, not showing nothing[jvm]","","2026-07-31","passed","2026-07-31","","TransactionsByAccountFilteringTest[jvm]","com.georgeci.moneysurfer.feature.transaction.list.TransactionsByAccountFilteringTest",""
"","28","a window that booked nothing is an empty history, not a missing one[jvm]","","2026-07-31","passed","2026-07-31","","GetMonthlyNetHistoryUseCaseTest[jvm]","com.georgeci.moneysurfer.domain.usecase.GetMonthlyNetHistoryUseCaseTest",""
"","458","a root-collection outbox row and a truncated queue both render their own wording[jvm]","","2026-07-31","passed","2026-07-31","","SyncScreenStateTest[jvm]","com.georgeci.moneysurfer.ui.SyncScreenStateTest",""
"","479","the arrows page the period[jvm]","","2026-07-31","passed","2026-07-31","","InsightsScreenTest[jvm]","com.georgeci.moneysurfer.ui.InsightsScreenTest",""
"","59","rules arrive dated and sorted, with the ones due today or tomorrow tinted[jvm]","","2026-07-31","passed","2026-07-31","","DashboardRecurringViewModelTest[jvm]","com.georgeci.moneysurfer.feature.dashboard.DashboardRecurringViewModelTest",""
"","44","invitee cannot flip ACCEPTED → DECLINED (terminal state immutable)","","2026-07-31","passed","2026-07-31","","invites — update / delete","invites — update / delete invitee cannot flip ACCEPTED → DECLINED (terminal state immutable)",""
"","5","a move that changes nothing is not written back[jvm]","","2026-07-31","passed","2026-07-31","","DashboardCustomizeViewModelTest[jvm]","com.georgeci.moneysurfer.feature.dashboard.customize.DashboardCustomizeViewModelTest",""
"","4","lastOutcome records failure when use case returns Left[jvm]","","2026-07-31","passed","2026-07-31","","SyncCoordinatorImplSpec[jvm]","com.georgeci.moneysurfer.sync.coordinator.SyncCoordinatorImplSpec",""
"","24","rejects a non-string transaction recurringRuleId","","2026-07-31","passed","2026-07-31","","entity write-shape validation (issue #156)","entity write-shape validation (issue #156) rejects a non-string transaction recurringRuleId",""
"","104","widths below the Medium bound are Compact[jvm]","","2026-07-31","passed","2026-07-31","","SurferWindowSizeTest[jvm]","com.georgeci.moneysurfer.uikit.window.SurferWindowSizeTest",""
"","12","a workspace survives the round trip, id included[jvm]","","2026-07-31","passed","2026-07-31","","WorkspaceScopedDtoMapperSpec[jvm]","com.georgeci.moneysurfer.data.sync.WorkspaceScopedDtoMapperSpec",""
"","20","a user can list their whole settings collection","","2026-07-31","passed","2026-07-31","","users/{uid}/config/{key}","users/{uid}/config/{key} a user can list their whole settings collection",""
"","11","a write is readable synchronously the moment edit returns[jvm]","","2026-07-31","passed","2026-07-31","","PreferencesMirrorJvmTest[jvm]","com.georgeci.moneysurfer.data.config.PreferencesMirrorJvmTest",""
"","14","a PLANNED row is not spend that happened[jvm]","","2026-07-31","passed","2026-07-31","","SpendAnalyticsRepositoryImplJvmTest[jvm]","com.georgeci.moneysurfer.data.repository.SpendAnalyticsRepositoryImplJvmTest",""
"","1","SimpleCancelToken cancel is idempotent[jvm]","","2026-07-31","passed","2026-07-31","","SyncCancelTokenSpec[jvm]","com.georgeci.moneysurfer.sync.api.SyncCancelTokenSpec",""
"","29","list across all workspaces is denied — workspace get/list both gated by isMember","","2026-07-31","passed","2026-07-31","","workspaces/{wid}","workspaces/{wid} list across all workspaces is denied — workspace get/list both gated by isMember",""
"","26","updates the workspace base currency[jvm]","","2026-07-31","passed","2026-07-31","","UpdateWorkspaceCurrencyUseCaseTest[jvm]","com.georgeci.moneysurfer.domain.usecase.UpdateWorkspaceCurrencyUseCaseTest",""
"","6","Confirm with nothing selected does nothing[jvm]","","2026-07-31","passed","2026-07-31","","WorkspaceSelectorViewModelTest[jvm]","com.georgeci.moneysurfer.feature.workspace.selector.WorkspaceSelectorViewModelTest",""
"","4","a baseline shorter than the window is not a comparison[jvm]","","2026-07-31","passed","2026-07-31","","InsightRulesTest[jvm]","com.georgeci.moneysurfer.domain.insight.InsightRulesTest",""
"","2","SyncHandleStatus.Running carries currentStep[jvm]","","2026-07-31","passed","2026-07-31","","SyncStateSpec[jvm]","com.georgeci.moneysurfer.sync.api.SyncStateSpec",""
"","3","a manual sync reaches the coordinator as a MANUAL request[jvm]","","2026-07-31","passed","2026-07-31","","SyncViewModelTest[jvm]","com.georgeci.moneysurfer.feature.settings.sync.SyncViewModelTest",""
"","41","the baseline is the same stretch of the previous month, not the whole of it[jvm]","","2026-07-31","passed","2026-07-31","","GenerateInsightsUseCaseTest[jvm]","com.georgeci.moneysurfer.domain.usecase.GenerateInsightsUseCaseTest",""
"","33","non-member cannot tombstone an account","","2026-07-31","passed","2026-07-31","","tombstone update shape (push-side soft delete)","tombstone update shape (push-side soft delete) non-member cannot tombstone an account",""
"","10","the switch's two entries map onto the transaction and budget spellings of the same span[jvm]","","2026-07-31","passed","2026-07-31","","DashboardPeriodTest[jvm]","com.georgeci.moneysurfer.domain.dashboard.DashboardPeriodTest",""
"","6","clearing the field is always allowed[jvm]","","2026-07-31","passed","2026-07-31","","AmountInputTransformationTest[jvm]","com.georgeci.moneysurfer.utils.AmountInputTransformationTest",""
"","5","cancellation mid-batch completes the pushed prefix and re-queues the rest as cancelled[jvm]","","2026-07-31","passed","2026-07-31","","UploadPendingChangesUseCaseImplSpec[jvm]","com.georgeci.moneysurfer.data.sync.UploadPendingChangesUseCaseImplSpec",""
"","98","the period switch stands down when nothing on the layout reads it[jvm]","","2026-07-31","passed","2026-07-31","","DashboardPeriodViewModelTest[jvm]","com.georgeci.moneysurfer.feature.dashboard.DashboardPeriodViewModelTest",""
"","853","on a phone the pill follows the host's card-style build key[jvm]","","2026-07-31","passed","2026-07-31","","DashboardCustomizeScreenStateTest[jvm]","com.georgeci.moneysurfer.ui.DashboardCustomizeScreenStateTest",""
"","1","blank -> null[jvm]","","2026-07-31","passed","2026-07-31","","TimeFormatterTest[jvm]","com.georgeci.moneysurfer.data.repository.TimeFormatterTest",""
"","1","redactEmail returns a fixed marker for blank input[jvm]","","2026-07-31","passed","2026-07-31","","PiiRedactionTest[jvm]","com.georgeci.moneysurfer.domain.logging.PiiRedactionTest",""
"","553","the footer's two buttons are the only way the draft leaves this screen[jvm]","","2026-07-31","passed","2026-07-31","","TransactionFiltersScreenStateTest[jvm]","com.georgeci.moneysurfer.ui.TransactionFiltersScreenStateTest",""
"","27","unauthenticated user cannot append to invitedWorkspaceIds","","2026-07-31","passed","2026-07-31","","users/{uid} — invitedWorkspaceIds cross-user append","users/{uid} — invitedWorkspaceIds cross-user append unauthenticated user cannot append to invitedWorkspaceIds",""
"","31","letters are stripped from the target field[jvm]","","2026-07-31","passed","2026-07-31","","GoalEditViewModelTest[jvm]","com.georgeci.moneysurfer.feature.goal.edit.GoalEditViewModelTest",""
"","155","email error renders under the email field, not as the shared error text[jvm]","","2026-07-31","passed","2026-07-31","","SignInScreenStateTest[jvm]","com.georgeci.moneysurfer.ui.SignInScreenStateTest",""
"","16","a parent lists its children with the share each takes of the parent total[jvm]","","2026-07-31","passed","2026-07-31","","CategoryDetailsViewModelTest[jvm]","com.georgeci.moneysurfer.feature.category.details.CategoryDetailsViewModelTest",""
"","4","warnings come before wins, and both before the neutral facts[jvm]","","2026-07-31","passed","2026-07-31","","InsightRulesTest[jvm]","com.georgeci.moneysurfer.domain.insight.InsightRulesTest",""
"","5","empty batch keeps the cursor untouched but still marks success[jvm]","","2026-07-31","passed","2026-07-31","","PullRemoteChangesUseCaseImplSpec[jvm]","com.georgeci.moneysurfer.data.sync.PullRemoteChangesUseCaseImplSpec",""
"","3","onStepEntered handles every SyncStep variant including parameterised ones[jvm]","","2026-07-31","passed","2026-07-31","","KermitSyncTelemetrySpec[jvm]","com.georgeci.moneysurfer.sync.internal.telemetry.KermitSyncTelemetrySpec",""
"","8","debug builds keep collection off[jvm]","","2026-07-31","passed","2026-07-31","","CrashReportingTest[jvm]","com.georgeci.moneysurfer.domain.telemetry.CrashReportingTest",""
"","8","sign-up with a short password reports PasswordTooShort instead of silently doing nothing[jvm]","","2026-07-31","passed","2026-07-31","","SignInViewModelTest[jvm]","com.georgeci.moneysurfer.feature.login.SignInViewModelTest",""
"","1","re-reading an unchanged document is not reported as a conflict[jvm]","","2026-07-31","passed","2026-07-31","","UserConfigSyncPluginSpec[jvm]","com.georgeci.moneysurfer.data.sync.plugin.UserConfigSyncPluginSpec",""
"","37","attacker CANNOT self-create by pointing at an invite addressed to someone else","","2026-07-31","passed","2026-07-31","","workspaces/{wid}/members/{uid}","workspaces/{wid}/members/{uid} attacker CANNOT self-create by pointing at an invite addressed to someone else",""
"","18","the screen opens on the stored layout, normalized[jvm]","","2026-07-31","passed","2026-07-31","","DashboardCustomizeViewModelTest[jvm]","com.georgeci.moneysurfer.feature.dashboard.customize.DashboardCustomizeViewModelTest",""
"","0","MutationOperation enumerates INSERT, UPDATE, DELETE[jvm]","","2026-07-31","passed","2026-07-31","","PendingMutationSpec[jvm]","com.georgeci.moneysurfer.sync.repository.PendingMutationSpec",""
"","6","updating a missing goal is rejected[jvm]","","2026-07-31","passed","2026-07-31","","SavingsGoalUseCaseTest[jvm]","com.georgeci.moneysurfer.domain.usecase.SavingsGoalUseCaseTest",""
"","1","the delta counts the oldest day's own transactions[jvm]","","2026-07-31","passed","2026-07-31","","AccountBalanceSeriesTest[jvm]","com.georgeci.moneysurfer.domain.model.AccountBalanceSeriesTest",""
"","135","strings.xml files are discovered[jvm]","","2026-07-31","passed","2026-07-31","","StringResourcePlaceholderTest[jvm]","com.georgeci.moneysurfer.utils.StringResourcePlaceholderTest",""
"","7","addWorkspaceRef fires with the new workspace id so users/{uid}.workspaceIds is filled[jvm]","","2026-07-31","passed","2026-07-31","","CreateWorkspaceUseCaseTest[jvm]","com.georgeci.moneysurfer.domain.usecase.CreateWorkspaceUseCaseTest",""
"","22","owner can hard-delete an entity doc (account-deletion purge)","","2026-07-31","passed","2026-07-31","","member-gated entities (accounts)","member-gated entities (accounts) owner can hard-delete an entity doc (account-deletion purge)",""
"","7","forecast tiles extrapolate the elapsed days across the nominal period[jvm]","","2026-07-31","passed","2026-07-31","","BudgetProgressTest[jvm]","com.georgeci.moneysurfer.domain.model.BudgetProgressTest",""
"","1","eligibleParents refuses a category that is already a child — the tree stays one level deep[jvm]","","2026-07-31","passed","2026-07-31","","CategoryTreeTest[jvm]","com.georgeci.moneysurfer.domain.model.CategoryTreeTest",""
"","45","unauthenticated user cannot read userEmails (auth required)","","2026-07-31","passed","2026-07-31","","userEmails/{email}","userEmails/{email} unauthenticated user cannot read userEmails (auth required)",""
"","6","a launch decision the stack already sits on leaves it untouched[jvm]","","2026-07-31","passed","2026-07-31","","AppNavigatorTest[jvm]","com.georgeci.moneysurfer.navigation.AppNavigatorTest",""
"","1","blank ids in a remote list are dropped instead of becoming empty CSV segments[jvm]","","2026-07-31","passed","2026-07-31","","WorkspaceScopedDtoMapperSpec[jvm]","com.georgeci.moneysurfer.data.sync.WorkspaceScopedDtoMapperSpec",""
"","0","Warn and above are loggable[jvm]","","2026-07-31","passed","2026-07-31","","CrashReportingLogWriterTest[jvm]","com.georgeci.moneysurfer.domain.telemetry.CrashReportingLogWriterTest",""
"","34","rejects an account whose string name is a number","","2026-07-31","passed","2026-07-31","","entity write-shape validation (issue #156)","entity write-shape validation (issue #156) rejects an account whose string name is a number",""
"","98","a successful payload becomes the domain table[jvm]","","2026-07-31","passed","2026-07-31","","ExchangeRateApiTest[jvm]","com.georgeci.moneysurfer.data.remote.ExchangeRateApiTest",""
"","42","the filter screen is opened on the period the list is paged to, not on today's[jvm]","","2026-07-31","passed","2026-07-31","","TransactionsByAccountNavigationTest[jvm]","com.georgeci.moneysurfer.feature.transaction.list.TransactionsByAccountNavigationTest",""
"","9","a contribution round-trips, keeping a negative amount signed[jvm]","","2026-07-31","passed","2026-07-31","","GoalDtoMapperSpec[jvm]","com.georgeci.moneysurfer.data.sync.GoalDtoMapperSpec",""
"","35","member can update","","2026-07-31","passed","2026-07-31","","member-gated entities (accounts)","member-gated entities (accounts) member can update",""
"","0","contains is inclusive on both ends[jvm]","","2026-07-31","passed","2026-07-31","","TransactionPeriodWindowTest[jvm]","com.georgeci.moneysurfer.domain.util.TransactionPeriodWindowTest",""
"","61","member can tombstone in categories","","2026-07-31","passed","2026-07-31","","tombstone update shape (push-side soft delete)","tombstone update shape (push-side soft delete) member can tombstone in categories",""
"","80","the burn rate is judged against a general monthly budget when there is one[jvm]","","2026-07-31","passed","2026-07-31","","DashboardBurnRateViewModelTest[jvm]","com.georgeci.moneysurfer.feature.dashboard.DashboardBurnRateViewModelTest",""
"","0","local newer than remote → take local[jvm]","","2026-07-31","passed","2026-07-31","","LwwConflictResolverSpec[jvm]","com.georgeci.moneysurfer.sync.repository.LwwConflictResolverSpec",""
"","7","a mapping is not written for a blank address or a blank uid[jvm]","","2026-07-31","passed","2026-07-31","","UserRemoteRepositoryImplTest[jvm]","com.georgeci.moneysurfer.data.repository.UserRemoteRepositoryImplTest",""
"","25","the rules run over both windows and the category names are resolved[jvm]","","2026-07-31","passed","2026-07-31","","GenerateInsightsUseCaseTest[jvm]","com.georgeci.moneysurfer.domain.usecase.GenerateInsightsUseCaseTest",""
"","30","a recurring rule round-trips through the wire format[jvm]","","2026-07-31","passed","2026-07-31","","RecurringRuleDtoMapperSpec[jvm]","com.georgeci.moneysurfer.data.sync.RecurringRuleDtoMapperSpec",""
"","20","rejects an unknown field","","2026-07-31","passed","2026-07-31","","users/{uid}/config/{key}","users/{uid}/config/{key} rejects an unknown field",""
"","1","ConflictResolution.TakeLocal carries the local value[jvm]","","2026-07-31","passed","2026-07-31","","ConflictResolverSpec[jvm]","com.georgeci.moneysurfer.sync.repository.ConflictResolverSpec",""
"","3","LastSyncOutcome.Failed carries error and timestamp[jvm]","","2026-07-31","passed","2026-07-31","","SyncStateSpec[jvm]","com.georgeci.moneysurfer.sync.api.SyncStateSpec",""
"","5","awaitNetwork indefinite proceeds when network returns[jvm]","","2026-07-31","passed","2026-07-31","","SyncCoordinatorImplSpec[jvm]","com.georgeci.moneysurfer.sync.coordinator.SyncCoordinatorImplSpec",""
"","26","an upsert for a rule that is already gone writes nothing[jvm]","","2026-07-31","passed","2026-07-31","","BudgetAndRecurringRuleSyncPluginIT[jvm]","com.georgeci.moneysurfer.integration.plugin.BudgetAndRecurringRuleSyncPluginIT",""
"","2","markFailed bumps attempts, records error and resets to PENDING[jvm]","","2026-07-31","passed","2026-07-31","","PendingMutationQueueImplSpec[jvm]","com.georgeci.moneysurfer.sync.internal.repository.PendingMutationQueueImplSpec",""
"","7","a write landing while the first is IN_FLIGHT queues a second row[jvm]","","2026-07-31","passed","2026-07-31","","PendingMutationQueueIntegrationIT[jvm]","com.georgeci.moneysurfer.integration.sync.PendingMutationQueueIntegrationIT",""
"","16","name input is truncated at the max length[jvm]","","2026-07-31","passed","2026-07-31","","CategoryCreationViewModelTest[jvm]","com.georgeci.moneysurfer.feature.category.creation.CategoryCreationViewModelTest",""
"","7","a lookup normalizes the address the same way the write did[jvm]","","2026-07-31","passed","2026-07-31","","UserRemoteRepositoryImplTest[jvm]","com.georgeci.moneysurfer.data.repository.UserRemoteRepositoryImplTest",""
"","11","a tag containing the CSV separator does not split into two on read[jvm]","","2026-07-31","passed","2026-07-31","","TransactionDetailFieldsIntegrationIT[jvm]","com.georgeci.moneysurfer.integration.repository.TransactionDetailFieldsIntegrationIT",""
"","144","a period whose spending names no merchant says so rather than showing an empty section[jvm]","","2026-07-31","passed","2026-07-31","","InsightsScreenTest[jvm]","com.georgeci.moneysurfer.ui.InsightsScreenTest",""
"","9","online state with sync disabled shows profile but hides only the sync section[jvm]","","2026-07-31","passed","2026-07-31","","SettingsStateOfflineTest[jvm]","com.georgeci.moneysurfer.feature.settings.SettingsStateOfflineTest",""
"","20","a row whose category belongs to a different workspace is rejected[jvm]","","2026-07-31","passed","2026-07-31","","ImportTransactionsValidationTest[jvm]","com.georgeci.moneysurfer.domain.csv.ImportTransactionsValidationTest",""
"","125","format EUR with German locale[jvm]","","2026-07-31","passed","2026-07-31","","MoneyFormatterTest[jvm]","com.georgeci.moneysurfer.domain.MoneyFormatterTest",""
"","5","the parent holding the selection starts expanded[jvm]","","2026-07-31","passed","2026-07-31","","CategoryChooserViewModelTest[jvm]","com.georgeci.moneysurfer.feature.category.picker.CategoryChooserViewModelTest",""
"","64","cross-currency transfer stores fromMoney/toMoney on respective legs with each account's currencyCode[jvm]","","2026-07-31","passed","2026-07-31","","TransferCreationIntegrationIT[jvm]","com.georgeci.moneysurfer.integration.repository.TransferCreationIntegrationIT",""
"","14","an email is written under its normalized key, with the clock's moment[jvm]","","2026-07-31","passed","2026-07-31","","UserRemoteRepositoryImplTest[jvm]","com.georgeci.moneysurfer.data.repository.UserRemoteRepositoryImplTest",""
"","394","successful import stores the report in state and posts an ImportFinished notice[jvm]","","2026-07-31","passed","2026-07-31","","CsvBackupViewModelTest[jvm]","com.georgeci.moneysurfer.feature.settings.csv.CsvBackupViewModelTest",""
"","13","the tab row switches both variants over to the picked type[jvm]","","2026-07-31","passed","2026-07-31","","CategoryChooserViewModelTest[jvm]","com.georgeci.moneysurfer.feature.category.picker.CategoryChooserViewModelTest",""
"","17","each prefill failure keeps its own shape, because they call for different actions[jvm]","","2026-07-31","passed","2026-07-31","","DebugConfigViewModelTest[jvm]","com.georgeci.moneysurfer.feature.settings.debug.DebugConfigViewModelTest",""
"","112","OnBackClick asks the host to pop[jvm]","","2026-07-31","passed","2026-07-31","","InsightsViewModelTest[jvm]","com.georgeci.moneysurfer.feature.insights.InsightsViewModelTest",""
"","41","OnAccountMoveEnd persists the order the drag built up[jvm]","","2026-07-31","passed","2026-07-31","","AccountsManageViewModelTest[jvm]","com.georgeci.moneysurfer.feature.account.manage.AccountsManageViewModelTest",""
"","2","clearScope removes only rows for the requested workspace[jvm]","","2026-07-31","passed","2026-07-31","","SyncMetaRepositoryImplSpec[jvm]","com.georgeci.moneysurfer.sync.internal.repository.SyncMetaRepositoryImplSpec",""
"","48","a transaction with no note still has something to render as a title[jvm]","","2026-07-31","passed","2026-07-31","","DashboardViewModelTest[jvm]","com.georgeci.moneysurfer.feature.dashboard.DashboardViewModelTest",""
"","65","failed push keeps the mutation pending with bumped attempts and a retry drains it[jvm]","","2026-07-31","passed","2026-07-31","","WorkspaceCreationSyncIntegrationIT[jvm]","com.georgeci.moneysurfer.integration.sync.WorkspaceCreationSyncIntegrationIT",""
"","137","a workspace is pushed to its own document, not a sub-collection[jvm]","","2026-07-31","passed","2026-07-31","","WorkspaceTreeSyncPluginIT[jvm]","com.georgeci.moneysurfer.integration.plugin.WorkspaceTreeSyncPluginIT",""
"","56","an expense lands in its category bucket, as a positive magnitude[jvm]","","2026-07-31","passed","2026-07-31","","SpendAnalyticsRepositoryImplJvmTest[jvm]","com.georgeci.moneysurfer.data.repository.SpendAnalyticsRepositoryImplJvmTest",""
"","4648","an on-dashboard row shows the card style it is set to, and opens the picker[jvm]","","2026-07-31","passed","2026-07-31","","DashboardCustomizeScreenStateTest[jvm]","com.georgeci.moneysurfer.ui.DashboardCustomizeScreenStateTest",""
"","292","a day's rows sit under a relative header, with the day's net beside it[jvm]","","2026-07-31","passed","2026-07-31","","TransactionsListScreenStateTest[jvm]","com.georgeci.moneysurfer.ui.TransactionsListScreenStateTest",""
"","7","every type but income files under the expense side[jvm]","","2026-07-31","passed","2026-07-31","","TransactionCreationMappingTest[jvm]","com.georgeci.moneysurfer.feature.transaction.creation.TransactionCreationMappingTest",""
"","2","a name of nothing but spaces counts as blank[jvm]","","2026-07-31","passed","2026-07-31","","WorkspaceCreationViewModelTest[jvm]","com.georgeci.moneysurfer.feature.workspace.creation.WorkspaceCreationViewModelTest",""
"","28","a user cannot write into another user's settings","","2026-07-31","passed","2026-07-31","","users/{uid}/config/{key}","users/{uid}/config/{key} a user cannot write into another user's settings",""
"","15","adding a line keeps the amount the trailing line was showing[jvm]","","2026-07-31","passed","2026-07-31","","TransactionCreationSplitTest[jvm]","com.georgeci.moneysurfer.feature.transaction.creation.TransactionCreationSplitTest",""
"","283","splits budgets into active and archived[jvm]","","2026-07-31","passed","2026-07-31","","BudgetsViewModelTest[jvm]","com.georgeci.moneysurfer.feature.budget.list.BudgetsViewModelTest",""
"","342","a drag that never leaves the row it started on asks for nothing[jvm]","","2026-07-31","passed","2026-07-31","","DashboardCustomizeScreenStateTest[jvm]","com.georgeci.moneysurfer.ui.DashboardCustomizeScreenStateTest",""
"","34","a second submit while one is in flight is ignored[jvm]","","2026-07-31","passed","2026-07-31","","SignInViewModelTest[jvm]","com.georgeci.moneysurfer.feature.login.SignInViewModelTest",""
"","55","deleting a transaction then re-applying it restores the row and the balance[jvm]","","2026-07-31","passed","2026-07-31","","DeleteUndoIntegrationIT[jvm]","com.georgeci.moneysurfer.integration.repository.DeleteUndoIntegrationIT",""
"","35","the CSV backup exports live rows only, and exports the row again once it is restored[jvm]","","2026-07-31","passed","2026-07-31","","TransactionSoftDeleteIntegrationIT[jvm]","com.georgeci.moneysurfer.integration.repository.TransactionSoftDeleteIntegrationIT",""
"","112","the user block is inert without a handler[jvm]","","2026-07-31","passed","2026-07-31","","SurferNavigationDrawerTest[jvm]","com.georgeci.moneysurfer.ui.SurferNavigationDrawerTest",""
"","67","cancelAllQueued with empty queue is a no-op[jvm]","","2026-07-31","passed","2026-07-31","","SyncCoordinatorImplBranchSpec[jvm]","com.georgeci.moneysurfer.sync.coordinator.SyncCoordinatorImplBranchSpec",""
"","17","a user cannot list another user's settings","","2026-07-31","passed","2026-07-31","","users/{uid}/config/{key}","users/{uid}/config/{key} a user cannot list another user's settings",""
"","41","writes two linked legs sharing transferId, tagged with the workspace's Transfer category[jvm]","","2026-07-31","passed","2026-07-31","","CreateTransferUseCaseTest[jvm]","com.georgeci.moneysurfer.domain.usecase.CreateTransferUseCaseTest",""
"","1","weak-password classifies as WeakPassword[jvm]","","2026-07-31","passed","2026-07-31","","AuthErrorClassificationTest[jvm]","com.georgeci.moneysurfer.data.repository.AuthErrorClassificationTest",""
"","4","returns null when nothing searchable is left[jvm]","","2026-07-31","passed","2026-07-31","","FtsQueryTest[jvm]","com.georgeci.moneysurfer.data.db.FtsQueryTest",""
"","8","addWorkspaceRef failure does not block setDefaultWorkspace[jvm]","","2026-07-31","passed","2026-07-31","","CreateWorkspaceUseCaseTest[jvm]","com.georgeci.moneysurfer.domain.usecase.CreateWorkspaceUseCaseTest",""
"","0","repairs missing Cash account when workspace was pinned without one[jvm]","","2026-07-31","passed","2026-07-31","","SeedDefaultsUseCaseTest[jvm]","com.georgeci.moneysurfer.domain.usecase.SeedDefaultsUseCaseTest",""
"","167","each kind draws its own sentence, built from the formatted amounts[jvm]","","2026-07-31","passed","2026-07-31","","DashboardInsightsScreenTest[jvm]","com.georgeci.moneysurfer.ui.DashboardInsightsScreenTest",""
"","8","creating a goal with a non-positive target is rejected[jvm]","","2026-07-31","passed","2026-07-31","","SavingsGoalUseCaseTest[jvm]","com.georgeci.moneysurfer.domain.usecase.SavingsGoalUseCaseTest",""
"","13","a remote doc from a client we do not control is normalized on the way in[jvm]","","2026-07-31","passed","2026-07-31","","AccountDtoMapperSpec[jvm]","com.georgeci.moneysurfer.data.sync.AccountDtoMapperSpec",""
"","20","non-member cannot read the roster","","2026-07-31","passed","2026-07-31","","workspaces/{wid}/members/{uid}","workspaces/{wid}/members/{uid} non-member cannot read the roster",""
"","31","the launch decision is cleared once the host has applied it[jvm]","","2026-07-31","passed","2026-07-31","","AppLaunchViewModelTest[jvm]","com.georgeci.moneysurfer.navigation.AppLaunchViewModelTest",""
"","1","a PAUSED goal still allows a withdrawal[jvm]","","2026-07-31","passed","2026-07-31","","GoalContributionUseCaseTest[jvm]","com.georgeci.moneysurfer.domain.usecase.GoalContributionUseCaseTest",""
"","1","a category written before the appearance fields existed keeps its not-written sentinels[jvm]","","2026-07-31","passed","2026-07-31","","WorkspaceScopedDtoMapperSpec[jvm]","com.georgeci.moneysurfer.data.sync.WorkspaceScopedDtoMapperSpec",""
"","39","a failed account write is reported and leaves no half-made account behind[jvm]","","2026-07-31","passed","2026-07-31","","AccountCreationViewModelTest[jvm]","com.georgeci.moneysurfer.feature.account.creation.AccountCreationViewModelTest",""
"","17","the follow-period count uses the anchor the list was paged to, not today[jvm]","","2026-07-31","passed","2026-07-31","","TransactionFiltersViewModelTest[jvm]","com.georgeci.moneysurfer.feature.transaction.filters.TransactionFiltersViewModelTest",""
"","21","a denied subcollection query skips the rest of that workspace[jvm]","","2026-07-31","passed","2026-07-31","","PullRemoteChangesUseCaseImplSpec[jvm]","com.georgeci.moneysurfer.data.sync.PullRemoteChangesUseCaseImplSpec",""
"","15","supported app versions allow sync[jvm]","","2026-07-31","passed","2026-07-31","","SyncVersionGateImplSpec[jvm]","com.georgeci.moneysurfer.data.sync.SyncVersionGateImplSpec",""
"","16","a split leg breaks the receipt down and marks the leg being viewed[jvm]","","2026-07-31","passed","2026-07-31","","TransactionDetailsViewModelTest[jvm]","com.georgeci.moneysurfer.feature.transaction.details.TransactionDetailsViewModelTest",""
"","0","a category budget covers a slice of the spend, so it never judges the whole month[jvm]","","2026-07-31","passed","2026-07-31","","BurnRateTest[jvm]","com.georgeci.moneysurfer.domain.model.BurnRateTest",""
"","17","markPushed ignores a row that changed after the push read it[jvm]","","2026-07-31","passed","2026-07-31","","ConfigEntryDaoIntegrationIT[jvm]","com.georgeci.moneysurfer.integration.repository.ConfigEntryDaoIntegrationIT",""
"","73","non-member cannot read or create a contribution","","2026-07-31","passed","2026-07-31","","savings goals (issue #244)","savings goals (issue #244) non-member cannot read or create a contribution",""
"","40","changing the cap updates the backing budget instead of creating a second one[jvm]","","2026-07-31","passed","2026-07-31","","CategoryCreationViewModelTest[jvm]","com.georgeci.moneysurfer.feature.category.creation.CategoryCreationViewModelTest",""
"","6","codes are unique[jvm]","","2026-07-31","passed","2026-07-31","","CurrencyRepositoryImplTest[jvm]","com.georgeci.moneysurfer.data.repository.CurrencyRepositoryImplTest",""
"","42","an evicted (REMOVED) member CANNOT self-resurrect to ACTIVE","","2026-07-31","passed","2026-07-31","","workspaces/{wid}/members/{uid}","workspaces/{wid}/members/{uid} an evicted (REMOVED) member CANNOT self-resurrect to ACTIVE",""
"","37","uuid generates unique values[jvm]","","2026-07-31","passed","2026-07-31","","SyncRequestIdSpec[jvm]","com.georgeci.moneysurfer.sync.api.SyncRequestIdSpec",""
"","16","save with a blank name is a no-op — the Save button is the only way in[jvm]","","2026-07-31","passed","2026-07-31","","WorkspaceCreationViewModelTest[jvm]","com.georgeci.moneysurfer.feature.workspace.creation.WorkspaceCreationViewModelTest",""
"","12","multiple selections expose counts but no misleading single name[jvm]","","2026-07-31","passed","2026-07-31","","TransactionsListMappingTest[jvm]","com.georgeci.moneysurfer.feature.transaction.list.TransactionsListMappingTest",""
"","17","hydrate is idempotent[jvm]","","2026-07-31","passed","2026-07-31","","LayeredConfigSpec[jvm]","com.georgeci.moneysurfer.appconfig.LayeredConfigSpec",""
"","25","a pulled rule is inserted with its schedule[jvm]","","2026-07-31","passed","2026-07-31","","BudgetAndRecurringRuleSyncPluginIT[jvm]","com.georgeci.moneysurfer.integration.plugin.BudgetAndRecurringRuleSyncPluginIT",""
"","48","a month that booked nothing is a formatted zero, not an absent card[jvm]","","2026-07-31","passed","2026-07-31","","DashboardSpentMonthViewModelTest[jvm]","com.georgeci.moneysurfer.feature.dashboard.DashboardSpentMonthViewModelTest",""
"","6","a transfer leg whose pair is missing still renders as a transfer[jvm]","","2026-07-31","passed","2026-07-31","","TransactionDetailsViewModelTest[jvm]","com.georgeci.moneysurfer.feature.transaction.details.TransactionDetailsViewModelTest",""
"","17","existing install with a pinned workspace is left alone and does not re-login[jvm]","","2026-07-31","passed","2026-07-31","","OfflineFirstRunSeederTest[jvm]","com.georgeci.moneysurfer.offline.firstrun.OfflineFirstRunSeederTest",""
"","8","member insert failure returns LocalWriteFailed and skips categories, remote work and pin[jvm]","","2026-07-31","passed","2026-07-31","","CreateWorkspaceUseCaseTest[jvm]","com.georgeci.moneysurfer.domain.usecase.CreateWorkspaceUseCaseTest",""
"","347","an available panel renders the key rows and the reset action[jvm]","","2026-07-31","passed","2026-07-31","","DebugConfigScreenStateTest[jvm]","com.georgeci.moneysurfer.ui.DebugConfigScreenStateTest",""
"","0","installing twice does not stack writers[jvm]","","2026-07-31","passed","2026-07-31","","CrashReportingTest[jvm]","com.georgeci.moneysurfer.domain.telemetry.CrashReportingTest",""
"","7","every field survives an encode/decode round-trip[jvm]","","2026-07-31","passed","2026-07-31","","TransactionCsvCodecTest[jvm]","com.georgeci.moneysurfer.domain.csv.TransactionCsvCodecTest",""
"","1","two budgets both naming only this category leave it uncapped rather than picking one[jvm]","","2026-07-31","passed","2026-07-31","","SpentByCategoryTest[jvm]","com.georgeci.moneysurfer.domain.model.SpentByCategoryTest",""
"","7","each account type maps to its own string resource[jvm]","","2026-07-31","passed","2026-07-31","","AccountTypeLabelTest[jvm]","com.georgeci.moneysurfer.feature.account.AccountTypeLabelTest",""
"","2","blank CSV segments drop out of the wire lists[jvm]","","2026-07-31","passed","2026-07-31","","RecurringRuleDtoMapperSpec[jvm]","com.georgeci.moneysurfer.data.sync.RecurringRuleDtoMapperSpec",""
"","34","owner can remove entries from their own invitedWorkspaceIds","","2026-07-31","passed","2026-07-31","","users/{uid} — invitedWorkspaceIds cross-user append","users/{uid} — invitedWorkspaceIds cross-user append owner can remove entries from their own invitedWorkspaceIds",""
"","162","first sync hydrates the new workspace root before its subcollections[jvm]","","2026-07-31","passed","2026-07-31","","NewWorkspacePullIntegrationIT[jvm]","com.georgeci.moneysurfer.integration.sync.NewWorkspacePullIntegrationIT",""
"","21","the identity band calls a transfer leg a transfer and leaves its amount unsigned[jvm]","","2026-07-31","passed","2026-07-31","","TransactionCreationEditTest[jvm]","com.georgeci.moneysurfer.feature.transaction.creation.TransactionCreationEditTest",""
"","191","nobody signed in means no series to draw[jvm]","","2026-07-31","passed","2026-07-31","","GetBurnRateUseCaseTest[jvm]","com.georgeci.moneysurfer.domain.usecase.GetBurnRateUseCaseTest",""
"","153","an error replaces the helper text under the same field[jvm]","","2026-07-31","passed","2026-07-31","","SurferFormFieldTest[jvm]","com.georgeci.moneysurfer.ui.SurferFormFieldTest",""
"","119","an oversized source is rejected without being fully read into memory[jvm]","","2026-07-31","passed","2026-07-31","","ImportTransactionsValidationTest[jvm]","com.georgeci.moneysurfer.domain.csv.ImportTransactionsValidationTest",""
"","0","early January can still belong to the previous week-year[jvm]","","2026-07-31","passed","2026-07-31","","TransactionPeriodWindowTest[jvm]","com.georgeci.moneysurfer.domain.util.TransactionPeriodWindowTest",""
"","16","user can delete their own document","","2026-07-31","passed","2026-07-31","","users/{uid}","users/{uid} user can delete their own document",""
"","19","a second tap while a run is in flight is ignored rather than doubling the batch[jvm]","","2026-07-31","passed","2026-07-31","","DebugConfigViewModelTest[jvm]","com.georgeci.moneysurfer.feature.settings.debug.DebugConfigViewModelTest",""
"","4","SettingsCsv[jvm]","","2026-07-31","passed","2026-07-31","","RouteSerializationTest[jvm]","com.georgeci.moneysurfer.navigation.RouteSerializationTest",""
"","2","a withdrawal is stored as a negative contribution[jvm]","","2026-07-31","passed","2026-07-31","","GoalContributionUseCaseTest[jvm]","com.georgeci.moneysurfer.domain.usecase.GoalContributionUseCaseTest",""
"","48","a rule is pushed to the workspace's recurringRules collection[jvm]","","2026-07-31","passed","2026-07-31","","BudgetAndRecurringRuleSyncPluginIT[jvm]","com.georgeci.moneysurfer.integration.plugin.BudgetAndRecurringRuleSyncPluginIT",""
"","6","a pulled value is not echoed back to the server[jvm]","","2026-07-31","passed","2026-07-31","","SyncedSettingsSessionImplJvmTest[jvm]","com.georgeci.moneysurfer.data.config.SyncedSettingsSessionImplJvmTest",""
"","20","the legacy REGULAR type is bucketed by the amount's sign[jvm]","","2026-07-31","passed","2026-07-31","","TransactionWindowIntegrationIT[jvm]","com.georgeci.moneysurfer.integration.repository.TransactionWindowIntegrationIT",""
"","22","the delete confirmation opens and closes without touching the transaction[jvm]","","2026-07-31","passed","2026-07-31","","TransactionDetailsViewModelTest[jvm]","com.georgeci.moneysurfer.feature.transaction.details.TransactionDetailsViewModelTest",""
"","21","non-owner cannot edit another member's row","","2026-07-31","passed","2026-07-31","","workspaces/{wid}/members/{uid}","workspaces/{wid}/members/{uid} non-owner cannot edit another member's row",""
"","42","reorder rewrites the positions and reads come back in the new order[jvm]","","2026-07-31","passed","2026-07-31","","AccountSortOrderIntegrationIT[jvm]","com.georgeci.moneysurfer.integration.repository.AccountSortOrderIntegrationIT",""
"","20","the greeting is resolved even when no workspace names the toolbar[jvm]","","2026-07-31","passed","2026-07-31","","DashboardViewModelTest[jvm]","com.georgeci.moneysurfer.feature.dashboard.DashboardViewModelTest",""
"","1","income, planned and other-workspace rows are ignored[jvm]","","2026-07-31","passed","2026-07-31","","BudgetProgressTest[jvm]","com.georgeci.moneysurfer.domain.model.BudgetProgressTest",""
"","0","the default for an id is stable across calls[jvm]","","2026-07-31","passed","2026-07-31","","CategoryAppearanceTest[jvm]","com.georgeci.moneysurfer.domain.model.CategoryAppearanceTest",""
"","1","the user-scoped phase reads the whole collection under the uid[jvm]","","2026-07-31","passed","2026-07-31","","PullRemoteChangesUseCaseImplSpec[jvm]","com.georgeci.moneysurfer.data.sync.PullRemoteChangesUseCaseImplSpec",""
"","428","tampering with the sealed payload surfaces WrongPassphrase[jvm]","","2026-07-31","passed","2026-07-31","","BackupEncryptedRoundTripJvmTest[jvm]","com.georgeci.moneysurfer.data.backup.BackupEncryptedRoundTripJvmTest",""
"","7","publishes accounts and keeps the selected id[jvm]","","2026-07-31","passed","2026-07-31","","AccountChooserViewModelTest[jvm]","com.georgeci.moneysurfer.feature.account.picker.AccountChooserViewModelTest",""
"","11","a blank variable is treated as missing rather than passed through[jvm]","","2026-07-31","passed","2026-07-31","","DesktopFirebaseOptionsJvmTest[jvm]","com.georgeci.moneysurfer.data.remote.DesktopFirebaseOptionsJvmTest",""
"","0","times by zero is zero even for an out-of-cap magnitude[jvm]","","2026-07-31","passed","2026-07-31","","MoneyTest[jvm]","com.georgeci.moneysurfer.domain.primitives.MoneyTest",""
"","14","an unbounded window spans every month[jvm]","","2026-07-31","passed","2026-07-31","","SpendAnalyticsRepositoryImplJvmTest[jvm]","com.georgeci.moneysurfer.data.repository.SpendAnalyticsRepositoryImplJvmTest",""
"","57","navigation effects carry the selected category id[jvm]","","2026-07-31","passed","2026-07-31","","CategoriesManageViewModelTest[jvm]","com.georgeci.moneysurfer.feature.category.manage.CategoriesManageViewModelTest",""
"","62","picking a date replaces the business date the edited row was pinned to[jvm]","","2026-07-31","passed","2026-07-31","","TransactionCreationFormTest[jvm]","com.georgeci.moneysurfer.feature.transaction.creation.TransactionCreationFormTest",""
"","1","'00.5' (leading zeros with decimal)[jvm]","","2026-07-31","passed","2026-07-31","","AmountInputTransformationTest[jvm]","com.georgeci.moneysurfer.utils.AmountInputTransformationTest",""
"","3","deleting a contribution that does not exist enqueues nothing[jvm]","","2026-07-31","passed","2026-07-31","","GoalRepositoryDualWriteSpec[jvm]","com.georgeci.moneysurfer.data.repository.GoalRepositoryDualWriteSpec",""
"","16","exposes id, status, steps, result via the SyncHandle interface[jvm]","","2026-07-31","passed","2026-07-31","","SyncHandleImplSpec[jvm]","com.georgeci.moneysurfer.sync.coordinator.SyncHandleImplSpec",""
"","2","no enqueue when uid is empty string[jvm]","","2026-07-31","passed","2026-07-31","","OutboxEnqueuerImplSpec[jvm]","com.georgeci.moneysurfer.sync.repository.OutboxEnqueuerImplSpec",""
"","6","clearing an override delegates the key name[jvm]","","2026-07-31","passed","2026-07-31","","DebugConfigViewModelTest[jvm]","com.georgeci.moneysurfer.feature.settings.debug.DebugConfigViewModelTest",""
"","17","with nothing stored the key default wins and no layer is named[jvm]","","2026-07-31","passed","2026-07-31","","LayeredConfigSpec[jvm]","com.georgeci.moneysurfer.appconfig.LayeredConfigSpec",""
"","1","archive on already-archived account is a no-op success[jvm]","","2026-07-31","passed","2026-07-31","","ArchiveAccountUseCaseTest[jvm]","com.georgeci.moneysurfer.domain.usecase.ArchiveAccountUseCaseTest",""
"","26","demo session (no Firebase uid) writes local rows but keeps the outbox empty[jvm]","","2026-07-31","passed","2026-07-31","","WorkspaceCreationSyncIntegrationIT[jvm]","com.georgeci.moneysurfer.integration.sync.WorkspaceCreationSyncIntegrationIT",""
"","4","a single leg is not a split[jvm]","","2026-07-31","passed","2026-07-31","","CreateSplitTransactionUseCaseTest[jvm]","com.georgeci.moneysurfer.domain.usecase.CreateSplitTransactionUseCaseTest",""
"","35","a filter that matches one leg shows that leg, not the receipt[jvm]","","2026-07-31","passed","2026-07-31","","TransactionsListSplitTest[jvm]","com.georgeci.moneysurfer.feature.transaction.list.TransactionsListSplitTest",""
"","1","DEFAULT_BATCH_LIMIT is 100[jvm]","","2026-07-31","passed","2026-07-31","","PendingMutationQueueSpec[jvm]","com.georgeci.moneysurfer.sync.repository.PendingMutationQueueSpec",""
"","1","an empty, blank or unparseable column reads as no details rather than throwing[jvm]","","2026-07-31","passed","2026-07-31","","AccountExtraDetailsColumnTest[jvm]","com.georgeci.moneysurfer.data.db.entity.AccountExtraDetailsColumnTest",""
"","6","no active session returns NotSignedIn without touching anything[jvm]","","2026-07-31","passed","2026-07-31","","DeleteUserAccountUseCaseTest[jvm]","com.georgeci.moneysurfer.domain.usecase.DeleteUserAccountUseCaseTest",""
"","61","a slice with no category is named on the screen, not left blank[jvm]","","2026-07-31","passed","2026-07-31","","DashboardScreenStateTest[jvm]","com.georgeci.moneysurfer.ui.DashboardScreenStateTest",""
"","6","'123' -> '123'[jvm]","","2026-07-31","passed","2026-07-31","","AmountInputTransformationTest[jvm]","com.georgeci.moneysurfer.utils.AmountInputTransformationTest",""
"","29","nothing is emitted while sync is disabled[jvm]","","2026-07-31","passed","2026-07-31","","PeriodicSyncGateTest[jvm]","com.georgeci.moneysurfer.navigation.PeriodicSyncGateTest",""
"","55","an invite is pushed to the workspace's invites collection[jvm]","","2026-07-31","passed","2026-07-31","","WorkspaceTreeSyncPluginIT[jvm]","com.georgeci.moneysurfer.integration.plugin.WorkspaceTreeSyncPluginIT",""
"","4","matches java.util.zip.CRC32 across diverse byte sequences[jvm]","","2026-07-31","passed","2026-07-31","","Crc32JvmTest[jvm]","com.georgeci.moneysurfer.data.backup.Crc32JvmTest",""
"","4","a trailing comma left by an older client decodes to the ids that are actually there[jvm]","","2026-07-31","passed","2026-07-31","","WorkspaceScopedDtoMapperSpec[jvm]","com.georgeci.moneysurfer.data.sync.WorkspaceScopedDtoMapperSpec",""
"","160","the forward arrow is inert on the period containing today[jvm]","","2026-07-31","passed","2026-07-31","","InsightsScreenTest[jvm]","com.georgeci.moneysurfer.ui.InsightsScreenTest",""
"","19","member can tombstone their own row (self-leave: role and status unchanged)","","2026-07-31","passed","2026-07-31","","tombstone update shape (push-side soft delete)","tombstone update shape (push-side soft delete) member can tombstone their own row (self-leave: role and status unchanged)",""
"","0","yearly anchor on Feb 29 clamps to Feb 28 in a non-leap year[jvm]","","2026-07-31","passed","2026-07-31","","BudgetPeriodWindowTest[jvm]","com.georgeci.moneysurfer.domain.util.BudgetPeriodWindowTest",""
"","2","SyncHandleStatus.Cancelled is singleton[jvm]","","2026-07-31","passed","2026-07-31","","SyncStateSpec[jvm]","com.georgeci.moneysurfer.sync.api.SyncStateSpec",""
"","39","member can tombstone an account","","2026-07-31","passed","2026-07-31","","tombstone update shape (push-side soft delete)","tombstone update shape (push-side soft delete) member can tombstone an account",""
"","11","lowering the target below the saved amount completes the goal[jvm]","","2026-07-31","passed","2026-07-31","","SavingsGoalUseCaseTest[jvm]","com.georgeci.moneysurfer.domain.usecase.SavingsGoalUseCaseTest",""
"","50","an evicted (REMOVED) member can no longer read","","2026-07-31","passed","2026-07-31","","member-gated entities (accounts)","member-gated entities (accounts) an evicted (REMOVED) member can no longer read",""
"","27","the categorized list query carries the new fields too[jvm]","","2026-07-31","passed","2026-07-31","","TransactionDetailFieldsIntegrationIT[jvm]","com.georgeci.moneysurfer.integration.repository.TransactionDetailFieldsIntegrationIT",""
"","4","an empty list encodes to the column default[jvm]","","2026-07-31","passed","2026-07-31","","AccountExtraDetailsColumnTest[jvm]","com.georgeci.moneysurfer.data.db.entity.AccountExtraDetailsColumnTest",""
"","3","the user id follows the session[jvm]","","2026-07-31","passed","2026-07-31","","CrashReportingTest[jvm]","com.georgeci.moneysurfer.domain.telemetry.CrashReportingTest",""
"","9","successful deletion clears the session and keeps the overlay up[jvm]","","2026-07-31","passed","2026-07-31","","DeleteUserAccountViewModelTest[jvm]","com.georgeci.moneysurfer.feature.settings.account.DeleteUserAccountViewModelTest",""
"","24","a rule tombstone drops the row[jvm]","","2026-07-31","passed","2026-07-31","","BudgetAndRecurringRuleSyncPluginIT[jvm]","com.georgeci.moneysurfer.integration.plugin.BudgetAndRecurringRuleSyncPluginIT",""
"","16","a member tombstone removes the row[jvm]","","2026-07-31","passed","2026-07-31","","WorkspaceTreeSyncPluginIT[jvm]","com.georgeci.moneysurfer.integration.plugin.WorkspaceTreeSyncPluginIT",""
"","3","setCursor preserves attempt and success timestamps on existing row[jvm]","","2026-07-31","passed","2026-07-31","","SyncMetaRepositoryImplSpec[jvm]","com.georgeci.moneysurfer.sync.internal.repository.SyncMetaRepositoryImplSpec",""
"","22","the wiped values are held in memory, so the running UI keeps its theme[jvm]","","2026-07-31","passed","2026-07-31","","LocalDataResetIntegrationIT[jvm]","com.georgeci.moneysurfer.integration.repository.LocalDataResetIntegrationIT",""
"","1","normalize drops entries with a blank key or a blank value[jvm]","","2026-07-31","passed","2026-07-31","","AccountExtraDetailsTest[jvm]","com.georgeci.moneysurfer.domain.model.AccountExtraDetailsTest",""
"","23","rejects a non-string value","","2026-07-31","passed","2026-07-31","","users/{uid}/config/{key}","users/{uid}/config/{key} rejects a non-string value",""
"","27","purging drops tombstones past the retention window and leaves the rest alone[jvm]","","2026-07-31","passed","2026-07-31","","TransactionSoftDeleteIntegrationIT[jvm]","com.georgeci.moneysurfer.integration.repository.TransactionSoftDeleteIntegrationIT",""
"","12","push failure completes the uploaded prefix and fails the remainder[jvm]","","2026-07-31","passed","2026-07-31","","UploadPendingChangesUseCaseImplSpec[jvm]","com.georgeci.moneysurfer.data.sync.UploadPendingChangesUseCaseImplSpec",""
"","0","set merge with only Indefinite reasons stays Indefinite[jvm]","","2026-07-31","passed","2026-07-31","","NetworkWaitModeSpec[jvm]","com.georgeci.moneysurfer.sync.network.NetworkWaitModeSpec",""
"","4","an empty tag list encodes as an empty cell and decodes back to no tags[jvm]","","2026-07-31","passed","2026-07-31","","TransactionCsvCodecTest[jvm]","com.georgeci.moneysurfer.domain.csv.TransactionCsvCodecTest",""
"","26","currency symbol comes from the catalogue and otherwise falls back to its code[jvm]","","2026-07-31","passed","2026-07-31","","AccountCreationStateTest[jvm]","com.georgeci.moneysurfer.feature.account.creation.AccountCreationStateTest",""
"","26","spending more than last month reads as up, by a magnitude[jvm]","","2026-07-31","passed","2026-07-31","","GetSpentMonthUseCaseTest[jvm]","com.georgeci.moneysurfer.domain.usecase.GetSpentMonthUseCaseTest",""
"","32","cancelling never writes the draft anywhere[jvm]","","2026-07-31","passed","2026-07-31","","TransactionFiltersViewModelTest[jvm]","com.georgeci.moneysurfer.feature.transaction.filters.TransactionFiltersViewModelTest",""
"","53","member can create + read in budgets","","2026-07-31","passed","2026-07-31","","member-gated entities (smoke for the rest)","member-gated entities (smoke for the rest) member can create + read in budgets",""
"","14","a failing settings session start does not fail the sign-in[jvm]","","2026-07-31","passed","2026-07-31","","PostAuthBootstrapUseCaseTest[jvm]","com.georgeci.moneysurfer.domain.usecase.PostAuthBootstrapUseCaseTest",""
"","1","mergeScope picks widest — AllUserData dominates[jvm]","","2026-07-31","passed","2026-07-31","","SyncScopeSpec[jvm]","com.georgeci.moneysurfer.sync.api.SyncScopeSpec",""
"","128","the pager names the month and refuses to page past the current one[jvm]","","2026-07-31","passed","2026-07-31","","TransactionsListScreenStateTest[jvm]","com.georgeci.moneysurfer.ui.TransactionsListScreenStateTest",""
"","2","a negative card balance remains valid[jvm]","","2026-07-31","passed","2026-07-31","","AccountCreationStateTest[jvm]","com.georgeci.moneysurfer.feature.account.creation.AccountCreationStateTest",""
"","112","the upcoming card names the two nearest days rather than printing their dates[jvm]","","2026-07-31","passed","2026-07-31","","DashboardScreenStateTest[jvm]","com.georgeci.moneysurfer.ui.DashboardScreenStateTest",""
"","1","CompositeCancelToken throwIfCancelled when partial does not throw[jvm]","","2026-07-31","passed","2026-07-31","","SyncCancelTokenSpec[jvm]","com.georgeci.moneysurfer.sync.api.SyncCancelTokenSpec",""
"","4","pending returns rows sorted by createdAt ascending[jvm]","","2026-07-31","passed","2026-07-31","","PendingMutationQueueImplSpec[jvm]","com.georgeci.moneysurfer.sync.internal.repository.PendingMutationQueueImplSpec",""
"","1","expense contributes -amount on its account[jvm]","","2026-07-31","passed","2026-07-31","","BalanceImpactTest[jvm]","com.georgeci.moneysurfer.domain.model.BalanceImpactTest",""
"","21","a goal tombstone drops the row[jvm]","","2026-07-31","passed","2026-07-31","","GoalSyncPluginIT[jvm]","com.georgeci.moneysurfer.integration.plugin.GoalSyncPluginIT",""
"","47","member can create + read in recurringRules","","2026-07-31","passed","2026-07-31","","member-gated entities (smoke for the rest)","member-gated entities (smoke for the rest) member can create + read in recurringRules",""
"","8","the toolbar back action pops the screen[jvm]","","2026-07-31","passed","2026-07-31","","WorkspaceSelectorViewModelTest[jvm]","com.georgeci.moneysurfer.feature.workspace.selector.WorkspaceSelectorViewModelTest",""
"","23","searching an amount finds the cents the user did not type[jvm]","","2026-07-31","passed","2026-07-31","","TransactionFilterMatchingTest[jvm]","com.georgeci.moneysurfer.feature.transaction.filter.TransactionFilterMatchingTest",""
"","0","collapses whitespace runs left behind by separator stripping[jvm]","","2026-07-31","passed","2026-07-31","","TransactionTagsTest[jvm]","com.georgeci.moneysurfer.domain.model.TransactionTagsTest",""
"","1","a non-positive window is a programming error[jvm]","","2026-07-31","passed","2026-07-31","","AccountBalanceSeriesTest[jvm]","com.georgeci.moneysurfer.domain.model.AccountBalanceSeriesTest",""
"","33","first-time user creates remote doc and returns FirstTime[jvm]","","2026-07-31","passed","2026-07-31","","PostAuthBootstrapUseCaseTest[jvm]","com.georgeci.moneysurfer.domain.usecase.PostAuthBootstrapUseCaseTest",""
"","20","RemoteGlobal serves a remoteOverridable key[jvm]","","2026-07-31","passed","2026-07-31","","LayeredConfigSpec[jvm]","com.georgeci.moneysurfer.appconfig.LayeredConfigSpec",""
"","5","with no budget the projection still stands, it just carries no verdict[jvm]","","2026-07-31","passed","2026-07-31","","BurnRateTest[jvm]","com.georgeci.moneysurfer.domain.model.BurnRateTest",""
"","19","user can read their own document","","2026-07-31","passed","2026-07-31","","users/{uid}","users/{uid} user can read their own document",""
"","303","the period switch spans the whole grid rather than taking a cell[jvm]","","2026-07-31","passed","2026-07-31","","DashboardGridScreenTest[jvm]","com.georgeci.moneysurfer.ui.DashboardGridScreenTest",""
"","5","enqueueUpsert pushes a PendingMutation when signed in and gate allows[jvm]","","2026-07-31","passed","2026-07-31","","OutboxEnqueuerImplSpec[jvm]","com.georgeci.moneysurfer.sync.repository.OutboxEnqueuerImplSpec",""
"","2","dragging a widget onto another one persists the new order[jvm]","","2026-07-31","passed","2026-07-31","","DashboardCustomizeViewModelTest[jvm]","com.georgeci.moneysurfer.feature.dashboard.customize.DashboardCustomizeViewModelTest",""
"","149","paging back re-reads the previous period and lets the user page forward again[jvm]","","2026-07-31","passed","2026-07-31","","InsightsViewModelTest[jvm]","com.georgeci.moneysurfer.feature.insights.InsightsViewModelTest",""
"","1","a widget dragged across sections keeps its card style[jvm]","","2026-07-31","passed","2026-07-31","","DashboardLayoutConfigTest[jvm]","com.georgeci.moneysurfer.domain.dashboard.DashboardLayoutConfigTest",""
"","5","missing manifest entry surfaces InvalidArchive[jvm]","","2026-07-31","passed","2026-07-31","","BackupImporterImplJvmTest[jvm]","com.georgeci.moneysurfer.data.backup.BackupImporterImplJvmTest",""
"","38","each navigation event asks for exactly its own effect[jvm]","","2026-07-31","passed","2026-07-31","","DashboardEventDestinationTest[jvm]","com.georgeci.moneysurfer.feature.dashboard.DashboardEventDestinationTest",""
"","31","the Transfer marker agrees on both sides[jvm]","","2026-07-31","passed","2026-07-31","","CategoryPaletteParityTest[jvm]","com.georgeci.moneysurfer.feature.category.CategoryPaletteParityTest",""
"","55","the prefill result reads its counts off the right report fields[jvm]","","2026-07-31","passed","2026-07-31","","DebugConfigScreenStateTest[jvm]","com.georgeci.moneysurfer.ui.DebugConfigScreenStateTest",""
"","21","a tombstone for an account this device never had is applied without failing[jvm]","","2026-07-31","passed","2026-07-31","","AccountSyncPluginIT[jvm]","com.georgeci.moneysurfer.integration.plugin.AccountSyncPluginIT",""
"","252","the budgets widget draws a row per budget, with its status and what is left[jvm]","","2026-07-31","passed","2026-07-31","","DashboardScreenStateTest[jvm]","com.georgeci.moneysurfer.ui.DashboardScreenStateTest",""
"","2","is idempotent — second invocation does not duplicate workspace or Cash account[jvm]","","2026-07-31","passed","2026-07-31","","SeedDefaultsUseCaseTest[jvm]","com.georgeci.moneysurfer.domain.usecase.SeedDefaultsUseCaseTest",""
"","8","an opening balance is unsigned and is not something to re-enter[jvm]","","2026-07-31","passed","2026-07-31","","TransactionDetailsViewModelTest[jvm]","com.georgeci.moneysurfer.feature.transaction.details.TransactionDetailsViewModelTest",""
"","6","a route applied late does not clear a newer decision[jvm]","","2026-07-31","passed","2026-07-31","","AppLaunchViewModelTest[jvm]","com.georgeci.moneysurfer.navigation.AppLaunchViewModelTest",""
"","9","a device-scoped key never reaches config_entry[jvm]","","2026-07-31","passed","2026-07-31","","LocalConfigSourceImplJvmTest[jvm]","com.georgeci.moneysurfer.data.config.LocalConfigSourceImplJvmTest",""
"","65","a budget is pushed to the workspace's budgets collection[jvm]","","2026-07-31","passed","2026-07-31","","BudgetAndRecurringRuleSyncPluginIT[jvm]","com.georgeci.moneysurfer.integration.plugin.BudgetAndRecurringRuleSyncPluginIT",""
"","14","a blank title never reaches the repository[jvm]","","2026-07-31","passed","2026-07-31","","GoalEditViewModelTest[jvm]","com.georgeci.moneysurfer.feature.goal.edit.GoalEditViewModelTest",""
"","4","times that overflows Long throws instead of wrapping[jvm]","","2026-07-31","passed","2026-07-31","","MoneyTest[jvm]","com.georgeci.moneysurfer.domain.primitives.MoneyTest",""
"","11","a detail with no list beside it stays a full screen[jvm]","","2026-07-31","passed","2026-07-31","","SurferPaneSceneStrategyTest[jvm]","com.georgeci.moneysurfer.navigation.SurferPaneSceneStrategyTest",""
"","1","a category that is not in the list yields an empty trend rather than throwing[jvm]","","2026-07-31","passed","2026-07-31","","CategorySpendHistoryTest[jvm]","com.georgeci.moneysurfer.domain.model.CategorySpendHistoryTest",""
"","22","the window follows the calendar instead of freezing at subscription time[jvm]","","2026-07-31","passed","2026-07-31","","GetMonthlyNetHistoryUseCaseTest[jvm]","com.georgeci.moneysurfer.domain.usecase.GetMonthlyNetHistoryUseCaseTest",""
"","41","a budget tombstone drops the row[jvm]","","2026-07-31","passed","2026-07-31","","BudgetAndRecurringRuleSyncPluginIT[jvm]","com.georgeci.moneysurfer.integration.plugin.BudgetAndRecurringRuleSyncPluginIT",""
"","3","Cancelled is not retryable[jvm]","","2026-07-31","passed","2026-07-31","","SyncErrorSpec[jvm]","com.georgeci.moneysurfer.sync.api.SyncErrorSpec",""
"","20","a signed-out user lands on sign-in[jvm]","","2026-07-31","passed","2026-07-31","","AppLaunchViewModelTest[jvm]","com.georgeci.moneysurfer.navigation.AppLaunchViewModelTest",""
"","8","saving under a multi-category budget adds no second overlapping limit[jvm]","","2026-07-31","passed","2026-07-31","","CategoryCreationViewModelTest[jvm]","com.georgeci.moneysurfer.feature.category.creation.CategoryCreationViewModelTest",""
"","12","the migration adds a nullable deletedAt column to transactions[jvm]","","2026-07-31","passed","2026-07-31","","TransactionSoftDeleteMigrationIT[jvm]","com.georgeci.moneysurfer.integration.repository.TransactionSoftDeleteMigrationIT",""
"","0","'42.5' -> '42.5'[jvm]","","2026-07-31","passed","2026-07-31","","AmountInputTransformationTest[jvm]","com.georgeci.moneysurfer.utils.AmountInputTransformationTest",""
"","0","epochMillis=-1000[jvm]","","2026-07-31","passed","2026-07-31","","TimeFormatterTest[jvm]","com.georgeci.moneysurfer.data.repository.TimeFormatterTest",""
"","11","picking a card style persists it without moving the widget[jvm]","","2026-07-31","passed","2026-07-31","","DashboardCustomizeViewModelTest[jvm]","com.georgeci.moneysurfer.feature.dashboard.customize.DashboardCustomizeViewModelTest",""
"","133","neither leg of a pair offers Duplicate[jvm]","","2026-07-31","passed","2026-07-31","","TransactionDetailsScreenStateTest[jvm]","com.georgeci.moneysurfer.ui.TransactionDetailsScreenStateTest",""
"","1","a group takes the position of its first leg and the order around it is kept[jvm]","","2026-07-31","passed","2026-07-31","","TransactionSplitGroupTest[jvm]","com.georgeci.moneysurfer.domain.model.TransactionSplitGroupTest",""
"","6","a negative amount passed to add is rejected instead of read as a withdrawal[jvm]","","2026-07-31","passed","2026-07-31","","GoalContributionUseCaseTest[jvm]","com.georgeci.moneysurfer.domain.usecase.GoalContributionUseCaseTest",""
"","202","an overspent budget row says how far over it is, not how much is left[jvm]","","2026-07-31","passed","2026-07-31","","DashboardScreenStateTest[jvm]","com.georgeci.moneysurfer.ui.DashboardScreenStateTest",""
"","3","DELETE operation roundtrips through the entity layer[jvm]","","2026-07-31","passed","2026-07-31","","PendingMutationQueueImplSpec[jvm]","com.georgeci.moneysurfer.sync.internal.repository.PendingMutationQueueImplSpec",""
"","6","a mapping with an empty uid is ignored rather than trusted[jvm]","","2026-07-31","passed","2026-07-31","","UserRemoteRepositoryImplTest[jvm]","com.georgeci.moneysurfer.data.repository.UserRemoteRepositoryImplTest",""
"","5","release builds enable collection[jvm]","","2026-07-31","passed","2026-07-31","","CrashReportingTest[jvm]","com.georgeci.moneysurfer.domain.telemetry.CrashReportingTest",""
"","465","at expanded width the pill is offered for the widths alone, card styles switched off or not[jvm]","","2026-07-31","passed","2026-07-31","","DashboardCustomizeScreenStateTest[jvm]","com.georgeci.moneysurfer.ui.DashboardCustomizeScreenStateTest",""
"","21","recipient without email claim can still query by targetUserId","","2026-07-31","passed","2026-07-31","","invites — read","invites — read recipient without email claim can still query by targetUserId",""
"","50","the workspace stream carries the workspace's budgets and the global one carries all[jvm]","","2026-07-31","passed","2026-07-31","","BudgetRepositoryImplJvmTest[jvm]","com.georgeci.moneysurfer.data.repository.BudgetRepositoryImplJvmTest",""
"","22","each effect reaches exactly one destination[jvm]","","2026-07-31","passed","2026-07-31","","DashboardNavigationTest[jvm]","com.georgeci.moneysurfer.feature.dashboard.DashboardNavigationTest",""
"","232","the list and panel panes ask for the widths the design specifies[jvm]","","2026-07-31","passed","2026-07-31","","SurferPaneSceneStrategyTest[jvm]","com.georgeci.moneysurfer.navigation.SurferPaneSceneStrategyTest",""
"","33","a backup written by the pre-#260 build imports with the new fields defaulted[jvm]","","2026-07-31","passed","2026-07-31","","ExportImportTransactionsUseCaseTest[jvm]","com.georgeci.moneysurfer.domain.csv.ExportImportTransactionsUseCaseTest",""
"","3","the release baseline never runs ahead of the schema it is a floor for[jvm]","","2026-07-31","passed","2026-07-31","","DatabaseBuilderSpec[jvm]","com.georgeci.moneysurfer.data.db.DatabaseBuilderSpec",""
"","140","picking a period re-picks the budget the headline speaks for[jvm]","","2026-07-31","passed","2026-07-31","","DashboardPeriodViewModelTest[jvm]","com.georgeci.moneysurfer.feature.dashboard.DashboardPeriodViewModelTest",""
"","17","a user cannot read another user's settings","","2026-07-31","passed","2026-07-31","","users/{uid}/config/{key}","users/{uid}/config/{key} a user cannot read another user's settings",""
"","12","a cancelled save picker is not reported as a failure[jvm]","","2026-07-31","passed","2026-07-31","","BackupViewModelTest[jvm]","com.georgeci.moneysurfer.feature.settings.backup.BackupViewModelTest",""
"","34","member can read","","2026-07-31","passed","2026-07-31","","member-gated entities (accounts)","member-gated entities (accounts) member can read",""
"","94","the same screen on its own still draws its own chrome[jvm]","","2026-07-31","passed","2026-07-31","","SurferPaneChromeTest[jvm]","com.georgeci.moneysurfer.ui.SurferPaneChromeTest",""
"","4","the appearance settings are the ones that follow the account[jvm]","","2026-07-31","passed","2026-07-31","","ConfigKeyScopeTest[jvm]","com.georgeci.moneysurfer.data.config.ConfigKeyScopeTest",""
"","153","the switch asks for the opposite of the value that resolved, in both directions[jvm]","","2026-07-31","passed","2026-07-31","","DebugConfigScreenStateTest[jvm]","com.georgeci.moneysurfer.ui.DebugConfigScreenStateTest",""
"","78","upsert (new) writes both DAO and outbox as INSERT when signed in[jvm]","","2026-07-31","passed","2026-07-31","","WorkspaceInviteRepositoryDualWriteSpec[jvm]","com.georgeci.moneysurfer.data.repository.WorkspaceInviteRepositoryDualWriteSpec",""
"","49","member can create + read in transactions","","2026-07-31","passed","2026-07-31","","member-gated entities (smoke for the rest)","member-gated entities (smoke for the rest) member can create + read in transactions",""
"","6","a variant carrying the separators round-trips instead of splitting the layout[jvm]","","2026-07-31","passed","2026-07-31","","DashboardLayoutCodecTest[jvm]","com.georgeci.moneysurfer.data.preferences.DashboardLayoutCodecTest",""
"","24","editing mode is derived from the account id for loading and content states[jvm]","","2026-07-31","passed","2026-07-31","","AccountCreationStateTest[jvm]","com.georgeci.moneysurfer.feature.account.creation.AccountCreationStateTest",""
"","16","the back action leaves the screen[jvm]","","2026-07-31","passed","2026-07-31","","DashboardCustomizeViewModelTest[jvm]","com.georgeci.moneysurfer.feature.dashboard.customize.DashboardCustomizeViewModelTest",""
"","95","a capped category says what its meter measures, and an uncapped one says the share instead[jvm]","","2026-07-31","passed","2026-07-31","","DashboardScreenStateTest[jvm]","com.georgeci.moneysurfer.ui.DashboardScreenStateTest",""
"","7","dark scheme: paired on/container tokens clear AA[jvm]","","2026-07-31","passed","2026-07-31","","ColorContrastTest[jvm]","com.georgeci.moneysurfer.uikit.theme.ColorContrastTest",""
"","4","a lone separator is an invalid format[jvm]","","2026-07-31","passed","2026-07-31","","TransactionAmountInputTest[jvm]","com.georgeci.moneysurfer.feature.transaction.creation.TransactionAmountInputTest",""
"","26","only transactions inside the period reach the list[jvm]","","2026-07-31","passed","2026-07-31","","TransactionsByAccountPeriodTest[jvm]","com.georgeci.moneysurfer.feature.transaction.list.TransactionsByAccountPeriodTest",""
"","6","a gate document that was never published reads as no config[jvm]","","2026-07-31","passed","2026-07-31","","AppConfigRepositoryImplTest[jvm]","com.georgeci.moneysurfer.data.repository.AppConfigRepositoryImplTest",""
"","18","the offline build carries its flag onto the dashboard[jvm]","","2026-07-31","passed","2026-07-31","","DashboardViewModelTest[jvm]","com.georgeci.moneysurfer.feature.dashboard.DashboardViewModelTest",""
"","24","a budget change arriving while the user types does not overwrite the cap field[jvm]","","2026-07-31","passed","2026-07-31","","CategoryCreationViewModelTest[jvm]","com.georgeci.moneysurfer.feature.category.creation.CategoryCreationViewModelTest",""
"","111","an archived account neither blocks its seed name nor collects any rows[jvm]","","2026-07-31","passed","2026-07-31","","DemoDataBlueprintTest[jvm]","com.georgeci.moneysurfer.domain.debug.DemoDataBlueprintTest",""
"","22","offline build keeps sync off — there is no Firestore-backed implementation here[jvm]","","2026-07-31","passed","2026-07-31","","OfflineConfigGraphTest[jvm]","com.georgeci.moneysurfer.offline.di.OfflineConfigGraphTest",""
"","80","the goals widget shows two rows at most[jvm]","","2026-07-31","passed","2026-07-31","","DashboardViewModelTest[jvm]","com.georgeci.moneysurfer.feature.dashboard.DashboardViewModelTest",""
"","10","an insert is paired with an INSERT outbox entry scoped to the workspace[jvm]","","2026-07-31","passed","2026-07-31","","RecurringRuleRepositoryImplJvmTest[jvm]","com.georgeci.moneysurfer.data.repository.RecurringRuleRepositoryImplJvmTest",""
"","9","a build at or above the floor with nothing newer published is supported[jvm]","","2026-07-31","passed","2026-07-31","","AppVersionGateImplTest[jvm]","com.georgeci.moneysurfer.data.repository.AppVersionGateImplTest",""
"","145","outbox rows and cursors replace their empty states, one node per row[jvm]","","2026-07-31","passed","2026-07-31","","SyncScreenStateTest[jvm]","com.georgeci.moneysurfer.ui.SyncScreenStateTest",""
"","196","the amount bounds and the two switches sit at the bottom of the sheet[jvm]","","2026-07-31","passed","2026-07-31","","TransactionFiltersScreenStateTest[jvm]","com.georgeci.moneysurfer.ui.TransactionFiltersScreenStateTest",""
"","15","returns null when decode throws a ClassCastException (platform decoder mismatch)[jvm]","","2026-07-31","passed","2026-07-31","","DecodeOrNullSpec[jvm]","com.georgeci.moneysurfer.data.sync.plugin.DecodeOrNullSpec",""
"","1","arbitrary throwable maps to Unknown carrying the cause[jvm]","","2026-07-31","passed","2026-07-31","","SyncErrorClassifierSpec[jvm]","com.georgeci.moneysurfer.sync.internal.SyncErrorClassifierSpec",""
"","1","CompositeCancelToken cancel propagates to all children[jvm]","","2026-07-31","passed","2026-07-31","","SyncCancelTokenSpec[jvm]","com.georgeci.moneysurfer.sync.api.SyncCancelTokenSpec",""
"","4","the buffer keeps the newest 100 entries and drops the rest[jvm]","","2026-07-31","passed","2026-07-31","","DebugLogBufferTest[jvm]","com.georgeci.moneysurfer.domain.logging.DebugLogBufferTest",""
"","11","a row whose currency differs from the account currency is rejected[jvm]","","2026-07-31","passed","2026-07-31","","ImportTransactionsValidationTest[jvm]","com.georgeci.moneysurfer.domain.csv.ImportTransactionsValidationTest",""
"","1","a rule the calendar cannot place is dropped rather than listed undated[jvm]","","2026-07-31","passed","2026-07-31","","UpcomingRecurringTest[jvm]","com.georgeci.moneysurfer.domain.model.UpcomingRecurringTest",""
"","16","a transfer leg pairs with its duplicate counterpart already in the database[jvm]","","2026-07-31","passed","2026-07-31","","ImportTransactionsValidationTest[jvm]","com.georgeci.moneysurfer.domain.csv.ImportTransactionsValidationTest",""
"","31","the amount bounds, the two flags and the sort all land in the draft[jvm]","","2026-07-31","passed","2026-07-31","","TransactionFiltersViewModelTest[jvm]","com.georgeci.moneysurfer.feature.transaction.filters.TransactionFiltersViewModelTest",""
"","22","matches the merchant column, not just the note[jvm]","","2026-07-31","passed","2026-07-31","","TransactionFtsIntegrationIT[jvm]","com.georgeci.moneysurfer.integration.repository.TransactionFtsIntegrationIT",""
"","1","balanceImpact uses abs(money) so legacy signed money still produces correct sign[jvm]","","2026-07-31","passed","2026-07-31","","BalanceImpactTest[jvm]","com.georgeci.moneysurfer.domain.model.BalanceImpactTest",""
"","13","schema-version mismatch surfaces SchemaMismatch[jvm]","","2026-07-31","passed","2026-07-31","","BackupImporterImplJvmTest[jvm]","com.georgeci.moneysurfer.data.backup.BackupImporterImplJvmTest",""
"","178","a converted total shows both its trend and how old the rates behind it are[jvm]","","2026-07-31","passed","2026-07-31","","DashboardScreenStateTest[jvm]","com.georgeci.moneysurfer.ui.DashboardScreenStateTest",""
"","9","anything that is not three A-Z letters is undecodable, not a default[jvm]","","2026-07-31","passed","2026-07-31","","CurrencyCodeCodecTest[jvm]","com.georgeci.moneysurfer.data.config.CurrencyCodeCodecTest",""
"","15","wrong column count is rejected with expected and actual sizes[jvm]","","2026-07-31","passed","2026-07-31","","TransactionCsvCodecTest[jvm]","com.georgeci.moneysurfer.domain.csv.TransactionCsvCodecTest",""
"","10","unknown delete targets and confirm without pending are safe no-ops[jvm]","","2026-07-31","passed","2026-07-31","","CategoriesManageViewModelTest[jvm]","com.georgeci.moneysurfer.feature.category.manage.CategoriesManageViewModelTest",""
"","35","invitee can accept by targetUserId match","","2026-07-31","passed","2026-07-31","","invites — update / delete","invites — update / delete invitee can accept by targetUserId match",""
"","7","a row whose account or category is not loaded keeps the form's current selection[jvm]","","2026-07-31","passed","2026-07-31","","TransactionCreationMappingTest[jvm]","com.georgeci.moneysurfer.feature.transaction.creation.TransactionCreationMappingTest",""
"","186","online edit state shows the Members section[jvm]","","2026-07-31","passed","2026-07-31","","WorkspaceCreationStateOfflineTest[jvm]","com.georgeci.moneysurfer.feature.workspace.creation.WorkspaceCreationStateOfflineTest",""
"","2","Unknown preserves cause and is retryable[jvm]","","2026-07-31","passed","2026-07-31","","SyncErrorSpec[jvm]","com.georgeci.moneysurfer.sync.api.SyncErrorSpec",""
"","0","SettingsPreferences[jvm]","","2026-07-31","passed","2026-07-31","","RouteSerializationTest[jvm]","com.georgeci.moneysurfer.navigation.RouteSerializationTest",""
"","601","the confirmation dialog is rendered from state, not from a click inside the screen[jvm]","","2026-07-31","passed","2026-07-31","","SyncScreenStateTest[jvm]","com.georgeci.moneysurfer.ui.SyncScreenStateTest",""
"","23","invitee accept via full set() (mirrors outbox upload path)","","2026-07-31","passed","2026-07-31","","invites — update / delete","invites — update / delete invitee accept via full set() (mirrors outbox upload path)",""
"","41","the saved amount is the signed sum of the goal's rows[jvm]","","2026-07-31","passed","2026-07-31","","GoalContributionRepositoryImplJvmTest[jvm]","com.georgeci.moneysurfer.data.repository.GoalContributionRepositoryImplJvmTest",""
"","6","delete removes the account[jvm]","","2026-07-31","passed","2026-07-31","","AccountWriteUseCasesTest[jvm]","com.georgeci.moneysurfer.domain.usecase.AccountWriteUseCasesTest",""
"","5","a payload whose every quote is unusable maps to an empty table rather than a wrong one[jvm]","","2026-07-31","passed","2026-07-31","","ExchangeRateApiTest[jvm]","com.georgeci.moneysurfer.data.remote.ExchangeRateApiTest",""
"","19","same-currency transfer creates two paired legs with equal amounts[jvm]","","2026-07-31","passed","2026-07-31","","TransactionCreationSaveTest[jvm]","com.georgeci.moneysurfer.feature.transaction.creation.TransactionCreationSaveTest",""
"","9","geometry reports the width band, same as ofWidth[jvm]","","2026-07-31","passed","2026-07-31","","SurferWindowSizeTest[jvm]","com.georgeci.moneysurfer.uikit.window.SurferWindowSizeTest",""
"","39","an uncategorized slice keeps its money and leaves the label to the screen[jvm]","","2026-07-31","passed","2026-07-31","","DashboardSpentByCategoryViewModelTest[jvm]","com.georgeci.moneysurfer.feature.dashboard.DashboardSpentByCategoryViewModelTest",""
"","28","a workspace that is no longer in Room is neither pushed nor registered[jvm]","","2026-07-31","passed","2026-07-31","","WorkspaceTreeSyncPluginIT[jvm]","com.georgeci.moneysurfer.integration.plugin.WorkspaceTreeSyncPluginIT",""
"","93","loading more appends the next page and stops when the window is exhausted[jvm]","","2026-07-31","passed","2026-07-31","","TransactionsByAccountPeriodTest[jvm]","com.georgeci.moneysurfer.feature.transaction.list.TransactionsByAccountPeriodTest",""
"","389","inserts accounts with USD, EUR, RUB in same workspace and getByWorkspaceId returns all three[jvm]","","2026-07-31","passed","2026-07-31","","AccountCreationIntegrationIT[jvm]","com.georgeci.moneysurfer.integration.repository.AccountCreationIntegrationIT",""
"","16","Transfer is reachable when the host enables it[jvm]","","2026-07-31","passed","2026-07-31","","TransactionCreationSaveTest[jvm]","com.georgeci.moneysurfer.feature.transaction.creation.TransactionCreationSaveTest",""
"","3","a detail opened from another detail keeps a back affordance[jvm]","","2026-07-31","passed","2026-07-31","","SurferPaneSceneStrategyTest[jvm]","com.georgeci.moneysurfer.navigation.SurferPaneSceneStrategyTest",""
"","16","an empty amount is not a transaction[jvm]","","2026-07-31","passed","2026-07-31","","TransactionCreationSaveGuardsTest[jvm]","com.georgeci.moneysurfer.feature.transaction.creation.TransactionCreationSaveGuardsTest",""
"","12","signing out clears the session and returns to sign-in[jvm]","","2026-07-31","passed","2026-07-31","","WorkspaceSelectorViewModelTest[jvm]","com.georgeci.moneysurfer.feature.workspace.selector.WorkspaceSelectorViewModelTest",""
"","327","wrong password surfaces WrongPassword notice and re-enables the screen[jvm]","","2026-07-31","passed","2026-07-31","","DeleteUserAccountViewModelTest[jvm]","com.georgeci.moneysurfer.feature.settings.account.DeleteUserAccountViewModelTest",""
"","5","owner can leave when another owner remains[jvm]","","2026-07-31","passed","2026-07-31","","LeaveWorkspaceUseCaseTest[jvm]","com.georgeci.moneysurfer.domain.usecase.LeaveWorkspaceUseCaseTest",""
"","18","transaction stores its own currencyCode independent of the account's currency[jvm]","","2026-07-31","passed","2026-07-31","","TransactionCreationIntegrationIT[jvm]","com.georgeci.moneysurfer.integration.repository.TransactionCreationIntegrationIT",""
"","8","a default pointing outside workspaceIds is not pinned just because it is the server's choice[jvm]","","2026-07-31","passed","2026-07-31","","PostAuthBootstrapUseCaseTest[jvm]","com.georgeci.moneysurfer.domain.usecase.PostAuthBootstrapUseCaseTest",""
"","17","UnsupportedAppVersion preserves message and is not retryable[jvm]","","2026-07-31","passed","2026-07-31","","SyncErrorSpec[jvm]","com.georgeci.moneysurfer.sync.api.SyncErrorSpec",""
"","27","non-member cannot read","","2026-07-31","passed","2026-07-31","","member-gated entities (accounts)","member-gated entities (accounts) non-member cannot read",""
"","23","the logs row navigates without touching the inspector[jvm]","","2026-07-31","passed","2026-07-31","","DebugConfigViewModelTest[jvm]","com.georgeci.moneysurfer.feature.settings.debug.DebugConfigViewModelTest",""
"","5","pull progress emits PullingCollection into running state[jvm]","","2026-07-31","passed","2026-07-31","","SyncCoordinatorImplBranchSpec[jvm]","com.georgeci.moneysurfer.sync.coordinator.SyncCoordinatorImplBranchSpec",""
"","10","rejects when last OWNER tries to leave[jvm]","","2026-07-31","passed","2026-07-31","","LeaveWorkspaceUseCaseTest[jvm]","com.georgeci.moneysurfer.domain.usecase.LeaveWorkspaceUseCaseTest",""
"","28","a month the workspace booked nothing in still draws a column[jvm]","","2026-07-31","passed","2026-07-31","","InsightsViewModelTest[jvm]","com.georgeci.moneysurfer.feature.insights.InsightsViewModelTest",""
"","240","the carousel reaches the insights a compact list would have dropped[jvm]","","2026-07-31","passed","2026-07-31","","DashboardInsightsScreenTest[jvm]","com.georgeci.moneysurfer.ui.DashboardInsightsScreenTest",""
"","95","the clear row reports back to the caller[jvm]","","2026-07-31","passed","2026-07-31","","DebugLogScreenStateTest[jvm]","com.georgeci.moneysurfer.ui.DebugLogScreenStateTest",""
"","79","OnArchiveAccountClick stages pendingArchive without mutating the account[jvm]","","2026-07-31","passed","2026-07-31","","AccountsManageViewModelTest[jvm]","com.georgeci.moneysurfer.feature.account.manage.AccountsManageViewModelTest",""
"","5","the chevron toggles one parent at a time[jvm]","","2026-07-31","passed","2026-07-31","","CategoryChooserViewModelTest[jvm]","com.georgeci.moneysurfer.feature.category.picker.CategoryChooserViewModelTest",""
"","44","rejected payload never replaces the live DB and leaves no temp files[jvm]","","2026-07-31","passed","2026-07-31","","BackupImporterImplJvmTest[jvm]","com.georgeci.moneysurfer.data.backup.BackupImporterImplJvmTest",""
"","9","an undecodable document is skipped instead of taking the pull down[jvm]","","2026-07-31","passed","2026-07-31","","UserConfigSyncPluginSpec[jvm]","com.georgeci.moneysurfer.data.sync.plugin.UserConfigSyncPluginSpec",""
"","12","writes workspace, member, default categories and pins it as current (no Firebase session)[jvm]","","2026-07-31","passed","2026-07-31","","CreateWorkspaceUseCaseTest[jvm]","com.georgeci.moneysurfer.domain.usecase.CreateWorkspaceUseCaseTest",""
"","1","a stored leg is flagged in edit mode so the delete confirmation can name the receipt[jvm]","","2026-07-31","passed","2026-07-31","","TransactionCreationSplitEditingTest[jvm]","com.georgeci.moneysurfer.feature.transaction.creation.TransactionCreationSplitEditingTest",""
"","4","the widest span is the whole row, and it is what a widget gets by default[jvm]","","2026-07-31","passed","2026-07-31","","DashboardLayoutConfigTest[jvm]","com.georgeci.moneysurfer.domain.dashboard.DashboardLayoutConfigTest",""
"","3","the category picker returns a category id[jvm]","","2026-07-31","passed","2026-07-31","","NavigationResultKeysTest[jvm]","com.georgeci.moneysurfer.navigation.NavigationResultKeysTest",""
"","34","non-member is blocked from recurringRules","","2026-07-31","passed","2026-07-31","","member-gated entities (smoke for the rest)","member-gated entities (smoke for the rest) non-member is blocked from recurringRules",""
"","2","clearAll is idempotent[jvm]","","2026-07-31","passed","2026-07-31","","RemoteDataResetRepositoryImplSpec[jvm]","com.georgeci.moneysurfer.sync.repository.RemoteDataResetRepositoryImplSpec",""
"","137","a layout with no period-scoped widget draws no period switch[jvm]","","2026-07-31","passed","2026-07-31","","DashboardScreenStateTest[jvm]","com.georgeci.moneysurfer.ui.DashboardScreenStateTest",""
"","17","an account-scoped list ignores an account picked on the filter screen[jvm]","","2026-07-31","passed","2026-07-31","","TransactionsByAccountFilteringTest[jvm]","com.georgeci.moneysurfer.feature.transaction.list.TransactionsByAccountFilteringTest",""
"","91","a top bar the screen tagged through its modifier keeps that tag[jvm]","","2026-07-31","passed","2026-07-31","","SurferPaneChromeTest[jvm]","com.georgeci.moneysurfer.ui.SurferPaneChromeTest",""
"","16","the locally-owned fields survive a round trip[jvm]","","2026-07-31","passed","2026-07-31","","UserRepositoryImplJvmTest[jvm]","com.georgeci.moneysurfer.data.repository.UserRepositoryImplJvmTest",""
"","1","mergeScope UploadOnly with UploadOnly stays UploadOnly[jvm]","","2026-07-31","passed","2026-07-31","","SyncScopeSpec[jvm]","com.georgeci.moneysurfer.sync.api.SyncScopeSpec",""
"","8","answers null while the pointed-at row has not been pulled yet[jvm]","","2026-07-31","passed","2026-07-31","","GetCurrentWorkspaceUseCaseTest[jvm]","com.georgeci.moneysurfer.domain.usecase.GetCurrentWorkspaceUseCaseTest",""
"","1","a tag containing a literal escape character survives the round-trip[jvm]","","2026-07-31","passed","2026-07-31","","TransactionCsvCodecTest[jvm]","com.georgeci.moneysurfer.domain.csv.TransactionCsvCodecTest",""
"","148","tapping a chip asks for that choice[jvm]","","2026-07-31","passed","2026-07-31","","DebugConfigScreenStateTest[jvm]","com.georgeci.moneysurfer.ui.DebugConfigScreenStateTest",""
"","37","owner can self-create their own OWNER row on workspace creation (no invite)","","2026-07-31","passed","2026-07-31","","workspaces/{wid}/members/{uid}","workspaces/{wid}/members/{uid} owner can self-create their own OWNER row on workspace creation (no invite)",""
"","6","no budget at all caps nothing[jvm]","","2026-07-31","passed","2026-07-31","","BurnRateTest[jvm]","com.georgeci.moneysurfer.domain.model.BurnRateTest",""
"","119","a list and detail pane side by side render one top app bar and one FAB[jvm]","","2026-07-31","passed","2026-07-31","","SurferPaneChromeTest[jvm]","com.georgeci.moneysurfer.ui.SurferPaneChromeTest",""
"","2","clearAll clears every entry at once[jvm]","","2026-07-31","passed","2026-07-31","","NavEntryViewModelStoreHolderTest[jvm]","com.georgeci.moneysurfer.navigation.util.NavEntryViewModelStoreHolderTest",""
"","25","updates the workspace baseCurrency column in Room[jvm]","","2026-07-31","passed","2026-07-31","","WorkspaceCurrencyIntegrationIT[jvm]","com.georgeci.moneysurfer.integration.repository.WorkspaceCurrencyIntegrationIT",""
"","230","unauthenticated user can read app config (force-update gate)","","2026-07-31","passed","2026-07-31","","appConfig/{docId}","appConfig/{docId} unauthenticated user can read app config (force-update gate)",""
"","3","normalizing appends widgets a stored layout has never heard of[jvm]","","2026-07-31","passed","2026-07-31","","DashboardLayoutConfigTest[jvm]","com.georgeci.moneysurfer.domain.dashboard.DashboardLayoutConfigTest",""
"","50","OnDeleteConfirm removes the account and shows a snackbar[jvm]","","2026-07-31","passed","2026-07-31","","AccountsManageViewModelTest[jvm]","com.georgeci.moneysurfer.feature.account.manage.AccountsManageViewModelTest",""
"","42","opening an existing category restores its icon, colour and parent[jvm]","","2026-07-31","passed","2026-07-31","","CategoryCreationViewModelTest[jvm]","com.georgeci.moneysurfer.feature.category.creation.CategoryCreationViewModelTest",""
"","2343","offline app module graph resolves()[jvm]","","2026-07-31","passed","2026-07-31","","OfflineKoinModuleVerificationTest[jvm]","com.georgeci.moneysurfer.offline.di.OfflineKoinModuleVerificationTest",""
"","4","create income → +impact[jvm]","","2026-07-31","passed","2026-07-31","","CalculateBalanceDeltaTest[jvm]","com.georgeci.moneysurfer.domain.model.CalculateBalanceDeltaTest",""
"","22","the name required error appears only after the field was touched and left blank[jvm]","","2026-07-31","passed","2026-07-31","","CategoryCreationViewModelTest[jvm]","com.georgeci.moneysurfer.feature.category.creation.CategoryCreationViewModelTest",""
"","9","an archived account is not offered as a filter[jvm]","","2026-07-31","passed","2026-07-31","","TransactionFiltersViewModelTest[jvm]","com.georgeci.moneysurfer.feature.transaction.filters.TransactionFiltersViewModelTest",""
"","179","export then import restores seeded entities + datastore + clears sync DB[jvm]","","2026-07-31","passed","2026-07-31","","BackupRoundTripJvmTest[jvm]","com.georgeci.moneysurfer.data.backup.BackupRoundTripJvmTest",""
"","19","hydrate serves mirrored values without any fetch[jvm]","","2026-07-31","passed","2026-07-31","","RemoteGlobalConfigSourceImplSpec[jvm]","com.georgeci.moneysurfer.appconfig.remote.RemoteGlobalConfigSourceImplSpec",""
"","888","picking a width reports the span alone, leaving the card style to its own picker[jvm]","","2026-07-31","passed","2026-07-31","","DashboardCustomizeScreenStateTest[jvm]","com.georgeci.moneysurfer.ui.DashboardCustomizeScreenStateTest",""
"","28","a lone leg still declares itself part of a receipt, so the delete dialog can say so[jvm]","","2026-07-31","passed","2026-07-31","","TransactionsListSplitTest[jvm]","com.georgeci.moneysurfer.feature.transaction.list.TransactionsListSplitTest",""
"","36","a workspace the device has not pulled yet has no currency to name the amount in[jvm]","","2026-07-31","passed","2026-07-31","","GetSpentMonthUseCaseTest[jvm]","com.georgeci.moneysurfer.domain.usecase.GetSpentMonthUseCaseTest",""
"","6","a key this build does not know is stored rather than dropped[jvm]","","2026-07-31","passed","2026-07-31","","UserConfigSyncPluginSpec[jvm]","com.georgeci.moneysurfer.data.sync.plugin.UserConfigSyncPluginSpec",""
"","3","Unknown.isRetryable is true (sync should be re-attempted on next cycle)[jvm]","","2026-07-31","passed","2026-07-31","","SyncErrorClassifierSpec[jvm]","com.georgeci.moneysurfer.sync.internal.SyncErrorClassifierSpec",""
"","8","pending respects limit[jvm]","","2026-07-31","passed","2026-07-31","","PendingMutationQueueImplSpec[jvm]","com.georgeci.moneysurfer.data.sync.PendingMutationQueueImplSpec",""
"","2","every hour of the day resolves to exactly one greeting[jvm]","","2026-07-31","passed","2026-07-31","","DayPartTest[jvm]","com.georgeci.moneysurfer.domain.model.DayPartTest",""
"","1","blank id is rejected as invalid id[jvm]","","2026-07-31","passed","2026-07-31","","TransactionCsvCodecTest[jvm]","com.georgeci.moneysurfer.domain.csv.TransactionCsvCodecTest",""
"","14","syncWorkspace still switches the active workspace when sync is disabled[jvm]","","2026-07-31","passed","2026-07-31","","SyncCoordinatorWorkspaceSyncerSpec[jvm]","com.georgeci.moneysurfer.data.sync.SyncCoordinatorWorkspaceSyncerSpec",""
"","318","inline form-level error renders the shared error text[jvm]","","2026-07-31","passed","2026-07-31","","SignInScreenStateTest[jvm]","com.georgeci.moneysurfer.ui.SignInScreenStateTest",""
"","24","an empty cache still emits, so the dashboard renders before the first fetch lands[jvm]","","2026-07-31","passed","2026-07-31","","GetExchangeRatesUseCaseTest[jvm]","com.georgeci.moneysurfer.domain.usecase.GetExchangeRatesUseCaseTest",""
"","33","clearing an override falls back to the layer underneath[jvm]","","2026-07-31","passed","2026-07-31","","DebugConfigInspectorImplSpec[jvm]","com.georgeci.moneysurfer.appconfig.DebugConfigInspectorImplSpec",""
"","2","editing one leg's account moves the whole receipt, balances included[jvm]","","2026-07-31","passed","2026-07-31","","UpdateTransactionUseCaseTest[jvm]","com.georgeci.moneysurfer.domain.usecase.UpdateTransactionUseCaseTest",""
"","165","format positive amount in USD with US locale[jvm]","","2026-07-31","passed","2026-07-31","","MoneyFormatterTest[jvm]","com.georgeci.moneysurfer.domain.MoneyFormatterTest",""
"","17","a healthy refresh reports the layer as not degraded[jvm]","","2026-07-31","passed","2026-07-31","","RemoteGlobalConfigSourceImplSpec[jvm]","com.georgeci.moneysurfer.appconfig.remote.RemoteGlobalConfigSourceImplSpec",""
"","25","an unknown key name is rejected[jvm]","","2026-07-31","passed","2026-07-31","","DebugConfigInspectorImplSpec[jvm]","com.georgeci.moneysurfer.appconfig.DebugConfigInspectorImplSpec",""
"","9","savedAmount is zero for a goal with no contributions[jvm]","","2026-07-31","passed","2026-07-31","","GoalRepositoryDualWriteSpec[jvm]","com.georgeci.moneysurfer.data.repository.GoalRepositoryDualWriteSpec",""
"","0","'999999.99' -> '999999.99'[jvm]","","2026-07-31","passed","2026-07-31","","AmountInputTransformationTest[jvm]","com.georgeci.moneysurfer.utils.AmountInputTransformationTest",""
"","0","Goals[jvm]","","2026-07-31","passed","2026-07-31","","RouteSerializationTest[jvm]","com.georgeci.moneysurfer.navigation.RouteSerializationTest",""
"","21","accepts a minimal goal with default-valued fields omitted","","2026-07-31","passed","2026-07-31","","savings goals (issue #244)","savings goals (issue #244) accepts a minimal goal with default-valued fields omitted",""
"","28","a valid name and balance enable save[jvm]","","2026-07-31","passed","2026-07-31","","AccountCreationStateTest[jvm]","com.georgeci.moneysurfer.feature.account.creation.AccountCreationStateTest",""
"","8","only the manage section is captioned[jvm]","","2026-07-31","passed","2026-07-31","","NavigationShellTest[jvm]","com.georgeci.moneysurfer.navigation.NavigationShellTest",""
"","3689","encrypted export advertises the scheme and hides the data entries[jvm]","","2026-07-31","passed","2026-07-31","","BackupEncryptedRoundTripJvmTest[jvm]","com.georgeci.moneysurfer.data.backup.BackupEncryptedRoundTripJvmTest",""
"","4","UploadOnly skips the user-scoped phase[jvm]","","2026-07-31","passed","2026-07-31","","PullRemoteChangesUseCaseImplSpec[jvm]","com.georgeci.moneysurfer.data.sync.PullRemoteChangesUseCaseImplSpec",""
"","75","the round button reports its tap and names the action it performs[jvm]","","2026-07-31","passed","2026-07-31","","SurferFormSectionTest[jvm]","com.georgeci.moneysurfer.ui.SurferFormSectionTest",""
"","22","January reads its baseline out of the previous year[jvm]","","2026-07-31","passed","2026-07-31","","GetSpentMonthUseCaseTest[jvm]","com.georgeci.moneysurfer.domain.usecase.GetSpentMonthUseCaseTest",""
"","0","CategoriesManage[jvm]","","2026-07-31","passed","2026-07-31","","RouteSerializationTest[jvm]","com.georgeci.moneysurfer.navigation.RouteSerializationTest",""
"","10","a workspace created elsewhere shows up without reopening the screen[jvm]","","2026-07-31","passed","2026-07-31","","WorkspaceSelectorViewModelTest[jvm]","com.georgeci.moneysurfer.feature.workspace.selector.WorkspaceSelectorViewModelTest",""
"","1207","a real sign-in after a demo session keeps its pointers, and the demo flag is spent[jvm]","","2026-07-31","passed","2026-07-31","","DemoSessionHandoffIntegrationIT[jvm]","com.georgeci.moneysurfer.integration.repository.DemoSessionHandoffIntegrationIT",""
"","491","a field error does not move the rest of the form[jvm]","","2026-07-31","passed","2026-07-31","","SignInScreenStateTest[jvm]","com.georgeci.moneysurfer.ui.SignInScreenStateTest",""
"","8","a repository emission mid-drag does not snap the rows back[jvm]","","2026-07-31","passed","2026-07-31","","AccountsManageViewModelTest[jvm]","com.georgeci.moneysurfer.feature.account.manage.AccountsManageViewModelTest",""
"","1","take local neither writes nor reports the remote value as applied[jvm]","","2026-07-31","passed","2026-07-31","","ApplyResolutionSpec[jvm]","com.georgeci.moneysurfer.data.sync.plugin.ApplyResolutionSpec",""
"","14","a written value round-trips after hydrate[jvm]","","2026-07-31","passed","2026-07-31","","LocalConfigSourceImplJvmTest[jvm]","com.georgeci.moneysurfer.data.config.LocalConfigSourceImplJvmTest",""
"","2","pendingCount excludes IN_FLIGHT rows[jvm]","","2026-07-31","passed","2026-07-31","","PendingMutationQueueImplSpec[jvm]","com.georgeci.moneysurfer.sync.internal.repository.PendingMutationQueueImplSpec",""
"","25","non-owner cannot hard-delete an invite","","2026-07-31","passed","2026-07-31","","invites — update / delete","invites — update / delete non-owner cannot hard-delete an invite",""
"","16","toScope maps each reason[jvm]","","2026-07-31","passed","2026-07-31","","SyncScopeSpec[jvm]","com.georgeci.moneysurfer.sync.api.SyncScopeSpec",""
"","10","the window reaches back to whichever is earlier, the chart's first day or the 1st[jvm]","","2026-07-31","passed","2026-07-31","","BurnRateTest[jvm]","com.georgeci.moneysurfer.domain.model.BurnRateTest",""
"","24","oldest-first sorting keeps a receipt as one row[jvm]","","2026-07-31","passed","2026-07-31","","TransactionsListSplitTest[jvm]","com.georgeci.moneysurfer.feature.transaction.list.TransactionsListSplitTest",""
"","16","a corrupt file is replaced instead of failing every read for the life of the install[jvm]","","2026-07-31","passed","2026-07-31","","RemoteConfigMirrorImplJvmTest[jvm]","com.georgeci.moneysurfer.data.config.RemoteConfigMirrorImplJvmTest",""
"","23","the pager stops at the current period but always allows going back[jvm]","","2026-07-31","passed","2026-07-31","","TransactionsByAccountPeriodTest[jvm]","com.georgeci.moneysurfer.feature.transaction.list.TransactionsByAccountPeriodTest",""
"","1","an overspent budget reports zero per-day remaining instead of a negative allowance[jvm]","","2026-07-31","passed","2026-07-31","","BudgetProgressTest[jvm]","com.georgeci.moneysurfer.domain.model.BudgetProgressTest",""
"","1","NetworkUnavailable is retryable[jvm]","","2026-07-31","passed","2026-07-31","","SyncErrorSpec[jvm]","com.georgeci.moneysurfer.sync.api.SyncErrorSpec",""
"","23","a month window keeps the boundary days and drops the neighbours[jvm]","","2026-07-31","passed","2026-07-31","","TransactionWindowIntegrationIT[jvm]","com.georgeci.moneysurfer.integration.repository.TransactionWindowIntegrationIT",""
"","18","a workspace that has not landed yet leaves the trend empty, then fills it in[jvm]","","2026-07-31","passed","2026-07-31","","CategoryDetailsViewModelTest[jvm]","com.georgeci.moneysurfer.feature.category.details.CategoryDetailsViewModelTest",""
"","10","pending returns empty when queue is empty[jvm]","","2026-07-31","passed","2026-07-31","","PendingMutationQueueImplSpec[jvm]","com.georgeci.moneysurfer.data.sync.PendingMutationQueueImplSpec",""
"","5","planned → actual applies full impact[jvm]","","2026-07-31","passed","2026-07-31","","CalculateBalanceDeltaTest[jvm]","com.georgeci.moneysurfer.domain.model.CalculateBalanceDeltaTest",""
"","4","a build offering every entry point is not demo-only[jvm]","","2026-07-31","passed","2026-07-31","","SignInViewModelTest[jvm]","com.georgeci.moneysurfer.feature.login.SignInViewModelTest",""
"","34","a setting written while signed out is queued at the next sign-in[jvm]","","2026-07-31","passed","2026-07-31","","SyncedSettingsSessionImplJvmTest[jvm]","com.georgeci.moneysurfer.data.config.SyncedSettingsSessionImplJvmTest",""
"","10","a sign-in whose cloud workspaces never reached the device says so on the way out[jvm]","","2026-07-31","passed","2026-07-31","","SignInViewModelTest[jvm]","com.georgeci.moneysurfer.feature.login.SignInViewModelTest",""
"","35","a provider-rejected address keeps its specific copy in the dialog[jvm]","","2026-07-31","passed","2026-07-31","","SignInViewModelTest[jvm]","com.georgeci.moneysurfer.feature.login.SignInViewModelTest",""
"","1","workspace root document is applied before subcollection plugins[jvm]","","2026-07-31","passed","2026-07-31","","PullRemoteChangesUseCaseImplSpec[jvm]","com.georgeci.moneysurfer.data.sync.PullRemoteChangesUseCaseImplSpec",""
"","2","parse returns null for incomplete input and a number otherwise[jvm]","","2026-07-31","passed","2026-07-31","","InitialBalanceInputTest[jvm]","com.georgeci.moneysurfer.feature.account.creation.InitialBalanceInputTest",""
"","1","PULL_INVITES sits between PULL_MEMBERS and PULL_ACCOUNTS[jvm]","","2026-07-31","passed","2026-07-31","","SyncStepOrderTest[jvm]","com.georgeci.moneysurfer.domain.model.SyncStepOrderTest",""
"","6","a salary paid in every month is a schedule, not a subscription[jvm]","","2026-07-31","passed","2026-07-31","","GenerateInsightsUseCaseTest[jvm]","com.georgeci.moneysurfer.domain.usecase.GenerateInsightsUseCaseTest",""
"","23","a never-pushed row is pending[jvm]","","2026-07-31","passed","2026-07-31","","ConfigEntryDaoIntegrationIT[jvm]","com.georgeci.moneysurfer.integration.repository.ConfigEntryDaoIntegrationIT",""
"","7","shifting a month selection steps from the first, so a short month cannot accumulate[jvm]","","2026-07-31","passed","2026-07-31","","SpendInsightsTest[jvm]","com.georgeci.moneysurfer.domain.model.SpendInsightsTest",""
"","29","renaming the category carries an untouched backing budget's name along[jvm]","","2026-07-31","passed","2026-07-31","","CategoryCreationViewModelTest[jvm]","com.georgeci.moneysurfer.feature.category.creation.CategoryCreationViewModelTest",""
"","3","enqueueUpsert writes a PendingMutation when signed in[jvm]","","2026-07-31","passed","2026-07-31","","OutboxEnqueuerSpec[jvm]","com.georgeci.moneysurfer.data.sync.OutboxEnqueuerSpec",""
"","0","shifting a month backwards crosses the year boundary[jvm]","","2026-07-31","passed","2026-07-31","","TransactionPeriodWindowTest[jvm]","com.georgeci.moneysurfer.domain.util.TransactionPeriodWindowTest",""
"","8","two receipts stay two groups[jvm]","","2026-07-31","passed","2026-07-31","","TransactionSplitGroupTest[jvm]","com.georgeci.moneysurfer.domain.model.TransactionSplitGroupTest",""
"","7","a reset cancels a running sync before wiping, so the wipe can't be overwritten[jvm]","","2026-07-31","passed","2026-07-31","","SyncViewModelTest[jvm]","com.georgeci.moneysurfer.feature.settings.sync.SyncViewModelTest",""
"","2","a value containing quotes, commas and newlines survives the round trip[jvm]","","2026-07-31","passed","2026-07-31","","AccountExtraDetailsColumnTest[jvm]","com.georgeci.moneysurfer.data.db.entity.AccountExtraDetailsColumnTest",""
"","40","leaving the cap empty creates no budget at all[jvm]","","2026-07-31","passed","2026-07-31","","CategoryCreationViewModelTest[jvm]","com.georgeci.moneysurfer.feature.category.creation.CategoryCreationViewModelTest",""
"","6","ISO week numbering matches the calendar[jvm]","","2026-07-31","passed","2026-07-31","","TransactionPeriodWindowTest[jvm]","com.georgeci.moneysurfer.domain.util.TransactionPeriodWindowTest",""
"","37","an undecodable override is rejected instead of stored[jvm]","","2026-07-31","passed","2026-07-31","","DebugConfigInspectorImplSpec[jvm]","com.georgeci.moneysurfer.appconfig.DebugConfigInspectorImplSpec",""
"","1","previousWindow is the window immediately before the given one[jvm]","","2026-07-31","passed","2026-07-31","","BudgetPeriodWindowTest[jvm]","com.georgeci.moneysurfer.domain.util.BudgetPeriodWindowTest",""
"","70","an empty buffer explains itself instead of offering a clear action[jvm]","","2026-07-31","passed","2026-07-31","","DebugLogScreenStateTest[jvm]","com.georgeci.moneysurfer.ui.DebugLogScreenStateTest",""
"","7","submitting a valid email with no password reports PasswordRequired[jvm]","","2026-07-31","passed","2026-07-31","","SignInViewModelTest[jvm]","com.georgeci.moneysurfer.feature.login.SignInViewModelTest",""
"","0","WorkspaceCreation[jvm]","","2026-07-31","passed","2026-07-31","","RouteSerializationTest[jvm]","com.georgeci.moneysurfer.navigation.RouteSerializationTest",""
"","200","an unusable amount is flagged under the field and blocks Save[jvm]","","2026-07-31","passed","2026-07-31","","TransactionCreationScreenStateTest[jvm]","com.georgeci.moneysurfer.ui.TransactionCreationScreenStateTest",""
"","13","with no workspace pinned the save reports a failure instead of navigating on[jvm]","","2026-07-31","passed","2026-07-31","","AccountCreationViewModelTest[jvm]","com.georgeci.moneysurfer.feature.account.creation.AccountCreationViewModelTest",""
"","12","plus that overflows Long throws instead of wrapping[jvm]","","2026-07-31","passed","2026-07-31","","MoneyTest[jvm]","com.georgeci.moneysurfer.domain.primitives.MoneyTest",""
"","1","another workspace's budget never caps this one's month[jvm]","","2026-07-31","passed","2026-07-31","","BurnRateTest[jvm]","com.georgeci.moneysurfer.domain.model.BurnRateTest",""
"","4","the name counter appears exactly at its threshold[jvm]","","2026-07-31","passed","2026-07-31","","CategoryCreationStateTest[jvm]","com.georgeci.moneysurfer.feature.category.creation.CategoryCreationStateTest",""
"","0","ProjectionScope.Workspace exposes key[jvm]","","2026-07-31","passed","2026-07-31","","ProjectionSpec[jvm]","com.georgeci.moneysurfer.sync.projection.ProjectionSpec",""
"","5","an interval divides the charge across the months it spans[jvm]","","2026-07-31","passed","2026-07-31","","InsightRulesTest[jvm]","com.georgeci.moneysurfer.domain.insight.InsightRulesTest",""
"","78","an overspent budget keeps a positive remainder and says it is over[jvm]","","2026-07-31","passed","2026-07-31","","DashboardBudgetsViewModelTest[jvm]","com.georgeci.moneysurfer.feature.dashboard.DashboardBudgetsViewModelTest",""
"","117","offline build resolves isOffline true[jvm]","","2026-07-31","passed","2026-07-31","","OfflineConfigGraphTest[jvm]","com.georgeci.moneysurfer.offline.di.OfflineConfigGraphTest",""
"","65","a month with no spend keeps the card and says so, rather than leaving a gap[jvm]","","2026-07-31","passed","2026-07-31","","DashboardScreenStateTest[jvm]","com.georgeci.moneysurfer.ui.DashboardScreenStateTest",""
"","2","a pinned filter type wins over the selected category type[jvm]","","2026-07-31","passed","2026-07-31","","CategoryPickerRowsTest[jvm]","com.georgeci.moneysurfer.feature.category.picker.CategoryPickerRowsTest",""
"","134","a full-window screen keeps its back arrow and its FAB[jvm]","","2026-07-31","passed","2026-07-31","","SurferPaneScaffoldTest[jvm]","com.georgeci.moneysurfer.ui.SurferPaneScaffoldTest",""
"","2","unparseable amount is rejected as invalid amount_minor[jvm]","","2026-07-31","passed","2026-07-31","","TransactionCsvCodecTest[jvm]","com.georgeci.moneysurfer.domain.csv.TransactionCsvCodecTest",""
"","82","a window that booked nothing draws no curve and states no delta[jvm]","","2026-07-31","passed","2026-07-31","","DashboardBalanceViewModelTest[jvm]","com.georgeci.moneysurfer.feature.dashboard.DashboardBalanceViewModelTest",""
"","675","seal + open round-trips with the right passphrase[jvm]","","2026-07-31","passed","2026-07-31","","EncryptedBackupCodecTest[jvm]","com.georgeci.moneysurfer.data.backup.EncryptedBackupCodecTest",""
"","1","ids stay unique across the whole buffer, even for identical lines[jvm]","","2026-07-31","passed","2026-07-31","","DebugLogBufferTest[jvm]","com.georgeci.moneysurfer.domain.logging.DebugLogBufferTest",""
"","7","a slot reports what it currently holds[jvm]","","2026-07-31","passed","2026-07-31","","TransactionCreationSplitEditingTest[jvm]","com.georgeci.moneysurfer.feature.transaction.creation.TransactionCreationSplitEditingTest",""
"","1","PUSH_INVITES sits between PUSH_MEMBERS and PUSH_ACCOUNTS[jvm]","","2026-07-31","passed","2026-07-31","","SyncStepOrderTest[jvm]","com.georgeci.moneysurfer.domain.model.SyncStepOrderTest",""
"","8","the database path is a file whose parent exists, not a directory[jvm]","","2026-07-31","passed","2026-07-31","","DesktopFirebasePlatformJvmTest[jvm]","com.georgeci.moneysurfer.data.remote.DesktopFirebasePlatformJvmTest",""
"","5","cancelled picker keeps the screen idle[jvm]","","2026-07-31","passed","2026-07-31","","CsvBackupViewModelTest[jvm]","com.georgeci.moneysurfer.feature.settings.csv.CsvBackupViewModelTest",""
"","291","an oversized file posts FileTooLarge and returns to Idle[jvm]","","2026-07-31","passed","2026-07-31","","CsvBackupViewModelTest[jvm]","com.georgeci.moneysurfer.feature.settings.csv.CsvBackupViewModelTest",""
"","467","the domain's icon keys are exactly the ones uikit can render[jvm]","","2026-07-31","passed","2026-07-31","","CategoryPaletteParityTest[jvm]","com.georgeci.moneysurfer.feature.category.CategoryPaletteParityTest",""
"","145","an expanded card drops none of what the engine produced[jvm]","","2026-07-31","passed","2026-07-31","","DashboardInsightsScreenTest[jvm]","com.georgeci.moneysurfer.ui.DashboardInsightsScreenTest",""
"","16","user cannot read another user's document","","2026-07-31","passed","2026-07-31","","users/{uid}","users/{uid} user cannot read another user's document",""
"","32","RequiresRecentLogin degrades to the generic failure[jvm]","","2026-07-31","passed","2026-07-31","","SignInViewModelTest[jvm]","com.georgeci.moneysurfer.feature.login.SignInViewModelTest",""
"","5","actual → planned unwinds impact[jvm]","","2026-07-31","passed","2026-07-31","","ApplyTransactionChangeUseCaseTest[jvm]","com.georgeci.moneysurfer.domain.usecase.ApplyTransactionChangeUseCaseTest",""
"","6","release builds mute everything below Warn[jvm]","","2026-07-31","passed","2026-07-31","","LoggingConfigTest[jvm]","com.georgeci.moneysurfer.domain.logging.LoggingConfigTest",""
"","27","accepts a category nested under a parent","","2026-07-31","passed","2026-07-31","","entity write-shape validation (issue #156)","entity write-shape validation (issue #156) accepts a category nested under a parent",""
"","9","java.util.zip.ZipInputStream reads our stored archive[jvm]","","2026-07-31","passed","2026-07-31","","ZipStoredInteropJvmTest[jvm]","com.georgeci.moneysurfer.data.backup.ZipStoredInteropJvmTest",""
"","16","spend in the base currency is not blamed on the filter, even beside excluded rows[jvm]","","2026-07-31","passed","2026-07-31","","InsightsViewModelTest[jvm]","com.georgeci.moneysurfer.feature.insights.InsightsViewModelTest",""
"","3","letters are an invalid format[jvm]","","2026-07-31","passed","2026-07-31","","TransactionAmountInputTest[jvm]","com.georgeci.moneysurfer.feature.transaction.creation.TransactionAmountInputTest",""
"","1","Dashboard[jvm]","","2026-07-31","passed","2026-07-31","","RouteSerializationTest[jvm]","com.georgeci.moneysurfer.navigation.RouteSerializationTest",""
"","3","collapses punctuation and repeated separators into token boundaries[jvm]","","2026-07-31","passed","2026-07-31","","FtsQueryTest[jvm]","com.georgeci.moneysurfer.data.db.FtsQueryTest",""
"","3","android's badly-formatted phrasing classifies as InvalidEmail[jvm]","","2026-07-31","passed","2026-07-31","","AuthErrorClassificationTest[jvm]","com.georgeci.moneysurfer.data.repository.AuthErrorClassificationTest",""
"","17","starts in Loading before categories arrive[jvm]","","2026-07-31","passed","2026-07-31","","CategoryChooserViewModelTest[jvm]","com.georgeci.moneysurfer.feature.category.picker.CategoryChooserViewModelTest",""
"","38","a category that jumped past the threshold reads as a warning[jvm]","","2026-07-31","passed","2026-07-31","","InsightRulesTest[jvm]","com.georgeci.moneysurfer.domain.insight.InsightRulesTest",""
"","5","amounts are read however they are written[jvm]","","2026-07-31","passed","2026-07-31","","TransactionFilterMatchingTest[jvm]","com.georgeci.moneysurfer.feature.transaction.filter.TransactionFilterMatchingTest",""
"","1","bars are scaled to the busiest day of the week[jvm]","","2026-07-31","passed","2026-07-31","","BurnRateTest[jvm]","com.georgeci.moneysurfer.domain.model.BurnRateTest",""
"","4","null in -> null out[jvm]","","2026-07-31","passed","2026-07-31","","TimeFormatterTest[jvm]","com.georgeci.moneysurfer.data.repository.TimeFormatterTest",""
"","48","pairs the workspace base currency with the cached table and asks for a refresh[jvm]","","2026-07-31","passed","2026-07-31","","GetExchangeRatesUseCaseTest[jvm]","com.georgeci.moneysurfer.domain.usecase.GetExchangeRatesUseCaseTest",""
"","1","the ports match the emulator suite's defaults[jvm]","","2026-07-31","passed","2026-07-31","","FirebaseConfigImplJvmTest[jvm]","com.georgeci.moneysurfer.data.remote.FirebaseConfigImplJvmTest",""
"","3","handle cancel of unknown id is a no-op[jvm]","","2026-07-31","passed","2026-07-31","","SyncCoordinatorImplBranchSpec[jvm]","com.georgeci.moneysurfer.sync.coordinator.SyncCoordinatorImplBranchSpec",""
"","1","respanning to the span a widget already has, or a widget the layout lacks, changes nothing[jvm]","","2026-07-31","passed","2026-07-31","","DashboardLayoutConfigTest[jvm]","com.georgeci.moneysurfer.domain.dashboard.DashboardLayoutConfigTest",""
"","126","income turns the two counterparty rows around[jvm]","","2026-07-31","passed","2026-07-31","","TransactionDetailsScreenStateTest[jvm]","com.georgeci.moneysurfer.ui.TransactionDetailsScreenStateTest",""
"","271","a transfer swaps the category grid for two account slots[jvm]","","2026-07-31","passed","2026-07-31","","TransactionCreationScreenStateTest[jvm]","com.georgeci.moneysurfer.ui.TransactionCreationScreenStateTest",""
"","14","All categories drops the selection rather than adding one more chip[jvm]","","2026-07-31","passed","2026-07-31","","TransactionFiltersViewModelTest[jvm]","com.georgeci.moneysurfer.feature.transaction.filters.TransactionFiltersViewModelTest",""
"","7","the transfer shortcut returns a bare flag[jvm]","","2026-07-31","passed","2026-07-31","","NavigationResultKeysTest[jvm]","com.georgeci.moneysurfer.navigation.NavigationResultKeysTest",""
"","4","shutdown cancels coordinator first, then scheduler[jvm]","","2026-07-31","passed","2026-07-31","","SessionShutdownGateImplSpec[jvm]","com.georgeci.moneysurfer.sync.internal.SessionShutdownGateImplSpec",""
"","10","the outbox stays unobserved while sync is off, and fills in when the switch flips[jvm]","","2026-07-31","passed","2026-07-31","","SyncViewModelTest[jvm]","com.georgeci.moneysurfer.feature.settings.sync.SyncViewModelTest",""
"","43","accepts a minimal account (default-valued fields omitted)","","2026-07-31","passed","2026-07-31","","entity write-shape validation (issue #156)","entity write-shape validation (issue #156) accepts a minimal account (default-valued fields omitted)",""
"","187","with no budget the burn-rate card still draws the projection, minus the verdict[jvm]","","2026-07-31","passed","2026-07-31","","DashboardScreenStateTest[jvm]","com.georgeci.moneysurfer.ui.DashboardScreenStateTest",""
"","12","still pins workspace when setDefaultWorkspace throws[jvm]","","2026-07-31","passed","2026-07-31","","CreateWorkspaceUseCaseTest[jvm]","com.georgeci.moneysurfer.domain.usecase.CreateWorkspaceUseCaseTest",""
"","195","composition renders with no display attached[jvm]","","2026-07-31","passed","2026-07-31","","SignInScreenStateTest[jvm]","com.georgeci.moneysurfer.ui.SignInScreenStateTest",""
"","1244","the three toolbar actions each ask for their own destination[jvm]","","2026-07-31","passed","2026-07-31","","TransactionDetailsScreenStateTest[jvm]","com.georgeci.moneysurfer.ui.TransactionDetailsScreenStateTest",""
"","10","the base currency is a path segment, so nothing needs encoding[jvm]","","2026-07-31","passed","2026-07-31","","ExchangeRateApiTest[jvm]","com.georgeci.moneysurfer.data.remote.ExchangeRateApiTest",""
"","2","unknown transaction type is rejected as invalid type[jvm]","","2026-07-31","passed","2026-07-31","","TransactionCsvCodecTest[jvm]","com.georgeci.moneysurfer.domain.csv.TransactionCsvCodecTest",""
"","12","happy path runs steps in order and clears the local session[jvm]","","2026-07-31","passed","2026-07-31","","DeleteUserAccountUseCaseTest[jvm]","com.georgeci.moneysurfer.domain.usecase.DeleteUserAccountUseCaseTest",""
"","17","'5' -> '5'[jvm]","","2026-07-31","passed","2026-07-31","","AmountInputTransformationTest[jvm]","com.georgeci.moneysurfer.utils.AmountInputTransformationTest",""
"","20","a pulled category this device has never seen is inserted[jvm]","","2026-07-31","passed","2026-07-31","","CategorySyncPluginIT[jvm]","com.georgeci.moneysurfer.integration.plugin.CategorySyncPluginIT",""
"","38","offline build binds the empty RemoteGlobal layer[jvm]","","2026-07-31","passed","2026-07-31","","OfflineConfigGraphTest[jvm]","com.georgeci.moneysurfer.offline.di.OfflineConfigGraphTest",""
"","36","invitee can decline by email match (no targetUserId on doc)","","2026-07-31","passed","2026-07-31","","invites — update / delete","invites — update / delete invitee can decline by email match (no targetUserId on doc)",""
"","2","removing one of three keeps the other two[jvm]","","2026-07-31","passed","2026-07-31","","TransactionCreationSplitEditingTest[jvm]","com.georgeci.moneysurfer.feature.transaction.creation.TransactionCreationSplitEditingTest",""
"","23","content-editing events received while loading are harmless no-ops[jvm]","","2026-07-31","passed","2026-07-31","","CategoryChooserViewModelTest[jvm]","com.georgeci.moneysurfer.feature.category.picker.CategoryChooserViewModelTest",""
"","54","owner can hard-delete a goal and a contribution (purge path)","","2026-07-31","passed","2026-07-31","","savings goals (issue #244)","savings goals (issue #244) owner can hard-delete a goal and a contribution (purge path)",""
"","32","rejects transaction tags sent as a string instead of a list","","2026-07-31","passed","2026-07-31","","entity write-shape validation (issue #156)","entity write-shape validation (issue #156) rejects transaction tags sent as a string instead of a list",""
"","3","NoOpNetworkMonitor reports always-online[jvm]","","2026-07-31","passed","2026-07-31","","NoOpNetworkMonitorSpec[jvm]","com.georgeci.moneysurfer.sync.internal.network.NoOpNetworkMonitorSpec",""
"","19","save with blank name is a no-op (Save button is wired to require a name)[jvm]","","2026-07-31","passed","2026-07-31","","AccountCreationViewModelTest[jvm]","com.georgeci.moneysurfer.feature.account.creation.AccountCreationViewModelTest",""
"","2","Cancelled title and default summary[jvm]","","2026-07-31","passed","2026-07-31","","SyncStepSpec[jvm]","com.georgeci.moneysurfer.sync.api.SyncStepSpec",""
"","4","the temp file used for the atomic rename is not left behind[jvm]","","2026-07-31","passed","2026-07-31","","DesktopFirebasePlatformJvmTest[jvm]","com.georgeci.moneysurfer.data.remote.DesktopFirebasePlatformJvmTest",""
"","21","changing the base currency re-points the trend at the rows that now count[jvm]","","2026-07-31","passed","2026-07-31","","CategoryDetailsViewModelTest[jvm]","com.georgeci.moneysurfer.feature.category.details.CategoryDetailsViewModelTest",""
"","1","moving a widget up puts it in the slot of the widget it landed on[jvm]","","2026-07-31","passed","2026-07-31","","DashboardLayoutConfigTest[jvm]","com.georgeci.moneysurfer.domain.dashboard.DashboardLayoutConfigTest",""
"","19","reset-all drops every override[jvm]","","2026-07-31","passed","2026-07-31","","DebugConfigSourceImplJvmTest[jvm]","com.georgeci.moneysurfer.data.config.DebugConfigSourceImplJvmTest",""
"","345","the merchant list names who took the most, and how often[jvm]","","2026-07-31","passed","2026-07-31","","InsightsScreenTest[jvm]","com.georgeci.moneysurfer.ui.InsightsScreenTest",""
"","28","emits null while no workspace is selected[jvm]","","2026-07-31","passed","2026-07-31","","GetExchangeRatesUseCaseTest[jvm]","com.georgeci.moneysurfer.domain.usecase.GetExchangeRatesUseCaseTest",""
"","410","light scheme: text tokens clear AA on every surface they land on[jvm]","","2026-07-31","passed","2026-07-31","","ColorContrastTest[jvm]","com.georgeci.moneysurfer.uikit.theme.ColorContrastTest",""
"","6","dedup does not collapse different operations or different entities[jvm]","","2026-07-31","passed","2026-07-31","","PendingMutationQueueIntegrationIT[jvm]","com.georgeci.moneysurfer.integration.sync.PendingMutationQueueIntegrationIT",""
"","31","editing an existing row is not a way into a transfer, so its chooser offers no shortcut[jvm]","","2026-07-31","passed","2026-07-31","","TransactionCreationFormTest[jvm]","com.georgeci.moneysurfer.feature.transaction.creation.TransactionCreationFormTest",""
"","35","swiping one leg of a transfer takes both, and Undo restores the pair[jvm]","","2026-07-31","passed","2026-07-31","","TransactionsByAccountDeleteTest[jvm]","com.georgeci.moneysurfer.feature.transaction.list.TransactionsByAccountDeleteTest",""
"","7","reports progress with entityType and running position[jvm]","","2026-07-31","passed","2026-07-31","","UploadPendingChangesUseCaseImplSpec[jvm]","com.georgeci.moneysurfer.data.sync.UploadPendingChangesUseCaseImplSpec",""
"","653","every spent-by-category variant draws its rows rather than any of them measuring to nothing[jvm]","","2026-07-31","passed","2026-07-31","","DashboardScreenStateTest[jvm]","com.georgeci.moneysurfer.ui.DashboardScreenStateTest",""
"","2","a category that moved less than a fifth says nothing[jvm]","","2026-07-31","passed","2026-07-31","","InsightRulesTest[jvm]","com.georgeci.moneysurfer.domain.insight.InsightRulesTest",""
"","4","upload progress emits UploadingEntity into running state[jvm]","","2026-07-31","passed","2026-07-31","","SyncCoordinatorImplBranchSpec[jvm]","com.georgeci.moneysurfer.sync.coordinator.SyncCoordinatorImplBranchSpec",""
"","5","a real project is assembled from the three MS_FIREBASE variables[jvm]","","2026-07-31","passed","2026-07-31","","DesktopFirebaseOptionsJvmTest[jvm]","com.georgeci.moneysurfer.data.remote.DesktopFirebaseOptionsJvmTest",""
"","1","rows outside the window cannot bend the curve[jvm]","","2026-07-31","passed","2026-07-31","","BalanceTrendTest[jvm]","com.georgeci.moneysurfer.domain.model.BalanceTrendTest",""
"","34","accepts a category from an older client that omits iconKey and hue","","2026-07-31","passed","2026-07-31","","entity write-shape validation (issue #156)","entity write-shape validation (issue #156) accepts a category from an older client that omits iconKey and hue",""
"","131","a list on its own is the list pane, with nothing to go back to inside it[jvm]","","2026-07-31","passed","2026-07-31","","SurferPaneSceneStrategyTest[jvm]","com.georgeci.moneysurfer.navigation.SurferPaneSceneStrategyTest",""
"","7","an available optional update still allows sync[jvm]","","2026-07-31","passed","2026-07-31","","SyncVersionGateImplSpec[jvm]","com.georgeci.moneysurfer.data.sync.SyncVersionGateImplSpec",""
"","19","owner can hard-delete a member row (account-deletion purge)","","2026-07-31","passed","2026-07-31","","workspaces/{wid}/members/{uid}","workspaces/{wid}/members/{uid} owner can hard-delete a member row (account-deletion purge)",""
"","32","every month in the window is emitted, including the ones with no spend[jvm]","","2026-07-31","passed","2026-07-31","","CategorySpendHistoryTest[jvm]","com.georgeci.moneysurfer.domain.model.CategorySpendHistoryTest",""
"","1215","every hero variant renders — queued and running also drive the live section[jvm]","","2026-07-31","passed","2026-07-31","","SyncScreenStateTest[jvm]","com.georgeci.moneysurfer.ui.SyncScreenStateTest",""
"","3","enqueueUpsert is a no-op when demo session[jvm]","","2026-07-31","passed","2026-07-31","","OutboxEnqueuerSpec[jvm]","com.georgeci.moneysurfer.data.sync.OutboxEnqueuerSpec",""
"","109","the spent-this-month card draws the amount, the cap it is under and the month before it[jvm]","","2026-07-31","passed","2026-07-31","","DashboardScreenStateTest[jvm]","com.georgeci.moneysurfer.ui.DashboardScreenStateTest",""
"","657","a single flipped ciphertext byte fails the MAC[jvm]","","2026-07-31","passed","2026-07-31","","EncryptedBackupCodecTest[jvm]","com.georgeci.moneysurfer.data.backup.EncryptedBackupCodecTest",""
"","2","no enqueue when not signed in to Firebase (demo session)[jvm]","","2026-07-31","passed","2026-07-31","","OutboxEnqueuerImplSpec[jvm]","com.georgeci.moneysurfer.sync.repository.OutboxEnqueuerImplSpec",""
"","9","pending honours the limit[jvm]","","2026-07-31","passed","2026-07-31","","PendingMutationQueueImplSpec[jvm]","com.georgeci.moneysurfer.sync.internal.repository.PendingMutationQueueImplSpec",""
"","7","an account with no extra details maps to the empty column and back to an empty list[jvm]","","2026-07-31","passed","2026-07-31","","AccountDtoMapperSpec[jvm]","com.georgeci.moneysurfer.data.sync.AccountDtoMapperSpec",""
"","8","rejects when invite not found[jvm]","","2026-07-31","passed","2026-07-31","","AcceptInviteUseCaseTest[jvm]","com.georgeci.moneysurfer.domain.usecase.AcceptInviteUseCaseTest",""
"","1","archive on missing account returns AccountNotFound[jvm]","","2026-07-31","passed","2026-07-31","","ArchiveAccountUseCaseTest[jvm]","com.georgeci.moneysurfer.domain.usecase.ArchiveAccountUseCaseTest",""
"","8","reader rejects truncated entry body[jvm]","","2026-07-31","passed","2026-07-31","","ZipStoredCodecTest[jvm]","com.georgeci.moneysurfer.data.backup.ZipStoredCodecTest",""
"","1","delegate constructor preserves the supplied context[jvm]","","2026-07-31","passed","2026-07-31","","ApplicationScopeSpec[jvm]","com.georgeci.moneysurfer.sync.runtime.ApplicationScopeSpec",""
"","32","member can read another member's row (roster visibility)","","2026-07-31","passed","2026-07-31","","workspaces/{wid}/members/{uid}","workspaces/{wid}/members/{uid} member can read another member's row (roster visibility)",""
"","1","an inactive budget stays inactive across the wire[jvm]","","2026-07-31","passed","2026-07-31","","WorkspaceScopedDtoMapperSpec[jvm]","com.georgeci.moneysurfer.data.sync.WorkspaceScopedDtoMapperSpec",""
"","3","manifest JSON survives serialization[jvm]","","2026-07-31","passed","2026-07-31","","ZipStoredCodecTest[jvm]","com.georgeci.moneysurfer.data.backup.ZipStoredCodecTest",""
"","1","a negative balance is allowed for a credit (card) account[jvm]","","2026-07-31","passed","2026-07-31","","InitialBalanceInputTest[jvm]","com.georgeci.moneysurfer.feature.account.creation.InitialBalanceInputTest",""
"","15","push sends the row as it stands now and records it as pushed[jvm]","","2026-07-31","passed","2026-07-31","","UserConfigSyncPluginSpec[jvm]","com.georgeci.moneysurfer.data.sync.plugin.UserConfigSyncPluginSpec",""
"","14","a custom field that duplicates a field already on the form is ignored[jvm]","","2026-07-31","passed","2026-07-31","","AccountCreationViewModelTest[jvm]","com.georgeci.moneysurfer.feature.account.creation.AccountCreationViewModelTest",""
"","170","the compact spent-this-month card is shorter than the expanded one[jvm]","","2026-07-31","passed","2026-07-31","","DashboardScreenStateTest[jvm]","com.georgeci.moneysurfer.ui.DashboardScreenStateTest",""
"","40","a local row edited more recently is kept, and the clash is reported[jvm]","","2026-07-31","passed","2026-07-31","","AccountSyncPluginIT[jvm]","com.georgeci.moneysurfer.integration.plugin.AccountSyncPluginIT",""
"","11","resetTo bootstraps an empty stack[jvm]","","2026-07-31","passed","2026-07-31","","AppNavigatorTest[jvm]","com.georgeci.moneysurfer.navigation.AppNavigatorTest",""
"","51","the selected destination is the only one marked selected[jvm]","","2026-07-31","passed","2026-07-31","","SurferNavigationDrawerTest[jvm]","com.georgeci.moneysurfer.ui.SurferNavigationDrawerTest",""
"","10","Either.Left(Cancelled) returned from upload completes as cancelled[jvm]","","2026-07-31","passed","2026-07-31","","SyncCoordinatorImplBranchSpec[jvm]","com.georgeci.moneysurfer.sync.coordinator.SyncCoordinatorImplBranchSpec",""
"","30","accepts a fully-populated, correctly-typed budget","","2026-07-31","passed","2026-07-31","","entity write-shape validation (issue #156)","entity write-shape validation (issue #156) accepts a fully-populated, correctly-typed budget",""
"","28","an operationDate that is a day that does not exist is counted by no aggregate[jvm]","","2026-07-31","passed","2026-07-31","","SpendAnalyticsRepositoryImplJvmTest[jvm]","com.georgeci.moneysurfer.data.repository.SpendAnalyticsRepositoryImplJvmTest",""
"","9","shows one total per currency instead of mixing minor units[jvm]","","2026-07-31","passed","2026-07-31","","AccountChooserViewModelTest[jvm]","com.georgeci.moneysurfer.feature.account.picker.AccountChooserViewModelTest",""
"","125","submit button stays enabled on empty input so submitting can explain what is missing[jvm]","","2026-07-31","passed","2026-07-31","","SignInScreenStateTest[jvm]","com.georgeci.moneysurfer.ui.SignInScreenStateTest",""
"","1","the extra pane draws no section chrome[jvm]","","2026-07-31","passed","2026-07-31","","SurferPaneSceneStrategyTest[jvm]","com.georgeci.moneysurfer.navigation.SurferPaneSceneStrategyTest",""
"","23","a workspace with no category of this type has nothing to file the row under[jvm]","","2026-07-31","passed","2026-07-31","","TransactionCreationSaveGuardsTest[jvm]","com.georgeci.moneysurfer.feature.transaction.creation.TransactionCreationSaveGuardsTest",""
"","22","the forward arrow's bound is the view model's, not just the arrow's[jvm]","","2026-07-31","passed","2026-07-31","","InsightsViewModelTest[jvm]","com.georgeci.moneysurfer.feature.insights.InsightsViewModelTest",""
"","7","sums income / expense / opening_balance for the account[jvm]","","2026-07-31","passed","2026-07-31","","RecalculateAccountBalanceUseCaseTest[jvm]","com.georgeci.moneysurfer.domain.usecase.RecalculateAccountBalanceUseCaseTest",""
"","31","a tombstone for a document that never reached the server is skipped[jvm]","","2026-07-31","passed","2026-07-31","","AccountSyncPluginIT[jvm]","com.georgeci.moneysurfer.integration.plugin.AccountSyncPluginIT",""
"","60","the window the panes are asserted at is an Expanded one[jvm]","","2026-07-31","passed","2026-07-31","","SurferPaneChromeTest[jvm]","com.georgeci.moneysurfer.ui.SurferPaneChromeTest",""
"","10","AllUserData pulls every workspace the remote lists for the user[jvm]","","2026-07-31","passed","2026-07-31","","PullRemoteChangesUseCaseImplSpec[jvm]","com.georgeci.moneysurfer.data.sync.PullRemoteChangesUseCaseImplSpec",""
"","94","a month in line with the last one says so instead of printing a zero[jvm]","","2026-07-31","passed","2026-07-31","","DashboardScreenStateTest[jvm]","com.georgeci.moneysurfer.ui.DashboardScreenStateTest",""
"","23","stranger cannot self-create even by naming a non-existent inviteId","","2026-07-31","passed","2026-07-31","","workspaces/{wid}/members/{uid}","workspaces/{wid}/members/{uid} stranger cannot self-create even by naming a non-existent inviteId",""
"","96","swiping a row away removes it, and the snackbar's Undo puts it back[jvm]","","2026-07-31","passed","2026-07-31","","TransactionsByAccountDeleteTest[jvm]","com.georgeci.moneysurfer.feature.transaction.list.TransactionsByAccountDeleteTest",""
"","195","a count that hit its cap is reported as a floor, not as an exact number[jvm]","","2026-07-31","passed","2026-07-31","","TransactionFiltersScreenStateTest[jvm]","com.georgeci.moneysurfer.ui.TransactionFiltersScreenStateTest",""
"","38","there is nowhere to page in all-time mode, so the anchor stays put[jvm]","","2026-07-31","passed","2026-07-31","","TransactionsByAccountNavigationTest[jvm]","com.georgeci.moneysurfer.feature.transaction.list.TransactionsByAccountNavigationTest",""
"","20","an account or a category is toggled on, then off again[jvm]","","2026-07-31","passed","2026-07-31","","TransactionFiltersViewModelTest[jvm]","com.georgeci.moneysurfer.feature.transaction.filters.TransactionFiltersViewModelTest",""
"","1","normalize truncates over-long keys and values[jvm]","","2026-07-31","passed","2026-07-31","","AccountExtraDetailsTest[jvm]","com.georgeci.moneysurfer.domain.model.AccountExtraDetailsTest",""
"","259","online build is a single step that continues into sign-in and marks onboarding completed[jvm]","","2026-07-31","passed","2026-07-31","","OnboardingViewModelTest[jvm]","com.georgeci.moneysurfer.feature.login.onboarding.OnboardingViewModelTest",""
"","17","switching to Income picks an income category and save persists INCOME[jvm]","","2026-07-31","passed","2026-07-31","","TransactionCreationSaveTest[jvm]","com.georgeci.moneysurfer.feature.transaction.creation.TransactionCreationSaveTest",""
"","17","the name required error appears only after the field was touched and left blank[jvm]","","2026-07-31","passed","2026-07-31","","AccountCreationViewModelTest[jvm]","com.georgeci.moneysurfer.feature.account.creation.AccountCreationViewModelTest",""
"","7","no months means no curve[jvm]","","2026-07-31","passed","2026-07-31","","BalanceTrendTest[jvm]","com.georgeci.moneysurfer.domain.model.BalanceTrendTest",""
"","13","a category's icon and colour survive a round-trip through Room[jvm]","","2026-07-31","passed","2026-07-31","","DeleteUndoIntegrationIT[jvm]","com.georgeci.moneysurfer.integration.repository.DeleteUndoIntegrationIT",""
"","18","a raw value the codec rejects is kept verbatim so the panel can show it[jvm]","","2026-07-31","passed","2026-07-31","","DebugConfigSourceImplJvmTest[jvm]","com.georgeci.moneysurfer.data.config.DebugConfigSourceImplJvmTest",""
"","12","upsert (existing) enqueues UPDATE[jvm]","","2026-07-31","passed","2026-07-31","","WorkspaceInviteRepositoryDualWriteSpec[jvm]","com.georgeci.moneysurfer.data.repository.WorkspaceInviteRepositoryDualWriteSpec",""
"","16","resolves the row the session points at[jvm]","","2026-07-31","passed","2026-07-31","","GetCurrentWorkspaceUseCaseTest[jvm]","com.georgeci.moneysurfer.domain.usecase.GetCurrentWorkspaceUseCaseTest",""
"","522","at expanded width the default layout's first band is a hero beside the shortcuts[jvm]","","2026-07-31","passed","2026-07-31","","DashboardGridScreenTest[jvm]","com.georgeci.moneysurfer.ui.DashboardGridScreenTest",""
"","5","the trailing line holds the remainder and the ones above it hold what was typed[jvm]","","2026-07-31","passed","2026-07-31","","TransactionCreationSplitEditingTest[jvm]","com.georgeci.moneysurfer.feature.transaction.creation.TransactionCreationSplitEditingTest",""
"","2","cancelCurrent with no running sync is a no-op[jvm]","","2026-07-31","passed","2026-07-31","","SyncCoordinatorImplBranchSpec[jvm]","com.georgeci.moneysurfer.sync.coordinator.SyncCoordinatorImplBranchSpec",""
"","2","null message returns null[jvm]","","2026-07-31","passed","2026-07-31","","AuthErrorClassificationTest[jvm]","com.georgeci.moneysurfer.data.repository.AuthErrorClassificationTest",""
"","1","opening_balance behaves as a regular ACTUAL for cache[jvm]","","2026-07-31","passed","2026-07-31","","ApplyTransactionChangeUseCaseTest[jvm]","com.georgeci.moneysurfer.domain.usecase.ApplyTransactionChangeUseCaseTest",""
"","5","a grandchild's spend lands on the direct child's breakdown row, not on its own[jvm]","","2026-07-31","passed","2026-07-31","","CategorySpendHistoryTest[jvm]","com.georgeci.moneysurfer.domain.model.CategorySpendHistoryTest",""
"","7","light scheme: paired on/container tokens clear AA[jvm]","","2026-07-31","passed","2026-07-31","","ColorContrastTest[jvm]","com.georgeci.moneysurfer.uikit.theme.ColorContrastTest",""
"","6","a parent's total rolls up its whole subtree[jvm]","","2026-07-31","passed","2026-07-31","","CategorySpendHistoryTest[jvm]","com.georgeci.moneysurfer.domain.model.CategorySpendHistoryTest",""
"","2","rejects when caller is not OWNER[jvm]","","2026-07-31","passed","2026-07-31","","SendInviteUseCaseTest[jvm]","com.georgeci.moneysurfer.domain.usecase.SendInviteUseCaseTest",""
"","13","a stale emission mid-stream cannot be published over a write either[jvm]","","2026-07-31","passed","2026-07-31","","PreferencesMirrorJvmTest[jvm]","com.georgeci.moneysurfer.data.config.PreferencesMirrorJvmTest",""
"","8","each refresh re-reads the domain gate instead of caching the first result[jvm]","","2026-07-31","passed","2026-07-31","","SyncVersionGateImplSpec[jvm]","com.georgeci.moneysurfer.data.sync.SyncVersionGateImplSpec",""
"","3","totals for categories outside the subtree are ignored[jvm]","","2026-07-31","passed","2026-07-31","","CategorySpendHistoryTest[jvm]","com.georgeci.moneysurfer.domain.model.CategorySpendHistoryTest",""
"","1","happy path: editor can leave[jvm]","","2026-07-31","passed","2026-07-31","","LeaveWorkspaceUseCaseTest[jvm]","com.georgeci.moneysurfer.domain.usecase.LeaveWorkspaceUseCaseTest",""
"","25","non-owner member cannot tombstone the workspace root doc","","2026-07-31","passed","2026-07-31","","tombstone update shape (push-side soft delete)","tombstone update shape (push-side soft delete) non-owner member cannot tombstone the workspace root doc",""
"","32","second sync resumes from the Room-persisted cursor and pulls only newer documents[jvm]","","2026-07-31","passed","2026-07-31","","NewWorkspacePullIntegrationIT[jvm]","com.georgeci.moneysurfer.integration.sync.NewWorkspacePullIntegrationIT",""
"","74","getByTransferId returns only the legs of the requested transfer[jvm]","","2026-07-31","passed","2026-07-31","","TransferCreationIntegrationIT[jvm]","com.georgeci.moneysurfer.integration.repository.TransferCreationIntegrationIT",""
"","9","enqueueDelete is a no-op when demo session[jvm]","","2026-07-31","passed","2026-07-31","","OutboxEnqueuerSpec[jvm]","com.georgeci.moneysurfer.data.sync.OutboxEnqueuerSpec",""
"","2","remote cleanup failure keeps the local session so the user can retry[jvm]","","2026-07-31","passed","2026-07-31","","DeleteUserAccountUseCaseTest[jvm]","com.georgeci.moneysurfer.domain.usecase.DeleteUserAccountUseCaseTest",""
"","16","a refresh of the remote config does not block the splash[jvm]","","2026-07-31","passed","2026-07-31","","AppLaunchViewModelTest[jvm]","com.georgeci.moneysurfer.navigation.AppLaunchViewModelTest",""
"","805","the grid-width section offers every span, on the one the widget already has[jvm]","","2026-07-31","passed","2026-07-31","","DashboardCustomizeScreenStateTest[jvm]","com.georgeci.moneysurfer.ui.DashboardCustomizeScreenStateTest",""
"","287","recorded entries render with the clear action[jvm]","","2026-07-31","passed","2026-07-31","","DebugLogScreenStateTest[jvm]","com.georgeci.moneysurfer.ui.DebugLogScreenStateTest",""
"","39","save emits NavigateBack[jvm]","","2026-07-31","passed","2026-07-31","","CategoryCreationViewModelTest[jvm]","com.georgeci.moneysurfer.feature.category.creation.CategoryCreationViewModelTest",""
"","1330","every action stays reachable in a short landscape window[jvm]","","2026-07-31","passed","2026-07-31","","SignInResponsiveLayoutTest[jvm]","com.georgeci.moneysurfer.ui.SignInResponsiveLayoutTest",""
"","85","a set that is entirely zero still draws every column instead of dividing by zero[jvm]","","2026-07-31","passed","2026-07-31","","SurferBarColumnsTest[jvm]","com.georgeci.moneysurfer.ui.SurferBarColumnsTest",""
"","90","pointers round-trip through the store[jvm]","","2026-07-31","passed","2026-07-31","","SessionPointersImplJvmTest[jvm]","com.georgeci.moneysurfer.data.preferences.SessionPointersImplJvmTest",""
"","6","a rejected edit puts the previous text back[jvm]","","2026-07-31","passed","2026-07-31","","AmountInputTransformationTest[jvm]","com.georgeci.moneysurfer.utils.AmountInputTransformationTest",""
"","94","an empty balance drops the trend rather than pairing a delta with a dash[jvm]","","2026-07-31","passed","2026-07-31","","DashboardScreenStateTest[jvm]","com.georgeci.moneysurfer.ui.DashboardScreenStateTest",""
"","1","ConflictResolver implementation can be invoked[jvm]","","2026-07-31","passed","2026-07-31","","ConflictResolverSpec[jvm]","com.georgeci.moneysurfer.sync.repository.ConflictResolverSpec",""
"","25","saving an edit to a row that was already purged inserts it fresh[jvm]","","2026-07-31","passed","2026-07-31","","TransactionSoftDeleteIntegrationIT[jvm]","com.georgeci.moneysurfer.integration.repository.TransactionSoftDeleteIntegrationIT",""
"","24","changes emits the current state and again after a write[jvm]","","2026-07-31","passed","2026-07-31","","LocalConfigSourceImplJvmTest[jvm]","com.georgeci.moneysurfer.data.config.LocalConfigSourceImplJvmTest",""
"","4","removing a line below the minimum closes the editor rather than leaving one leg[jvm]","","2026-07-31","passed","2026-07-31","","TransactionCreationSplitEditingTest[jvm]","com.georgeci.moneysurfer.feature.transaction.creation.TransactionCreationSplitEditingTest",""
"","19","user cannot squat on someone else's email key (mapping to own uid)","","2026-07-31","passed","2026-07-31","","userEmails/{email}","userEmails/{email} user cannot squat on someone else's email key (mapping to own uid)",""
"","61","a newer remote row wins over the local one[jvm]","","2026-07-31","passed","2026-07-31","","AccountSyncPluginIT[jvm]","com.georgeci.moneysurfer.integration.plugin.AccountSyncPluginIT",""
"","1","weekly window start is inclusive and end is exclusive[jvm]","","2026-07-31","passed","2026-07-31","","BudgetPeriodWindowTest[jvm]","com.georgeci.moneysurfer.domain.util.BudgetPeriodWindowTest",""
"","20","a general monthly budget becomes the cap the bar is drawn against[jvm]","","2026-07-31","passed","2026-07-31","","GetSpentMonthUseCaseTest[jvm]","com.georgeci.moneysurfer.domain.usecase.GetSpentMonthUseCaseTest",""
"","14","tapping Duplicate asks to open the creation screen for this transaction[jvm]","","2026-07-31","passed","2026-07-31","","TransactionDetailsViewModelTest[jvm]","com.georgeci.moneysurfer.feature.transaction.details.TransactionDetailsViewModelTest",""
"","46","the pushed document carries this build's version code[jvm]","","2026-07-31","passed","2026-07-31","","AccountSyncPluginIT[jvm]","com.georgeci.moneysurfer.integration.plugin.AccountSyncPluginIT",""
"","27","duplicating carries the merchant and tags but not the pairing, schedule or planned state[jvm]","","2026-07-31","passed","2026-07-31","","TransactionCreationEditTest[jvm]","com.georgeci.moneysurfer.feature.transaction.creation.TransactionCreationEditTest",""
"","30","an insert writes the row under the workspace's transactions collection[jvm]","","2026-07-31","passed","2026-07-31","","TransactionSyncPluginIT[jvm]","com.georgeci.moneysurfer.integration.plugin.TransactionSyncPluginIT",""
"","1","is idempotent[jvm]","","2026-07-31","passed","2026-07-31","","TransactionTagsTest[jvm]","com.georgeci.moneysurfer.domain.model.TransactionTagsTest",""
"","0","copy preserves equality[jvm]","","2026-07-31","passed","2026-07-31","","SyncConstraintsSpec[jvm]","com.georgeci.moneysurfer.sync.scheduler.SyncConstraintsSpec",""
"","20","uses the workspace base currency for the accounts it creates[jvm]","","2026-07-31","passed","2026-07-31","","DebugDataPrefillerTest[jvm]","com.georgeci.moneysurfer.domain.debug.DebugDataPrefillerTest",""
"","5","email user with a password reaches the confirmation dialog[jvm]","","2026-07-31","passed","2026-07-31","","DeleteUserAccountViewModelTest[jvm]","com.georgeci.moneysurfer.feature.settings.account.DeleteUserAccountViewModelTest",""
"","46","an operationDate that is never written, from before the column existed is counted by no aggregate[jvm]","","2026-07-31","passed","2026-07-31","","SpendAnalyticsRepositoryImplJvmTest[jvm]","com.georgeci.moneysurfer.data.repository.SpendAnalyticsRepositoryImplJvmTest",""
"","0","SyncMeta copy override changes targeted field only[jvm]","","2026-07-31","passed","2026-07-31","","SyncMetaRepositorySpec[jvm]","com.georgeci.moneysurfer.sync.repository.SyncMetaRepositorySpec",""
"","5","UploadOnly scope skips pull and recalc[jvm]","","2026-07-31","passed","2026-07-31","","SyncCoordinatorImplSpec[jvm]","com.georgeci.moneysurfer.sync.coordinator.SyncCoordinatorImplSpec",""
"","33","non-member cannot create","","2026-07-31","passed","2026-07-31","","member-gated entities (accounts)","member-gated entities (accounts) non-member cannot create",""
"","4","the Expanded band runs from its lower bound up to the Large bound[jvm]","","2026-07-31","passed","2026-07-31","","SurferWindowSizeTest[jvm]","com.georgeci.moneysurfer.uikit.window.SurferWindowSizeTest",""
"","1","ConflictResolution.Merged carries the merged value[jvm]","","2026-07-31","passed","2026-07-31","","ConflictResolverSpec[jvm]","com.georgeci.moneysurfer.sync.repository.ConflictResolverSpec",""
"","9","dangerous notes survive a full CSV round-trip unchanged[jvm]","","2026-07-31","passed","2026-07-31","","TransactionCsvCodecTest[jvm]","com.georgeci.moneysurfer.domain.csv.TransactionCsvCodecTest",""
"","24","each base currency keeps its own cache and its own staleness clock[jvm]","","2026-07-31","passed","2026-07-31","","ExchangeRateRepositoryImplJvmTest[jvm]","com.georgeci.moneysurfer.data.repository.ExchangeRateRepositoryImplJvmTest",""
"","66","the windows follow the calendar instead of freezing at subscription time[jvm]","","2026-07-31","passed","2026-07-31","","GenerateInsightsUseCaseTest[jvm]","com.georgeci.moneysurfer.domain.usecase.GenerateInsightsUseCaseTest",""
"","17","a build without transfers offers no shortcut either[jvm]","","2026-07-31","passed","2026-07-31","","TransactionCreationFormTest[jvm]","com.georgeci.moneysurfer.feature.transaction.creation.TransactionCreationFormTest",""
"","10","LastSyncOutcome.Success carries summary and timestamp[jvm]","","2026-07-31","passed","2026-07-31","","SyncStateSpec[jvm]","com.georgeci.moneysurfer.sync.api.SyncStateSpec",""
"","7","the card-style picker follows the host's build flag[jvm]","","2026-07-31","passed","2026-07-31","","DashboardCustomizeViewModelTest[jvm]","com.georgeci.moneysurfer.feature.dashboard.customize.DashboardCustomizeViewModelTest",""
"","226","save creates an expense category in the current workspace and trims the name[jvm]","","2026-07-31","passed","2026-07-31","","CategoryCreationViewModelTest[jvm]","com.georgeci.moneysurfer.feature.category.creation.CategoryCreationViewModelTest",""
"","8","restore flips archived flag back[jvm]","","2026-07-31","passed","2026-07-31","","ArchiveAccountUseCaseTest[jvm]","com.georgeci.moneysurfer.domain.usecase.ArchiveAccountUseCaseTest",""
"","22","the months come back oldest first, ending at the current one[jvm]","","2026-07-31","passed","2026-07-31","","GetMonthlyNetHistoryUseCaseTest[jvm]","com.georgeci.moneysurfer.domain.usecase.GetMonthlyNetHistoryUseCaseTest",""
"","23","an over-assigned remainder is not pinned onto the line that loses its place[jvm]","","2026-07-31","passed","2026-07-31","","TransactionCreationSplitTest[jvm]","com.georgeci.moneysurfer.feature.transaction.creation.TransactionCreationSplitTest",""
"","17","an opening balance does not conjure a month into the trend[jvm]","","2026-07-31","passed","2026-07-31","","SpendAnalyticsRepositoryImplJvmTest[jvm]","com.georgeci.moneysurfer.data.repository.SpendAnalyticsRepositoryImplJvmTest",""
"","3","invalid-email (FIRAuth 17008) classifies as InvalidEmail, not InvalidCredentials[jvm]","","2026-07-31","passed","2026-07-31","","AuthErrorClassificationTest[jvm]","com.georgeci.moneysurfer.data.repository.AuthErrorClassificationTest",""
"","3","a month that ends the day it is read has nothing left to project[jvm]","","2026-07-31","passed","2026-07-31","","BurnRateTest[jvm]","com.georgeci.moneysurfer.domain.model.BurnRateTest",""
"","33","a fresh database is stamped with the declared schema version[jvm]","","2026-07-31","passed","2026-07-31","","DatabaseBuilderSpec[jvm]","com.georgeci.moneysurfer.data.db.DatabaseBuilderSpec",""
"","10","the workspace name comes from the pinned workspace, not the first one[jvm]","","2026-07-31","passed","2026-07-31","","ShellIdentityTest[jvm]","com.georgeci.moneysurfer.navigation.ShellIdentityTest",""
"","54","navigation events publish destinations with the current account id[jvm]","","2026-07-31","passed","2026-07-31","","AccountDetailsViewModelTest[jvm]","com.georgeci.moneysurfer.feature.account.details.AccountDetailsViewModelTest",""
"","19","a user can update a setting of their own","","2026-07-31","passed","2026-07-31","","users/{uid}/config/{key}","users/{uid}/config/{key} a user can update a setting of their own",""
"","1","debug builds keep verbose logging[jvm]","","2026-07-31","passed","2026-07-31","","LoggingConfigTest[jvm]","com.georgeci.moneysurfer.domain.logging.LoggingConfigTest",""
"","1","the default layout has something for the period switch to drive[jvm]","","2026-07-31","passed","2026-07-31","","DashboardLayoutConfigTest[jvm]","com.georgeci.moneysurfer.domain.dashboard.DashboardLayoutConfigTest",""
"","5","local pointer survives a remote failure[jvm]","","2026-07-31","passed","2026-07-31","","SelectWorkspaceUseCaseTest[jvm]","com.georgeci.moneysurfer.domain.usecase.SelectWorkspaceUseCaseTest",""
"","0","IncomingInvites[jvm]","","2026-07-31","passed","2026-07-31","","RouteSerializationTest[jvm]","com.georgeci.moneysurfer.navigation.RouteSerializationTest",""
"","0","archived budgets never speak for the headline[jvm]","","2026-07-31","passed","2026-07-31","","SafeToSpendTest[jvm]","com.georgeci.moneysurfer.domain.model.SafeToSpendTest",""
"","9","re-currencies accounts still on the previous workspace currency[jvm]","","2026-07-31","passed","2026-07-31","","UpdateWorkspaceCurrencyUseCaseTest[jvm]","com.georgeci.moneysurfer.domain.usecase.UpdateWorkspaceCurrencyUseCaseTest",""
"","43","an undecodable stored value is absent-in-that-layer, so resolution continues downwards[jvm]","","2026-07-31","passed","2026-07-31","","LayeredConfigSpec[jvm]","com.georgeci.moneysurfer.appconfig.LayeredConfigSpec",""
"","15","offline build hides the extra details section[jvm]","","2026-07-31","passed","2026-07-31","","AccountCreationViewModelTest[jvm]","com.georgeci.moneysurfer.feature.account.creation.AccountCreationViewModelTest",""
"","47","the query covers the chart's week and the month behind it in one window[jvm]","","2026-07-31","passed","2026-07-31","","GetBurnRateUseCaseTest[jvm]","com.georgeci.moneysurfer.domain.usecase.GetBurnRateUseCaseTest",""
"","66","delete removes the transaction and shows an undo snackbar[jvm]","","2026-07-31","passed","2026-07-31","","TransactionDetailsViewModelTest[jvm]","com.georgeci.moneysurfer.feature.transaction.details.TransactionDetailsViewModelTest",""
"","233","collapses per-platform artifacts into a handful of family rows[jvm]","","2026-07-31","passed","2026-07-31","","ParseOssLibrariesTest[jvm]","com.georgeci.moneysurfer.feature.settings.about.licenses.ParseOssLibrariesTest",""
"","19","user cannot create a workspace owned by someone else","","2026-07-31","passed","2026-07-31","","workspaces/{wid}","workspaces/{wid} user cannot create a workspace owned by someone else",""
"","8","a projection that lands on the limit is still on track[jvm]","","2026-07-31","passed","2026-07-31","","BurnRateTest[jvm]","com.georgeci.moneysurfer.domain.model.BurnRateTest",""
"","18","no host key is remote-overridable[jvm]","","2026-07-31","passed","2026-07-31","","OnlineConfigGraphTest[jvm]","com.georgeci.moneysurfer.di.OnlineConfigGraphTest",""
"","1","the system Transfer category keeps its fixed appearance whatever its id hashes to[jvm]","","2026-07-31","passed","2026-07-31","","CategoryAppearanceTest[jvm]","com.georgeci.moneysurfer.domain.model.CategoryAppearanceTest",""
"","11","soft-delete via upsert sets status REMOVED and stamps removedAt without erasing the row[jvm]","","2026-07-31","passed","2026-07-31","","WorkspaceMemberRepositoryIntegrationIT[jvm]","com.georgeci.moneysurfer.integration.repository.WorkspaceMemberRepositoryIntegrationIT",""
"","1","a zero or positive balance is always accepted[jvm]","","2026-07-31","passed","2026-07-31","","InitialBalanceInputTest[jvm]","com.georgeci.moneysurfer.feature.account.creation.InitialBalanceInputTest",""
"","29","rejects when no current user[jvm]","","2026-07-31","passed","2026-07-31","","AcceptInviteUseCaseTest[jvm]","com.georgeci.moneysurfer.domain.usecase.AcceptInviteUseCaseTest",""
"","26","a pulled transaction this device has never seen is inserted[jvm]","","2026-07-31","passed","2026-07-31","","TransactionSyncPluginIT[jvm]","com.georgeci.moneysurfer.integration.plugin.TransactionSyncPluginIT",""
"","0","'42,50' -> '42.50'[jvm]","","2026-07-31","passed","2026-07-31","","AmountInputTransformationTest[jvm]","com.georgeci.moneysurfer.utils.AmountInputTransformationTest",""
"","138","a period with no spend keeps the donut and says so, rather than leaving a gap[jvm]","","2026-07-31","passed","2026-07-31","","DashboardScreenStateTest[jvm]","com.georgeci.moneysurfer.ui.DashboardScreenStateTest",""
"","85","offline build layer declares every host key[jvm]","","2026-07-31","passed","2026-07-31","","OfflineConfigGraphTest[jvm]","com.georgeci.moneysurfer.offline.di.OfflineConfigGraphTest",""
"","219","an over-assigned receipt says so instead of reporting a negative remainder[jvm]","","2026-07-31","passed","2026-07-31","","TransactionCreationScreenStateTest[jvm]","com.georgeci.moneysurfer.ui.TransactionCreationScreenStateTest",""
"","19","non-owner member cannot update workspace metadata","","2026-07-31","passed","2026-07-31","","workspaces/{wid}","workspaces/{wid} non-owner member cannot update workspace metadata",""
"","35","export posts ExportSuccess with the exported count[jvm]","","2026-07-31","passed","2026-07-31","","CsvBackupViewModelTest[jvm]","com.georgeci.moneysurfer.feature.settings.csv.CsvBackupViewModelTest",""
"","8","SQLite header with a corrupted structure fails the integrity check[jvm]","","2026-07-31","passed","2026-07-31","","BackupImporterImplJvmTest[jvm]","com.georgeci.moneysurfer.data.backup.BackupImporterImplJvmTest",""
"","53","the toolbar names the workspace the session points at[jvm]","","2026-07-31","passed","2026-07-31","","DashboardViewModelTest[jvm]","com.georgeci.moneysurfer.feature.dashboard.DashboardViewModelTest",""
"","19","tapping the selected preset again returns the window to the pager[jvm]","","2026-07-31","passed","2026-07-31","","TransactionFiltersViewModelTest[jvm]","com.georgeci.moneysurfer.feature.transaction.filters.TransactionFiltersViewModelTest",""
"","0","pads ids with fewer than four hex digits[jvm]","","2026-07-31","passed","2026-07-31","","TransactionReferenceTest[jvm]","com.georgeci.moneysurfer.domain.model.TransactionReferenceTest",""
"","135","with sync off the outbox says it was not read — never that the queue is empty[jvm]","","2026-07-31","passed","2026-07-31","","SyncScreenStateTest[jvm]","com.georgeci.moneysurfer.ui.SyncScreenStateTest",""
"","21","the overlay re-emits changes so an observer sees the held value[jvm]","","2026-07-31","passed","2026-07-31","","LayeredConfigSpec[jvm]","com.georgeci.moneysurfer.appconfig.LayeredConfigSpec",""
"","6","PULL_MEMBERS sits between PULL_WORKSPACE and PULL_INVITES[jvm]","","2026-07-31","passed","2026-07-31","","SyncStepOrderTest[jvm]","com.georgeci.moneysurfer.domain.model.SyncStepOrderTest",""
"","50","a currency left unconverted beside the headline also stands the trend down[jvm]","","2026-07-31","passed","2026-07-31","","DashboardBalanceViewModelTest[jvm]","com.georgeci.moneysurfer.feature.dashboard.DashboardBalanceViewModelTest",""
"","37","a guest session never asks for a push — demo data must not reach Firestore[jvm]","","2026-07-31","passed","2026-07-31","","DebugDataPrefillerTest[jvm]","com.georgeci.moneysurfer.domain.debug.DebugDataPrefillerTest",""
"","19","save is blocked with an inline error when a non-credit account has a negative balance[jvm]","","2026-07-31","passed","2026-07-31","","AccountCreationViewModelTest[jvm]","com.georgeci.moneysurfer.feature.account.creation.AccountCreationViewModelTest",""
"","126","there is nothing to delete while a transaction is still being entered[jvm]","","2026-07-31","passed","2026-07-31","","TransactionCreationScreenStateTest[jvm]","com.georgeci.moneysurfer.ui.TransactionCreationScreenStateTest",""
"","5","blank enum names fall back to the repository's parse defaults[jvm]","","2026-07-31","passed","2026-07-31","","RecurringRuleDtoMapperSpec[jvm]","com.georgeci.moneysurfer.data.sync.RecurringRuleDtoMapperSpec",""
"","6","a budget whose workspace has no base currency yields nothing to format[jvm]","","2026-07-31","passed","2026-07-31","","SafeToSpendTest[jvm]","com.georgeci.moneysurfer.domain.model.SafeToSpendTest",""
"","25","save EXPENSE persists a transaction with the account's currency and updates balance[jvm]","","2026-07-31","passed","2026-07-31","","TransactionCreationSaveTest[jvm]","com.georgeci.moneysurfer.feature.transaction.creation.TransactionCreationSaveTest",""
"","11","is a no-op when the requested currency already matches[jvm]","","2026-07-31","passed","2026-07-31","","UpdateWorkspaceCurrencyUseCaseTest[jvm]","com.georgeci.moneysurfer.domain.usecase.UpdateWorkspaceCurrencyUseCaseTest",""
"","28","the default layout covers every widget type, enabled, in Variant A order[jvm]","","2026-07-31","passed","2026-07-31","","DashboardLayoutConfigTest[jvm]","com.georgeci.moneysurfer.domain.dashboard.DashboardLayoutConfigTest",""
"","3","an error with a throwable is recorded as a non-fatal[jvm]","","2026-07-31","passed","2026-07-31","","CrashReportingLogWriterTest[jvm]","com.georgeci.moneysurfer.domain.telemetry.CrashReportingLogWriterTest",""
"","30","a new account is appended after the ones the workspace already has[jvm]","","2026-07-31","passed","2026-07-31","","AccountSortOrderIntegrationIT[jvm]","com.georgeci.moneysurfer.integration.repository.AccountSortOrderIntegrationIT",""
"","4","the subscription count does not wait for the sample — it reads the schedules, not the window[jvm]","","2026-07-31","passed","2026-07-31","","InsightRulesTest[jvm]","com.georgeci.moneysurfer.domain.insight.InsightRulesTest",""
"","14","search reaches everything the row shows, and the amount numerically[jvm]","","2026-07-31","passed","2026-07-31","","TransactionFilterMatchingTest[jvm]","com.georgeci.moneysurfer.feature.transaction.filter.TransactionFilterMatchingTest",""
"","7","a withdrawal that drops below the target flips COMPLETED back to ACTIVE[jvm]","","2026-07-31","passed","2026-07-31","","GoalContributionUseCaseTest[jvm]","com.georgeci.moneysurfer.domain.usecase.GoalContributionUseCaseTest",""
"","213","password error renders under the password field[jvm]","","2026-07-31","passed","2026-07-31","","SignInScreenStateTest[jvm]","com.georgeci.moneysurfer.ui.SignInScreenStateTest",""
"","3","the offline build carries its flag onto the form[jvm]","","2026-07-31","passed","2026-07-31","","WorkspaceCreationViewModelTest[jvm]","com.georgeci.moneysurfer.feature.workspace.creation.WorkspaceCreationViewModelTest",""
"","839","insert writes both DAO and outbox as INSERT when signed in[jvm]","","2026-07-31","passed","2026-07-31","","GoalRepositoryDualWriteSpec[jvm]","com.georgeci.moneysurfer.data.repository.GoalRepositoryDualWriteSpec",""
"","12","OnArchiveCancel clears the pending archive without changes[jvm]","","2026-07-31","passed","2026-07-31","","AccountsManageViewModelTest[jvm]","com.georgeci.moneysurfer.feature.account.manage.AccountsManageViewModelTest",""
"","12","no budgets means no number to show[jvm]","","2026-07-31","passed","2026-07-31","","SafeToSpendTest[jvm]","com.georgeci.moneysurfer.domain.model.SafeToSpendTest",""
"","6","a month with nothing booked is a real zero, not a missing figure[jvm]","","2026-07-31","passed","2026-07-31","","GetSpentMonthUseCaseTest[jvm]","com.georgeci.moneysurfer.domain.usecase.GetSpentMonthUseCaseTest",""
"","140","while the range follows the pager, the screen says so instead of showing empty date fields[jvm]","","2026-07-31","passed","2026-07-31","","TransactionFiltersScreenStateTest[jvm]","com.georgeci.moneysurfer.ui.TransactionFiltersScreenStateTest",""
"","51","recentTransactionsEmpty is false once a real transaction is logged[jvm]","","2026-07-31","passed","2026-07-31","","DashboardViewModelTest[jvm]","com.georgeci.moneysurfer.feature.dashboard.DashboardViewModelTest",""
"","0","WorkspaceManage[jvm]","","2026-07-31","passed","2026-07-31","","RouteSerializationTest[jvm]","com.georgeci.moneysurfer.navigation.RouteSerializationTest",""
"","47","an insert writes the row under the workspace's categories collection[jvm]","","2026-07-31","passed","2026-07-31","","CategorySyncPluginIT[jvm]","com.georgeci.moneysurfer.integration.plugin.CategorySyncPluginIT",""
"","1","trailingMonths crosses a year boundary backwards[jvm]","","2026-07-31","passed","2026-07-31","","CategorySpendHistoryTest[jvm]","com.georgeci.moneysurfer.domain.model.CategorySpendHistoryTest",""
"","22","owner can tombstone the workspace root doc","","2026-07-31","passed","2026-07-31","","tombstone update shape (push-side soft delete)","tombstone update shape (push-side soft delete) owner can tombstone the workspace root doc",""
"","29","accepts a budget with an empty categoryIds list","","2026-07-31","passed","2026-07-31","","entity write-shape validation (issue #156)","entity write-shape validation (issue #156) accepts a budget with an empty categoryIds list",""
"","1","descendantsOf terminates on a cycle instead of looping forever[jvm]","","2026-07-31","passed","2026-07-31","","CategoryTreeTest[jvm]","com.georgeci.moneysurfer.domain.model.CategoryTreeTest",""
"","34","user cannot delete a mapping pointing at another uid","","2026-07-31","passed","2026-07-31","","userEmails/{email}","userEmails/{email} user cannot delete a mapping pointing at another uid",""
"","47","an evicted (REMOVED) member can no longer write","","2026-07-31","passed","2026-07-31","","member-gated entities (accounts)","member-gated entities (accounts) an evicted (REMOVED) member can no longer write",""
"","1","sanitize drops letters and other stray characters[jvm]","","2026-07-31","passed","2026-07-31","","InitialBalanceInputTest[jvm]","com.georgeci.moneysurfer.feature.account.creation.InitialBalanceInputTest",""
"","2","a legacy note starting with a literal apostrophe decodes unchanged[jvm]","","2026-07-31","passed","2026-07-31","","TransactionCsvCodecTest[jvm]","com.georgeci.moneysurfer.domain.csv.TransactionCsvCodecTest",""
"","28","rejects a budget whose amount is a string","","2026-07-31","passed","2026-07-31","","entity write-shape validation (issue #156)","entity write-shape validation (issue #156) rejects a budget whose amount is a string",""
"","1","Failed title carries error[jvm]","","2026-07-31","passed","2026-07-31","","SyncStepSpec[jvm]","com.georgeci.moneysurfer.sync.api.SyncStepSpec",""
"","1","walking back re-adds an expense before the day it was booked on[jvm]","","2026-07-31","passed","2026-07-31","","AccountBalanceSeriesTest[jvm]","com.georgeci.moneysurfer.domain.model.AccountBalanceSeriesTest",""
"","43","owner can create a PENDING invite stamped with their uid","","2026-07-31","passed","2026-07-31","","invites — write","invites — write owner can create a PENDING invite stamped with their uid",""
"","55","an override applies and marks the row as overridden[jvm]","","2026-07-31","passed","2026-07-31","","DebugConfigInspectorImplSpec[jvm]","com.georgeci.moneysurfer.appconfig.DebugConfigInspectorImplSpec",""
"","3","enqueueUpsert rejects DELETE — must call enqueueDelete instead[jvm]","","2026-07-31","passed","2026-07-31","","OutboxEnqueuerImplSpec[jvm]","com.georgeci.moneysurfer.sync.repository.OutboxEnqueuerImplSpec",""
"","73","deleting a split takes every leg out of the group lookup and the leg count[jvm]","","2026-07-31","passed","2026-07-31","","TransactionSoftDeleteIntegrationIT[jvm]","com.georgeci.moneysurfer.integration.repository.TransactionSoftDeleteIntegrationIT",""
"","6","cancel handle during pending finalizes immediately[jvm]","","2026-07-31","passed","2026-07-31","","SyncCoordinatorImplSpec[jvm]","com.georgeci.moneysurfer.sync.coordinator.SyncCoordinatorImplSpec",""
"","29","owner cannot create an invite stamped with a different invitedByUserId","","2026-07-31","passed","2026-07-31","","invites — write","invites — write owner cannot create an invite stamped with a different invitedByUserId",""
"","2","a picked category lands in the slot the chooser was opened for[jvm]","","2026-07-31","passed","2026-07-31","","TransactionCreationSplitEditingTest[jvm]","com.georgeci.moneysurfer.feature.transaction.creation.TransactionCreationSplitEditingTest",""
"","3","a category with nothing behind it is not 'up infinity'[jvm]","","2026-07-31","passed","2026-07-31","","InsightRulesTest[jvm]","com.georgeci.moneysurfer.domain.insight.InsightRulesTest",""
"","36","synced settings are deleted, so the next user cannot inherit them or win LWW with them[jvm]","","2026-07-31","passed","2026-07-31","","LocalDataResetIntegrationIT[jvm]","com.georgeci.moneysurfer.integration.repository.LocalDataResetIntegrationIT",""
"","0","spend past the limit reports a fraction over 1 — the bar caps it, the maths does not[jvm]","","2026-07-31","passed","2026-07-31","","SafeToSpendTest[jvm]","com.georgeci.moneysurfer.domain.model.SafeToSpendTest",""
"","58","a second run deepens the history without cloning accounts, budgets or goals[jvm]","","2026-07-31","passed","2026-07-31","","DebugDataPrefillerTest[jvm]","com.georgeci.moneysurfer.domain.debug.DebugDataPrefillerTest",""
"","1","the receipt's last line holds whatever the ones above it left[jvm]","","2026-07-31","passed","2026-07-31","","TransactionCreationStateTest[jvm]","com.georgeci.moneysurfer.feature.transaction.creation.TransactionCreationStateTest",""
"","4","the identity band signs an expense and an income, and leaves a transfer leg unsigned[jvm]","","2026-07-31","passed","2026-07-31","","TransactionCreationMappingTest[jvm]","com.georgeci.moneysurfer.feature.transaction.creation.TransactionCreationMappingTest",""
"","7","an overspent previous window carries nothing — the debt is not doubled[jvm]","","2026-07-31","passed","2026-07-31","","BudgetProgressTest[jvm]","com.georgeci.moneysurfer.domain.model.BudgetProgressTest",""
"","3","rejects when target is not a member[jvm]","","2026-07-31","passed","2026-07-31","","RemoveMemberUseCaseTest[jvm]","com.georgeci.moneysurfer.domain.usecase.RemoveMemberUseCaseTest",""
"","8","Submit stays live while loading is off — a dead button explains nothing[jvm]","","2026-07-31","passed","2026-07-31","","SignInViewModelTest[jvm]","com.georgeci.moneysurfer.feature.login.SignInViewModelTest",""
"","194","an exception below the ViewModel renders the global error state[jvm]","","2026-07-31","passed","2026-07-31","","GlobalErrorBoundaryTest[jvm]","com.georgeci.moneysurfer.ui.GlobalErrorBoundaryTest",""
"","1","stale auth session surfaces RequiresRecentLogin after cleanup[jvm]","","2026-07-31","passed","2026-07-31","","DeleteUserAccountUseCaseTest[jvm]","com.georgeci.moneysurfer.domain.usecase.DeleteUserAccountUseCaseTest",""
"","17","a canonical operationDate on the same day still counts[jvm]","","2026-07-31","passed","2026-07-31","","SpendAnalyticsRepositoryImplJvmTest[jvm]","com.georgeci.moneysurfer.data.repository.SpendAnalyticsRepositoryImplJvmTest",""
"","1","the opening balance is what the curve rises from[jvm]","","2026-07-31","passed","2026-07-31","","AccountBalanceSeriesTest[jvm]","com.georgeci.moneysurfer.domain.model.AccountBalanceSeriesTest",""
"","6","the logout bounce still reaches the host after the launch decision was applied[jvm]","","2026-07-31","passed","2026-07-31","","AppLaunchViewModelTest[jvm]","com.georgeci.moneysurfer.navigation.AppLaunchViewModelTest",""
"","36","an unfiltered invites query on a phantom workspace is denied","","2026-07-31","passed","2026-07-31","","dangling users/{uid}.workspaceIds refs","dangling users/{uid}.workspaceIds refs an unfiltered invites query on a phantom workspace is denied",""
"","27","a failed flag write leaves the screen retryable instead of navigating on[jvm]","","2026-07-31","passed","2026-07-31","","OnboardingViewModelTest[jvm]","com.georgeci.moneysurfer.feature.login.onboarding.OnboardingViewModelTest",""
"","2","a padded day name from a remote doc is trimmed rather than dropped[jvm]","","2026-07-31","passed","2026-07-31","","RecurringRuleDtoMapperSpec[jvm]","com.georgeci.moneysurfer.data.sync.RecurringRuleDtoMapperSpec",""
"","26","observeAll re-emits after every write, including one made by the pull[jvm]","","2026-07-31","passed","2026-07-31","","ConfigEntryDaoIntegrationIT[jvm]","com.georgeci.moneysurfer.integration.repository.ConfigEntryDaoIntegrationIT",""
"","8","ignores planned rows[jvm]","","2026-07-31","passed","2026-07-31","","RecalculateAccountBalanceUseCaseTest[jvm]","com.georgeci.moneysurfer.domain.usecase.RecalculateAccountBalanceUseCaseTest",""
"","0","a period with nothing in it reads as zero shares rather than a NaN[jvm]","","2026-07-31","passed","2026-07-31","","SpentByCategoryTest[jvm]","com.georgeci.moneysurfer.domain.model.SpentByCategoryTest",""
"","1","the mapper leaves the invite id off the member doc[jvm]","","2026-07-31","passed","2026-07-31","","MembershipDtoMapperSpec[jvm]","com.georgeci.moneysurfer.data.sync.MembershipDtoMapperSpec",""
"","1","monthly anchor on the 29th clamps in a non-leap February[jvm]","","2026-07-31","passed","2026-07-31","","BudgetPeriodWindowTest[jvm]","com.georgeci.moneysurfer.domain.util.BudgetPeriodWindowTest",""
"","18","a stale first emission cannot be published over a write that beat it[jvm]","","2026-07-31","passed","2026-07-31","","PreferencesMirrorJvmTest[jvm]","com.georgeci.moneysurfer.data.config.PreferencesMirrorJvmTest",""
"","10","replaceTop swaps the current destination without growing the stack[jvm]","","2026-07-31","passed","2026-07-31","","AppNavigatorTest[jvm]","com.georgeci.moneysurfer.navigation.AppNavigatorTest",""
"","1","quoted field with embedded newline advances the row number by one record[jvm]","","2026-07-31","passed","2026-07-31","","TransactionCsvCodecTest[jvm]","com.georgeci.moneysurfer.domain.csv.TransactionCsvCodecTest",""
"","36","a user with no stored name falls back to the provider's email[jvm]","","2026-07-31","passed","2026-07-31","","AppShellViewModelTest[jvm]","com.georgeci.moneysurfer.navigation.AppShellViewModelTest",""
"","0","a category the workspace no longer names still carries its spend[jvm]","","2026-07-31","passed","2026-07-31","","SpentByCategoryTest[jvm]","com.georgeci.moneysurfer.domain.model.SpentByCategoryTest",""
"","18","a user cannot delete another user's setting","","2026-07-31","passed","2026-07-31","","users/{uid}/config/{key}","users/{uid}/config/{key} a user cannot delete another user's setting",""
"","4","a preferred period never promotes a category budget over a general one[jvm]","","2026-07-31","passed","2026-07-31","","SafeToSpendTest[jvm]","com.georgeci.moneysurfer.domain.model.SafeToSpendTest",""
"","9","writing a key releases its overlay entry, so the new value is what resolves[jvm]","","2026-07-31","passed","2026-07-31","","LayeredConfigSpec[jvm]","com.georgeci.moneysurfer.appconfig.LayeredConfigSpec",""
"","62","invited user CAN self-create when the doc points at their PENDING invite","","2026-07-31","passed","2026-07-31","","workspaces/{wid}/members/{uid}","workspaces/{wid}/members/{uid} invited user CAN self-create when the doc points at their PENDING invite",""
"","21","getByEmail / getByTargetUserId resolve through their indexes[jvm]","","2026-07-31","passed","2026-07-31","","WorkspaceInviteRepositoryIntegrationIT[jvm]","com.georgeci.moneysurfer.integration.repository.WorkspaceInviteRepositoryIntegrationIT",""
"","0","abs of Long.MIN_VALUE throws instead of returning a negative magnitude[jvm]","","2026-07-31","passed","2026-07-31","","MoneyTest[jvm]","com.georgeci.moneysurfer.domain.primitives.MoneyTest",""
"","19","clearing a pointer reads back as null, not as an empty id[jvm]","","2026-07-31","passed","2026-07-31","","SessionPointersImplJvmTest[jvm]","com.georgeci.moneysurfer.data.preferences.SessionPointersImplJvmTest",""
"","67","an empty period says so without blaming the currency filter[jvm]","","2026-07-31","passed","2026-07-31","","InsightsScreenTest[jvm]","com.georgeci.moneysurfer.ui.InsightsScreenTest",""
"","1","a week in, the comparison rules speak again[jvm]","","2026-07-31","passed","2026-07-31","","InsightRulesTest[jvm]","com.georgeci.moneysurfer.domain.insight.InsightRulesTest",""
"","1","all counters compose into one summary[jvm]","","2026-07-31","passed","2026-07-31","","SyncSummaryBuilderSpec[jvm]","com.georgeci.moneysurfer.sync.api.SyncSummaryBuilderSpec",""
"","42","OnEditClick asks to open the editor for this category[jvm]","","2026-07-31","passed","2026-07-31","","CategoryDetailsViewModelTest[jvm]","com.georgeci.moneysurfer.feature.category.details.CategoryDetailsViewModelTest",""
"","41","accepts a transaction carrying a splitId","","2026-07-31","passed","2026-07-31","","entity write-shape validation (issue #156)","entity write-shape validation (issue #156) accepts a transaction carrying a splitId",""
"","3","rethrows CancellationException instead of swallowing it[jvm]","","2026-07-31","passed","2026-07-31","","DecodeOrNullSpec[jvm]","com.georgeci.moneysurfer.data.sync.plugin.DecodeOrNullSpec",""
"","11","used well-known keys disappear from the add-field choices case-insensitively[jvm]","","2026-07-31","passed","2026-07-31","","AccountCreationStateTest[jvm]","com.georgeci.moneysurfer.feature.account.creation.AccountCreationStateTest",""
"","4","cancellation between documents aborts the pull[jvm]","","2026-07-31","passed","2026-07-31","","PullRemoteChangesUseCaseImplSpec[jvm]","com.georgeci.moneysurfer.data.sync.PullRemoteChangesUseCaseImplSpec",""
"","120","re-initing on the id already on screen does not clobber an edit in progress[jvm]","","2026-07-31","passed","2026-07-31","","WorkspaceCreationViewModelTest[jvm]","com.georgeci.moneysurfer.feature.workspace.creation.WorkspaceCreationViewModelTest",""
"","0","never returns a bare prefix for an id with no hex digits[jvm]","","2026-07-31","passed","2026-07-31","","TransactionReferenceTest[jvm]","com.georgeci.moneysurfer.domain.model.TransactionReferenceTest",""
"","18","a split with no account to charge writes no legs[jvm]","","2026-07-31","passed","2026-07-31","","TransactionCreationSaveGuardsTest[jvm]","com.georgeci.moneysurfer.feature.transaction.creation.TransactionCreationSaveGuardsTest",""
"","5","switching a widget back on returns it to the dashboard, last[jvm]","","2026-07-31","passed","2026-07-31","","DashboardCustomizeViewModelTest[jvm]","com.georgeci.moneysurfer.feature.dashboard.customize.DashboardCustomizeViewModelTest",""
"","13","an anonymous user keeps its flag[jvm]","","2026-07-31","passed","2026-07-31","","UserRepositoryImplJvmTest[jvm]","com.georgeci.moneysurfer.data.repository.UserRepositoryImplJvmTest",""
"","1041","save inserts an account in the selected currency without an opening-balance transaction when balance is blank[jvm]","","2026-07-31","passed","2026-07-31","","AccountCreationViewModelTest[jvm]","com.georgeci.moneysurfer.feature.account.creation.AccountCreationViewModelTest",""
"","1","redactEmail returns a fixed marker for malformed input[jvm]","","2026-07-31","passed","2026-07-31","","PiiRedactionTest[jvm]","com.georgeci.moneysurfer.domain.logging.PiiRedactionTest",""
"","2","note with commas quotes and newlines survives a full CSV round-trip[jvm]","","2026-07-31","passed","2026-07-31","","TransactionCsvCodecTest[jvm]","com.georgeci.moneysurfer.domain.csv.TransactionCsvCodecTest",""
"","506","the two shortcuts ask for the plain form and the transfer form respectively[jvm]","","2026-07-31","passed","2026-07-31","","DashboardScreenStateTest[jvm]","com.georgeci.moneysurfer.ui.DashboardScreenStateTest",""
"","18","a line left without a category blocks the save[jvm]","","2026-07-31","passed","2026-07-31","","TransactionCreationSplitTest[jvm]","com.georgeci.moneysurfer.feature.transaction.creation.TransactionCreationSplitTest",""
"","10","a child's share is zero rather than a division by zero when the parent booked nothing[jvm]","","2026-07-31","passed","2026-07-31","","CategoryDetailsViewModelTest[jvm]","com.georgeci.moneysurfer.feature.category.details.CategoryDetailsViewModelTest",""
"","1","two rows for one month are summed rather than one of them winning[jvm]","","2026-07-31","passed","2026-07-31","","BalanceTrendTest[jvm]","com.georgeci.moneysurfer.domain.model.BalanceTrendTest",""
"","0","repeat delete (null/null) is empty delta[jvm]","","2026-07-31","passed","2026-07-31","","CalculateBalanceDeltaTest[jvm]","com.georgeci.moneysurfer.domain.model.CalculateBalanceDeltaTest",""
"","2","parser handles CRLF line endings a UTF-8 BOM and blank lines[jvm]","","2026-07-31","passed","2026-07-31","","TransactionCsvCodecTest[jvm]","com.georgeci.moneysurfer.domain.csv.TransactionCsvCodecTest",""
"","11","permission-denied during fetch maps to AuthError.PermissionDenied[jvm]","","2026-07-31","passed","2026-07-31","","PostAuthBootstrapUseCaseTest[jvm]","com.georgeci.moneysurfer.domain.usecase.PostAuthBootstrapUseCaseTest",""
"","7","markCompleted removes rows from pending()[jvm]","","2026-07-31","passed","2026-07-31","","PendingMutationQueueIntegrationIT[jvm]","com.georgeci.moneysurfer.integration.sync.PendingMutationQueueIntegrationIT",""
"","3","a malformed value is undecodable[jvm]","","2026-07-31","passed","2026-07-31","","PaletteSourceCodecTest[jvm]","com.georgeci.moneysurfer.data.config.PaletteSourceCodecTest",""
"","21","rejects a missing value","","2026-07-31","passed","2026-07-31","","users/{uid}/config/{key}","users/{uid}/config/{key} rejects a missing value",""
"","7","clearScope drops all rows for that workspace[jvm]","","2026-07-31","passed","2026-07-31","","SyncMetaRepositoryImplSpec[jvm]","com.georgeci.moneysurfer.data.sync.SyncMetaRepositoryImplSpec",""
"","284","guest logout asks for confirmation before wiping data[jvm]","","2026-07-31","passed","2026-07-31","","SettingsLogoutViewModelTest[jvm]","com.georgeci.moneysurfer.feature.settings.SettingsLogoutViewModelTest",""
"","16","case mismatch between email claim and key is rejected","","2026-07-31","passed","2026-07-31","","userEmails/{email}","userEmails/{email} case mismatch between email claim and key is rejected",""
"","28","contribution create is blocked when clientVersionCode is below the floor","","2026-07-31","passed","2026-07-31","","savings goals (issue #244)","savings goals (issue #244) contribution create is blocked when clientVersionCode is below the floor",""
"","6","arithmetic within the domain cap stays exact[jvm]","","2026-07-31","passed","2026-07-31","","MoneyTest[jvm]","com.georgeci.moneysurfer.domain.primitives.MoneyTest",""
"","462","excluded currencies are still named beside a period that does have spend[jvm]","","2026-07-31","passed","2026-07-31","","InsightsScreenTest[jvm]","com.georgeci.moneysurfer.ui.InsightsScreenTest",""
"","32","the goal and workspace streams both carry the stored rows[jvm]","","2026-07-31","passed","2026-07-31","","GoalContributionRepositoryImplJvmTest[jvm]","com.georgeci.moneysurfer.data.repository.GoalContributionRepositoryImplJvmTest",""
"","12","switching workspace re-points the answer[jvm]","","2026-07-31","passed","2026-07-31","","GetCurrentWorkspaceUseCaseTest[jvm]","com.georgeci.moneysurfer.domain.usecase.GetCurrentWorkspaceUseCaseTest",""
"","6","the number of purged rows is reported back to the caller[jvm]","","2026-07-31","passed","2026-07-31","","PurgeDeletedTransactionsUseCaseTest[jvm]","com.georgeci.moneysurfer.domain.usecase.PurgeDeletedTransactionsUseCaseTest",""
"","3","the first day of a window divides by one, not by zero[jvm]","","2026-07-31","passed","2026-07-31","","BudgetProgressTest[jvm]","com.georgeci.moneysurfer.domain.model.BudgetProgressTest",""
"","26","the signed-in user's workspaces land in Content[jvm]","","2026-07-31","passed","2026-07-31","","WorkspaceSelectorViewModelTest[jvm]","com.georgeci.moneysurfer.feature.workspace.selector.WorkspaceSelectorViewModelTest",""
"","1","summary separates income and expense and calculates a positive net[jvm]","","2026-07-31","passed","2026-07-31","","TransactionsListMappingTest[jvm]","com.georgeci.moneysurfer.feature.transaction.list.TransactionsListMappingTest",""
"","3","isEnabled returns false when firebaseUid is empty string[jvm]","","2026-07-31","passed","2026-07-31","","OutboxEnqueuerSpec[jvm]","com.georgeci.moneysurfer.data.sync.OutboxEnqueuerSpec",""
"","1","AccountsManage[jvm]","","2026-07-31","passed","2026-07-31","","RouteSerializationTest[jvm]","com.georgeci.moneysurfer.navigation.RouteSerializationTest",""
"","19","user CANNOT self-promote their role","","2026-07-31","passed","2026-07-31","","workspaces/{wid}/members/{uid}","workspaces/{wid}/members/{uid} user CANNOT self-promote their role",""
"","10","no account priceable in the base leaves no headline at all[jvm]","","2026-07-31","passed","2026-07-31","","ConvertAccountsTotalUseCaseTest[jvm]","com.georgeci.moneysurfer.domain.usecase.ConvertAccountsTotalUseCaseTest",""
"","17","signup rolls the session back when the bootstrap fails[jvm]","","2026-07-31","passed","2026-07-31","","AuthSessionRollbackTest[jvm]","com.georgeci.moneysurfer.domain.usecase.AuthSessionRollbackTest",""
"","26","a pulled value is stamped as already pushed[jvm]","","2026-07-31","passed","2026-07-31","","ConfigEntryDaoIntegrationIT[jvm]","com.georgeci.moneysurfer.integration.repository.ConfigEntryDaoIntegrationIT",""
"","15","enum codec advertises its choices so the panel can render a picker[jvm]","","2026-07-31","passed","2026-07-31","","ConfigCodecSpec[jvm]","com.georgeci.moneysurfer.appconfig.ConfigCodecSpec",""
"","1","addUpload accumulates uploadedCount[jvm]","","2026-07-31","passed","2026-07-31","","SyncSummaryBuilderSpec[jvm]","com.georgeci.moneysurfer.sync.api.SyncSummaryBuilderSpec",""
"","6","exponent notation is an invalid format[jvm]","","2026-07-31","passed","2026-07-31","","TransactionAmountInputTest[jvm]","com.georgeci.moneysurfer.feature.transaction.creation.TransactionAmountInputTest",""
"","1","older layouts keep their own field count when a newer one exists[jvm]","","2026-07-31","passed","2026-07-31","","TransactionCsvCodecTest[jvm]","com.georgeci.moneysurfer.domain.csv.TransactionCsvCodecTest",""
"","6","an offline workspace that already has an account goes to the dashboard[jvm]","","2026-07-31","passed","2026-07-31","","StartRouteTest[jvm]","com.georgeci.moneysurfer.navigation.StartRouteTest",""
"","7","anonymous user goes straight to the confirmation dialog[jvm]","","2026-07-31","passed","2026-07-31","","DeleteUserAccountViewModelTest[jvm]","com.georgeci.moneysurfer.feature.settings.account.DeleteUserAccountViewModelTest",""
"","4","a custom base url is honoured, which is what makes the provider swappable[jvm]","","2026-07-31","passed","2026-07-31","","ExchangeRateApiTest[jvm]","com.georgeci.moneysurfer.data.remote.ExchangeRateApiTest",""
"","7","hides the version when the artifacts of a family disagree on it[jvm]","","2026-07-31","passed","2026-07-31","","ParseOssLibrariesTest[jvm]","com.georgeci.moneysurfer.feature.settings.about.licenses.ParseOssLibrariesTest",""
"","61","swiping a transaction away removes it, and the snackbar's Undo puts it back[jvm]","","2026-07-31","passed","2026-07-31","","CategoryDetailsViewModelTest[jvm]","com.georgeci.moneysurfer.feature.category.details.CategoryDetailsViewModelTest",""
"","27","a transfer pair with one invalid leg does not import the surviving half[jvm]","","2026-07-31","passed","2026-07-31","","ImportTransactionsValidationTest[jvm]","com.georgeci.moneysurfer.domain.csv.ImportTransactionsValidationTest",""
"","851","the grid-width section is offered only where a grid exists to apply it[jvm]","","2026-07-31","passed","2026-07-31","","DashboardCustomizeScreenStateTest[jvm]","com.georgeci.moneysurfer.ui.DashboardCustomizeScreenStateTest",""
"","1627","encrypted round-trip restores data with the right passphrase[jvm]","","2026-07-31","passed","2026-07-31","","BackupEncryptedRoundTripJvmTest[jvm]","com.georgeci.moneysurfer.data.backup.BackupEncryptedRoundTripJvmTest",""
"","4","a pinned workspace that is not in the list yet leaves the line blank[jvm]","","2026-07-31","passed","2026-07-31","","ShellIdentityTest[jvm]","com.georgeci.moneysurfer.navigation.ShellIdentityTest",""
"","0","GoalCreation[jvm]","","2026-07-31","passed","2026-07-31","","RouteSerializationTest[jvm]","com.georgeci.moneysurfer.navigation.RouteSerializationTest",""
"","6","encode normalizes, so blanks and duplicates never reach the column[jvm]","","2026-07-31","passed","2026-07-31","","AccountExtraDetailsColumnTest[jvm]","com.georgeci.moneysurfer.data.db.entity.AccountExtraDetailsColumnTest",""
"","36","rejects a goal whose title is a number","","2026-07-31","passed","2026-07-31","","savings goals (issue #244)","savings goals (issue #244) rejects a goal whose title is a number",""
"","1","an archived budget limits nothing, so a cap set now is a fresh budget[jvm]","","2026-07-31","passed","2026-07-31","","CategoryCapCoverageTest[jvm]","com.georgeci.moneysurfer.domain.model.CategoryCapCoverageTest",""
"","10","sync stays allowed while an update is merely available[jvm]","","2026-07-31","passed","2026-07-31","","AppVersionGateImplTest[jvm]","com.georgeci.moneysurfer.data.repository.AppVersionGateImplTest",""
"","8","a plugin failure in the user-scoped phase fails the pull[jvm]","","2026-07-31","passed","2026-07-31","","PullRemoteChangesUseCaseImplSpec[jvm]","com.georgeci.moneysurfer.data.sync.PullRemoteChangesUseCaseImplSpec",""
"","1","an empty category column maps to an empty list rather than one blank id[jvm]","","2026-07-31","passed","2026-07-31","","WorkspaceScopedDtoMapperSpec[jvm]","com.georgeci.moneysurfer.data.sync.WorkspaceScopedDtoMapperSpec",""
"","2","disabledItems is the complement of enabledItems[jvm]","","2026-07-31","passed","2026-07-31","","DashboardLayoutConfigTest[jvm]","com.georgeci.moneysurfer.domain.dashboard.DashboardLayoutConfigTest",""
"","1","uppercases hex letters[jvm]","","2026-07-31","passed","2026-07-31","","TransactionReferenceTest[jvm]","com.georgeci.moneysurfer.domain.model.TransactionReferenceTest",""
"","22","recipient can collection-group query by email","","2026-07-31","passed","2026-07-31","","invites — read","invites — read recipient can collection-group query by email",""
"","5","uses the trailing hex digits of the id[jvm]","","2026-07-31","passed","2026-07-31","","TransactionReferenceTest[jvm]","com.georgeci.moneysurfer.domain.model.TransactionReferenceTest",""
"","5","the tree groups children under their parent and counts them[jvm]","","2026-07-31","passed","2026-07-31","","CategoryChooserViewModelTest[jvm]","com.georgeci.moneysurfer.feature.category.picker.CategoryChooserViewModelTest",""
"","69","export fails with BackupError.Io when the DataStore prefs file is missing[jvm]","","2026-07-31","passed","2026-07-31","","BackupExporterImplJvmTest[jvm]","com.georgeci.moneysurfer.data.backup.BackupExporterImplJvmTest",""
"","100","the curve ends on the headline total and walks back one month at a time[jvm]","","2026-07-31","passed","2026-07-31","","DashboardBalanceViewModelTest[jvm]","com.georgeci.moneysurfer.feature.dashboard.DashboardBalanceViewModelTest",""
"","25","there is no identity band outside edit mode[jvm]","","2026-07-31","passed","2026-07-31","","TransactionCreationEditTest[jvm]","com.georgeci.moneysurfer.feature.transaction.creation.TransactionCreationEditTest",""
"","35","a workspace named nothing but whitespace falls back rather than drawing an empty title[jvm]","","2026-07-31","passed","2026-07-31","","DashboardViewModelTest[jvm]","com.georgeci.moneysurfer.feature.dashboard.DashboardViewModelTest",""
"","38","invited user CAN self-create referencing an already-ACCEPTED invite (push-order/idempotent)","","2026-07-31","passed","2026-07-31","","workspaces/{wid}/members/{uid}","workspaces/{wid}/members/{uid} invited user CAN self-create referencing an already-ACCEPTED invite (push-order/idempotent)",""
"","3","excludes the transfer source account from both rows and totals[jvm]","","2026-07-31","passed","2026-07-31","","AccountChooserViewModelTest[jvm]","com.georgeci.moneysurfer.feature.account.picker.AccountChooserViewModelTest",""
"","21","an update keeps the stored createdAt and stamps updatedAt from the clock[jvm]","","2026-07-31","passed","2026-07-31","","GoalContributionRepositoryImplJvmTest[jvm]","com.georgeci.moneysurfer.data.repository.GoalContributionRepositoryImplJvmTest",""
"","6","a failed select releases the spinner so the user can try again[jvm]","","2026-07-31","passed","2026-07-31","","WorkspaceSelectorViewModelTest[jvm]","com.georgeci.moneysurfer.feature.workspace.selector.WorkspaceSelectorViewModelTest",""
"","980","an empty workspace lands on empty Content, not on a stuck spinner[jvm]","","2026-07-31","passed","2026-07-31","","InsightsViewModelTest[jvm]","com.georgeci.moneysurfer.feature.insights.InsightsViewModelTest",""
"","34","the v27 to v28 backfill derives the same UTC date the readers already do[jvm]","","2026-07-31","passed","2026-07-31","","TransactionWindowIntegrationIT[jvm]","com.georgeci.moneysurfer.integration.repository.TransactionWindowIntegrationIT",""
"","21","an account or a category handed straight to the form replaces its selection[jvm]","","2026-07-31","passed","2026-07-31","","TransactionCreationFormTest[jvm]","com.georgeci.moneysurfer.feature.transaction.creation.TransactionCreationFormTest",""
"","4","yearly window is anchored on the start date's month and day[jvm]","","2026-07-31","passed","2026-07-31","","BudgetPeriodWindowTest[jvm]","com.georgeci.moneysurfer.domain.util.BudgetPeriodWindowTest",""
"","104","a user-scoped plugin is never run against a workspace[jvm]","","2026-07-31","passed","2026-07-31","","PullRemoteChangesUseCaseImplSpec[jvm]","com.georgeci.moneysurfer.data.sync.PullRemoteChangesUseCaseImplSpec",""
"","10704","the loaded screen splits widgets into the on-dashboard and available sections[jvm]","","2026-07-31","passed","2026-07-31","","DashboardCustomizeScreenStateTest[jvm]","com.georgeci.moneysurfer.ui.DashboardCustomizeScreenStateTest",""
"","1631","a phone in portrait stacks the sheet under the hero[jvm]","","2026-07-31","passed","2026-07-31","","SignInResponsiveLayoutTest[jvm]","com.georgeci.moneysurfer.ui.SignInResponsiveLayoutTest",""
"","1","what is not an amount stays not an amount[jvm]","","2026-07-31","passed","2026-07-31","","TransactionFilterMatchingTest[jvm]","com.georgeci.moneysurfer.feature.transaction.filter.TransactionFilterMatchingTest",""
"","1","an unknown seed is undecodable rather than silently Brand[jvm]","","2026-07-31","passed","2026-07-31","","PaletteSourceCodecTest[jvm]","com.georgeci.moneysurfer.data.config.PaletteSourceCodecTest",""
"","16","merchants come back biggest first, bounded by the limit[jvm]","","2026-07-31","passed","2026-07-31","","SpendAnalyticsRepositoryImplJvmTest[jvm]","com.georgeci.moneysurfer.data.repository.SpendAnalyticsRepositoryImplJvmTest",""
"","60","rejects a poison update of an existing category (hue as string)","","2026-07-31","passed","2026-07-31","","entity write-shape validation (issue #156)","entity write-shape validation (issue #156) rejects a poison update of an existing category (hue as string)",""
"","144","the brand header and the user block are both rendered[jvm]","","2026-07-31","passed","2026-07-31","","SurferNavigationDrawerTest[jvm]","com.georgeci.moneysurfer.ui.SurferNavigationDrawerTest",""
"","25","an unreadable workspace is skipped instead of failing the whole pull[jvm]","","2026-07-31","passed","2026-07-31","","PullRemoteChangesUseCaseImplSpec[jvm]","com.georgeci.moneysurfer.data.sync.PullRemoteChangesUseCaseImplSpec",""
"","14","results keep the newest-first ordering of the list queries[jvm]","","2026-07-31","passed","2026-07-31","","TransactionFtsIntegrationIT[jvm]","com.georgeci.moneysurfer.integration.repository.TransactionFtsIntegrationIT",""
"","11","create income increments cache by +amount[jvm]","","2026-07-31","passed","2026-07-31","","ApplyTransactionChangeUseCaseTest[jvm]","com.georgeci.moneysurfer.domain.usecase.ApplyTransactionChangeUseCaseTest",""
"","42","week mode windows Monday to Sunday and labels the ISO week[jvm]","","2026-07-31","passed","2026-07-31","","TransactionsByAccountPeriodTest[jvm]","com.georgeci.moneysurfer.feature.transaction.list.TransactionsByAccountPeriodTest",""
"","29","a published document is mapped field for field[jvm]","","2026-07-31","passed","2026-07-31","","AppConfigRepositoryImplTest[jvm]","com.georgeci.moneysurfer.data.repository.AppConfigRepositoryImplTest",""
"","14","leftAt path keeps role unchanged and status flipped to LEFT[jvm]","","2026-07-31","passed","2026-07-31","","WorkspaceMemberRepositoryIntegrationIT[jvm]","com.georgeci.moneysurfer.integration.repository.WorkspaceMemberRepositoryIntegrationIT",""
"","35","an undecodable document is skipped rather than taking the pull down[jvm]","","2026-07-31","passed","2026-07-31","","CategorySyncPluginIT[jvm]","com.georgeci.moneysurfer.integration.plugin.CategorySyncPluginIT",""
"","10","SerializationException maps to Unknown[jvm]","","2026-07-31","passed","2026-07-31","","SyncErrorClassifierSpec[jvm]","com.georgeci.moneysurfer.data.sync.SyncErrorClassifierSpec",""
"","18","picking a From date is itself the switch to a custom range[jvm]","","2026-07-31","passed","2026-07-31","","TransactionFiltersViewModelTest[jvm]","com.georgeci.moneysurfer.feature.transaction.filters.TransactionFiltersViewModelTest",""
"","20","pushAll reports that nothing landed when sync is disabled[jvm]","","2026-07-31","passed","2026-07-31","","SyncCoordinatorWorkspaceSyncerSpec[jvm]","com.georgeci.moneysurfer.data.sync.SyncCoordinatorWorkspaceSyncerSpec",""
"","20","an update keeps the stored createdAt and stamps updatedAt from the clock[jvm]","","2026-07-31","passed","2026-07-31","","RecurringRuleRepositoryImplJvmTest[jvm]","com.georgeci.moneysurfer.data.repository.RecurringRuleRepositoryImplJvmTest",""
"","19","a member with no joinable invite is pushed without one[jvm]","","2026-07-31","passed","2026-07-31","","WorkspaceTreeSyncPluginIT[jvm]","com.georgeci.moneysurfer.integration.plugin.WorkspaceTreeSyncPluginIT",""
"","54","a build with transfers switched off says so, so the quick-actions row can stand down[jvm]","","2026-07-31","passed","2026-07-31","","DashboardViewModelTest[jvm]","com.georgeci.moneysurfer.feature.dashboard.DashboardViewModelTest",""
"","17","the amount is the month's expense, and income in the same month is not netted off it[jvm]","","2026-07-31","passed","2026-07-31","","GetSpentMonthUseCaseTest[jvm]","com.georgeci.moneysurfer.domain.usecase.GetSpentMonthUseCaseTest",""
"","11","the defaults read back as empty rather than null or a blank tag[jvm]","","2026-07-31","passed","2026-07-31","","TransactionDetailFieldsIntegrationIT[jvm]","com.georgeci.moneysurfer.integration.repository.TransactionDetailFieldsIntegrationIT",""
"","16","cross-currency transfer uses separate fromMoney and toMoney with each account's currency[jvm]","","2026-07-31","passed","2026-07-31","","TransactionCreationSaveTest[jvm]","com.georgeci.moneysurfer.feature.transaction.creation.TransactionCreationSaveTest",""
"","1","enabledItems keeps order and drops the switched-off widgets[jvm]","","2026-07-31","passed","2026-07-31","","DashboardLayoutConfigTest[jvm]","com.georgeci.moneysurfer.domain.dashboard.DashboardLayoutConfigTest",""
"","54","the first refresh fetches and caches the provider's table[jvm]","","2026-07-31","passed","2026-07-31","","ExchangeRateRepositoryImplJvmTest[jvm]","com.georgeci.moneysurfer.data.repository.ExchangeRateRepositoryImplJvmTest",""
"","28","a source that reports itself degraded is named without throwing anywhere[jvm]","","2026-07-31","passed","2026-07-31","","LayeredConfigSpec[jvm]","com.georgeci.moneysurfer.appconfig.LayeredConfigSpec",""
"","13","a category survives the round trip, appearance and system marker included[jvm]","","2026-07-31","passed","2026-07-31","","WorkspaceScopedDtoMapperSpec[jvm]","com.georgeci.moneysurfer.data.sync.WorkspaceScopedDtoMapperSpec",""
"","25","accepts a category carrying the new iconKey + hue fields","","2026-07-31","passed","2026-07-31","","entity write-shape validation (issue #156)","entity write-shape validation (issue #156) accepts a category carrying the new iconKey + hue fields",""
"","286","the quick-actions row draws both shortcuts once a transfer is possible[jvm]","","2026-07-31","passed","2026-07-31","","DashboardScreenStateTest[jvm]","com.georgeci.moneysurfer.ui.DashboardScreenStateTest",""
"","8","empty input stays empty[jvm]","","2026-07-31","passed","2026-07-31","","TransactionTagsTest[jvm]","com.georgeci.moneysurfer.domain.model.TransactionTagsTest",""
"","36","accepts a null recurringRuleId","","2026-07-31","passed","2026-07-31","","entity write-shape validation (issue #156)","entity write-shape validation (issue #156) accepts a null recurringRuleId",""
"","6","matches by targetUserId when email differs[jvm]","","2026-07-31","passed","2026-07-31","","AcceptInviteUseCaseTest[jvm]","com.georgeci.moneysurfer.domain.usecase.AcceptInviteUseCaseTest",""
"","2","deleting one leg of a split takes the whole receipt with it[jvm]","","2026-07-31","passed","2026-07-31","","DeleteTransactionUseCaseTest[jvm]","com.georgeci.moneysurfer.domain.usecase.DeleteTransactionUseCaseTest",""
"","9","a document with only defaults still maps, so the gate can decide it means nothing[jvm]","","2026-07-31","passed","2026-07-31","","AppConfigRepositoryImplTest[jvm]","com.georgeci.moneysurfer.data.repository.AppConfigRepositoryImplTest",""
"","23","switching the type drops split categories the new type cannot use[jvm]","","2026-07-31","passed","2026-07-31","","TransactionCreationSplitTest[jvm]","com.georgeci.moneysurfer.feature.transaction.creation.TransactionCreationSplitTest",""
"","5","redactEmail masks local part and domain but keeps a correlation hint[jvm]","","2026-07-31","passed","2026-07-31","","PiiRedactionTest[jvm]","com.georgeci.moneysurfer.domain.logging.PiiRedactionTest",""
"","8","a missing workspace outranks any earlier outcome once nothing is running[jvm]","","2026-07-31","passed","2026-07-31","","SyncViewModelTest[jvm]","com.georgeci.moneysurfer.feature.settings.sync.SyncViewModelTest",""
"","15","Transfer is unreachable when the host disables it[jvm]","","2026-07-31","passed","2026-07-31","","TransactionCreationSaveTest[jvm]","com.georgeci.moneysurfer.feature.transaction.creation.TransactionCreationSaveTest",""
"","4","ReplaceQueued cancels existing pending and replaces it[jvm]","","2026-07-31","passed","2026-07-31","","SyncCoordinatorImplBranchSpec[jvm]","com.georgeci.moneysurfer.sync.coordinator.SyncCoordinatorImplBranchSpec",""
"","4","blank email skips the mapping lookup entirely[jvm]","","2026-07-31","passed","2026-07-31","","UserAccountDeletionRepositoryImplTest[jvm]","com.georgeci.moneysurfer.data.repository.UserAccountDeletionRepositoryImplTest",""
"","26","relaunch is idempotent — no duplicate workspace and still no seeded account[jvm]","","2026-07-31","passed","2026-07-31","","OfflineFirstRunSeederTest[jvm]","com.georgeci.moneysurfer.offline.firstrun.OfflineFirstRunSeederTest",""
"","2","ids restart after a clear, when nothing is left to collide with[jvm]","","2026-07-31","passed","2026-07-31","","DebugLogBufferTest[jvm]","com.georgeci.moneysurfer.domain.logging.DebugLogBufferTest",""
"","13","a network failure aborts the pull instead of passing as a stale ref[jvm]","","2026-07-31","passed","2026-07-31","","PullRemoteChangesUseCaseImplSpec[jvm]","com.georgeci.moneysurfer.data.sync.PullRemoteChangesUseCaseImplSpec",""
"","48","sync is enabled only when build, server and user all say yes[jvm]","","2026-07-31","passed","2026-07-31","","ConfigFacadesJvmTest[jvm]","com.georgeci.moneysurfer.data.config.ConfigFacadesJvmTest",""
"","1","defuses FTS operators by wildcarding them[jvm]","","2026-07-31","passed","2026-07-31","","FtsQueryTest[jvm]","com.georgeci.moneysurfer.data.db.FtsQueryTest",""
"","7","online finish does not touch the first-run seed[jvm]","","2026-07-31","passed","2026-07-31","","OnboardingViewModelTest[jvm]","com.georgeci.moneysurfer.feature.login.onboarding.OnboardingViewModelTest",""
"","22","an invite tombstone removes the row[jvm]","","2026-07-31","passed","2026-07-31","","WorkspaceTreeSyncPluginIT[jvm]","com.georgeci.moneysurfer.integration.plugin.WorkspaceTreeSyncPluginIT",""
"","8","the online build never takes the first-run account branch — and never queries accounts[jvm]","","2026-07-31","passed","2026-07-31","","StartRouteTest[jvm]","com.georgeci.moneysurfer.navigation.StartRouteTest",""
"","25","rejects a category whose iconKey is a number","","2026-07-31","passed","2026-07-31","","entity write-shape validation (issue #156)","entity write-shape validation (issue #156) rejects a category whose iconKey is a number",""
"","1","CompositeCancelToken with empty children treats as cancelled[jvm]","","2026-07-31","passed","2026-07-31","","SyncCancelTokenSpec[jvm]","com.georgeci.moneysurfer.sync.api.SyncCancelTokenSpec",""
"","5","a list pushed above an inline panel still gives the detail its back affordance[jvm]","","2026-07-31","passed","2026-07-31","","SurferPaneSceneStrategyTest[jvm]","com.georgeci.moneysurfer.navigation.SurferPaneSceneStrategyTest",""
"","1","re-registering an already listed workspace is harmless[jvm]","","2026-07-31","passed","2026-07-31","","WorkspaceRefRegistrarSpec[jvm]","com.georgeci.moneysurfer.data.sync.WorkspaceRefRegistrarSpec",""
"","7","no two destinations share a route[jvm]","","2026-07-31","passed","2026-07-31","","NavigationShellTest[jvm]","com.georgeci.moneysurfer.navigation.NavigationShellTest",""
"","6","an unsupported app version blocks sync with the domain message[jvm]","","2026-07-31","passed","2026-07-31","","SyncVersionGateImplSpec[jvm]","com.georgeci.moneysurfer.data.sync.SyncVersionGateImplSpec",""
"","20","stranger cannot hard-delete the workspace doc","","2026-07-31","passed","2026-07-31","","workspaces/{wid}","workspaces/{wid} stranger cannot hard-delete the workspace doc",""
"","4","a declared false is Present, not Absent[jvm]","","2026-07-31","passed","2026-07-31","","BuildConfigSourceSpec[jvm]","com.georgeci.moneysurfer.appconfig.BuildConfigSourceSpec",""
"","1","malformed stored falls back to operationAt in UTC[jvm]","","2026-07-31","passed","2026-07-31","","ResolveLegacyOperationDateTest[jvm]","com.georgeci.moneysurfer.data.repository.ResolveLegacyOperationDateTest",""
"","11","offline state hides profile, sync, logout, members and pending invites rows[jvm]","","2026-07-31","passed","2026-07-31","","SettingsStateOfflineTest[jvm]","com.georgeci.moneysurfer.feature.settings.SettingsStateOfflineTest",""
"","23","operator keywords and quotes from user input do not break MATCH[jvm]","","2026-07-31","passed","2026-07-31","","TransactionFtsIntegrationIT[jvm]","com.georgeci.moneysurfer.integration.repository.TransactionFtsIntegrationIT",""
"","3","onboarding stays device-scoped, so a logout cannot replay it[jvm]","","2026-07-31","passed","2026-07-31","","ConfigKeyScopeTest[jvm]","com.georgeci.moneysurfer.data.config.ConfigKeyScopeTest",""
"","12","asks the repository for the budget's current window, closed at its last day[jvm]","","2026-07-31","passed","2026-07-31","","GetBudgetTransactionsUseCaseTest[jvm]","com.georgeci.moneysurfer.domain.usecase.GetBudgetTransactionsUseCaseTest",""
"","2","format zero amount[jvm]","","2026-07-31","passed","2026-07-31","","MoneyFormatterTest[jvm]","com.georgeci.moneysurfer.domain.MoneyFormatterTest",""
"","90","export writes manifest first followed by main DB and DataStore entries[jvm]","","2026-07-31","passed","2026-07-31","","BackupExporterImplJvmTest[jvm]","com.georgeci.moneysurfer.data.backup.BackupExporterImplJvmTest",""
"","0","PUSH order is workspace → members → invites → accounts → categories → transactions[jvm]","","2026-07-31","passed","2026-07-31","","SyncStepOrderTest[jvm]","com.georgeci.moneysurfer.domain.model.SyncStepOrderTest",""
"","17","opening balances never appear in the list, under either spelling[jvm]","","2026-07-31","passed","2026-07-31","","TransactionWindowIntegrationIT[jvm]","com.georgeci.moneysurfer.integration.repository.TransactionWindowIntegrationIT",""
"","8","enqueueing the same change twice queues one push[jvm]","","2026-07-31","passed","2026-07-31","","PendingMutationQueueIntegrationIT[jvm]","com.georgeci.moneysurfer.integration.sync.PendingMutationQueueIntegrationIT",""
"","12","it is user-scoped, so the workspace loop never touches it[jvm]","","2026-07-31","passed","2026-07-31","","UserConfigSyncPluginSpec[jvm]","com.georgeci.moneysurfer.data.sync.plugin.UserConfigSyncPluginSpec",""
"","13","enum codec resolves by name and rejects anything else[jvm]","","2026-07-31","passed","2026-07-31","","ConfigCodecSpec[jvm]","com.georgeci.moneysurfer.appconfig.ConfigCodecSpec",""
"","5","an anonymous session names nobody, and the drawer supplies the placeholder[jvm]","","2026-07-31","passed","2026-07-31","","ShellIdentityTest[jvm]","com.georgeci.moneysurfer.navigation.ShellIdentityTest",""
"","603","dragging a grip upward past the row above asks to swap the two[jvm]","","2026-07-31","passed","2026-07-31","","DashboardCustomizeScreenStateTest[jvm]","com.georgeci.moneysurfer.ui.DashboardCustomizeScreenStateTest",""
"","12","deleting a rule that is already gone enqueues nothing[jvm]","","2026-07-31","passed","2026-07-31","","RecurringRuleRepositoryImplJvmTest[jvm]","com.georgeci.moneysurfer.data.repository.RecurringRuleRepositoryImplJvmTest",""
"","309","the prefill row is clickable while idle and inert while a run is writing[jvm]","","2026-07-31","passed","2026-07-31","","DebugConfigScreenStateTest[jvm]","com.georgeci.moneysurfer.ui.DebugConfigScreenStateTest",""
"","275","the near-limit alert renders one percent sign per percentage, not two[jvm]","","2026-07-31","passed","2026-07-31","","PercentFormattingTest[jvm]","com.georgeci.moneysurfer.ui.PercentFormattingTest",""
"","18","sync being switched off reads as success, not as a sync failure[jvm]","","2026-07-31","passed","2026-07-31","","WorkspaceCreationViewModelTest[jvm]","com.georgeci.moneysurfer.feature.workspace.creation.WorkspaceCreationViewModelTest",""
"","6","markInFlight with empty list is a no-op[jvm]","","2026-07-31","passed","2026-07-31","","PendingMutationQueueImplSpec[jvm]","com.georgeci.moneysurfer.data.sync.PendingMutationQueueImplSpec",""
"","204","a single account draws no quick-actions row — there is nowhere to transfer to[jvm]","","2026-07-31","passed","2026-07-31","","DashboardScreenStateTest[jvm]","com.georgeci.moneysurfer.ui.DashboardScreenStateTest",""
"","15","an account-scoped screen hides the account picker[jvm]","","2026-07-31","passed","2026-07-31","","TransactionFiltersViewModelTest[jvm]","com.georgeci.moneysurfer.feature.transaction.filters.TransactionFiltersViewModelTest",""
"","8","Running carries id, reasons, scope, currentStep[jvm]","","2026-07-31","passed","2026-07-31","","SyncStateSpec[jvm]","com.georgeci.moneysurfer.sync.api.SyncStateSpec",""
"","35","host-identity keys are flagged so the panel can say they are not ordinary flags[jvm]","","2026-07-31","passed","2026-07-31","","DebugConfigInspectorImplSpec[jvm]","com.georgeci.moneysurfer.appconfig.DebugConfigInspectorImplSpec",""
"","13","a tombstone for a row this device never had creates nothing[jvm]","","2026-07-31","passed","2026-07-31","","TransactionTombstoneSyncIntegrationIT[jvm]","com.georgeci.moneysurfer.integration.sync.TransactionTombstoneSyncIntegrationIT",""
"","5","existing rows keep their data and gain a null splitId[jvm]","","2026-07-31","passed","2026-07-31","","TransactionSplitIdMigrationIT[jvm]","com.georgeci.moneysurfer.integration.repository.TransactionSplitIdMigrationIT",""
"","1","addDownload accumulates downloadedCount[jvm]","","2026-07-31","passed","2026-07-31","","SyncSummaryBuilderSpec[jvm]","com.georgeci.moneysurfer.sync.api.SyncSummaryBuilderSpec",""
"","106","a FAB the screen named itself keeps its own tag[jvm]","","2026-07-31","passed","2026-07-31","","SurferPaneChromeTest[jvm]","com.georgeci.moneysurfer.ui.SurferPaneChromeTest",""
"","19","unknown extra entry between manifest and main DB is tolerated[jvm]","","2026-07-31","passed","2026-07-31","","BackupImporterImplJvmTest[jvm]","com.georgeci.moneysurfer.data.backup.BackupImporterImplJvmTest",""
"","17","the forward arrow is inert on the period containing today[jvm]","","2026-07-31","passed","2026-07-31","","InsightsViewModelTest[jvm]","com.georgeci.moneysurfer.feature.insights.InsightsViewModelTest",""
"","78","the footer starts blank, so the drawer renders before the session resolves[jvm]","","2026-07-31","passed","2026-07-31","","AppShellViewModelTest[jvm]","com.georgeci.moneysurfer.navigation.AppShellViewModelTest",""
"","3","mid-pipeline cancel surfaces SyncCancelledException to the worker catch[jvm]","","2026-07-31","passed","2026-07-31","","SyncCoordinatorImplBranchSpec[jvm]","com.georgeci.moneysurfer.sync.coordinator.SyncCoordinatorImplBranchSpec",""
"","17","user cannot map a foreign uid to their own email","","2026-07-31","passed","2026-07-31","","userEmails/{email}","userEmails/{email} user cannot map a foreign uid to their own email",""
"","33","a card carries the spend of the current window, transfers excluded[jvm]","","2026-07-31","passed","2026-07-31","","BudgetsViewModelTest[jvm]","com.georgeci.moneysurfer.feature.budget.list.BudgetsViewModelTest",""
"","2","the average is the week's total over seven days, whatever the query left out[jvm]","","2026-07-31","passed","2026-07-31","","BurnRateTest[jvm]","com.georgeci.moneysurfer.domain.model.BurnRateTest",""
"","335","a successful create persists the trimmed form and navigates back[jvm]","","2026-07-31","passed","2026-07-31","","WorkspaceCreationViewModelTest[jvm]","com.georgeci.moneysurfer.feature.workspace.creation.WorkspaceCreationViewModelTest",""
"","86","login rolls the session back and signs out when the bootstrap fails[jvm]","","2026-07-31","passed","2026-07-31","","AuthSessionRollbackTest[jvm]","com.georgeci.moneysurfer.domain.usecase.AuthSessionRollbackTest",""
"","3","an inactive rule is left out[jvm]","","2026-07-31","passed","2026-07-31","","UpcomingRecurringTest[jvm]","com.georgeci.moneysurfer.domain.model.UpcomingRecurringTest",""
"","1","re-running the migration is a no-op rather than an error[jvm]","","2026-07-31","passed","2026-07-31","","ConfigEntryMigrationIT[jvm]","com.georgeci.moneysurfer.integration.repository.ConfigEntryMigrationIT",""
"","12","pendingCount Flow reflects active row count[jvm]","","2026-07-31","passed","2026-07-31","","PendingMutationQueueIntegrationIT[jvm]","com.georgeci.moneysurfer.integration.sync.PendingMutationQueueIntegrationIT",""
"","33","the periodic ticker stays quiet while sync is disabled[jvm]","","2026-07-31","passed","2026-07-31","","AppLaunchViewModelTest[jvm]","com.georgeci.moneysurfer.navigation.AppLaunchViewModelTest",""
"","23","a goal with no contributions has saved nothing rather than no answer[jvm]","","2026-07-31","passed","2026-07-31","","GoalContributionRepositoryImplJvmTest[jvm]","com.georgeci.moneysurfer.data.repository.GoalContributionRepositoryImplJvmTest",""
"","12","forceUpdate cuts off a build that is otherwise current[jvm]","","2026-07-31","passed","2026-07-31","","AppVersionGateImplTest[jvm]","com.georgeci.moneysurfer.data.repository.AppVersionGateImplTest",""
"","7","a general budget outranks a category one, whatever their limits[jvm]","","2026-07-31","passed","2026-07-31","","SafeToSpendTest[jvm]","com.georgeci.moneysurfer.domain.model.SafeToSpendTest",""
"","25","a row with no operationDate is invisible to a windowed query[jvm]","","2026-07-31","passed","2026-07-31","","TransactionWindowIntegrationIT[jvm]","com.georgeci.moneysurfer.integration.repository.TransactionWindowIntegrationIT",""
"","13","a PAUSED goal rejects new contributions[jvm]","","2026-07-31","passed","2026-07-31","","GoalContributionUseCaseTest[jvm]","com.georgeci.moneysurfer.domain.usecase.GoalContributionUseCaseTest",""
"","42","a value the codec rejects stays visible as undecodable rather than being dropped[jvm]","","2026-07-31","passed","2026-07-31","","RemoteGlobalConfigSourceImplSpec[jvm]","com.georgeci.moneysurfer.appconfig.remote.RemoteGlobalConfigSourceImplSpec",""
"","2","ChangedSinceLastSync falls back to the active workspace when the provider is empty[jvm]","","2026-07-31","passed","2026-07-31","","PullRemoteChangesUseCaseImplSpec[jvm]","com.georgeci.moneysurfer.data.sync.PullRemoteChangesUseCaseImplSpec",""
"","3","each currency keeps its own total instead of being summed together[jvm]","","2026-07-31","passed","2026-07-31","","AccountTotalsTest[jvm]","com.georgeci.moneysurfer.domain.model.AccountTotalsTest",""
"","38","swapping the transfer accounts carries each side's amount with it[jvm]","","2026-07-31","passed","2026-07-31","","TransactionCreationFormTest[jvm]","com.georgeci.moneysurfer.feature.transaction.creation.TransactionCreationFormTest",""
"","25","a category budget leaves the verdict off rather than judging every expense by it[jvm]","","2026-07-31","passed","2026-07-31","","GetBurnRateUseCaseTest[jvm]","com.georgeci.moneysurfer.domain.usecase.GetBurnRateUseCaseTest",""
"","64","create workspace persists local rows and enqueues one outbox mutation per row[jvm]","","2026-07-31","passed","2026-07-31","","WorkspaceCreationSyncIntegrationIT[jvm]","com.georgeci.moneysurfer.integration.sync.WorkspaceCreationSyncIntegrationIT",""
"","16","reading a user that was never stored is null, not a failure[jvm]","","2026-07-31","passed","2026-07-31","","UserRepositoryImplJvmTest[jvm]","com.georgeci.moneysurfer.data.repository.UserRepositoryImplJvmTest",""
"","0","all PUSH steps precede all PULL steps[jvm]","","2026-07-31","passed","2026-07-31","","SyncStepOrderTest[jvm]","com.georgeci.moneysurfer.domain.model.SyncStepOrderTest",""
"","24","OnTransactionClick opens the transaction it was raised for[jvm]","","2026-07-31","passed","2026-07-31","","CategoryDetailsViewModelTest[jvm]","com.georgeci.moneysurfer.feature.category.details.CategoryDetailsViewModelTest",""
"","52","safe-to-spend reads the active budget's remainder, pace and days left[jvm]","","2026-07-31","passed","2026-07-31","","DashboardSafeToSpendViewModelTest[jvm]","com.georgeci.moneysurfer.feature.dashboard.DashboardSafeToSpendViewModelTest",""
"","576","an available row can be dragged too, and reports the row it lands on[jvm]","","2026-07-31","passed","2026-07-31","","DashboardCustomizeScreenStateTest[jvm]","com.georgeci.moneysurfer.ui.DashboardCustomizeScreenStateTest",""
"","42","init loads the existing workspace and switches the form to editing[jvm]","","2026-07-31","passed","2026-07-31","","WorkspaceCreationViewModelTest[jvm]","com.georgeci.moneysurfer.feature.workspace.creation.WorkspaceCreationViewModelTest",""
"","4","last month is the whole previous month, not thirty days back[jvm]","","2026-07-31","passed","2026-07-31","","TransactionFilterMatchingTest[jvm]","com.georgeci.moneysurfer.feature.transaction.filter.TransactionFilterMatchingTest",""
"","6","zero alone is not a valid transaction amount[jvm]","","2026-07-31","passed","2026-07-31","","TransactionAmountInputTest[jvm]","com.georgeci.moneysurfer.feature.transaction.creation.TransactionAmountInputTest",""
"","9","archive flips archived flag[jvm]","","2026-07-31","passed","2026-07-31","","ArchiveAccountUseCaseTest[jvm]","com.georgeci.moneysurfer.domain.usecase.ArchiveAccountUseCaseTest",""
"","10","a settings key queues one push however often it is toggled[jvm]","","2026-07-31","passed","2026-07-31","","PendingMutationQueueIntegrationIT[jvm]","com.georgeci.moneysurfer.integration.sync.PendingMutationQueueIntegrationIT",""
"","24","only the rows the window covers are handed back[jvm]","","2026-07-31","passed","2026-07-31","","GetMonthlyNetHistoryUseCaseTest[jvm]","com.georgeci.moneysurfer.domain.usecase.GetMonthlyNetHistoryUseCaseTest",""
"","21","both legs of a transfer contribute zero, category or not[jvm]","","2026-07-31","passed","2026-07-31","","SpendAnalyticsRepositoryImplJvmTest[jvm]","com.georgeci.moneysurfer.data.repository.SpendAnalyticsRepositoryImplJvmTest",""
"","296","collection wire values are stable — they are persisted sync_meta cursor keys[jvm]","","2026-07-31","passed","2026-07-31","","SyncCollectionTest[jvm]","com.georgeci.moneysurfer.sync.api.SyncCollectionTest",""
"","2","per-transaction is null when nothing was booked this month[jvm]","","2026-07-31","passed","2026-07-31","","CategorySpendHistoryTest[jvm]","com.georgeci.moneysurfer.domain.model.CategorySpendHistoryTest",""
"","18","a refresh replaces the table rather than merging into it[jvm]","","2026-07-31","passed","2026-07-31","","ExchangeRateRepositoryImplJvmTest[jvm]","com.georgeci.moneysurfer.data.repository.ExchangeRateRepositoryImplJvmTest",""
"","835","a user who has not been onboarded lands on onboarding, whatever the session says[jvm]","","2026-07-31","passed","2026-07-31","","AppLaunchViewModelTest[jvm]","com.georgeci.moneysurfer.navigation.AppLaunchViewModelTest",""
"","5","occurrences come back soonest first, capped at the limit[jvm]","","2026-07-31","passed","2026-07-31","","UpcomingRecurringTest[jvm]","com.georgeci.moneysurfer.domain.model.UpcomingRecurringTest",""
"","1","the near-limit threshold is the budget's own alert percent[jvm]","","2026-07-31","passed","2026-07-31","","SpentByCategoryTest[jvm]","com.georgeci.moneysurfer.domain.model.SpentByCategoryTest",""
"","3","markInFlight is a no-op for empty list[jvm]","","2026-07-31","passed","2026-07-31","","PendingMutationQueueImplSpec[jvm]","com.georgeci.moneysurfer.sync.internal.repository.PendingMutationQueueImplSpec",""
"","29","rejects a nullable field with a wrong non-null type (deletedAt as string)","","2026-07-31","passed","2026-07-31","","entity write-shape validation (issue #156)","entity write-shape validation (issue #156) rejects a nullable field with a wrong non-null type (deletedAt as string)",""
"","13","valid stored ISO is preserved[jvm]","","2026-07-31","passed","2026-07-31","","ResolveLegacyOperationDateTest[jvm]","com.georgeci.moneysurfer.data.repository.ResolveLegacyOperationDateTest",""
"","19","a user without a workspace goes to the selector[jvm]","","2026-07-31","passed","2026-07-31","","StartRouteTest[jvm]","com.georgeci.moneysurfer.navigation.StartRouteTest",""
"","9","the server's own wording is used when it sends one[jvm]","","2026-07-31","passed","2026-07-31","","AppVersionGateImplTest[jvm]","com.georgeci.moneysurfer.data.repository.AppVersionGateImplTest",""
"","66","saving creates a goal in the workspace base currency[jvm]","","2026-07-31","passed","2026-07-31","","GoalEditViewModelTest[jvm]","com.georgeci.moneysurfer.feature.goal.edit.GoalEditViewModelTest",""
"","12","an unreachable server marks the layer degraded[jvm]","","2026-07-31","passed","2026-07-31","","RemoteGlobalConfigSourceImplSpec[jvm]","com.georgeci.moneysurfer.appconfig.remote.RemoteGlobalConfigSourceImplSpec",""
"","4","lower-case currency codes from the provider are normalized[jvm]","","2026-07-31","passed","2026-07-31","","ExchangeRateApiTest[jvm]","com.georgeci.moneysurfer.data.remote.ExchangeRateApiTest",""
"","2","consolidated invalid-login-credentials classifies as InvalidCredentials[jvm]","","2026-07-31","passed","2026-07-31","","AuthErrorClassificationTest[jvm]","com.georgeci.moneysurfer.data.repository.AuthErrorClassificationTest",""
"","3","Queued carries count[jvm]","","2026-07-31","passed","2026-07-31","","SyncStateSpec[jvm]","com.georgeci.moneysurfer.sync.api.SyncStateSpec",""
"","69","an override the codec can no longer read is still clearable per row[jvm]","","2026-07-31","passed","2026-07-31","","DebugConfigInspectorImplSpec[jvm]","com.georgeci.moneysurfer.appconfig.DebugConfigInspectorImplSpec",""
"","11","a second write sees the first one's value rather than the state it replaced[jvm]","","2026-07-31","passed","2026-07-31","","PreferencesMirrorJvmTest[jvm]","com.georgeci.moneysurfer.data.config.PreferencesMirrorJvmTest",""
"","1","AccountDetails[jvm]","","2026-07-31","passed","2026-07-31","","RouteSerializationTest[jvm]","com.georgeci.moneysurfer.navigation.RouteSerializationTest",""
"","37","accepts a fully-populated, correctly-typed account","","2026-07-31","passed","2026-07-31","","entity write-shape validation (issue #156)","entity write-shape validation (issue #156) accepts a fully-populated, correctly-typed account",""
"","49","the quick-actions Transfer button asks for the transfer form, not the plain creation one[jvm]","","2026-07-31","passed","2026-07-31","","DashboardViewModelTest[jvm]","com.georgeci.moneysurfer.feature.dashboard.DashboardViewModelTest",""
"","110","a budget past its alert threshold is still headroom, not an overspend[jvm]","","2026-07-31","passed","2026-07-31","","DashboardScreenStateTest[jvm]","com.georgeci.moneysurfer.ui.DashboardScreenStateTest",""
"","100","member can create + read in categories","","2026-07-31","passed","2026-07-31","","member-gated entities (smoke for the rest)","member-gated entities (smoke for the rest) member can create + read in categories",""
"","17","every toggle reaches the store, so navigating away and back does not reset it[jvm]","","2026-07-31","passed","2026-07-31","","PreferencesViewModelTest[jvm]","com.georgeci.moneysurfer.feature.settings.preferences.PreferencesViewModelTest",""
"","41","a pulled budget is inserted, and a newer local edit is kept[jvm]","","2026-07-31","passed","2026-07-31","","BudgetAndRecurringRuleSyncPluginIT[jvm]","com.georgeci.moneysurfer.integration.plugin.BudgetAndRecurringRuleSyncPluginIT",""
"","8","an amount with two decimal separators blocks save and exposes an inline error[jvm]","","2026-07-31","passed","2026-07-31","","TransactionCreationSaveTest[jvm]","com.georgeci.moneysurfer.feature.transaction.creation.TransactionCreationSaveTest",""
"","11","removes case-insensitive duplicates keeping the first spelling[jvm]","","2026-07-31","passed","2026-07-31","","TransactionTagsTest[jvm]","com.georgeci.moneysurfer.domain.model.TransactionTagsTest",""
"","7","keeps only the rows the budget counts[jvm]","","2026-07-31","passed","2026-07-31","","GetBudgetTransactionsUseCaseTest[jvm]","com.georgeci.moneysurfer.domain.usecase.GetBudgetTransactionsUseCaseTest",""
"","188","emulator runs default to the shared demo project[jvm]","","2026-07-31","passed","2026-07-31","","DesktopFirebaseOptionsJvmTest[jvm]","com.georgeci.moneysurfer.data.remote.DesktopFirebaseOptionsJvmTest",""
"","51","seeds the default categories when the workspace has none, and categorizes against them[jvm]","","2026-07-31","passed","2026-07-31","","DebugDataPrefillerTest[jvm]","com.georgeci.moneysurfer.domain.debug.DebugDataPrefillerTest",""
"","35","stays loading and preserves the initial selection until accounts arrive[jvm]","","2026-07-31","passed","2026-07-31","","AccountChooserViewModelTest[jvm]","com.georgeci.moneysurfer.feature.account.picker.AccountChooserViewModelTest",""
"","18","clearSession leaves hasUsedDemo alone[jvm]","","2026-07-31","passed","2026-07-31","","SessionPointersImplJvmTest[jvm]","com.georgeci.moneysurfer.data.preferences.SessionPointersImplJvmTest",""
"","8","save is a no-op when no workspace is pinned[jvm]","","2026-07-31","passed","2026-07-31","","CategoryCreationViewModelTest[jvm]","com.georgeci.moneysurfer.feature.category.creation.CategoryCreationViewModelTest",""
"","2","rejects when email already an active member[jvm]","","2026-07-31","passed","2026-07-31","","SendInviteUseCaseTest[jvm]","com.georgeci.moneysurfer.domain.usecase.SendInviteUseCaseTest",""
"","628","two seals of the same plaintext differ (fresh salt + IV)[jvm]","","2026-07-31","passed","2026-07-31","","EncryptedBackupCodecTest[jvm]","com.georgeci.moneysurfer.data.backup.EncryptedBackupCodecTest",""
"","270","an unset chip is its bare label, and the date chip is not drawn at all[jvm]","","2026-07-31","passed","2026-07-31","","TransactionsListScreenStateTest[jvm]","com.georgeci.moneysurfer.ui.TransactionsListScreenStateTest",""
"","51","an existing user whose workspace hydrated is a plain success too[jvm]","","2026-07-31","passed","2026-07-31","","SignInViewModelTest[jvm]","com.georgeci.moneysurfer.feature.login.SignInViewModelTest",""
"","5","matches java.util.zip.CRC32 for empty input[jvm]","","2026-07-31","passed","2026-07-31","","Crc32JvmTest[jvm]","com.georgeci.moneysurfer.data.backup.Crc32JvmTest",""
"","41","an explicit date range replaces the pager window and hides the pager[jvm]","","2026-07-31","passed","2026-07-31","","TransactionsByAccountFilteringTest[jvm]","com.georgeci.moneysurfer.feature.transaction.list.TransactionsByAccountFilteringTest",""
"","1","collapsed tree parents hide children but retain the complete child count[jvm]","","2026-07-31","passed","2026-07-31","","CategoryPickerRowsTest[jvm]","com.georgeci.moneysurfer.feature.category.picker.CategoryPickerRowsTest",""
"","44","member can read the workspace invite roster","","2026-07-31","passed","2026-07-31","","invites — read","invites — read member can read the workspace invite roster",""
"","35","a 411 dp phone window at 2x density reports Compact[jvm]","","2026-07-31","passed","2026-07-31","","SurferWindowSizeCompositionTest[jvm]","com.georgeci.moneysurfer.ui.SurferWindowSizeCompositionTest",""
"","7","drops BOM artifacts even when they are the only ones of their group[jvm]","","2026-07-31","passed","2026-07-31","","ParseOssLibrariesTest[jvm]","com.georgeci.moneysurfer.feature.settings.about.licenses.ParseOssLibrariesTest",""
"","7","a zero or non-finite quote counts as missing rather than as an infinite balance[jvm]","","2026-07-31","passed","2026-07-31","","ConvertAccountsTotalUseCaseTest[jvm]","com.georgeci.moneysurfer.domain.usecase.ConvertAccountsTotalUseCaseTest",""
"","3","rows are mirrored into state as the inspector re-resolves them[jvm]","","2026-07-31","passed","2026-07-31","","DebugConfigViewModelTest[jvm]","com.georgeci.moneysurfer.feature.settings.debug.DebugConfigViewModelTest",""
"","7","remote calls fire in strict order: syncWorkspace → addWorkspaceRef → setDefaultWorkspace[jvm]","","2026-07-31","passed","2026-07-31","","CreateWorkspaceUseCaseTest[jvm]","com.georgeci.moneysurfer.domain.usecase.CreateWorkspaceUseCaseTest",""
"","36","an idle coordinator reports the last outcome, and a cancelled one reports nothing[jvm]","","2026-07-31","passed","2026-07-31","","SyncViewModelTest[jvm]","com.georgeci.moneysurfer.feature.settings.sync.SyncViewModelTest",""
"","24","user cannot update another user's document","","2026-07-31","passed","2026-07-31","","users/{uid}","users/{uid} user cannot update another user's document",""
"","23","a transfer pair with two legs of the same type is rejected[jvm]","","2026-07-31","passed","2026-07-31","","ImportTransactionsValidationTest[jvm]","com.georgeci.moneysurfer.domain.csv.ImportTransactionsValidationTest",""
"","22","a category that a refresh cannot find leaves the form's own category selected[jvm]","","2026-07-31","passed","2026-07-31","","TransactionCreationFormTest[jvm]","com.georgeci.moneysurfer.feature.transaction.creation.TransactionCreationFormTest",""
"","25","owner can mark a member as REMOVED","","2026-07-31","passed","2026-07-31","","workspaces/{wid}/members/{uid}","workspaces/{wid}/members/{uid} owner can mark a member as REMOVED",""
"","33","RemoteGlobal cannot override a host fact even when it names one[jvm]","","2026-07-31","passed","2026-07-31","","LayeredConfigSpec[jvm]","com.georgeci.moneysurfer.appconfig.LayeredConfigSpec",""
"","4","progress is reported per document with collection name and position[jvm]","","2026-07-31","passed","2026-07-31","","PullRemoteChangesUseCaseImplSpec[jvm]","com.georgeci.moneysurfer.data.sync.PullRemoteChangesUseCaseImplSpec",""
"","25","cleanup failure surfaces CleanupFailed notice[jvm]","","2026-07-31","passed","2026-07-31","","DeleteUserAccountViewModelTest[jvm]","com.georgeci.moneysurfer.feature.settings.account.DeleteUserAccountViewModelTest",""
"","311","a destination matches its own route and no other[jvm]","","2026-07-31","passed","2026-07-31","","NavigationShellTest[jvm]","com.georgeci.moneysurfer.navigation.NavigationShellTest",""
"","6","summary formats a negative net and ignores totals in another currency[jvm]","","2026-07-31","passed","2026-07-31","","TransactionsListMappingTest[jvm]","com.georgeci.moneysurfer.feature.transaction.list.TransactionsListMappingTest",""
"","18","snapshot before hydrate resolves Build and defaults only[jvm]","","2026-07-31","passed","2026-07-31","","LayeredConfigSpec[jvm]","com.georgeci.moneysurfer.appconfig.LayeredConfigSpec",""
"","1","the desktop host reaches the emulator over loopback[jvm]","","2026-07-31","passed","2026-07-31","","FirebaseConfigImplJvmTest[jvm]","com.georgeci.moneysurfer.data.remote.FirebaseConfigImplJvmTest",""
"","14","empty outbox returns zero uploads without touching in-flight state[jvm]","","2026-07-31","passed","2026-07-31","","UploadPendingChangesUseCaseImplSpec[jvm]","com.georgeci.moneysurfer.data.sync.UploadPendingChangesUseCaseImplSpec",""
"","38","dismissing the delete confirmation leaves the transaction alone[jvm]","","2026-07-31","passed","2026-07-31","","TransactionCreationEditTest[jvm]","com.georgeci.moneysurfer.feature.transaction.creation.TransactionCreationEditTest",""
"","172","a transfer names both accounts instead of an account and a category[jvm]","","2026-07-31","passed","2026-07-31","","TransactionDetailsScreenStateTest[jvm]","com.georgeci.moneysurfer.ui.TransactionDetailsScreenStateTest",""
"","1","normalize preserves the order the user added the entries in[jvm]","","2026-07-31","passed","2026-07-31","","AccountExtraDetailsTest[jvm]","com.georgeci.moneysurfer.domain.model.AccountExtraDetailsTest",""
"","1","email is normalised before the mapping lookup[jvm]","","2026-07-31","passed","2026-07-31","","UserAccountDeletionRepositoryImplTest[jvm]","com.georgeci.moneysurfer.data.repository.UserAccountDeletionRepositoryImplTest",""
"","53","editing an account loads its extra details and saves them back[jvm]","","2026-07-31","passed","2026-07-31","","AccountCreationViewModelTest[jvm]","com.georgeci.moneysurfer.feature.account.creation.AccountCreationViewModelTest",""
"","7","delete actual income unwinds impact[jvm]","","2026-07-31","passed","2026-07-31","","CalculateBalanceDeltaTest[jvm]","com.georgeci.moneysurfer.domain.model.CalculateBalanceDeltaTest",""
"","29","setActive flips the flag, stamps the clock and enqueues an update[jvm]","","2026-07-31","passed","2026-07-31","","BudgetRepositoryImplJvmTest[jvm]","com.georgeci.moneysurfer.data.repository.BudgetRepositoryImplJvmTest",""
"","13","there is nothing to delete while a transaction is still being entered[jvm]","","2026-07-31","passed","2026-07-31","","TransactionCreationSaveGuardsTest[jvm]","com.georgeci.moneysurfer.feature.transaction.creation.TransactionCreationSaveGuardsTest",""
"","243","the toolbar's back control reports one event[jvm]","","2026-07-31","passed","2026-07-31","","InsightsScreenTest[jvm]","com.georgeci.moneysurfer.ui.InsightsScreenTest",""
"","1","tags share one cell separated by a pipe so the CSV delimiter stays untouched[jvm]","","2026-07-31","passed","2026-07-31","","TransactionCsvCodecTest[jvm]","com.georgeci.moneysurfer.domain.csv.TransactionCsvCodecTest",""
"","6","returns null when decode throws SerializationException (wrong field type)[jvm]","","2026-07-31","passed","2026-07-31","","DecodeOrNullSpec[jvm]","com.georgeci.moneysurfer.data.sync.plugin.DecodeOrNullSpec",""
"","27","an unknown period on the row falls back to monthly rather than failing the read[jvm]","","2026-07-31","passed","2026-07-31","","BudgetRepositoryImplJvmTest[jvm]","com.georgeci.moneysurfer.data.repository.BudgetRepositoryImplJvmTest",""
"","33","navigation follows edit mode and carries the clicked account id[jvm]","","2026-07-31","passed","2026-07-31","","AccountsManageViewModelTest[jvm]","com.georgeci.moneysurfer.feature.account.manage.AccountsManageViewModelTest",""
"","2","reads the outbox with the default batch limit[jvm]","","2026-07-31","passed","2026-07-31","","UploadPendingChangesUseCaseImplSpec[jvm]","com.georgeci.moneysurfer.data.sync.UploadPendingChangesUseCaseImplSpec",""
"","0","update amount expense 100 → 150 produces -50 delta[jvm]","","2026-07-31","passed","2026-07-31","","CalculateBalanceDeltaTest[jvm]","com.georgeci.moneysurfer.domain.model.CalculateBalanceDeltaTest",""
"","2","the grid flattens parents and children of the selected type into one list[jvm]","","2026-07-31","passed","2026-07-31","","CategoryChooserViewModelTest[jvm]","com.georgeci.moneysurfer.feature.category.picker.CategoryChooserViewModelTest",""
"","96","the two queries are the month to date and the same stretch of the month before[jvm]","","2026-07-31","passed","2026-07-31","","GetSpentMonthUseCaseTest[jvm]","com.georgeci.moneysurfer.domain.usecase.GetSpentMonthUseCaseTest",""
"","1","clearing a key that was never used is a no-op[jvm]","","2026-07-31","passed","2026-07-31","","NavEntryViewModelStoreHolderTest[jvm]","com.georgeci.moneysurfer.navigation.util.NavEntryViewModelStoreHolderTest",""
"","3","a leaf category reports no subcategories[jvm]","","2026-07-31","passed","2026-07-31","","CategorySpendHistoryTest[jvm]","com.georgeci.moneysurfer.domain.model.CategorySpendHistoryTest",""
"","24","hard-delete is denied for non-owner members","","2026-07-31","passed","2026-07-31","","member-gated entities (accounts)","member-gated entities (accounts) hard-delete is denied for non-owner members",""
"","8","syncAll is a no-op when sync is disabled[jvm]","","2026-07-31","passed","2026-07-31","","SyncCoordinatorWorkspaceSyncerSpec[jvm]","com.georgeci.moneysurfer.data.sync.SyncCoordinatorWorkspaceSyncerSpec",""
"","0","AccountCreation[jvm]","","2026-07-31","passed","2026-07-31","","RouteSerializationTest[jvm]","com.georgeci.moneysurfer.navigation.RouteSerializationTest",""
"","10","hydrate publishes the stored state[jvm]","","2026-07-31","passed","2026-07-31","","PreferencesMirrorJvmTest[jvm]","com.georgeci.moneysurfer.data.config.PreferencesMirrorJvmTest",""
"","202","a planned transaction says so in the hero band[jvm]","","2026-07-31","passed","2026-07-31","","TransactionDetailsScreenStateTest[jvm]","com.georgeci.moneysurfer.ui.TransactionDetailsScreenStateTest",""
"","1","keeps the shared version when every artifact of a family agrees[jvm]","","2026-07-31","passed","2026-07-31","","ParseOssLibrariesTest[jvm]","com.georgeci.moneysurfer.feature.settings.about.licenses.ParseOssLibrariesTest",""
"","24","uuid generates non-empty value[jvm]","","2026-07-31","passed","2026-07-31","","SyncRequestIdSpec[jvm]","com.georgeci.moneysurfer.sync.api.SyncRequestIdSpec",""
"","1","with only category budgets the largest limit speaks[jvm]","","2026-07-31","passed","2026-07-31","","SafeToSpendTest[jvm]","com.georgeci.moneysurfer.domain.model.SafeToSpendTest",""
"","49","malformed and invalid rows are reported with row numbers and do not stop the import[jvm]","","2026-07-31","passed","2026-07-31","","ExportImportTransactionsUseCaseTest[jvm]","com.georgeci.moneysurfer.domain.csv.ExportImportTransactionsUseCaseTest",""
"","66","drain pushes every queued mutation through its plugin and empties the outbox[jvm]","","2026-07-31","passed","2026-07-31","","WorkspaceCreationSyncIntegrationIT[jvm]","com.georgeci.moneysurfer.integration.sync.WorkspaceCreationSyncIntegrationIT",""
"","5","medium width presents the rail[jvm]","","2026-07-31","passed","2026-07-31","","NavigationShellTest[jvm]","com.georgeci.moneysurfer.navigation.NavigationShellTest",""
"","10","the projection adds the average for every day still ahead, today excluded[jvm]","","2026-07-31","passed","2026-07-31","","BurnRateTest[jvm]","com.georgeci.moneysurfer.domain.model.BurnRateTest",""
"","1","creates workspace, default categories, and a Cash account on first run[jvm]","","2026-07-31","passed","2026-07-31","","SeedDefaultsUseCaseTest[jvm]","com.georgeci.moneysurfer.domain.usecase.SeedDefaultsUseCaseTest",""
"","18","unauthenticated user is denied","","2026-07-31","passed","2026-07-31","","workspaces/{wid}/members/{uid}","workspaces/{wid}/members/{uid} unauthenticated user is denied",""
"","1","the grid shows the seven most used categories of the type[jvm]","","2026-07-31","passed","2026-07-31","","TransactionCreationMappingTest[jvm]","com.georgeci.moneysurfer.feature.transaction.creation.TransactionCreationMappingTest",""
"","24","a projection past the cap reads as off pace[jvm]","","2026-07-31","passed","2026-07-31","","GetBurnRateUseCaseTest[jvm]","com.georgeci.moneysurfer.domain.usecase.GetBurnRateUseCaseTest",""
"","9","values are namespaced so they cannot clash with the legacy typed preferences[jvm]","","2026-07-31","passed","2026-07-31","","LocalConfigSourceImplJvmTest[jvm]","com.georgeci.moneysurfer.data.config.LocalConfigSourceImplJvmTest",""
"","21","search matches merchant, note and category, and survives into the state[jvm]","","2026-07-31","passed","2026-07-31","","TransactionsByAccountFilteringTest[jvm]","com.georgeci.moneysurfer.feature.transaction.list.TransactionsByAccountFilteringTest",""
"","2","a reset without an active workspace touches nothing[jvm]","","2026-07-31","passed","2026-07-31","","SyncViewModelTest[jvm]","com.georgeci.moneysurfer.feature.settings.sync.SyncViewModelTest",""
"","0","cancelAll is callable[jvm]","","2026-07-31","passed","2026-07-31","","BackgroundSyncSchedulerSpec[jvm]","com.georgeci.moneysurfer.sync.scheduler.BackgroundSyncSchedulerSpec",""
"","4","a yearly rule takes its own day next year once it has passed[jvm]","","2026-07-31","passed","2026-07-31","","UpcomingRecurringTest[jvm]","com.georgeci.moneysurfer.domain.model.UpcomingRecurringTest",""
"","29","epochMillis=0[jvm]","","2026-07-31","passed","2026-07-31","","TimeFormatterTest[jvm]","com.georgeci.moneysurfer.data.repository.TimeFormatterTest",""
"","1","is stable for the same id[jvm]","","2026-07-31","passed","2026-07-31","","TransactionReferenceTest[jvm]","com.georgeci.moneysurfer.domain.model.TransactionReferenceTest",""
"","5","a child whose parent is absent is shown as a root rather than hidden[jvm]","","2026-07-31","passed","2026-07-31","","CategoryTreeTest[jvm]","com.georgeci.moneysurfer.domain.model.CategoryTreeTest",""
"","63","an unset layout falls back to the default order[jvm]","","2026-07-31","passed","2026-07-31","","DashboardViewModelTest[jvm]","com.georgeci.moneysurfer.feature.dashboard.DashboardViewModelTest",""
"","7","garbage without the magic prefix is rejected as InvalidArchive[jvm]","","2026-07-31","passed","2026-07-31","","EncryptedBackupCodecTest[jvm]","com.georgeci.moneysurfer.data.backup.EncryptedBackupCodecTest",""
"","6","markRemoved on missing row is a no-op[jvm]","","2026-07-31","passed","2026-07-31","","WorkspaceMemberRepositoryDualWriteSpec[jvm]","com.georgeci.moneysurfer.data.repository.WorkspaceMemberRepositoryDualWriteSpec",""
"","3","only a cross-currency transfer asks for the receiving amount[jvm]","","2026-07-31","passed","2026-07-31","","TransactionCreationStateTest[jvm]","com.georgeci.moneysurfer.feature.transaction.creation.TransactionCreationStateTest",""
"","5","recalc runs when downloadedCount > 0[jvm]","","2026-07-31","passed","2026-07-31","","SyncCoordinatorImplSpec[jvm]","com.georgeci.moneysurfer.sync.coordinator.SyncCoordinatorImplSpec",""
"","655","a well-formed response becomes the domain table[jvm]","","2026-07-31","passed","2026-07-31","","HttpExchangeRateRemoteSourceJvmTest[jvm]","com.georgeci.moneysurfer.data.remote.HttpExchangeRateRemoteSourceJvmTest",""
"","28","the user pointer going null bounces the app back to sign-in[jvm]","","2026-07-31","passed","2026-07-31","","AppLaunchViewModelTest[jvm]","com.georgeci.moneysurfer.navigation.AppLaunchViewModelTest",""
"","5","invited-workspaces phase is skipped without a Firebase uid[jvm]","","2026-07-31","passed","2026-07-31","","PullRemoteChangesUseCaseImplSpec[jvm]","com.georgeci.moneysurfer.data.sync.PullRemoteChangesUseCaseImplSpec",""
"","6","prefers the longest matching group prefix[jvm]","","2026-07-31","passed","2026-07-31","","ParseOssLibrariesTest[jvm]","com.georgeci.moneysurfer.feature.settings.about.licenses.ParseOssLibrariesTest",""
"","18","RemoteGlobal cannot seed a user setting the user never wrote[jvm]","","2026-07-31","passed","2026-07-31","","LayeredConfigSpec[jvm]","com.georgeci.moneysurfer.appconfig.LayeredConfigSpec",""
"","1","the dashboard layout stays device-scoped — a phone layout is wrong on a tablet[jvm]","","2026-07-31","passed","2026-07-31","","ConfigKeyScopeTest[jvm]","com.georgeci.moneysurfer.data.config.ConfigKeyScopeTest",""
"","32","selection and sheet actions publish their corresponding effects[jvm]","","2026-07-31","passed","2026-07-31","","AccountChooserViewModelTest[jvm]","com.georgeci.moneysurfer.feature.account.picker.AccountChooserViewModelTest",""
"","1","the space-grouped style uses a non-breaking space[jvm]","","2026-07-31","passed","2026-07-31","","NumberFormatStyleTest[jvm]","com.georgeci.moneysurfer.domain.preferences.NumberFormatStyleTest",""
"","4","creates the system Transfer category lazily when the workspace is missing it[jvm]","","2026-07-31","passed","2026-07-31","","CreateTransferUseCaseTest[jvm]","com.georgeci.moneysurfer.domain.usecase.CreateTransferUseCaseTest",""
"","1","addConflicts accumulates conflictCount[jvm]","","2026-07-31","passed","2026-07-31","","SyncSummaryBuilderSpec[jvm]","com.georgeci.moneysurfer.sync.api.SyncSummaryBuilderSpec",""
"","4","retrying the same mutation produces an identical patch[jvm]","","2026-07-31","passed","2026-07-31","","TombstonePatchSpec[jvm]","com.georgeci.moneysurfer.data.sync.plugin.TombstonePatchSpec",""
"","7","markFailed returns row to PENDING with attempts incremented[jvm]","","2026-07-31","passed","2026-07-31","","PendingMutationQueueImplSpec[jvm]","com.georgeci.moneysurfer.data.sync.PendingMutationQueueImplSpec",""
"","42","requestSync completes with success for noop use cases[jvm]","","2026-07-31","passed","2026-07-31","","SyncCoordinatorImplSpec[jvm]","com.georgeci.moneysurfer.sync.coordinator.SyncCoordinatorImplSpec",""
"","1","set merge with Indefinite and Bounded picks Bounded[jvm]","","2026-07-31","passed","2026-07-31","","NetworkWaitModeSpec[jvm]","com.georgeci.moneysurfer.sync.network.NetworkWaitModeSpec",""
"","0","GoalDetails[jvm]","","2026-07-31","passed","2026-07-31","","RouteSerializationTest[jvm]","com.georgeci.moneysurfer.navigation.RouteSerializationTest",""
"","3","'42.50' -> '42.50'[jvm]","","2026-07-31","passed","2026-07-31","","AmountInputTransformationTest[jvm]","com.georgeci.moneysurfer.utils.AmountInputTransformationTest",""
"","2","a tag cell ending in a dangling escape keeps it as a literal character[jvm]","","2026-07-31","passed","2026-07-31","","TransactionCsvCodecTest[jvm]","com.georgeci.moneysurfer.domain.csv.TransactionCsvCodecTest",""
"","31","cancelling the view model is not reported as an error[jvm]","","2026-07-31","passed","2026-07-31","","MviViewModelTest[jvm]","com.georgeci.moneysurfer.utils.MviViewModelTest",""
"","27","the server kill switch is registered and remote-overridable[jvm]","","2026-07-31","passed","2026-07-31","","OnlineConfigGraphTest[jvm]","com.georgeci.moneysurfer.di.OnlineConfigGraphTest",""
"","5","a receipt is not saveable until every line has a category and a positive share[jvm]","","2026-07-31","passed","2026-07-31","","TransactionCreationStateTest[jvm]","com.georgeci.moneysurfer.feature.transaction.creation.TransactionCreationStateTest",""
"","63","clearing one override leaves the others alone[jvm]","","2026-07-31","passed","2026-07-31","","DebugConfigSourceImplJvmTest[jvm]","com.georgeci.moneysurfer.data.config.DebugConfigSourceImplJvmTest",""
"","29","an expense signs its amount and names the parent of a nested category[jvm]","","2026-07-31","passed","2026-07-31","","TransactionDetailsViewModelTest[jvm]","com.georgeci.moneysurfer.feature.transaction.details.TransactionDetailsViewModelTest",""
"","4","shifting a month steps whole months without short-month drift[jvm]","","2026-07-31","passed","2026-07-31","","TransactionPeriodWindowTest[jvm]","com.georgeci.moneysurfer.domain.util.TransactionPeriodWindowTest",""
"","7","the offline build renders as demo-only[jvm]","","2026-07-31","passed","2026-07-31","","SignInViewModelTest[jvm]","com.georgeci.moneysurfer.feature.login.SignInViewModelTest",""
"","26","observe re-resolves when a layer changes[jvm]","","2026-07-31","passed","2026-07-31","","LayeredConfigSpec[jvm]","com.georgeci.moneysurfer.appconfig.LayeredConfigSpec",""
"","1","caps at MAX_TAGS[jvm]","","2026-07-31","passed","2026-07-31","","TransactionTagsTest[jvm]","com.georgeci.moneysurfer.domain.model.TransactionTagsTest",""
"","2","happy path: persists PENDING invite with TTL and lowercase email[jvm]","","2026-07-31","passed","2026-07-31","","SendInviteUseCaseTest[jvm]","com.georgeci.moneysurfer.domain.usecase.SendInviteUseCaseTest",""
"","4","no schedules at all means no sentence about them[jvm]","","2026-07-31","passed","2026-07-31","","InsightRulesTest[jvm]","com.georgeci.moneysurfer.domain.insight.InsightRulesTest",""
"","42","handle writes to the Local layer and the flow sees it[jvm]","","2026-07-31","passed","2026-07-31","","LayeredConfigSpec[jvm]","com.georgeci.moneysurfer.appconfig.LayeredConfigSpec",""
"","7","normalize keeps the first spelling of a case-insensitively duplicate key[jvm]","","2026-07-31","passed","2026-07-31","","AccountExtraDetailsTest[jvm]","com.georgeci.moneysurfer.domain.model.AccountExtraDetailsTest",""
"","25","spending less than last month reads as down, and the percent stays positive[jvm]","","2026-07-31","passed","2026-07-31","","GetSpentMonthUseCaseTest[jvm]","com.georgeci.moneysurfer.domain.usecase.GetSpentMonthUseCaseTest",""
"","32","stranger cannot collection-group query by another user's targetUserId","","2026-07-31","passed","2026-07-31","","invites — read","invites — read stranger cannot collection-group query by another user's targetUserId",""
"","61","an evicted (REMOVED) member loses access to goals","","2026-07-31","passed","2026-07-31","","savings goals (issue #244)","savings goals (issue #244) an evicted (REMOVED) member loses access to goals",""
"","3","online state shows the Members row action[jvm]","","2026-07-31","passed","2026-07-31","","WorkspaceSelectorStateOfflineTest[jvm]","com.georgeci.moneysurfer.feature.workspace.selector.WorkspaceSelectorStateOfflineTest",""
"","28","the all-accounts summary currency is the dominant one, not the newest row's[jvm]","","2026-07-31","passed","2026-07-31","","TransactionsByAccountPeriodTest[jvm]","com.georgeci.moneysurfer.feature.transaction.list.TransactionsByAccountPeriodTest",""
"","12","opening as a transfer is ignored by a build that has no transfers[jvm]","","2026-07-31","passed","2026-07-31","","TransactionCreationSaveTest[jvm]","com.georgeci.moneysurfer.feature.transaction.creation.TransactionCreationSaveTest",""
"","1","an ordinary note is not prefixed[jvm]","","2026-07-31","passed","2026-07-31","","TransactionCsvCodecTest[jvm]","com.georgeci.moneysurfer.domain.csv.TransactionCsvCodecTest",""
"","8","an answered invite keeps its status and the moment it was answered[jvm]","","2026-07-31","passed","2026-07-31","","MembershipDtoMapperSpec[jvm]","com.georgeci.moneysurfer.data.sync.MembershipDtoMapperSpec",""
"","7","landscape is width against height, not a band[jvm]","","2026-07-31","passed","2026-07-31","","SurferWindowSizeTest[jvm]","com.georgeci.moneysurfer.uikit.window.SurferWindowSizeTest",""
"","11","SettingKey can never be remote-overridable[jvm]","","2026-07-31","passed","2026-07-31","","ConfigCodecSpec[jvm]","com.georgeci.moneysurfer.appconfig.ConfigCodecSpec",""
"","1","two budgets with the same limit resolve the same way every time[jvm]","","2026-07-31","passed","2026-07-31","","SafeToSpendTest[jvm]","com.georgeci.moneysurfer.domain.model.SafeToSpendTest",""
"","45","invite sender can append one wid to recipient invitedWorkspaceIds","","2026-07-31","passed","2026-07-31","","users/{uid} — invitedWorkspaceIds cross-user append","users/{uid} — invitedWorkspaceIds cross-user append invite sender can append one wid to recipient invitedWorkspaceIds",""
"","7","malformed -> null[jvm]","","2026-07-31","passed","2026-07-31","","TimeFormatterTest[jvm]","com.georgeci.moneysurfer.data.repository.TimeFormatterTest",""
"","3","a pending id with no matching row resolves to no active workspace[jvm]","","2026-07-31","passed","2026-07-31","","WorkspaceSelectorViewModelTest[jvm]","com.georgeci.moneysurfer.feature.workspace.selector.WorkspaceSelectorViewModelTest",""
"","17","unauthenticated user cannot delete a user document","","2026-07-31","passed","2026-07-31","","users/{uid}","users/{uid} unauthenticated user cannot delete a user document",""
"","139","filters that matched nothing name the filters rather than the search[jvm]","","2026-07-31","passed","2026-07-31","","TransactionsListScreenStateTest[jvm]","com.georgeci.moneysurfer.ui.TransactionsListScreenStateTest",""
"","27","unauthenticated user is denied","","2026-07-31","passed","2026-07-31","","invites — read","invites — read unauthenticated user is denied",""
"","70","nobody signed in means nothing to say[jvm]","","2026-07-31","passed","2026-07-31","","GenerateInsightsUseCaseTest[jvm]","com.georgeci.moneysurfer.domain.usecase.GenerateInsightsUseCaseTest",""
"","65","download opens the export options, and confirming asks for a save target[jvm]","","2026-07-31","passed","2026-07-31","","BackupViewModelTest[jvm]","com.georgeci.moneysurfer.feature.settings.backup.BackupViewModelTest",""
"","21","rejects a contribution whose goalId is a number","","2026-07-31","passed","2026-07-31","","savings goals (issue #244)","savings goals (issue #244) rejects a contribution whose goalId is a number",""
"","9","each style writes itself out the way the Preferences pill shows it[jvm]","","2026-07-31","passed","2026-07-31","","NumberFormatStyleTest[jvm]","com.georgeci.moneysurfer.domain.preferences.NumberFormatStyleTest",""
"","40","the layer stops serving the wiped values immediately, not once Room gets around to it[jvm]","","2026-07-31","passed","2026-07-31","","LocalDataResetIntegrationIT[jvm]","com.georgeci.moneysurfer.integration.repository.LocalDataResetIntegrationIT",""
"","3","pending excludes IN_FLIGHT rows after markInFlight[jvm]","","2026-07-31","passed","2026-07-31","","PendingMutationQueueImplSpec[jvm]","com.georgeci.moneysurfer.sync.internal.repository.PendingMutationQueueImplSpec",""
"","127","push adds the route on top[jvm]","","2026-07-31","passed","2026-07-31","","AppNavigatorTest[jvm]","com.georgeci.moneysurfer.navigation.AppNavigatorTest",""
"","19","reading a key nobody wrote stores nothing[jvm]","","2026-07-31","passed","2026-07-31","","LocalConfigSourceImplJvmTest[jvm]","com.georgeci.moneysurfer.data.config.LocalConfigSourceImplJvmTest",""
"","9","repairs lagging accounts when the workspace currency already matches (retry path)[jvm]","","2026-07-31","passed","2026-07-31","","UpdateWorkspaceCurrencyUseCaseTest[jvm]","com.georgeci.moneysurfer.domain.usecase.UpdateWorkspaceCurrencyUseCaseTest",""
"","53","an empty account list has no total and nothing left over[jvm]","","2026-07-31","passed","2026-07-31","","ConvertAccountsTotalUseCaseTest[jvm]","com.georgeci.moneysurfer.domain.usecase.ConvertAccountsTotalUseCaseTest",""
"","70","unauthenticated list/scan is denied — prevents enumerating the collection","","2026-07-31","passed","2026-07-31","","appConfig/{docId}","appConfig/{docId} unauthenticated list/scan is denied — prevents enumerating the collection",""
"","2","schedulePeriodic uses default constraints when none supplied[jvm]","","2026-07-31","passed","2026-07-31","","BackgroundSyncSchedulerSpec[jvm]","com.georgeci.moneysurfer.sync.scheduler.BackgroundSyncSchedulerSpec",""
"","206","a custom field shadowing a well-known key withdraws that key's chip[jvm]","","2026-07-31","passed","2026-07-31","","AccountCreationViewModelTest[jvm]","com.georgeci.moneysurfer.feature.account.creation.AccountCreationViewModelTest",""
"","32","totals sum magnitudes per type over the whole window, not per page[jvm]","","2026-07-31","passed","2026-07-31","","TransactionWindowIntegrationIT[jvm]","com.georgeci.moneysurfer.integration.repository.TransactionWindowIntegrationIT",""
"","8","the workspace-ref writers pass the raw ids through[jvm]","","2026-07-31","passed","2026-07-31","","UserRemoteRepositoryImplTest[jvm]","com.georgeci.moneysurfer.data.repository.UserRemoteRepositoryImplTest",""
"","0","SyncMeta carries cursor and timestamps[jvm]","","2026-07-31","passed","2026-07-31","","SyncMetaRepositorySpec[jvm]","com.georgeci.moneysurfer.sync.repository.SyncMetaRepositorySpec",""
"","23","an unknown key name is ignored and never mirrored[jvm]","","2026-07-31","passed","2026-07-31","","RemoteGlobalConfigSourceImplSpec[jvm]","com.georgeci.moneysurfer.appconfig.remote.RemoteGlobalConfigSourceImplSpec",""
"","4","a member who left keeps both the status and the moment[jvm]","","2026-07-31","passed","2026-07-31","","MembershipDtoMapperSpec[jvm]","com.georgeci.moneysurfer.data.sync.MembershipDtoMapperSpec",""
"","142","inserts account with USD and round-trips currency + balance[jvm]","","2026-07-31","passed","2026-07-31","","AccountCreationIntegrationIT[jvm]","com.georgeci.moneysurfer.integration.repository.AccountCreationIntegrationIT",""
"","23","a leaf category is flagged as such and lists no subcategories[jvm]","","2026-07-31","passed","2026-07-31","","CategoryDetailsViewModelTest[jvm]","com.georgeci.moneysurfer.feature.category.details.CategoryDetailsViewModelTest",""
"","9","a rule with no day sets reads back empty rather than as a blank day[jvm]","","2026-07-31","passed","2026-07-31","","RecurringRuleRepositoryImplJvmTest[jvm]","com.georgeci.moneysurfer.data.repository.RecurringRuleRepositoryImplJvmTest",""
"","7","setCursor preserves earlier markAttempt / markSuccess timestamps[jvm]","","2026-07-31","passed","2026-07-31","","SyncMetaRepositoryImplSpec[jvm]","com.georgeci.moneysurfer.data.sync.SyncMetaRepositoryImplSpec",""
"","2","PullingCollection defaults current and total to null[jvm]","","2026-07-31","passed","2026-07-31","","SyncStepSpec[jvm]","com.georgeci.moneysurfer.sync.api.SyncStepSpec",""
"","210","applying a launch decision roots the stack at it and reports it back[jvm]","","2026-07-31","passed","2026-07-31","","AppNavigatorTest[jvm]","com.georgeci.moneysurfer.navigation.AppNavigatorTest",""
"","50","the form's two plain navigation actions leave the state alone[jvm]","","2026-07-31","passed","2026-07-31","","TransactionCreationFormTest[jvm]","com.georgeci.moneysurfer.feature.transaction.creation.TransactionCreationFormTest",""
"","126","a section caption is rendered uppercase[jvm]","","2026-07-31","passed","2026-07-31","","SurferNavigationDrawerTest[jvm]","com.georgeci.moneysurfer.ui.SurferNavigationDrawerTest",""
"","4","the account picker returns an account id[jvm]","","2026-07-31","passed","2026-07-31","","NavigationResultKeysTest[jvm]","com.georgeci.moneysurfer.navigation.NavigationResultKeysTest",""
"","2","pop removes the top entry[jvm]","","2026-07-31","passed","2026-07-31","","AppNavigatorTest[jvm]","com.georgeci.moneysurfer.navigation.AppNavigatorTest",""
"","6","an off-palette hue snaps to the nearest tint instead of disappearing[jvm]","","2026-07-31","passed","2026-07-31","","CategoryPaletteParityTest[jvm]","com.georgeci.moneysurfer.feature.category.CategoryPaletteParityTest",""
"","10","take remote writes the remote value without reporting a conflict[jvm]","","2026-07-31","passed","2026-07-31","","ApplyResolutionSpec[jvm]","com.georgeci.moneysurfer.data.sync.plugin.ApplyResolutionSpec",""
"","1","a zero limit reads as no spend at all rather than dividing by it[jvm]","","2026-07-31","passed","2026-07-31","","SafeToSpendTest[jvm]","com.georgeci.moneysurfer.domain.model.SafeToSpendTest",""
"","47","at a phone width the cap is inert — content still spans the whole window[jvm]","","2026-07-31","passed","2026-07-31","","SurferContentContainerTest[jvm]","com.georgeci.moneysurfer.ui.SurferContentContainerTest",""
"","14","merchant, tags and recurringRuleId round-trip through the wire format[jvm]","","2026-07-31","passed","2026-07-31","","TransactionDtoMapperSpec[jvm]","com.georgeci.moneysurfer.data.sync.TransactionDtoMapperSpec",""
"","3","amount_minor at the domain cap is accepted[jvm]","","2026-07-31","passed","2026-07-31","","TransactionCsvCodecTest[jvm]","com.georgeci.moneysurfer.domain.csv.TransactionCsvCodecTest",""
"","1","a selection belonging to the other side is not carried into the grid[jvm]","","2026-07-31","passed","2026-07-31","","TransactionCreationMappingTest[jvm]","com.georgeci.moneysurfer.feature.transaction.creation.TransactionCreationMappingTest",""
"","1837","clicking submit and toggle emits the matching events[jvm]","","2026-07-31","passed","2026-07-31","","SignInScreenStateTest[jvm]","com.georgeci.moneysurfer.ui.SignInScreenStateTest",""
"","123","the burn-rate card draws its pace and projection, and says so when a budget judges them[jvm]","","2026-07-31","passed","2026-07-31","","DashboardScreenStateTest[jvm]","com.georgeci.moneysurfer.ui.DashboardScreenStateTest",""
"","41","paging forward again returns to the period the list opened on[jvm]","","2026-07-31","passed","2026-07-31","","TransactionsByAccountNavigationTest[jvm]","com.georgeci.moneysurfer.feature.transaction.list.TransactionsByAccountNavigationTest",""
"","0","iso=2025-01-31[jvm]","","2026-07-31","passed","2026-07-31","","TimeFormatterTest[jvm]","com.georgeci.moneysurfer.data.repository.TimeFormatterTest",""
"","13","manifest declaring a missing file surfaces MissingFile[jvm]","","2026-07-31","passed","2026-07-31","","BackupImporterImplJvmTest[jvm]","com.georgeci.moneysurfer.data.backup.BackupImporterImplJvmTest",""
"","4","a payload with no publication timestamp is refused[jvm]","","2026-07-31","passed","2026-07-31","","ExchangeRateApiTest[jvm]","com.georgeci.moneysurfer.data.remote.ExchangeRateApiTest",""
"","3","the all-categories budget is not coverage[jvm]","","2026-07-31","passed","2026-07-31","","CategoryCapCoverageTest[jvm]","com.georgeci.moneysurfer.domain.model.CategoryCapCoverageTest",""
"","7","an already-pushed setting is not queued again[jvm]","","2026-07-31","passed","2026-07-31","","SyncedSettingsSessionImplJvmTest[jvm]","com.georgeci.moneysurfer.data.config.SyncedSettingsSessionImplJvmTest",""
"","4","a budget naming exactly this category caps it[jvm]","","2026-07-31","passed","2026-07-31","","SpentByCategoryTest[jvm]","com.georgeci.moneysurfer.domain.model.SpentByCategoryTest",""
"","7","a negative balance is blocked for non-credit account types[jvm]","","2026-07-31","passed","2026-07-31","","InitialBalanceInputTest[jvm]","com.georgeci.moneysurfer.feature.account.creation.InitialBalanceInputTest",""
"","74","plain backups report isPassphraseProtected = false and import unchanged[jvm]","","2026-07-31","passed","2026-07-31","","BackupEncryptedRoundTripJvmTest[jvm]","com.georgeci.moneysurfer.data.backup.BackupEncryptedRoundTripJvmTest",""
"","28","opens on the month containing today[jvm]","","2026-07-31","passed","2026-07-31","","TransactionsByAccountPeriodTest[jvm]","com.georgeci.moneysurfer.feature.transaction.list.TransactionsByAccountPeriodTest",""
"","40","email user with blank password gets a field error instead of the dialog[jvm]","","2026-07-31","passed","2026-07-31","","DeleteUserAccountViewModelTest[jvm]","com.georgeci.moneysurfer.feature.settings.account.DeleteUserAccountViewModelTest",""
"","6","picking the style a widget already has is not written back[jvm]","","2026-07-31","passed","2026-07-31","","DashboardCustomizeViewModelTest[jvm]","com.georgeci.moneysurfer.feature.dashboard.customize.DashboardCustomizeViewModelTest",""
"","8","creating a goal in an unknown workspace is rejected[jvm]","","2026-07-31","passed","2026-07-31","","SavingsGoalUseCaseTest[jvm]","com.georgeci.moneysurfer.domain.usecase.SavingsGoalUseCaseTest",""
"","62","Undo restores the same row rather than an equal-looking new one[jvm]","","2026-07-31","passed","2026-07-31","","TransactionSoftDeleteIntegrationIT[jvm]","com.georgeci.moneysurfer.integration.repository.TransactionSoftDeleteIntegrationIT",""
"","271","the default seed follows the clock, so a second run is not a copy of the first[jvm]","","2026-07-31","passed","2026-07-31","","DemoDataBlueprintTest[jvm]","com.georgeci.moneysurfer.domain.debug.DemoDataBlueprintTest",""
"","12","an active account of the same name is reused rather than duplicated[jvm]","","2026-07-31","passed","2026-07-31","","DemoDataBlueprintTest[jvm]","com.georgeci.moneysurfer.domain.debug.DemoDataBlueprintTest",""
"","5","no-op when role unchanged[jvm]","","2026-07-31","passed","2026-07-31","","ChangeMemberRoleUseCaseTest[jvm]","com.georgeci.moneysurfer.domain.usecase.ChangeMemberRoleUseCaseTest",""
"","1","second pull passes the stored cursor to the reader[jvm]","","2026-07-31","passed","2026-07-31","","PullRemoteChangesUseCaseImplSpec[jvm]","com.georgeci.moneysurfer.data.sync.PullRemoteChangesUseCaseImplSpec",""
"","70","a failing first-run seed is logged and the route decision still happens[jvm]","","2026-07-31","passed","2026-07-31","","AppLaunchViewModelTest[jvm]","com.georgeci.moneysurfer.navigation.AppLaunchViewModelTest",""
"","15","create surfaces a repository failure instead of throwing[jvm]","","2026-07-31","passed","2026-07-31","","AccountWriteUseCasesTest[jvm]","com.georgeci.moneysurfer.domain.usecase.AccountWriteUseCasesTest",""
"","19","rejects a non-integer updatedAt","","2026-07-31","passed","2026-07-31","","users/{uid}/config/{key}","users/{uid}/config/{key} rejects a non-integer updatedAt",""
"","1","a share is the entry's fraction of the period total[jvm]","","2026-07-31","passed","2026-07-31","","SpentByCategoryTest[jvm]","com.georgeci.moneysurfer.domain.model.SpentByCategoryTest",""
"","913","picking a tile reports the whole card style, keeping the half that was not touched[jvm]","","2026-07-31","passed","2026-07-31","","DashboardCustomizeScreenStateTest[jvm]","com.georgeci.moneysurfer.ui.DashboardCustomizeScreenStateTest",""
"","36","a budget delete writes a tombstone once the document exists[jvm]","","2026-07-31","passed","2026-07-31","","BudgetAndRecurringRuleSyncPluginIT[jvm]","com.georgeci.moneysurfer.integration.plugin.BudgetAndRecurringRuleSyncPluginIT",""
"","119","editing the draft leaves the applied filters alone until Apply[jvm]","","2026-07-31","passed","2026-07-31","","TransactionFiltersViewModelTest[jvm]","com.georgeci.moneysurfer.feature.transaction.filters.TransactionFiltersViewModelTest",""
"","40","sender cannot append when list is already at cap (100)","","2026-07-31","passed","2026-07-31","","users/{uid} — invitedWorkspaceIds cross-user append","users/{uid} — invitedWorkspaceIds cross-user append sender cannot append when list is already at cap (100)",""
"","11","rejects when invite is expired[jvm]","","2026-07-31","passed","2026-07-31","","AcceptInviteUseCaseTest[jvm]","com.georgeci.moneysurfer.domain.usecase.AcceptInviteUseCaseTest",""
"","0","'42.123' (more than 2 cents)[jvm]","","2026-07-31","passed","2026-07-31","","AmountInputTransformationTest[jvm]","com.georgeci.moneysurfer.utils.AmountInputTransformationTest",""
"","28","rejects a poison update of an existing goal (target as string)","","2026-07-31","passed","2026-07-31","","savings goals (issue #244)","savings goals (issue #244) rejects a poison update of an existing goal (target as string)",""
"","45","the series is the week ending today, with the days the query skipped filled in[jvm]","","2026-07-31","passed","2026-07-31","","GetBurnRateUseCaseTest[jvm]","com.georgeci.moneysurfer.domain.usecase.GetBurnRateUseCaseTest",""
"","12","the user-scoped read is capped, so a grown collection cannot be pulled whole[jvm]","","2026-07-31","passed","2026-07-31","","PullRemoteChangesUseCaseImplSpec[jvm]","com.georgeci.moneysurfer.data.sync.PullRemoteChangesUseCaseImplSpec",""
"","1","empty history yields zero[jvm]","","2026-07-31","passed","2026-07-31","","RecalculateAccountBalanceUseCaseTest[jvm]","com.georgeci.moneysurfer.domain.usecase.RecalculateAccountBalanceUseCaseTest",""
"","22","back navigates back[jvm]","","2026-07-31","passed","2026-07-31","","AccountCreationViewModelTest[jvm]","com.georgeci.moneysurfer.feature.account.creation.AccountCreationViewModelTest",""
"","3","'.' -> '.'[jvm]","","2026-07-31","passed","2026-07-31","","AmountInputTransformationTest[jvm]","com.georgeci.moneysurfer.utils.AmountInputTransformationTest",""
"","31","the picked icon, colour and parent are persisted[jvm]","","2026-07-31","passed","2026-07-31","","CategoryCreationViewModelTest[jvm]","com.georgeci.moneysurfer.feature.category.creation.CategoryCreationViewModelTest",""
"","6","push without a Firebase session throws, so the drain requeues instead of dropping the row[jvm]","","2026-07-31","passed","2026-07-31","","UserConfigSyncPluginSpec[jvm]","com.georgeci.moneysurfer.data.sync.plugin.UserConfigSyncPluginSpec",""
"","29","anonymous login rolls the session back but keeps the provider session[jvm]","","2026-07-31","passed","2026-07-31","","AuthSessionRollbackTest[jvm]","com.georgeci.moneysurfer.domain.usecase.AuthSessionRollbackTest",""
"","5","a member who was removed keeps both the status and the moment[jvm]","","2026-07-31","passed","2026-07-31","","MembershipDtoMapperSpec[jvm]","com.georgeci.moneysurfer.data.sync.MembershipDtoMapperSpec",""
"","1","weekly window is the 7 days anchored on the start date's weekday[jvm]","","2026-07-31","passed","2026-07-31","","BudgetPeriodWindowTest[jvm]","com.georgeci.moneysurfer.domain.util.BudgetPeriodWindowTest",""
"","4","every tag in the cell is guarded on its own not just the first[jvm]","","2026-07-31","passed","2026-07-31","","TransactionCsvCodecTest[jvm]","com.georgeci.moneysurfer.domain.csv.TransactionCsvCodecTest",""
"","38","a cap with cents survives the round-trip through the field[jvm]","","2026-07-31","passed","2026-07-31","","CategoryCreationViewModelTest[jvm]","com.georgeci.moneysurfer.feature.category.creation.CategoryCreationViewModelTest",""
"","14","back is still a navigation side effect[jvm]","","2026-07-31","passed","2026-07-31","","PreferencesViewModelTest[jvm]","com.georgeci.moneysurfer.feature.settings.preferences.PreferencesViewModelTest",""
"","863","rows list every registered key with its winning layer[jvm]","","2026-07-31","passed","2026-07-31","","DebugConfigInspectorImplSpec[jvm]","com.georgeci.moneysurfer.appconfig.DebugConfigInspectorImplSpec",""
"","30","clearing the view model tears the startup work down without changing the decision[jvm]","","2026-07-31","passed","2026-07-31","","AppLaunchViewModelTest[jvm]","com.georgeci.moneysurfer.navigation.AppLaunchViewModelTest",""
"","43","cancelAllQueued cancels queued requests but keeps the running one[jvm]","","2026-07-31","passed","2026-07-31","","SyncCoordinatorImplBranchSpec[jvm]","com.georgeci.moneysurfer.sync.coordinator.SyncCoordinatorImplBranchSpec",""
"","5","cursor returns null when no row exists[jvm]","","2026-07-31","passed","2026-07-31","","SyncMetaRepositoryImplSpec[jvm]","com.georgeci.moneysurfer.sync.internal.repository.SyncMetaRepositoryImplSpec",""
"","4","SyncHandleStatus.Queued is singleton[jvm]","","2026-07-31","passed","2026-07-31","","SyncStateSpec[jvm]","com.georgeci.moneysurfer.sync.api.SyncStateSpec",""
"","1","'0,99' -> '0.99'[jvm]","","2026-07-31","passed","2026-07-31","","AmountInputTransformationTest[jvm]","com.georgeci.moneysurfer.utils.AmountInputTransformationTest",""
"","32","rejects a budget whose rollover flag is a string","","2026-07-31","passed","2026-07-31","","entity write-shape validation (issue #156)","entity write-shape validation (issue #156) rejects a budget whose rollover flag is a string",""
"","300","a declared key resolves to its typed value[jvm]","","2026-07-31","passed","2026-07-31","","BuildConfigSourceSpec[jvm]","com.georgeci.moneysurfer.appconfig.BuildConfigSourceSpec",""
"","1","'0.' -> '0.'[jvm]","","2026-07-31","passed","2026-07-31","","AmountInputTransformationTest[jvm]","com.georgeci.moneysurfer.utils.AmountInputTransformationTest",""
"","8","widths at or above the Large bound are Large[jvm]","","2026-07-31","passed","2026-07-31","","SurferWindowSizeTest[jvm]","com.georgeci.moneysurfer.uikit.window.SurferWindowSizeTest",""
"","102","an unconfigured real-project run names the missing variable[jvm]","","2026-07-31","passed","2026-07-31","","DesktopFirebaseOptionsJvmTest[jvm]","com.georgeci.moneysurfer.data.remote.DesktopFirebaseOptionsJvmTest",""
"","28","a flag removed from the document stops being served[jvm]","","2026-07-31","passed","2026-07-31","","RemoteGlobalConfigSourceImplSpec[jvm]","com.georgeci.moneysurfer.appconfig.remote.RemoteGlobalConfigSourceImplSpec",""
"","7","setCursor stores Instant — cursor returns the same value back[jvm]","","2026-07-31","passed","2026-07-31","","SyncMetaRepositoryImplSpec[jvm]","com.georgeci.moneysurfer.data.sync.SyncMetaRepositoryImplSpec",""
"","235","tapping a row asks for that row's picker[jvm]","","2026-07-31","passed","2026-07-31","","PreferencesScreenStateTest[jvm]","com.georgeci.moneysurfer.ui.PreferencesScreenStateTest",""
"","53","signed-in user can read a userEmails doc by exact key","","2026-07-31","passed","2026-07-31","","userEmails/{email}","userEmails/{email} signed-in user can read a userEmails doc by exact key",""
"","76","same-currency transfer creates two legs sharing transferId, EXPENSE on source and INCOME on destination[jvm]","","2026-07-31","passed","2026-07-31","","TransferCreationIntegrationIT[jvm]","com.georgeci.moneysurfer.integration.repository.TransferCreationIntegrationIT",""
"","5","a percentage jump on pocket change is filtered out, the one beside it is not[jvm]","","2026-07-31","passed","2026-07-31","","InsightRulesTest[jvm]","com.georgeci.moneysurfer.domain.insight.InsightRulesTest",""
"","1","a half-typed amount is taken at face value while the user keeps typing[jvm]","","2026-07-31","passed","2026-07-31","","TransactionCreationSplitEditingTest[jvm]","com.georgeci.moneysurfer.feature.transaction.creation.TransactionCreationSplitEditingTest",""
"","33","a 1360 dp desktop window at 2x density reports Large[jvm]","","2026-07-31","passed","2026-07-31","","SurferWindowSizeCompositionTest[jvm]","com.georgeci.moneysurfer.ui.SurferWindowSizeCompositionTest",""
"","54","invites are the exception: a targetUserId-filtered query succeeds and comes back empty","","2026-07-31","passed","2026-07-31","","dangling users/{uid}.workspaceIds refs","dangling users/{uid}.workspaceIds refs invites are the exception: a targetUserId-filtered query succeeds and comes back empty",""
"","49","recentTransactionsEmpty is true when only an opening-balance transaction exists[jvm]","","2026-07-31","passed","2026-07-31","","DashboardViewModelTest[jvm]","com.georgeci.moneysurfer.feature.dashboard.DashboardViewModelTest",""
"","6","magic constant is stable (backup format compatibility)[jvm]","","2026-07-31","passed","2026-07-31","","EncryptedBackupCodecTest[jvm]","com.georgeci.moneysurfer.data.backup.EncryptedBackupCodecTest",""
"","1","legs left uncategorized count as one category between them[jvm]","","2026-07-31","passed","2026-07-31","","TransactionSplitGroupTest[jvm]","com.georgeci.moneysurfer.domain.model.TransactionSplitGroupTest",""
"","1","only the pre-#260 layout is missing the fields #260 added[jvm]","","2026-07-31","passed","2026-07-31","","TransactionCsvCodecTest[jvm]","com.georgeci.moneysurfer.domain.csv.TransactionCsvCodecTest",""
"","15","tapping Undo on the archive snackbar restores the account[jvm]","","2026-07-31","passed","2026-07-31","","AccountsManageViewModelTest[jvm]","com.georgeci.moneysurfer.feature.account.manage.AccountsManageViewModelTest",""
"","12","income contributes +amount on its account[jvm]","","2026-07-31","passed","2026-07-31","","BalanceImpactTest[jvm]","com.georgeci.moneysurfer.domain.model.BalanceImpactTest",""
"","6","the user-scoped phase runs for a workspace-scoped sync too[jvm]","","2026-07-31","passed","2026-07-31","","PullRemoteChangesUseCaseImplSpec[jvm]","com.georgeci.moneysurfer.data.sync.PullRemoteChangesUseCaseImplSpec",""
"","18","merchant, tags and recurringRuleId survive a write/read cycle[jvm]","","2026-07-31","passed","2026-07-31","","TransactionDetailFieldsIntegrationIT[jvm]","com.georgeci.moneysurfer.integration.repository.TransactionDetailFieldsIntegrationIT",""
"","2","descendantsOf walks the whole subtree[jvm]","","2026-07-31","passed","2026-07-31","","CategoryTreeTest[jvm]","com.georgeci.moneysurfer.domain.model.CategoryTreeTest",""
"","20","update applies the edit to the stored row and leaves the rest alone[jvm]","","2026-07-31","passed","2026-07-31","","AccountWriteUseCasesTest[jvm]","com.georgeci.moneysurfer.domain.usecase.AccountWriteUseCasesTest",""
"","5","markLeft soft-deletes: status LEFT, leftAt set, enqueues UPDATE[jvm]","","2026-07-31","passed","2026-07-31","","WorkspaceMemberRepositoryDualWriteSpec[jvm]","com.georgeci.moneysurfer.data.repository.WorkspaceMemberRepositoryDualWriteSpec",""
"","1","the largest general monthly budget sets the cap[jvm]","","2026-07-31","passed","2026-07-31","","BurnRateTest[jvm]","com.georgeci.moneysurfer.domain.model.BurnRateTest",""
"","4","ignores licenses the export does not describe[jvm]","","2026-07-31","passed","2026-07-31","","ParseOssLibrariesTest[jvm]","com.georgeci.moneysurfer.feature.settings.about.licenses.ParseOssLibrariesTest",""
"","1217","a remoteOverridable flag is mirrored and served[jvm]","","2026-07-31","passed","2026-07-31","","RemoteGlobalConfigSourceImplSpec[jvm]","com.georgeci.moneysurfer.appconfig.remote.RemoteGlobalConfigSourceImplSpec",""
"","37","with no budget the projection still emits, without a verdict on it[jvm]","","2026-07-31","passed","2026-07-31","","GetBurnRateUseCaseTest[jvm]","com.georgeci.moneysurfer.domain.usecase.GetBurnRateUseCaseTest",""
"","84","the message under a field starts at the field's own left edge[jvm]","","2026-07-31","passed","2026-07-31","","SurferFormFieldTest[jvm]","com.georgeci.moneysurfer.ui.SurferFormFieldTest",""
"","17","user can write their own email mapping","","2026-07-31","passed","2026-07-31","","userEmails/{email}","userEmails/{email} user can write their own email mapping",""
"","1","the pace tick is the share of the window already behind us, today excluded[jvm]","","2026-07-31","passed","2026-07-31","","SafeToSpendTest[jvm]","com.georgeci.moneysurfer.domain.model.SafeToSpendTest",""
"","195","the currency pill resolves the stored code against the catalogue[jvm]","","2026-07-31","passed","2026-07-31","","PreferencesScreenStateTest[jvm]","com.georgeci.moneysurfer.ui.PreferencesScreenStateTest",""
"","1","trims name and description before insert[jvm]","","2026-07-31","passed","2026-07-31","","CreateWorkspaceUseCaseTest[jvm]","com.georgeci.moneysurfer.domain.usecase.CreateWorkspaceUseCaseTest",""
"","39","deleting one leg of a transfer removes both and the undo brings both balances back[jvm]","","2026-07-31","passed","2026-07-31","","DeleteUndoIntegrationIT[jvm]","com.georgeci.moneysurfer.integration.repository.DeleteUndoIntegrationIT",""
"","38","clearing an entry clears its view models[jvm]","","2026-07-31","passed","2026-07-31","","NavEntryViewModelStoreHolderTest[jvm]","com.georgeci.moneysurfer.navigation.util.NavEntryViewModelStoreHolderTest",""
"","15","searching an amount tolerates the cents the user did not type[jvm]","","2026-07-31","passed","2026-07-31","","TransactionsByAccountFilteringTest[jvm]","com.georgeci.moneysurfer.feature.transaction.list.TransactionsByAccountFilteringTest",""
"","22","a goal pointing at an account this device does not have keeps everything but the pointer[jvm]","","2026-07-31","passed","2026-07-31","","GoalSyncPluginIT[jvm]","com.georgeci.moneysurfer.integration.plugin.GoalSyncPluginIT",""
"","0","the default is drawn from the catalogue, never invented[jvm]","","2026-07-31","passed","2026-07-31","","CategoryAppearanceTest[jvm]","com.georgeci.moneysurfer.domain.model.CategoryAppearanceTest",""
"","15","returns NoCurrentUser error when no current user[jvm]","","2026-07-31","passed","2026-07-31","","CreateWorkspaceUseCaseTest[jvm]","com.georgeci.moneysurfer.domain.usecase.CreateWorkspaceUseCaseTest",""
"","245","no error state renders no error text[jvm]","","2026-07-31","passed","2026-07-31","","SignInScreenStateTest[jvm]","com.georgeci.moneysurfer.ui.SignInScreenStateTest",""
"","162","oversized manifest entry is rejected before parsing[jvm]","","2026-07-31","passed","2026-07-31","","BackupImporterImplJvmTest[jvm]","com.georgeci.moneysurfer.data.backup.BackupImporterImplJvmTest",""
"","272","extra details round-trip through the wire format, order included[jvm]","","2026-07-31","passed","2026-07-31","","AccountDtoMapperSpec[jvm]","com.georgeci.moneysurfer.data.sync.AccountDtoMapperSpec",""
"","6","a named idle form can save but a loading form cannot[jvm]","","2026-07-31","passed","2026-07-31","","CategoryCreationStateTest[jvm]","com.georgeci.moneysurfer.feature.category.creation.CategoryCreationStateTest",""
"","4","the default category is the most used one of the type, or none at all[jvm]","","2026-07-31","passed","2026-07-31","","TransactionCreationMappingTest[jvm]","com.georgeci.moneysurfer.feature.transaction.creation.TransactionCreationMappingTest",""
"","22","OnSubcategoryClick drills into the child rather than replacing this screen[jvm]","","2026-07-31","passed","2026-07-31","","CategoryDetailsViewModelTest[jvm]","com.georgeci.moneysurfer.feature.category.details.CategoryDetailsViewModelTest",""
"","7","defaultWorkspaceId that did not hydrate falls back to one that did[jvm]","","2026-07-31","passed","2026-07-31","","PostAuthBootstrapUseCaseTest[jvm]","com.georgeci.moneysurfer.domain.usecase.PostAuthBootstrapUseCaseTest",""
"","1","equals and hashCode treat identical fields as equal[jvm]","","2026-07-31","passed","2026-07-31","","PendingMutationSpec[jvm]","com.georgeci.moneysurfer.sync.repository.PendingMutationSpec",""
"","26","a second Undo is a no-op rather than a second refund[jvm]","","2026-07-31","passed","2026-07-31","","TransactionSoftDeleteIntegrationIT[jvm]","com.georgeci.moneysurfer.integration.repository.TransactionSoftDeleteIntegrationIT",""
"","1","a window with no days in it reads as fully elapsed, never as a division by zero[jvm]","","2026-07-31","passed","2026-07-31","","SafeToSpendTest[jvm]","com.georgeci.moneysurfer.domain.model.SafeToSpendTest",""
"","18","an emoji-led name keeps its whole glyph in the avatar bubble[jvm]","","2026-07-31","passed","2026-07-31","","DashboardViewModelTest[jvm]","com.georgeci.moneysurfer.feature.dashboard.DashboardViewModelTest",""
"","42","a truncated row inside a pre-#260 file is still rejected[jvm]","","2026-07-31","passed","2026-07-31","","ExportImportTransactionsUseCaseTest[jvm]","com.georgeci.moneysurfer.domain.csv.ExportImportTransactionsUseCaseTest",""
"","13","switching a widget off drops it from the dashboard and persists the layout[jvm]","","2026-07-31","passed","2026-07-31","","DashboardCustomizeViewModelTest[jvm]","com.georgeci.moneysurfer.feature.dashboard.customize.DashboardCustomizeViewModelTest",""
"","20","create blocked when clientVersionCode missing","","2026-07-31","passed","2026-07-31","","workspaces/{wid}","workspaces/{wid} create blocked when clientVersionCode missing",""
"","213","the pager states the month and its year[jvm]","","2026-07-31","passed","2026-07-31","","InsightsScreenTest[jvm]","com.georgeci.moneysurfer.ui.InsightsScreenTest",""
"","21","an absent document clears the mirror[jvm]","","2026-07-31","passed","2026-07-31","","RemoteGlobalConfigSourceImplSpec[jvm]","com.georgeci.moneysurfer.appconfig.remote.RemoteGlobalConfigSourceImplSpec",""
"","25","a tombstoned workspace is left in Room rather than dropped[jvm]","","2026-07-31","passed","2026-07-31","","WorkspaceTreeSyncPluginIT[jvm]","com.georgeci.moneysurfer.integration.plugin.WorkspaceTreeSyncPluginIT",""
"","15","the trailing line always carries what is left of the amount[jvm]","","2026-07-31","passed","2026-07-31","","TransactionCreationSplitTest[jvm]","com.georgeci.moneysurfer.feature.transaction.creation.TransactionCreationSplitTest",""
"","5","typing into a line touches only that line[jvm]","","2026-07-31","passed","2026-07-31","","TransactionCreationSplitEditingTest[jvm]","com.georgeci.moneysurfer.feature.transaction.creation.TransactionCreationSplitEditingTest",""
"","31","an installed reporter receives logged errors[jvm]","","2026-07-31","passed","2026-07-31","","CrashReportingTest[jvm]","com.georgeci.moneysurfer.domain.telemetry.CrashReportingTest",""
"","9","back navigates back[jvm]","","2026-07-31","passed","2026-07-31","","WorkspaceCreationViewModelTest[jvm]","com.georgeci.moneysurfer.feature.workspace.creation.WorkspaceCreationViewModelTest",""
"","150","a row with no override of its own has nothing to clear[jvm]","","2026-07-31","passed","2026-07-31","","DebugConfigScreenStateTest[jvm]","com.georgeci.moneysurfer.ui.DebugConfigScreenStateTest",""
"","49","resolution takes the first non-absent layer[jvm]","","2026-07-31","passed","2026-07-31","","LayeredConfigSpec[jvm]","com.georgeci.moneysurfer.appconfig.LayeredConfigSpec",""
"","3","every input category comes out exactly once, whatever shape it is in[jvm]","","2026-07-31","passed","2026-07-31","","CategoryTreeTest[jvm]","com.georgeci.moneysurfer.domain.model.CategoryTreeTest",""
"","5","null category transfer and recurring rule ids round-trip as empty fields[jvm]","","2026-07-31","passed","2026-07-31","","TransactionCsvCodecTest[jvm]","com.georgeci.moneysurfer.domain.csv.TransactionCsvCodecTest",""
"","178","the dummy emulator API key keeps the format FirebaseInstallations demands[jvm]","","2026-07-31","passed","2026-07-31","","DesktopFirebaseOptionsJvmTest[jvm]","com.georgeci.moneysurfer.data.remote.DesktopFirebaseOptionsJvmTest",""
"","187","the reset-cursors row asks before clearing anything[jvm]","","2026-07-31","passed","2026-07-31","","SyncScreenStateTest[jvm]","com.georgeci.moneysurfer.ui.SyncScreenStateTest",""
"","21","switching workspace re-emits the footer[jvm]","","2026-07-31","passed","2026-07-31","","AppShellViewModelTest[jvm]","com.georgeci.moneysurfer.navigation.AppShellViewModelTest",""
"","24","the currency picker is fed from the catalogue, and the pill resolves against it[jvm]","","2026-07-31","passed","2026-07-31","","PreferencesViewModelTest[jvm]","com.georgeci.moneysurfer.feature.settings.preferences.PreferencesViewModelTest",""
"","220","Apply carries the live count of what the list will show[jvm]","","2026-07-31","passed","2026-07-31","","TransactionFiltersScreenStateTest[jvm]","com.georgeci.moneysurfer.ui.TransactionFiltersScreenStateTest",""
"","286","the hero donut legend keeps five rows and the compact one three[jvm]","","2026-07-31","passed","2026-07-31","","DashboardScreenStateTest[jvm]","com.georgeci.moneysurfer.ui.DashboardScreenStateTest",""
"","1","searching for a parent does not expose unrelated children[jvm]","","2026-07-31","passed","2026-07-31","","CategoryPickerRowsTest[jvm]","com.georgeci.moneysurfer.feature.category.picker.CategoryPickerRowsTest",""
"","3","StorageError preserves cause and is not retryable[jvm]","","2026-07-31","passed","2026-07-31","","SyncErrorSpec[jvm]","com.georgeci.moneysurfer.sync.api.SyncErrorSpec",""
"","13","OnRestoreAccountClick moves an archived account back to active[jvm]","","2026-07-31","passed","2026-07-31","","AccountsManageViewModelTest[jvm]","com.georgeci.moneysurfer.feature.account.manage.AccountsManageViewModelTest",""
"","7","the general budget is the envelope above per-category caps, not a cap on each of them[jvm]","","2026-07-31","passed","2026-07-31","","SpentByCategoryTest[jvm]","com.georgeci.moneysurfer.domain.model.SpentByCategoryTest",""
"","25","a budget with no categories means every expense category, not a phantom one[jvm]","","2026-07-31","passed","2026-07-31","","BudgetRepositoryImplJvmTest[jvm]","com.georgeci.moneysurfer.data.repository.BudgetRepositoryImplJvmTest",""
"","70","details round-trip through the column, order included[jvm]","","2026-07-31","passed","2026-07-31","","AccountExtraDetailsColumnTest[jvm]","com.georgeci.moneysurfer.data.db.entity.AccountExtraDetailsColumnTest",""
"","29","user cannot create a document under another uid","","2026-07-31","passed","2026-07-31","","users/{uid}","users/{uid} user cannot create a document under another uid",""
"","25","editing saves the changed icon, colour and parent back onto the existing category[jvm]","","2026-07-31","passed","2026-07-31","","CategoryCreationViewModelTest[jvm]","com.georgeci.moneysurfer.feature.category.creation.CategoryCreationViewModelTest",""
"","185","a deleted transaction leaves every read path, and Undo puts it back in all of them[jvm]","","2026-07-31","passed","2026-07-31","","TransactionSoftDeleteIntegrationIT[jvm]","com.georgeci.moneysurfer.integration.repository.TransactionSoftDeleteIntegrationIT",""
"","8","thrown Throwable from upload becomes SyncError.Unknown[jvm]","","2026-07-31","passed","2026-07-31","","SyncCoordinatorImplBranchSpec[jvm]","com.georgeci.moneysurfer.sync.coordinator.SyncCoordinatorImplBranchSpec",""
"","6","a transaction that is already gone leaves the screen loading rather than drawing a blank one[jvm]","","2026-07-31","passed","2026-07-31","","TransactionDetailsViewModelTest[jvm]","com.georgeci.moneysurfer.feature.transaction.details.TransactionDetailsViewModelTest",""
"","103","copy with override[jvm]","","2026-07-31","passed","2026-07-31","","PendingMutationSpec[jvm]","com.georgeci.moneysurfer.sync.repository.PendingMutationSpec",""
"","3","Supported app version lets the sync run normally[jvm]","","2026-07-31","passed","2026-07-31","","SyncCoordinatorImplSpec[jvm]","com.georgeci.moneysurfer.sync.coordinator.SyncCoordinatorImplSpec",""
"","3","surfaces remote lookup failure as RemoteSyncFailed[jvm]","","2026-07-31","passed","2026-07-31","","SendInviteUseCaseTest[jvm]","com.georgeci.moneysurfer.domain.usecase.SendInviteUseCaseTest",""
"","97","a release build refuses to open a database it has no migration path to[jvm]","","2026-07-31","passed","2026-07-31","","DatabaseBuilderSpec[jvm]","com.georgeci.moneysurfer.data.db.DatabaseBuilderSpec",""
"","2","ProjectionSummary copy preserves equality semantics[jvm]","","2026-07-31","passed","2026-07-31","","ProjectionSpec[jvm]","com.georgeci.moneysurfer.sync.projection.ProjectionSpec",""
"","4","offline state hides the Members row action[jvm]","","2026-07-31","passed","2026-07-31","","WorkspaceSelectorStateOfflineTest[jvm]","com.georgeci.moneysurfer.feature.workspace.selector.WorkspaceSelectorStateOfflineTest",""
"","6","a 31st rule lands on the last day of a short month[jvm]","","2026-07-31","passed","2026-07-31","","UpcomingRecurringTest[jvm]","com.georgeci.moneysurfer.domain.model.UpcomingRecurringTest",""
"","32","user can delete the mapping pointing at their own uid","","2026-07-31","passed","2026-07-31","","userEmails/{email}","userEmails/{email} user can delete the mapping pointing at their own uid",""
"","22","rejects a missing clientVersionCode","","2026-07-31","passed","2026-07-31","","users/{uid}/config/{key}","users/{uid}/config/{key} rejects a missing clientVersionCode",""
"","139","the breakdown, the trend and the merchants all answer for the opened period[jvm]","","2026-07-31","passed","2026-07-31","","InsightsViewModelTest[jvm]","com.georgeci.moneysurfer.feature.insights.InsightsViewModelTest",""
"","9","normalizing keeps the stored style of a widget it re-appends nothing for[jvm]","","2026-07-31","passed","2026-07-31","","DashboardLayoutConfigTest[jvm]","com.georgeci.moneysurfer.domain.dashboard.DashboardLayoutConfigTest",""
"","11","normalize trims both halves and collapses whitespace runs in the key[jvm]","","2026-07-31","passed","2026-07-31","","AccountExtraDetailsTest[jvm]","com.georgeci.moneysurfer.domain.model.AccountExtraDetailsTest",""
"","151","the account is named on a row only where the list mixes several[jvm]","","2026-07-31","passed","2026-07-31","","TransactionsListScreenStateTest[jvm]","com.georgeci.moneysurfer.ui.TransactionsListScreenStateTest",""
"","5","setCursor inserts a fresh row when none exists[jvm]","","2026-07-31","passed","2026-07-31","","SyncMetaRepositoryImplSpec[jvm]","com.georgeci.moneysurfer.sync.internal.repository.SyncMetaRepositoryImplSpec",""
"","78","with no budget the spent-this-month card says so rather than inventing a limit[jvm]","","2026-07-31","passed","2026-07-31","","DashboardScreenStateTest[jvm]","com.georgeci.moneysurfer.ui.DashboardScreenStateTest",""
"","3","stamps targetUserId from userEmails mapping[jvm]","","2026-07-31","passed","2026-07-31","","SendInviteUseCaseTest[jvm]","com.georgeci.moneysurfer.domain.usecase.SendInviteUseCaseTest",""
"","3","normalizing drops duplicate entries for the same widget, keeping the first[jvm]","","2026-07-31","passed","2026-07-31","","DashboardLayoutConfigTest[jvm]","com.georgeci.moneysurfer.domain.dashboard.DashboardLayoutConfigTest",""
"","38","update blocked when clientVersionCode is missing on the resulting doc","","2026-07-31","passed","2026-07-31","","invites — update / delete","invites — update / delete update blocked when clientVersionCode is missing on the resulting doc",""
"","9","an account without extra details reports an empty list rather than a blank section[jvm]","","2026-07-31","passed","2026-07-31","","AccountDetailsViewModelTest[jvm]","com.georgeci.moneysurfer.feature.account.details.AccountDetailsViewModelTest",""
"","22","a receipt's legs render as one row carrying the whole payment[jvm]","","2026-07-31","passed","2026-07-31","","TransactionsListSplitTest[jvm]","com.georgeci.moneysurfer.feature.transaction.list.TransactionsListSplitTest",""
"","88","getting the phantom workspace is DENIED, not an empty snapshot","","2026-07-31","passed","2026-07-31","","dangling users/{uid}.workspaceIds refs","dangling users/{uid}.workspaceIds refs getting the phantom workspace is DENIED, not an empty snapshot",""
"","901","the balance sheet offers every treatment the widget can draw[jvm]","","2026-07-31","passed","2026-07-31","","DashboardCustomizeScreenStateTest[jvm]","com.georgeci.moneysurfer.ui.DashboardCustomizeScreenStateTest",""
"","37","rejects an account whose boolean archived flag is a string","","2026-07-31","passed","2026-07-31","","entity write-shape validation (issue #156)","entity write-shape validation (issue #156) rejects an account whose boolean archived flag is a string",""
"","23","a customised layout survives a round trip[jvm]","","2026-07-31","passed","2026-07-31","","DashboardLayoutCodecTest[jvm]","com.georgeci.moneysurfer.data.preferences.DashboardLayoutCodecTest",""
"","23","owner can create a member row for someone else (no invite reference needed)","","2026-07-31","passed","2026-07-31","","workspaces/{wid}/members/{uid}","workspaces/{wid}/members/{uid} owner can create a member row for someone else (no invite reference needed)",""
"","26","children are listed directly under their parent, one level deep[jvm]","","2026-07-31","passed","2026-07-31","","CategoriesManageViewModelTest[jvm]","com.georgeci.moneysurfer.feature.category.manage.CategoriesManageViewModelTest",""
"","15","a failed write leaves the held value in place rather than dropping to the default[jvm]","","2026-07-31","passed","2026-07-31","","LayeredConfigSpec[jvm]","com.georgeci.moneysurfer.appconfig.LayeredConfigSpec",""
"","1","a widget dragged across sections keeps its span[jvm]","","2026-07-31","passed","2026-07-31","","DashboardLayoutConfigTest[jvm]","com.georgeci.moneysurfer.domain.dashboard.DashboardLayoutConfigTest",""
"","0","'00' (double leading zero)[jvm]","","2026-07-31","passed","2026-07-31","","AmountInputTransformationTest[jvm]","com.georgeci.moneysurfer.utils.AmountInputTransformationTest",""
"","29","sums every currency into the base once rates cover them[jvm]","","2026-07-31","passed","2026-07-31","","ConvertAccountsTotalUseCaseTest[jvm]","com.georgeci.moneysurfer.domain.usecase.ConvertAccountsTotalUseCaseTest",""
"","5","a hand-edited tag cell is re-normalised on the way in[jvm]","","2026-07-31","passed","2026-07-31","","TransactionCsvCodecTest[jvm]","com.georgeci.moneysurfer.domain.csv.TransactionCsvCodecTest",""
"","6","a layout written before spans existed reads as full width, not as a dropped widget[jvm]","","2026-07-31","passed","2026-07-31","","DashboardLayoutCodecTest[jvm]","com.georgeci.moneysurfer.data.preferences.DashboardLayoutCodecTest",""
"","1","rejects when a PENDING invite for the email already exists[jvm]","","2026-07-31","passed","2026-07-31","","SendInviteUseCaseTest[jvm]","com.georgeci.moneysurfer.domain.usecase.SendInviteUseCaseTest",""
"","28","recurring-only and planned-only read the domain fields they name[jvm]","","2026-07-31","passed","2026-07-31","","TransactionsByAccountFilteringTest[jvm]","com.georgeci.moneysurfer.feature.transaction.list.TransactionsByAccountFilteringTest",""
"","166","the month delta is what this month netted, signed and formatted[jvm]","","2026-07-31","passed","2026-07-31","","DashboardBalanceViewModelTest[jvm]","com.georgeci.moneysurfer.feature.dashboard.DashboardBalanceViewModelTest",""
"","35","archiving stamps archivedAt and restoring clears it[jvm]","","2026-07-31","passed","2026-07-31","","AccountCreationIntegrationIT[jvm]","com.georgeci.moneysurfer.integration.repository.AccountCreationIntegrationIT",""
"","130","the base-currency filter is named as the reason, and nothing else is drawn[jvm]","","2026-07-31","passed","2026-07-31","","InsightsScreenTest[jvm]","com.georgeci.moneysurfer.ui.InsightsScreenTest",""
"","14","picking categories narrows the budget, and All categories clears it again[jvm]","","2026-07-31","passed","2026-07-31","","BudgetEditViewModelTest[jvm]","com.georgeci.moneysurfer.feature.budget.edit.BudgetEditViewModelTest",""
"","9","a multi-pop removes exactly that many entries[jvm]","","2026-07-31","passed","2026-07-31","","AppNavigatorTest[jvm]","com.georgeci.moneysurfer.navigation.AppNavigatorTest",""
"","37","format RUB with US locale[jvm]","","2026-07-31","passed","2026-07-31","","MoneyFormatterTest[jvm]","com.georgeci.moneysurfer.domain.MoneyFormatterTest",""
"","61","a layer that cannot be hydrated degrades instead of taking startup down[jvm]","","2026-07-31","passed","2026-07-31","","LayeredConfigSpec[jvm]","com.georgeci.moneysurfer.appconfig.LayeredConfigSpec",""
"","0","Legal[jvm]","","2026-07-31","passed","2026-07-31","","RouteSerializationTest[jvm]","com.georgeci.moneysurfer.navigation.RouteSerializationTest",""
"","15","rejects when invite email does not match the current user[jvm]","","2026-07-31","passed","2026-07-31","","AcceptInviteUseCaseTest[jvm]","com.georgeci.moneysurfer.domain.usecase.AcceptInviteUseCaseTest",""
"","10","still pins workspace and succeeds when addWorkspaceRef throws[jvm]","","2026-07-31","passed","2026-07-31","","CreateWorkspaceUseCaseTest[jvm]","com.georgeci.moneysurfer.domain.usecase.CreateWorkspaceUseCaseTest",""
"","4","a note starting with a formula trigger is neutralised on encode[jvm]","","2026-07-31","passed","2026-07-31","","TransactionCsvCodecTest[jvm]","com.georgeci.moneysurfer.domain.csv.TransactionCsvCodecTest",""
"","51","a single-category budget reaches the row it caps as a formatted limit and a status[jvm]","","2026-07-31","passed","2026-07-31","","DashboardSpentByCategoryViewModelTest[jvm]","com.georgeci.moneysurfer.feature.dashboard.DashboardSpentByCategoryViewModelTest",""
"","1112","duplicating prefills the fields but saves a brand-new transaction[jvm]","","2026-07-31","passed","2026-07-31","","TransactionCreationEditTest[jvm]","com.georgeci.moneysurfer.feature.transaction.creation.TransactionCreationEditTest",""
"","11","save is disabled while the amount is empty[jvm]","","2026-07-31","passed","2026-07-31","","GoalContributionViewModelTest[jvm]","com.georgeci.moneysurfer.feature.goal.contribution.GoalContributionViewModelTest",""
"","13","empty invalid zero and negative caps mean no category cap[jvm]","","2026-07-31","passed","2026-07-31","","CategoryCreationStateTest[jvm]","com.georgeci.moneysurfer.feature.category.creation.CategoryCreationStateTest",""
"","18","an extra field resolves only canonical well-known key spellings[jvm]","","2026-07-31","passed","2026-07-31","","AccountCreationStateTest[jvm]","com.georgeci.moneysurfer.feature.account.creation.AccountCreationStateTest",""
"","0","iso=2026-05-05[jvm]","","2026-07-31","passed","2026-07-31","","TimeFormatterTest[jvm]","com.georgeci.moneysurfer.data.repository.TimeFormatterTest",""
"","25","boolean codec round-trips and accepts either case[jvm]","","2026-07-31","passed","2026-07-31","","ConfigCodecSpec[jvm]","com.georgeci.moneysurfer.appconfig.ConfigCodecSpec",""
"","31","subcollections of the phantom workspace are denied too","","2026-07-31","passed","2026-07-31","","dangling users/{uid}.workspaceIds refs","dangling users/{uid}.workspaceIds refs subcollections of the phantom workspace are denied too",""
"","16","hydrate does not wait on an in-flight write[jvm]","","2026-07-31","passed","2026-07-31","","PreferencesMirrorJvmTest[jvm]","com.georgeci.moneysurfer.data.config.PreferencesMirrorJvmTest",""
"","0","CategoryCreation[jvm]","","2026-07-31","passed","2026-07-31","","RouteSerializationTest[jvm]","com.georgeci.moneysurfer.navigation.RouteSerializationTest",""
"","17","reset clears the draft's filters but keeps the search the list is showing[jvm]","","2026-07-31","passed","2026-07-31","","TransactionFiltersViewModelTest[jvm]","com.georgeci.moneysurfer.feature.transaction.filters.TransactionFiltersViewModelTest",""
"","3","editing a field clears the pending error[jvm]","","2026-07-31","passed","2026-07-31","","SignInViewModelTest[jvm]","com.georgeci.moneysurfer.feature.login.SignInViewModelTest",""
"","21","returns the decoded value when the document is well-formed[jvm]","","2026-07-31","passed","2026-07-31","","DecodeOrNullSpec[jvm]","com.georgeci.moneysurfer.data.sync.plugin.DecodeOrNullSpec",""
"","42","a contribution whose goal is here is applied[jvm]","","2026-07-31","passed","2026-07-31","","GoalSyncPluginIT[jvm]","com.georgeci.moneysurfer.integration.plugin.GoalSyncPluginIT",""
"","1","actual → planned unwinds full impact[jvm]","","2026-07-31","passed","2026-07-31","","CalculateBalanceDeltaTest[jvm]","com.georgeci.moneysurfer.domain.model.CalculateBalanceDeltaTest",""
"","2","enqueueDelete pushes a DELETE mutation[jvm]","","2026-07-31","passed","2026-07-31","","OutboxEnqueuerImplSpec[jvm]","com.georgeci.moneysurfer.sync.repository.OutboxEnqueuerImplSpec",""
"","17","save EXPENSE shows a created snackbar[jvm]","","2026-07-31","passed","2026-07-31","","TransactionCreationSaveTest[jvm]","com.georgeci.moneysurfer.feature.transaction.creation.TransactionCreationSaveTest",""
"","10","a zero amount blocks save and exposes an inline error[jvm]","","2026-07-31","passed","2026-07-31","","TransactionCreationSaveTest[jvm]","com.georgeci.moneysurfer.feature.transaction.creation.TransactionCreationSaveTest",""
"","11","a picker opens on tap and closes on the pick[jvm]","","2026-07-31","passed","2026-07-31","","PreferencesViewModelTest[jvm]","com.georgeci.moneysurfer.feature.settings.preferences.PreferencesViewModelTest",""
"","3","a budget naming only this category becomes the backing budget[jvm]","","2026-07-31","passed","2026-07-31","","CategoryCapCoverageTest[jvm]","com.georgeci.moneysurfer.domain.model.CategoryCapCoverageTest",""
"","3","a warning without a throwable only leaves a breadcrumb[jvm]","","2026-07-31","passed","2026-07-31","","CrashReportingLogWriterTest[jvm]","com.georgeci.moneysurfer.domain.telemetry.CrashReportingLogWriterTest",""
"","3","SettingsLicenses[jvm]","","2026-07-31","passed","2026-07-31","","RouteSerializationTest[jvm]","com.georgeci.moneysurfer.navigation.RouteSerializationTest",""
"","3","the window ends on the clock's today and defaults to a month[jvm]","","2026-07-31","passed","2026-07-31","","GetAccountBalanceSeriesUseCaseTest[jvm]","com.georgeci.moneysurfer.domain.usecase.GetAccountBalanceSeriesUseCaseTest",""
"","25","a pulled workspace stubs its owner so the foreign key holds on a fresh device[jvm]","","2026-07-31","passed","2026-07-31","","WorkspaceTreeSyncPluginIT[jvm]","com.georgeci.moneysurfer.integration.plugin.WorkspaceTreeSyncPluginIT",""
"","236","fills the pinned workspace with accounts, a year of transactions, budgets and goals[jvm]","","2026-07-31","passed","2026-07-31","","DebugDataPrefillerTest[jvm]","com.georgeci.moneysurfer.domain.debug.DebugDataPrefillerTest",""
"","7","a non-permission failure aborts and surfaces RemoteDataCleanupFailed[jvm]","","2026-07-31","passed","2026-07-31","","UserAccountDeletionRepositoryImplTest[jvm]","com.georgeci.moneysurfer.data.repository.UserAccountDeletionRepositoryImplTest",""
"","1","a parent cycle is shown at the top level rather than vanishing[jvm]","","2026-07-31","passed","2026-07-31","","CategoryTreeTest[jvm]","com.georgeci.moneysurfer.domain.model.CategoryTreeTest",""
"","1","every decoded code survives a re-encode[jvm]","","2026-07-31","passed","2026-07-31","","CurrencyCodeCodecTest[jvm]","com.georgeci.moneysurfer.data.config.CurrencyCodeCodecTest",""
"","31","a month that barely moved is flat rather than a percentage nobody would act on[jvm]","","2026-07-31","passed","2026-07-31","","GetSpentMonthUseCaseTest[jvm]","com.georgeci.moneysurfer.domain.usecase.GetSpentMonthUseCaseTest",""
"","0","a budget spanning several categories caps none of them on its own[jvm]","","2026-07-31","passed","2026-07-31","","SpentByCategoryTest[jvm]","com.georgeci.moneysurfer.domain.model.SpentByCategoryTest",""
"","9","a comma is accepted as the decimal separator[jvm]","","2026-07-31","passed","2026-07-31","","TransactionAmountInputTest[jvm]","com.georgeci.moneysurfer.feature.transaction.creation.TransactionAmountInputTest",""
"","7","pausing a goal keeps its progress[jvm]","","2026-07-31","passed","2026-07-31","","SavingsGoalUseCaseTest[jvm]","com.georgeci.moneysurfer.domain.usecase.SavingsGoalUseCaseTest",""
"","1","ProjectionSummary carries the recalculated count[jvm]","","2026-07-31","passed","2026-07-31","","ProjectionSpec[jvm]","com.georgeci.moneysurfer.sync.projection.ProjectionSpec",""
"","192","a layer holding nothing reads differently from one whose value the codec rejects[jvm]","","2026-07-31","passed","2026-07-31","","DebugConfigScreenStateTest[jvm]","com.georgeci.moneysurfer.ui.DebugConfigScreenStateTest",""
"","25","restore confirms first, then asks for a file to open[jvm]","","2026-07-31","passed","2026-07-31","","BackupViewModelTest[jvm]","com.georgeci.moneysurfer.feature.settings.backup.BackupViewModelTest",""
"","9","only live schedules are counted, and each is converted to a month[jvm]","","2026-07-31","passed","2026-07-31","","InsightRulesTest[jvm]","com.georgeci.moneysurfer.domain.insight.InsightRulesTest",""
"","0","keeps only hex digits from a non-UUID id[jvm]","","2026-07-31","passed","2026-07-31","","TransactionReferenceTest[jvm]","com.georgeci.moneysurfer.domain.model.TransactionReferenceTest",""
"","2177","app module graph resolves()[jvm]","","2026-07-31","passed","2026-07-31","","KoinModuleVerificationTest[jvm]","com.georgeci.moneysurfer.di.KoinModuleVerificationTest",""
"","0","an unparseable amount counts as nothing rather than breaking the arithmetic[jvm]","","2026-07-31","passed","2026-07-31","","TransactionCreationSplitEditingTest[jvm]","com.georgeci.moneysurfer.feature.transaction.creation.TransactionCreationSplitEditingTest",""
"","7","isEnabled returns false when firebaseUid is null (demo session)[jvm]","","2026-07-31","passed","2026-07-31","","OutboxEnqueuerSpec[jvm]","com.georgeci.moneysurfer.data.sync.OutboxEnqueuerSpec",""
"","9","a device-scoped write queues nothing[jvm]","","2026-07-31","passed","2026-07-31","","LocalConfigSourceImplJvmTest[jvm]","com.georgeci.moneysurfer.data.config.LocalConfigSourceImplJvmTest",""
"","34","toggling on seeds the minimum a split is, carrying the form's category into the first line[jvm]","","2026-07-31","passed","2026-07-31","","TransactionCreationSplitEditingTest[jvm]","com.georgeci.moneysurfer.feature.transaction.creation.TransactionCreationSplitEditingTest",""
"","5","an unreadable span falls back to full width, keeping the rest of the item[jvm]","","2026-07-31","passed","2026-07-31","","DashboardLayoutCodecTest[jvm]","com.georgeci.moneysurfer.data.preferences.DashboardLayoutCodecTest",""
"","94","a detail pane opened from another detail keeps its back arrow[jvm]","","2026-07-31","passed","2026-07-31","","SurferPaneScaffoldTest[jvm]","com.georgeci.moneysurfer.ui.SurferPaneScaffoldTest",""
"","112","member can read and create a contribution","","2026-07-31","passed","2026-07-31","","savings goals (issue #244)","savings goals (issue #244) member can read and create a contribution",""
"","58","opening balances are dropped before the cap, not counted against it[jvm]","","2026-07-31","passed","2026-07-31","","DashboardViewModelTest[jvm]","com.georgeci.moneysurfer.feature.dashboard.DashboardViewModelTest",""
"","24","opening as a transfer lands on the Transfer tab with both slots already seeded[jvm]","","2026-07-31","passed","2026-07-31","","TransactionCreationSaveTest[jvm]","com.georgeci.moneysurfer.feature.transaction.creation.TransactionCreationSaveTest",""
"","55","the dashboard opens on Month with the switch shown over the default layout[jvm]","","2026-07-31","passed","2026-07-31","","DashboardPeriodViewModelTest[jvm]","com.georgeci.moneysurfer.feature.dashboard.DashboardPeriodViewModelTest",""
"","95","a list pane keeps its back arrow and its FAB[jvm]","","2026-07-31","passed","2026-07-31","","SurferPaneScaffoldTest[jvm]","com.georgeci.moneysurfer.ui.SurferPaneScaffoldTest",""
"","4","contribution insert dual-writes under its own entity type[jvm]","","2026-07-31","passed","2026-07-31","","GoalRepositoryDualWriteSpec[jvm]","com.georgeci.moneysurfer.data.repository.GoalRepositoryDualWriteSpec",""
"","44","unauthenticated user can read the flag document","","2026-07-31","passed","2026-07-31","","appConfig/{docId}","appConfig/{docId} unauthenticated user can read the flag document",""
"","12","does not leak rows from another workspace[jvm]","","2026-07-31","passed","2026-07-31","","TransactionFtsIntegrationIT[jvm]","com.georgeci.moneysurfer.integration.repository.TransactionFtsIntegrationIT",""
"","23","applyDelta updates balance without touching currency[jvm]","","2026-07-31","passed","2026-07-31","","AccountCreationIntegrationIT[jvm]","com.georgeci.moneysurfer.integration.repository.AccountCreationIntegrationIT",""
"","123","the donut names its segments and states the period total in the middle[jvm]","","2026-07-31","passed","2026-07-31","","DashboardScreenStateTest[jvm]","com.georgeci.moneysurfer.ui.DashboardScreenStateTest",""
"","7","upsert in demo session writes DAO but skips outbox[jvm]","","2026-07-31","passed","2026-07-31","","WorkspaceInviteRepositoryDualWriteSpec[jvm]","com.georgeci.moneysurfer.data.repository.WorkspaceInviteRepositoryDualWriteSpec",""
"","24","offline build advances to the first-account step before finishing[jvm]","","2026-07-31","passed","2026-07-31","","OnboardingViewModelTest[jvm]","com.georgeci.moneysurfer.feature.login.onboarding.OnboardingViewModelTest",""
"","46","day headers are relative for today and yesterday and exact otherwise[jvm]","","2026-07-31","passed","2026-07-31","","TransactionsByAccountPeriodTest[jvm]","com.georgeci.moneysurfer.feature.transaction.list.TransactionsByAccountPeriodTest",""
"","67","failed apply leaves the cursor untouched so the batch is retried on the next sync[jvm]","","2026-07-31","passed","2026-07-31","","NewWorkspacePullIntegrationIT[jvm]","com.georgeci.moneysurfer.integration.sync.NewWorkspacePullIntegrationIT",""
"","168","a currency no cached rate covers is shown beside the headline, never dropped[jvm]","","2026-07-31","passed","2026-07-31","","DashboardBalanceViewModelTest[jvm]","com.georgeci.moneysurfer.feature.dashboard.DashboardBalanceViewModelTest",""
"","494","export writes a header plus one record per transaction and returns the count[jvm]","","2026-07-31","passed","2026-07-31","","ExportImportTransactionsUseCaseTest[jvm]","com.georgeci.moneysurfer.domain.csv.ExportImportTransactionsUseCaseTest",""
"","105","online build layer keeps the full surface, sync included[jvm]","","2026-07-31","passed","2026-07-31","","OnlineConfigGraphTest[jvm]","com.georgeci.moneysurfer.di.OnlineConfigGraphTest",""
"","2","as a dead end from sign-in the online build offers a way out[jvm]","","2026-07-31","passed","2026-07-31","","WorkspaceSelectorViewModelTest[jvm]","com.georgeci.moneysurfer.feature.workspace.selector.WorkspaceSelectorViewModelTest",""
"","0","PULL order is workspace → members → invites → accounts → categories → transactions[jvm]","","2026-07-31","passed","2026-07-31","","SyncStepOrderTest[jvm]","com.georgeci.moneysurfer.domain.model.SyncStepOrderTest",""
"","43","plugin failure surfaces as a sync error and leaves the cursor untouched[jvm]","","2026-07-31","passed","2026-07-31","","PullRemoteChangesUseCaseImplSpec[jvm]","com.georgeci.moneysurfer.data.sync.PullRemoteChangesUseCaseImplSpec",""
"","12","a zero contribution is rejected[jvm]","","2026-07-31","passed","2026-07-31","","GoalContributionUseCaseTest[jvm]","com.georgeci.moneysurfer.domain.usecase.GoalContributionUseCaseTest",""
"","21","a category that does not exist yet is never covered[jvm]","","2026-07-31","passed","2026-07-31","","CategoryCapCoverageTest[jvm]","com.georgeci.moneysurfer.domain.model.CategoryCapCoverageTest",""
"","19","adding money records a contribution[jvm]","","2026-07-31","passed","2026-07-31","","GoalContributionUseCaseTest[jvm]","com.georgeci.moneysurfer.domain.usecase.GoalContributionUseCaseTest",""
"","8","trailingMonths ends at the anchor and runs oldest first[jvm]","","2026-07-31","passed","2026-07-31","","CategorySpendHistoryTest[jvm]","com.georgeci.moneysurfer.domain.model.CategorySpendHistoryTest",""
"","2","SettingsDebugConfig[jvm]","","2026-07-31","passed","2026-07-31","","RouteSerializationTest[jvm]","com.georgeci.moneysurfer.navigation.RouteSerializationTest",""
"","77","a caption sits closer to its own control than to the next block[jvm]","","2026-07-31","passed","2026-07-31","","SurferFormSectionTest[jvm]","com.georgeci.moneysurfer.ui.SurferFormSectionTest",""
"","11","an undecodable value is left on disk rather than overwritten by the fallback[jvm]","","2026-07-31","passed","2026-07-31","","LocalConfigSourceImplJvmTest[jvm]","com.georgeci.moneysurfer.data.config.LocalConfigSourceImplJvmTest",""
"","2","a whitespace-only email is reported as missing, not as malformed[jvm]","","2026-07-31","passed","2026-07-31","","SignInViewModelTest[jvm]","com.georgeci.moneysurfer.feature.login.SignInViewModelTest",""
"","23","a payload the provider marked as failed reads as no answer[jvm]","","2026-07-31","passed","2026-07-31","","HttpExchangeRateRemoteSourceJvmTest[jvm]","com.georgeci.moneysurfer.data.remote.HttpExchangeRateRemoteSourceJvmTest",""
"","4","a full batch of same-timestamp documents terminates the loop rather than re-reading itself[jvm]","","2026-07-31","passed","2026-07-31","","PullRemoteChangesUseCaseImplSpec[jvm]","com.georgeci.moneysurfer.data.sync.PullRemoteChangesUseCaseImplSpec",""
"","9","a leg whose sibling is already gone deletes on its own[jvm]","","2026-07-31","passed","2026-07-31","","DeleteTransactionUseCaseTest[jvm]","com.georgeci.moneysurfer.domain.usecase.DeleteTransactionUseCaseTest",""
"","5","icon and hue come from the same slot, so a backfilled row keeps its old pairing[jvm]","","2026-07-31","passed","2026-07-31","","CategoryAppearanceTest[jvm]","com.georgeci.moneysurfer.domain.model.CategoryAppearanceTest",""
"","3","a leg's split id survives a V2 file being re-imported into the current layout[jvm]","","2026-07-31","passed","2026-07-31","","TransactionCsvCodecTest[jvm]","com.georgeci.moneysurfer.domain.csv.TransactionCsvCodecTest",""
"","20","the net of a month is its income less its expense[jvm]","","2026-07-31","passed","2026-07-31","","SpendAnalyticsRepositoryImplJvmTest[jvm]","com.georgeci.moneysurfer.data.repository.SpendAnalyticsRepositoryImplJvmTest",""
"","25","dropping back below two lines leaves the split editor[jvm]","","2026-07-31","passed","2026-07-31","","TransactionCreationSplitTest[jvm]","com.georgeci.moneysurfer.feature.transaction.creation.TransactionCreationSplitTest",""
"","80","a throw releases the row instead of stranding it on 'Writing…' forever[jvm]","","2026-07-31","passed","2026-07-31","","DebugConfigViewModelTest[jvm]","com.georgeci.moneysurfer.feature.settings.debug.DebugConfigViewModelTest",""
"","16","assigning more than the amount blocks the save[jvm]","","2026-07-31","passed","2026-07-31","","TransactionCreationSplitTest[jvm]","com.georgeci.moneysurfer.feature.transaction.creation.TransactionCreationSplitTest",""
"","2","unparseable operation instant is rejected as invalid operation_at[jvm]","","2026-07-31","passed","2026-07-31","","TransactionCsvCodecTest[jvm]","com.georgeci.moneysurfer.domain.csv.TransactionCsvCodecTest",""
"","65","only the final column prints its value, so phone-width numerals cannot collide[jvm]","","2026-07-31","passed","2026-07-31","","SurferBarColumnsTest[jvm]","com.georgeci.moneysurfer.ui.SurferBarColumnsTest",""
"","81","Loading renders the chrome and nothing under it[jvm]","","2026-07-31","passed","2026-07-31","","InsightsScreenTest[jvm]","com.georgeci.moneysurfer.ui.InsightsScreenTest",""
"","7","transactionsIn returns the spend behind the number, newest first[jvm]","","2026-07-31","passed","2026-07-31","","BudgetProgressTest[jvm]","com.georgeci.moneysurfer.domain.model.BudgetProgressTest",""
"","6","with no budget the amount still emits, with no cap to measure it against[jvm]","","2026-07-31","passed","2026-07-31","","GetSpentMonthUseCaseTest[jvm]","com.georgeci.moneysurfer.domain.usecase.GetSpentMonthUseCaseTest",""
"","36","the transfer counterpart resolves to the opposite leg through real storage[jvm]","","2026-07-31","passed","2026-07-31","","TransferCreationIntegrationIT[jvm]","com.georgeci.moneysurfer.integration.repository.TransferCreationIntegrationIT",""
"","10","moving a switched-off widget onto an enabled one switches it on, in that slot[jvm]","","2026-07-31","passed","2026-07-31","","DashboardLayoutConfigTest[jvm]","com.georgeci.moneysurfer.domain.dashboard.DashboardLayoutConfigTest",""
"","8","a selected category outside the top seven takes the last slot rather than disappearing[jvm]","","2026-07-31","passed","2026-07-31","","TransactionCreationMappingTest[jvm]","com.georgeci.moneysurfer.feature.transaction.creation.TransactionCreationMappingTest",""
"","3","an amount is flagged inline only once there is something to complain about[jvm]","","2026-07-31","passed","2026-07-31","","TransactionCreationStateTest[jvm]","com.georgeci.moneysurfer.feature.transaction.creation.TransactionCreationStateTest",""
"","70","the stored palette keeps Dynamic while the effective one clamps it[jvm]","","2026-07-31","passed","2026-07-31","","ConfigFacadesJvmTest[jvm]","com.georgeci.moneysurfer.data.config.ConfigFacadesJvmTest",""
"","6","update amount applies only the difference[jvm]","","2026-07-31","passed","2026-07-31","","ApplyTransactionChangeUseCaseTest[jvm]","com.georgeci.moneysurfer.domain.usecase.ApplyTransactionChangeUseCaseTest",""
"","32","starts in Loading before categories are emitted[jvm]","","2026-07-31","passed","2026-07-31","","CategoriesManageViewModelTest[jvm]","com.georgeci.moneysurfer.feature.category.manage.CategoriesManageViewModelTest",""
"","2","build returns zeros by default[jvm]","","2026-07-31","passed","2026-07-31","","SyncSummaryBuilderSpec[jvm]","com.georgeci.moneysurfer.sync.api.SyncSummaryBuilderSpec",""
"","40","an update keeps the stored createdAt and stamps updatedAt from the clock[jvm]","","2026-07-31","passed","2026-07-31","","BudgetRepositoryImplJvmTest[jvm]","com.georgeci.moneysurfer.data.repository.BudgetRepositoryImplJvmTest",""
"","8","a value written after the push read it stays pending[jvm]","","2026-07-31","passed","2026-07-31","","UserConfigSyncPluginSpec[jvm]","com.georgeci.moneysurfer.data.sync.plugin.UserConfigSyncPluginSpec",""
"","893","each sync error maps to its own message, and the two carrying server text pass it through[jvm]","","2026-07-31","passed","2026-07-31","","SyncScreenStateTest[jvm]","com.georgeci.moneysurfer.ui.SyncScreenStateTest",""
"","14","spent sums the expenses inside the window and leaves the rest out[jvm]","","2026-07-31","passed","2026-07-31","","BudgetProgressTest[jvm]","com.georgeci.moneysurfer.domain.model.BudgetProgressTest",""
"","16","a second refresh within the day does not hit the provider again[jvm]","","2026-07-31","passed","2026-07-31","","ExchangeRateRepositoryImplJvmTest[jvm]","com.georgeci.moneysurfer.data.repository.ExchangeRateRepositoryImplJvmTest",""
"","6","values survive the process — a fresh instance reloads them from disk[jvm]","","2026-07-31","passed","2026-07-31","","DesktopFirebasePlatformJvmTest[jvm]","com.georgeci.moneysurfer.data.remote.DesktopFirebasePlatformJvmTest",""
"","0","epochMillis=1700000000000[jvm]","","2026-07-31","passed","2026-07-31","","TimeFormatterTest[jvm]","com.georgeci.moneysurfer.data.repository.TimeFormatterTest",""
"","25","rejects a malformed update of an existing document","","2026-07-31","passed","2026-07-31","","users/{uid}/config/{key}","users/{uid}/config/{key} rejects a malformed update of an existing document",""
"","119","an empty workspace lands on empty Content, not on a stuck spinner[jvm]","","2026-07-31","passed","2026-07-31","","BudgetsViewModelTest[jvm]","com.georgeci.moneysurfer.feature.budget.list.BudgetsViewModelTest",""
"","4","non-owner never purges someone else's workspace, even when alone in it[jvm]","","2026-07-31","passed","2026-07-31","","UserAccountDeletionRepositoryImplTest[jvm]","com.georgeci.moneysurfer.data.repository.UserAccountDeletionRepositoryImplTest",""
"","57","an unwritable mirror does not propagate out of refresh[jvm]","","2026-07-31","passed","2026-07-31","","RemoteGlobalConfigSourceImplSpec[jvm]","com.georgeci.moneysurfer.appconfig.remote.RemoteGlobalConfigSourceImplSpec",""
"","9","a blank field shows no error but does not validate[jvm]","","2026-07-31","passed","2026-07-31","","TransactionAmountInputTest[jvm]","com.georgeci.moneysurfer.feature.transaction.creation.TransactionAmountInputTest",""
"","4","ActiveWorkspace with no current workspace pulls nothing[jvm]","","2026-07-31","passed","2026-07-31","","PullRemoteChangesUseCaseImplSpec[jvm]","com.georgeci.moneysurfer.data.sync.PullRemoteChangesUseCaseImplSpec",""
"","12","update on a missing account returns AccountNotFound and writes nothing[jvm]","","2026-07-31","passed","2026-07-31","","AccountWriteUseCasesTest[jvm]","com.georgeci.moneysurfer.domain.usecase.AccountWriteUseCasesTest",""
"","7","the catalogue is not empty[jvm]","","2026-07-31","passed","2026-07-31","","CurrencyRepositoryImplTest[jvm]","com.georgeci.moneysurfer.data.repository.CurrencyRepositoryImplTest",""
"","17","the all-accounts list has no account to prefill[jvm]","","2026-07-31","passed","2026-07-31","","TransactionsByAccountNavigationTest[jvm]","com.georgeci.moneysurfer.feature.transaction.list.TransactionsByAccountNavigationTest",""
"","1","the account and category pickers narrow to what was ticked[jvm]","","2026-07-31","passed","2026-07-31","","TransactionFilterMatchingTest[jvm]","com.georgeci.moneysurfer.feature.transaction.filter.TransactionFilterMatchingTest",""
"","2","a cleared key is gone from disk, not just from memory[jvm]","","2026-07-31","passed","2026-07-31","","DesktopFirebasePlatformJvmTest[jvm]","com.georgeci.moneysurfer.data.remote.DesktopFirebasePlatformJvmTest",""
"","72","spending more than the same stretch of last month reads as up[jvm]","","2026-07-31","passed","2026-07-31","","DashboardSpentMonthViewModelTest[jvm]","com.georgeci.moneysurfer.feature.dashboard.DashboardSpentMonthViewModelTest",""
"","32","a local write inserts, then updates value and updatedAt in place[jvm]","","2026-07-31","passed","2026-07-31","","ConfigEntryDaoIntegrationIT[jvm]","com.georgeci.moneysurfer.integration.repository.ConfigEntryDaoIntegrationIT",""
"","1","a parent that matches on its own name survives a search that no child matches[jvm]","","2026-07-31","passed","2026-07-31","","CategoryChooserViewModelTest[jvm]","com.georgeci.moneysurfer.feature.category.picker.CategoryChooserViewModelTest",""
"","211","a compact card keeps only the first insight[jvm]","","2026-07-31","passed","2026-07-31","","DashboardInsightsScreenTest[jvm]","com.georgeci.moneysurfer.ui.DashboardInsightsScreenTest",""
"","29","rejects the issue scenario: transaction amount as a string","","2026-07-31","passed","2026-07-31","","entity write-shape validation (issue #156)","entity write-shape validation (issue #156) rejects the issue scenario: transaction amount as a string",""
"","20","a created user starts with no workspace refs[jvm]","","2026-07-31","passed","2026-07-31","","UserRemoteRepositoryImplTest[jvm]","com.georgeci.moneysurfer.data.repository.UserRemoteRepositoryImplTest",""
"","96","an empty period answers once, not three times over[jvm]","","2026-07-31","passed","2026-07-31","","InsightsScreenTest[jvm]","com.georgeci.moneysurfer.ui.InsightsScreenTest",""
"","8","markInFlight excludes rows from pending() but markFailed brings them back[jvm]","","2026-07-31","passed","2026-07-31","","PendingMutationQueueIntegrationIT[jvm]","com.georgeci.moneysurfer.integration.sync.PendingMutationQueueIntegrationIT",""
"","148","the pointers are on disk, so the next cold start does not route back to sign in[jvm]","","2026-07-31","passed","2026-07-31","","DemoSessionHandoffIntegrationIT[jvm]","com.georgeci.moneysurfer.integration.repository.DemoSessionHandoffIntegrationIT",""
"","5","cancellation between batches aborts the pull[jvm]","","2026-07-31","passed","2026-07-31","","PullRemoteChangesUseCaseImplSpec[jvm]","com.georgeci.moneysurfer.data.sync.PullRemoteChangesUseCaseImplSpec",""
"","22","getBySplitId returns only the legs of the requested receipt[jvm]","","2026-07-31","passed","2026-07-31","","TransactionWindowIntegrationIT[jvm]","com.georgeci.moneysurfer.integration.repository.TransactionWindowIntegrationIT",""
"","6","an empty currency list still promotes the form out of Loading[jvm]","","2026-07-31","passed","2026-07-31","","WorkspaceCreationViewModelTest[jvm]","com.georgeci.moneysurfer.feature.workspace.creation.WorkspaceCreationViewModelTest",""
"","54","a boolean key gets a switch and nothing to type into[jvm]","","2026-07-31","passed","2026-07-31","","DebugConfigScreenStateTest[jvm]","com.georgeci.moneysurfer.ui.DebugConfigScreenStateTest",""
"","11","deleting a parent keeps its children, moved up to the root[jvm]","","2026-07-31","passed","2026-07-31","","CategoriesManageViewModelTest[jvm]","com.georgeci.moneysurfer.feature.category.manage.CategoriesManageViewModelTest",""
"","1","transfers never count against a budget[jvm]","","2026-07-31","passed","2026-07-31","","BudgetProgressTest[jvm]","com.georgeci.moneysurfer.domain.model.BudgetProgressTest",""
"","31","a preset owns the window, and only while it is set[jvm]","","2026-07-31","passed","2026-07-31","","TransactionFilterMatchingTest[jvm]","com.georgeci.moneysurfer.feature.transaction.filter.TransactionFilterMatchingTest",""
"","4","redactEmail never leaks the raw address[jvm]","","2026-07-31","passed","2026-07-31","","PiiRedactionTest[jvm]","com.georgeci.moneysurfer.domain.logging.PiiRedactionTest",""
"","12","OnAccountMove reorders the list on screen and writes nothing until the row is dropped[jvm]","","2026-07-31","passed","2026-07-31","","AccountsManageViewModelTest[jvm]","com.georgeci.moneysurfer.feature.account.manage.AccountsManageViewModelTest",""
"","9","a fresh store reports no session[jvm]","","2026-07-31","passed","2026-07-31","","SessionPointersImplJvmTest[jvm]","com.georgeci.moneysurfer.data.preferences.SessionPointersImplJvmTest",""
"","14","raises WorkspaceNotFound when the workspace does not exist[jvm]","","2026-07-31","passed","2026-07-31","","UpdateWorkspaceCurrencyUseCaseTest[jvm]","com.georgeci.moneysurfer.domain.usecase.UpdateWorkspaceCurrencyUseCaseTest",""
"","29","entries are ordered narrow to wide, so comparisons read as at-least[jvm]","","2026-07-31","passed","2026-07-31","","SurferWindowSizeTest[jvm]","com.georgeci.moneysurfer.uikit.window.SurferWindowSizeTest",""
"","1","create expense decrements cache by amount[jvm]","","2026-07-31","passed","2026-07-31","","ApplyTransactionChangeUseCaseTest[jvm]","com.georgeci.moneysurfer.domain.usecase.ApplyTransactionChangeUseCaseTest",""
"","12","a signed-out or demo session never starts the ticker[jvm]","","2026-07-31","passed","2026-07-31","","PeriodicSyncGateTest[jvm]","com.georgeci.moneysurfer.navigation.PeriodicSyncGateTest",""
"","6","an invite doc with no status is read as pending rather than as a blank[jvm]","","2026-07-31","passed","2026-07-31","","MembershipDtoMapperSpec[jvm]","com.georgeci.moneysurfer.data.sync.MembershipDtoMapperSpec",""
"","0","abs of an ordinary negative amount is its magnitude[jvm]","","2026-07-31","passed","2026-07-31","","MoneyTest[jvm]","com.georgeci.moneysurfer.domain.primitives.MoneyTest",""
"","3","SettingsAppearance[jvm]","","2026-07-31","passed","2026-07-31","","RouteSerializationTest[jvm]","com.georgeci.moneysurfer.navigation.RouteSerializationTest",""
"","1","onSyncCancelled is callable[jvm]","","2026-07-31","passed","2026-07-31","","SyncTelemetryNoOpSpec[jvm]","com.georgeci.moneysurfer.sync.telemetry.SyncTelemetryNoOpSpec",""
"","5","SyncHandleStatus.Completed carries summary[jvm]","","2026-07-31","passed","2026-07-31","","SyncStateSpec[jvm]","com.georgeci.moneysurfer.sync.api.SyncStateSpec",""
"","0","an interval below one is read as every step rather than looping[jvm]","","2026-07-31","passed","2026-07-31","","UpcomingRecurringTest[jvm]","com.georgeci.moneysurfer.domain.model.UpcomingRecurringTest",""
"","9","ActiveWorkspace pulls only the current workspace even when the provider knows more[jvm]","","2026-07-31","passed","2026-07-31","","PullRemoteChangesUseCaseImplSpec[jvm]","com.georgeci.moneysurfer.data.sync.PullRemoteChangesUseCaseImplSpec",""
"","2","observe emits empty list for a fresh workspace[jvm]","","2026-07-31","passed","2026-07-31","","SyncMetaRepositoryImplSpec[jvm]","com.georgeci.moneysurfer.sync.internal.repository.SyncMetaRepositoryImplSpec",""
"","3","ActiveWorkspace scope skips the invited-workspaces phase[jvm]","","2026-07-31","passed","2026-07-31","","PullRemoteChangesUseCaseImplSpec[jvm]","com.georgeci.moneysurfer.data.sync.PullRemoteChangesUseCaseImplSpec",""
"","1","windows before the start date extend backwards so the first period has a predecessor[jvm]","","2026-07-31","passed","2026-07-31","","BudgetPeriodWindowTest[jvm]","com.georgeci.moneysurfer.domain.util.BudgetPeriodWindowTest",""
"","32","clearSession drops user, workspace and uid together[jvm]","","2026-07-31","passed","2026-07-31","","SessionPointersImplJvmTest[jvm]","com.georgeci.moneysurfer.data.preferences.SessionPointersImplJvmTest",""
"","93","a fall maps to the saving sentence rather than the same one with a sign[jvm]","","2026-07-31","passed","2026-07-31","","DashboardInsightsViewModelTest[jvm]","com.georgeci.moneysurfer.feature.dashboard.DashboardInsightsViewModelTest",""
"","47","a headline that fell back to an unconvertible bucket carries no trend[jvm]","","2026-07-31","passed","2026-07-31","","DashboardBalanceViewModelTest[jvm]","com.georgeci.moneysurfer.feature.dashboard.DashboardBalanceViewModelTest",""
"","18","a confirmed reset clears the scope and re-syncs, because the cursors alone change nothing[jvm]","","2026-07-31","passed","2026-07-31","","SyncViewModelTest[jvm]","com.georgeci.moneysurfer.feature.settings.sync.SyncViewModelTest",""
"","29","an upsert for a locally deleted row writes nothing[jvm]","","2026-07-31","passed","2026-07-31","","TransactionSyncPluginIT[jvm]","com.georgeci.moneysurfer.integration.plugin.TransactionSyncPluginIT",""
"","4","at most one rise and one fall are reported, and the biggest move in money wins[jvm]","","2026-07-31","passed","2026-07-31","","InsightRulesTest[jvm]","com.georgeci.moneysurfer.domain.insight.InsightRulesTest",""
"","0","yearly clamping does not accumulate — Feb 29 returns in the next leap year[jvm]","","2026-07-31","passed","2026-07-31","","BudgetPeriodWindowTest[jvm]","com.georgeci.moneysurfer.domain.util.BudgetPeriodWindowTest",""
"","5","a chosen account lands in the slot the chooser was opened for[jvm]","","2026-07-31","passed","2026-07-31","","TransactionCreationMappingTest[jvm]","com.georgeci.moneysurfer.feature.transaction.creation.TransactionCreationMappingTest",""
"","255","edit mode names the row being edited and drops the way into a transfer[jvm]","","2026-07-31","passed","2026-07-31","","TransactionCreationScreenStateTest[jvm]","com.georgeci.moneysurfer.ui.TransactionCreationScreenStateTest",""
"","1","an archived duplicate does not push the control read-only[jvm]","","2026-07-31","passed","2026-07-31","","CategoryCapCoverageTest[jvm]","com.georgeci.moneysurfer.domain.model.CategoryCapCoverageTest",""
"","150","a stored code outside the catalogue is shown bare rather than as a neighbour[jvm]","","2026-07-31","passed","2026-07-31","","PreferencesScreenStateTest[jvm]","com.georgeci.moneysurfer.ui.PreferencesScreenStateTest",""
"","16","creation state never shows the Members section[jvm]","","2026-07-31","passed","2026-07-31","","WorkspaceCreationStateOfflineTest[jvm]","com.georgeci.moneysurfer.feature.workspace.creation.WorkspaceCreationStateOfflineTest",""
"","5","an inline panel is the extra pane and stays dismissable[jvm]","","2026-07-31","passed","2026-07-31","","SurferPaneSceneStrategyTest[jvm]","com.georgeci.moneysurfer.navigation.SurferPaneSceneStrategyTest",""
"","4","AccountChooser[jvm]","","2026-07-31","passed","2026-07-31","","RouteSerializationTest[jvm]","com.georgeci.moneysurfer.navigation.RouteSerializationTest",""
"","2","existing data is untouched — the migration is a pure addition[jvm]","","2026-07-31","passed","2026-07-31","","ConfigEntryMigrationIT[jvm]","com.georgeci.moneysurfer.integration.repository.ConfigEntryMigrationIT",""
"","24","getByWorkspaceId only returns invites of the given workspace[jvm]","","2026-07-31","passed","2026-07-31","","WorkspaceInviteRepositoryIntegrationIT[jvm]","com.georgeci.moneysurfer.integration.repository.WorkspaceInviteRepositoryIntegrationIT",""
"","32","parses the bundled aboutlibraries export[jvm]","","2026-07-31","passed","2026-07-31","","ParseOssLibrariesTest[jvm]","com.georgeci.moneysurfer.feature.settings.about.licenses.ParseOssLibrariesTest",""
"","31","removing a row drops it and offers its chip again[jvm]","","2026-07-31","passed","2026-07-31","","AccountCreationViewModelTest[jvm]","com.georgeci.moneysurfer.feature.account.creation.AccountCreationViewModelTest",""
"","252","an account with nothing logged yet is offered the first transaction[jvm]","","2026-07-31","passed","2026-07-31","","TransactionsListScreenStateTest[jvm]","com.georgeci.moneysurfer.ui.TransactionsListScreenStateTest",""
"","109","UploadOnly scope pulls nothing[jvm]","","2026-07-31","passed","2026-07-31","","PullRemoteChangesUseCaseImplSpec[jvm]","com.georgeci.moneysurfer.data.sync.PullRemoteChangesUseCaseImplSpec",""
"","1","the day count is measured from the day the list was built[jvm]","","2026-07-31","passed","2026-07-31","","UpcomingRecurringTest[jvm]","com.georgeci.moneysurfer.domain.model.UpcomingRecurringTest",""
"","313","a stored budget reads back with every field intact[jvm]","","2026-07-31","passed","2026-07-31","","BudgetRepositoryImplJvmTest[jvm]","com.georgeci.moneysurfer.data.repository.BudgetRepositoryImplJvmTest",""
"","1","'+5' (plus sign)[jvm]","","2026-07-31","passed","2026-07-31","","AmountInputTransformationTest[jvm]","com.georgeci.moneysurfer.utils.AmountInputTransformationTest",""
"","22","the pinned workspace is preselected so Confirm works without touching a row[jvm]","","2026-07-31","passed","2026-07-31","","WorkspaceSelectorViewModelTest[jvm]","com.georgeci.moneysurfer.feature.workspace.selector.WorkspaceSelectorViewModelTest",""
"","18","signed-in user can create a workspace they own","","2026-07-31","passed","2026-07-31","","workspaces/{wid}","workspaces/{wid} signed-in user can create a workspace they own",""
"","84","events that arrive before the form has loaded are ignored[jvm]","","2026-07-31","passed","2026-07-31","","TransactionCreationFormTest[jvm]","com.georgeci.moneysurfer.feature.transaction.creation.TransactionCreationFormTest",""
"","3","every SyncScope variant currently uses null workspace filter (cross-workspace push)[jvm]","","2026-07-31","passed","2026-07-31","","PendingMutationQueueImplSpec[jvm]","com.georgeci.moneysurfer.sync.internal.repository.PendingMutationQueueImplSpec",""
"","26","owner with another ACTIVE member keeps the workspace and only leaves it[jvm]","","2026-07-31","passed","2026-07-31","","UserAccountDeletionRepositoryImplTest[jvm]","com.georgeci.moneysurfer.data.repository.UserAccountDeletionRepositoryImplTest",""
"","5","format single cent[jvm]","","2026-07-31","passed","2026-07-31","","MoneyFormatterTest[jvm]","com.georgeci.moneysurfer.domain.MoneyFormatterTest",""
"","1","TransactionDetails[jvm]","","2026-07-31","passed","2026-07-31","","RouteSerializationTest[jvm]","com.georgeci.moneysurfer.navigation.RouteSerializationTest",""
"","2","ProjectionScope.All is a singleton[jvm]","","2026-07-31","passed","2026-07-31","","ProjectionSpec[jvm]","com.georgeci.moneysurfer.sync.projection.ProjectionSpec",""
"","20","user CANNOT self-set status to REMOVED","","2026-07-31","passed","2026-07-31","","workspaces/{wid}/members/{uid}","workspaces/{wid}/members/{uid} user CANNOT self-set status to REMOVED",""
"","5","a merchant starting with a formula trigger is neutralised on encode[jvm]","","2026-07-31","passed","2026-07-31","","TransactionCsvCodecTest[jvm]","com.georgeci.moneysurfer.domain.csv.TransactionCsvCodecTest",""
"","22","the avatar letter is taken off the trimmed name, not the raw one[jvm]","","2026-07-31","passed","2026-07-31","","DashboardViewModelTest[jvm]","com.georgeci.moneysurfer.feature.dashboard.DashboardViewModelTest",""
"","8","a route pushed with no arguments restores with its defaults[jvm]","","2026-07-31","passed","2026-07-31","","RouteSerializationTest[jvm]","com.georgeci.moneysurfer.navigation.RouteSerializationTest",""
"","11","values are stored under the bare key name — the file is dedicated, nothing to namespace against[jvm]","","2026-07-31","passed","2026-07-31","","DebugConfigSourceImplJvmTest[jvm]","com.georgeci.moneysurfer.data.config.DebugConfigSourceImplJvmTest",""
"","152","a row with no merchant and no note is named rather than left blank[jvm]","","2026-07-31","passed","2026-07-31","","TransactionsListScreenStateTest[jvm]","com.georgeci.moneysurfer.ui.TransactionsListScreenStateTest",""
"","1569","every id: selector in a Maestro flow resolves to a testTag declared in Kotlin[jvm]","","2026-07-31","passed","2026-07-31","","MaestroFlowSelectorTest[jvm]","com.georgeci.moneysurfer.utils.MaestroFlowSelectorTest",""
"","9","the unset sentinels fall back rather than resolving to a real slot[jvm]","","2026-07-31","passed","2026-07-31","","CategoryPaletteParityTest[jvm]","com.georgeci.moneysurfer.feature.category.CategoryPaletteParityTest",""
"","7","a base that only differs in case is still the one we asked for[jvm]","","2026-07-31","passed","2026-07-31","","ExchangeRateApiTest[jvm]","com.georgeci.moneysurfer.data.remote.ExchangeRateApiTest",""
"","58","owner with no other members purges the workspace, subcollections before the root doc[jvm]","","2026-07-31","passed","2026-07-31","","UserAccountDeletionRepositoryImplTest[jvm]","com.georgeci.moneysurfer.data.repository.UserAccountDeletionRepositoryImplTest",""
"","369","the number-format pill renders the stored style, not a fixed sample[jvm]","","2026-07-31","passed","2026-07-31","","PreferencesScreenStateTest[jvm]","com.georgeci.moneysurfer.ui.PreferencesScreenStateTest",""
"","10","the result count promises rows the list will render, so a receipt counts once[jvm]","","2026-07-31","passed","2026-07-31","","TransactionFiltersViewModelTest[jvm]","com.georgeci.moneysurfer.feature.transaction.filters.TransactionFiltersViewModelTest",""
"","9","duplicating an income row fills the form without any of the original's identity[jvm]","","2026-07-31","passed","2026-07-31","","TransactionCreationMappingTest[jvm]","com.georgeci.moneysurfer.feature.transaction.creation.TransactionCreationMappingTest",""
"","10","a single-currency workspace needs no rates and claims no as-of date[jvm]","","2026-07-31","passed","2026-07-31","","ConvertAccountsTotalUseCaseTest[jvm]","com.georgeci.moneysurfer.domain.usecase.ConvertAccountsTotalUseCaseTest",""
"","3","pending() default limit forwards DEFAULT_BATCH_LIMIT[jvm]","","2026-07-31","passed","2026-07-31","","PendingMutationQueueSpec[jvm]","com.georgeci.moneysurfer.sync.repository.PendingMutationQueueSpec",""
"","31","the last point is the current balance and the window has one point per day[jvm]","","2026-07-31","passed","2026-07-31","","AccountBalanceSeriesTest[jvm]","com.georgeci.moneysurfer.domain.model.AccountBalanceSeriesTest",""
"","39","a contribution is pushed to the workspace's goalContributions collection[jvm]","","2026-07-31","passed","2026-07-31","","GoalSyncPluginIT[jvm]","com.georgeci.moneysurfer.integration.plugin.GoalSyncPluginIT",""
"","4","goal details emit null once the goal is gone[jvm]","","2026-07-31","passed","2026-07-31","","SavingsGoalUseCaseTest[jvm]","com.georgeci.moneysurfer.domain.usecase.SavingsGoalUseCaseTest",""
"","33","a 5xx from the provider reads as no answer[jvm]","","2026-07-31","passed","2026-07-31","","HttpExchangeRateRemoteSourceJvmTest[jvm]","com.georgeci.moneysurfer.data.remote.HttpExchangeRateRemoteSourceJvmTest",""
"","37","per-layer cells distinguish absent from undecodable[jvm]","","2026-07-31","passed","2026-07-31","","DebugConfigInspectorImplSpec[jvm]","com.georgeci.moneysurfer.appconfig.DebugConfigInspectorImplSpec",""
"","1","a Sunday anchor still belongs to the week that started the previous Monday[jvm]","","2026-07-31","passed","2026-07-31","","TransactionPeriodWindowTest[jvm]","com.georgeci.moneysurfer.domain.util.TransactionPeriodWindowTest",""
"","492","the sheet stops growing once the cap engages, instead of tracking the window[jvm]","","2026-07-31","passed","2026-07-31","","SignInResponsiveLayoutTest[jvm]","com.georgeci.moneysurfer.ui.SignInResponsiveLayoutTest",""
"","3","default newRequestId factory generates uuid-shaped ids[jvm]","","2026-07-31","passed","2026-07-31","","SyncCoordinatorImplBranchSpec[jvm]","com.georgeci.moneysurfer.sync.coordinator.SyncCoordinatorImplBranchSpec",""
"","2","switching a widget on appends it after the last enabled one, before the still-off ones[jvm]","","2026-07-31","passed","2026-07-31","","DashboardLayoutConfigTest[jvm]","com.georgeci.moneysurfer.domain.dashboard.DashboardLayoutConfigTest",""
"","9","a budget with categories only counts those categories[jvm]","","2026-07-31","passed","2026-07-31","","BudgetProgressTest[jvm]","com.georgeci.moneysurfer.domain.model.BudgetProgressTest",""
"","15","a degraded layer stops being reported once its store recovers[jvm]","","2026-07-31","passed","2026-07-31","","LayeredConfigSpec[jvm]","com.georgeci.moneysurfer.appconfig.LayeredConfigSpec",""
"","8","an empty all-account summary falls back to USD[jvm]","","2026-07-31","passed","2026-07-31","","TransactionsListMappingTest[jvm]","com.georgeci.moneysurfer.feature.transaction.list.TransactionsListMappingTest",""
"","24","a config that could not be read leaves the build supported[jvm]","","2026-07-31","passed","2026-07-31","","AppVersionGateImplTest[jvm]","com.georgeci.moneysurfer.data.repository.AppVersionGateImplTest",""
"","2","markAttempt only updates the attempt column[jvm]","","2026-07-31","passed","2026-07-31","","SyncMetaRepositoryImplSpec[jvm]","com.georgeci.moneysurfer.sync.internal.repository.SyncMetaRepositoryImplSpec",""
"","161","retry dismisses the error state and returns to the content[jvm]","","2026-07-31","passed","2026-07-31","","GlobalErrorBoundaryTest[jvm]","com.georgeci.moneysurfer.ui.GlobalErrorBoundaryTest",""
"","7","a code the codec cannot re-decode is never produced[jvm]","","2026-07-31","passed","2026-07-31","","CurrencyCodeCodecTest[jvm]","com.georgeci.moneysurfer.data.config.CurrencyCodeCodecTest",""
"","9","an absent key reads back as null rather than throwing[jvm]","","2026-07-31","passed","2026-07-31","","DesktopFirebasePlatformJvmTest[jvm]","com.georgeci.moneysurfer.data.remote.DesktopFirebasePlatformJvmTest",""
