"DESCRIPTION","DURATION IN MS","NAME","PARENT SUITE","START TIME","STATUS","STOP TIME","SUB SUITE","SUITE","TEST CLASS","TEST METHOD"
"","2","no-op edit (same impact) yields empty delta[jvm]","","2026-07-23","passed","2026-07-23","","CalculateBalanceDeltaTest[jvm]","com.georgeci.moneysurfer.domain.model.CalculateBalanceDeltaTest",""
"","4","is idempotent[jvm]","","2026-07-23","passed","2026-07-23","","TransactionTagsTest[jvm]","com.georgeci.moneysurfer.domain.model.TransactionTagsTest",""
"","19","user without an email claim (e.g. anonymous) cannot write","","2026-07-23","passed","2026-07-23","","userEmails/{email}","userEmails/{email} user without an email claim (e.g. anonymous) cannot write",""
"","10","a row whose currency differs from the account currency is rejected[jvm]","","2026-07-23","passed","2026-07-23","","ExportImportTransactionsUseCaseTest[jvm]","com.georgeci.moneysurfer.domain.csv.ExportImportTransactionsUseCaseTest",""
"","10","markFailed returns row to PENDING with attempts incremented[jvm]","","2026-07-23","passed","2026-07-23","","PendingMutationQueueImplSpec[jvm]","com.georgeci.moneysurfer.data.sync.PendingMutationQueueImplSpec",""
"","25","a foreign CSV header fails the whole import[jvm]","","2026-07-23","passed","2026-07-23","","ExportImportTransactionsUseCaseTest[jvm]","com.georgeci.moneysurfer.domain.csv.ExportImportTransactionsUseCaseTest",""
"","1","deleting a missing goal returns null[jvm]","","2026-07-23","passed","2026-07-23","","SavingsGoalUseCaseTest[jvm]","com.georgeci.moneysurfer.domain.usecase.SavingsGoalUseCaseTest",""
"","9","deleting returns the removed goal[jvm]","","2026-07-23","passed","2026-07-23","","SavingsGoalUseCaseTest[jvm]","com.georgeci.moneysurfer.domain.usecase.SavingsGoalUseCaseTest",""
"","1","yearly anchor on Feb 29 clamps to Feb 28 in a non-leap year[jvm]","","2026-07-23","passed","2026-07-23","","BudgetPeriodWindowTest[jvm]","com.georgeci.moneysurfer.domain.util.BudgetPeriodWindowTest",""
"","5","writes local pointer and skips remote when no Firebase uid[jvm]","","2026-07-23","passed","2026-07-23","","SelectWorkspaceUseCaseTest[jvm]","com.georgeci.moneysurfer.domain.usecase.SelectWorkspaceUseCaseTest",""
"","21","results keep the newest-first ordering of the list queries[jvm]","","2026-07-23","passed","2026-07-23","","TransactionFtsIntegrationIT[jvm]","com.georgeci.moneysurfer.integration.repository.TransactionFtsIntegrationIT",""
"","0","missing localUpdatedAt → remote wins (treated as DISTANT_PAST)[jvm]","","2026-07-23","passed","2026-07-23","","LwwConflictResolverSpec[jvm]","com.georgeci.moneysurfer.sync.repository.LwwConflictResolverSpec",""
"","14","archive missing the main DB entry surfaces MissingFile[jvm]","","2026-07-23","passed","2026-07-23","","BackupImporterImplJvmTest[jvm]","com.georgeci.moneysurfer.data.backup.BackupImporterImplJvmTest",""
"","5","redactUid keeps a short prefix and drops the rest[jvm]","","2026-07-23","passed","2026-07-23","","PiiRedactionTest[jvm]","com.georgeci.moneysurfer.domain.logging.PiiRedactionTest",""
"","416","two seals of the same plaintext differ (fresh salt + IV)[jvm]","","2026-07-23","passed","2026-07-23","","EncryptedBackupCodecTest[jvm]","com.georgeci.moneysurfer.data.backup.EncryptedBackupCodecTest",""
"","5","COMPLETED cannot be set by hand[jvm]","","2026-07-23","passed","2026-07-23","","SavingsGoalUseCaseTest[jvm]","com.georgeci.moneysurfer.domain.usecase.SavingsGoalUseCaseTest",""
"","18","the online build never takes the first-run account branch — and never queries accounts[jvm]","","2026-07-23","passed","2026-07-23","","StartRouteTest[jvm]","com.georgeci.moneysurfer.navigation.StartRouteTest",""
"","360","a single flipped ciphertext byte fails the MAC[jvm]","","2026-07-23","passed","2026-07-23","","EncryptedBackupCodecTest[jvm]","com.georgeci.moneysurfer.data.backup.EncryptedBackupCodecTest",""
"","6","a transfer leg pairs with its duplicate counterpart already in the database[jvm]","","2026-07-23","passed","2026-07-23","","ExportImportTransactionsUseCaseTest[jvm]","com.georgeci.moneysurfer.domain.csv.ExportImportTransactionsUseCaseTest",""
"","8","observe maps rows to domain SyncMeta[jvm]","","2026-07-23","passed","2026-07-23","","SyncMetaRepositoryImplSpec[jvm]","com.georgeci.moneysurfer.sync.internal.repository.SyncMetaRepositoryImplSpec",""
"","5","redactEmail handles a domain without a dot[jvm]","","2026-07-23","passed","2026-07-23","","PiiRedactionTest[jvm]","com.georgeci.moneysurfer.domain.logging.PiiRedactionTest",""
"","12","save is disabled while the amount is empty[jvm]","","2026-07-23","passed","2026-07-23","","GoalContributionViewModelTest[jvm]","com.georgeci.moneysurfer.feature.goal.contribution.GoalContributionViewModelTest",""
"","11","enqueueUpsert writes a PendingMutation when signed in[jvm]","","2026-07-23","passed","2026-07-23","","OutboxEnqueuerSpec[jvm]","com.georgeci.moneysurfer.data.sync.OutboxEnqueuerSpec",""
"","11","markLeft soft-deletes: status LEFT, leftAt set, enqueues UPDATE[jvm]","","2026-07-23","passed","2026-07-23","","WorkspaceMemberRepositoryDualWriteSpec[jvm]","com.georgeci.moneysurfer.data.repository.WorkspaceMemberRepositoryDualWriteSpec",""
"","3","malformed stored falls back to operationAt in UTC[jvm]","","2026-07-23","passed","2026-07-23","","ResolveLegacyOperationDateTest[jvm]","com.georgeci.moneysurfer.data.repository.ResolveLegacyOperationDateTest",""
"","29","owner can hard-delete an entity doc (account-deletion purge)","","2026-07-23","passed","2026-07-23","","member-gated entities (accounts)","member-gated entities (accounts) owner can hard-delete an entity doc (account-deletion purge)",""
"","24","invitee cannot tombstone a PENDING invite (known limitation: only status transitions)","","2026-07-23","passed","2026-07-23","","tombstone update shape (push-side soft delete)","tombstone update shape (push-side soft delete) invitee cannot tombstone a PENDING invite (known limitation: only status transitions)",""
"","23","pushAll failure keeps all local rows so a retry can re-push them[jvm]","","2026-07-23","passed","2026-07-23","","CreateWorkspaceUseCaseTest[jvm]","com.georgeci.moneysurfer.domain.usecase.CreateWorkspaceUseCaseTest",""
"","36","is stable for the same id[jvm]","","2026-07-23","passed","2026-07-23","","TransactionReferenceTest[jvm]","com.georgeci.moneysurfer.domain.model.TransactionReferenceTest",""
"","7","CompositeCancelToken throwIfCancelled when partial does not throw[jvm]","","2026-07-23","passed","2026-07-23","","SyncCancelTokenSpec[jvm]","com.georgeci.moneysurfer.sync.api.SyncCancelTokenSpec",""
"","5","Generic exception maps to Unknown[jvm]","","2026-07-23","passed","2026-07-23","","SyncErrorClassifierSpec[jvm]","com.georgeci.moneysurfer.data.sync.SyncErrorClassifierSpec",""
"","4","conflicts and skipped docs are reflected in the summary[jvm]","","2026-07-23","passed","2026-07-23","","PullRemoteChangesUseCaseImplSpec[jvm]","com.georgeci.moneysurfer.data.sync.PullRemoteChangesUseCaseImplSpec",""
"","5","empty archive surfaces InvalidArchive[jvm]","","2026-07-23","passed","2026-07-23","","BackupImporterImplJvmTest[jvm]","com.georgeci.moneysurfer.data.backup.BackupImporterImplJvmTest",""
"","18","list across all workspaces is denied — workspace get/list both gated by isMember","","2026-07-23","passed","2026-07-23","","workspaces/{wid}","workspaces/{wid} list across all workspaces is denied — workspace get/list both gated by isMember",""
"","6","'5' -> '5'[jvm]","","2026-07-23","passed","2026-07-23","","AmountInputTransformationTest[jvm]","com.georgeci.moneysurfer.utils.AmountInputTransformationTest",""
"","1","descendantsOf walks the whole subtree[jvm]","","2026-07-23","passed","2026-07-23","","CategoryTreeTest[jvm]","com.georgeci.moneysurfer.domain.model.CategoryTreeTest",""
"","31","rejects an account whose numeric balance is a string","","2026-07-23","passed","2026-07-23","","entity write-shape validation (issue #156)","entity write-shape validation (issue #156) rejects an account whose numeric balance is a string",""
"","29","user cannot update another user's document","","2026-07-23","passed","2026-07-23","","users/{uid}","users/{uid} user cannot update another user's document",""
"","41","user cannot create another user's member row (only self)","","2026-07-23","passed","2026-07-23","","workspaces/{wid}/members/{uid}","workspaces/{wid}/members/{uid} user cannot create another user's member row (only self)",""
"","6","email mapping pointing at a different uid is preserved[jvm]","","2026-07-23","passed","2026-07-23","","UserAccountDeletionRepositoryImplTest[jvm]","com.georgeci.moneysurfer.data.repository.UserAccountDeletionRepositoryImplTest",""
"","26","unauthenticated user cannot delete a user document","","2026-07-23","passed","2026-07-23","","users/{uid}","users/{uid} unauthenticated user cannot delete a user document",""
"","65","client cannot write app config (Console-only)","","2026-07-23","passed","2026-07-23","","appConfig/{docId}","appConfig/{docId} client cannot write app config (Console-only)",""
"","8","upsert in demo session writes DAO but skips outbox[jvm]","","2026-07-23","passed","2026-07-23","","WorkspaceInviteRepositoryDualWriteSpec[jvm]","com.georgeci.moneysurfer.data.repository.WorkspaceInviteRepositoryDualWriteSpec",""
"","82","cancelAllQueued cancels queued requests but keeps the running one[jvm]","","2026-07-23","passed","2026-07-23","","SyncCoordinatorImplBranchSpec[jvm]","com.georgeci.moneysurfer.sync.coordinator.SyncCoordinatorImplBranchSpec",""
"","120","copy with override[jvm]","","2026-07-23","passed","2026-07-23","","PendingMutationSpec[jvm]","com.georgeci.moneysurfer.sync.repository.PendingMutationSpec",""
"","3132","encrypted export advertises the scheme and hides the data entries[jvm]","","2026-07-23","passed","2026-07-23","","BackupEncryptedRoundTripJvmTest[jvm]","com.georgeci.moneysurfer.data.backup.BackupEncryptedRoundTripJvmTest",""
"","3","'0' -> '0'[jvm]","","2026-07-23","passed","2026-07-23","","AmountInputTransformationTest[jvm]","com.georgeci.moneysurfer.utils.AmountInputTransformationTest",""
"","18","a non-permission failure aborts and surfaces RemoteDataCleanupFailed[jvm]","","2026-07-23","passed","2026-07-23","","UserAccountDeletionRepositoryImplTest[jvm]","com.georgeci.moneysurfer.data.repository.UserAccountDeletionRepositoryImplTest",""
"","13","setCursor preserves earlier markAttempt / markSuccess timestamps[jvm]","","2026-07-23","passed","2026-07-23","","SyncMetaRepositoryImplSpec[jvm]","com.georgeci.moneysurfer.data.sync.SyncMetaRepositoryImplSpec",""
"","332","export writes a header plus one record per transaction and returns the count[jvm]","","2026-07-23","passed","2026-07-23","","ExportImportTransactionsUseCaseTest[jvm]","com.georgeci.moneysurfer.domain.csv.ExportImportTransactionsUseCaseTest",""
"","3","exhaustive enumeration — no orphan steps[jvm]","","2026-07-23","passed","2026-07-23","","SyncStepOrderTest[jvm]","com.georgeci.moneysurfer.domain.model.SyncStepOrderTest",""
"","45","an evicted (REMOVED) member CANNOT self-resurrect to ACTIVE","","2026-07-23","passed","2026-07-23","","workspaces/{wid}/members/{uid}","workspaces/{wid}/members/{uid} an evicted (REMOVED) member CANNOT self-resurrect to ACTIVE",""
"","10","shutdown cancels coordinator first, then scheduler[jvm]","","2026-07-23","passed","2026-07-23","","SessionShutdownGateImplSpec[jvm]","com.georgeci.moneysurfer.sync.internal.SessionShutdownGateImplSpec",""
"","6","create income increments cache by +amount[jvm]","","2026-07-23","passed","2026-07-23","","ApplyTransactionChangeUseCaseTest[jvm]","com.georgeci.moneysurfer.domain.usecase.ApplyTransactionChangeUseCaseTest",""
"","1","ProjectionSummary carries the recalculated count[jvm]","","2026-07-23","passed","2026-07-23","","ProjectionSpec[jvm]","com.georgeci.moneysurfer.sync.projection.ProjectionSpec",""
"","17","a blank title never reaches the repository[jvm]","","2026-07-23","passed","2026-07-23","","GoalEditViewModelTest[jvm]","com.georgeci.moneysurfer.feature.goal.edit.GoalEditViewModelTest",""
"","4","create expense decrements cache by amount[jvm]","","2026-07-23","passed","2026-07-23","","ApplyTransactionChangeUseCaseTest[jvm]","com.georgeci.moneysurfer.domain.usecase.ApplyTransactionChangeUseCaseTest",""
"","24","a double tap on the CTA only finishes the onboarding once[jvm]","","2026-07-23","passed","2026-07-23","","OnboardingViewModelTest[jvm]","com.georgeci.moneysurfer.feature.login.onboarding.OnboardingViewModelTest",""
"","2","second pull passes the stored cursor to the reader[jvm]","","2026-07-23","passed","2026-07-23","","PullRemoteChangesUseCaseImplSpec[jvm]","com.georgeci.moneysurfer.data.sync.PullRemoteChangesUseCaseImplSpec",""
"","30","rejects a goal whose nullable accountId has a wrong non-null type","","2026-07-23","passed","2026-07-23","","savings goals (issue #244)","savings goals (issue #244) rejects a goal whose nullable accountId has a wrong non-null type",""
"","8","recalc skipped when downloadedCount == 0[jvm]","","2026-07-23","passed","2026-07-23","","SyncCoordinatorImplSpec[jvm]","com.georgeci.moneysurfer.sync.coordinator.SyncCoordinatorImplSpec",""
"","4","a new Category defaults to the same appearance the backfill would have written[jvm]","","2026-07-23","passed","2026-07-23","","CategoryAppearanceTest[jvm]","com.georgeci.moneysurfer.domain.model.CategoryAppearanceTest",""
"","23","stranger cannot self-create even by naming a non-existent inviteId","","2026-07-23","passed","2026-07-23","","workspaces/{wid}/members/{uid}","workspaces/{wid}/members/{uid} stranger cannot self-create even by naming a non-existent inviteId",""
"","30","update preserves createdAt and enqueues UPDATE[jvm]","","2026-07-23","passed","2026-07-23","","GoalRepositoryDualWriteSpec[jvm]","com.georgeci.moneysurfer.data.repository.GoalRepositoryDualWriteSpec",""
"","54","deleting a transaction then re-applying it restores the row and the balance[jvm]","","2026-07-23","passed","2026-07-23","","DeleteUndoIntegrationIT[jvm]","com.georgeci.moneysurfer.integration.repository.DeleteUndoIntegrationIT",""
"","11","SyncHandleStatus.Completed carries summary[jvm]","","2026-07-23","passed","2026-07-23","","SyncStateSpec[jvm]","com.georgeci.moneysurfer.sync.api.SyncStateSpec",""
"","17","non-member cannot get the workspace doc","","2026-07-23","passed","2026-07-23","","workspaces/{wid}","workspaces/{wid} non-member cannot get the workspace doc",""
"","0","updating a missing goal is rejected[jvm]","","2026-07-23","passed","2026-07-23","","SavingsGoalUseCaseTest[jvm]","com.georgeci.moneysurfer.domain.usecase.SavingsGoalUseCaseTest",""
"","27","push failure completes the uploaded prefix and fails the remainder[jvm]","","2026-07-23","passed","2026-07-23","","UploadPendingChangesUseCaseImplSpec[jvm]","com.georgeci.moneysurfer.data.sync.UploadPendingChangesUseCaseImplSpec",""
"","6","lowering the target below the saved amount completes the goal[jvm]","","2026-07-23","passed","2026-07-23","","SavingsGoalUseCaseTest[jvm]","com.georgeci.moneysurfer.domain.usecase.SavingsGoalUseCaseTest",""
"","3","enqueueDelete pushes a DELETE mutation[jvm]","","2026-07-23","passed","2026-07-23","","OutboxEnqueuerImplSpec[jvm]","com.georgeci.moneysurfer.sync.repository.OutboxEnqueuerImplSpec",""
"","81","deleting a parent category moves its children to the root, and undo re-attaches them[jvm]","","2026-07-23","passed","2026-07-23","","DeleteUndoIntegrationIT[jvm]","com.georgeci.moneysurfer.integration.repository.DeleteUndoIntegrationIT",""
"","84","uuid generates non-empty value[jvm]","","2026-07-23","passed","2026-07-23","","SyncRequestIdSpec[jvm]","com.georgeci.moneysurfer.sync.api.SyncRequestIdSpec",""
"","9","pending honours the limit[jvm]","","2026-07-23","passed","2026-07-23","","PendingMutationQueueImplSpec[jvm]","com.georgeci.moneysurfer.sync.internal.repository.PendingMutationQueueImplSpec",""
"","33","a failed seed leaves the onboarding unfinished so the next launch replays it[jvm]","","2026-07-23","passed","2026-07-23","","OnboardingViewModelTest[jvm]","com.georgeci.moneysurfer.feature.login.onboarding.OnboardingViewModelTest",""
"","2","a withdrawal is stored as a negative contribution[jvm]","","2026-07-23","passed","2026-07-23","","GoalContributionUseCaseTest[jvm]","com.georgeci.moneysurfer.domain.usecase.GoalContributionUseCaseTest",""
"","1","owner can leave when another owner remains[jvm]","","2026-07-23","passed","2026-07-23","","LeaveWorkspaceUseCaseTest[jvm]","com.georgeci.moneysurfer.domain.usecase.LeaveWorkspaceUseCaseTest",""
"","3","workspace root document is applied before subcollection plugins[jvm]","","2026-07-23","passed","2026-07-23","","PullRemoteChangesUseCaseImplSpec[jvm]","com.georgeci.moneysurfer.data.sync.PullRemoteChangesUseCaseImplSpec",""
"","4","enqueueUpsert generates a unique id per call[jvm]","","2026-07-23","passed","2026-07-23","","OutboxEnqueuerImplSpec[jvm]","com.georgeci.moneysurfer.sync.repository.OutboxEnqueuerImplSpec",""
"","54","the categorized list query carries the new fields too[jvm]","","2026-07-23","passed","2026-07-23","","TransactionDetailFieldsIntegrationIT[jvm]","com.georgeci.moneysurfer.integration.repository.TransactionDetailFieldsIntegrationIT",""
"","25","owner cannot create an invite stamped with a different invitedByUserId","","2026-07-23","passed","2026-07-23","","invites — write","invites — write owner cannot create an invite stamped with a different invitedByUserId",""
"","21","writes workspace, member, default categories and pins it as current (no Firebase session)[jvm]","","2026-07-23","passed","2026-07-23","","CreateWorkspaceUseCaseTest[jvm]","com.georgeci.moneysurfer.domain.usecase.CreateWorkspaceUseCaseTest",""
"","2","update amount applies only the difference[jvm]","","2026-07-23","passed","2026-07-23","","ApplyTransactionChangeUseCaseTest[jvm]","com.georgeci.moneysurfer.domain.usecase.ApplyTransactionChangeUseCaseTest",""
"","2","shutdown is safe to call repeatedly (idempotent)[jvm]","","2026-07-23","passed","2026-07-23","","SessionShutdownGateImplSpec[jvm]","com.georgeci.moneysurfer.sync.internal.SessionShutdownGateImplSpec",""
"","44","owner can hard-delete a goal and a contribution (purge path)","","2026-07-23","passed","2026-07-23","","savings goals (issue #244)","savings goals (issue #244) owner can hard-delete a goal and a contribution (purge path)",""
"","3","a doc from an older client decodes to empty merchant, no tags and no rule[jvm]","","2026-07-23","passed","2026-07-23","","TransactionDtoMapperSpec[jvm]","com.georgeci.moneysurfer.data.sync.TransactionDtoMapperSpec",""
"","16","isEnabled returns false when firebaseUid is empty string[jvm]","","2026-07-23","passed","2026-07-23","","OutboxEnqueuerSpec[jvm]","com.georgeci.moneysurfer.data.sync.OutboxEnqueuerSpec",""
"","36","re-currencies the seeded account so the Dashboard total follows the choice[jvm]","","2026-07-23","passed","2026-07-23","","WorkspaceCurrencyIntegrationIT[jvm]","com.georgeci.moneysurfer.integration.repository.WorkspaceCurrencyIntegrationIT",""
"","29","does not leak rows from another workspace[jvm]","","2026-07-23","passed","2026-07-23","","TransactionFtsIntegrationIT[jvm]","com.georgeci.moneysurfer.integration.repository.TransactionFtsIntegrationIT",""
"","5","rethrows CancellationException instead of swallowing it[jvm]","","2026-07-23","passed","2026-07-23","","DecodeOrNullSpec[jvm]","com.georgeci.moneysurfer.data.sync.plugin.DecodeOrNullSpec",""
"","10","planned transaction contributes nothing[jvm]","","2026-07-23","passed","2026-07-23","","BalanceImpactTest[jvm]","com.georgeci.moneysurfer.domain.model.BalanceImpactTest",""
"","28","insert with unknown workspaceId is allowed (no FK on workspace_invites.workspaceId)[jvm]","","2026-07-23","passed","2026-07-23","","WorkspaceInviteRepositoryIntegrationIT[jvm]","com.georgeci.moneysurfer.integration.repository.WorkspaceInviteRepositoryIntegrationIT",""
"","3","default newRequestId factory generates uuid-shaped ids[jvm]","","2026-07-23","passed","2026-07-23","","SyncCoordinatorImplBranchSpec[jvm]","com.georgeci.moneysurfer.sync.coordinator.SyncCoordinatorImplBranchSpec",""
"","3","boundary dates are inclusive[jvm]","","2026-07-23","passed","2026-07-23","","PeriodTotalsTest[jvm]","com.georgeci.moneysurfer.domain.model.PeriodTotalsTest",""
"","54","rejects a poison update of an existing budget (alertPercent as string)","","2026-07-23","passed","2026-07-23","","entity write-shape validation (issue #156)","entity write-shape validation (issue #156) rejects a poison update of an existing budget (alertPercent as string)",""
"","22","non-owner member cannot tombstone the workspace root doc","","2026-07-23","passed","2026-07-23","","tombstone update shape (push-side soft delete)","tombstone update shape (push-side soft delete) non-owner member cannot tombstone the workspace root doc",""
"","21","recipient without email claim can still query by targetUserId","","2026-07-23","passed","2026-07-23","","invites — read","invites — read recipient without email claim can still query by targetUserId",""
"","22","every month in the window is emitted, including the ones with no spend[jvm]","","2026-07-23","passed","2026-07-23","","CategorySpendHistoryTest[jvm]","com.georgeci.moneysurfer.domain.model.CategorySpendHistoryTest",""
"","7","enqueueUpsert pushes a PendingMutation when signed in and gate allows[jvm]","","2026-07-23","passed","2026-07-23","","OutboxEnqueuerImplSpec[jvm]","com.georgeci.moneysurfer.sync.repository.OutboxEnqueuerImplSpec",""
"","9","dangerous notes survive a full CSV round-trip unchanged[jvm]","","2026-07-23","passed","2026-07-23","","TransactionCsvCodecTest[jvm]","com.georgeci.moneysurfer.domain.csv.TransactionCsvCodecTest",""
"","15","import skips duplicate ids inside the same file[jvm]","","2026-07-23","passed","2026-07-23","","ExportImportTransactionsUseCaseTest[jvm]","com.georgeci.moneysurfer.domain.csv.ExportImportTransactionsUseCaseTest",""
"","8","pending returns rows sorted by createdAt ascending[jvm]","","2026-07-23","passed","2026-07-23","","PendingMutationQueueImplSpec[jvm]","com.georgeci.moneysurfer.sync.internal.repository.PendingMutationQueueImplSpec",""
"","22","LastSyncOutcome.Success carries summary and timestamp[jvm]","","2026-07-23","passed","2026-07-23","","SyncStateSpec[jvm]","com.georgeci.moneysurfer.sync.api.SyncStateSpec",""
"","106","same-currency transfer creates two legs sharing transferId, EXPENSE on source and INCOME on destination[jvm]","","2026-07-23","passed","2026-07-23","","TransferCreationIntegrationIT[jvm]","com.georgeci.moneysurfer.integration.repository.TransferCreationIntegrationIT",""
"","8","restore flips archived flag back[jvm]","","2026-07-23","passed","2026-07-23","","ArchiveAccountUseCaseTest[jvm]","com.georgeci.moneysurfer.domain.usecase.ArchiveAccountUseCaseTest",""
"","30","rejects a budget whose amount is a string","","2026-07-23","passed","2026-07-23","","entity write-shape validation (issue #156)","entity write-shape validation (issue #156) rejects a budget whose amount is a string",""
"","10","LastSyncOutcome.None is singleton[jvm]","","2026-07-23","passed","2026-07-23","","SyncStateSpec[jvm]","com.georgeci.moneysurfer.sync.api.SyncStateSpec",""
"","1","epoch zero stored as blank resolves to 1970-01-01[jvm]","","2026-07-23","passed","2026-07-23","","ResolveLegacyOperationDateTest[jvm]","com.georgeci.moneysurfer.data.repository.ResolveLegacyOperationDateTest",""
"","64","export fails with BackupError.Io when the DataStore prefs file is missing[jvm]","","2026-07-23","passed","2026-07-23","","BackupExporterImplJvmTest[jvm]","com.georgeci.moneysurfer.data.backup.BackupExporterImplJvmTest",""
"","27","user cannot squat on someone else's email key (mapping to own uid)","","2026-07-23","passed","2026-07-23","","userEmails/{email}","userEmails/{email} user cannot squat on someone else's email key (mapping to own uid)",""
"","30","still pins workspace when setDefaultWorkspace throws[jvm]","","2026-07-23","passed","2026-07-23","","CreateWorkspaceUseCaseTest[jvm]","com.georgeci.moneysurfer.domain.usecase.CreateWorkspaceUseCaseTest",""
"","1","eligibleParents refuses a category that is already a child — the tree stays one level deep[jvm]","","2026-07-23","passed","2026-07-23","","CategoryTreeTest[jvm]","com.georgeci.moneysurfer.domain.model.CategoryTreeTest",""
"","2","writer + reader round-trip preserves entry names and bytes[jvm]","","2026-07-23","passed","2026-07-23","","ZipStoredCodecTest[jvm]","com.georgeci.moneysurfer.data.backup.ZipStoredCodecTest",""
"","10","markCompleted removes rows[jvm]","","2026-07-23","passed","2026-07-23","","PendingMutationQueueImplSpec[jvm]","com.georgeci.moneysurfer.data.sync.PendingMutationQueueImplSpec",""
"","16","toString contains the id and entityType[jvm]","","2026-07-23","passed","2026-07-23","","PendingMutationSpec[jvm]","com.georgeci.moneysurfer.sync.repository.PendingMutationSpec",""
"","354","patch fields overlaid on each entity doc decode as a pull-side tombstone[jvm]","","2026-07-23","passed","2026-07-23","","TombstonePatchSpec[jvm]","com.georgeci.moneysurfer.data.sync.plugin.TombstonePatchSpec",""
"","5","ignores a cancel token that is already cancelled (NoOp does no work)[jvm]","","2026-07-23","passed","2026-07-23","","NoOpRecalculateLocalProjectionsUseCaseSpec[jvm]","com.georgeci.moneysurfer.sync.internal.usecase.NoOpRecalculateLocalProjectionsUseCaseSpec",""
"","18","a tag containing the CSV separator does not split into two on read[jvm]","","2026-07-23","passed","2026-07-23","","TransactionDetailFieldsIntegrationIT[jvm]","com.georgeci.moneysurfer.integration.repository.TransactionDetailFieldsIntegrationIT",""
"","24","owner create blocked when clientVersionCode missing","","2026-07-23","passed","2026-07-23","","invites — write","invites — write owner create blocked when clientVersionCode missing",""
"","26","tombstone with clientVersionCode below floor is denied","","2026-07-23","passed","2026-07-23","","tombstone update shape (push-side soft delete)","tombstone update shape (push-side soft delete) tombstone with clientVersionCode below floor is denied",""
"","6","rejects when caller is not OWNER[jvm]","","2026-07-23","passed","2026-07-23","","RemoveMemberUseCaseTest[jvm]","com.georgeci.moneysurfer.domain.usecase.RemoveMemberUseCaseTest",""
"","10","happy path runs steps in order and clears the local session[jvm]","","2026-07-23","passed","2026-07-23","","DeleteUserAccountUseCaseTest[jvm]","com.georgeci.moneysurfer.domain.usecase.DeleteUserAccountUseCaseTest",""
"","28","offline build advances to the first-account step before finishing[jvm]","","2026-07-23","passed","2026-07-23","","OnboardingViewModelTest[jvm]","com.georgeci.moneysurfer.feature.login.onboarding.OnboardingViewModelTest",""
"","8","WaitingForNetwork title[jvm]","","2026-07-23","passed","2026-07-23","","SyncStepSpec[jvm]","com.georgeci.moneysurfer.sync.api.SyncStepSpec",""
"","2","repeat delete (null/null) is empty delta[jvm]","","2026-07-23","passed","2026-07-23","","CalculateBalanceDeltaTest[jvm]","com.georgeci.moneysurfer.domain.model.CalculateBalanceDeltaTest",""
"","1","monthly clamping does not accumulate — the 31st returns after a short month[jvm]","","2026-07-23","passed","2026-07-23","","BudgetPeriodWindowTest[jvm]","com.georgeci.moneysurfer.domain.util.BudgetPeriodWindowTest",""
"","1","defaults enable every entry point()[jvm]","","2026-07-23","passed","2026-07-23","","SignInFeatureConfigTest[jvm]","com.georgeci.moneysurfer.feature.login.SignInFeatureConfigTest",""
"","41","invitee accept regression: real uid + gmail+alias email, full set()","","2026-07-23","passed","2026-07-23","","invites — update / delete","invites — update / delete invitee accept regression: real uid + gmail+alias email, full set()",""
"","33","future format version surfaces FormatMismatch[jvm]","","2026-07-23","passed","2026-07-23","","BackupImporterImplJvmTest[jvm]","com.georgeci.moneysurfer.data.backup.BackupImporterImplJvmTest",""
"","33","invite sender can append one wid to recipient invitedWorkspaceIds","","2026-07-23","passed","2026-07-23","","users/{uid} — invitedWorkspaceIds cross-user append","users/{uid} — invitedWorkspaceIds cross-user append invite sender can append one wid to recipient invitedWorkspaceIds",""
"","19","user can delete their own document","","2026-07-23","passed","2026-07-23","","users/{uid}","users/{uid} user can delete their own document",""
"","47","non-member cannot read or create a contribution","","2026-07-23","passed","2026-07-23","","savings goals (issue #244)","savings goals (issue #244) non-member cannot read or create a contribution",""
"","13","remote calls fire in strict order: syncWorkspace → addWorkspaceRef → setDefaultWorkspace[jvm]","","2026-07-23","passed","2026-07-23","","CreateWorkspaceUseCaseTest[jvm]","com.georgeci.moneysurfer.domain.usecase.CreateWorkspaceUseCaseTest",""
"","191","string resources use only indexed placeholders[jvm]","","2026-07-23","passed","2026-07-23","","StringResourcePlaceholderTest[jvm]","com.georgeci.moneysurfer.utils.StringResourcePlaceholderTest",""
"","9","pending returns empty when queue is empty[jvm]","","2026-07-23","passed","2026-07-23","","PendingMutationQueueImplSpec[jvm]","com.georgeci.moneysurfer.data.sync.PendingMutationQueueImplSpec",""
"","50","owner with another ACTIVE member keeps the workspace and only leaves it[jvm]","","2026-07-23","passed","2026-07-23","","UserAccountDeletionRepositoryImplTest[jvm]","com.georgeci.moneysurfer.data.repository.UserAccountDeletionRepositoryImplTest",""
"","0","'00.5' (leading zeros with decimal)[jvm]","","2026-07-23","passed","2026-07-23","","AmountInputTransformationTest[jvm]","com.georgeci.moneysurfer.utils.AmountInputTransformationTest",""
"","42","member can read the workspace invite roster","","2026-07-23","passed","2026-07-23","","invites — read","invites — read member can read the workspace invite roster",""
"","16","contribution insert dual-writes under its own entity type[jvm]","","2026-07-23","passed","2026-07-23","","GoalRepositoryDualWriteSpec[jvm]","com.georgeci.moneysurfer.data.repository.GoalRepositoryDualWriteSpec",""
"","7","fetch failure propagates as AuthError.Unknown[jvm]","","2026-07-23","passed","2026-07-23","","PostAuthBootstrapUseCaseTest[jvm]","com.georgeci.moneysurfer.domain.usecase.PostAuthBootstrapUseCaseTest",""
"","34","rejects a poison update of an existing account (balance as string)","","2026-07-23","passed","2026-07-23","","entity write-shape validation (issue #156)","entity write-shape validation (issue #156) rejects a poison update of an existing account (balance as string)",""
"","4","raising the target above the saved amount re-opens a completed goal[jvm]","","2026-07-23","passed","2026-07-23","","SavingsGoalUseCaseTest[jvm]","com.georgeci.moneysurfer.domain.usecase.SavingsGoalUseCaseTest",""
"","22","stranger cannot collection-group query by another user's targetUserId","","2026-07-23","passed","2026-07-23","","invites — read","invites — read stranger cannot collection-group query by another user's targetUserId",""
"","3","local pointer survives a remote failure[jvm]","","2026-07-23","passed","2026-07-23","","SelectWorkspaceUseCaseTest[jvm]","com.georgeci.moneysurfer.domain.usecase.SelectWorkspaceUseCaseTest",""
"","1","abs of an ordinary negative amount is its magnitude[jvm]","","2026-07-23","passed","2026-07-23","","MoneyTest[jvm]","com.georgeci.moneysurfer.domain.primitives.MoneyTest",""
"","8","online build registers SyncFeatureFlag disabled by default()[jvm]","","2026-07-23","passed","2026-07-23","","OnlineSignInModuleTest[jvm]","com.georgeci.moneysurfer.di.OnlineSignInModuleTest",""
"","38","owner can cancel a PENDING invite","","2026-07-23","passed","2026-07-23","","invites — update / delete","invites — update / delete owner can cancel a PENDING invite",""
"","6","an empty file fails the whole import[jvm]","","2026-07-23","passed","2026-07-23","","ExportImportTransactionsUseCaseTest[jvm]","com.georgeci.moneysurfer.domain.csv.ExportImportTransactionsUseCaseTest",""
"","5","CompositeCancelToken not cancelled when only some children cancelled[jvm]","","2026-07-23","passed","2026-07-23","","SyncCancelTokenSpec[jvm]","com.georgeci.moneysurfer.sync.api.SyncCancelTokenSpec",""
"","2","consolidated invalid-login-credentials classifies as InvalidCredentials[jvm]","","2026-07-23","passed","2026-07-23","","AuthErrorClassificationTest[jvm]","com.georgeci.moneysurfer.data.repository.AuthErrorClassificationTest",""
"","244","every EN string key has a RU counterpart and vice-versa[jvm]","","2026-07-23","passed","2026-07-23","","StringResourceParityTest[jvm]","com.georgeci.moneysurfer.utils.StringResourceParityTest",""
"","9","windows before the start date extend backwards so the first period has a predecessor[jvm]","","2026-07-23","passed","2026-07-23","","BudgetPeriodWindowTest[jvm]","com.georgeci.moneysurfer.domain.util.BudgetPeriodWindowTest",""
"","12","adding money records a contribution[jvm]","","2026-07-23","passed","2026-07-23","","GoalContributionUseCaseTest[jvm]","com.georgeci.moneysurfer.domain.usecase.GoalContributionUseCaseTest",""
"","41","archive flips archived flag[jvm]","","2026-07-23","passed","2026-07-23","","ArchiveAccountUseCaseTest[jvm]","com.georgeci.moneysurfer.domain.usecase.ArchiveAccountUseCaseTest",""
"","34","rows referencing unknown workspace account or category are reported per row[jvm]","","2026-07-23","passed","2026-07-23","","ExportImportTransactionsUseCaseTest[jvm]","com.georgeci.moneysurfer.domain.csv.ExportImportTransactionsUseCaseTest",""
"","0","epochMillis=-1000[jvm]","","2026-07-23","passed","2026-07-23","","TimeFormatterTest[jvm]","com.georgeci.moneysurfer.data.repository.TimeFormatterTest",""
"","1","per-transaction is null when nothing was booked this month[jvm]","","2026-07-23","passed","2026-07-23","","CategorySpendHistoryTest[jvm]","com.georgeci.moneysurfer.domain.model.CategorySpendHistoryTest",""
"","8","Supported app version lets the sync run normally[jvm]","","2026-07-23","passed","2026-07-23","","SyncCoordinatorImplSpec[jvm]","com.georgeci.moneysurfer.sync.coordinator.SyncCoordinatorImplSpec",""
"","5","handle cancel of unknown id is a no-op[jvm]","","2026-07-23","passed","2026-07-23","","SyncCoordinatorImplBranchSpec[jvm]","com.georgeci.moneysurfer.sync.coordinator.SyncCoordinatorImplBranchSpec",""
"","38","member can tombstone in categories","","2026-07-23","passed","2026-07-23","","tombstone update shape (push-side soft delete)","tombstone update shape (push-side soft delete) member can tombstone in categories",""
"","9","promotes editor to owner[jvm]","","2026-07-23","passed","2026-07-23","","ChangeMemberRoleUseCaseTest[jvm]","com.georgeci.moneysurfer.domain.usecase.ChangeMemberRoleUseCaseTest",""
"","25","relaunch is idempotent — no duplicate workspace and still no seeded account[jvm]","","2026-07-23","passed","2026-07-23","","OfflineFirstRunSeederTest[jvm]","com.georgeci.moneysurfer.offline.firstrun.OfflineFirstRunSeederTest",""
"","32","non-owner cannot create an invite","","2026-07-23","passed","2026-07-23","","invites — write","invites — write non-owner cannot create an invite",""
"","3","eligibleParents excludes the category itself and everything under it[jvm]","","2026-07-23","passed","2026-07-23","","CategoryTreeTest[jvm]","com.georgeci.moneysurfer.domain.model.CategoryTreeTest",""
"","22","member can tombstone their own row (self-leave: role and status unchanged)","","2026-07-23","passed","2026-07-23","","tombstone update shape (push-side soft delete)","tombstone update shape (push-side soft delete) member can tombstone their own row (self-leave: role and status unchanged)",""
"","14","category seed failure returns LocalWriteFailed and skips remote work and pin[jvm]","","2026-07-23","passed","2026-07-23","","CreateWorkspaceUseCaseTest[jvm]","com.georgeci.moneysurfer.domain.usecase.CreateWorkspaceUseCaseTest",""
"","10","cancellation between documents aborts the pull[jvm]","","2026-07-23","passed","2026-07-23","","PullRemoteChangesUseCaseImplSpec[jvm]","com.georgeci.moneysurfer.data.sync.PullRemoteChangesUseCaseImplSpec",""
"","1","uppercases hex letters[jvm]","","2026-07-23","passed","2026-07-23","","TransactionReferenceTest[jvm]","com.georgeci.moneysurfer.domain.model.TransactionReferenceTest",""
"","17","an offline workspace with no accounts returns to the first-run account screen[jvm]","","2026-07-23","passed","2026-07-23","","StartRouteTest[jvm]","com.georgeci.moneysurfer.navigation.StartRouteTest",""
"","24","owner can hard-delete an invite (account-deletion purge)","","2026-07-23","passed","2026-07-23","","invites — update / delete","invites — update / delete owner can hard-delete an invite (account-deletion purge)",""
"","8","PullingCollection defaults current and total to null[jvm]","","2026-07-23","passed","2026-07-23","","SyncStepSpec[jvm]","com.georgeci.moneysurfer.sync.api.SyncStepSpec",""
"","1","ignores planned rows[jvm]","","2026-07-23","passed","2026-07-23","","RecalculateAccountBalanceUseCaseTest[jvm]","com.georgeci.moneysurfer.domain.usecase.RecalculateAccountBalanceUseCaseTest",""
"","1","offline build resolves SignInFeatureConfig with only demo enabled()[jvm]","","2026-07-23","passed","2026-07-23","","OfflineSignInFeatureConfigTest[jvm]","com.georgeci.moneysurfer.offline.di.OfflineSignInFeatureConfigTest",""
"","4","a child whose parent is absent is shown as a root rather than hidden[jvm]","","2026-07-23","passed","2026-07-23","","CategoryTreeTest[jvm]","com.georgeci.moneysurfer.domain.model.CategoryTreeTest",""
"","9","missing manifest entry surfaces InvalidArchive[jvm]","","2026-07-23","passed","2026-07-23","","BackupImporterImplJvmTest[jvm]","com.georgeci.moneysurfer.data.backup.BackupImporterImplJvmTest",""
"","17","unauthenticated user is denied","","2026-07-23","passed","2026-07-23","","workspaces/{wid}","workspaces/{wid} unauthenticated user is denied",""
"","44","insert + getById round-trips snapshots and timestamps[jvm]","","2026-07-23","passed","2026-07-23","","WorkspaceMemberRepositoryIntegrationIT[jvm]","com.georgeci.moneysurfer.integration.repository.WorkspaceMemberRepositoryIntegrationIT",""
"","118","owner with no other members purges the workspace, subcollections before the root doc[jvm]","","2026-07-23","passed","2026-07-23","","UserAccountDeletionRepositoryImplTest[jvm]","com.georgeci.moneysurfer.data.repository.UserAccountDeletionRepositoryImplTest",""
"","38","index follows the content table on update and delete[jvm]","","2026-07-23","passed","2026-07-23","","TransactionFtsIntegrationIT[jvm]","com.georgeci.moneysurfer.integration.repository.TransactionFtsIntegrationIT",""
"","4","pendingCount excludes IN_FLIGHT rows[jvm]","","2026-07-23","passed","2026-07-23","","PendingMutationQueueImplSpec[jvm]","com.georgeci.moneysurfer.sync.internal.repository.PendingMutationQueueImplSpec",""
"","11","cancelCurrent terminates running with Cancelled[jvm]","","2026-07-23","passed","2026-07-23","","SyncCoordinatorImplSpec[jvm]","com.georgeci.moneysurfer.sync.coordinator.SyncCoordinatorImplSpec",""
"","42","attacker CANNOT self-create by pointing at an invite addressed to someone else","","2026-07-23","passed","2026-07-23","","workspaces/{wid}/members/{uid}","workspaces/{wid}/members/{uid} attacker CANNOT self-create by pointing at an invite addressed to someone else",""
"","4","an ARCHIVED goal rejects new contributions[jvm]","","2026-07-23","passed","2026-07-23","","GoalContributionUseCaseTest[jvm]","com.georgeci.moneysurfer.domain.usecase.GoalContributionUseCaseTest",""
"","1","cancel invokes the supplied cancelAction once[jvm]","","2026-07-23","passed","2026-07-23","","SyncHandleImplSpec[jvm]","com.georgeci.moneysurfer.sync.coordinator.SyncHandleImplSpec",""
"","107","member can read","","2026-07-23","passed","2026-07-23","","member-gated entities (accounts)","member-gated entities (accounts) member can read",""
"","4","copy preserves equality[jvm]","","2026-07-23","passed","2026-07-23","","SyncConstraintsSpec[jvm]","com.georgeci.moneysurfer.sync.scheduler.SyncConstraintsSpec",""
"","19","rejects a contribution whose goalId is a number","","2026-07-23","passed","2026-07-23","","savings goals (issue #244)","savings goals (issue #244) rejects a contribution whose goalId is a number",""
"","1","a PAUSED goal still allows a withdrawal[jvm]","","2026-07-23","passed","2026-07-23","","GoalContributionUseCaseTest[jvm]","com.georgeci.moneysurfer.domain.usecase.GoalContributionUseCaseTest",""
"","5","EmulatorClientSmokeSpec[jvm]","","2026-07-23","passed","2026-07-23","","Gradle Test Run :sync-surfer:jvmTest[jvm]","Gradle Test Run :sync-surfer:jvmTest",""
"","3","the monthly average divides by the whole window, not by the months with spend[jvm]","","2026-07-23","passed","2026-07-23","","CategorySpendHistoryTest[jvm]","com.georgeci.moneysurfer.domain.model.CategorySpendHistoryTest",""
"","12","syncWorkspace still switches the active workspace when sync is disabled[jvm]","","2026-07-23","passed","2026-07-23","","SyncCoordinatorWorkspaceSyncerSpec[jvm]","com.georgeci.moneysurfer.data.sync.SyncCoordinatorWorkspaceSyncerSpec",""
"","17","markRemoved on missing row is a no-op[jvm]","","2026-07-23","passed","2026-07-23","","WorkspaceMemberRepositoryDualWriteSpec[jvm]","com.georgeci.moneysurfer.data.repository.WorkspaceMemberRepositoryDualWriteSpec",""
"","13","a rejected save keeps the user on the screen with their input[jvm]","","2026-07-23","passed","2026-07-23","","GoalEditViewModelTest[jvm]","com.georgeci.moneysurfer.feature.goal.edit.GoalEditViewModelTest",""
"","1","PULL order is workspace → members → invites → accounts → categories → transactions[jvm]","","2026-07-23","passed","2026-07-23","","SyncStepOrderTest[jvm]","com.georgeci.moneysurfer.domain.model.SyncStepOrderTest",""
"","10","repairs lagging accounts when the workspace currency already matches (retry path)[jvm]","","2026-07-23","passed","2026-07-23","","UpdateWorkspaceCurrencyUseCaseTest[jvm]","com.georgeci.moneysurfer.domain.usecase.UpdateWorkspaceCurrencyUseCaseTest",""
"","18","each creation generates a fresh workspace id and re-pins the newest one[jvm]","","2026-07-23","passed","2026-07-23","","CreateWorkspaceUseCaseTest[jvm]","com.georgeci.moneysurfer.domain.usecase.CreateWorkspaceUseCaseTest",""
"","2","a blank status falls back to ACTIVE rather than an unparseable enum name[jvm]","","2026-07-23","passed","2026-07-23","","GoalDtoMapperSpec[jvm]","com.georgeci.moneysurfer.data.sync.GoalDtoMapperSpec",""
"","26","Idle is a singleton object[jvm]","","2026-07-23","passed","2026-07-23","","SyncStateSpec[jvm]","com.georgeci.moneysurfer.sync.api.SyncStateSpec",""
"","6","'42,123' (comma with three cents)[jvm]","","2026-07-23","passed","2026-07-23","","AmountInputTransformationTest[jvm]","com.georgeci.moneysurfer.utils.AmountInputTransformationTest",""
"","2","ProjectionSummary copy preserves equality semantics[jvm]","","2026-07-23","passed","2026-07-23","","ProjectionSpec[jvm]","com.georgeci.moneysurfer.sync.projection.ProjectionSpec",""
"","2","malformed -> null[jvm]","","2026-07-23","passed","2026-07-23","","TimeFormatterTest[jvm]","com.georgeci.moneysurfer.data.repository.TimeFormatterTest",""
"","10","a row whose category belongs to a different workspace is rejected[jvm]","","2026-07-23","passed","2026-07-23","","ExportImportTransactionsUseCaseTest[jvm]","com.georgeci.moneysurfer.domain.csv.ExportImportTransactionsUseCaseTest",""
"","13","shutdown is idempotent — repeated calls keep cancelling[jvm]","","2026-07-23","passed","2026-07-23","","SessionShutdownGateImplSpec[jvm]","com.georgeci.moneysurfer.data.sync.SessionShutdownGateImplSpec",""
"","3","creating a goal in another currency is rejected[jvm]","","2026-07-23","passed","2026-07-23","","SavingsGoalUseCaseTest[jvm]","com.georgeci.moneysurfer.domain.usecase.SavingsGoalUseCaseTest",""
"","1","rejects same-account transfer[jvm]","","2026-07-23","passed","2026-07-23","","CreateTransferUseCaseTest[jvm]","com.georgeci.moneysurfer.domain.usecase.CreateTransferUseCaseTest",""
"","8","recalc runs when downloadedCount > 0[jvm]","","2026-07-23","passed","2026-07-23","","SyncCoordinatorImplSpec[jvm]","com.georgeci.moneysurfer.sync.coordinator.SyncCoordinatorImplSpec",""
"","18","stranger cannot hard-delete the workspace doc","","2026-07-23","passed","2026-07-23","","workspaces/{wid}","workspaces/{wid} stranger cannot hard-delete the workspace doc",""
"","41","invitee cannot flip ACCEPTED → DECLINED (terminal state immutable)","","2026-07-23","passed","2026-07-23","","invites — update / delete","invites — update / delete invitee cannot flip ACCEPTED → DECLINED (terminal state immutable)",""
"","26","matches the merchant column, not just the note[jvm]","","2026-07-23","passed","2026-07-23","","TransactionFtsIntegrationIT[jvm]","com.georgeci.moneysurfer.integration.repository.TransactionFtsIntegrationIT",""
"","5","wrong-password (FIRAuth 17009) classifies as InvalidCredentials[jvm]","","2026-07-23","passed","2026-07-23","","AuthErrorClassificationTest[jvm]","com.georgeci.moneysurfer.data.repository.AuthErrorClassificationTest",""
"","1","removes case-insensitive duplicates keeping the first spelling[jvm]","","2026-07-23","passed","2026-07-23","","TransactionTagsTest[jvm]","com.georgeci.moneysurfer.domain.model.TransactionTagsTest",""
"","2","manifest JSON survives serialization[jvm]","","2026-07-23","passed","2026-07-23","","ZipStoredCodecTest[jvm]","com.georgeci.moneysurfer.data.backup.ZipStoredCodecTest",""
"","4","totals for categories outside the subtree are ignored[jvm]","","2026-07-23","passed","2026-07-23","","CategorySpendHistoryTest[jvm]","com.georgeci.moneysurfer.domain.model.CategorySpendHistoryTest",""
"","6","non-owner never purges someone else's workspace, even when alone in it[jvm]","","2026-07-23","passed","2026-07-23","","UserAccountDeletionRepositoryImplTest[jvm]","com.georgeci.moneysurfer.data.repository.UserAccountDeletionRepositoryImplTest",""
"","44","toScope maps each reason[jvm]","","2026-07-23","passed","2026-07-23","","SyncScopeSpec[jvm]","com.georgeci.moneysurfer.sync.api.SyncScopeSpec",""
"","3","AllUserData does NOT fall back to the local workspace when the provider is empty[jvm]","","2026-07-23","passed","2026-07-23","","PullRemoteChangesUseCaseImplSpec[jvm]","com.georgeci.moneysurfer.data.sync.PullRemoteChangesUseCaseImplSpec",""
"","958","adding money records a positive contribution[jvm]","","2026-07-23","passed","2026-07-23","","GoalContributionViewModelTest[jvm]","com.georgeci.moneysurfer.feature.goal.contribution.GoalContributionViewModelTest",""
"","6","happy path: marks target REMOVED[jvm]","","2026-07-23","passed","2026-07-23","","RemoveMemberUseCaseTest[jvm]","com.georgeci.moneysurfer.domain.usecase.RemoveMemberUseCaseTest",""
"","6","onStepEntered handles every SyncStep variant including parameterised ones[jvm]","","2026-07-23","passed","2026-07-23","","KermitSyncTelemetrySpec[jvm]","com.georgeci.moneysurfer.sync.internal.telemetry.KermitSyncTelemetrySpec",""
"","2","RecalculatingProjections title[jvm]","","2026-07-23","passed","2026-07-23","","SyncStepSpec[jvm]","com.georgeci.moneysurfer.sync.api.SyncStepSpec",""
"","4","throwIfCancelled does nothing when active[jvm]","","2026-07-23","passed","2026-07-23","","SyncCancelTokenSpec[jvm]","com.georgeci.moneysurfer.sync.api.SyncCancelTokenSpec",""
"","89","deleting a category then re-inserting it restores the row[jvm]","","2026-07-23","passed","2026-07-23","","DeleteUndoIntegrationIT[jvm]","com.georgeci.moneysurfer.integration.repository.DeleteUndoIntegrationIT",""
"","1","online build registers OfflineBuildFlags with isOffline false()[jvm]","","2026-07-23","passed","2026-07-23","","OnlineSignInModuleTest[jvm]","com.georgeci.moneysurfer.di.OnlineSignInModuleTest",""
"","5","no-op when role unchanged[jvm]","","2026-07-23","passed","2026-07-23","","ChangeMemberRoleUseCaseTest[jvm]","com.georgeci.moneysurfer.domain.usecase.ChangeMemberRoleUseCaseTest",""
"","7","CompositeCancelToken cancelled when all children cancelled[jvm]","","2026-07-23","passed","2026-07-23","","SyncCancelTokenSpec[jvm]","com.georgeci.moneysurfer.sync.api.SyncCancelTokenSpec",""
"","40","insert + getById round-trips all columns including snapshots[jvm]","","2026-07-23","passed","2026-07-23","","WorkspaceInviteRepositoryIntegrationIT[jvm]","com.georgeci.moneysurfer.integration.repository.WorkspaceInviteRepositoryIntegrationIT",""
"","14","a row whose account belongs to a different workspace is rejected[jvm]","","2026-07-23","passed","2026-07-23","","ExportImportTransactionsUseCaseTest[jvm]","com.georgeci.moneysurfer.domain.csv.ExportImportTransactionsUseCaseTest",""
"","111","failed push keeps the mutation pending with bumped attempts and a retry drains it[jvm]","","2026-07-23","passed","2026-07-23","","WorkspaceCreationSyncIntegrationIT[jvm]","com.georgeci.moneysurfer.integration.sync.WorkspaceCreationSyncIntegrationIT",""
"","413","encrypted import without a passphrase surfaces PassphraseRequired[jvm]","","2026-07-23","passed","2026-07-23","","BackupEncryptedRoundTripJvmTest[jvm]","com.georgeci.moneysurfer.data.backup.BackupEncryptedRoundTripJvmTest",""
"","56","member can read and create a goal","","2026-07-23","passed","2026-07-23","","savings goals (issue #244)","savings goals (issue #244) member can read and create a goal",""
"","7","pausing a goal keeps its progress[jvm]","","2026-07-23","passed","2026-07-23","","SavingsGoalUseCaseTest[jvm]","com.georgeci.moneysurfer.domain.usecase.SavingsGoalUseCaseTest",""
"","0","'1.2.3' (multiple dots)[jvm]","","2026-07-23","passed","2026-07-23","","AmountInputTransformationTest[jvm]","com.georgeci.moneysurfer.utils.AmountInputTransformationTest",""
"","63","export writes manifest first followed by main DB and DataStore entries[jvm]","","2026-07-23","passed","2026-07-23","","BackupExporterImplJvmTest[jvm]","com.georgeci.moneysurfer.data.backup.BackupExporterImplJvmTest",""
"","18","offline finish seeds the workspace before handing off to account creation[jvm]","","2026-07-23","passed","2026-07-23","","OnboardingViewModelTest[jvm]","com.georgeci.moneysurfer.feature.login.onboarding.OnboardingViewModelTest",""
"","18","addWorkspaceRef failure does not block setDefaultWorkspace[jvm]","","2026-07-23","passed","2026-07-23","","CreateWorkspaceUseCaseTest[jvm]","com.georgeci.moneysurfer.domain.usecase.CreateWorkspaceUseCaseTest",""
"","8","creating a goal in the workspace base currency succeeds[jvm]","","2026-07-23","passed","2026-07-23","","SavingsGoalUseCaseTest[jvm]","com.georgeci.moneysurfer.domain.usecase.SavingsGoalUseCaseTest",""
"","247","no-such-user (FIRAuth 17011) classifies as InvalidCredentials[jvm]","","2026-07-23","passed","2026-07-23","","AuthErrorClassificationTest[jvm]","com.georgeci.moneysurfer.data.repository.AuthErrorClassificationTest",""
"","5","cancelCurrent with no running sync is a no-op[jvm]","","2026-07-23","passed","2026-07-23","","SyncCoordinatorImplBranchSpec[jvm]","com.georgeci.moneysurfer.sync.coordinator.SyncCoordinatorImplBranchSpec",""
"","8","raises WorkspaceNotFound when the workspace does not exist[jvm]","","2026-07-23","passed","2026-07-23","","UpdateWorkspaceCurrencyUseCaseTest[jvm]","com.georgeci.moneysurfer.domain.usecase.UpdateWorkspaceCurrencyUseCaseTest",""
"","1","set merge picks smallest bounded timeout[jvm]","","2026-07-23","passed","2026-07-23","","NetworkWaitModeSpec[jvm]","com.georgeci.moneysurfer.sync.network.NetworkWaitModeSpec",""
"","24","happy path: creates ACTIVE member with invite role + marks invite ACCEPTED[jvm]","","2026-07-23","passed","2026-07-23","","AcceptInviteUseCaseTest[jvm]","com.georgeci.moneysurfer.domain.usecase.AcceptInviteUseCaseTest",""
"","1","empty history yields zero[jvm]","","2026-07-23","passed","2026-07-23","","RecalculateAccountBalanceUseCaseTest[jvm]","com.georgeci.moneysurfer.domain.usecase.RecalculateAccountBalanceUseCaseTest",""
"","10","Unsupported app version short-circuits the sync with UnsupportedAppVersion[jvm]","","2026-07-23","passed","2026-07-23","","SyncCoordinatorImplSpec[jvm]","com.georgeci.moneysurfer.sync.coordinator.SyncCoordinatorImplSpec",""
"","19","non-owner cannot edit another member's row","","2026-07-23","passed","2026-07-23","","workspaces/{wid}/members/{uid}","workspaces/{wid}/members/{uid} non-owner cannot edit another member's row",""
"","45","owner can create a PENDING invite stamped with their uid","","2026-07-23","passed","2026-07-23","","invites — write","invites — write owner can create a PENDING invite stamped with their uid",""
"","6","reason mapping for user-initiated reasons is Indefinite[jvm]","","2026-07-23","passed","2026-07-23","","NetworkWaitModeSpec[jvm]","com.georgeci.moneysurfer.sync.network.NetworkWaitModeSpec",""
"","3","delete unwinds impact and removes the row[jvm]","","2026-07-23","passed","2026-07-23","","ApplyTransactionChangeUseCaseTest[jvm]","com.georgeci.moneysurfer.domain.usecase.ApplyTransactionChangeUseCaseTest",""
"","8","income contributes +amount on its account[jvm]","","2026-07-23","passed","2026-07-23","","BalanceImpactTest[jvm]","com.georgeci.moneysurfer.domain.model.BalanceImpactTest",""
"","20","rejects a goal whose hue is a string","","2026-07-23","passed","2026-07-23","","savings goals (issue #244)","savings goals (issue #244) rejects a goal whose hue is a string",""
"","1","'.' -> '.'[jvm]","","2026-07-23","passed","2026-07-23","","AmountInputTransformationTest[jvm]","com.georgeci.moneysurfer.utils.AmountInputTransformationTest",""
"","33","accepts a nullable field set explicitly to null (deletedAt)","","2026-07-23","passed","2026-07-23","","entity write-shape validation (issue #156)","entity write-shape validation (issue #156) accepts a nullable field set explicitly to null (deletedAt)",""
"","21","case mismatch between email claim and key is rejected","","2026-07-23","passed","2026-07-23","","userEmails/{email}","userEmails/{email} case mismatch between email claim and key is rejected",""
"","4","rejects when target is not a member[jvm]","","2026-07-23","passed","2026-07-23","","RemoveMemberUseCaseTest[jvm]","com.georgeci.moneysurfer.domain.usecase.RemoveMemberUseCaseTest",""
"","3","default constraints disable network/charging gates and require non-low battery[jvm]","","2026-07-23","passed","2026-07-23","","SyncConstraintsSpec[jvm]","com.georgeci.moneysurfer.sync.scheduler.SyncConstraintsSpec",""
"","2","ConflictResolution.TakeRemote carries the remote value[jvm]","","2026-07-23","passed","2026-07-23","","ConflictResolverSpec[jvm]","com.georgeci.moneysurfer.sync.repository.ConflictResolverSpec",""
"","8","markInFlight with empty list is a no-op[jvm]","","2026-07-23","passed","2026-07-23","","PendingMutationQueueImplSpec[jvm]","com.georgeci.moneysurfer.data.sync.PendingMutationQueueImplSpec",""
"","58","rejects a poison update of an existing category (hue as string)","","2026-07-23","passed","2026-07-23","","entity write-shape validation (issue #156)","entity write-shape validation (issue #156) rejects a poison update of an existing category (hue as string)",""
"","13","enqueue stores entity with PENDING status and roundtrips fields[jvm]","","2026-07-23","passed","2026-07-23","","PendingMutationQueueImplSpec[jvm]","com.georgeci.moneysurfer.sync.internal.repository.PendingMutationQueueImplSpec",""
"","38","sender cannot remove entries from invitedWorkspaceIds","","2026-07-23","passed","2026-07-23","","users/{uid} — invitedWorkspaceIds cross-user append","users/{uid} — invitedWorkspaceIds cross-user append sender cannot remove entries from invitedWorkspaceIds",""
"","1","remote newer than local → take remote[jvm]","","2026-07-23","passed","2026-07-23","","LwwConflictResolverSpec[jvm]","com.georgeci.moneysurfer.sync.repository.LwwConflictResolverSpec",""
"","7","email is normalised before the mapping lookup[jvm]","","2026-07-23","passed","2026-07-23","","UserAccountDeletionRepositoryImplTest[jvm]","com.georgeci.moneysurfer.data.repository.UserAccountDeletionRepositoryImplTest",""
"","33","owner can remove entries from their own invitedWorkspaceIds","","2026-07-23","passed","2026-07-23","","users/{uid} — invitedWorkspaceIds cross-user append","users/{uid} — invitedWorkspaceIds cross-user append owner can remove entries from their own invitedWorkspaceIds",""
"","45","member can create + read in recurringRules","","2026-07-23","passed","2026-07-23","","member-gated entities (smoke for the rest)","member-gated entities (smoke for the rest) member can create + read in recurringRules",""
"","2","onSyncCancelled runs without error[jvm]","","2026-07-23","passed","2026-07-23","","KermitSyncTelemetrySpec[jvm]","com.georgeci.moneysurfer.sync.internal.telemetry.KermitSyncTelemetrySpec",""
"","2","restore on already-active account is a no-op success[jvm]","","2026-07-23","passed","2026-07-23","","ArchiveAccountUseCaseTest[jvm]","com.georgeci.moneysurfer.domain.usecase.ArchiveAccountUseCaseTest",""
"","0","'999999.99' -> '999999.99'[jvm]","","2026-07-23","passed","2026-07-23","","AmountInputTransformationTest[jvm]","com.georgeci.moneysurfer.utils.AmountInputTransformationTest",""
"","3928","app module graph resolves()[jvm]","","2026-07-23","passed","2026-07-23","","KoinModuleVerificationTest[jvm]","com.georgeci.moneysurfer.di.KoinModuleVerificationTest",""
"","3","'0,99' -> '0.99'[jvm]","","2026-07-23","passed","2026-07-23","","AmountInputTransformationTest[jvm]","com.georgeci.moneysurfer.utils.AmountInputTransformationTest",""
"","22","non-member cannot read the roster","","2026-07-23","passed","2026-07-23","","workspaces/{wid}/members/{uid}","workspaces/{wid}/members/{uid} non-member cannot read the roster",""
"","9","unparseable operation date is rejected as invalid operation_date[jvm]","","2026-07-23","passed","2026-07-23","","TransactionCsvCodecTest[jvm]","com.georgeci.moneysurfer.domain.csv.TransactionCsvCodecTest",""
"","4","enqueueUpsert rejects DELETE — must call enqueueDelete instead[jvm]","","2026-07-23","passed","2026-07-23","","OutboxEnqueuerImplSpec[jvm]","com.georgeci.moneysurfer.sync.repository.OutboxEnqueuerImplSpec",""
"","32","enqueue persists a row with PENDING status[jvm]","","2026-07-23","passed","2026-07-23","","PendingMutationQueueImplSpec[jvm]","com.georgeci.moneysurfer.data.sync.PendingMutationQueueImplSpec",""
"","523","wrong passphrase is rejected before decryption[jvm]","","2026-07-23","passed","2026-07-23","","EncryptedBackupCodecTest[jvm]","com.georgeci.moneysurfer.data.backup.EncryptedBackupCodecTest",""
"","1","preserves the order the user typed[jvm]","","2026-07-23","passed","2026-07-23","","TransactionTagsTest[jvm]","com.georgeci.moneysurfer.domain.model.TransactionTagsTest",""
"","195","format positive amount in USD with US locale[jvm]","","2026-07-23","passed","2026-07-23","","MoneyFormatterTest[jvm]","com.georgeci.moneysurfer.domain.MoneyFormatterTest",""
"","5","explicit value is preserved[jvm]","","2026-07-23","passed","2026-07-23","","SyncRequestIdSpec[jvm]","com.georgeci.moneysurfer.sync.api.SyncRequestIdSpec",""
"","3","a category that is not in the list yields an empty trend rather than throwing[jvm]","","2026-07-23","passed","2026-07-23","","CategorySpendHistoryTest[jvm]","com.georgeci.moneysurfer.domain.model.CategorySpendHistoryTest",""
"","8","the system Transfer category keeps its fixed appearance whatever its id hashes to[jvm]","","2026-07-23","passed","2026-07-23","","CategoryAppearanceTest[jvm]","com.georgeci.moneysurfer.domain.model.CategoryAppearanceTest",""
"","1","missing workspace root document is not counted and does not fail the pull[jvm]","","2026-07-23","passed","2026-07-23","","PullRemoteChangesUseCaseImplSpec[jvm]","com.georgeci.moneysurfer.data.sync.PullRemoteChangesUseCaseImplSpec",""
"","27","amount_minor at the domain cap is accepted[jvm]","","2026-07-23","passed","2026-07-23","","TransactionCsvCodecTest[jvm]","com.georgeci.moneysurfer.domain.csv.TransactionCsvCodecTest",""
"","1","collapses whitespace runs left behind by separator stripping[jvm]","","2026-07-23","passed","2026-07-23","","TransactionTagsTest[jvm]","com.georgeci.moneysurfer.domain.model.TransactionTagsTest",""
"","22","rejects a contribution whose amount is a string","","2026-07-23","passed","2026-07-23","","savings goals (issue #244)","savings goals (issue #244) rejects a contribution whose amount is a string",""
"","0","iso=2026-05-05[jvm]","","2026-07-23","passed","2026-07-23","","TimeFormatterTest[jvm]","com.georgeci.moneysurfer.data.repository.TimeFormatterTest",""
"","6","case-insensitive email match[jvm]","","2026-07-23","passed","2026-07-23","","AcceptInviteUseCaseTest[jvm]","com.georgeci.moneysurfer.domain.usecase.AcceptInviteUseCaseTest",""
"","34","Running carries id, reasons, scope, currentStep[jvm]","","2026-07-23","passed","2026-07-23","","SyncStateSpec[jvm]","com.georgeci.moneysurfer.sync.api.SyncStateSpec",""
"","23","user CANNOT self-promote their role","","2026-07-23","passed","2026-07-23","","workspaces/{wid}/members/{uid}","workspaces/{wid}/members/{uid} user CANNOT self-promote their role",""
"","602","unicode passphrases round-trip and are distinct from lookalikes[jvm]","","2026-07-23","passed","2026-07-23","","EncryptedBackupCodecTest[jvm]","com.georgeci.moneysurfer.data.backup.EncryptedBackupCodecTest",""
"","8","blank category id decodes to null instead of failing[jvm]","","2026-07-23","passed","2026-07-23","","TransactionCsvCodecTest[jvm]","com.georgeci.moneysurfer.domain.csv.TransactionCsvCodecTest",""
"","51","member can create + read in budgets","","2026-07-23","passed","2026-07-23","","member-gated entities (smoke for the rest)","member-gated entities (smoke for the rest) member can create + read in budgets",""
"","5","'123' -> '123'[jvm]","","2026-07-23","passed","2026-07-23","","AmountInputTransformationTest[jvm]","com.georgeci.moneysurfer.utils.AmountInputTransformationTest",""
"","12","SyncHandleStatus.Queued is singleton[jvm]","","2026-07-23","passed","2026-07-23","","SyncStateSpec[jvm]","com.georgeci.moneysurfer.sync.api.SyncStateSpec",""
"","11","redactEmail returns a fixed marker for malformed input[jvm]","","2026-07-23","passed","2026-07-23","","PiiRedactionTest[jvm]","com.georgeci.moneysurfer.domain.logging.PiiRedactionTest",""
"","18","non-owner member cannot update workspace metadata","","2026-07-23","passed","2026-07-23","","workspaces/{wid}","workspaces/{wid} non-owner member cannot update workspace metadata",""
"","1","debug builds keep verbose logging[jvm]","","2026-07-23","passed","2026-07-23","","LoggingConfigTest[jvm]","com.georgeci.moneysurfer.domain.logging.LoggingConfigTest",""
"","49","plain backups report isPassphraseProtected = false and import unchanged[jvm]","","2026-07-23","passed","2026-07-23","","BackupEncryptedRoundTripJvmTest[jvm]","com.georgeci.moneysurfer.data.backup.BackupEncryptedRoundTripJvmTest",""
"","7","SyncHandleStatus.Failed carries error[jvm]","","2026-07-23","passed","2026-07-23","","SyncStateSpec[jvm]","com.georgeci.moneysurfer.sync.api.SyncStateSpec",""
"","42","patch stamps deletedAt and updatedAt from the mutation enqueue time[jvm]","","2026-07-23","passed","2026-07-23","","TombstonePatchSpec[jvm]","com.georgeci.moneysurfer.data.sync.plugin.TombstonePatchSpec",""
"","11","pending respects limit[jvm]","","2026-07-23","passed","2026-07-23","","PendingMutationQueueImplSpec[jvm]","com.georgeci.moneysurfer.data.sync.PendingMutationQueueImplSpec",""
"","2","'999999' -> '999999'[jvm]","","2026-07-23","passed","2026-07-23","","AmountInputTransformationTest[jvm]","com.georgeci.moneysurfer.utils.AmountInputTransformationTest",""
"","6","note with commas quotes and newlines survives a full CSV round-trip[jvm]","","2026-07-23","passed","2026-07-23","","TransactionCsvCodecTest[jvm]","com.georgeci.moneysurfer.domain.csv.TransactionCsvCodecTest",""
"","4","creates workspace, default categories, and a Cash account on first run[jvm]","","2026-07-23","passed","2026-07-23","","SeedDefaultsUseCaseTest[jvm]","com.georgeci.moneysurfer.domain.usecase.SeedDefaultsUseCaseTest",""
"","45","rejected payload never replaces the live DB and leaves no temp files[jvm]","","2026-07-23","passed","2026-07-23","","BackupImporterImplJvmTest[jvm]","com.georgeci.moneysurfer.data.backup.BackupImporterImplJvmTest",""
"","7","a blank accountId decodes to null[jvm]","","2026-07-23","passed","2026-07-23","","GoalDtoMapperSpec[jvm]","com.georgeci.moneysurfer.data.sync.GoalDtoMapperSpec",""
"","6","redactEmail never leaks the raw address[jvm]","","2026-07-23","passed","2026-07-23","","PiiRedactionTest[jvm]","com.georgeci.moneysurfer.domain.logging.PiiRedactionTest",""
"","19","user cannot read another user's document","","2026-07-23","passed","2026-07-23","","users/{uid}","users/{uid} user cannot read another user's document",""
"","1","delegate constructor preserves the supplied context[jvm]","","2026-07-23","passed","2026-07-23","","ApplicationScopeSpec[jvm]","com.georgeci.moneysurfer.sync.runtime.ApplicationScopeSpec",""
"","25","from wraps single request as merged with one child[jvm]","","2026-07-23","passed","2026-07-23","","MergedSyncRequestSpec[jvm]","com.georgeci.moneysurfer.sync.coordinator.MergedSyncRequestSpec",""
"","1427","inserts account with USD and round-trips currency + balance[jvm]","","2026-07-23","passed","2026-07-23","","AccountCreationIntegrationIT[jvm]","com.georgeci.moneysurfer.integration.repository.AccountCreationIntegrationIT",""
"","4","redactUid fully masks short values[jvm]","","2026-07-23","passed","2026-07-23","","PiiRedactionTest[jvm]","com.georgeci.moneysurfer.domain.logging.PiiRedactionTest",""
"","1","ignores REMOVED ex-members when checking duplicates[jvm]","","2026-07-23","passed","2026-07-23","","SendInviteUseCaseTest[jvm]","com.georgeci.moneysurfer.domain.usecase.SendInviteUseCaseTest",""
"","7","LastSyncOutcome.Failed carries error and timestamp[jvm]","","2026-07-23","passed","2026-07-23","","SyncStateSpec[jvm]","com.georgeci.moneysurfer.sync.api.SyncStateSpec",""
"","7","archive missing the DataStore entry surfaces MissingFile[jvm]","","2026-07-23","passed","2026-07-23","","BackupImporterImplJvmTest[jvm]","com.georgeci.moneysurfer.data.backup.BackupImporterImplJvmTest",""
"","23","accepts a transaction with merchant, tags and recurringRuleId","","2026-07-23","passed","2026-07-23","","entity write-shape validation (issue #156)","entity write-shape validation (issue #156) accepts a transaction with merchant, tags and recurringRuleId",""
"","8","opening_balance contributes +amount on its account[jvm]","","2026-07-23","passed","2026-07-23","","BalanceImpactTest[jvm]","com.georgeci.moneysurfer.domain.model.BalanceImpactTest",""
"","94","online build registers SignInFeatureConfig with every entry point enabled()[jvm]","","2026-07-23","passed","2026-07-23","","OnlineSignInModuleTest[jvm]","com.georgeci.moneysurfer.di.OnlineSignInModuleTest",""
"","1","caps at MAX_TAGS[jvm]","","2026-07-23","passed","2026-07-23","","TransactionTagsTest[jvm]","com.georgeci.moneysurfer.domain.model.TransactionTagsTest",""
"","35","demo session (no Firebase uid) writes local rows but keeps the outbox empty[jvm]","","2026-07-23","passed","2026-07-23","","WorkspaceCreationSyncIntegrationIT[jvm]","com.georgeci.moneysurfer.integration.sync.WorkspaceCreationSyncIntegrationIT",""
"","2","descendantsOf terminates on a cycle instead of looping forever[jvm]","","2026-07-23","passed","2026-07-23","","CategoryTreeTest[jvm]","com.georgeci.moneysurfer.domain.model.CategoryTreeTest",""
"","41","authenticated user can read app config","","2026-07-23","passed","2026-07-23","","appConfig/{docId}","appConfig/{docId} authenticated user can read app config",""
"","4","pending excludes IN_FLIGHT rows after markInFlight[jvm]","","2026-07-23","passed","2026-07-23","","PendingMutationQueueImplSpec[jvm]","com.georgeci.moneysurfer.sync.internal.repository.PendingMutationQueueImplSpec",""
"","6","creates the system Transfer category lazily when the workspace is missing it[jvm]","","2026-07-23","passed","2026-07-23","","CreateTransferUseCaseTest[jvm]","com.georgeci.moneysurfer.domain.usecase.CreateTransferUseCaseTest",""
"","1","actual → planned unwinds full impact[jvm]","","2026-07-23","passed","2026-07-23","","CalculateBalanceDeltaTest[jvm]","com.georgeci.moneysurfer.domain.model.CalculateBalanceDeltaTest",""
"","110","main DB payload without the SQLite header surfaces CorruptDatabase[jvm]","","2026-07-23","passed","2026-07-23","","BackupImporterImplJvmTest[jvm]","com.georgeci.moneysurfer.data.backup.BackupImporterImplJvmTest",""
"","1","anonymous flow (null password) skips re-auth[jvm]","","2026-07-23","passed","2026-07-23","","DeleteUserAccountUseCaseTest[jvm]","com.georgeci.moneysurfer.domain.usecase.DeleteUserAccountUseCaseTest",""
"","20","stranger cannot transition someone else's invite","","2026-07-23","passed","2026-07-23","","invites — update / delete","invites — update / delete stranger cannot transition someone else's invite",""
"","5","reads the outbox with the default batch limit[jvm]","","2026-07-23","passed","2026-07-23","","UploadPendingChangesUseCaseImplSpec[jvm]","com.georgeci.moneysurfer.data.sync.UploadPendingChangesUseCaseImplSpec",""
"","3","PermissionDenied is not retryable[jvm]","","2026-07-23","passed","2026-07-23","","SyncErrorSpec[jvm]","com.georgeci.moneysurfer.sync.api.SyncErrorSpec",""
"","5","mergeScope UploadOnly with UploadOnly stays UploadOnly[jvm]","","2026-07-23","passed","2026-07-23","","SyncScopeSpec[jvm]","com.georgeci.moneysurfer.sync.api.SyncScopeSpec",""
"","64","an evicted (REMOVED) member can no longer write","","2026-07-23","passed","2026-07-23","","member-gated entities (accounts)","member-gated entities (accounts) an evicted (REMOVED) member can no longer write",""
"","49","EXPENSE creation persists row and decreases account balance by amount[jvm]","","2026-07-23","passed","2026-07-23","","TransactionCreationIntegrationIT[jvm]","com.georgeci.moneysurfer.integration.repository.TransactionCreationIntegrationIT",""
"","2","existing user with null defaultWorkspaceId falls back to the first workspace[jvm]","","2026-07-23","passed","2026-07-23","","PostAuthBootstrapUseCaseTest[jvm]","com.georgeci.moneysurfer.domain.usecase.PostAuthBootstrapUseCaseTest",""
"","11","a legacy note starting with a literal apostrophe decodes unchanged[jvm]","","2026-07-23","passed","2026-07-23","","TransactionCsvCodecTest[jvm]","com.georgeci.moneysurfer.domain.csv.TransactionCsvCodecTest",""
"","1","collapses punctuation and repeated separators into token boundaries[jvm]","","2026-07-23","passed","2026-07-23","","FtsQueryTest[jvm]","com.georgeci.moneysurfer.data.db.FtsQueryTest",""
"","4","creating a goal in an unknown workspace is rejected[jvm]","","2026-07-23","passed","2026-07-23","","SavingsGoalUseCaseTest[jvm]","com.georgeci.moneysurfer.domain.usecase.SavingsGoalUseCaseTest",""
"","18","create blocked when clientVersionCode is below floor","","2026-07-23","passed","2026-07-23","","workspaces/{wid}","workspaces/{wid} create blocked when clientVersionCode is below floor",""
"","5","PullingCollection title carries collection name[jvm]","","2026-07-23","passed","2026-07-23","","SyncStepSpec[jvm]","com.georgeci.moneysurfer.sync.api.SyncStepSpec",""
"","136","demoOnly is true only when demo is the single enabled entry point()[jvm]","","2026-07-23","passed","2026-07-23","","SignInFeatureConfigTest[jvm]","com.georgeci.moneysurfer.feature.login.SignInFeatureConfigTest",""
"","8","rejects when email already an active member[jvm]","","2026-07-23","passed","2026-07-23","","SendInviteUseCaseTest[jvm]","com.georgeci.moneysurfer.domain.usecase.SendInviteUseCaseTest",""
"","254","online build registers TransactionCreationFeatureConfig with transfer enabled[jvm]","","2026-07-23","passed","2026-07-23","","OnlineTransactionCreationModuleTest[jvm]","com.georgeci.moneysurfer.di.OnlineTransactionCreationModuleTest",""
"","2","ChangedSinceLastSync falls back to the active workspace when the provider is empty[jvm]","","2026-07-23","passed","2026-07-23","","PullRemoteChangesUseCaseImplSpec[jvm]","com.georgeci.moneysurfer.data.sync.PullRemoteChangesUseCaseImplSpec",""
"","1","a withdrawal down to exactly zero is allowed[jvm]","","2026-07-23","passed","2026-07-23","","GoalContributionUseCaseTest[jvm]","com.georgeci.moneysurfer.domain.usecase.GoalContributionUseCaseTest",""
"","3","wrong password aborts before shutdown and cleanup[jvm]","","2026-07-23","passed","2026-07-23","","DeleteUserAccountUseCaseTest[jvm]","com.georgeci.moneysurfer.domain.usecase.DeleteUserAccountUseCaseTest",""
"","20","cash is the recommended starting point[jvm]","","2026-07-23","passed","2026-07-23","","OnboardingViewModelTest[jvm]","com.georgeci.moneysurfer.feature.login.onboarding.OnboardingViewModelTest",""
"","104","drain pushes every queued mutation through its plugin and empties the outbox[jvm]","","2026-07-23","passed","2026-07-23","","WorkspaceCreationSyncIntegrationIT[jvm]","com.georgeci.moneysurfer.integration.sync.WorkspaceCreationSyncIntegrationIT",""
"","2","ConflictResolution.TakeLocal carries the local value[jvm]","","2026-07-23","passed","2026-07-23","","ConflictResolverSpec[jvm]","com.georgeci.moneysurfer.sync.repository.ConflictResolverSpec",""
"","220","UploadOnly scope pulls nothing[jvm]","","2026-07-23","passed","2026-07-23","","PullRemoteChangesUseCaseImplSpec[jvm]","com.georgeci.moneysurfer.data.sync.PullRemoteChangesUseCaseImplSpec",""
"","3","planned → actual applies impact[jvm]","","2026-07-23","passed","2026-07-23","","ApplyTransactionChangeUseCaseTest[jvm]","com.georgeci.moneysurfer.domain.usecase.ApplyTransactionChangeUseCaseTest",""
"","17","different ids spread across the palette rather than collapsing onto one colour[jvm]","","2026-07-23","passed","2026-07-23","","CategoryAppearanceTest[jvm]","com.georgeci.moneysurfer.domain.model.CategoryAppearanceTest",""
"","28","user cannot map a foreign uid to their own email","","2026-07-23","passed","2026-07-23","","userEmails/{email}","userEmails/{email} user cannot map a foreign uid to their own email",""
"","6","isEnabled returns false when app version is Unsupported[jvm]","","2026-07-23","passed","2026-07-23","","OutboxEnqueuerSpec[jvm]","com.georgeci.moneysurfer.data.sync.OutboxEnqueuerSpec",""
"","6","NetworkUnavailable is retryable[jvm]","","2026-07-23","passed","2026-07-23","","SyncErrorSpec[jvm]","com.georgeci.moneysurfer.sync.api.SyncErrorSpec",""
"","28","more tags than MAX_TAGS are capped at the storage boundary[jvm]","","2026-07-23","passed","2026-07-23","","TransactionDetailFieldsIntegrationIT[jvm]","com.georgeci.moneysurfer.integration.repository.TransactionDetailFieldsIntegrationIT",""
"","50","hard-delete is denied for non-owner members","","2026-07-23","passed","2026-07-23","","savings goals (issue #244)","savings goals (issue #244) hard-delete is denied for non-owner members",""
"","4","PUSH_INVITES sits between PUSH_MEMBERS and PUSH_ACCOUNTS[jvm]","","2026-07-23","passed","2026-07-23","","SyncStepOrderTest[jvm]","com.georgeci.moneysurfer.domain.model.SyncStepOrderTest",""
"","2","LastSyncOutcome.Cancelled carries timestamp[jvm]","","2026-07-23","passed","2026-07-23","","SyncStateSpec[jvm]","com.georgeci.moneysurfer.sync.api.SyncStateSpec",""
"","6","CompositeCancelToken throwIfCancelled when all cancelled throws[jvm]","","2026-07-23","passed","2026-07-23","","SyncCancelTokenSpec[jvm]","com.georgeci.moneysurfer.sync.api.SyncCancelTokenSpec",""
"","8","manifest declaring a missing file surfaces MissingFile[jvm]","","2026-07-23","passed","2026-07-23","","BackupImporterImplJvmTest[jvm]","com.georgeci.moneysurfer.data.backup.BackupImporterImplJvmTest",""
"","19","unauthenticated user is denied","","2026-07-23","passed","2026-07-23","","users/{uid}","users/{uid} unauthenticated user is denied",""
"","1","pads ids with fewer than four hex digits[jvm]","","2026-07-23","passed","2026-07-23","","TransactionReferenceTest[jvm]","com.georgeci.moneysurfer.domain.model.TransactionReferenceTest",""
"","60","valid stored ISO is preserved[jvm]","","2026-07-23","passed","2026-07-23","","ResolveLegacyOperationDateTest[jvm]","com.georgeci.moneysurfer.data.repository.ResolveLegacyOperationDateTest",""
"","26","member can tombstone an account","","2026-07-23","passed","2026-07-23","","tombstone update shape (push-side soft delete)","tombstone update shape (push-side soft delete) member can tombstone an account",""
"","33","trailingMonths ends at the anchor and runs oldest first[jvm]","","2026-07-23","passed","2026-07-23","","CategorySpendHistoryTest[jvm]","com.georgeci.moneysurfer.domain.model.CategorySpendHistoryTest",""
"","2","every input category comes out exactly once, whatever shape it is in[jvm]","","2026-07-23","passed","2026-07-23","","CategoryTreeTest[jvm]","com.georgeci.moneysurfer.domain.model.CategoryTreeTest",""
"","15","upsert (existing) enqueues UPDATE[jvm]","","2026-07-23","passed","2026-07-23","","WorkspaceInviteRepositoryDualWriteSpec[jvm]","com.georgeci.moneysurfer.data.repository.WorkspaceInviteRepositoryDualWriteSpec",""
"","4","'42.5' -> '42.5'[jvm]","","2026-07-23","passed","2026-07-23","","AmountInputTransformationTest[jvm]","com.georgeci.moneysurfer.utils.AmountInputTransformationTest",""
"","19","non-owner member cannot hard-delete the workspace doc","","2026-07-23","passed","2026-07-23","","workspaces/{wid}","workspaces/{wid} non-owner member cannot hard-delete the workspace doc",""
"","23","rejects demoting last OWNER[jvm]","","2026-07-23","passed","2026-07-23","","ChangeMemberRoleUseCaseTest[jvm]","com.georgeci.moneysurfer.domain.usecase.ChangeMemberRoleUseCaseTest",""
"","11","a grandchild's spend lands on the direct child's breakdown row, not on its own[jvm]","","2026-07-23","passed","2026-07-23","","CategorySpendHistoryTest[jvm]","com.georgeci.moneysurfer.domain.model.CategorySpendHistoryTest",""
"","2","reader rejects unsupported compression method[jvm]","","2026-07-23","passed","2026-07-23","","ZipStoredCodecTest[jvm]","com.georgeci.moneysurfer.data.backup.ZipStoredCodecTest",""
"","34","invitee without email claim can accept via targetUserId branch","","2026-07-23","passed","2026-07-23","","invites — update / delete","invites — update / delete invitee without email claim can accept via targetUserId branch",""
"","21","rejects a non-string transaction recurringRuleId","","2026-07-23","passed","2026-07-23","","entity write-shape validation (issue #156)","entity write-shape validation (issue #156) rejects a non-string transaction recurringRuleId",""
"","517","encrypted import with the wrong passphrase surfaces WrongPassphrase[jvm]","","2026-07-23","passed","2026-07-23","","BackupEncryptedRoundTripJvmTest[jvm]","com.georgeci.moneysurfer.data.backup.BackupEncryptedRoundTripJvmTest",""
"","3","MutationOperation enumerates INSERT, UPDATE, DELETE[jvm]","","2026-07-23","passed","2026-07-23","","PendingMutationSpec[jvm]","com.georgeci.moneysurfer.sync.repository.PendingMutationSpec",""
"","7","a contribution round-trips, keeping a negative amount signed[jvm]","","2026-07-23","passed","2026-07-23","","GoalDtoMapperSpec[jvm]","com.georgeci.moneysurfer.data.sync.GoalDtoMapperSpec",""
"","24","accepts a category from an older client that omits iconKey and hue","","2026-07-23","passed","2026-07-23","","entity write-shape validation (issue #156)","entity write-shape validation (issue #156) accepts a category from an older client that omits iconKey and hue",""
"","12","redactEmail masks local part and domain but keeps a correlation hint[jvm]","","2026-07-23","passed","2026-07-23","","PiiRedactionTest[jvm]","com.georgeci.moneysurfer.domain.logging.PiiRedactionTest",""
"","30","insert in a demo session writes DAO but skips the outbox[jvm]","","2026-07-23","passed","2026-07-23","","GoalRepositoryDualWriteSpec[jvm]","com.georgeci.moneysurfer.data.repository.GoalRepositoryDualWriteSpec",""
"","23","rejects when invite already accepted[jvm]","","2026-07-23","passed","2026-07-23","","AcceptInviteUseCaseTest[jvm]","com.georgeci.moneysurfer.domain.usecase.AcceptInviteUseCaseTest",""
"","1","DEFAULT_BATCH_LIMIT is 100[jvm]","","2026-07-23","passed","2026-07-23","","PendingMutationQueueSpec[jvm]","com.georgeci.moneysurfer.sync.repository.PendingMutationQueueSpec",""
"","1","empty input stays empty[jvm]","","2026-07-23","passed","2026-07-23","","TransactionTagsTest[jvm]","com.georgeci.moneysurfer.domain.model.TransactionTagsTest",""
"","2","drops blank entries[jvm]","","2026-07-23","passed","2026-07-23","","TransactionTagsTest[jvm]","com.georgeci.moneysurfer.domain.model.TransactionTagsTest",""
"","5","workspace pull failure aborts bootstrap with AuthError[jvm]","","2026-07-23","passed","2026-07-23","","PostAuthBootstrapUseCaseTest[jvm]","com.georgeci.moneysurfer.domain.usecase.PostAuthBootstrapUseCaseTest",""
"","2","ConflictMetadata exposes its fields[jvm]","","2026-07-23","passed","2026-07-23","","ConflictResolverSpec[jvm]","com.georgeci.moneysurfer.sync.repository.ConflictResolverSpec",""
"","0","epochMillis=4611686018427387903[jvm]","","2026-07-23","passed","2026-07-23","","TimeFormatterTest[jvm]","com.georgeci.moneysurfer.data.repository.TimeFormatterTest",""
"","1","addRecalculated accumulates recalculatedCount[jvm]","","2026-07-23","passed","2026-07-23","","SyncSummaryBuilderSpec[jvm]","com.georgeci.moneysurfer.sync.api.SyncSummaryBuilderSpec",""
"","37","invited user CAN self-create referencing an already-ACCEPTED invite (push-order/idempotent)","","2026-07-23","passed","2026-07-23","","workspaces/{wid}/members/{uid}","workspaces/{wid}/members/{uid} invited user CAN self-create referencing an already-ACCEPTED invite (push-order/idempotent)",""
"","7","does not create a second workspace when one is already pinned[jvm]","","2026-07-23","passed","2026-07-23","","SeedDefaultsUseCaseTest[jvm]","com.georgeci.moneysurfer.domain.usecase.SeedDefaultsUseCaseTest",""
"","9","build returns zeros by default[jvm]","","2026-07-23","passed","2026-07-23","","SyncSummaryBuilderSpec[jvm]","com.georgeci.moneysurfer.sync.api.SyncSummaryBuilderSpec",""
"","1","planned → actual applies full impact[jvm]","","2026-07-23","passed","2026-07-23","","CalculateBalanceDeltaTest[jvm]","com.georgeci.moneysurfer.domain.model.CalculateBalanceDeltaTest",""
"","1","resuming a goal that is already past its target lands on COMPLETED[jvm]","","2026-07-23","passed","2026-07-23","","SavingsGoalUseCaseTest[jvm]","com.georgeci.moneysurfer.domain.usecase.SavingsGoalUseCaseTest",""
"","25","local insert failure returns LocalWriteFailed and skips remote work[jvm]","","2026-07-23","passed","2026-07-23","","CreateWorkspaceUseCaseTest[jvm]","com.georgeci.moneysurfer.domain.usecase.CreateWorkspaceUseCaseTest",""
"","4","totals outside the requested window do not reach the trend[jvm]","","2026-07-23","passed","2026-07-23","","CategorySpendHistoryTest[jvm]","com.georgeci.moneysurfer.domain.model.CategorySpendHistoryTest",""
"","6","icon and hue come from the same slot, so a backfilled row keeps its old pairing[jvm]","","2026-07-23","passed","2026-07-23","","CategoryAppearanceTest[jvm]","com.georgeci.moneysurfer.domain.model.CategoryAppearanceTest",""
"","1","blank remote tags are dropped rather than stored as empty segments[jvm]","","2026-07-23","passed","2026-07-23","","TransactionDtoMapperSpec[jvm]","com.georgeci.moneysurfer.data.sync.TransactionDtoMapperSpec",""
"","56","non-member cannot read or create a goal","","2026-07-23","passed","2026-07-23","","savings goals (issue #244)","savings goals (issue #244) non-member cannot read or create a goal",""
"","55","save stays disabled until both a title and a positive target are entered[jvm]","","2026-07-23","passed","2026-07-23","","GoalEditViewModelTest[jvm]","com.georgeci.moneysurfer.feature.goal.edit.GoalEditViewModelTest",""
"","6","a remote tag containing the CSV separator is normalized, not split[jvm]","","2026-07-23","passed","2026-07-23","","TransactionDtoMapperSpec[jvm]","com.georgeci.moneysurfer.data.sync.TransactionDtoMapperSpec",""
"","24","rejects a goal whose title is a number","","2026-07-23","passed","2026-07-23","","savings goals (issue #244)","savings goals (issue #244) rejects a goal whose title is a number",""
"","8","calling twice on a single demo session wipes once and stays cleared[jvm]","","2026-07-23","passed","2026-07-23","","WipeDemoDataUseCaseSpec[jvm]","com.georgeci.moneysurfer.domain.usecase.WipeDemoDataUseCaseSpec",""
"","69","member can create + read in categories","","2026-07-23","passed","2026-07-23","","member-gated entities (smoke for the rest)","member-gated entities (smoke for the rest) member can create + read in categories",""
"","22","pushAll failure surfaces as RemoteSyncFailed and skips addRef + pin[jvm]","","2026-07-23","passed","2026-07-23","","CreateWorkspaceUseCaseTest[jvm]","com.georgeci.moneysurfer.domain.usecase.CreateWorkspaceUseCaseTest",""
"","25","recipient can collection-group query by email","","2026-07-23","passed","2026-07-23","","invites — read","invites — read recipient can collection-group query by email",""
"","1","blank id is rejected as invalid id[jvm]","","2026-07-23","passed","2026-07-23","","TransactionCsvCodecTest[jvm]","com.georgeci.moneysurfer.domain.csv.TransactionCsvCodecTest",""
"","1","email-already-in-use classifies as EmailAlreadyInUse[jvm]","","2026-07-23","passed","2026-07-23","","AuthErrorClassificationTest[jvm]","com.georgeci.moneysurfer.data.repository.AuthErrorClassificationTest",""
"","10","blank stored falls back to operationAt in UTC[jvm]","","2026-07-23","passed","2026-07-23","","ResolveLegacyOperationDateTest[jvm]","com.georgeci.moneysurfer.data.repository.ResolveLegacyOperationDateTest",""
"","22","owner can promote a member's role","","2026-07-23","passed","2026-07-23","","workspaces/{wid}/members/{uid}","workspaces/{wid}/members/{uid} owner can promote a member's role",""
"","1","onSyncCancelled is callable[jvm]","","2026-07-23","passed","2026-07-23","","SyncTelemetryNoOpSpec[jvm]","com.georgeci.moneysurfer.sync.telemetry.SyncTelemetryNoOpSpec",""
"","8","markRemoved soft-deletes: status REMOVED, removedAt set, enqueues UPDATE[jvm]","","2026-07-23","passed","2026-07-23","","WorkspaceMemberRepositoryDualWriteSpec[jvm]","com.georgeci.moneysurfer.data.repository.WorkspaceMemberRepositoryDualWriteSpec",""
"","2","CancellationException maps to SyncError.Cancelled[jvm]","","2026-07-23","passed","2026-07-23","","SyncErrorClassifierSpec[jvm]","com.georgeci.moneysurfer.sync.internal.SyncErrorClassifierSpec",""
"","10","enqueueDelete writes DELETE mutation[jvm]","","2026-07-23","passed","2026-07-23","","OutboxEnqueuerSpec[jvm]","com.georgeci.moneysurfer.data.sync.OutboxEnqueuerSpec",""
"","4","SQLite header with a corrupted structure fails the integrity check[jvm]","","2026-07-23","passed","2026-07-23","","BackupImporterImplJvmTest[jvm]","com.georgeci.moneysurfer.data.backup.BackupImporterImplJvmTest",""
"","3","markFailed bumps attempts, records error and resets to PENDING[jvm]","","2026-07-23","passed","2026-07-23","","PendingMutationQueueImplSpec[jvm]","com.georgeci.moneysurfer.sync.internal.repository.PendingMutationQueueImplSpec",""
"","2","repairs missing Cash account when workspace was pinned without one[jvm]","","2026-07-23","passed","2026-07-23","","SeedDefaultsUseCaseTest[jvm]","com.georgeci.moneysurfer.domain.usecase.SeedDefaultsUseCaseTest",""
"","21","unauthenticated user is denied","","2026-07-23","passed","2026-07-23","","invites — read","invites — read unauthenticated user is denied",""
"","3","ActiveWorkspace with no current workspace pulls nothing[jvm]","","2026-07-23","passed","2026-07-23","","PullRemoteChangesUseCaseImplSpec[jvm]","com.georgeci.moneysurfer.data.sync.PullRemoteChangesUseCaseImplSpec",""
"","11","online finish does not touch the first-run seed[jvm]","","2026-07-23","passed","2026-07-23","","OnboardingViewModelTest[jvm]","com.georgeci.moneysurfer.feature.login.onboarding.OnboardingViewModelTest",""
"","1","archive on already-archived account is a no-op success[jvm]","","2026-07-23","passed","2026-07-23","","ArchiveAccountUseCaseTest[jvm]","com.georgeci.moneysurfer.domain.usecase.ArchiveAccountUseCaseTest",""
"","9","pending() default limit forwards DEFAULT_BATCH_LIMIT[jvm]","","2026-07-23","passed","2026-07-23","","PendingMutationQueueSpec[jvm]","com.georgeci.moneysurfer.sync.repository.PendingMutationQueueSpec",""
"","22","user can self-update status to LEFT","","2026-07-23","passed","2026-07-23","","workspaces/{wid}/members/{uid}","workspaces/{wid}/members/{uid} user can self-update status to LEFT",""
"","33","release builds mute everything below Warn[jvm]","","2026-07-23","passed","2026-07-23","","LoggingConfigTest[jvm]","com.georgeci.moneysurfer.domain.logging.LoggingConfigTest",""
"","105","uuid generates unique values[jvm]","","2026-07-23","passed","2026-07-23","","SyncRequestIdSpec[jvm]","com.georgeci.moneysurfer.sync.api.SyncRequestIdSpec",""
"","4","PULL_INVITES sits between PULL_MEMBERS and PULL_ACCOUNTS[jvm]","","2026-07-23","passed","2026-07-23","","SyncStepOrderTest[jvm]","com.georgeci.moneysurfer.domain.model.SyncStepOrderTest",""
"","8","a transfer leg without its pair row is rejected[jvm]","","2026-07-23","passed","2026-07-23","","ExportImportTransactionsUseCaseTest[jvm]","com.georgeci.moneysurfer.domain.csv.ExportImportTransactionsUseCaseTest",""
"","2","weak-password classifies as WeakPassword[jvm]","","2026-07-23","passed","2026-07-23","","AuthErrorClassificationTest[jvm]","com.georgeci.moneysurfer.data.repository.AuthErrorClassificationTest",""
"","49","a stale workspace ref that denies access is skipped, deletion still completes[jvm]","","2026-07-23","passed","2026-07-23","","UserAccountDeletionRepositoryImplTest[jvm]","com.georgeci.moneysurfer.data.repository.UserAccountDeletionRepositoryImplTest",""
"","16","markSuccess preserves cursor[jvm]","","2026-07-23","passed","2026-07-23","","SyncMetaRepositoryImplSpec[jvm]","com.georgeci.moneysurfer.data.sync.SyncMetaRepositoryImplSpec",""
"","25","rejects a budget whose categoryIds is a CSV string instead of a list","","2026-07-23","passed","2026-07-23","","entity write-shape validation (issue #156)","entity write-shape validation (issue #156) rejects a budget whose categoryIds is a CSV string instead of a list",""
"","18","format RUB with US locale[jvm]","","2026-07-23","passed","2026-07-23","","MoneyFormatterTest[jvm]","com.georgeci.moneysurfer.domain.MoneyFormatterTest",""
"","3","writes local pointer and pushes default when Firebase uid present[jvm]","","2026-07-23","passed","2026-07-23","","SelectWorkspaceUseCaseTest[jvm]","com.georgeci.moneysurfer.domain.usecase.SelectWorkspaceUseCaseTest",""
"","1","addDownload accumulates downloadedCount[jvm]","","2026-07-23","passed","2026-07-23","","SyncSummaryBuilderSpec[jvm]","com.georgeci.moneysurfer.sync.api.SyncSummaryBuilderSpec",""
"","48","rejects a budget whose startDate is a number","","2026-07-23","passed","2026-07-23","","entity write-shape validation (issue #156)","entity write-shape validation (issue #156) rejects a budget whose startDate is a number",""
"","86","rejects when no current user[jvm]","","2026-07-23","passed","2026-07-23","","AcceptInviteUseCaseTest[jvm]","com.georgeci.moneysurfer.domain.usecase.AcceptInviteUseCaseTest",""
"","22","import skips rows whose id already exists locally[jvm]","","2026-07-23","passed","2026-07-23","","ExportImportTransactionsUseCaseTest[jvm]","com.georgeci.moneysurfer.domain.csv.ExportImportTransactionsUseCaseTest",""
"","32","INCOME creation persists row and increases account balance by amount[jvm]","","2026-07-23","passed","2026-07-23","","TransactionCreationIntegrationIT[jvm]","com.georgeci.moneysurfer.integration.repository.TransactionCreationIntegrationIT",""
"","36","localized composeResources string files are discovered[jvm]","","2026-07-23","passed","2026-07-23","","StringResourceParityTest[jvm]","com.georgeci.moneysurfer.utils.StringResourceParityTest",""
"","1","missing local row → take remote[jvm]","","2026-07-23","passed","2026-07-23","","LwwConflictResolverSpec[jvm]","com.georgeci.moneysurfer.sync.repository.LwwConflictResolverSpec",""
"","1","ConflictResolution.Merged carries the merged value[jvm]","","2026-07-23","passed","2026-07-23","","ConflictResolverSpec[jvm]","com.georgeci.moneysurfer.sync.repository.ConflictResolverSpec",""
"","33","reason mapping for APP_START is Bounded(30s)[jvm]","","2026-07-23","passed","2026-07-23","","NetworkWaitModeSpec[jvm]","com.georgeci.moneysurfer.sync.network.NetworkWaitModeSpec",""
"","3","rejects when no current user[jvm]","","2026-07-23","passed","2026-07-23","","LeaveWorkspaceUseCaseTest[jvm]","com.georgeci.moneysurfer.domain.usecase.LeaveWorkspaceUseCaseTest",""
"","21","dispatches each mutation to the plugin matching its entityType[jvm]","","2026-07-23","passed","2026-07-23","","UploadPendingChangesUseCaseImplSpec[jvm]","com.georgeci.moneysurfer.data.sync.UploadPendingChangesUseCaseImplSpec",""
"","1048","insert writes both DAO and outbox as INSERT when signed in[jvm]","","2026-07-23","passed","2026-07-23","","GoalRepositoryDualWriteSpec[jvm]","com.georgeci.moneysurfer.data.repository.GoalRepositoryDualWriteSpec",""
"","7","a PAUSED goal rejects new contributions[jvm]","","2026-07-23","passed","2026-07-23","","GoalContributionUseCaseTest[jvm]","com.georgeci.moneysurfer.domain.usecase.GoalContributionUseCaseTest",""
"","3","a contribution to a missing goal is rejected[jvm]","","2026-07-23","passed","2026-07-23","","GoalContributionUseCaseTest[jvm]","com.georgeci.moneysurfer.domain.usecase.GoalContributionUseCaseTest",""
"","9","PUSH_MEMBERS sits between PUSH_WORKSPACE and PUSH_INVITES[jvm]","","2026-07-23","passed","2026-07-23","","SyncStepOrderTest[jvm]","com.georgeci.moneysurfer.domain.model.SyncStepOrderTest",""
"","40","invited user CAN self-create when the doc points at their PENDING invite","","2026-07-23","passed","2026-07-23","","workspaces/{wid}/members/{uid}","workspaces/{wid}/members/{uid} invited user CAN self-create when the doc points at their PENDING invite",""
"","18","ActiveWorkspace pulls only the current workspace even when the provider knows more[jvm]","","2026-07-23","passed","2026-07-23","","PullRemoteChangesUseCaseImplSpec[jvm]","com.georgeci.moneysurfer.data.sync.PullRemoteChangesUseCaseImplSpec",""
"","8","a transfer pair with one invalid leg does not import the surviving half[jvm]","","2026-07-23","passed","2026-07-23","","ExportImportTransactionsUseCaseTest[jvm]","com.georgeci.moneysurfer.domain.csv.ExportImportTransactionsUseCaseTest",""
"","28","member can get the workspace doc","","2026-07-23","passed","2026-07-23","","workspaces/{wid}","workspaces/{wid} member can get the workspace doc",""
"","1","onSyncCompleted is callable[jvm]","","2026-07-23","passed","2026-07-23","","SyncTelemetryNoOpSpec[jvm]","com.georgeci.moneysurfer.sync.telemetry.SyncTelemetryNoOpSpec",""
"","19","thrown Throwable from upload becomes SyncError.Unknown[jvm]","","2026-07-23","passed","2026-07-23","","SyncCoordinatorImplBranchSpec[jvm]","com.georgeci.moneysurfer.sync.coordinator.SyncCoordinatorImplBranchSpec",""
"","49","matches a Cyrillic prefix — unicode61 tokenizer, not simple[jvm]","","2026-07-23","passed","2026-07-23","","TransactionFtsIntegrationIT[jvm]","com.georgeci.moneysurfer.integration.repository.TransactionFtsIntegrationIT",""
"","28","weekly window start is inclusive and end is exclusive[jvm]","","2026-07-23","passed","2026-07-23","","BudgetPeriodWindowTest[jvm]","com.georgeci.moneysurfer.domain.util.BudgetPeriodWindowTest",""
"","2","minus that overflows Long throws instead of wrapping[jvm]","","2026-07-23","passed","2026-07-23","","MoneyTest[jvm]","com.georgeci.moneysurfer.domain.primitives.MoneyTest",""
"","1","onSyncFailed is callable[jvm]","","2026-07-23","passed","2026-07-23","","SyncTelemetryNoOpSpec[jvm]","com.georgeci.moneysurfer.sync.telemetry.SyncTelemetryNoOpSpec",""
"","0","equal timestamps → take local (stable, no-op re-pull)[jvm]","","2026-07-23","passed","2026-07-23","","LwwConflictResolverSpec[jvm]","com.georgeci.moneysurfer.sync.repository.LwwConflictResolverSpec",""
"","4","mergeScope picks widest — AllUserData dominates[jvm]","","2026-07-23","passed","2026-07-23","","SyncScopeSpec[jvm]","com.georgeci.moneysurfer.sync.api.SyncScopeSpec",""
"","14","pull progress emits PullingCollection into running state[jvm]","","2026-07-23","passed","2026-07-23","","SyncCoordinatorImplBranchSpec[jvm]","com.georgeci.moneysurfer.sync.coordinator.SyncCoordinatorImplBranchSpec",""
"","2","monthly window is anchored on the start date's day of month[jvm]","","2026-07-23","passed","2026-07-23","","BudgetPeriodWindowTest[jvm]","com.georgeci.moneysurfer.domain.util.BudgetPeriodWindowTest",""
"","14","insert writes both DAO and outbox when signed in[jvm]","","2026-07-23","passed","2026-07-23","","WorkspaceMemberRepositoryDualWriteSpec[jvm]","com.georgeci.moneysurfer.data.repository.WorkspaceMemberRepositoryDualWriteSpec",""
"","97","format EUR with German locale[jvm]","","2026-07-23","passed","2026-07-23","","MoneyFormatterTest[jvm]","com.georgeci.moneysurfer.domain.MoneyFormatterTest",""
"","4","never returns a bare prefix for an id with no hex digits[jvm]","","2026-07-23","passed","2026-07-23","","TransactionReferenceTest[jvm]","com.georgeci.moneysurfer.domain.model.TransactionReferenceTest",""
"","40","wrong column count is rejected with expected and actual sizes[jvm]","","2026-07-23","passed","2026-07-23","","TransactionCsvCodecTest[jvm]","com.georgeci.moneysurfer.domain.csv.TransactionCsvCodecTest",""
"","42","withdrawing more than the goal holds surfaces the below-zero error[jvm]","","2026-07-23","passed","2026-07-23","","GoalContributionViewModelTest[jvm]","com.georgeci.moneysurfer.feature.goal.contribution.GoalContributionViewModelTest",""
"","2","garbage without the magic prefix is rejected as InvalidArchive[jvm]","","2026-07-23","passed","2026-07-23","","EncryptedBackupCodecTest[jvm]","com.georgeci.moneysurfer.data.backup.EncryptedBackupCodecTest",""
"","3","remote cleanup failure keeps the local session so the user can retry[jvm]","","2026-07-23","passed","2026-07-23","","DeleteUserAccountUseCaseTest[jvm]","com.georgeci.moneysurfer.domain.usecase.DeleteUserAccountUseCaseTest",""
"","2","mergeScope ActiveWorkspace above ChangedSinceLastSync and UploadOnly[jvm]","","2026-07-23","passed","2026-07-23","","SyncScopeSpec[jvm]","com.georgeci.moneysurfer.sync.api.SyncScopeSpec",""
"","4","a subtree deeper than the indent cap is still rendered, just not indented further[jvm]","","2026-07-23","passed","2026-07-23","","CategoryTreeTest[jvm]","com.georgeci.moneysurfer.domain.model.CategoryTreeTest",""
"","42","skipping keeps the recommended cash default and still completes the onboarding[jvm]","","2026-07-23","passed","2026-07-23","","OnboardingViewModelTest[jvm]","com.georgeci.moneysurfer.feature.login.onboarding.OnboardingViewModelTest",""
"","6","Enqueue merges into existing pending request[jvm]","","2026-07-23","passed","2026-07-23","","SyncCoordinatorImplBranchSpec[jvm]","com.georgeci.moneysurfer.sync.coordinator.SyncCoordinatorImplBranchSpec",""
"","0","returns null when nothing searchable is left[jvm]","","2026-07-23","passed","2026-07-23","","FtsQueryTest[jvm]","com.georgeci.moneysurfer.data.db.FtsQueryTest",""
"","37","exposes id, status, steps, result via the SyncHandle interface[jvm]","","2026-07-23","passed","2026-07-23","","SyncHandleImplSpec[jvm]","com.georgeci.moneysurfer.sync.coordinator.SyncHandleImplSpec",""
"","2","happy path: editor can leave[jvm]","","2026-07-23","passed","2026-07-23","","LeaveWorkspaceUseCaseTest[jvm]","com.georgeci.moneysurfer.domain.usecase.LeaveWorkspaceUseCaseTest",""
"","16","clearScope drops all rows for that workspace[jvm]","","2026-07-23","passed","2026-07-23","","SyncMetaRepositoryImplSpec[jvm]","com.georgeci.moneysurfer.data.sync.SyncMetaRepositoryImplSpec",""
"","12","awaitNetwork indefinite proceeds when network returns[jvm]","","2026-07-23","passed","2026-07-23","","SyncCoordinatorImplSpec[jvm]","com.georgeci.moneysurfer.sync.coordinator.SyncCoordinatorImplSpec",""
"","19","list/scan is denied — prevents email enumeration","","2026-07-23","passed","2026-07-23","","userEmails/{email}","userEmails/{email} list/scan is denied — prevents email enumeration",""
"","13","rejects when a PENDING invite for the email already exists[jvm]","","2026-07-23","passed","2026-07-23","","SendInviteUseCaseTest[jvm]","com.georgeci.moneysurfer.domain.usecase.SendInviteUseCaseTest",""
"","72","deleting a goal enqueues a delete for the goal AND each cascaded contribution[jvm]","","2026-07-23","passed","2026-07-23","","GoalRepositoryDualWriteSpec[jvm]","com.georgeci.moneysurfer.data.repository.GoalRepositoryDualWriteSpec",""
"","1","defuses FTS operators by wildcarding them[jvm]","","2026-07-23","passed","2026-07-23","","FtsQueryTest[jvm]","com.georgeci.moneysurfer.data.db.FtsQueryTest",""
"","2","delete actual income unwinds impact[jvm]","","2026-07-23","passed","2026-07-23","","CalculateBalanceDeltaTest[jvm]","com.georgeci.moneysurfer.domain.model.CalculateBalanceDeltaTest",""
"","11","cancel transitions status to CANCELLED[jvm]","","2026-07-23","passed","2026-07-23","","WorkspaceInviteRepositoryDualWriteSpec[jvm]","com.georgeci.moneysurfer.data.repository.WorkspaceInviteRepositoryDualWriteSpec",""
"","23","pending returns rows in createdAt order[jvm]","","2026-07-23","passed","2026-07-23","","PendingMutationQueueImplSpec[jvm]","com.georgeci.moneysurfer.data.sync.PendingMutationQueueImplSpec",""
"","11","progress is reported per document with collection name and position[jvm]","","2026-07-23","passed","2026-07-23","","PullRemoteChangesUseCaseImplSpec[jvm]","com.georgeci.moneysurfer.data.sync.PullRemoteChangesUseCaseImplSpec",""
"","2","moving expense between accounts unwinds old and applies new[jvm]","","2026-07-23","passed","2026-07-23","","ApplyTransactionChangeUseCaseTest[jvm]","com.georgeci.moneysurfer.domain.usecase.ApplyTransactionChangeUseCaseTest",""
"","28","applyDelta updates balance without touching currency[jvm]","","2026-07-23","passed","2026-07-23","","AccountCreationIntegrationIT[jvm]","com.georgeci.moneysurfer.integration.repository.AccountCreationIntegrationIT",""
"","25","accepts a null recurringRuleId","","2026-07-23","passed","2026-07-23","","entity write-shape validation (issue #156)","entity write-shape validation (issue #156) accepts a null recurringRuleId",""
"","2","PULL_MEMBERS sits between PULL_WORKSPACE and PULL_INVITES[jvm]","","2026-07-23","passed","2026-07-23","","SyncStepOrderTest[jvm]","com.georgeci.moneysurfer.domain.model.SyncStepOrderTest",""
"","0","times by zero is zero even for an out-of-cap magnitude[jvm]","","2026-07-23","passed","2026-07-23","","MoneyTest[jvm]","com.georgeci.moneysurfer.domain.primitives.MoneyTest",""
"","444","inserts accounts with USD, EUR, RUB in same workspace and getByWorkspaceId returns all three[jvm]","","2026-07-23","passed","2026-07-23","","AccountCreationIntegrationIT[jvm]","com.georgeci.moneysurfer.integration.repository.AccountCreationIntegrationIT",""
"","4","tolerates DECLINED/CANCELLED past invites for the email[jvm]","","2026-07-23","passed","2026-07-23","","SendInviteUseCaseTest[jvm]","com.georgeci.moneysurfer.domain.usecase.SendInviteUseCaseTest",""
"","2","null category and transfer ids round-trip as empty fields[jvm]","","2026-07-23","passed","2026-07-23","","TransactionCsvCodecTest[jvm]","com.georgeci.moneysurfer.domain.csv.TransactionCsvCodecTest",""
"","2","null message returns null[jvm]","","2026-07-23","passed","2026-07-23","","AuthErrorClassificationTest[jvm]","com.georgeci.moneysurfer.data.repository.AuthErrorClassificationTest",""
"","12","setCursor stores Instant — cursor returns the same value back[jvm]","","2026-07-23","passed","2026-07-23","","SyncMetaRepositoryImplSpec[jvm]","com.georgeci.moneysurfer.data.sync.SyncMetaRepositoryImplSpec",""
"","3","ProjectionScope.All is a singleton[jvm]","","2026-07-23","passed","2026-07-23","","ProjectionSpec[jvm]","com.georgeci.moneysurfer.sync.projection.ProjectionSpec",""
"","4","null in -> null out[jvm]","","2026-07-23","passed","2026-07-23","","TimeFormatterTest[jvm]","com.georgeci.moneysurfer.data.repository.TimeFormatterTest",""
"","1","onStepEntered is callable[jvm]","","2026-07-23","passed","2026-07-23","","SyncTelemetryNoOpSpec[jvm]","com.georgeci.moneysurfer.sync.telemetry.SyncTelemetryNoOpSpec",""
"","7","amount_minor beyond the domain cap is rejected as invalid amount_minor[jvm]","","2026-07-23","passed","2026-07-23","","TransactionCsvCodecTest[jvm]","com.georgeci.moneysurfer.domain.csv.TransactionCsvCodecTest",""
"","39","an evicted (REMOVED) member can no longer read the roster","","2026-07-23","passed","2026-07-23","","workspaces/{wid}/members/{uid}","workspaces/{wid}/members/{uid} an evicted (REMOVED) member can no longer read the roster",""
"","3","'.5' -> '.5'[jvm]","","2026-07-23","passed","2026-07-23","","AmountInputTransformationTest[jvm]","com.georgeci.moneysurfer.utils.AmountInputTransformationTest",""
"","12","no-op when hasUsedDemo is false (real-account-only flow)[jvm]","","2026-07-23","passed","2026-07-23","","WipeDemoDataUseCaseSpec[jvm]","com.georgeci.moneysurfer.domain.usecase.WipeDemoDataUseCaseSpec",""
"","4","expense contributes -amount on its account[jvm]","","2026-07-23","passed","2026-07-23","","BalanceImpactTest[jvm]","com.georgeci.moneysurfer.domain.model.BalanceImpactTest",""
"","0","epochMillis=0[jvm]","","2026-07-23","passed","2026-07-23","","TimeFormatterTest[jvm]","com.georgeci.moneysurfer.data.repository.TimeFormatterTest",""
"","1","a parent cycle is shown at the top level rather than vanishing[jvm]","","2026-07-23","passed","2026-07-23","","CategoryTreeTest[jvm]","com.georgeci.moneysurfer.domain.model.CategoryTreeTest",""
"","2","reader rejects truncated entry body[jvm]","","2026-07-23","passed","2026-07-23","","ZipStoredCodecTest[jvm]","com.georgeci.moneysurfer.data.backup.ZipStoredCodecTest",""
"","10","DELETE mutation persists and is readable[jvm]","","2026-07-23","passed","2026-07-23","","PendingMutationQueueImplSpec[jvm]","com.georgeci.moneysurfer.data.sync.PendingMutationQueueImplSpec",""
"","17","getByWorkspaceId returns ACTIVE and soft-deleted rows alike (UI filters by status)[jvm]","","2026-07-23","passed","2026-07-23","","WorkspaceMemberRepositoryIntegrationIT[jvm]","com.georgeci.moneysurfer.integration.repository.WorkspaceMemberRepositoryIntegrationIT",""
"","2","addUpload accumulates uploadedCount[jvm]","","2026-07-23","passed","2026-07-23","","SyncSummaryBuilderSpec[jvm]","com.georgeci.moneysurfer.sync.api.SyncSummaryBuilderSpec",""
"","3","CompositeCancelToken with empty children treats as cancelled[jvm]","","2026-07-23","passed","2026-07-23","","SyncCancelTokenSpec[jvm]","com.georgeci.moneysurfer.sync.api.SyncCancelTokenSpec",""
"","6","returns ProjectionSummary with zero recalculations for All scope[jvm]","","2026-07-23","passed","2026-07-23","","NoOpRecalculateLocalProjectionsUseCaseSpec[jvm]","com.georgeci.moneysurfer.sync.internal.usecase.NoOpRecalculateLocalProjectionsUseCaseSpec",""
"","159","format negative amount[jvm]","","2026-07-23","passed","2026-07-23","","MoneyFormatterTest[jvm]","com.georgeci.moneysurfer.domain.MoneyFormatterTest",""
"","1","explicit overrides are exposed[jvm]","","2026-07-23","passed","2026-07-23","","SyncConstraintsSpec[jvm]","com.georgeci.moneysurfer.sync.scheduler.SyncConstraintsSpec",""
"","22","rejects a contribution whose nullable transferId has a wrong non-null type","","2026-07-23","passed","2026-07-23","","savings goals (issue #244)","savings goals (issue #244) rejects a contribution whose nullable transferId has a wrong non-null type",""
"","54","saving creates a goal in the workspace base currency[jvm]","","2026-07-23","passed","2026-07-23","","GoalEditViewModelTest[jvm]","com.georgeci.moneysurfer.feature.goal.edit.GoalEditViewModelTest",""
"","2","'42,50' -> '42.50'[jvm]","","2026-07-23","passed","2026-07-23","","AmountInputTransformationTest[jvm]","com.georgeci.moneysurfer.utils.AmountInputTransformationTest",""
"","20","goal details carry progress and history[jvm]","","2026-07-23","passed","2026-07-23","","SavingsGoalUseCaseTest[jvm]","com.georgeci.moneysurfer.domain.usecase.SavingsGoalUseCaseTest",""
"","5","running state emits step progression and reaches Completed[jvm]","","2026-07-23","passed","2026-07-23","","SyncCoordinatorImplSpec[jvm]","com.georgeci.moneysurfer.sync.coordinator.SyncCoordinatorImplSpec",""
"","72","requestSync completes with success for noop use cases[jvm]","","2026-07-23","passed","2026-07-23","","SyncCoordinatorImplSpec[jvm]","com.georgeci.moneysurfer.sync.coordinator.SyncCoordinatorImplSpec",""
"","50","matches a whole word in the middle of a note[jvm]","","2026-07-23","passed","2026-07-23","","TransactionFtsIntegrationIT[jvm]","com.georgeci.moneysurfer.integration.repository.TransactionFtsIntegrationIT",""
"","15","pushAll is a no-op when the sync feature flag is disabled[jvm]","","2026-07-23","passed","2026-07-23","","SyncCoordinatorWorkspaceSyncerSpec[jvm]","com.georgeci.moneysurfer.data.sync.SyncCoordinatorWorkspaceSyncerSpec",""
"","1","parser handles CRLF line endings a UTF-8 BOM and blank lines[jvm]","","2026-07-23","passed","2026-07-23","","TransactionCsvCodecTest[jvm]","com.georgeci.moneysurfer.domain.csv.TransactionCsvCodecTest",""
"","1","SyncMeta supports null timestamps for fresh workspaces[jvm]","","2026-07-23","passed","2026-07-23","","SyncMetaRepositorySpec[jvm]","com.georgeci.moneysurfer.sync.repository.SyncMetaRepositorySpec",""
"","19","stamps targetUserId from userEmails mapping[jvm]","","2026-07-23","passed","2026-07-23","","SendInviteUseCaseTest[jvm]","com.georgeci.moneysurfer.domain.usecase.SendInviteUseCaseTest",""
"","7","pushes to Firestore and updates user ref + default when Firebase uid present[jvm]","","2026-07-23","passed","2026-07-23","","CreateWorkspaceUseCaseTest[jvm]","com.georgeci.moneysurfer.domain.usecase.CreateWorkspaceUseCaseTest",""
"","1","no-ops when CreateWorkspaceUseCase has no current user (offline build pre-login)[jvm]","","2026-07-23","passed","2026-07-23","","SeedDefaultsUseCaseTest[jvm]","com.georgeci.moneysurfer.domain.usecase.SeedDefaultsUseCaseTest",""
"","1","trailingMonths crosses a year boundary backwards[jvm]","","2026-07-23","passed","2026-07-23","","CategorySpendHistoryTest[jvm]","com.georgeci.moneysurfer.domain.model.CategorySpendHistoryTest",""
"","220","first sync hydrates the new workspace root before its subcollections[jvm]","","2026-07-23","passed","2026-07-23","","NewWorkspacePullIntegrationIT[jvm]","com.georgeci.moneysurfer.integration.sync.NewWorkspacePullIntegrationIT",""
"","62","member can create","","2026-07-23","passed","2026-07-23","","member-gated entities (accounts)","member-gated entities (accounts) member can create",""
"","15","returns null when decode throws SerializationException (wrong field type)[jvm]","","2026-07-23","passed","2026-07-23","","DecodeOrNullSpec[jvm]","com.georgeci.moneysurfer.data.sync.plugin.DecodeOrNullSpec",""
"","5","unrecognized message returns null so the caller falls back to Unknown[jvm]","","2026-07-23","passed","2026-07-23","","AuthErrorClassificationTest[jvm]","com.georgeci.moneysurfer.data.repository.AuthErrorClassificationTest",""
"","1","arithmetic within the domain cap stays exact[jvm]","","2026-07-23","passed","2026-07-23","","MoneyTest[jvm]","com.georgeci.moneysurfer.domain.primitives.MoneyTest",""
"","827","export then import restores a deleted transaction and skips the surviving one[jvm]","","2026-07-23","passed","2026-07-23","","CsvBackupIntegrationIT[jvm]","com.georgeci.moneysurfer.integration.repository.CsvBackupIntegrationIT",""
"","149","SimpleCancelToken starts not cancelled[jvm]","","2026-07-23","passed","2026-07-23","","SyncCancelTokenSpec[jvm]","com.georgeci.moneysurfer.sync.api.SyncCancelTokenSpec",""
"","25","flatten puts each child immediately after its parent[jvm]","","2026-07-23","passed","2026-07-23","","CategoryTreeTest[jvm]","com.georgeci.moneysurfer.domain.model.CategoryTreeTest",""
"","1","merge keeps narrower scope when both narrow[jvm]","","2026-07-23","passed","2026-07-23","","MergedSyncRequestSpec[jvm]","com.georgeci.moneysurfer.sync.coordinator.MergedSyncRequestSpec",""
"","18","markAccepted transitions status and stamps respondedAt[jvm]","","2026-07-23","passed","2026-07-23","","WorkspaceInviteRepositoryDualWriteSpec[jvm]","com.georgeci.moneysurfer.data.repository.WorkspaceInviteRepositoryDualWriteSpec",""
"","32","upsert applies status transition and respondedAt without losing snapshot fields[jvm]","","2026-07-23","passed","2026-07-23","","WorkspaceInviteRepositoryIntegrationIT[jvm]","com.georgeci.moneysurfer.integration.repository.WorkspaceInviteRepositoryIntegrationIT",""
"","0","iso=2025-01-31[jvm]","","2026-07-23","passed","2026-07-23","","TimeFormatterTest[jvm]","com.georgeci.moneysurfer.data.repository.TimeFormatterTest",""
"","1","demoOnly is false when email-password is also enabled()[jvm]","","2026-07-23","passed","2026-07-23","","SignInFeatureConfigTest[jvm]","com.georgeci.moneysurfer.feature.login.SignInFeatureConfigTest",""
"","29","aborts without seeding when the demo login fails[jvm]","","2026-07-23","passed","2026-07-23","","OfflineFirstRunSeederTest[jvm]","com.georgeci.moneysurfer.offline.firstrun.OfflineFirstRunSeederTest",""
"","417","empty plaintext round-trips[jvm]","","2026-07-23","passed","2026-07-23","","EncryptedBackupCodecTest[jvm]","com.georgeci.moneysurfer.data.backup.EncryptedBackupCodecTest",""
"","112","offline build resolves OfflineBuildFlags with isOffline true()[jvm]","","2026-07-23","passed","2026-07-23","","OfflineBuildFlagsTest[jvm]","com.georgeci.moneysurfer.offline.di.OfflineBuildFlagsTest",""
"","24","owner can create a member row for someone else (no invite reference needed)","","2026-07-23","passed","2026-07-23","","workspaces/{wid}/members/{uid}","workspaces/{wid}/members/{uid} owner can create a member row for someone else (no invite reference needed)",""
"","1","'42.123' (more than 2 cents)[jvm]","","2026-07-23","passed","2026-07-23","","AmountInputTransformationTest[jvm]","com.georgeci.moneysurfer.utils.AmountInputTransformationTest",""
"","1","yearly clamping does not accumulate — Feb 29 returns in the next leap year[jvm]","","2026-07-23","passed","2026-07-23","","BudgetPeriodWindowTest[jvm]","com.georgeci.moneysurfer.domain.util.BudgetPeriodWindowTest",""
"","2","isEnabled is true when signed in and gate allows[jvm]","","2026-07-23","passed","2026-07-23","","OutboxEnqueuerImplSpec[jvm]","com.georgeci.moneysurfer.sync.repository.OutboxEnqueuerImplSpec",""
"","21","user cannot create a document under another uid","","2026-07-23","passed","2026-07-23","","users/{uid}","users/{uid} user cannot create a document under another uid",""
"","99","row referencing a missing account is reported and not inserted[jvm]","","2026-07-23","passed","2026-07-23","","CsvBackupIntegrationIT[jvm]","com.georgeci.moneysurfer.integration.repository.CsvBackupIntegrationIT",""
"","23","member cannot tombstone another member's row","","2026-07-23","passed","2026-07-23","","tombstone update shape (push-side soft delete)","tombstone update shape (push-side soft delete) member cannot tombstone another member's row",""
"","23","accepts a negative contribution amount (a withdrawal)","","2026-07-23","passed","2026-07-23","","savings goals (issue #244)","savings goals (issue #244) accepts a negative contribution amount (a withdrawal)",""
"","13","a consistent transfer pair imports both legs[jvm]","","2026-07-23","passed","2026-07-23","","ExportImportTransactionsUseCaseTest[jvm]","com.georgeci.moneysurfer.domain.csv.ExportImportTransactionsUseCaseTest",""
"","597","offline build resolves TransactionCreationFeatureConfig with transfer disabled[jvm]","","2026-07-23","passed","2026-07-23","","OfflineTransactionCreationFeatureConfigTest[jvm]","com.georgeci.moneysurfer.offline.di.OfflineTransactionCreationFeatureConfigTest",""
"","17","handle cancel on the only running request cancels the worker job[jvm]","","2026-07-23","passed","2026-07-23","","SyncCoordinatorImplBranchSpec[jvm]","com.georgeci.moneysurfer.sync.coordinator.SyncCoordinatorImplBranchSpec",""
"","7","syncAll is a no-op when the sync feature flag is disabled[jvm]","","2026-07-23","passed","2026-07-23","","SyncCoordinatorWorkspaceSyncerSpec[jvm]","com.georgeci.moneysurfer.data.sync.SyncCoordinatorWorkspaceSyncerSpec",""
"","14","deleting a goal that does not exist is a no-op[jvm]","","2026-07-23","passed","2026-07-23","","GoalRepositoryDualWriteSpec[jvm]","com.georgeci.moneysurfer.data.repository.GoalRepositoryDualWriteSpec",""
"","43","accepts a minimal goal with default-valued fields omitted","","2026-07-23","passed","2026-07-23","","savings goals (issue #244)","savings goals (issue #244) accepts a minimal goal with default-valued fields omitted",""
"","3","the unset sentinels are not mistaken for stored values[jvm]","","2026-07-23","passed","2026-07-23","","CategoryAppearanceTest[jvm]","com.georgeci.moneysurfer.domain.model.CategoryAppearanceTest",""
"","6","enqueueUpsert rejects DELETE operation[jvm]","","2026-07-23","passed","2026-07-23","","OutboxEnqueuerSpec[jvm]","com.georgeci.moneysurfer.data.sync.OutboxEnqueuerSpec",""
"","656","every concrete Route is registered in navKeySerializersModule[jvm]","","2026-07-23","passed","2026-07-23","","RouteSerializerRegistryTest[jvm]","com.georgeci.moneysurfer.navigation.RouteSerializerRegistryTest",""
"","13","trims name and description before insert[jvm]","","2026-07-23","passed","2026-07-23","","CreateWorkspaceUseCaseTest[jvm]","com.georgeci.moneysurfer.domain.usecase.CreateWorkspaceUseCaseTest",""
"","121","updates the workspace baseCurrency column in Room[jvm]","","2026-07-23","passed","2026-07-23","","WorkspaceCurrencyIntegrationIT[jvm]","com.georgeci.moneysurfer.integration.repository.WorkspaceCurrencyIntegrationIT",""
"","4","observe emits empty list for a fresh workspace[jvm]","","2026-07-23","passed","2026-07-23","","SyncMetaRepositoryImplSpec[jvm]","com.georgeci.moneysurfer.sync.internal.repository.SyncMetaRepositoryImplSpec",""
"","21","owner can tombstone a member row","","2026-07-23","passed","2026-07-23","","tombstone update shape (push-side soft delete)","tombstone update shape (push-side soft delete) owner can tombstone a member row",""
"","3","markCompleted deletes rows; empty list is a no-op[jvm]","","2026-07-23","passed","2026-07-23","","PendingMutationQueueImplSpec[jvm]","com.georgeci.moneysurfer.sync.internal.repository.PendingMutationQueueImplSpec",""
"","31","accepts a goal with nullable targetDate/accountId set to null","","2026-07-23","passed","2026-07-23","","savings goals (issue #244)","savings goals (issue #244) accepts a goal with nullable targetDate/accountId set to null",""
"","10","format from minor units correctly[jvm]","","2026-07-23","passed","2026-07-23","","MoneyFormatterTest[jvm]","com.georgeci.moneysurfer.domain.MoneyFormatterTest",""
"","8","enqueueDelete is a no-op when demo session[jvm]","","2026-07-23","passed","2026-07-23","","OutboxEnqueuerSpec[jvm]","com.georgeci.moneysurfer.data.sync.OutboxEnqueuerSpec",""
"","8","retrying the same mutation produces an identical patch[jvm]","","2026-07-23","passed","2026-07-23","","TombstonePatchSpec[jvm]","com.georgeci.moneysurfer.data.sync.plugin.TombstonePatchSpec",""
"","6","'00' (double leading zero)[jvm]","","2026-07-23","passed","2026-07-23","","AmountInputTransformationTest[jvm]","com.georgeci.moneysurfer.utils.AmountInputTransformationTest",""
"","38","the defaults read back as empty rather than null or a blank tag[jvm]","","2026-07-23","passed","2026-07-23","","TransactionDetailFieldsIntegrationIT[jvm]","com.georgeci.moneysurfer.integration.repository.TransactionDetailFieldsIntegrationIT",""
"","388","round-trip: an exported file imports every transaction into an empty database[jvm]","","2026-07-23","passed","2026-07-23","","ExportImportTransactionsUseCaseTest[jvm]","com.georgeci.moneysurfer.domain.csv.ExportImportTransactionsUseCaseTest",""
"","6","actual → planned unwinds impact[jvm]","","2026-07-23","passed","2026-07-23","","ApplyTransactionChangeUseCaseTest[jvm]","com.georgeci.moneysurfer.domain.usecase.ApplyTransactionChangeUseCaseTest",""
"","102","cancelAllQueued with empty queue is a no-op[jvm]","","2026-07-23","passed","2026-07-23","","SyncCoordinatorImplBranchSpec[jvm]","com.georgeci.moneysurfer.sync.coordinator.SyncCoordinatorImplBranchSpec",""
"","8","Cancelled is not retryable[jvm]","","2026-07-23","passed","2026-07-23","","SyncErrorSpec[jvm]","com.georgeci.moneysurfer.sync.api.SyncErrorSpec",""
"","2","no enqueue when uid is empty string[jvm]","","2026-07-23","passed","2026-07-23","","OutboxEnqueuerImplSpec[jvm]","com.georgeci.moneysurfer.sync.repository.OutboxEnqueuerImplSpec",""
"","3","markInFlight is a no-op for empty list[jvm]","","2026-07-23","passed","2026-07-23","","PendingMutationQueueImplSpec[jvm]","com.georgeci.moneysurfer.sync.internal.repository.PendingMutationQueueImplSpec",""
"","7","rejects when removing the last OWNER[jvm]","","2026-07-23","passed","2026-07-23","","RemoveMemberUseCaseTest[jvm]","com.georgeci.moneysurfer.domain.usecase.RemoveMemberUseCaseTest",""
"","5","trims surrounding whitespace[jvm]","","2026-07-23","passed","2026-07-23","","TransactionTagsTest[jvm]","com.georgeci.moneysurfer.domain.model.TransactionTagsTest",""
"","6","schedulePeriodic uses default constraints when none supplied[jvm]","","2026-07-23","passed","2026-07-23","","BackgroundSyncSchedulerSpec[jvm]","com.georgeci.moneysurfer.sync.scheduler.BackgroundSyncSchedulerSpec",""
"","9","ids are unique across mutations[jvm]","","2026-07-23","passed","2026-07-23","","OutboxEnqueuerSpec[jvm]","com.georgeci.moneysurfer.data.sync.OutboxEnqueuerSpec",""
"","1","scheduleOneShot uses default constraints when none supplied[jvm]","","2026-07-23","passed","2026-07-23","","BackgroundSyncSchedulerSpec[jvm]","com.georgeci.moneysurfer.sync.scheduler.BackgroundSyncSchedulerSpec",""
"","2","non-null pass-through[jvm]","","2026-07-23","passed","2026-07-23","","TimeFormatterTest[jvm]","com.georgeci.moneysurfer.data.repository.TimeFormatterTest",""
"","13","a transfer pair with two legs of the same type is rejected[jvm]","","2026-07-23","passed","2026-07-23","","ExportImportTransactionsUseCaseTest[jvm]","com.georgeci.moneysurfer.domain.csv.ExportImportTransactionsUseCaseTest",""
"","1","ProjectionScope.Workspace exposes key[jvm]","","2026-07-23","passed","2026-07-23","","ProjectionSpec[jvm]","com.georgeci.moneysurfer.sync.projection.ProjectionSpec",""
"","17","owner can hard-delete the workspace doc (account-deletion purge)","","2026-07-23","passed","2026-07-23","","workspaces/{wid}","workspaces/{wid} owner can hard-delete the workspace doc (account-deletion purge)",""
"","9","StorageError preserves cause and is not retryable[jvm]","","2026-07-23","passed","2026-07-23","","SyncErrorSpec[jvm]","com.georgeci.moneysurfer.sync.api.SyncErrorSpec",""
"","32","a category's icon and colour survive a round-trip through Room[jvm]","","2026-07-23","passed","2026-07-23","","DeleteUndoIntegrationIT[jvm]","com.georgeci.moneysurfer.integration.repository.DeleteUndoIntegrationIT",""
"","5","returns Right for a Workspace scope[jvm]","","2026-07-23","passed","2026-07-23","","NoOpRecalculateLocalProjectionsUseCaseSpec[jvm]","com.georgeci.moneysurfer.sync.internal.usecase.NoOpRecalculateLocalProjectionsUseCaseSpec",""
"","1","matches by targetUserId when email differs[jvm]","","2026-07-23","passed","2026-07-23","","AcceptInviteUseCaseTest[jvm]","com.georgeci.moneysurfer.domain.usecase.AcceptInviteUseCaseTest",""
"","4","clearAll is idempotent[jvm]","","2026-07-23","passed","2026-07-23","","RemoteDataResetRepositoryImplSpec[jvm]","com.georgeci.moneysurfer.sync.repository.RemoteDataResetRepositoryImplSpec",""
"","2","repeat delete (null/null) is a no-op[jvm]","","2026-07-23","passed","2026-07-23","","ApplyTransactionChangeUseCaseTest[jvm]","com.georgeci.moneysurfer.domain.usecase.ApplyTransactionChangeUseCaseTest",""
"","6","redactEmail returns a fixed marker for blank input[jvm]","","2026-07-23","passed","2026-07-23","","PiiRedactionTest[jvm]","com.georgeci.moneysurfer.domain.logging.PiiRedactionTest",""
"","50","member can create + read in transactions","","2026-07-23","passed","2026-07-23","","member-gated entities (smoke for the rest)","member-gated entities (smoke for the rest) member can create + read in transactions",""
"","1","quoted field with embedded newline advances the row number by one record[jvm]","","2026-07-23","passed","2026-07-23","","TransactionCsvCodecTest[jvm]","com.georgeci.moneysurfer.domain.csv.TransactionCsvCodecTest",""
"","9","AllUserData additionally pulls invites from workspaces the user is invited to[jvm]","","2026-07-23","passed","2026-07-23","","PullRemoteChangesUseCaseImplSpec[jvm]","com.georgeci.moneysurfer.data.sync.PullRemoteChangesUseCaseImplSpec",""
"","21","unauthenticated user cannot append to invitedWorkspaceIds","","2026-07-23","passed","2026-07-23","","users/{uid} — invitedWorkspaceIds cross-user append","users/{uid} — invitedWorkspaceIds cross-user append unauthenticated user cannot append to invitedWorkspaceIds",""
"","16","rejects when invite email does not match the current user[jvm]","","2026-07-23","passed","2026-07-23","","AcceptInviteUseCaseTest[jvm]","com.georgeci.moneysurfer.domain.usecase.AcceptInviteUseCaseTest",""
"","8","income and expense aggregate separately[jvm]","","2026-07-23","passed","2026-07-23","","PeriodTotalsTest[jvm]","com.georgeci.moneysurfer.domain.model.PeriodTotalsTest",""
"","31","rejects a budget whose rollover flag is a string","","2026-07-23","passed","2026-07-23","","entity write-shape validation (issue #156)","entity write-shape validation (issue #156) rejects a budget whose rollover flag is a string",""
"","0","'1 2' (spaces)[jvm]","","2026-07-23","passed","2026-07-23","","AmountInputTransformationTest[jvm]","com.georgeci.moneysurfer.utils.AmountInputTransformationTest",""
"","0","epochMillis=1700000000000[jvm]","","2026-07-23","passed","2026-07-23","","TimeFormatterTest[jvm]","com.georgeci.moneysurfer.data.repository.TimeFormatterTest",""
"","4","first pull starts from cursor 0 and advances the cursor to the newest doc[jvm]","","2026-07-23","passed","2026-07-23","","PullRemoteChangesUseCaseImplSpec[jvm]","com.georgeci.moneysurfer.data.sync.PullRemoteChangesUseCaseImplSpec",""
"","2","demoOnly is false when demo itself is disabled()[jvm]","","2026-07-23","passed","2026-07-23","","SignInFeatureConfigTest[jvm]","com.georgeci.moneysurfer.feature.login.SignInFeatureConfigTest",""
"","16","round-trip preserves all fields[jvm]","","2026-07-23","passed","2026-07-23","","PendingMutationQueueImplSpec[jvm]","com.georgeci.moneysurfer.data.sync.PendingMutationQueueImplSpec",""
"","1","planned rows feed plannedIncome/plannedExpense[jvm]","","2026-07-23","passed","2026-07-23","","PeriodTotalsTest[jvm]","com.georgeci.moneysurfer.domain.model.PeriodTotalsTest",""
"","3","a parent's total rolls up its whole subtree[jvm]","","2026-07-23","passed","2026-07-23","","CategorySpendHistoryTest[jvm]","com.georgeci.moneysurfer.domain.model.CategorySpendHistoryTest",""
"","8","plus that overflows Long throws instead of wrapping[jvm]","","2026-07-23","passed","2026-07-23","","MoneyTest[jvm]","com.georgeci.moneysurfer.domain.primitives.MoneyTest",""
"","8","empty batch keeps the cursor untouched but still marks success[jvm]","","2026-07-23","passed","2026-07-23","","PullRemoteChangesUseCaseImplSpec[jvm]","com.georgeci.moneysurfer.data.sync.PullRemoteChangesUseCaseImplSpec",""
"","28","hard-delete is denied for non-owner members","","2026-07-23","passed","2026-07-23","","member-gated entities (accounts)","member-gated entities (accounts) hard-delete is denied for non-owner members",""
"","5","Unknown.isRetryable is true (sync should be re-attempted on next cycle)[jvm]","","2026-07-23","passed","2026-07-23","","SyncErrorClassifierSpec[jvm]","com.georgeci.moneysurfer.sync.internal.SyncErrorClassifierSpec",""
"","0","'0.99' -> '0.99'[jvm]","","2026-07-23","passed","2026-07-23","","AmountInputTransformationTest[jvm]","com.georgeci.moneysurfer.utils.AmountInputTransformationTest",""
"","2","abs(money) handles legacy signed expense correctly[jvm]","","2026-07-23","passed","2026-07-23","","PeriodTotalsTest[jvm]","com.georgeci.moneysurfer.domain.model.PeriodTotalsTest",""
"","34","accepts a minimal account (default-valued fields omitted)","","2026-07-23","passed","2026-07-23","","entity write-shape validation (issue #156)","entity write-shape validation (issue #156) accepts a minimal account (default-valued fields omitted)",""
"","39","rejects a nullable field with a wrong non-null type (deletedAt as string)","","2026-07-23","passed","2026-07-23","","entity write-shape validation (issue #156)","entity write-shape validation (issue #156) rejects a nullable field with a wrong non-null type (deletedAt as string)",""
"","33","first-time user creates remote doc and returns FirstTime[jvm]","","2026-07-23","passed","2026-07-23","","PostAuthBootstrapUseCaseTest[jvm]","com.georgeci.moneysurfer.domain.usecase.PostAuthBootstrapUseCaseTest",""
"","1309","encrypted round-trip restores data with the right passphrase[jvm]","","2026-07-23","passed","2026-07-23","","BackupEncryptedRoundTripJvmTest[jvm]","com.georgeci.moneysurfer.data.backup.BackupEncryptedRoundTripJvmTest",""
"","1","contains covers the start date but not the end date[jvm]","","2026-07-23","passed","2026-07-23","","BudgetPeriodWindowTest[jvm]","com.georgeci.moneysurfer.domain.util.BudgetPeriodWindowTest",""
"","5","uses the trailing hex digits of the id[jvm]","","2026-07-23","passed","2026-07-23","","TransactionReferenceTest[jvm]","com.georgeci.moneysurfer.domain.model.TransactionReferenceTest",""
"","20","re-currencies accounts still on the previous workspace currency[jvm]","","2026-07-23","passed","2026-07-23","","UpdateWorkspaceCurrencyUseCaseTest[jvm]","com.georgeci.moneysurfer.domain.usecase.UpdateWorkspaceCurrencyUseCaseTest",""
"","9","throwIfCancelled throws when cancelled[jvm]","","2026-07-23","passed","2026-07-23","","SyncCancelTokenSpec[jvm]","com.georgeci.moneysurfer.sync.api.SyncCancelTokenSpec",""
"","3","appends a prefix wildcard to every token[jvm]","","2026-07-23","passed","2026-07-23","","FtsQueryTest[jvm]","com.georgeci.moneysurfer.data.db.FtsQueryTest",""
"","11","onSyncFailed branches across every SyncError variant[jvm]","","2026-07-23","passed","2026-07-23","","KermitSyncTelemetrySpec[jvm]","com.georgeci.moneysurfer.sync.internal.telemetry.KermitSyncTelemetrySpec",""
"","42","signed-in user can read a userEmails doc by exact key","","2026-07-23","passed","2026-07-23","","userEmails/{email}","userEmails/{email} signed-in user can read a userEmails doc by exact key",""
"","3","clearScope removes only rows for the requested workspace[jvm]","","2026-07-23","passed","2026-07-23","","SyncMetaRepositoryImplSpec[jvm]","com.georgeci.moneysurfer.sync.internal.repository.SyncMetaRepositoryImplSpec",""
"","1","blank -> null[jvm]","","2026-07-23","passed","2026-07-23","","TimeFormatterTest[jvm]","com.georgeci.moneysurfer.data.repository.TimeFormatterTest",""
"","13","non-JSON manifest surfaces InvalidArchive[jvm]","","2026-07-23","passed","2026-07-23","","BackupImporterImplJvmTest[jvm]","com.georgeci.moneysurfer.data.backup.BackupImporterImplJvmTest",""
"","13","isEnabled returns false when firebaseUid is null (demo session)[jvm]","","2026-07-23","passed","2026-07-23","","OutboxEnqueuerSpec[jvm]","com.georgeci.moneysurfer.data.sync.OutboxEnqueuerSpec",""
"","29","contribution create is blocked when clientVersionCode is below the floor","","2026-07-23","passed","2026-07-23","","savings goals (issue #244)","savings goals (issue #244) contribution create is blocked when clientVersionCode is below the floor",""
"","102","export then import restores seeded entities + datastore + clears sync DB[jvm]","","2026-07-23","passed","2026-07-23","","BackupRoundTripJvmTest[jvm]","com.georgeci.moneysurfer.data.backup.BackupRoundTripJvmTest",""
"","34","returns the decoded value when the document is well-formed[jvm]","","2026-07-23","passed","2026-07-23","","DecodeOrNullSpec[jvm]","com.georgeci.moneysurfer.data.sync.plugin.DecodeOrNullSpec",""
"","36","non-member cannot read","","2026-07-23","passed","2026-07-23","","member-gated entities (accounts)","member-gated entities (accounts) non-member cannot read",""
"","1","empty set is Indefinite[jvm]","","2026-07-23","passed","2026-07-23","","NetworkWaitModeSpec[jvm]","com.georgeci.moneysurfer.sync.network.NetworkWaitModeSpec",""
"","49","member can read and create a contribution","","2026-07-23","passed","2026-07-23","","savings goals (issue #244)","savings goals (issue #244) member can read and create a contribution",""
"","53","accepts a fully-populated, correctly-typed account","","2026-07-23","passed","2026-07-23","","entity write-shape validation (issue #156)","entity write-shape validation (issue #156) accepts a fully-populated, correctly-typed account",""
"","3","reaching the target flips ACTIVE to COMPLETED[jvm]","","2026-07-23","passed","2026-07-23","","GoalContributionUseCaseTest[jvm]","com.georgeci.moneysurfer.domain.usecase.GoalContributionUseCaseTest",""
"","4","SyncMeta carries cursor and timestamps[jvm]","","2026-07-23","passed","2026-07-23","","SyncMetaRepositorySpec[jvm]","com.georgeci.moneysurfer.sync.repository.SyncMetaRepositorySpec",""
"","3","all PUSH steps precede all PULL steps[jvm]","","2026-07-23","passed","2026-07-23","","SyncStepOrderTest[jvm]","com.georgeci.moneysurfer.domain.model.SyncStepOrderTest",""
"","14","deleting a contribution that does not exist enqueues nothing[jvm]","","2026-07-23","passed","2026-07-23","","GoalRepositoryDualWriteSpec[jvm]","com.georgeci.moneysurfer.data.repository.GoalRepositoryDualWriteSpec",""
"","18","rejects when no registered user for email[jvm]","","2026-07-23","passed","2026-07-23","","SendInviteUseCaseTest[jvm]","com.georgeci.moneysurfer.domain.usecase.SendInviteUseCaseTest",""
"","7","a leaf category reports no subcategories[jvm]","","2026-07-23","passed","2026-07-23","","CategorySpendHistoryTest[jvm]","com.georgeci.moneysurfer.domain.model.CategorySpendHistoryTest",""
"","41","isolated cursors per (workspace, collection)[jvm]","","2026-07-23","passed","2026-07-23","","SyncMetaRepositoryImplSpec[jvm]","com.georgeci.moneysurfer.data.sync.SyncMetaRepositoryImplSpec",""
"","27","non-owner cannot hard-delete an invite","","2026-07-23","passed","2026-07-23","","invites — update / delete","invites — update / delete non-owner cannot hard-delete an invite",""
"","195","create workspace persists local rows and enqueues one outbox mutation per row[jvm]","","2026-07-23","passed","2026-07-23","","WorkspaceCreationSyncIntegrationIT[jvm]","com.georgeci.moneysurfer.integration.sync.WorkspaceCreationSyncIntegrationIT",""
"","2","no enqueue when app-version gate denies sync[jvm]","","2026-07-23","passed","2026-07-23","","OutboxEnqueuerImplSpec[jvm]","com.georgeci.moneysurfer.sync.repository.OutboxEnqueuerImplSpec",""
"","13","permission-denied during fetch maps to AuthError.PermissionDenied[jvm]","","2026-07-23","passed","2026-07-23","","PostAuthBootstrapUseCaseTest[jvm]","com.georgeci.moneysurfer.domain.usecase.PostAuthBootstrapUseCaseTest",""
"","11","PullingRemoteChanges title[jvm]","","2026-07-23","passed","2026-07-23","","SyncStepSpec[jvm]","com.georgeci.moneysurfer.sync.api.SyncStepSpec",""
"","5","PUSH order is workspace → members → invites → accounts → categories → transactions[jvm]","","2026-07-23","passed","2026-07-23","","SyncStepOrderTest[jvm]","com.georgeci.moneysurfer.domain.model.SyncStepOrderTest",""
"","98","the picked account kind is handed to account creation[jvm]","","2026-07-23","passed","2026-07-23","","OnboardingViewModelTest[jvm]","com.georgeci.moneysurfer.feature.login.onboarding.OnboardingViewModelTest",""
"","3","rejects when caller is not OWNER[jvm]","","2026-07-23","passed","2026-07-23","","SendInviteUseCaseTest[jvm]","com.georgeci.moneysurfer.domain.usecase.SendInviteUseCaseTest",""
"","20","rejects a goal whose numeric target is a string","","2026-07-23","passed","2026-07-23","","savings goals (issue #244)","savings goals (issue #244) rejects a goal whose numeric target is a string",""
"","40","invitee accept via full set() (mirrors outbox upload path)","","2026-07-23","passed","2026-07-23","","invites — update / delete","invites — update / delete invitee accept via full set() (mirrors outbox upload path)",""
"","9","Failed title carries error[jvm]","","2026-07-23","passed","2026-07-23","","SyncStepSpec[jvm]","com.georgeci.moneysurfer.sync.api.SyncStepSpec",""
"","2","'42.50' -> '42.50'[jvm]","","2026-07-23","passed","2026-07-23","","AmountInputTransformationTest[jvm]","com.georgeci.moneysurfer.utils.AmountInputTransformationTest",""
"","1","redactUid returns a fixed marker for blank input[jvm]","","2026-07-23","passed","2026-07-23","","PiiRedactionTest[jvm]","com.georgeci.moneysurfer.domain.logging.PiiRedactionTest",""
"","7","mergeScope ChangedSinceLastSync above UploadOnly[jvm]","","2026-07-23","passed","2026-07-23","","SyncScopeSpec[jvm]","com.georgeci.moneysurfer.sync.api.SyncScopeSpec",""
"","17","savedAmount is zero for a goal with no contributions[jvm]","","2026-07-23","passed","2026-07-23","","GoalRepositoryDualWriteSpec[jvm]","com.georgeci.moneysurfer.data.repository.GoalRepositoryDualWriteSpec",""
"","35","non-member is blocked from transactions","","2026-07-23","passed","2026-07-23","","member-gated entities (smoke for the rest)","member-gated entities (smoke for the rest) non-member is blocked from transactions",""
"","11","existing install with a pinned workspace is left alone and does not re-login[jvm]","","2026-07-23","passed","2026-07-23","","OfflineFirstRunSeederTest[jvm]","com.georgeci.moneysurfer.offline.firstrun.OfflineFirstRunSeederTest",""
"","2","previousWindow is the window immediately before the given one[jvm]","","2026-07-23","passed","2026-07-23","","BudgetPeriodWindowTest[jvm]","com.georgeci.moneysurfer.domain.util.BudgetPeriodWindowTest",""
"","38","user can delete the mapping pointing at their own uid","","2026-07-23","passed","2026-07-23","","userEmails/{email}","userEmails/{email} user can delete the mapping pointing at their own uid",""
"","8","rejects when invite not found[jvm]","","2026-07-23","passed","2026-07-23","","AcceptInviteUseCaseTest[jvm]","com.georgeci.moneysurfer.domain.usecase.AcceptInviteUseCaseTest",""
"","24","stranger cannot read someone else's invite by direct id","","2026-07-23","passed","2026-07-23","","invites — read","invites — read stranger cannot read someone else's invite by direct id",""
"","2","ConflictResolver implementation can be invoked[jvm]","","2026-07-23","passed","2026-07-23","","ConflictResolverSpec[jvm]","com.georgeci.moneysurfer.sync.repository.ConflictResolverSpec",""
"","3","an offline workspace that already has an account goes to the dashboard[jvm]","","2026-07-23","passed","2026-07-23","","StartRouteTest[jvm]","com.georgeci.moneysurfer.navigation.StartRouteTest",""
"","13","cancel handle during pending finalizes immediately[jvm]","","2026-07-23","passed","2026-07-23","","SyncCoordinatorImplSpec[jvm]","com.georgeci.moneysurfer.sync.coordinator.SyncCoordinatorImplSpec",""
"","34","non-member is blocked from budgets","","2026-07-23","passed","2026-07-23","","member-gated entities (smoke for the rest)","member-gated entities (smoke for the rest) non-member is blocked from budgets",""
"","18","owner can hard-delete a member row (account-deletion purge)","","2026-07-23","passed","2026-07-23","","workspaces/{wid}/members/{uid}","workspaces/{wid}/members/{uid} owner can hard-delete a member row (account-deletion purge)",""
"","9","archive on missing account returns AccountNotFound[jvm]","","2026-07-23","passed","2026-07-23","","ArchiveAccountUseCaseTest[jvm]","com.georgeci.moneysurfer.domain.usecase.ArchiveAccountUseCaseTest",""
"","0","'1.999' (three decimal digits)[jvm]","","2026-07-23","passed","2026-07-23","","AmountInputTransformationTest[jvm]","com.georgeci.moneysurfer.utils.AmountInputTransformationTest",""
"","7","redactUid never leaks the full identifier[jvm]","","2026-07-23","passed","2026-07-23","","PiiRedactionTest[jvm]","com.georgeci.moneysurfer.domain.logging.PiiRedactionTest",""
"","24","non-invited stranger CANNOT self-create a member row","","2026-07-23","passed","2026-07-23","","workspaces/{wid}/members/{uid}","workspaces/{wid}/members/{uid} non-invited stranger CANNOT self-create a member row",""
"","3","a withdrawal cannot take the saved amount below zero[jvm]","","2026-07-23","passed","2026-07-23","","GoalContributionUseCaseTest[jvm]","com.georgeci.moneysurfer.domain.usecase.GoalContributionUseCaseTest",""
"","9","a missing workspace doc is skipped without touching anything[jvm]","","2026-07-23","passed","2026-07-23","","UserAccountDeletionRepositoryImplTest[jvm]","com.georgeci.moneysurfer.data.repository.UserAccountDeletionRepositoryImplTest",""
"","1","update amount expense 100 → 150 produces -50 delta[jvm]","","2026-07-23","passed","2026-07-23","","CalculateBalanceDeltaTest[jvm]","com.georgeci.moneysurfer.domain.model.CalculateBalanceDeltaTest",""
"","18","letters are stripped from the target field[jvm]","","2026-07-23","passed","2026-07-23","","GoalEditViewModelTest[jvm]","com.georgeci.moneysurfer.feature.goal.edit.GoalEditViewModelTest",""
"","1","blob shorter than header + MAC is rejected as InvalidArchive[jvm]","","2026-07-23","passed","2026-07-23","","EncryptedBackupCodecTest[jvm]","com.georgeci.moneysurfer.data.backup.EncryptedBackupCodecTest",""
"","6","rejects when last OWNER tries to leave[jvm]","","2026-07-23","passed","2026-07-23","","LeaveWorkspaceUseCaseTest[jvm]","com.georgeci.moneysurfer.domain.usecase.LeaveWorkspaceUseCaseTest",""
"","137","oversized manifest entry is rejected before parsing[jvm]","","2026-07-23","passed","2026-07-23","","BackupImporterImplJvmTest[jvm]","com.georgeci.moneysurfer.data.backup.BackupImporterImplJvmTest",""
"","24","soft-delete via upsert sets status REMOVED and stamps removedAt without erasing the row[jvm]","","2026-07-23","passed","2026-07-23","","WorkspaceMemberRepositoryIntegrationIT[jvm]","com.georgeci.moneysurfer.integration.repository.WorkspaceMemberRepositoryIntegrationIT",""
"","6","blank email skips the mapping lookup entirely[jvm]","","2026-07-23","passed","2026-07-23","","UserAccountDeletionRepositoryImplTest[jvm]","com.georgeci.moneysurfer.data.repository.UserAccountDeletionRepositoryImplTest",""
"","2","UploadingPendingChanges title[jvm]","","2026-07-23","passed","2026-07-23","","SyncStepSpec[jvm]","com.georgeci.moneysurfer.sync.api.SyncStepSpec",""
"","3","SerializationException maps to Unknown carrying the cause[jvm]","","2026-07-23","passed","2026-07-23","","SyncErrorClassifierSpec[jvm]","com.georgeci.moneysurfer.sync.internal.SyncErrorClassifierSpec",""
"","23","pendingCount Flow reflects active row count[jvm]","","2026-07-23","passed","2026-07-23","","PendingMutationQueueIntegrationIT[jvm]","com.georgeci.moneysurfer.integration.sync.PendingMutationQueueIntegrationIT",""
"","3","demoOnly is false when anonymous is also enabled()[jvm]","","2026-07-23","passed","2026-07-23","","SignInFeatureConfigTest[jvm]","com.georgeci.moneysurfer.feature.login.SignInFeatureConfigTest",""
"","12","markDeclined transitions status to DECLINED[jvm]","","2026-07-23","passed","2026-07-23","","WorkspaceInviteRepositoryDualWriteSpec[jvm]","com.georgeci.moneysurfer.data.repository.WorkspaceInviteRepositoryDualWriteSpec",""
"","0","iso=1970-01-01[jvm]","","2026-07-23","passed","2026-07-23","","TimeFormatterTest[jvm]","com.georgeci.moneysurfer.data.repository.TimeFormatterTest",""
"","17","every field survives an encode/decode round-trip[jvm]","","2026-07-23","passed","2026-07-23","","TransactionCsvCodecTest[jvm]","com.georgeci.moneysurfer.domain.csv.TransactionCsvCodecTest",""
"","4","a zero contribution is rejected[jvm]","","2026-07-23","passed","2026-07-23","","GoalContributionUseCaseTest[jvm]","com.georgeci.moneysurfer.domain.usecase.GoalContributionUseCaseTest",""
"","2","a negative amount passed to add is rejected instead of read as a withdrawal[jvm]","","2026-07-23","passed","2026-07-23","","GoalContributionUseCaseTest[jvm]","com.georgeci.moneysurfer.domain.usecase.GoalContributionUseCaseTest",""
"","22","rejects a category whose iconKey is a number","","2026-07-23","passed","2026-07-23","","entity write-shape validation (issue #156)","entity write-shape validation (issue #156) rejects a category whose iconKey is a number",""
"","15","failure on the first mutation fails the whole batch and completes nothing[jvm]","","2026-07-23","passed","2026-07-23","","UploadPendingChangesUseCaseImplSpec[jvm]","com.georgeci.moneysurfer.data.sync.UploadPendingChangesUseCaseImplSpec",""
"","5","a withdrawal that drops below the target flips COMPLETED back to ACTIVE[jvm]","","2026-07-23","passed","2026-07-23","","GoalContributionUseCaseTest[jvm]","com.georgeci.moneysurfer.domain.usecase.GoalContributionUseCaseTest",""
"","1","offline build resolves SyncFeatureFlag disabled()[jvm]","","2026-07-23","passed","2026-07-23","","OfflineSignInFeatureConfigTest[jvm]","com.georgeci.moneysurfer.offline.di.OfflineSignInFeatureConfigTest",""
"","69","accepts a budget tombstone update (deletedAt set)","","2026-07-23","passed","2026-07-23","","entity write-shape validation (issue #156)","entity write-shape validation (issue #156) accepts a budget tombstone update (deletedAt set)",""
"","4","onSyncStarted is callable[jvm]","","2026-07-23","passed","2026-07-23","","SyncTelemetryNoOpSpec[jvm]","com.georgeci.moneysurfer.sync.telemetry.SyncTelemetryNoOpSpec",""
"","1","an absent accountId stays null[jvm]","","2026-07-23","passed","2026-07-23","","GoalDtoMapperSpec[jvm]","com.georgeci.moneysurfer.data.sync.GoalDtoMapperSpec",""
"","13","isEnabled returns true when firebaseUid is non-empty[jvm]","","2026-07-23","passed","2026-07-23","","OutboxEnqueuerSpec[jvm]","com.georgeci.moneysurfer.data.sync.OutboxEnqueuerSpec",""
"","10","CancellationException maps to Cancelled[jvm]","","2026-07-23","passed","2026-07-23","","SyncErrorClassifierSpec[jvm]","com.georgeci.moneysurfer.data.sync.SyncErrorClassifierSpec",""
"","56","UnsupportedAppVersion preserves message and is not retryable[jvm]","","2026-07-23","passed","2026-07-23","","SyncErrorSpec[jvm]","com.georgeci.moneysurfer.sync.api.SyncErrorSpec",""
"","42","update blocked when clientVersionCode is missing on the resulting doc","","2026-07-23","passed","2026-07-23","","invites — update / delete","invites — update / delete update blocked when clientVersionCode is missing on the resulting doc",""
"","1","keeps Cyrillic and digits intact[jvm]","","2026-07-23","passed","2026-07-23","","FtsQueryTest[jvm]","com.georgeci.moneysurfer.data.db.FtsQueryTest",""
"","5","cursor returns null when no row exists[jvm]","","2026-07-23","passed","2026-07-23","","SyncMetaRepositoryImplSpec[jvm]","com.georgeci.moneysurfer.sync.internal.repository.SyncMetaRepositoryImplSpec",""
"","10","onSyncStarted runs without error[jvm]","","2026-07-23","passed","2026-07-23","","KermitSyncTelemetrySpec[jvm]","com.georgeci.moneysurfer.sync.internal.telemetry.KermitSyncTelemetrySpec",""
"","1","Started title[jvm]","","2026-07-23","passed","2026-07-23","","SyncStepSpec[jvm]","com.georgeci.moneysurfer.sync.api.SyncStepSpec",""
"","12","Unknown preserves cause and is retryable[jvm]","","2026-07-23","passed","2026-07-23","","SyncErrorSpec[jvm]","com.georgeci.moneysurfer.sync.api.SyncErrorSpec",""
"","21","owner can mark a member as REMOVED","","2026-07-23","passed","2026-07-23","","workspaces/{wid}/members/{uid}","workspaces/{wid}/members/{uid} owner can mark a member as REMOVED",""
"","12","UploadOnly scope skips pull and recalc[jvm]","","2026-07-23","passed","2026-07-23","","SyncCoordinatorImplSpec[jvm]","com.georgeci.moneysurfer.sync.coordinator.SyncCoordinatorImplSpec",""
"","29","create blocked when clientVersionCode missing","","2026-07-23","passed","2026-07-23","","workspaces/{wid}","workspaces/{wid} create blocked when clientVersionCode missing",""
"","17","operator keywords and quotes from user input do not break MATCH[jvm]","","2026-07-23","passed","2026-07-23","","TransactionFtsIntegrationIT[jvm]","com.georgeci.moneysurfer.integration.repository.TransactionFtsIntegrationIT",""
"","26","getByWorkspaceId only returns invites of the given workspace[jvm]","","2026-07-23","passed","2026-07-23","","WorkspaceInviteRepositoryIntegrationIT[jvm]","com.georgeci.moneysurfer.integration.repository.WorkspaceInviteRepositoryIntegrationIT",""
"","1","merge appends child and unions reasons[jvm]","","2026-07-23","passed","2026-07-23","","MergedSyncRequestSpec[jvm]","com.georgeci.moneysurfer.sync.coordinator.MergedSyncRequestSpec",""
"","12","member insert failure returns LocalWriteFailed and skips categories, remote work and pin[jvm]","","2026-07-23","passed","2026-07-23","","CreateWorkspaceUseCaseTest[jvm]","com.georgeci.moneysurfer.domain.usecase.CreateWorkspaceUseCaseTest",""
"","10","upload progress emits UploadingEntity into running state[jvm]","","2026-07-23","passed","2026-07-23","","SyncCoordinatorImplBranchSpec[jvm]","com.georgeci.moneysurfer.sync.coordinator.SyncCoordinatorImplBranchSpec",""
"","44","non-member is blocked from recurringRules","","2026-07-23","passed","2026-07-23","","member-gated entities (smoke for the rest)","member-gated entities (smoke for the rest) non-member is blocked from recurringRules",""
"","37","invitee can decline by email match (no targetUserId on doc)","","2026-07-23","passed","2026-07-23","","invites — update / delete","invites — update / delete invitee can decline by email match (no targetUserId on doc)",""
"","16","the icon and hue catalogues are the same length, so a slot always resolves both[jvm]","","2026-07-23","passed","2026-07-23","","CategoryAppearanceTest[jvm]","com.georgeci.moneysurfer.domain.model.CategoryAppearanceTest",""
"","10","markCompleted with empty list is a no-op[jvm]","","2026-07-23","passed","2026-07-23","","PendingMutationQueueImplSpec[jvm]","com.georgeci.moneysurfer.data.sync.PendingMutationQueueImplSpec",""
"","12","Either.Left(Cancelled) returned from upload completes as cancelled[jvm]","","2026-07-23","passed","2026-07-23","","SyncCoordinatorImplBranchSpec[jvm]","com.georgeci.moneysurfer.sync.coordinator.SyncCoordinatorImplBranchSpec",""
"","30","rejects an account whose string name is a number","","2026-07-23","passed","2026-07-23","","entity write-shape validation (issue #156)","entity write-shape validation (issue #156) rejects an account whose string name is a number",""
"","19","user cannot delete another user's document","","2026-07-23","passed","2026-07-23","","users/{uid}","users/{uid} user cannot delete another user's document",""
"","51","create blocked when clientVersionCode missing","","2026-07-23","passed","2026-07-23","","member-gated entities (accounts)","member-gated entities (accounts) create blocked when clientVersionCode missing",""
"","3","ConflictResolution.Skip is a singleton[jvm]","","2026-07-23","passed","2026-07-23","","ConflictResolverSpec[jvm]","com.georgeci.moneysurfer.sync.repository.ConflictResolverSpec",""
"","86","imported expense adjusts the cached account balance[jvm]","","2026-07-23","passed","2026-07-23","","CsvBackupIntegrationIT[jvm]","com.georgeci.moneysurfer.integration.repository.CsvBackupIntegrationIT",""
"","1","ActiveWorkspace scope skips the invited-workspaces phase[jvm]","","2026-07-23","passed","2026-07-23","","PullRemoteChangesUseCaseImplSpec[jvm]","com.georgeci.moneysurfer.data.sync.PullRemoteChangesUseCaseImplSpec",""
"","243","tampering with the sealed payload surfaces WrongPassphrase[jvm]","","2026-07-23","passed","2026-07-23","","BackupEncryptedRoundTripJvmTest[jvm]","com.georgeci.moneysurfer.data.backup.BackupEncryptedRoundTripJvmTest",""
"","47","weekly window is the 7 days anchored on the start date's weekday[jvm]","","2026-07-23","passed","2026-07-23","","BudgetPeriodWindowTest[jvm]","com.georgeci.moneysurfer.domain.util.BudgetPeriodWindowTest",""
"","1","an already REMOVED member row is left untouched[jvm]","","2026-07-23","passed","2026-07-23","","UserAccountDeletionRepositoryImplTest[jvm]","com.georgeci.moneysurfer.data.repository.UserAccountDeletionRepositoryImplTest",""
"","1","reason mapping for BACKGROUND is Bounded(5m)[jvm]","","2026-07-23","passed","2026-07-23","","NetworkWaitModeSpec[jvm]","com.georgeci.moneysurfer.sync.network.NetworkWaitModeSpec",""
"","54","merchant, tags and recurringRuleId survive a write/read cycle[jvm]","","2026-07-23","passed","2026-07-23","","TransactionDetailFieldsIntegrationIT[jvm]","com.georgeci.moneysurfer.integration.repository.TransactionDetailFieldsIntegrationIT",""
"","1","all counters compose into one summary[jvm]","","2026-07-23","passed","2026-07-23","","SyncSummaryBuilderSpec[jvm]","com.georgeci.moneysurfer.sync.api.SyncSummaryBuilderSpec",""
"","30","accepts a correctly-typed transaction","","2026-07-23","passed","2026-07-23","","entity write-shape validation (issue #156)","entity write-shape validation (issue #156) accepts a correctly-typed transaction",""
"","2","keeps only hex digits from a non-UUID id[jvm]","","2026-07-23","passed","2026-07-23","","TransactionReferenceTest[jvm]","com.georgeci.moneysurfer.domain.model.TransactionReferenceTest",""
"","5","mutation without a matching plugin is skipped but still completed[jvm]","","2026-07-23","passed","2026-07-23","","UploadPendingChangesUseCaseImplSpec[jvm]","com.georgeci.moneysurfer.data.sync.UploadPendingChangesUseCaseImplSpec",""
"","10","CRC corruption is rejected[jvm]","","2026-07-23","passed","2026-07-23","","BackupImporterImplJvmTest[jvm]","com.georgeci.moneysurfer.data.backup.BackupImporterImplJvmTest",""
"","0","'007' (leading zeros)[jvm]","","2026-07-23","passed","2026-07-23","","AmountInputTransformationTest[jvm]","com.georgeci.moneysurfer.utils.AmountInputTransformationTest",""
"","22","owner create blocked when status != PENDING","","2026-07-23","passed","2026-07-23","","invites — write","invites — write owner create blocked when status != PENDING",""
"","51","invitee can re-push the same terminal status (idempotent)","","2026-07-23","passed","2026-07-23","","invites — update / delete","invites — update / delete invitee can re-push the same terminal status (idempotent)",""
"","1","the default is drawn from the catalogue, never invented[jvm]","","2026-07-23","passed","2026-07-23","","CategoryAppearanceTest[jvm]","com.georgeci.moneysurfer.domain.model.CategoryAppearanceTest",""
"","460","online build is a single step that continues into sign-in and marks onboarding completed[jvm]","","2026-07-23","passed","2026-07-23","","OnboardingViewModelTest[jvm]","com.georgeci.moneysurfer.feature.login.onboarding.OnboardingViewModelTest",""
"","42","enqueue then pending() returns the row in createdAt order[jvm]","","2026-07-23","passed","2026-07-23","","PendingMutationQueueIntegrationIT[jvm]","com.georgeci.moneysurfer.integration.sync.PendingMutationQueueIntegrationIT",""
"","20","wipes Room and clears flag when hasUsedDemo is true[jvm]","","2026-07-23","passed","2026-07-23","","WipeDemoDataUseCaseSpec[jvm]","com.georgeci.moneysurfer.domain.usecase.WipeDemoDataUseCaseSpec",""
"","256","unauthenticated user can read app config (force-update gate)","","2026-07-23","passed","2026-07-23","","appConfig/{docId}","appConfig/{docId} unauthenticated user can read app config (force-update gate)",""
"","18","unparseable amount is rejected as invalid amount_minor[jvm]","","2026-07-23","passed","2026-07-23","","TransactionCsvCodecTest[jvm]","com.georgeci.moneysurfer.domain.csv.TransactionCsvCodecTest",""
"","32","non-member is blocked from categories","","2026-07-23","passed","2026-07-23","","member-gated entities (smoke for the rest)","member-gated entities (smoke for the rest) non-member is blocked from categories",""
"","6","no remote calls when no Firebase uid (demo session)[jvm]","","2026-07-23","passed","2026-07-23","","CreateWorkspaceUseCaseTest[jvm]","com.georgeci.moneysurfer.domain.usecase.CreateWorkspaceUseCaseTest",""
"","32","second sync resumes from the Room-persisted cursor and pulls only newer documents[jvm]","","2026-07-23","passed","2026-07-23","","NewWorkspacePullIntegrationIT[jvm]","com.georgeci.moneysurfer.integration.sync.NewWorkspacePullIntegrationIT",""
"","11","reports progress with entityType and running position[jvm]","","2026-07-23","passed","2026-07-23","","UploadPendingChangesUseCaseImplSpec[jvm]","com.georgeci.moneysurfer.data.sync.UploadPendingChangesUseCaseImplSpec",""
"","20","invitee cannot transition to a terminal state other than ACCEPTED/DECLINED","","2026-07-23","passed","2026-07-23","","invites — update / delete","invites — update / delete invitee cannot transition to a terminal state other than ACCEPTED/DECLINED",""
"","1","'0.' -> '0.'[jvm]","","2026-07-23","passed","2026-07-23","","AmountInputTransformationTest[jvm]","com.georgeci.moneysurfer.utils.AmountInputTransformationTest",""
"","12","fresh repository starts empty[jvm]","","2026-07-23","passed","2026-07-23","","SyncMetaRepositoryImplSpec[jvm]","com.georgeci.moneysurfer.data.sync.SyncMetaRepositoryImplSpec",""
"","1","strips the CSV separator instead of splitting or rejecting[jvm]","","2026-07-23","passed","2026-07-23","","TransactionTagsTest[jvm]","com.georgeci.moneysurfer.domain.model.TransactionTagsTest",""
"","10","default constructor builds an active scope[jvm]","","2026-07-23","passed","2026-07-23","","ApplicationScopeSpec[jvm]","com.georgeci.moneysurfer.sync.runtime.ApplicationScopeSpec",""
"","24","unknown extra entry between manifest and main DB is tolerated[jvm]","","2026-07-23","passed","2026-07-23","","BackupImporterImplJvmTest[jvm]","com.georgeci.moneysurfer.data.backup.BackupImporterImplJvmTest",""
"","108","failed apply leaves the cursor untouched so the batch is retried on the next sync[jvm]","","2026-07-23","passed","2026-07-23","","NewWorkspacePullIntegrationIT[jvm]","com.georgeci.moneysurfer.integration.sync.NewWorkspacePullIntegrationIT",""
"","1","eligibleParents excludes the other type and system categories[jvm]","","2026-07-23","passed","2026-07-23","","CategoryTreeTest[jvm]","com.georgeci.moneysurfer.domain.model.CategoryTreeTest",""
"","1","negating Long.MIN_VALUE via times(-1) throws instead of wrapping[jvm]","","2026-07-23","passed","2026-07-23","","MoneyTest[jvm]","com.georgeci.moneysurfer.domain.primitives.MoneyTest",""
"","42","member can tombstone in transactions","","2026-07-23","passed","2026-07-23","","tombstone update shape (push-side soft delete)","tombstone update shape (push-side soft delete) member can tombstone in transactions",""
"","8","transition on missing row is a no-op[jvm]","","2026-07-23","passed","2026-07-23","","WorkspaceInviteRepositoryDualWriteSpec[jvm]","com.georgeci.moneysurfer.data.repository.WorkspaceInviteRepositoryDualWriteSpec",""
"","4","SimpleCancelToken cancel is idempotent[jvm]","","2026-07-23","passed","2026-07-23","","SyncCancelTokenSpec[jvm]","com.georgeci.moneysurfer.sync.api.SyncCancelTokenSpec",""
"","6","clearAll wipes outbox before sync_meta[jvm]","","2026-07-23","passed","2026-07-23","","RemoteDataResetRepositoryImplSpec[jvm]","com.georgeci.moneysurfer.sync.repository.RemoteDataResetRepositoryImplSpec",""
"","1","local newer than remote → take local[jvm]","","2026-07-23","passed","2026-07-23","","LwwConflictResolverSpec[jvm]","com.georgeci.moneysurfer.sync.repository.LwwConflictResolverSpec",""
"","24","merchant edits follow the content table like note edits do[jvm]","","2026-07-23","passed","2026-07-23","","TransactionFtsIntegrationIT[jvm]","com.georgeci.moneysurfer.integration.repository.TransactionFtsIntegrationIT",""
"","0","'12a' (mixed letters and digits)[jvm]","","2026-07-23","passed","2026-07-23","","AmountInputTransformationTest[jvm]","com.georgeci.moneysurfer.utils.AmountInputTransformationTest",""
"","21","owner can tombstone an invite","","2026-07-23","passed","2026-07-23","","tombstone update shape (push-side soft delete)","tombstone update shape (push-side soft delete) owner can tombstone an invite",""
"","14","leftAt path keeps role unchanged and status flipped to LEFT[jvm]","","2026-07-23","passed","2026-07-23","","WorkspaceMemberRepositoryIntegrationIT[jvm]","com.georgeci.moneysurfer.integration.repository.WorkspaceMemberRepositoryIntegrationIT",""
"","11","update bumps updatedAt and enqueues UPDATE[jvm]","","2026-07-23","passed","2026-07-23","","WorkspaceMemberRepositoryDualWriteSpec[jvm]","com.georgeci.moneysurfer.data.repository.WorkspaceMemberRepositoryDualWriteSpec",""
"","67","an oversized source is rejected without being fully read into memory[jvm]","","2026-07-23","passed","2026-07-23","","ExportImportTransactionsUseCaseTest[jvm]","com.georgeci.moneysurfer.domain.csv.ExportImportTransactionsUseCaseTest",""
"","15","shutdown cancels coordinator and scheduler[jvm]","","2026-07-23","passed","2026-07-23","","SessionShutdownGateImplSpec[jvm]","com.georgeci.moneysurfer.data.sync.SessionShutdownGateImplSpec",""
"","9","markInFlight excludes rows from pending() but markFailed brings them back[jvm]","","2026-07-23","passed","2026-07-23","","PendingMutationQueueIntegrationIT[jvm]","com.georgeci.moneysurfer.integration.sync.PendingMutationQueueIntegrationIT",""
"","25","cross-currency transfer stores fromMoney/toMoney on respective legs with each account's currencyCode[jvm]","","2026-07-23","passed","2026-07-23","","TransferCreationIntegrationIT[jvm]","com.georgeci.moneysurfer.integration.repository.TransferCreationIntegrationIT",""
"","5","no active session returns NotSignedIn without touching anything[jvm]","","2026-07-23","passed","2026-07-23","","DeleteUserAccountUseCaseTest[jvm]","com.georgeci.moneysurfer.domain.usecase.DeleteUserAccountUseCaseTest",""
"","5","DELETE operation roundtrips through the entity layer[jvm]","","2026-07-23","passed","2026-07-23","","PendingMutationQueueImplSpec[jvm]","com.georgeci.moneysurfer.sync.internal.repository.PendingMutationQueueImplSpec",""
"","23","accepts a category nested under a parent","","2026-07-23","passed","2026-07-23","","entity write-shape validation (issue #156)","entity write-shape validation (issue #156) accepts a category nested under a parent",""
"","10","cursor returns null for unknown (workspace, collection)[jvm]","","2026-07-23","passed","2026-07-23","","SyncMetaRepositoryImplSpec[jvm]","com.georgeci.moneysurfer.data.sync.SyncMetaRepositoryImplSpec",""
"","34","member can read another member's row (roster visibility)","","2026-07-23","passed","2026-07-23","","workspaces/{wid}/members/{uid}","workspaces/{wid}/members/{uid} member can read another member's row (roster visibility)",""
"","59","plugin failure surfaces as a sync error and leaves the cursor untouched[jvm]","","2026-07-23","passed","2026-07-23","","PullRemoteChangesUseCaseImplSpec[jvm]","com.georgeci.moneysurfer.data.sync.PullRemoteChangesUseCaseImplSpec",""
"","4","setCursor preserves attempt and success timestamps on existing row[jvm]","","2026-07-23","passed","2026-07-23","","SyncMetaRepositoryImplSpec[jvm]","com.georgeci.moneysurfer.sync.internal.repository.SyncMetaRepositoryImplSpec",""
"","1","Cancelled.isRetryable is false[jvm]","","2026-07-23","passed","2026-07-23","","SyncErrorClassifierSpec[jvm]","com.georgeci.moneysurfer.sync.internal.SyncErrorClassifierSpec",""
"","0","'.99' -> '.99'[jvm]","","2026-07-23","passed","2026-07-23","","AmountInputTransformationTest[jvm]","com.georgeci.moneysurfer.utils.AmountInputTransformationTest",""
"","78","recipient can collection-group query by targetUserId","","2026-07-23","passed","2026-07-23","","invites — read","invites — read recipient can collection-group query by targetUserId",""
"","6","goal details emit null once the goal is gone[jvm]","","2026-07-23","passed","2026-07-23","","SavingsGoalUseCaseTest[jvm]","com.georgeci.moneysurfer.domain.usecase.SavingsGoalUseCaseTest",""
"","35","rejects a poison update of an existing goal (target as string)","","2026-07-23","passed","2026-07-23","","savings goals (issue #244)","savings goals (issue #244) rejects a poison update of an existing goal (target as string)",""
"","19","rejects when no current user[jvm]","","2026-07-23","passed","2026-07-23","","SendInviteUseCaseTest[jvm]","com.georgeci.moneysurfer.domain.usecase.SendInviteUseCaseTest",""
"","0","cancelAll is callable[jvm]","","2026-07-23","passed","2026-07-23","","BackgroundSyncSchedulerSpec[jvm]","com.georgeci.moneysurfer.sync.scheduler.BackgroundSyncSchedulerSpec",""
"","3","is idempotent — second invocation does not duplicate workspace or Cash account[jvm]","","2026-07-23","passed","2026-07-23","","SeedDefaultsUseCaseTest[jvm]","com.georgeci.moneysurfer.domain.usecase.SeedDefaultsUseCaseTest",""
"","21","empty outbox returns zero uploads without touching in-flight state[jvm]","","2026-07-23","passed","2026-07-23","","UploadPendingChangesUseCaseImplSpec[jvm]","com.georgeci.moneysurfer.data.sync.UploadPendingChangesUseCaseImplSpec",""
"","23","writes two linked legs sharing transferId, tagged with the workspace's Transfer category[jvm]","","2026-07-23","passed","2026-07-23","","CreateTransferUseCaseTest[jvm]","com.georgeci.moneysurfer.domain.usecase.CreateTransferUseCaseTest",""
"","10","onSyncCompleted formats counts[jvm]","","2026-07-23","passed","2026-07-23","","KermitSyncTelemetrySpec[jvm]","com.georgeci.moneysurfer.sync.internal.telemetry.KermitSyncTelemetrySpec",""
"","18","contribution delete enqueues a DELETE[jvm]","","2026-07-23","passed","2026-07-23","","GoalRepositoryDualWriteSpec[jvm]","com.georgeci.moneysurfer.data.repository.GoalRepositoryDualWriteSpec",""
"","1","distinguishes ids differing in their trailing digits[jvm]","","2026-07-23","passed","2026-07-23","","TransactionReferenceTest[jvm]","com.georgeci.moneysurfer.domain.model.TransactionReferenceTest",""
"","7","create expense → -impact[jvm]","","2026-07-23","passed","2026-07-23","","CalculateBalanceDeltaTest[jvm]","com.georgeci.moneysurfer.domain.model.CalculateBalanceDeltaTest",""
"","26","owner whose co-members all LEFT or were REMOVED still purges[jvm]","","2026-07-23","passed","2026-07-23","","UserAccountDeletionRepositoryImplTest[jvm]","com.georgeci.moneysurfer.data.repository.UserAccountDeletionRepositoryImplTest",""
"","865","first run pins a demo user and seeds Personal without any account[jvm]","","2026-07-23","passed","2026-07-23","","OfflineFirstRunSeederTest[jvm]","com.georgeci.moneysurfer.offline.firstrun.OfflineFirstRunSeederTest",""
"","3294","offline app module graph resolves()[jvm]","","2026-07-23","passed","2026-07-23","","OfflineKoinModuleVerificationTest[jvm]","com.georgeci.moneysurfer.offline.di.OfflineKoinModuleVerificationTest",""
"","10","insert in demo session writes DAO but skips outbox[jvm]","","2026-07-23","passed","2026-07-23","","WorkspaceMemberRepositoryDualWriteSpec[jvm]","com.georgeci.moneysurfer.data.repository.WorkspaceMemberRepositoryDualWriteSpec",""
"","19","user can update their own document","","2026-07-23","passed","2026-07-23","","users/{uid}","users/{uid} user can update their own document",""
"","81","getByEmail / getByTargetUserId resolve through their indexes[jvm]","","2026-07-23","passed","2026-07-23","","WorkspaceInviteRepositoryIntegrationIT[jvm]","com.georgeci.moneysurfer.integration.repository.WorkspaceInviteRepositoryIntegrationIT",""
"","35","transfer auto-seeds Transfer category with systemKind=TRANSFER on first call and reuses it on subsequent calls[jvm]","","2026-07-23","passed","2026-07-23","","TransferCreationIntegrationIT[jvm]","com.georgeci.moneysurfer.integration.repository.TransferCreationIntegrationIT",""
"","75","a failed flag write leaves the screen retryable instead of navigating on[jvm]","","2026-07-23","passed","2026-07-23","","OnboardingViewModelTest[jvm]","com.georgeci.moneysurfer.feature.login.onboarding.OnboardingViewModelTest",""
"","27","still pins workspace and succeeds when addWorkspaceRef throws[jvm]","","2026-07-23","passed","2026-07-23","","CreateWorkspaceUseCaseTest[jvm]","com.georgeci.moneysurfer.domain.usecase.CreateWorkspaceUseCaseTest",""
"","5","SyncHandleStatus.Running carries currentStep[jvm]","","2026-07-23","passed","2026-07-23","","SyncStateSpec[jvm]","com.georgeci.moneysurfer.sync.api.SyncStateSpec",""
"","10","transfer with from == to throws IllegalArgumentException[jvm]","","2026-07-23","passed","2026-07-23","","TransferCreationIntegrationIT[jvm]","com.georgeci.moneysurfer.integration.repository.TransferCreationIntegrationIT",""
"","22","non-member cannot tombstone an account","","2026-07-23","passed","2026-07-23","","tombstone update shape (push-side soft delete)","tombstone update shape (push-side soft delete) non-member cannot tombstone an account",""
"","4","monthly anchor on the 29th clamps in a non-leap February[jvm]","","2026-07-23","passed","2026-07-23","","BudgetPeriodWindowTest[jvm]","com.georgeci.moneysurfer.domain.util.BudgetPeriodWindowTest",""
"","4","sums income / expense / opening_balance for the account[jvm]","","2026-07-23","passed","2026-07-23","","RecalculateAccountBalanceUseCaseTest[jvm]","com.georgeci.moneysurfer.domain.usecase.RecalculateAccountBalanceUseCaseTest",""
"","12","NoOpNetworkMonitor reports always-online[jvm]","","2026-07-23","passed","2026-07-23","","NoOpNetworkMonitorSpec[jvm]","com.georgeci.moneysurfer.sync.internal.network.NoOpNetworkMonitorSpec",""
"","3","minus that overflows Long on the positive side throws instead of wrapping[jvm]","","2026-07-23","passed","2026-07-23","","MoneyTest[jvm]","com.georgeci.moneysurfer.domain.primitives.MoneyTest",""
"","2","invited-workspaces phase is skipped without a Firebase uid[jvm]","","2026-07-23","passed","2026-07-23","","PullRemoteChangesUseCaseImplSpec[jvm]","com.georgeci.moneysurfer.data.sync.PullRemoteChangesUseCaseImplSpec",""
"","43","a user without a workspace goes to the selector[jvm]","","2026-07-23","passed","2026-07-23","","StartRouteTest[jvm]","com.georgeci.moneysurfer.navigation.StartRouteTest",""
"","7","ReplaceQueued cancels existing pending and replaces it[jvm]","","2026-07-23","passed","2026-07-23","","SyncCoordinatorImplBranchSpec[jvm]","com.georgeci.moneysurfer.sync.coordinator.SyncCoordinatorImplBranchSpec",""
"","8","Cancelled title and default summary[jvm]","","2026-07-23","passed","2026-07-23","","SyncStepSpec[jvm]","com.georgeci.moneysurfer.sync.api.SyncStepSpec",""
"","7","yearly window is anchored on the start date's month and day[jvm]","","2026-07-23","passed","2026-07-23","","BudgetPeriodWindowTest[jvm]","com.georgeci.moneysurfer.domain.util.BudgetPeriodWindowTest",""
"","3","no enqueue when not signed in to Firebase (demo session)[jvm]","","2026-07-23","passed","2026-07-23","","OutboxEnqueuerImplSpec[jvm]","com.georgeci.moneysurfer.sync.repository.OutboxEnqueuerImplSpec",""
"","1","existing user with empty workspaceIds returns null default and leaves pointer untouched[jvm]","","2026-07-23","passed","2026-07-23","","PostAuthBootstrapUseCaseTest[jvm]","com.georgeci.moneysurfer.domain.usecase.PostAuthBootstrapUseCaseTest",""
"","1","the default for an id is stable across calls[jvm]","","2026-07-23","passed","2026-07-23","","CategoryAppearanceTest[jvm]","com.georgeci.moneysurfer.domain.model.CategoryAppearanceTest",""
"","1","arbitrary throwable maps to Unknown carrying the cause[jvm]","","2026-07-23","passed","2026-07-23","","SyncErrorClassifierSpec[jvm]","com.georgeci.moneysurfer.sync.internal.SyncErrorClassifierSpec",""
"","2","Completed title[jvm]","","2026-07-23","passed","2026-07-23","","SyncStepSpec[jvm]","com.georgeci.moneysurfer.sync.api.SyncStepSpec",""
"","6","happy path: persists PENDING invite with TTL and lowercase email[jvm]","","2026-07-23","passed","2026-07-23","","SendInviteUseCaseTest[jvm]","com.georgeci.moneysurfer.domain.usecase.SendInviteUseCaseTest",""
"","57","transaction stores its own currencyCode independent of the account's currency[jvm]","","2026-07-23","passed","2026-07-23","","TransactionCreationIntegrationIT[jvm]","com.georgeci.moneysurfer.integration.repository.TransactionCreationIntegrationIT",""
"","24","duplicate and blank tags are dropped before they reach the column[jvm]","","2026-07-23","passed","2026-07-23","","TransactionDetailFieldsIntegrationIT[jvm]","com.georgeci.moneysurfer.integration.repository.TransactionDetailFieldsIntegrationIT",""
"","17","back returns from the first-account step to the value step[jvm]","","2026-07-23","passed","2026-07-23","","OnboardingViewModelTest[jvm]","com.georgeci.moneysurfer.feature.login.onboarding.OnboardingViewModelTest",""
"","36","create blocked when clientVersionCode is below floor (0)","","2026-07-23","passed","2026-07-23","","member-gated entities (accounts)","member-gated entities (accounts) create blocked when clientVersionCode is below floor (0)",""
"","2","balanceImpact uses abs(money) so legacy signed money still produces correct sign[jvm]","","2026-07-23","passed","2026-07-23","","BalanceImpactTest[jvm]","com.georgeci.moneysurfer.domain.model.BalanceImpactTest",""
"","29","goal create is blocked when clientVersionCode is missing","","2026-07-23","passed","2026-07-23","","savings goals (issue #244)","savings goals (issue #244) goal create is blocked when clientVersionCode is missing",""
"","1","SyncMeta copy override changes targeted field only[jvm]","","2026-07-23","passed","2026-07-23","","SyncMetaRepositorySpec[jvm]","com.georgeci.moneysurfer.sync.repository.SyncMetaRepositorySpec",""
"","1","opening_balance is excluded from income/expense[jvm]","","2026-07-23","passed","2026-07-23","","PeriodTotalsTest[jvm]","com.georgeci.moneysurfer.domain.model.PeriodTotalsTest",""
"","11","schema-version mismatch surfaces SchemaMismatch[jvm]","","2026-07-23","passed","2026-07-23","","BackupImporterImplJvmTest[jvm]","com.georgeci.moneysurfer.data.backup.BackupImporterImplJvmTest",""
"","10","enqueueUpsert is a no-op when demo session[jvm]","","2026-07-23","passed","2026-07-23","","OutboxEnqueuerSpec[jvm]","com.georgeci.moneysurfer.data.sync.OutboxEnqueuerSpec",""
"","18","owner can update workspace metadata","","2026-07-23","passed","2026-07-23","","workspaces/{wid}","workspaces/{wid} owner can update workspace metadata",""
"","5","magic constant is stable (backup format compatibility)[jvm]","","2026-07-23","passed","2026-07-23","","EncryptedBackupCodecTest[jvm]","com.georgeci.moneysurfer.data.backup.EncryptedBackupCodecTest",""
"","47","savedAmount is the signed sum of contributions[jvm]","","2026-07-23","passed","2026-07-23","","GoalRepositoryDualWriteSpec[jvm]","com.georgeci.moneysurfer.data.repository.GoalRepositoryDualWriteSpec",""
"","46","non-member cannot create","","2026-07-23","passed","2026-07-23","","member-gated entities (accounts)","member-gated entities (accounts) non-member cannot create",""
"","33","rejects an account whose boolean archived flag is a string","","2026-07-23","passed","2026-07-23","","entity write-shape validation (issue #156)","entity write-shape validation (issue #156) rejects an account whose boolean archived flag is a string",""
"","26","cancelAll cancels running and queued[jvm]","","2026-07-23","passed","2026-07-23","","SyncCoordinatorImplSpec[jvm]","com.georgeci.moneysurfer.sync.coordinator.SyncCoordinatorImplSpec",""
"","2","create planned produces empty delta[jvm]","","2026-07-23","passed","2026-07-23","","CalculateBalanceDeltaTest[jvm]","com.georgeci.moneysurfer.domain.model.CalculateBalanceDeltaTest",""
"","31","accepts a budget with an empty categoryIds list","","2026-07-23","passed","2026-07-23","","entity write-shape validation (issue #156)","entity write-shape validation (issue #156) accepts a budget with an empty categoryIds list",""
"","43","unauthenticated user cannot read userEmails (auth required)","","2026-07-23","passed","2026-07-23","","userEmails/{email}","userEmails/{email} unauthenticated user cannot read userEmails (auth required)",""
"","0","set merge with only Indefinite reasons stays Indefinite[jvm]","","2026-07-23","passed","2026-07-23","","NetworkWaitModeSpec[jvm]","com.georgeci.moneysurfer.sync.network.NetworkWaitModeSpec",""
"","58","a goal round-trips through the wire format[jvm]","","2026-07-23","passed","2026-07-23","","GoalDtoMapperSpec[jvm]","com.georgeci.moneysurfer.data.sync.GoalDtoMapperSpec",""
"","1","valid ISO -> LocalDate[jvm]","","2026-07-23","passed","2026-07-23","","TimeFormatterTest[jvm]","com.georgeci.moneysurfer.data.repository.TimeFormatterTest",""
"","22","owner can tombstone the workspace root doc","","2026-07-23","passed","2026-07-23","","tombstone update shape (push-side soft delete)","tombstone update shape (push-side soft delete) owner can tombstone the workspace root doc",""
"","27","adding to a paused goal surfaces the paused error[jvm]","","2026-07-23","passed","2026-07-23","","GoalContributionViewModelTest[jvm]","com.georgeci.moneysurfer.feature.goal.contribution.GoalContributionViewModelTest",""
"","119","upsert (new) writes both DAO and outbox as INSERT when signed in[jvm]","","2026-07-23","passed","2026-07-23","","WorkspaceInviteRepositoryDualWriteSpec[jvm]","com.georgeci.moneysurfer.data.repository.WorkspaceInviteRepositoryDualWriteSpec",""
"","4","CompositeCancelToken cancel propagates to all children[jvm]","","2026-07-23","passed","2026-07-23","","SyncCancelTokenSpec[jvm]","com.georgeci.moneysurfer.sync.api.SyncCancelTokenSpec",""
"","45","a departed (LEFT) member can no longer read","","2026-07-23","passed","2026-07-23","","member-gated entities (accounts)","member-gated entities (accounts) a departed (LEFT) member can no longer read",""
"","28","awaitNetwork bounded timeout fails with NetworkUnavailable[jvm]","","2026-07-23","passed","2026-07-23","","SyncCoordinatorImplSpec[jvm]","com.georgeci.moneysurfer.sync.coordinator.SyncCoordinatorImplSpec",""
"","9","unparseable operation instant is rejected as invalid operation_at[jvm]","","2026-07-23","passed","2026-07-23","","TransactionCsvCodecTest[jvm]","com.georgeci.moneysurfer.domain.csv.TransactionCsvCodecTest",""
"","16","returns NoCurrentUser error when no current user[jvm]","","2026-07-23","passed","2026-07-23","","CreateWorkspaceUseCaseTest[jvm]","com.georgeci.moneysurfer.domain.usecase.CreateWorkspaceUseCaseTest",""
"","4","an ordinary note is not prefixed[jvm]","","2026-07-23","passed","2026-07-23","","TransactionCsvCodecTest[jvm]","com.georgeci.moneysurfer.domain.csv.TransactionCsvCodecTest",""
"","5","SyncHandleStatus.Cancelled is singleton[jvm]","","2026-07-23","passed","2026-07-23","","SyncStateSpec[jvm]","com.georgeci.moneysurfer.sync.api.SyncStateSpec",""
"","1","monthly anchor on the 31st clamps to the last day of a short month[jvm]","","2026-07-23","passed","2026-07-23","","BudgetPeriodWindowTest[jvm]","com.georgeci.moneysurfer.domain.util.BudgetPeriodWindowTest",""
"","18","signed-in user can create a workspace they own","","2026-07-23","passed","2026-07-23","","workspaces/{wid}","workspaces/{wid} signed-in user can create a workspace they own",""
"","22","user cannot create a workspace owned by someone else","","2026-07-23","passed","2026-07-23","","workspaces/{wid}","workspaces/{wid} user cannot create a workspace owned by someone else",""
"","4","move expense from A to B unwinds A and applies B[jvm]","","2026-07-23","passed","2026-07-23","","CalculateBalanceDeltaTest[jvm]","com.georgeci.moneysurfer.domain.model.CalculateBalanceDeltaTest",""
"","2","format large amount[jvm]","","2026-07-23","passed","2026-07-23","","MoneyFormatterTest[jvm]","com.georgeci.moneysurfer.domain.MoneyFormatterTest",""
"","3","java.util.zip.ZipInputStream reads our stored archive[jvm]","","2026-07-23","passed","2026-07-23","","ZipStoredInteropJvmTest[jvm]","com.georgeci.moneysurfer.data.backup.ZipStoredInteropJvmTest",""
"","1","create income → +impact[jvm]","","2026-07-23","passed","2026-07-23","","CalculateBalanceDeltaTest[jvm]","com.georgeci.moneysurfer.domain.model.CalculateBalanceDeltaTest",""
"","39","invitee can accept by targetUserId match","","2026-07-23","passed","2026-07-23","","invites — update / delete","invites — update / delete invitee can accept by targetUserId match",""
"","0","'-5' (negative sign)[jvm]","","2026-07-23","passed","2026-07-23","","AmountInputTransformationTest[jvm]","com.georgeci.moneysurfer.utils.AmountInputTransformationTest",""
"","21","user can create their own document","","2026-07-23","passed","2026-07-23","","users/{uid}","users/{uid} user can create their own document",""
"","8","a note starting with a formula trigger is neutralised on encode[jvm]","","2026-07-23","passed","2026-07-23","","TransactionCsvCodecTest[jvm]","com.georgeci.moneysurfer.domain.csv.TransactionCsvCodecTest",""
"","39","merchant, tags and recurringRuleId round-trip through the wire format[jvm]","","2026-07-23","passed","2026-07-23","","TransactionDtoMapperSpec[jvm]","com.georgeci.moneysurfer.data.sync.TransactionDtoMapperSpec",""
"","19","existing user with explicit defaultWorkspaceId is preserved[jvm]","","2026-07-23","passed","2026-07-23","","PostAuthBootstrapUseCaseTest[jvm]","com.georgeci.moneysurfer.domain.usecase.PostAuthBootstrapUseCaseTest",""
"","168","strings.xml files are discovered[jvm]","","2026-07-23","passed","2026-07-23","","StringResourcePlaceholderTest[jvm]","com.georgeci.moneysurfer.utils.StringResourcePlaceholderTest",""
"","21","returns null when decode throws a ClassCastException (platform decoder mismatch)[jvm]","","2026-07-23","passed","2026-07-23","","DecodeOrNullSpec[jvm]","com.georgeci.moneysurfer.data.sync.plugin.DecodeOrNullSpec",""
"","224","collection wire values are stable — they are persisted sync_meta cursor keys[jvm]","","2026-07-22","passed","2026-07-22","","SyncCollectionTest[jvm]","com.georgeci.moneysurfer.sync.api.SyncCollectionTest",""
"","24","sender cannot touch any other field alongside invitedWorkspaceIds","","2026-07-23","passed","2026-07-23","","users/{uid} — invitedWorkspaceIds cross-user append","users/{uid} — invitedWorkspaceIds cross-user append sender cannot touch any other field alongside invitedWorkspaceIds",""
"","33","AND-s multiple tokens[jvm]","","2026-07-23","passed","2026-07-23","","TransactionFtsIntegrationIT[jvm]","com.georgeci.moneysurfer.integration.repository.TransactionFtsIntegrationIT",""
"","5","SimpleCancelToken cancel flips state[jvm]","","2026-07-23","passed","2026-07-23","","SyncCancelTokenSpec[jvm]","com.georgeci.moneysurfer.sync.api.SyncCancelTokenSpec",""
"","23","user can write their own email mapping","","2026-07-23","passed","2026-07-23","","userEmails/{email}","userEmails/{email} user can write their own email mapping",""
"","5","format single cent[jvm]","","2026-07-23","passed","2026-07-23","","MoneyFormatterTest[jvm]","com.georgeci.moneysurfer.domain.MoneyFormatterTest",""
"","4","previousWindow ends exactly where the given window starts — no gap, no overlap[jvm]","","2026-07-23","passed","2026-07-23","","BudgetPeriodWindowTest[jvm]","com.georgeci.moneysurfer.domain.util.BudgetPeriodWindowTest",""
"","5","lastOutcome records failure when use case returns Left[jvm]","","2026-07-23","passed","2026-07-23","","SyncCoordinatorImplSpec[jvm]","com.georgeci.moneysurfer.sync.coordinator.SyncCoordinatorImplSpec",""
"","4","every SyncScope variant currently uses null workspace filter (cross-workspace push)[jvm]","","2026-07-23","passed","2026-07-23","","PendingMutationQueueImplSpec[jvm]","com.georgeci.moneysurfer.sync.internal.repository.PendingMutationQueueImplSpec",""
"","58","an evicted (REMOVED) member loses access to goals","","2026-07-23","passed","2026-07-23","","savings goals (issue #244)","savings goals (issue #244) an evicted (REMOVED) member loses access to goals",""
"","1","times that overflows Long throws instead of wrapping[jvm]","","2026-07-23","passed","2026-07-23","","MoneyTest[jvm]","com.georgeci.moneysurfer.domain.primitives.MoneyTest",""
"","28","user CANNOT self-set status to REMOVED","","2026-07-23","passed","2026-07-23","","workspaces/{wid}/members/{uid}","workspaces/{wid}/members/{uid} user CANNOT self-set status to REMOVED",""
"","12","is a no-op when the requested currency already matches[jvm]","","2026-07-23","passed","2026-07-23","","UpdateWorkspaceCurrencyUseCaseTest[jvm]","com.georgeci.moneysurfer.domain.usecase.UpdateWorkspaceCurrencyUseCaseTest",""
"","2","equals and hashCode treat identical fields as equal[jvm]","","2026-07-23","passed","2026-07-23","","PendingMutationSpec[jvm]","com.georgeci.moneysurfer.sync.repository.PendingMutationSpec",""
"","2","creating a goal with a non-positive target is rejected[jvm]","","2026-07-23","passed","2026-07-23","","SavingsGoalUseCaseTest[jvm]","com.georgeci.moneysurfer.domain.usecase.SavingsGoalUseCaseTest",""
"","48","invitee can accept even if parent workspace doc is missing on Firestore","","2026-07-23","passed","2026-07-23","","invites — update / delete","invites — update / delete invitee can accept even if parent workspace doc is missing on Firestore",""
"","36","user cannot delete a mapping pointing at another uid","","2026-07-23","passed","2026-07-23","","userEmails/{email}","userEmails/{email} user cannot delete a mapping pointing at another uid",""
"","28","rejects transaction tags sent as a string instead of a list","","2026-07-23","passed","2026-07-23","","entity write-shape validation (issue #156)","entity write-shape validation (issue #156) rejects transaction tags sent as a string instead of a list",""
"","29","accepts a category carrying the new iconKey + hue fields","","2026-07-23","passed","2026-07-23","","entity write-shape validation (issue #156)","entity write-shape validation (issue #156) accepts a category carrying the new iconKey + hue fields",""
"","25","AllUserData pulls every workspace the remote lists for the user[jvm]","","2026-07-23","passed","2026-07-23","","PullRemoteChangesUseCaseImplSpec[jvm]","com.georgeci.moneysurfer.data.sync.PullRemoteChangesUseCaseImplSpec",""
"","14","mid-pipeline cancel surfaces SyncCancelledException to the worker catch[jvm]","","2026-07-23","passed","2026-07-23","","SyncCoordinatorImplBranchSpec[jvm]","com.georgeci.moneysurfer.sync.coordinator.SyncCoordinatorImplBranchSpec",""
"","23","rejects a category whose hue is a string","","2026-07-23","passed","2026-07-23","","entity write-shape validation (issue #156)","entity write-shape validation (issue #156) rejects a category whose hue is a string",""
"","7","addWorkspaceRef fires with the new workspace id so users/{uid}.workspaceIds is filled[jvm]","","2026-07-23","passed","2026-07-23","","CreateWorkspaceUseCaseTest[jvm]","com.georgeci.moneysurfer.domain.usecase.CreateWorkspaceUseCaseTest",""
"","1","addConflicts accumulates conflictCount[jvm]","","2026-07-23","passed","2026-07-23","","SyncSummaryBuilderSpec[jvm]","com.georgeci.moneysurfer.sync.api.SyncSummaryBuilderSpec",""
"","1","transactions outside the period are skipped[jvm]","","2026-07-23","passed","2026-07-23","","PeriodTotalsTest[jvm]","com.georgeci.moneysurfer.domain.model.PeriodTotalsTest",""
"","43","member can update","","2026-07-23","passed","2026-07-23","","member-gated entities (accounts)","member-gated entities (accounts) member can update",""
"","1","fromMajor that overflows Long throws instead of wrapping[jvm]","","2026-07-23","passed","2026-07-23","","MoneyTest[jvm]","com.georgeci.moneysurfer.domain.primitives.MoneyTest",""
"","13","markCompleted removes rows from pending()[jvm]","","2026-07-23","passed","2026-07-23","","PendingMutationQueueIntegrationIT[jvm]","com.georgeci.moneysurfer.integration.sync.PendingMutationQueueIntegrationIT",""
"","44","invited user CANNOT self-create against a CANCELLED invite","","2026-07-23","passed","2026-07-23","","workspaces/{wid}/members/{uid}","workspaces/{wid}/members/{uid} invited user CANNOT self-create against a CANCELLED invite",""
"","5","matches java.util.zip.CRC32 for empty input[jvm]","","2026-07-23","passed","2026-07-23","","Crc32JvmTest[jvm]","com.georgeci.moneysurfer.data.backup.Crc32JvmTest",""
"","32","rejects a non-string transaction merchant","","2026-07-23","passed","2026-07-23","","entity write-shape validation (issue #156)","entity write-shape validation (issue #156) rejects a non-string transaction merchant",""
"","51","malformed and invalid rows are reported with row numbers and do not stop the import[jvm]","","2026-07-23","passed","2026-07-23","","ExportImportTransactionsUseCaseTest[jvm]","com.georgeci.moneysurfer.domain.csv.ExportImportTransactionsUseCaseTest",""
"","661","OnTermsClick emits a NavigateToLegal side effect[jvm]","","2026-07-23","passed","2026-07-23","","SignInViewModelTest[jvm]","com.georgeci.moneysurfer.feature.login.SignInViewModelTest",""
"","22","unauthenticated user is denied","","2026-07-23","passed","2026-07-23","","workspaces/{wid}/members/{uid}","workspaces/{wid}/members/{uid} unauthenticated user is denied",""
"","67","UploadingEntity title carries entity, current, total[jvm]","","2026-07-23","passed","2026-07-23","","SyncStepSpec[jvm]","com.georgeci.moneysurfer.sync.api.SyncStepSpec",""
"","1","negating Long.MIN_VALUE throws instead of wrapping back to itself[jvm]","","2026-07-23","passed","2026-07-23","","MoneyTest[jvm]","com.georgeci.moneysurfer.domain.primitives.MoneyTest",""
"","10","cancellation mid-batch completes the pushed prefix and re-queues the rest as cancelled[jvm]","","2026-07-23","passed","2026-07-23","","UploadPendingChangesUseCaseImplSpec[jvm]","com.georgeci.moneysurfer.data.sync.UploadPendingChangesUseCaseImplSpec",""
"","10","unknown transaction type is rejected as invalid type[jvm]","","2026-07-23","passed","2026-07-23","","TransactionCsvCodecTest[jvm]","com.georgeci.moneysurfer.domain.csv.TransactionCsvCodecTest",""
"","625","seal + open round-trips with the right passphrase[jvm]","","2026-07-23","passed","2026-07-23","","EncryptedBackupCodecTest[jvm]","com.georgeci.moneysurfer.data.backup.EncryptedBackupCodecTest",""
"","41","member cannot hard-delete a member row (not even their own)","","2026-07-23","passed","2026-07-23","","workspaces/{wid}/members/{uid}","workspaces/{wid}/members/{uid} member cannot hard-delete a member row (not even their own)",""
"","7","',5' -> '.5'[jvm]","","2026-07-23","passed","2026-07-23","","AmountInputTransformationTest[jvm]","com.georgeci.moneysurfer.utils.AmountInputTransformationTest",""
"","16","opening_balance behaves as a regular ACTUAL for cache[jvm]","","2026-07-23","passed","2026-07-23","","ApplyTransactionChangeUseCaseTest[jvm]","com.georgeci.moneysurfer.domain.usecase.ApplyTransactionChangeUseCaseTest",""
"","99","the goals list folds in saved amounts and hides archived goals[jvm]","","2026-07-23","passed","2026-07-23","","SavingsGoalUseCaseTest[jvm]","com.georgeci.moneysurfer.domain.usecase.SavingsGoalUseCaseTest",""
"","12","surfaces remote lookup failure as RemoteSyncFailed[jvm]","","2026-07-23","passed","2026-07-23","","SendInviteUseCaseTest[jvm]","com.georgeci.moneysurfer.domain.usecase.SendInviteUseCaseTest",""
"","42","format GBP with UK locale[jvm]","","2026-07-23","passed","2026-07-23","","MoneyFormatterTest[jvm]","com.georgeci.moneysurfer.domain.MoneyFormatterTest",""
"","4","markSuccess only updates the success column[jvm]","","2026-07-23","passed","2026-07-23","","SyncMetaRepositoryImplSpec[jvm]","com.georgeci.moneysurfer.sync.internal.repository.SyncMetaRepositoryImplSpec",""
"","1","'42.' -> '42.'[jvm]","","2026-07-23","passed","2026-07-23","","AmountInputTransformationTest[jvm]","com.georgeci.moneysurfer.utils.AmountInputTransformationTest",""
"","25","rejects the issue scenario: transaction amount as a string","","2026-07-23","passed","2026-07-23","","entity write-shape validation (issue #156)","entity write-shape validation (issue #156) rejects the issue scenario: transaction amount as a string",""
"","4","'+5' (plus sign)[jvm]","","2026-07-23","passed","2026-07-23","","AmountInputTransformationTest[jvm]","com.georgeci.moneysurfer.utils.AmountInputTransformationTest",""
"","37","updates the workspace base currency[jvm]","","2026-07-23","passed","2026-07-23","","UpdateWorkspaceCurrencyUseCaseTest[jvm]","com.georgeci.moneysurfer.domain.usecase.UpdateWorkspaceCurrencyUseCaseTest",""
"","406","a truncated blob fails the MAC[jvm]","","2026-07-23","passed","2026-07-23","","EncryptedBackupCodecTest[jvm]","com.georgeci.moneysurfer.data.backup.EncryptedBackupCodecTest",""
"","2","format zero amount[jvm]","","2026-07-23","passed","2026-07-23","","MoneyFormatterTest[jvm]","com.georgeci.moneysurfer.domain.MoneyFormatterTest",""
"","2","deterministic — same input gives same output[jvm]","","2026-07-23","passed","2026-07-23","","LwwConflictResolverSpec[jvm]","com.georgeci.moneysurfer.sync.repository.LwwConflictResolverSpec",""
"","6","enqueueUpsert is a no-op when app version is Unsupported[jvm]","","2026-07-23","passed","2026-07-23","","OutboxEnqueuerSpec[jvm]","com.georgeci.moneysurfer.data.sync.OutboxEnqueuerSpec",""
"","40","owner can self-create their own OWNER row on workspace creation (no invite)","","2026-07-23","passed","2026-07-23","","workspaces/{wid}/members/{uid}","workspaces/{wid}/members/{uid} owner can self-create their own OWNER row on workspace creation (no invite)",""
"","37","invited user CAN self-create via an email-only invite (legacy, no targetUserId)","","2026-07-23","passed","2026-07-23","","workspaces/{wid}/members/{uid}","workspaces/{wid}/members/{uid} invited user CAN self-create via an email-only invite (legacy, no targetUserId)",""
"","6","CompositeCancelToken not cancelled when no children cancelled[jvm]","","2026-07-23","passed","2026-07-23","","SyncCancelTokenSpec[jvm]","com.georgeci.moneysurfer.sync.api.SyncCancelTokenSpec",""
"","1","'abc' (letters)[jvm]","","2026-07-23","passed","2026-07-23","","AmountInputTransformationTest[jvm]","com.georgeci.moneysurfer.utils.AmountInputTransformationTest",""
"","2","stale auth session surfaces RequiresRecentLogin after cleanup[jvm]","","2026-07-23","passed","2026-07-23","","DeleteUserAccountUseCaseTest[jvm]","com.georgeci.moneysurfer.domain.usecase.DeleteUserAccountUseCaseTest",""
"","11","Queued carries count[jvm]","","2026-07-23","passed","2026-07-23","","SyncStateSpec[jvm]","com.georgeci.moneysurfer.sync.api.SyncStateSpec",""
"","1","set merge with Indefinite and Bounded picks Bounded[jvm]","","2026-07-23","passed","2026-07-23","","NetworkWaitModeSpec[jvm]","com.georgeci.moneysurfer.sync.network.NetworkWaitModeSpec",""
"","8","SerializationException maps to Unknown[jvm]","","2026-07-23","passed","2026-07-23","","SyncErrorClassifierSpec[jvm]","com.georgeci.moneysurfer.data.sync.SyncErrorClassifierSpec",""
"","6","empty list yields zero totals[jvm]","","2026-07-23","passed","2026-07-23","","PeriodTotalsTest[jvm]","com.georgeci.moneysurfer.domain.model.PeriodTotalsTest",""
"","9","markInFlight excludes rows from the next pending batch[jvm]","","2026-07-23","passed","2026-07-23","","PendingMutationQueueImplSpec[jvm]","com.georgeci.moneysurfer.data.sync.PendingMutationQueueImplSpec",""
"","84","no pinned user goes to sign-in[jvm]","","2026-07-23","passed","2026-07-23","","StartRouteTest[jvm]","com.georgeci.moneysurfer.navigation.StartRouteTest",""
"","3","markAttempt only updates the attempt column[jvm]","","2026-07-23","passed","2026-07-23","","SyncMetaRepositoryImplSpec[jvm]","com.georgeci.moneysurfer.sync.internal.repository.SyncMetaRepositoryImplSpec",""
"","4","every hue sits on the wheel[jvm]","","2026-07-23","passed","2026-07-23","","CategoryAppearanceTest[jvm]","com.georgeci.moneysurfer.domain.model.CategoryAppearanceTest",""
"","1","fields are exposed[jvm]","","2026-07-23","passed","2026-07-23","","PendingMutationSpec[jvm]","com.georgeci.moneysurfer.sync.repository.PendingMutationSpec",""
"","205","sealed blob does not contain the plaintext[jvm]","","2026-07-23","passed","2026-07-23","","EncryptedBackupCodecTest[jvm]","com.georgeci.moneysurfer.data.backup.EncryptedBackupCodecTest",""
"","47","accepts a fully-populated, correctly-typed budget","","2026-07-23","passed","2026-07-23","","entity write-shape validation (issue #156)","entity write-shape validation (issue #156) accepts a fully-populated, correctly-typed budget",""
"","41","sender cannot append when list is already at cap (100)","","2026-07-23","passed","2026-07-23","","users/{uid} — invitedWorkspaceIds cross-user append","users/{uid} — invitedWorkspaceIds cross-user append sender cannot append when list is already at cap (100)",""
"","1","fromMajor composes units and cents exactly[jvm]","","2026-07-23","passed","2026-07-23","","MoneyTest[jvm]","com.georgeci.moneysurfer.domain.primitives.MoneyTest",""
"","6","setCursor inserts a fresh row when none exists[jvm]","","2026-07-23","passed","2026-07-23","","SyncMetaRepositoryImplSpec[jvm]","com.georgeci.moneysurfer.sync.internal.repository.SyncMetaRepositoryImplSpec",""
"","33","user can read their own document","","2026-07-23","passed","2026-07-23","","users/{uid}","users/{uid} user can read their own document",""
"","24","member can tombstone a goal via update","","2026-07-23","passed","2026-07-23","","savings goals (issue #244)","savings goals (issue #244) member can tombstone a goal via update",""
"","4","matches java.util.zip.CRC32 across diverse byte sequences[jvm]","","2026-07-23","passed","2026-07-23","","Crc32JvmTest[jvm]","com.georgeci.moneysurfer.data.backup.Crc32JvmTest",""
"","17","rejects when invite is expired[jvm]","","2026-07-23","passed","2026-07-23","","AcceptInviteUseCaseTest[jvm]","com.georgeci.moneysurfer.domain.usecase.AcceptInviteUseCaseTest",""
"","4","abs of Long.MIN_VALUE throws instead of returning a negative magnitude[jvm]","","2026-07-23","passed","2026-07-23","","MoneyTest[jvm]","com.georgeci.moneysurfer.domain.primitives.MoneyTest",""
"","51","an evicted (REMOVED) member can no longer read","","2026-07-23","passed","2026-07-23","","member-gated entities (accounts)","member-gated entities (accounts) an evicted (REMOVED) member can no longer read",""
"","0","setting the status of a missing goal is rejected[jvm]","","2026-07-23","passed","2026-07-23","","SavingsGoalUseCaseTest[jvm]","com.georgeci.moneysurfer.domain.usecase.SavingsGoalUseCaseTest",""
"","34","ActiveWorkspace scope pulls the workspace pinned in the session[jvm]","","2026-07-23","passed","2026-07-23","","NewWorkspacePullIntegrationIT[jvm]","com.georgeci.moneysurfer.integration.sync.NewWorkspacePullIntegrationIT",""
"","7","AuthRequired is not retryable[jvm]","","2026-07-23","passed","2026-07-23","","SyncErrorSpec[jvm]","com.georgeci.moneysurfer.sync.api.SyncErrorSpec",""
"","8","rejects invalid email[jvm]","","2026-07-23","passed","2026-07-23","","SendInviteUseCaseTest[jvm]","com.georgeci.moneysurfer.domain.usecase.SendInviteUseCaseTest",""
