"DESCRIPTION","DURATION IN MS","NAME","PARENT SUITE","START TIME","STATUS","STOP TIME","SUB SUITE","SUITE","TEST CLASS","TEST METHOD"
"","11","the period mode is persisted, not held in the screen state[jvm]","","2026-07-30","passed","2026-07-30","","TransactionsByAccountPeriodTest[jvm]","com.georgeci.moneysurfer.feature.transaction.list.TransactionsByAccountPeriodTest",""
"","2","Goals[jvm]","","2026-07-30","passed","2026-07-30","","RouteSerializationTest[jvm]","com.georgeci.moneysurfer.navigation.RouteSerializationTest",""
"","3","cancelAll is callable[jvm]","","2026-07-30","passed","2026-07-30","","BackgroundSyncSchedulerSpec[jvm]","com.georgeci.moneysurfer.sync.scheduler.BackgroundSyncSchedulerSpec",""
"","0","'+5' (plus sign)[jvm]","","2026-07-30","passed","2026-07-30","","AmountInputTransformationTest[jvm]","com.georgeci.moneysurfer.utils.AmountInputTransformationTest",""
"","14","never returns a bare prefix for an id with no hex digits[jvm]","","2026-07-30","passed","2026-07-30","","TransactionReferenceTest[jvm]","com.georgeci.moneysurfer.domain.model.TransactionReferenceTest",""
"","0","monthly anchor on the 29th clamps in a non-leap February[jvm]","","2026-07-30","passed","2026-07-30","","BudgetPeriodWindowTest[jvm]","com.georgeci.moneysurfer.domain.util.BudgetPeriodWindowTest",""
"","1","a named idle form can save but a loading form cannot[jvm]","","2026-07-30","passed","2026-07-30","","CategoryCreationStateTest[jvm]","com.georgeci.moneysurfer.feature.category.creation.CategoryCreationStateTest",""
"","0","archived budgets never speak for the headline[jvm]","","2026-07-30","passed","2026-07-30","","SafeToSpendTest[jvm]","com.georgeci.moneysurfer.domain.model.SafeToSpendTest",""
"","3","PUSH_MEMBERS sits between PUSH_WORKSPACE and PUSH_INVITES[jvm]","","2026-07-30","passed","2026-07-30","","SyncStepOrderTest[jvm]","com.georgeci.moneysurfer.domain.model.SyncStepOrderTest",""
"","126","with no budget the spent-this-month card says so rather than inventing a limit[jvm]","","2026-07-30","passed","2026-07-30","","DashboardScreenStateTest[jvm]","com.georgeci.moneysurfer.ui.DashboardScreenStateTest",""
"","86","a month in line with the last one says so instead of printing a zero[jvm]","","2026-07-30","passed","2026-07-30","","DashboardScreenStateTest[jvm]","com.georgeci.moneysurfer.ui.DashboardScreenStateTest",""
"","8","upsert in demo session writes DAO but skips outbox[jvm]","","2026-07-30","passed","2026-07-30","","WorkspaceInviteRepositoryDualWriteSpec[jvm]","com.georgeci.moneysurfer.data.repository.WorkspaceInviteRepositoryDualWriteSpec",""
"","18","the follow-period count uses the anchor the list was paged to, not today[jvm]","","2026-07-30","passed","2026-07-30","","TransactionFiltersViewModelTest[jvm]","com.georgeci.moneysurfer.feature.transaction.filters.TransactionFiltersViewModelTest",""
"","19","contribution insert dual-writes under its own entity type[jvm]","","2026-07-30","passed","2026-07-30","","GoalRepositoryDualWriteSpec[jvm]","com.georgeci.moneysurfer.data.repository.GoalRepositoryDualWriteSpec",""
"","19","returns the decoded value when the document is well-formed[jvm]","","2026-07-30","passed","2026-07-30","","DecodeOrNullSpec[jvm]","com.georgeci.moneysurfer.data.sync.plugin.DecodeOrNullSpec",""
"","2","a route pushed with no arguments restores with its defaults[jvm]","","2026-07-30","passed","2026-07-30","","RouteSerializationTest[jvm]","com.georgeci.moneysurfer.navigation.RouteSerializationTest",""
"","17","a setting written while signed out is queued at the next sign-in[jvm]","","2026-07-30","passed","2026-07-30","","SyncedSettingsSessionImplJvmTest[jvm]","com.georgeci.moneysurfer.data.config.SyncedSettingsSessionImplJvmTest",""
"","9","the header toggle flips between the two variants[jvm]","","2026-07-30","passed","2026-07-30","","CategoryChooserViewModelTest[jvm]","com.georgeci.moneysurfer.feature.category.picker.CategoryChooserViewModelTest",""
"","20","only expense categories are offered[jvm]","","2026-07-30","passed","2026-07-30","","BudgetEditViewModelTest[jvm]","com.georgeci.moneysurfer.feature.budget.edit.BudgetEditViewModelTest",""
"","236","unauthenticated user can read app config (force-update gate)","","2026-07-30","passed","2026-07-30","","appConfig/{docId}","appConfig/{docId} unauthenticated user can read app config (force-update gate)",""
"","44","the picked account kind is handed to account creation[jvm]","","2026-07-30","passed","2026-07-30","","OnboardingViewModelTest[jvm]","com.georgeci.moneysurfer.feature.login.onboarding.OnboardingViewModelTest",""
"","17","save is blocked with an inline error when a non-credit account has a negative balance[jvm]","","2026-07-30","passed","2026-07-30","","AccountCreationViewModelTest[jvm]","com.georgeci.moneysurfer.feature.account.creation.AccountCreationViewModelTest",""
"","5","existing data is untouched — the migration is a pure addition[jvm]","","2026-07-30","passed","2026-07-30","","ConfigEntryMigrationIT[jvm]","com.georgeci.moneysurfer.integration.repository.ConfigEntryMigrationIT",""
"","2","BudgetDetails[jvm]","","2026-07-30","passed","2026-07-30","","RouteSerializationTest[jvm]","com.georgeci.moneysurfer.navigation.RouteSerializationTest",""
"","27","the curve ends on the headline total and walks back one month at a time[jvm]","","2026-07-30","passed","2026-07-30","","DashboardBalanceViewModelTest[jvm]","com.georgeci.moneysurfer.feature.dashboard.DashboardBalanceViewModelTest",""
"","22","user CANNOT self-promote their role","","2026-07-30","passed","2026-07-30","","workspaces/{wid}/members/{uid}","workspaces/{wid}/members/{uid} user CANNOT self-promote their role",""
"","4","used well-known keys disappear from the add-field choices case-insensitively[jvm]","","2026-07-30","passed","2026-07-30","","AccountCreationStateTest[jvm]","com.georgeci.moneysurfer.feature.account.creation.AccountCreationStateTest",""
"","11","the outbox is truncated only when the queue held more rows than the screen shows[jvm]","","2026-07-30","passed","2026-07-30","","SyncViewModelTest[jvm]","com.georgeci.moneysurfer.feature.settings.sync.SyncViewModelTest",""
"","3","sanitize drops letters and other stray characters[jvm]","","2026-07-30","passed","2026-07-30","","InitialBalanceInputTest[jvm]","com.georgeci.moneysurfer.feature.account.creation.InitialBalanceInputTest",""
"","17","a multi-pop removes exactly that many entries[jvm]","","2026-07-30","passed","2026-07-30","","AppNavigatorTest[jvm]","com.georgeci.moneysurfer.navigation.AppNavigatorTest",""
"","19","a degraded layer stops being reported once its store recovers[jvm]","","2026-07-30","passed","2026-07-30","","LayeredConfigSpec[jvm]","com.georgeci.moneysurfer.appconfig.LayeredConfigSpec",""
"","7","everything below Warn is dropped[jvm]","","2026-07-30","passed","2026-07-30","","CrashReportingLogWriterTest[jvm]","com.georgeci.moneysurfer.domain.telemetry.CrashReportingLogWriterTest",""
"","17","snapshot before hydrate resolves Build and defaults only[jvm]","","2026-07-30","passed","2026-07-30","","LayeredConfigSpec[jvm]","com.georgeci.moneysurfer.appconfig.LayeredConfigSpec",""
"","2","UploadingPendingChanges title[jvm]","","2026-07-30","passed","2026-07-30","","SyncStepSpec[jvm]","com.georgeci.moneysurfer.sync.api.SyncStepSpec",""
"","32","user cannot create a workspace owned by someone else","","2026-07-30","passed","2026-07-30","","workspaces/{wid}","workspaces/{wid} user cannot create a workspace owned by someone else",""
"","4","the projection adds the average for every day still ahead, today excluded[jvm]","","2026-07-30","passed","2026-07-30","","BurnRateTest[jvm]","com.georgeci.moneysurfer.domain.model.BurnRateTest",""
"","383","the grid-width section is offered only where a grid exists to apply it[jvm]","","2026-07-30","passed","2026-07-30","","DashboardCustomizeScreenStateTest[jvm]","com.georgeci.moneysurfer.ui.DashboardCustomizeScreenStateTest",""
"","17","Reset is offered only once something is set[jvm]","","2026-07-30","passed","2026-07-30","","TransactionFiltersViewModelTest[jvm]","com.georgeci.moneysurfer.feature.transaction.filters.TransactionFiltersViewModelTest",""
"","2","a trailing comma left by an older client decodes to the ids that are actually there[jvm]","","2026-07-30","passed","2026-07-30","","WorkspaceScopedDtoMapperSpec[jvm]","com.georgeci.moneysurfer.data.sync.WorkspaceScopedDtoMapperSpec",""
"","14","rejects when no registered user for email[jvm]","","2026-07-30","passed","2026-07-30","","SendInviteUseCaseTest[jvm]","com.georgeci.moneysurfer.domain.usecase.SendInviteUseCaseTest",""
"","19","rejects a contribution whose amount is a string","","2026-07-30","passed","2026-07-30","","savings goals (issue #244)","savings goals (issue #244) rejects a contribution whose amount is a string",""
"","35","recentTransactionsEmpty is false once a real transaction is logged[jvm]","","2026-07-30","passed","2026-07-30","","DashboardViewModelTest[jvm]","com.georgeci.moneysurfer.feature.dashboard.DashboardViewModelTest",""
"","13","a never-pushed row is pending[jvm]","","2026-07-30","passed","2026-07-30","","ConfigEntryDaoIntegrationIT[jvm]","com.georgeci.moneysurfer.integration.repository.ConfigEntryDaoIntegrationIT",""
"","52","a refresh that lands while one is in flight is dropped, not queued[jvm]","","2026-07-30","passed","2026-07-30","","RemoteGlobalConfigSourceImplSpec[jvm]","com.georgeci.moneysurfer.appconfig.remote.RemoteGlobalConfigSourceImplSpec",""
"","1","a category that moved less than a fifth says nothing[jvm]","","2026-07-30","passed","2026-07-30","","InsightRulesTest[jvm]","com.georgeci.moneysurfer.domain.insight.InsightRulesTest",""
"","5","the category picker returns a category id[jvm]","","2026-07-30","passed","2026-07-30","","NavigationResultKeysTest[jvm]","com.georgeci.moneysurfer.navigation.NavigationResultKeysTest",""
"","19","invitee without email claim can accept via targetUserId branch","","2026-07-30","passed","2026-07-30","","invites — update / delete","invites — update / delete invitee without email claim can accept via targetUserId branch",""
"","149","the budgets widget reads spend, limit and remainder off the active budget[jvm]","","2026-07-30","passed","2026-07-30","","DashboardBudgetsViewModelTest[jvm]","com.georgeci.moneysurfer.feature.dashboard.DashboardBudgetsViewModelTest",""
"","35","a healthy refresh reports the layer as not degraded[jvm]","","2026-07-30","passed","2026-07-30","","RemoteGlobalConfigSourceImplSpec[jvm]","com.georgeci.moneysurfer.appconfig.remote.RemoteGlobalConfigSourceImplSpec",""
"","63","a user with no stored name falls back to the provider's email[jvm]","","2026-07-30","passed","2026-07-30","","AppShellViewModelTest[jvm]","com.georgeci.moneysurfer.navigation.AppShellViewModelTest",""
"","22","leaving the cap empty creates no budget at all[jvm]","","2026-07-30","passed","2026-07-30","","CategoryCreationViewModelTest[jvm]","com.georgeci.moneysurfer.feature.category.creation.CategoryCreationViewModelTest",""
"","22","a denied user-scoped collection is skipped instead of failing the pull[jvm]","","2026-07-30","passed","2026-07-30","","PullRemoteChangesUseCaseImplSpec[jvm]","com.georgeci.moneysurfer.data.sync.PullRemoteChangesUseCaseImplSpec",""
"","3","throwIfCancelled throws when cancelled[jvm]","","2026-07-30","passed","2026-07-30","","SyncCancelTokenSpec[jvm]","com.georgeci.moneysurfer.sync.api.SyncCancelTokenSpec",""
"","464","a day's rows sit under a relative header, with the day's net beside it[jvm]","","2026-07-30","passed","2026-07-30","","TransactionsListScreenStateTest[jvm]","com.georgeci.moneysurfer.ui.TransactionsListScreenStateTest",""
"","20","clearing the cap deletes the backing budget[jvm]","","2026-07-30","passed","2026-07-30","","CategoryCreationViewModelTest[jvm]","com.georgeci.moneysurfer.feature.category.creation.CategoryCreationViewModelTest",""
"","7","markFailed bumps attempts, records error and resets to PENDING[jvm]","","2026-07-30","passed","2026-07-30","","PendingMutationQueueImplSpec[jvm]","com.georgeci.moneysurfer.sync.internal.repository.PendingMutationQueueImplSpec",""
"","2","fractional cap input follows Money rounding[jvm]","","2026-07-30","passed","2026-07-30","","CategoryCreationStateTest[jvm]","com.georgeci.moneysurfer.feature.category.creation.CategoryCreationStateTest",""
"","3","create income → +impact[jvm]","","2026-07-30","passed","2026-07-30","","CalculateBalanceDeltaTest[jvm]","com.georgeci.moneysurfer.domain.model.CalculateBalanceDeltaTest",""
"","43","a truncated row inside a pre-#260 file is still rejected[jvm]","","2026-07-30","passed","2026-07-30","","ExportImportTransactionsUseCaseTest[jvm]","com.georgeci.moneysurfer.domain.csv.ExportImportTransactionsUseCaseTest",""
"","4","SimpleCancelToken cancel flips state[jvm]","","2026-07-30","passed","2026-07-30","","SyncCancelTokenSpec[jvm]","com.georgeci.moneysurfer.sync.api.SyncCancelTokenSpec",""
"","3","promotes editor to owner[jvm]","","2026-07-30","passed","2026-07-30","","ChangeMemberRoleUseCaseTest[jvm]","com.georgeci.moneysurfer.domain.usecase.ChangeMemberRoleUseCaseTest",""
"","0","collapsed tree parents hide children but retain the complete child count[jvm]","","2026-07-30","passed","2026-07-30","","CategoryPickerRowsTest[jvm]","com.georgeci.moneysurfer.feature.category.picker.CategoryPickerRowsTest",""
"","3","lowering the target below the saved amount completes the goal[jvm]","","2026-07-30","passed","2026-07-30","","SavingsGoalUseCaseTest[jvm]","com.georgeci.moneysurfer.domain.usecase.SavingsGoalUseCaseTest",""
"","179","extra details round-trip through the wire format, order included[jvm]","","2026-07-30","passed","2026-07-30","","AccountDtoMapperSpec[jvm]","com.georgeci.moneysurfer.data.sync.AccountDtoMapperSpec",""
"","1","ProjectionScope.Workspace exposes key[jvm]","","2026-07-30","passed","2026-07-30","","ProjectionSpec[jvm]","com.georgeci.moneysurfer.sync.projection.ProjectionSpec",""
"","15","calling twice on a single demo session wipes once and stays cleared[jvm]","","2026-07-30","passed","2026-07-30","","WipeDemoDataUseCaseSpec[jvm]","com.georgeci.moneysurfer.domain.usecase.WipeDemoDataUseCaseSpec",""
"","0","fromMajor composes units and cents exactly[jvm]","","2026-07-30","passed","2026-07-30","","MoneyTest[jvm]","com.georgeci.moneysurfer.domain.primitives.MoneyTest",""
"","40","getByTransferId returns only the legs of the requested transfer[jvm]","","2026-07-30","passed","2026-07-30","","TransferCreationIntegrationIT[jvm]","com.georgeci.moneysurfer.integration.repository.TransferCreationIntegrationIT",""
"","24","a workspace whose base currency could not be read reports no trend rather than a wrong one[jvm]","","2026-07-30","passed","2026-07-30","","SpendAnalyticsRepositoryImplJvmTest[jvm]","com.georgeci.moneysurfer.data.repository.SpendAnalyticsRepositoryImplJvmTest",""
"","25","tapping a row opens that transaction, and Back leaves the list[jvm]","","2026-07-30","passed","2026-07-30","","TransactionsByAccountNavigationTest[jvm]","com.georgeci.moneysurfer.feature.transaction.list.TransactionsByAccountNavigationTest",""
"","2","the chevron toggles one parent at a time[jvm]","","2026-07-30","passed","2026-07-30","","CategoryChooserViewModelTest[jvm]","com.georgeci.moneysurfer.feature.category.picker.CategoryChooserViewModelTest",""
"","42","non-member cannot read or create a goal","","2026-07-30","passed","2026-07-30","","savings goals (issue #244)","savings goals (issue #244) non-member cannot read or create a goal",""
"","20","offline build offers only the demo sign-in entry point[jvm]","","2026-07-30","passed","2026-07-30","","OfflineConfigGraphTest[jvm]","com.georgeci.moneysurfer.offline.di.OfflineConfigGraphTest",""
"","7","tolerates DECLINED/CANCELLED past invites for the email[jvm]","","2026-07-30","passed","2026-07-30","","SendInviteUseCaseTest[jvm]","com.georgeci.moneysurfer.domain.usecase.SendInviteUseCaseTest",""
"","9","AND-s multiple tokens[jvm]","","2026-07-30","passed","2026-07-30","","TransactionFtsIntegrationIT[jvm]","com.georgeci.moneysurfer.integration.repository.TransactionFtsIntegrationIT",""
"","17","early in the month the comparison is too short to be honest, so it is left off[jvm]","","2026-07-30","passed","2026-07-30","","GetSpentMonthUseCaseTest[jvm]","com.georgeci.moneysurfer.domain.usecase.GetSpentMonthUseCaseTest",""
"","1","empty history yields zero[jvm]","","2026-07-30","passed","2026-07-30","","RecalculateAccountBalanceUseCaseTest[jvm]","com.georgeci.moneysurfer.domain.usecase.RecalculateAccountBalanceUseCaseTest",""
"","0","Budgets[jvm]","","2026-07-30","passed","2026-07-30","","RouteSerializationTest[jvm]","com.georgeci.moneysurfer.navigation.RouteSerializationTest",""
"","4","ids stay unique across the whole buffer, even for identical lines[jvm]","","2026-07-30","passed","2026-07-30","","DebugLogBufferTest[jvm]","com.georgeci.moneysurfer.domain.logging.DebugLogBufferTest",""
"","28","create blocked when clientVersionCode is below floor (0)","","2026-07-30","passed","2026-07-30","","member-gated entities (accounts)","member-gated entities (accounts) create blocked when clientVersionCode is below floor (0)",""
"","3","Confirm with nothing selected does nothing[jvm]","","2026-07-30","passed","2026-07-30","","WorkspaceSelectorViewModelTest[jvm]","com.georgeci.moneysurfer.feature.workspace.selector.WorkspaceSelectorViewModelTest",""
"","34","a budget delete writes a tombstone once the document exists[jvm]","","2026-07-30","passed","2026-07-30","","BudgetAndRecurringRuleSyncPluginIT[jvm]","com.georgeci.moneysurfer.integration.plugin.BudgetAndRecurringRuleSyncPluginIT",""
"","17","a replaced value is readable through raw the moment replaceAll returns[jvm]","","2026-07-30","passed","2026-07-30","","RemoteConfigMirrorImplJvmTest[jvm]","com.georgeci.moneysurfer.data.config.RemoteConfigMirrorImplJvmTest",""
"","68","a stored contribution reads back with every field intact[jvm]","","2026-07-30","passed","2026-07-30","","GoalContributionRepositoryImplJvmTest[jvm]","com.georgeci.moneysurfer.data.repository.GoalContributionRepositoryImplJvmTest",""
"","1","re-running the migration is a no-op rather than an error[jvm]","","2026-07-30","passed","2026-07-30","","ConfigEntryMigrationIT[jvm]","com.georgeci.moneysurfer.integration.repository.ConfigEntryMigrationIT",""
"","31","an Undo built from nothing but the deleted id restores the row and the balance[jvm]","","2026-07-30","passed","2026-07-30","","DeleteUndoIntegrationIT[jvm]","com.georgeci.moneysurfer.integration.repository.DeleteUndoIntegrationIT",""
"","58","the filter screen is opened on the period the list is paged to, not on today's[jvm]","","2026-07-30","passed","2026-07-30","","TransactionsByAccountNavigationTest[jvm]","com.georgeci.moneysurfer.feature.transaction.list.TransactionsByAccountNavigationTest",""
"","125","format EUR with German locale[jvm]","","2026-07-30","passed","2026-07-30","","MoneyFormatterTest[jvm]","com.georgeci.moneysurfer.domain.MoneyFormatterTest",""
"","1","a signed-out session names neither line[jvm]","","2026-07-30","passed","2026-07-30","","ShellIdentityTest[jvm]","com.georgeci.moneysurfer.navigation.ShellIdentityTest",""
"","7","the database path is a file whose parent exists, not a directory[jvm]","","2026-07-30","passed","2026-07-30","","DesktopFirebasePlatformJvmTest[jvm]","com.georgeci.moneysurfer.data.remote.DesktopFirebasePlatformJvmTest",""
"","7","widths at or above the Large bound are Large[jvm]","","2026-07-30","passed","2026-07-30","","SurferWindowSizeTest[jvm]","com.georgeci.moneysurfer.uikit.window.SurferWindowSizeTest",""
"","9","a failed local write reports the generic error[jvm]","","2026-07-30","passed","2026-07-30","","WorkspaceCreationViewModelTest[jvm]","com.georgeci.moneysurfer.feature.workspace.creation.WorkspaceCreationViewModelTest",""
"","1916","app module graph resolves()[jvm]","","2026-07-30","passed","2026-07-30","","KoinModuleVerificationTest[jvm]","com.georgeci.moneysurfer.di.KoinModuleVerificationTest",""
"","13","save shows a created snackbar carrying the account name[jvm]","","2026-07-30","passed","2026-07-30","","AccountCreationViewModelTest[jvm]","com.georgeci.moneysurfer.feature.account.creation.AccountCreationViewModelTest",""
"","3","pausing a goal keeps its progress[jvm]","","2026-07-30","passed","2026-07-30","","SavingsGoalUseCaseTest[jvm]","com.georgeci.moneysurfer.domain.usecase.SavingsGoalUseCaseTest",""
"","58","an unreadable workspace is skipped instead of failing the whole pull[jvm]","","2026-07-30","passed","2026-07-30","","PullRemoteChangesUseCaseImplSpec[jvm]","com.georgeci.moneysurfer.data.sync.PullRemoteChangesUseCaseImplSpec",""
"","26","duplicating carries the merchant and tags but not the pairing, schedule or planned state[jvm]","","2026-07-30","passed","2026-07-30","","TransactionCreationEditTest[jvm]","com.georgeci.moneysurfer.feature.transaction.creation.TransactionCreationEditTest",""
"","7","a window with no days in it reads as fully elapsed, never as a division by zero[jvm]","","2026-07-30","passed","2026-07-30","","SafeToSpendTest[jvm]","com.georgeci.moneysurfer.domain.model.SafeToSpendTest",""
"","0","drops blank entries[jvm]","","2026-07-30","passed","2026-07-30","","TransactionTagsTest[jvm]","com.georgeci.moneysurfer.domain.model.TransactionTagsTest",""
"","12","a category's icon and colour survive a round-trip through Room[jvm]","","2026-07-30","passed","2026-07-30","","DeleteUndoIntegrationIT[jvm]","com.georgeci.moneysurfer.integration.repository.DeleteUndoIntegrationIT",""
"","5","CompositeCancelToken throwIfCancelled when partial does not throw[jvm]","","2026-07-30","passed","2026-07-30","","SyncCancelTokenSpec[jvm]","com.georgeci.moneysurfer.sync.api.SyncCancelTokenSpec",""
"","28","a tombstone for a document that never reached the server is skipped[jvm]","","2026-07-30","passed","2026-07-30","","AccountSyncPluginIT[jvm]","com.georgeci.moneysurfer.integration.plugin.AccountSyncPluginIT",""
"","7","happy path: creates ACTIVE member with invite role + marks invite ACCEPTED[jvm]","","2026-07-30","passed","2026-07-30","","AcceptInviteUseCaseTest[jvm]","com.georgeci.moneysurfer.domain.usecase.AcceptInviteUseCaseTest",""
"","1","the subscription count does not wait for the sample — it reads the schedules, not the window[jvm]","","2026-07-30","passed","2026-07-30","","InsightRulesTest[jvm]","com.georgeci.moneysurfer.domain.insight.InsightRulesTest",""
"","8","the temp file used for the atomic rename is not left behind[jvm]","","2026-07-30","passed","2026-07-30","","DesktopFirebasePlatformJvmTest[jvm]","com.georgeci.moneysurfer.data.remote.DesktopFirebasePlatformJvmTest",""
"","1","sync is allowed before the first refresh, so a cold start is never blocked on the network[jvm]","","2026-07-30","passed","2026-07-30","","AppVersionGateImplTest[jvm]","com.georgeci.moneysurfer.data.repository.AppVersionGateImplTest",""
"","17","unauthenticated user is denied","","2026-07-30","passed","2026-07-30","","workspaces/{wid}","workspaces/{wid} unauthenticated user is denied",""
"","4","a double tap on Save creates the workspace only once[jvm]","","2026-07-30","passed","2026-07-30","","WorkspaceCreationViewModelTest[jvm]","com.georgeci.moneysurfer.feature.workspace.creation.WorkspaceCreationViewModelTest",""
"","186","a full-window screen keeps its back arrow and its FAB[jvm]","","2026-07-30","passed","2026-07-30","","SurferPaneScaffoldTest[jvm]","com.georgeci.moneysurfer.ui.SurferPaneScaffoldTest",""
"","2","SettingsBackup[jvm]","","2026-07-30","passed","2026-07-30","","RouteSerializationTest[jvm]","com.georgeci.moneysurfer.navigation.RouteSerializationTest",""
"","6","an empty, blank or unparseable column reads as no details rather than throwing[jvm]","","2026-07-30","passed","2026-07-30","","AccountExtraDetailsColumnTest[jvm]","com.georgeci.moneysurfer.data.db.entity.AccountExtraDetailsColumnTest",""
"","34","the last point is the current balance and the window has one point per day[jvm]","","2026-07-30","passed","2026-07-30","","AccountBalanceSeriesTest[jvm]","com.georgeci.moneysurfer.domain.model.AccountBalanceSeriesTest",""
"","6","undoing a parent delete re-attaches the children it had[jvm]","","2026-07-30","passed","2026-07-30","","CategoriesManageViewModelTest[jvm]","com.georgeci.moneysurfer.feature.category.manage.CategoriesManageViewModelTest",""
"","3401","clicking submit and toggle emits the matching events[jvm]","","2026-07-30","passed","2026-07-30","","SignInScreenStateTest[jvm]","com.georgeci.moneysurfer.ui.SignInScreenStateTest",""
"","22","online finish does not touch the first-run seed[jvm]","","2026-07-30","passed","2026-07-30","","OnboardingViewModelTest[jvm]","com.georgeci.moneysurfer.feature.login.onboarding.OnboardingViewModelTest",""
"","9","login keeps the session when the bootstrap succeeds[jvm]","","2026-07-30","passed","2026-07-30","","AuthSessionRollbackTest[jvm]","com.georgeci.moneysurfer.domain.usecase.AuthSessionRollbackTest",""
"","5","parser handles CRLF line endings a UTF-8 BOM and blank lines[jvm]","","2026-07-30","passed","2026-07-30","","TransactionCsvCodecTest[jvm]","com.georgeci.moneysurfer.domain.csv.TransactionCsvCodecTest",""
"","62","an override the codec can no longer read is still clearable per row[jvm]","","2026-07-30","passed","2026-07-30","","DebugConfigInspectorImplSpec[jvm]","com.georgeci.moneysurfer.appconfig.DebugConfigInspectorImplSpec",""
"","14","non-JSON manifest surfaces InvalidArchive[jvm]","","2026-07-30","passed","2026-07-30","","BackupImporterImplJvmTest[jvm]","com.georgeci.moneysurfer.data.backup.BackupImporterImplJvmTest",""
"","34","a returning user with a workspace lands on the dashboard[jvm]","","2026-07-30","passed","2026-07-30","","AppLaunchViewModelTest[jvm]","com.georgeci.moneysurfer.navigation.AppLaunchViewModelTest",""
"","1","the sync toggle is device-scoped, so logging out cannot silently re-enable sync[jvm]","","2026-07-30","passed","2026-07-30","","ConfigKeyScopeTest[jvm]","com.georgeci.moneysurfer.data.config.ConfigKeyScopeTest",""
"","2","income contributes +amount on its account[jvm]","","2026-07-30","passed","2026-07-30","","BalanceImpactTest[jvm]","com.georgeci.moneysurfer.domain.model.BalanceImpactTest",""
"","1","mergeScope ActiveWorkspace above ChangedSinceLastSync and UploadOnly[jvm]","","2026-07-30","passed","2026-07-30","","SyncScopeSpec[jvm]","com.georgeci.moneysurfer.sync.api.SyncScopeSpec",""
"","2","AuthRequired is not retryable[jvm]","","2026-07-30","passed","2026-07-30","","SyncErrorSpec[jvm]","com.georgeci.moneysurfer.sync.api.SyncErrorSpec",""
"","126","an empty workspace lands on empty Content, not on a stuck spinner[jvm]","","2026-07-30","passed","2026-07-30","","BudgetsViewModelTest[jvm]","com.georgeci.moneysurfer.feature.budget.list.BudgetsViewModelTest",""
"","15","observe maps rows to domain SyncMeta[jvm]","","2026-07-30","passed","2026-07-30","","SyncMetaRepositoryImplSpec[jvm]","com.georgeci.moneysurfer.sync.internal.repository.SyncMetaRepositoryImplSpec",""
"","6","a record written by the pre-#260 format decodes with the new fields defaulted[jvm]","","2026-07-30","passed","2026-07-30","","TransactionCsvCodecTest[jvm]","com.georgeci.moneysurfer.domain.csv.TransactionCsvCodecTest",""
"","188","a row with no override of its own has nothing to clear[jvm]","","2026-07-30","passed","2026-07-30","","DebugConfigScreenStateTest[jvm]","com.georgeci.moneysurfer.ui.DebugConfigScreenStateTest",""
"","13","a detail with no list beside it stays a full screen[jvm]","","2026-07-30","passed","2026-07-30","","SurferPaneSceneStrategyTest[jvm]","com.georgeci.moneysurfer.navigation.SurferPaneSceneStrategyTest",""
"","14","normalize trims both halves and collapses whitespace runs in the key[jvm]","","2026-07-30","passed","2026-07-30","","AccountExtraDetailsTest[jvm]","com.georgeci.moneysurfer.domain.model.AccountExtraDetailsTest",""
"","1","AccountCreation[jvm]","","2026-07-30","passed","2026-07-30","","RouteSerializationTest[jvm]","com.georgeci.moneysurfer.navigation.RouteSerializationTest",""
"","239","an account with nothing logged yet is offered the first transaction[jvm]","","2026-07-30","passed","2026-07-30","","TransactionsListScreenStateTest[jvm]","com.georgeci.moneysurfer.ui.TransactionsListScreenStateTest",""
"","8","invalid drag and destructive events are safe no-ops[jvm]","","2026-07-30","passed","2026-07-30","","AccountsManageViewModelTest[jvm]","com.georgeci.moneysurfer.feature.account.manage.AccountsManageViewModelTest",""
"","158","a slice with no category is named rather than left blank[jvm]","","2026-07-30","passed","2026-07-30","","DashboardInsightsScreenTest[jvm]","com.georgeci.moneysurfer.ui.DashboardInsightsScreenTest",""
"","21","a cap zeroed out on an existing category deletes the backing budget[jvm]","","2026-07-30","passed","2026-07-30","","CategoryCreationViewModelTest[jvm]","com.georgeci.moneysurfer.feature.category.creation.CategoryCreationViewModelTest",""
"","6","shutdown is safe to call repeatedly (idempotent)[jvm]","","2026-07-30","passed","2026-07-30","","SessionShutdownGateImplSpec[jvm]","com.georgeci.moneysurfer.sync.internal.SessionShutdownGateImplSpec",""
"","9","schema-version mismatch surfaces SchemaMismatch[jvm]","","2026-07-30","passed","2026-07-30","","BackupImporterImplJvmTest[jvm]","com.georgeci.moneysurfer.data.backup.BackupImporterImplJvmTest",""
"","19","the same key keeps the same store, so a recomposition does not reset the screen[jvm]","","2026-07-30","passed","2026-07-30","","NavEntryViewModelStoreHolderTest[jvm]","com.georgeci.moneysurfer.navigation.util.NavEntryViewModelStoreHolderTest",""
"","1","redactUid keeps a short prefix and drops the rest[jvm]","","2026-07-30","passed","2026-07-30","","PiiRedactionTest[jvm]","com.georgeci.moneysurfer.domain.logging.PiiRedactionTest",""
"","10","is a no-op when the requested currency already matches[jvm]","","2026-07-30","passed","2026-07-30","","UpdateWorkspaceCurrencyUseCaseTest[jvm]","com.georgeci.moneysurfer.domain.usecase.UpdateWorkspaceCurrencyUseCaseTest",""
"","50","archiving stamps archivedAt and restoring clears it[jvm]","","2026-07-30","passed","2026-07-30","","AccountCreationIntegrationIT[jvm]","com.georgeci.moneysurfer.integration.repository.AccountCreationIntegrationIT",""
"","60","live coordinator state and the last outcome both reach the screen[jvm]","","2026-07-30","passed","2026-07-30","","SyncViewModelTest[jvm]","com.georgeci.moneysurfer.feature.settings.sync.SyncViewModelTest",""
"","23","the flows actually carry id: selectors, so the gate above cannot pass vacuously[jvm]","","2026-07-30","passed","2026-07-30","","MaestroFlowSelectorTest[jvm]","com.georgeci.moneysurfer.utils.MaestroFlowSelectorTest",""
"","10","every reporting call is a no-op, including the nullable user id[jvm]","","2026-07-30","passed","2026-07-30","","NoOpCrashReporterJvmTest[jvm]","com.georgeci.moneysurfer.data.repository.NoOpCrashReporterJvmTest",""
"","11","cancelAll cancels running and queued[jvm]","","2026-07-30","passed","2026-07-30","","SyncCoordinatorImplSpec[jvm]","com.georgeci.moneysurfer.sync.coordinator.SyncCoordinatorImplSpec",""
"","20","save is a no-op when no workspace is pinned[jvm]","","2026-07-30","passed","2026-07-30","","CategoryCreationViewModelTest[jvm]","com.georgeci.moneysurfer.feature.category.creation.CategoryCreationViewModelTest",""
"","9","the defaults read back as empty rather than null or a blank tag[jvm]","","2026-07-30","passed","2026-07-30","","TransactionDetailFieldsIntegrationIT[jvm]","com.georgeci.moneysurfer.integration.repository.TransactionDetailFieldsIntegrationIT",""
"","7","a settings key queues one push however often it is toggled[jvm]","","2026-07-30","passed","2026-07-30","","PendingMutationQueueIntegrationIT[jvm]","com.georgeci.moneysurfer.integration.sync.PendingMutationQueueIntegrationIT",""
"","19","skipping keeps the recommended cash default and still completes the onboarding[jvm]","","2026-07-30","passed","2026-07-30","","OnboardingViewModelTest[jvm]","com.georgeci.moneysurfer.feature.login.onboarding.OnboardingViewModelTest",""
"","31","member can tombstone an account","","2026-07-30","passed","2026-07-30","","tombstone update shape (push-side soft delete)","tombstone update shape (push-side soft delete) member can tombstone an account",""
"","15","leftAt path keeps role unchanged and status flipped to LEFT[jvm]","","2026-07-30","passed","2026-07-30","","WorkspaceMemberRepositoryIntegrationIT[jvm]","com.georgeci.moneysurfer.integration.repository.WorkspaceMemberRepositoryIntegrationIT",""
"","4","push without a Firebase session throws, so the drain requeues instead of dropping the row[jvm]","","2026-07-30","passed","2026-07-30","","UserConfigSyncPluginSpec[jvm]","com.georgeci.moneysurfer.data.sync.plugin.UserConfigSyncPluginSpec",""
"","11","every concrete Route is registered in navKeySerializersModule[jvm]","","2026-07-30","passed","2026-07-30","","RouteSerializerRegistryTest[jvm]","com.georgeci.moneysurfer.navigation.RouteSerializerRegistryTest",""
"","39","an overspent month reports past the limit rather than flooring at the cap[jvm]","","2026-07-30","passed","2026-07-30","","DashboardSpentMonthViewModelTest[jvm]","com.georgeci.moneysurfer.feature.dashboard.DashboardSpentMonthViewModelTest",""
"","25","a general monthly budget turns the projection into a verdict[jvm]","","2026-07-30","passed","2026-07-30","","GetBurnRateUseCaseTest[jvm]","com.georgeci.moneysurfer.domain.usecase.GetBurnRateUseCaseTest",""
"","36","deleting a category then re-inserting it restores the row[jvm]","","2026-07-30","passed","2026-07-30","","DeleteUndoIntegrationIT[jvm]","com.georgeci.moneysurfer.integration.repository.DeleteUndoIntegrationIT",""
"","71","nothing is decided until the first refresh[jvm]","","2026-07-30","passed","2026-07-30","","AppVersionGateImplTest[jvm]","com.georgeci.moneysurfer.data.repository.AppVersionGateImplTest",""
"","14","setActive on a budget that is gone is a no-op rather than a failure[jvm]","","2026-07-30","passed","2026-07-30","","BudgetRepositoryImplJvmTest[jvm]","com.georgeci.moneysurfer.data.repository.BudgetRepositoryImplJvmTest",""
"","10","a regular save leaves the workspace base currency untouched[jvm]","","2026-07-30","passed","2026-07-30","","AccountCreationViewModelTest[jvm]","com.georgeci.moneysurfer.feature.account.creation.AccountCreationViewModelTest",""
"","15","a shorter window asks for fewer months[jvm]","","2026-07-30","passed","2026-07-30","","GetMonthlyNetHistoryUseCaseTest[jvm]","com.georgeci.moneysurfer.domain.usecase.GetMonthlyNetHistoryUseCaseTest",""
"","40","all time drops the date bounds but stays paged[jvm]","","2026-07-30","passed","2026-07-30","","TransactionsByAccountPeriodTest[jvm]","com.georgeci.moneysurfer.feature.transaction.list.TransactionsByAccountPeriodTest",""
"","7","shows one total per currency instead of mixing minor units[jvm]","","2026-07-30","passed","2026-07-30","","AccountChooserViewModelTest[jvm]","com.georgeci.moneysurfer.feature.account.picker.AccountChooserViewModelTest",""
"","35","owner can hard-delete a goal and a contribution (purge path)","","2026-07-30","passed","2026-07-30","","savings goals (issue #244)","savings goals (issue #244) owner can hard-delete a goal and a contribution (purge path)",""
"","21","cleanup failure surfaces CleanupFailed notice[jvm]","","2026-07-30","passed","2026-07-30","","DeleteUserAccountViewModelTest[jvm]","com.georgeci.moneysurfer.feature.settings.account.DeleteUserAccountViewModelTest",""
"","4","a declared false is Present, not Absent[jvm]","","2026-07-30","passed","2026-07-30","","BuildConfigSourceSpec[jvm]","com.georgeci.moneysurfer.appconfig.BuildConfigSourceSpec",""
"","26","a rules rejection surfaces as PermissionDenied in a dialog[jvm]","","2026-07-30","passed","2026-07-30","","SignInViewModelTest[jvm]","com.georgeci.moneysurfer.feature.login.SignInViewModelTest",""
"","152","a currency no cached rate covers is shown beside the headline, never dropped[jvm]","","2026-07-30","passed","2026-07-30","","DashboardBalanceViewModelTest[jvm]","com.georgeci.moneysurfer.feature.dashboard.DashboardBalanceViewModelTest",""
"","1","a weekly or yearly limit is a different quantity, so neither caps a month[jvm]","","2026-07-30","passed","2026-07-30","","BurnRateTest[jvm]","com.georgeci.moneysurfer.domain.model.BurnRateTest",""
"","19","ActiveWorkspace scope pulls the workspace pinned in the session[jvm]","","2026-07-30","passed","2026-07-30","","NewWorkspacePullIntegrationIT[jvm]","com.georgeci.moneysurfer.integration.sync.NewWorkspacePullIntegrationIT",""
"","3","older layouts keep their own field count when a newer one exists[jvm]","","2026-07-30","passed","2026-07-30","","TransactionCsvCodecTest[jvm]","com.georgeci.moneysurfer.domain.csv.TransactionCsvCodecTest",""
"","1","lower-case currency codes from the provider are normalized[jvm]","","2026-07-30","passed","2026-07-30","","ExchangeRateApiTest[jvm]","com.georgeci.moneysurfer.data.remote.ExchangeRateApiTest",""
"","382","an available panel renders the key rows and the reset action[jvm]","","2026-07-30","passed","2026-07-30","","DebugConfigScreenStateTest[jvm]","com.georgeci.moneysurfer.ui.DebugConfigScreenStateTest",""
"","17","a non-permission failure aborts and surfaces RemoteDataCleanupFailed[jvm]","","2026-07-30","passed","2026-07-30","","UserAccountDeletionRepositoryImplTest[jvm]","com.georgeci.moneysurfer.data.repository.UserAccountDeletionRepositoryImplTest",""
"","15","an address nobody has registered reads as no user[jvm]","","2026-07-30","passed","2026-07-30","","UserRemoteRepositoryImplTest[jvm]","com.georgeci.moneysurfer.data.repository.UserRemoteRepositoryImplTest",""
"","1","a comma is rewritten in place[jvm]","","2026-07-30","passed","2026-07-30","","AmountInputTransformationTest[jvm]","com.georgeci.moneysurfer.utils.AmountInputTransformationTest",""
"","7","every field survives an encode/decode round-trip[jvm]","","2026-07-30","passed","2026-07-30","","TransactionCsvCodecTest[jvm]","com.georgeci.moneysurfer.domain.csv.TransactionCsvCodecTest",""
"","5","is idempotent — second invocation does not duplicate workspace or Cash account[jvm]","","2026-07-30","passed","2026-07-30","","SeedDefaultsUseCaseTest[jvm]","com.georgeci.moneysurfer.domain.usecase.SeedDefaultsUseCaseTest",""
"","101","picking a date replaces the business date the edited row was pinned to[jvm]","","2026-07-30","passed","2026-07-30","","TransactionCreationFormTest[jvm]","com.georgeci.moneysurfer.feature.transaction.creation.TransactionCreationFormTest",""
"","11","magic constant is stable (backup format compatibility)[jvm]","","2026-07-30","passed","2026-07-30","","EncryptedBackupCodecTest[jvm]","com.georgeci.moneysurfer.data.backup.EncryptedBackupCodecTest",""
"","8","CRC corruption is rejected[jvm]","","2026-07-30","passed","2026-07-30","","BackupImporterImplJvmTest[jvm]","com.georgeci.moneysurfer.data.backup.BackupImporterImplJvmTest",""
"","9","a failing settings session start does not fail the sign-in[jvm]","","2026-07-30","passed","2026-07-30","","PostAuthBootstrapUseCaseTest[jvm]","com.georgeci.moneysurfer.domain.usecase.PostAuthBootstrapUseCaseTest",""
"","61","export writes manifest first followed by main DB and DataStore entries[jvm]","","2026-07-30","passed","2026-07-30","","BackupExporterImplJvmTest[jvm]","com.georgeci.moneysurfer.data.backup.BackupExporterImplJvmTest",""
"","3","does nothing without a Firebase session[jvm]","","2026-07-30","passed","2026-07-30","","WorkspaceRefRegistrarSpec[jvm]","com.georgeci.moneysurfer.data.sync.WorkspaceRefRegistrarSpec",""
"","1","early January can still belong to the previous week-year[jvm]","","2026-07-30","passed","2026-07-30","","TransactionPeriodWindowTest[jvm]","com.georgeci.moneysurfer.domain.util.TransactionPeriodWindowTest",""
"","4","a budget whose workspace has no base currency yields nothing to format[jvm]","","2026-07-30","passed","2026-07-30","","SafeToSpendTest[jvm]","com.georgeci.moneysurfer.domain.model.SafeToSpendTest",""
"","15","a general monthly budget becomes the cap the bar is drawn against[jvm]","","2026-07-30","passed","2026-07-30","","GetSpentMonthUseCaseTest[jvm]","com.georgeci.moneysurfer.domain.usecase.GetSpentMonthUseCaseTest",""
"","63","a stored user document becomes the domain user, refs included[jvm]","","2026-07-30","passed","2026-07-30","","UserRemoteRepositoryImplTest[jvm]","com.georgeci.moneysurfer.data.repository.UserRemoteRepositoryImplTest",""
"","18","resetTo bootstraps an empty stack[jvm]","","2026-07-30","passed","2026-07-30","","AppNavigatorTest[jvm]","com.georgeci.moneysurfer.navigation.AppNavigatorTest",""
"","11","enum codec advertises its choices so the panel can render a picker[jvm]","","2026-07-30","passed","2026-07-30","","ConfigCodecSpec[jvm]","com.georgeci.moneysurfer.appconfig.ConfigCodecSpec",""
"","27","with no workspace pinned the save reports a failure instead of navigating on[jvm]","","2026-07-30","passed","2026-07-30","","AccountCreationViewModelTest[jvm]","com.georgeci.moneysurfer.feature.account.creation.AccountCreationViewModelTest",""
"","42","a rejected override surfaces the offending value instead of failing silently[jvm]","","2026-07-30","passed","2026-07-30","","DebugConfigViewModelTest[jvm]","com.georgeci.moneysurfer.feature.settings.debug.DebugConfigViewModelTest",""
"","1","PermissionDenied is not retryable[jvm]","","2026-07-30","passed","2026-07-30","","SyncErrorSpec[jvm]","com.georgeci.moneysurfer.sync.api.SyncErrorSpec",""
"","3","workspace the pull did not hydrate is never pinned[jvm]","","2026-07-30","passed","2026-07-30","","PostAuthBootstrapUseCaseTest[jvm]","com.georgeci.moneysurfer.domain.usecase.PostAuthBootstrapUseCaseTest",""
"","33","clearing an override falls back to the layer underneath[jvm]","","2026-07-30","passed","2026-07-30","","DebugConfigInspectorImplSpec[jvm]","com.georgeci.moneysurfer.appconfig.DebugConfigInspectorImplSpec",""
"","28","applyDelta updates balance without touching currency[jvm]","","2026-07-30","passed","2026-07-30","","AccountCreationIntegrationIT[jvm]","com.georgeci.moneysurfer.integration.repository.AccountCreationIntegrationIT",""
"","32","the periodic ticker stays quiet while sync is disabled[jvm]","","2026-07-30","passed","2026-07-30","","AppLaunchViewModelTest[jvm]","com.georgeci.moneysurfer.navigation.AppLaunchViewModelTest",""
"","21","rejects transaction tags sent as a string instead of a list","","2026-07-30","passed","2026-07-30","","entity write-shape validation (issue #156)","entity write-shape validation (issue #156) rejects transaction tags sent as a string instead of a list",""
"","50","clearSession drops user, workspace and uid together[jvm]","","2026-07-30","passed","2026-07-30","","SessionPointersImplJvmTest[jvm]","com.georgeci.moneysurfer.data.preferences.SessionPointersImplJvmTest",""
"","10","stamps targetUserId from userEmails mapping[jvm]","","2026-07-30","passed","2026-07-30","","SendInviteUseCaseTest[jvm]","com.georgeci.moneysurfer.domain.usecase.SendInviteUseCaseTest",""
"","650","encrypted import with the wrong passphrase surfaces WrongPassphrase[jvm]","","2026-07-30","passed","2026-07-30","","BackupEncryptedRoundTripJvmTest[jvm]","com.georgeci.moneysurfer.data.backup.BackupEncryptedRoundTripJvmTest",""
"","9","editing updates the workspace in place instead of creating a second one[jvm]","","2026-07-30","passed","2026-07-30","","WorkspaceCreationViewModelTest[jvm]","com.georgeci.moneysurfer.feature.workspace.creation.WorkspaceCreationViewModelTest",""
"","4","missing manifest entry surfaces InvalidArchive[jvm]","","2026-07-30","passed","2026-07-30","","BackupImporterImplJvmTest[jvm]","com.georgeci.moneysurfer.data.backup.BackupImporterImplJvmTest",""
"","3","markCompleted with empty list is a no-op[jvm]","","2026-07-30","passed","2026-07-30","","PendingMutationQueueImplSpec[jvm]","com.georgeci.moneysurfer.data.sync.PendingMutationQueueImplSpec",""
"","19","ActiveWorkspace pulls only the current workspace even when the provider knows more[jvm]","","2026-07-30","passed","2026-07-30","","PullRemoteChangesUseCaseImplSpec[jvm]","com.georgeci.moneysurfer.data.sync.PullRemoteChangesUseCaseImplSpec",""
"","39","signed-in user can read a userEmails doc by exact key","","2026-07-30","passed","2026-07-30","","userEmails/{email}","userEmails/{email} signed-in user can read a userEmails doc by exact key",""
"","2","propagates a failure so the outbox retries the push[jvm]","","2026-07-30","passed","2026-07-30","","WorkspaceRefRegistrarSpec[jvm]","com.georgeci.moneysurfer.data.sync.WorkspaceRefRegistrarSpec",""
"","18","picking a category for a line leaves the form's own category alone[jvm]","","2026-07-30","passed","2026-07-30","","TransactionCreationSplitTest[jvm]","com.georgeci.moneysurfer.feature.transaction.creation.TransactionCreationSplitTest",""
"","1248","a concurrent reader never observes a partially written store[jvm]","","2026-07-30","passed","2026-07-30","","DesktopFirebasePlatformJvmTest[jvm]","com.georgeci.moneysurfer.data.remote.DesktopFirebasePlatformJvmTest",""
"","2","no budgets at all leaves the control editable with nothing behind it[jvm]","","2026-07-30","passed","2026-07-30","","CategoryCapCoverageTest[jvm]","com.georgeci.moneysurfer.domain.model.CategoryCapCoverageTest",""
"","481","the two shortcuts ask for the plain form and the transfer form respectively[jvm]","","2026-07-30","passed","2026-07-30","","DashboardScreenStateTest[jvm]","com.georgeci.moneysurfer.ui.DashboardScreenStateTest",""
"","16","rejects a value over 1024 characters","","2026-07-30","passed","2026-07-30","","users/{uid}/config/{key}","users/{uid}/config/{key} rejects a value over 1024 characters",""
"","1","no account priceable in the base leaves no headline at all[jvm]","","2026-07-30","passed","2026-07-30","","ConvertAccountsTotalUseCaseTest[jvm]","com.georgeci.moneysurfer.domain.usecase.ConvertAccountsTotalUseCaseTest",""
"","2","month window ends on the short month's real last day[jvm]","","2026-07-30","passed","2026-07-30","","TransactionPeriodWindowTest[jvm]","com.georgeci.moneysurfer.domain.util.TransactionPeriodWindowTest",""
"","122","an overspent category states the cap it passed rather than reading as headroom[jvm]","","2026-07-30","passed","2026-07-30","","DashboardScreenStateTest[jvm]","com.georgeci.moneysurfer.ui.DashboardScreenStateTest",""
"","104","spend with no category is a segment of the donut with a name, not a gap[jvm]","","2026-07-30","passed","2026-07-30","","DashboardScreenStateTest[jvm]","com.georgeci.moneysurfer.ui.DashboardScreenStateTest",""
"","0","deleting a missing goal returns null[jvm]","","2026-07-30","passed","2026-07-30","","SavingsGoalUseCaseTest[jvm]","com.georgeci.moneysurfer.domain.usecase.SavingsGoalUseCaseTest",""
"","6","no remote calls when no Firebase uid (demo session)[jvm]","","2026-07-30","passed","2026-07-30","","CreateWorkspaceUseCaseTest[jvm]","com.georgeci.moneysurfer.domain.usecase.CreateWorkspaceUseCaseTest",""
"","12","selecting a category publishes it back to the caller[jvm]","","2026-07-30","passed","2026-07-30","","CategoryChooserViewModelTest[jvm]","com.georgeci.moneysurfer.feature.category.picker.CategoryChooserViewModelTest",""
"","35","a stored appearance lands on its own slot, and the id-hash fallback agrees with domain[jvm]","","2026-07-30","passed","2026-07-30","","CategoryPaletteParityTest[jvm]","com.georgeci.moneysurfer.feature.category.CategoryPaletteParityTest",""
"","29","client cannot write the flag document (Console-only)","","2026-07-30","passed","2026-07-30","","appConfig/{docId}","appConfig/{docId} client cannot write the flag document (Console-only)",""
"","15","duplicating an income row fills the form without any of the original's identity[jvm]","","2026-07-30","passed","2026-07-30","","TransactionCreationMappingTest[jvm]","com.georgeci.moneysurfer.feature.transaction.creation.TransactionCreationMappingTest",""
"","1","rows outside the window cannot bend the curve[jvm]","","2026-07-30","passed","2026-07-30","","BalanceTrendTest[jvm]","com.georgeci.moneysurfer.domain.model.BalanceTrendTest",""
"","1","negating Long.MIN_VALUE via times(-1) throws instead of wrapping[jvm]","","2026-07-30","passed","2026-07-30","","MoneyTest[jvm]","com.georgeci.moneysurfer.domain.primitives.MoneyTest",""
"","465","an exception below the ViewModel renders the global error state[jvm]","","2026-07-30","passed","2026-07-30","","GlobalErrorBoundaryTest[jvm]","com.georgeci.moneysurfer.ui.GlobalErrorBoundaryTest",""
"","20","a tombstoned workspace is left in Room rather than dropped[jvm]","","2026-07-30","passed","2026-07-30","","WorkspaceTreeSyncPluginIT[jvm]","com.georgeci.moneysurfer.integration.plugin.WorkspaceTreeSyncPluginIT",""
"","45","the saved amount is the signed sum of the goal's rows[jvm]","","2026-07-30","passed","2026-07-30","","GoalContributionRepositoryImplJvmTest[jvm]","com.georgeci.moneysurfer.data.repository.GoalContributionRepositoryImplJvmTest",""
"","25","an expense signs its amount and names the parent of a nested category[jvm]","","2026-07-30","passed","2026-07-30","","TransactionDetailsViewModelTest[jvm]","com.georgeci.moneysurfer.feature.transaction.details.TransactionDetailsViewModelTest",""
"","3","a detail opened from another detail keeps a back affordance[jvm]","","2026-07-30","passed","2026-07-30","","SurferPaneSceneStrategyTest[jvm]","com.georgeci.moneysurfer.navigation.SurferPaneSceneStrategyTest",""
"","4","fresh repository starts empty[jvm]","","2026-07-30","passed","2026-07-30","","SyncMetaRepositoryImplSpec[jvm]","com.georgeci.moneysurfer.data.sync.SyncMetaRepositoryImplSpec",""
"","501","the switch asks for the opposite of the value that resolved, in both directions[jvm]","","2026-07-30","passed","2026-07-30","","DebugConfigScreenStateTest[jvm]","com.georgeci.moneysurfer.ui.DebugConfigScreenStateTest",""
"","13","the name required error appears only after the field was touched and left blank[jvm]","","2026-07-30","passed","2026-07-30","","AccountCreationViewModelTest[jvm]","com.georgeci.moneysurfer.feature.account.creation.AccountCreationViewModelTest",""
"","19","non-owner member cannot update workspace metadata","","2026-07-30","passed","2026-07-30","","workspaces/{wid}","workspaces/{wid} non-owner member cannot update workspace metadata",""
"","24","switching to Income picks an income category and save persists INCOME[jvm]","","2026-07-30","passed","2026-07-30","","TransactionCreationSaveTest[jvm]","com.georgeci.moneysurfer.feature.transaction.creation.TransactionCreationSaveTest",""
"","9","malformed stored falls back to operationAt in UTC[jvm]","","2026-07-30","passed","2026-07-30","","ResolveLegacyOperationDateTest[jvm]","com.georgeci.moneysurfer.data.repository.ResolveLegacyOperationDateTest",""
"","18","insert + getById round-trips snapshots and timestamps[jvm]","","2026-07-30","passed","2026-07-30","","WorkspaceMemberRepositoryIntegrationIT[jvm]","com.georgeci.moneysurfer.integration.repository.WorkspaceMemberRepositoryIntegrationIT",""
"","30","same-currency transfer creates two paired legs with equal amounts[jvm]","","2026-07-30","passed","2026-07-30","","TransactionCreationSaveTest[jvm]","com.georgeci.moneysurfer.feature.transaction.creation.TransactionCreationSaveTest",""
"","4","a DELETE is ignored — settings are overwritten, never deleted[jvm]","","2026-07-30","passed","2026-07-30","","UserConfigSyncPluginSpec[jvm]","com.georgeci.moneysurfer.data.sync.plugin.UserConfigSyncPluginSpec",""
"","9","isEnabled returns false when firebaseUid is null (demo session)[jvm]","","2026-07-30","passed","2026-07-30","","OutboxEnqueuerSpec[jvm]","com.georgeci.moneysurfer.data.sync.OutboxEnqueuerSpec",""
"","47","cancelling never writes the draft anywhere[jvm]","","2026-07-30","passed","2026-07-30","","TransactionFiltersViewModelTest[jvm]","com.georgeci.moneysurfer.feature.transaction.filters.TransactionFiltersViewModelTest",""
"","9","an enabled session with a Firebase uid runs the ticker for that uid[jvm]","","2026-07-30","passed","2026-07-30","","PeriodicSyncGateTest[jvm]","com.georgeci.moneysurfer.navigation.PeriodicSyncGateTest",""
"","6","different entries get different stores[jvm]","","2026-07-30","passed","2026-07-30","","NavEntryViewModelStoreHolderTest[jvm]","com.georgeci.moneysurfer.navigation.util.NavEntryViewModelStoreHolderTest",""
"","4","tags share one cell separated by a pipe so the CSV delimiter stays untouched[jvm]","","2026-07-30","passed","2026-07-30","","TransactionCsvCodecTest[jvm]","com.georgeci.moneysurfer.domain.csv.TransactionCsvCodecTest",""
"","233","a collapsed receipt counts its categories instead of naming one of them[jvm]","","2026-07-30","passed","2026-07-30","","TransactionsListScreenStateTest[jvm]","com.georgeci.moneysurfer.ui.TransactionsListScreenStateTest",""
"","12","manifest declaring a missing file surfaces MissingFile[jvm]","","2026-07-30","passed","2026-07-30","","BackupImporterImplJvmTest[jvm]","com.georgeci.moneysurfer.data.backup.BackupImporterImplJvmTest",""
"","41","an account or a category handed straight to the form replaces its selection[jvm]","","2026-07-30","passed","2026-07-30","","TransactionCreationFormTest[jvm]","com.georgeci.moneysurfer.feature.transaction.creation.TransactionCreationFormTest",""
"","1","collapses whitespace runs left behind by separator stripping[jvm]","","2026-07-30","passed","2026-07-30","","TransactionTagsTest[jvm]","com.georgeci.moneysurfer.domain.model.TransactionTagsTest",""
"","1","GoalCreation[jvm]","","2026-07-30","passed","2026-07-30","","RouteSerializationTest[jvm]","com.georgeci.moneysurfer.navigation.RouteSerializationTest",""
"","15","the v27 to v28 backfill derives the same UTC date the readers already do[jvm]","","2026-07-30","passed","2026-07-30","","TransactionWindowIntegrationIT[jvm]","com.georgeci.moneysurfer.integration.repository.TransactionWindowIntegrationIT",""
"","66","the amount bounds, the two flags and the sort all land in the draft[jvm]","","2026-07-30","passed","2026-07-30","","TransactionFiltersViewModelTest[jvm]","com.georgeci.moneysurfer.feature.transaction.filters.TransactionFiltersViewModelTest",""
"","328","no error state renders no error text[jvm]","","2026-07-30","passed","2026-07-30","","SignInScreenStateTest[jvm]","com.georgeci.moneysurfer.ui.SignInScreenStateTest",""
"","1","a slot reports what it currently holds[jvm]","","2026-07-30","passed","2026-07-30","","TransactionCreationSplitEditingTest[jvm]","com.georgeci.moneysurfer.feature.transaction.creation.TransactionCreationSplitEditingTest",""
"","27","owner cannot create an invite stamped with a different invitedByUserId","","2026-07-30","passed","2026-07-30","","invites — write","invites — write owner cannot create an invite stamped with a different invitedByUserId",""
"","43","cancelling the view model is not reported as an error[jvm]","","2026-07-30","passed","2026-07-30","","MviViewModelTest[jvm]","com.georgeci.moneysurfer.utils.MviViewModelTest",""
"","22","matches the merchant column, not just the note[jvm]","","2026-07-30","passed","2026-07-30","","TransactionFtsIntegrationIT[jvm]","com.georgeci.moneysurfer.integration.repository.TransactionFtsIntegrationIT",""
"","28","an unknown period on the row falls back to monthly rather than failing the read[jvm]","","2026-07-30","passed","2026-07-30","","BudgetRepositoryImplJvmTest[jvm]","com.georgeci.moneysurfer.data.repository.BudgetRepositoryImplJvmTest",""
"","1269","a remoteOverridable flag is mirrored and served[jvm]","","2026-07-30","passed","2026-07-30","","RemoteGlobalConfigSourceImplSpec[jvm]","com.georgeci.moneysurfer.appconfig.remote.RemoteGlobalConfigSourceImplSpec",""
"","3","returns null when nothing searchable is left[jvm]","","2026-07-30","passed","2026-07-30","","FtsQueryTest[jvm]","com.georgeci.moneysurfer.data.db.FtsQueryTest",""
"","10","surfaces remote lookup failure as RemoteSyncFailed[jvm]","","2026-07-30","passed","2026-07-30","","SendInviteUseCaseTest[jvm]","com.georgeci.moneysurfer.domain.usecase.SendInviteUseCaseTest",""
"","52","the message under a field starts at the field's own left edge[jvm]","","2026-07-30","passed","2026-07-30","","SurferFormFieldTest[jvm]","com.georgeci.moneysurfer.ui.SurferFormFieldTest",""
"","15","deleting a rule that is already gone enqueues nothing[jvm]","","2026-07-30","passed","2026-07-30","","RecurringRuleRepositoryImplJvmTest[jvm]","com.georgeci.moneysurfer.data.repository.RecurringRuleRepositoryImplJvmTest",""
"","4","a withdrawal cannot take the saved amount below zero[jvm]","","2026-07-30","passed","2026-07-30","","GoalContributionUseCaseTest[jvm]","com.georgeci.moneysurfer.domain.usecase.GoalContributionUseCaseTest",""
"","1","onStepEntered is callable[jvm]","","2026-07-30","passed","2026-07-30","","SyncTelemetryNoOpSpec[jvm]","com.georgeci.moneysurfer.sync.telemetry.SyncTelemetryNoOpSpec",""
"","9","an unreadable size falls back to Hero rather than dropping the widget[jvm]","","2026-07-30","passed","2026-07-30","","DashboardLayoutCodecTest[jvm]","com.georgeci.moneysurfer.data.preferences.DashboardLayoutCodecTest",""
"","325","with card styles switched off the sheet offers the widths and nothing else[jvm]","","2026-07-30","passed","2026-07-30","","DashboardCustomizeScreenStateTest[jvm]","com.georgeci.moneysurfer.ui.DashboardCustomizeScreenStateTest",""
"","18","user CANNOT self-set status to REMOVED","","2026-07-30","passed","2026-07-30","","workspaces/{wid}/members/{uid}","workspaces/{wid}/members/{uid} user CANNOT self-set status to REMOVED",""
"","0","'0,99' -> '0.99'[jvm]","","2026-07-30","passed","2026-07-30","","AmountInputTransformationTest[jvm]","com.georgeci.moneysurfer.utils.AmountInputTransformationTest",""
"","200","string resources use only indexed placeholders[jvm]","","2026-07-30","passed","2026-07-30","","StringResourcePlaceholderTest[jvm]","com.georgeci.moneysurfer.utils.StringResourcePlaceholderTest",""
"","4","a subtree deeper than the indent cap is still rendered, just not indented further[jvm]","","2026-07-30","passed","2026-07-30","","CategoryTreeTest[jvm]","com.georgeci.moneysurfer.domain.model.CategoryTreeTest",""
"","4","a tag containing a literal escape character survives the round-trip[jvm]","","2026-07-30","passed","2026-07-30","","TransactionCsvCodecTest[jvm]","com.georgeci.moneysurfer.domain.csv.TransactionCsvCodecTest",""
"","2","yearly window is anchored on the start date's month and day[jvm]","","2026-07-30","passed","2026-07-30","","BudgetPeriodWindowTest[jvm]","com.georgeci.moneysurfer.domain.util.BudgetPeriodWindowTest",""
"","14","Either.Left(Cancelled) returned from upload completes as cancelled[jvm]","","2026-07-30","passed","2026-07-30","","SyncCoordinatorImplBranchSpec[jvm]","com.georgeci.moneysurfer.sync.coordinator.SyncCoordinatorImplBranchSpec",""
"","1","no schedules at all means no sentence about them[jvm]","","2026-07-30","passed","2026-07-30","","InsightRulesTest[jvm]","com.georgeci.moneysurfer.domain.insight.InsightRulesTest",""
"","3072","encrypted export advertises the scheme and hides the data entries[jvm]","","2026-07-30","passed","2026-07-30","","BackupEncryptedRoundTripJvmTest[jvm]","com.georgeci.moneysurfer.data.backup.BackupEncryptedRoundTripJvmTest",""
"","75","a failing first-run seed is logged and the route decision still happens[jvm]","","2026-07-30","passed","2026-07-30","","AppLaunchViewModelTest[jvm]","com.georgeci.moneysurfer.navigation.AppLaunchViewModelTest",""
"","39","recentTransactionsEmpty is true when only an opening-balance transaction exists[jvm]","","2026-07-30","passed","2026-07-30","","DashboardViewModelTest[jvm]","com.georgeci.moneysurfer.feature.dashboard.DashboardViewModelTest",""
"","34","client cannot write app config (Console-only)","","2026-07-30","passed","2026-07-30","","appConfig/{docId}","appConfig/{docId} client cannot write app config (Console-only)",""
"","2","the user-scoped phase is skipped without a Firebase uid[jvm]","","2026-07-30","passed","2026-07-30","","PullRemoteChangesUseCaseImplSpec[jvm]","com.georgeci.moneysurfer.data.sync.PullRemoteChangesUseCaseImplSpec",""
"","23","accepts a null splitId","","2026-07-30","passed","2026-07-30","","entity write-shape validation (issue #156)","entity write-shape validation (issue #156) accepts a null splitId",""
"","1123","an insert writes the current row under the workspace's accounts collection[jvm]","","2026-07-30","passed","2026-07-30","","AccountSyncPluginIT[jvm]","com.georgeci.moneysurfer.integration.plugin.AccountSyncPluginIT",""
"","9","writes local pointer and skips remote when no Firebase uid[jvm]","","2026-07-30","passed","2026-07-30","","SelectWorkspaceUseCaseTest[jvm]","com.georgeci.moneysurfer.domain.usecase.SelectWorkspaceUseCaseTest",""
"","136","a chip names the one thing that is picked and counts the rest[jvm]","","2026-07-30","passed","2026-07-30","","TransactionsListScreenStateTest[jvm]","com.georgeci.moneysurfer.ui.TransactionsListScreenStateTest",""
"","46","keeps every non-BOM artifact of the export attributed[jvm]","","2026-07-30","passed","2026-07-30","","ParseOssLibrariesTest[jvm]","com.georgeci.moneysurfer.feature.settings.about.licenses.ParseOssLibrariesTest",""
"","10","cancellation between batches aborts the pull[jvm]","","2026-07-30","passed","2026-07-30","","PullRemoteChangesUseCaseImplSpec[jvm]","com.georgeci.moneysurfer.data.sync.PullRemoteChangesUseCaseImplSpec",""
"","0","invited-workspaces phase is skipped without a Firebase uid[jvm]","","2026-07-30","passed","2026-07-30","","PullRemoteChangesUseCaseImplSpec[jvm]","com.georgeci.moneysurfer.data.sync.PullRemoteChangesUseCaseImplSpec",""
"","2","TransactionDetails[jvm]","","2026-07-30","passed","2026-07-30","","RouteSerializationTest[jvm]","com.georgeci.moneysurfer.navigation.RouteSerializationTest",""
"","9","a host can declare that the user has to reopen the app[jvm]","","2026-07-30","passed","2026-07-30","","AppRestarterTest[jvm]","com.georgeci.moneysurfer.domain.backup.AppRestarterTest",""
"","14","OnDeleteConfirm removes the category and shows an undo snackbar[jvm]","","2026-07-30","passed","2026-07-30","","CategoriesManageViewModelTest[jvm]","com.georgeci.moneysurfer.feature.category.manage.CategoriesManageViewModelTest",""
"","10","failure on the first mutation fails the whole batch and completes nothing[jvm]","","2026-07-30","passed","2026-07-30","","UploadPendingChangesUseCaseImplSpec[jvm]","com.georgeci.moneysurfer.data.sync.UploadPendingChangesUseCaseImplSpec",""
"","0","a zero limit reads as no spend at all rather than dividing by it[jvm]","","2026-07-30","passed","2026-07-30","","SafeToSpendTest[jvm]","com.georgeci.moneysurfer.domain.model.SafeToSpendTest",""
"","29","typed precision is the tolerance[jvm]","","2026-07-30","passed","2026-07-30","","TransactionFilterMatchingTest[jvm]","com.georgeci.moneysurfer.feature.transaction.filter.TransactionFilterMatchingTest",""
"","1","the dashboard layout stays device-scoped — a phone layout is wrong on a tablet[jvm]","","2026-07-30","passed","2026-07-30","","ConfigKeyScopeTest[jvm]","com.georgeci.moneysurfer.data.config.ConfigKeyScopeTest",""
"","14","a corrupt file is replaced instead of failing every read for the life of the install[jvm]","","2026-07-30","passed","2026-07-30","","RemoteConfigMirrorImplJvmTest[jvm]","com.georgeci.moneysurfer.data.config.RemoteConfigMirrorImplJvmTest",""
"","26","the server kill switch is registered and remote-overridable[jvm]","","2026-07-30","passed","2026-07-30","","OnlineConfigGraphTest[jvm]","com.georgeci.moneysurfer.di.OnlineConfigGraphTest",""
"","46","a build with transfers switched off says so, so the quick-actions row can stand down[jvm]","","2026-07-30","passed","2026-07-30","","DashboardViewModelTest[jvm]","com.georgeci.moneysurfer.feature.dashboard.DashboardViewModelTest",""
"","13","a purged row leaves nothing behind in the index[jvm]","","2026-07-30","passed","2026-07-30","","TransactionFtsIntegrationIT[jvm]","com.georgeci.moneysurfer.integration.repository.TransactionFtsIntegrationIT",""
"","19","the retention window is thirty days[jvm]","","2026-07-30","passed","2026-07-30","","PurgeDeletedTransactionsUseCaseTest[jvm]","com.georgeci.moneysurfer.domain.usecase.PurgeDeletedTransactionsUseCaseTest",""
"","9","format from minor units correctly[jvm]","","2026-07-30","passed","2026-07-30","","MoneyFormatterTest[jvm]","com.georgeci.moneysurfer.domain.MoneyFormatterTest",""
"","188","Apply carries the live count of what the list will show[jvm]","","2026-07-30","passed","2026-07-30","","TransactionFiltersScreenStateTest[jvm]","com.georgeci.moneysurfer.ui.TransactionFiltersScreenStateTest",""
"","19","soft-delete via upsert sets status REMOVED and stamps removedAt without erasing the row[jvm]","","2026-07-30","passed","2026-07-30","","WorkspaceMemberRepositoryIntegrationIT[jvm]","com.georgeci.moneysurfer.integration.repository.WorkspaceMemberRepositoryIntegrationIT",""
"","311","a widget's span decides how much of the row it gets[jvm]","","2026-07-30","passed","2026-07-30","","DashboardGridScreenTest[jvm]","com.georgeci.moneysurfer.ui.DashboardGridScreenTest",""
"","1","happy path: marks target REMOVED[jvm]","","2026-07-30","passed","2026-07-30","","RemoveMemberUseCaseTest[jvm]","com.georgeci.moneysurfer.domain.usecase.RemoveMemberUseCaseTest",""
"","3","markFailed returns row to PENDING with attempts incremented[jvm]","","2026-07-30","passed","2026-07-30","","PendingMutationQueueImplSpec[jvm]","com.georgeci.moneysurfer.data.sync.PendingMutationQueueImplSpec",""
"","124","the spent-this-month card draws the amount, the cap it is under and the month before it[jvm]","","2026-07-30","passed","2026-07-30","","DashboardScreenStateTest[jvm]","com.georgeci.moneysurfer.ui.DashboardScreenStateTest",""
"","51","updates the workspace baseCurrency column in Room[jvm]","","2026-07-30","passed","2026-07-30","","WorkspaceCurrencyIntegrationIT[jvm]","com.georgeci.moneysurfer.integration.repository.WorkspaceCurrencyIntegrationIT",""
"","14","an over-assigned remainder is not pinned onto the line that loses its place[jvm]","","2026-07-30","passed","2026-07-30","","TransactionCreationSplitTest[jvm]","com.georgeci.moneysurfer.feature.transaction.creation.TransactionCreationSplitTest",""
"","5","Cancelled title and default summary[jvm]","","2026-07-30","passed","2026-07-30","","SyncStepSpec[jvm]","com.georgeci.moneysurfer.sync.api.SyncStepSpec",""
"","42","from wraps single request as merged with one child[jvm]","","2026-07-30","passed","2026-07-30","","MergedSyncRequestSpec[jvm]","com.georgeci.moneysurfer.sync.coordinator.MergedSyncRequestSpec",""
"","6","enqueueing the same change twice queues one push[jvm]","","2026-07-30","passed","2026-07-30","","PendingMutationQueueIntegrationIT[jvm]","com.georgeci.moneysurfer.integration.sync.PendingMutationQueueIntegrationIT",""
"","8","a dashboard period and a transactions list on the same mode cut the same dates[jvm]","","2026-07-30","passed","2026-07-30","","DashboardPeriodTest[jvm]","com.georgeci.moneysurfer.domain.dashboard.DashboardPeriodTest",""
"","21","a malformed base url reads as no answer rather than throwing[jvm]","","2026-07-30","passed","2026-07-30","","HttpExchangeRateRemoteSourceJvmTest[jvm]","com.georgeci.moneysurfer.data.remote.HttpExchangeRateRemoteSourceJvmTest",""
"","1","'.5' -> '.5'[jvm]","","2026-07-30","passed","2026-07-30","","AmountInputTransformationTest[jvm]","com.georgeci.moneysurfer.utils.AmountInputTransformationTest",""
"","1","an unreadable span falls back to full width, keeping the rest of the item[jvm]","","2026-07-30","passed","2026-07-30","","DashboardLayoutCodecTest[jvm]","com.georgeci.moneysurfer.data.preferences.DashboardLayoutCodecTest",""
"","1","all time is unbounded and contains everything[jvm]","","2026-07-30","passed","2026-07-30","","TransactionPeriodWindowTest[jvm]","com.georgeci.moneysurfer.domain.util.TransactionPeriodWindowTest",""
"","11","dark scheme: paired on/container tokens clear AA[jvm]","","2026-07-30","passed","2026-07-30","","ColorContrastTest[jvm]","com.georgeci.moneysurfer.uikit.theme.ColorContrastTest",""
"","1","opening_balance contributes +amount on its account[jvm]","","2026-07-30","passed","2026-07-30","","BalanceImpactTest[jvm]","com.georgeci.moneysurfer.domain.model.BalanceImpactTest",""
"","5","a tie on account count is broken by currency code so the order is stable[jvm]","","2026-07-30","passed","2026-07-30","","AccountTotalsTest[jvm]","com.georgeci.moneysurfer.domain.model.AccountTotalsTest",""
"","21","accepts a correctly-typed transaction","","2026-07-30","passed","2026-07-30","","entity write-shape validation (issue #156)","entity write-shape validation (issue #156) accepts a correctly-typed transaction",""
"","4","moving a widget onto itself changes nothing[jvm]","","2026-07-30","passed","2026-07-30","","DashboardLayoutConfigTest[jvm]","com.georgeci.moneysurfer.domain.dashboard.DashboardLayoutConfigTest",""
"","199","copy with override[jvm]","","2026-07-30","passed","2026-07-30","","PendingMutationSpec[jvm]","com.georgeci.moneysurfer.sync.repository.PendingMutationSpec",""
"","438","two seals of the same plaintext differ (fresh salt + IV)[jvm]","","2026-07-30","passed","2026-07-30","","EncryptedBackupCodecTest[jvm]","com.georgeci.moneysurfer.data.backup.EncryptedBackupCodecTest",""
"","132","a detail pane opened from another detail keeps its back arrow[jvm]","","2026-07-30","passed","2026-07-30","","SurferPaneScaffoldTest[jvm]","com.georgeci.moneysurfer.ui.SurferPaneScaffoldTest",""
"","20","an unreadable config_entry degrades the layer instead of throwing[jvm]","","2026-07-30","passed","2026-07-30","","LocalConfigSourceImplJvmTest[jvm]","com.georgeci.moneysurfer.data.config.LocalConfigSourceImplJvmTest",""
"","1","a doc with no deletedAt decodes to a live row[jvm]","","2026-07-30","passed","2026-07-30","","TransactionDtoMapperSpec[jvm]","com.georgeci.moneysurfer.data.sync.TransactionDtoMapperSpec",""
"","28","rejects a nullable field with a wrong non-null type (deletedAt as string)","","2026-07-30","passed","2026-07-30","","entity write-shape validation (issue #156)","entity write-shape validation (issue #156) rejects a nullable field with a wrong non-null type (deletedAt as string)",""
"","123","tapping a budget row asks for that budget[jvm]","","2026-07-30","passed","2026-07-30","","DashboardScreenStateTest[jvm]","com.georgeci.moneysurfer.ui.DashboardScreenStateTest",""
"","22","a month that barely moved is flat rather than a percentage nobody would act on[jvm]","","2026-07-30","passed","2026-07-30","","GetSpentMonthUseCaseTest[jvm]","com.georgeci.moneysurfer.domain.usecase.GetSpentMonthUseCaseTest",""
"","15","cross-currency transfer uses separate fromMoney and toMoney with each account's currency[jvm]","","2026-07-30","passed","2026-07-30","","TransactionCreationSaveTest[jvm]","com.georgeci.moneysurfer.feature.transaction.creation.TransactionCreationSaveTest",""
"","5","ignores a cancel token that is already cancelled (NoOp does no work)[jvm]","","2026-07-30","passed","2026-07-30","","NoOpRecalculateLocalProjectionsUseCaseSpec[jvm]","com.georgeci.moneysurfer.sync.internal.usecase.NoOpRecalculateLocalProjectionsUseCaseSpec",""
"","5","moving a widget down puts it in the slot of the widget it landed on[jvm]","","2026-07-30","passed","2026-07-30","","DashboardLayoutConfigTest[jvm]","com.georgeci.moneysurfer.domain.dashboard.DashboardLayoutConfigTest",""
"","231","a destination matches its own route and no other[jvm]","","2026-07-30","passed","2026-07-30","","NavigationShellTest[jvm]","com.georgeci.moneysurfer.navigation.NavigationShellTest",""
"","0","a share is the entry's fraction of the period total[jvm]","","2026-07-30","passed","2026-07-30","","SpentByCategoryTest[jvm]","com.georgeci.moneysurfer.domain.model.SpentByCategoryTest",""
"","108","the stored palette keeps Dynamic while the effective one clamps it[jvm]","","2026-07-30","passed","2026-07-30","","ConfigFacadesJvmTest[jvm]","com.georgeci.moneysurfer.data.config.ConfigFacadesJvmTest",""
"","1","blank remote tags are dropped rather than stored as empty segments[jvm]","","2026-07-30","passed","2026-07-30","","TransactionDtoMapperSpec[jvm]","com.georgeci.moneysurfer.data.sync.TransactionDtoMapperSpec",""
"","12","syncAll is a no-op when sync is disabled[jvm]","","2026-07-30","passed","2026-07-30","","SyncCoordinatorWorkspaceSyncerSpec[jvm]","com.georgeci.moneysurfer.data.sync.SyncCoordinatorWorkspaceSyncerSpec",""
"","98","details round-trip through the column, order included[jvm]","","2026-07-30","passed","2026-07-30","","AccountExtraDetailsColumnTest[jvm]","com.georgeci.moneysurfer.data.db.entity.AccountExtraDetailsColumnTest",""
"","5","IncomingInvites[jvm]","","2026-07-30","passed","2026-07-30","","RouteSerializationTest[jvm]","com.georgeci.moneysurfer.navigation.RouteSerializationTest",""
"","20","all account types resolve to distinct resources[jvm]","","2026-07-30","passed","2026-07-30","","AccountTypeLabelTest[jvm]","com.georgeci.moneysurfer.feature.account.AccountTypeLabelTest",""
"","1069","insert writes both DAO and outbox as INSERT when signed in[jvm]","","2026-07-30","passed","2026-07-30","","GoalRepositoryDualWriteSpec[jvm]","com.georgeci.moneysurfer.data.repository.GoalRepositoryDualWriteSpec",""
"","74","the offline build carries its flag onto the dashboard[jvm]","","2026-07-30","passed","2026-07-30","","DashboardViewModelTest[jvm]","com.georgeci.moneysurfer.feature.dashboard.DashboardViewModelTest",""
"","22","email user with blank password gets a field error instead of the dialog[jvm]","","2026-07-30","passed","2026-07-30","","DeleteUserAccountViewModelTest[jvm]","com.georgeci.moneysurfer.feature.settings.account.DeleteUserAccountViewModelTest",""
"","52","compact width presents no navigation suite[jvm]","","2026-07-30","passed","2026-07-30","","NavigationShellTest[jvm]","com.georgeci.moneysurfer.navigation.NavigationShellTest",""
"","8","raises WorkspaceNotFound when the workspace does not exist[jvm]","","2026-07-30","passed","2026-07-30","","UpdateWorkspaceCurrencyUseCaseTest[jvm]","com.georgeci.moneysurfer.domain.usecase.UpdateWorkspaceCurrencyUseCaseTest",""
"","127","a state the view model pushes back redraws the form it is already showing[jvm]","","2026-07-30","passed","2026-07-30","","TransactionCreationScreenStateTest[jvm]","com.georgeci.moneysurfer.ui.TransactionCreationScreenStateTest",""
"","1","a negative amount passed to add is rejected instead of read as a withdrawal[jvm]","","2026-07-30","passed","2026-07-30","","GoalContributionUseCaseTest[jvm]","com.georgeci.moneysurfer.domain.usecase.GoalContributionUseCaseTest",""
"","13","a lookup normalizes the address the same way the write did[jvm]","","2026-07-30","passed","2026-07-30","","UserRemoteRepositoryImplTest[jvm]","com.georgeci.moneysurfer.data.repository.UserRemoteRepositoryImplTest",""
"","43","deleting one leg of a transfer removes both and the undo brings both balances back[jvm]","","2026-07-30","passed","2026-07-30","","DeleteUndoIntegrationIT[jvm]","com.georgeci.moneysurfer.integration.repository.DeleteUndoIntegrationIT",""
"","3","a category written before the appearance fields existed keeps its not-written sentinels[jvm]","","2026-07-30","passed","2026-07-30","","WorkspaceScopedDtoMapperSpec[jvm]","com.georgeci.moneysurfer.data.sync.WorkspaceScopedDtoMapperSpec",""
"","145","tapping a chip asks for that choice[jvm]","","2026-07-30","passed","2026-07-30","","DebugConfigScreenStateTest[jvm]","com.georgeci.moneysurfer.ui.DebugConfigScreenStateTest",""
"","135","starts in Loading before anything is emitted[jvm]","","2026-07-30","passed","2026-07-30","","CategoryDetailsViewModelTest[jvm]","com.georgeci.moneysurfer.feature.category.details.CategoryDetailsViewModelTest",""
"","8","zero alone is not a valid transaction amount[jvm]","","2026-07-30","passed","2026-07-30","","TransactionAmountInputTest[jvm]","com.georgeci.moneysurfer.feature.transaction.creation.TransactionAmountInputTest",""
"","1","two budgets created at the same instant break the tie by id, so the notice is stable[jvm]","","2026-07-30","passed","2026-07-30","","CategoryCapCoverageTest[jvm]","com.georgeci.moneysurfer.domain.model.CategoryCapCoverageTest",""
"","33","starts in Loading before categories are emitted[jvm]","","2026-07-30","passed","2026-07-30","","CategoriesManageViewModelTest[jvm]","com.georgeci.moneysurfer.feature.category.manage.CategoriesManageViewModelTest",""
"","7","create expense → -impact[jvm]","","2026-07-30","passed","2026-07-30","","CalculateBalanceDeltaTest[jvm]","com.georgeci.moneysurfer.domain.model.CalculateBalanceDeltaTest",""
"","185","the donut names its segments and states the period total in the middle[jvm]","","2026-07-30","passed","2026-07-30","","DashboardScreenStateTest[jvm]","com.georgeci.moneysurfer.ui.DashboardScreenStateTest",""
"","2","an id names the finding and the period, never the numbers[jvm]","","2026-07-30","passed","2026-07-30","","InsightRulesTest[jvm]","com.georgeci.moneysurfer.domain.insight.InsightRulesTest",""
"","9","sync is refused once the build is unsupported[jvm]","","2026-07-30","passed","2026-07-30","","AppVersionGateImplTest[jvm]","com.georgeci.moneysurfer.data.repository.AppVersionGateImplTest",""
"","2","the identity band falls back to the merchant, and survives a category it cannot resolve[jvm]","","2026-07-30","passed","2026-07-30","","TransactionCreationMappingTest[jvm]","com.georgeci.moneysurfer.feature.transaction.creation.TransactionCreationMappingTest",""
"","143","a list pane keeps its back arrow and its FAB[jvm]","","2026-07-30","passed","2026-07-30","","SurferPaneScaffoldTest[jvm]","com.georgeci.moneysurfer.ui.SurferPaneScaffoldTest",""
"","54","an uncategorized slice keeps its money and leaves the label to the screen[jvm]","","2026-07-30","passed","2026-07-30","","DashboardSpentByCategoryViewModelTest[jvm]","com.georgeci.moneysurfer.feature.dashboard.DashboardSpentByCategoryViewModelTest",""
"","6","an inline panel is the extra pane and stays dismissable[jvm]","","2026-07-30","passed","2026-07-30","","SurferPaneSceneStrategyTest[jvm]","com.georgeci.moneysurfer.navigation.SurferPaneSceneStrategyTest",""
"","2","trims name and description before insert[jvm]","","2026-07-30","passed","2026-07-30","","CreateWorkspaceUseCaseTest[jvm]","com.georgeci.moneysurfer.domain.usecase.CreateWorkspaceUseCaseTest",""
"","3","update amount applies only the difference[jvm]","","2026-07-30","passed","2026-07-30","","ApplyTransactionChangeUseCaseTest[jvm]","com.georgeci.moneysurfer.domain.usecase.ApplyTransactionChangeUseCaseTest",""
"","146","neither leg of a pair offers Duplicate[jvm]","","2026-07-30","passed","2026-07-30","","TransactionDetailsScreenStateTest[jvm]","com.georgeci.moneysurfer.ui.TransactionDetailsScreenStateTest",""
"","5","switching a widget to the state it already has changes nothing[jvm]","","2026-07-30","passed","2026-07-30","","DashboardLayoutConfigTest[jvm]","com.georgeci.moneysurfer.domain.dashboard.DashboardLayoutConfigTest",""
"","21","the monthly net comes back oldest first, with the missing side folded to zero[jvm]","","2026-07-30","passed","2026-07-30","","SpendAnalyticsRepositoryImplJvmTest[jvm]","com.georgeci.moneysurfer.data.repository.SpendAnalyticsRepositoryImplJvmTest",""
"","34","member can read another member's row (roster visibility)","","2026-07-30","passed","2026-07-30","","workspaces/{wid}/members/{uid}","workspaces/{wid}/members/{uid} member can read another member's row (roster visibility)",""
"","126","a FAB the screen named itself keeps its own tag[jvm]","","2026-07-30","passed","2026-07-30","","SurferPaneChromeTest[jvm]","com.georgeci.moneysurfer.ui.SurferPaneChromeTest",""
"","5","ids are unique across mutations[jvm]","","2026-07-30","passed","2026-07-30","","OutboxEnqueuerSpec[jvm]","com.georgeci.moneysurfer.data.sync.OutboxEnqueuerSpec",""
"","51","unauthenticated user can read the flag document","","2026-07-30","passed","2026-07-30","","appConfig/{docId}","appConfig/{docId} unauthenticated user can read the flag document",""
"","95","with nothing priceable in the base currency the headline is still a balance, not the empty state[jvm]","","2026-07-30","passed","2026-07-30","","DashboardBalanceViewModelTest[jvm]","com.georgeci.moneysurfer.feature.dashboard.DashboardBalanceViewModelTest",""
"","33","emits null while no workspace is selected[jvm]","","2026-07-30","passed","2026-07-30","","GetExchangeRatesUseCaseTest[jvm]","com.georgeci.moneysurfer.domain.usecase.GetExchangeRatesUseCaseTest",""
"","47","invites are the exception: a targetUserId-filtered query succeeds and comes back empty","","2026-07-30","passed","2026-07-30","","dangling users/{uid}.workspaceIds refs","dangling users/{uid}.workspaceIds refs invites are the exception: a targetUserId-filtered query succeeds and comes back empty",""
"","6","no-op when hasUsedDemo is false (real-account-only flow)[jvm]","","2026-07-30","passed","2026-07-30","","WipeDemoDataUseCaseSpec[jvm]","com.georgeci.moneysurfer.domain.usecase.WipeDemoDataUseCaseSpec",""
"","231","OnArchiveClick archives the budget and offers an undo[jvm]","","2026-07-30","passed","2026-07-30","","BudgetsViewModelTest[jvm]","com.georgeci.moneysurfer.feature.budget.list.BudgetsViewModelTest",""
"","138","a period with no spend keeps the donut and says so, rather than leaving a gap[jvm]","","2026-07-30","passed","2026-07-30","","DashboardScreenStateTest[jvm]","com.georgeci.moneysurfer.ui.DashboardScreenStateTest",""
"","12","rows name their account only where the list mixes several[jvm]","","2026-07-30","passed","2026-07-30","","TransactionsByAccountFilteringTest[jvm]","com.georgeci.moneysurfer.feature.transaction.list.TransactionsByAccountFilteringTest",""
"","7","default constructor builds an active scope[jvm]","","2026-07-30","passed","2026-07-30","","ApplicationScopeSpec[jvm]","com.georgeci.moneysurfer.sync.runtime.ApplicationScopeSpec",""
"","6","a missing workspace outranks any earlier outcome once nothing is running[jvm]","","2026-07-30","passed","2026-07-30","","SyncViewModelTest[jvm]","com.georgeci.moneysurfer.feature.settings.sync.SyncViewModelTest",""
"","18","with no budget the amount still emits, with no cap to measure it against[jvm]","","2026-07-30","passed","2026-07-30","","GetSpentMonthUseCaseTest[jvm]","com.georgeci.moneysurfer.domain.usecase.GetSpentMonthUseCaseTest",""
"","197","the message line under a field is reserved, so an error does not move what follows[jvm]","","2026-07-30","passed","2026-07-30","","SurferFormFieldTest[jvm]","com.georgeci.moneysurfer.ui.SurferFormFieldTest",""
"","37","there is no identity band outside edit mode[jvm]","","2026-07-30","passed","2026-07-30","","TransactionCreationEditTest[jvm]","com.georgeci.moneysurfer.feature.transaction.creation.TransactionCreationEditTest",""
"","20","the anonymous entry point runs its own auth and lands on the selector[jvm]","","2026-07-30","passed","2026-07-30","","SignInViewModelTest[jvm]","com.georgeci.moneysurfer.feature.login.SignInViewModelTest",""
"","32","an unfiltered invites query on a phantom workspace is denied","","2026-07-30","passed","2026-07-30","","dangling users/{uid}.workspaceIds refs","dangling users/{uid}.workspaceIds refs an unfiltered invites query on a phantom workspace is denied",""
"","35","invited user CAN self-create referencing an already-ACCEPTED invite (push-order/idempotent)","","2026-07-30","passed","2026-07-30","","workspaces/{wid}/members/{uid}","workspaces/{wid}/members/{uid} invited user CAN self-create referencing an already-ACCEPTED invite (push-order/idempotent)",""
"","21","a member survives the round trip; the workspace comes from the path, not the doc[jvm]","","2026-07-30","passed","2026-07-30","","MembershipDtoMapperSpec[jvm]","com.georgeci.moneysurfer.data.sync.MembershipDtoMapperSpec",""
"","18","the character counter appears once the name reaches the threshold[jvm]","","2026-07-30","passed","2026-07-30","","CategoryCreationViewModelTest[jvm]","com.georgeci.moneysurfer.feature.category.creation.CategoryCreationViewModelTest",""
"","31","a soft delete enqueues one DELETE mutation, scoped to the workspace[jvm]","","2026-07-30","passed","2026-07-30","","TransactionTombstoneSyncIntegrationIT[jvm]","com.georgeci.moneysurfer.integration.sync.TransactionTombstoneSyncIntegrationIT",""
"","18","deleteAll empties the table — the account-scoped wipe[jvm]","","2026-07-30","passed","2026-07-30","","ConfigEntryDaoIntegrationIT[jvm]","com.georgeci.moneysurfer.integration.repository.ConfigEntryDaoIntegrationIT",""
"","14","clearing an override delegates the key name[jvm]","","2026-07-30","passed","2026-07-30","","DebugConfigViewModelTest[jvm]","com.georgeci.moneysurfer.feature.settings.debug.DebugConfigViewModelTest",""
"","3","a month the aggregate returned no row for holds the balance flat instead of dropping a point[jvm]","","2026-07-30","passed","2026-07-30","","BalanceTrendTest[jvm]","com.georgeci.moneysurfer.domain.model.BalanceTrendTest",""
"","10","ReplaceQueued cancels existing pending and replaces it[jvm]","","2026-07-30","passed","2026-07-30","","SyncCoordinatorImplBranchSpec[jvm]","com.georgeci.moneysurfer.sync.coordinator.SyncCoordinatorImplBranchSpec",""
"","1","fields are exposed[jvm]","","2026-07-30","passed","2026-07-30","","PendingMutationSpec[jvm]","com.georgeci.moneysurfer.sync.repository.PendingMutationSpec",""
"","18","user cannot create a document under another uid","","2026-07-30","passed","2026-07-30","","users/{uid}","users/{uid} user cannot create a document under another uid",""
"","39","an upsert for a row that is already gone writes nothing and does not fail[jvm]","","2026-07-30","passed","2026-07-30","","AccountSyncPluginIT[jvm]","com.georgeci.moneysurfer.integration.plugin.AccountSyncPluginIT",""
"","8","no pinned user goes to sign-in[jvm]","","2026-07-30","passed","2026-07-30","","StartRouteTest[jvm]","com.georgeci.moneysurfer.navigation.StartRouteTest",""
"","157","sign-up against a taken address shows a dialog and switches to sign-in[jvm]","","2026-07-30","passed","2026-07-30","","SignInViewModelTest[jvm]","com.georgeci.moneysurfer.feature.login.SignInViewModelTest",""
"","3","onSyncCancelled runs without error[jvm]","","2026-07-30","passed","2026-07-30","","KermitSyncTelemetrySpec[jvm]","com.georgeci.moneysurfer.sync.internal.telemetry.KermitSyncTelemetrySpec",""
"","17","onSyncStarted runs without error[jvm]","","2026-07-30","passed","2026-07-30","","KermitSyncTelemetrySpec[jvm]","com.georgeci.moneysurfer.sync.internal.telemetry.KermitSyncTelemetrySpec",""
"","1","existing user with null defaultWorkspaceId falls back to the first workspace[jvm]","","2026-07-30","passed","2026-07-30","","PostAuthBootstrapUseCaseTest[jvm]","com.georgeci.moneysurfer.domain.usecase.PostAuthBootstrapUseCaseTest",""
"","2","SettingsLicenses[jvm]","","2026-07-30","passed","2026-07-30","","RouteSerializationTest[jvm]","com.georgeci.moneysurfer.navigation.RouteSerializationTest",""
"","8","ActiveWorkspace with no current workspace pulls nothing[jvm]","","2026-07-30","passed","2026-07-30","","PullRemoteChangesUseCaseImplSpec[jvm]","com.georgeci.moneysurfer.data.sync.PullRemoteChangesUseCaseImplSpec",""
"","2","blank CSV segments drop out of the wire lists[jvm]","","2026-07-30","passed","2026-07-30","","RecurringRuleDtoMapperSpec[jvm]","com.georgeci.moneysurfer.data.sync.RecurringRuleDtoMapperSpec",""
"","12","each picker writes to its own preference and to no other[jvm]","","2026-07-30","passed","2026-07-30","","PreferencesViewModelTest[jvm]","com.georgeci.moneysurfer.feature.settings.preferences.PreferencesViewModelTest",""
"","1","at most one rise and one fall are reported, and the biggest move in money wins[jvm]","","2026-07-30","passed","2026-07-30","","InsightRulesTest[jvm]","com.georgeci.moneysurfer.domain.insight.InsightRulesTest",""
"","525","turning the split editor on is one row's job[jvm]","","2026-07-30","passed","2026-07-30","","TransactionCreationScreenStateTest[jvm]","com.georgeci.moneysurfer.ui.TransactionCreationScreenStateTest",""
"","2","expense is the safe default when the selection is absent or stale[jvm]","","2026-07-30","passed","2026-07-30","","CategoryPickerRowsTest[jvm]","com.georgeci.moneysurfer.feature.category.picker.CategoryPickerRowsTest",""
"","7","clearAll wipes outbox before sync_meta[jvm]","","2026-07-30","passed","2026-07-30","","RemoteDataResetRepositoryImplSpec[jvm]","com.georgeci.moneysurfer.sync.repository.RemoteDataResetRepositoryImplSpec",""
"","7","names a family the export does not map after the artifacts it bundles[jvm]","","2026-07-30","passed","2026-07-30","","ParseOssLibrariesTest[jvm]","com.georgeci.moneysurfer.feature.settings.about.licenses.ParseOssLibrariesTest",""
"","1316","auth error renders a dialog instead of field or form text[jvm]","","2026-07-30","passed","2026-07-30","","SignInScreenStateTest[jvm]","com.georgeci.moneysurfer.ui.SignInScreenStateTest",""
"","5","unknown delete targets and confirm without pending are safe no-ops[jvm]","","2026-07-30","passed","2026-07-30","","CategoriesManageViewModelTest[jvm]","com.georgeci.moneysurfer.feature.category.manage.CategoriesManageViewModelTest",""
"","18","a user can create a setting of their own","","2026-07-30","passed","2026-07-30","","users/{uid}/config/{key}","users/{uid}/config/{key} a user can create a setting of their own",""
"","125","the dummy emulator API key keeps the format FirebaseInstallations demands[jvm]","","2026-07-30","passed","2026-07-30","","DesktopFirebaseOptionsJvmTest[jvm]","com.georgeci.moneysurfer.data.remote.DesktopFirebaseOptionsJvmTest",""
"","2","WorkspaceMemberActions[jvm]","","2026-07-30","passed","2026-07-30","","RouteSerializationTest[jvm]","com.georgeci.moneysurfer.navigation.RouteSerializationTest",""
"","47","rejects a poison update of an existing budget (alertPercent as string)","","2026-07-30","passed","2026-07-30","","entity write-shape validation (issue #156)","entity write-shape validation (issue #156) rejects a poison update of an existing budget (alertPercent as string)",""
"","23","rejects a budget whose categoryIds is a CSV string instead of a list","","2026-07-30","passed","2026-07-30","","entity write-shape validation (issue #156)","entity write-shape validation (issue #156) rejects a budget whose categoryIds is a CSV string instead of a list",""
"","20","an unknown key name is ignored and never mirrored[jvm]","","2026-07-30","passed","2026-07-30","","RemoteGlobalConfigSourceImplSpec[jvm]","com.georgeci.moneysurfer.appconfig.remote.RemoteGlobalConfigSourceImplSpec",""
"","29","rejects a budget whose rollover flag is a string","","2026-07-30","passed","2026-07-30","","entity write-shape validation (issue #156)","entity write-shape validation (issue #156) rejects a budget whose rollover flag is a string",""
"","306","at expanded width the pill is offered for the widths alone, card styles switched off or not[jvm]","","2026-07-30","passed","2026-07-30","","DashboardCustomizeScreenStateTest[jvm]","com.georgeci.moneysurfer.ui.DashboardCustomizeScreenStateTest",""
"","9","rejects when a PENDING invite for the email already exists[jvm]","","2026-07-30","passed","2026-07-30","","SendInviteUseCaseTest[jvm]","com.georgeci.moneysurfer.domain.usecase.SendInviteUseCaseTest",""
"","39","OnArchiveConfirm archives the account, clears pending, and shows an undo snackbar[jvm]","","2026-07-30","passed","2026-07-30","","AccountsManageViewModelTest[jvm]","com.georgeci.moneysurfer.feature.account.manage.AccountsManageViewModelTest",""
"","13","email is normalised before the mapping lookup[jvm]","","2026-07-30","passed","2026-07-30","","UserAccountDeletionRepositoryImplTest[jvm]","com.georgeci.moneysurfer.data.repository.UserAccountDeletionRepositoryImplTest",""
"","1","blank -> null[jvm]","","2026-07-30","passed","2026-07-30","","TimeFormatterTest[jvm]","com.georgeci.moneysurfer.data.repository.TimeFormatterTest",""
"","1","totals outside the requested window do not reach the trend[jvm]","","2026-07-30","passed","2026-07-30","","CategorySpendHistoryTest[jvm]","com.georgeci.moneysurfer.domain.model.CategorySpendHistoryTest",""
"","63","at a phone width the cap is inert — content still spans the whole window[jvm]","","2026-07-30","passed","2026-07-30","","SurferContentContainerTest[jvm]","com.georgeci.moneysurfer.ui.SurferContentContainerTest",""
"","1141","unicode passphrases round-trip and are distinct from lookalikes[jvm]","","2026-07-30","passed","2026-07-30","","EncryptedBackupCodecTest[jvm]","com.georgeci.moneysurfer.data.backup.EncryptedBackupCodecTest",""
"","35","export posts ExportSuccess with the exported count[jvm]","","2026-07-30","passed","2026-07-30","","CsvBackupViewModelTest[jvm]","com.georgeci.moneysurfer.feature.settings.csv.CsvBackupViewModelTest",""
"","13","rows come back newest first[jvm]","","2026-07-30","passed","2026-07-30","","TransactionWindowIntegrationIT[jvm]","com.georgeci.moneysurfer.integration.repository.TransactionWindowIntegrationIT",""
"","12","the switch's two entries map onto the transaction and budget spellings of the same span[jvm]","","2026-07-30","passed","2026-07-30","","DashboardPeriodTest[jvm]","com.georgeci.moneysurfer.domain.dashboard.DashboardPeriodTest",""
"","7","a base that only differs in case is still the one we asked for[jvm]","","2026-07-30","passed","2026-07-30","","ExchangeRateApiTest[jvm]","com.georgeci.moneysurfer.data.remote.ExchangeRateApiTest",""
"","17","empty batch keeps the cursor untouched but still marks success[jvm]","","2026-07-30","passed","2026-07-30","","PullRemoteChangesUseCaseImplSpec[jvm]","com.georgeci.moneysurfer.data.sync.PullRemoteChangesUseCaseImplSpec",""
"","17","accepts a value at exactly 1024 characters","","2026-07-30","passed","2026-07-30","","users/{uid}/config/{key}","users/{uid}/config/{key} accepts a value at exactly 1024 characters",""
"","40","every published header row resolves back to its own layout[jvm]","","2026-07-30","passed","2026-07-30","","TransactionCsvCodecTest[jvm]","com.georgeci.moneysurfer.domain.csv.TransactionCsvCodecTest",""
"","1","CompositeCancelToken cancelled when all children cancelled[jvm]","","2026-07-30","passed","2026-07-30","","SyncCancelTokenSpec[jvm]","com.georgeci.moneysurfer.sync.api.SyncCancelTokenSpec",""
"","2","ConflictResolution.TakeRemote carries the remote value[jvm]","","2026-07-30","passed","2026-07-30","","ConflictResolverSpec[jvm]","com.georgeci.moneysurfer.sync.repository.ConflictResolverSpec",""
"","9","markLeft soft-deletes: status LEFT, leftAt set, enqueues UPDATE[jvm]","","2026-07-30","passed","2026-07-30","","WorkspaceMemberRepositoryDualWriteSpec[jvm]","com.georgeci.moneysurfer.data.repository.WorkspaceMemberRepositoryDualWriteSpec",""
"","3","a line with no category is not a saveable receipt either[jvm]","","2026-07-30","passed","2026-07-30","","TransactionCreationSplitEditingTest[jvm]","com.georgeci.moneysurfer.feature.transaction.creation.TransactionCreationSplitEditingTest",""
"","10","pendingCount Flow reflects active row count[jvm]","","2026-07-30","passed","2026-07-30","","PendingMutationQueueIntegrationIT[jvm]","com.georgeci.moneysurfer.integration.sync.PendingMutationQueueIntegrationIT",""
"","2","actual → planned unwinds full impact[jvm]","","2026-07-30","passed","2026-07-30","","CalculateBalanceDeltaTest[jvm]","com.georgeci.moneysurfer.domain.model.CalculateBalanceDeltaTest",""
"","27","offline build binds the empty RemoteGlobal layer[jvm]","","2026-07-30","passed","2026-07-30","","OfflineConfigGraphTest[jvm]","com.georgeci.moneysurfer.offline.di.OfflineConfigGraphTest",""
"","28","a projection past the cap reads as off pace[jvm]","","2026-07-30","passed","2026-07-30","","GetBurnRateUseCaseTest[jvm]","com.georgeci.moneysurfer.domain.usecase.GetBurnRateUseCaseTest",""
"","1","a blank status falls back to ACTIVE rather than an unparseable enum name[jvm]","","2026-07-30","passed","2026-07-30","","GoalDtoMapperSpec[jvm]","com.georgeci.moneysurfer.data.sync.GoalDtoMapperSpec",""
"","4","a non-positive window is a programming error[jvm]","","2026-07-30","passed","2026-07-30","","AccountBalanceSeriesTest[jvm]","com.georgeci.moneysurfer.domain.model.AccountBalanceSeriesTest",""
"","307","the amount bounds and the two switches sit at the bottom of the sheet[jvm]","","2026-07-30","passed","2026-07-30","","TransactionFiltersScreenStateTest[jvm]","com.georgeci.moneysurfer.ui.TransactionFiltersScreenStateTest",""
"","36","non-owner member cannot hard-delete the workspace doc","","2026-07-30","passed","2026-07-30","","workspaces/{wid}","workspaces/{wid} non-owner member cannot hard-delete the workspace doc",""
"","8","letters are an invalid format[jvm]","","2026-07-30","passed","2026-07-30","","TransactionAmountInputTest[jvm]","com.georgeci.moneysurfer.feature.transaction.creation.TransactionAmountInputTest",""
"","5","UploadOnly skips the user-scoped phase[jvm]","","2026-07-30","passed","2026-07-30","","PullRemoteChangesUseCaseImplSpec[jvm]","com.georgeci.moneysurfer.data.sync.PullRemoteChangesUseCaseImplSpec",""
"","20","a budget tombstone drops the row[jvm]","","2026-07-30","passed","2026-07-30","","BudgetAndRecurringRuleSyncPluginIT[jvm]","com.georgeci.moneysurfer.integration.plugin.BudgetAndRecurringRuleSyncPluginIT",""
"","8","an empty quote set is refused[jvm]","","2026-07-30","passed","2026-07-30","","ExchangeRateApiTest[jvm]","com.georgeci.moneysurfer.data.remote.ExchangeRateApiTest",""
"","15","a month window keeps the boundary days and drops the neighbours[jvm]","","2026-07-30","passed","2026-07-30","","TransactionWindowIntegrationIT[jvm]","com.georgeci.moneysurfer.integration.repository.TransactionWindowIntegrationIT",""
"","9","PullingCollection title carries collection name[jvm]","","2026-07-30","passed","2026-07-30","","SyncStepSpec[jvm]","com.georgeci.moneysurfer.sync.api.SyncStepSpec",""
"","3","deleting returns the removed goal[jvm]","","2026-07-30","passed","2026-07-30","","SavingsGoalUseCaseTest[jvm]","com.georgeci.moneysurfer.domain.usecase.SavingsGoalUseCaseTest",""
"","0","an overspent budget reports a negative remainder rather than flooring at zero[jvm]","","2026-07-30","passed","2026-07-30","","SafeToSpendTest[jvm]","com.georgeci.moneysurfer.domain.model.SafeToSpendTest",""
"","11","day sets convert between CSV columns and wire lists[jvm]","","2026-07-30","passed","2026-07-30","","RecurringRuleDtoMapperSpec[jvm]","com.georgeci.moneysurfer.data.sync.RecurringRuleDtoMapperSpec",""
"","26","import errors are exposed with row numbers in the state report[jvm]","","2026-07-30","passed","2026-07-30","","CsvBackupViewModelTest[jvm]","com.georgeci.moneysurfer.feature.settings.csv.CsvBackupViewModelTest",""
"","16","the result count is a real count over the draft, updated as it changes[jvm]","","2026-07-30","passed","2026-07-30","","TransactionFiltersViewModelTest[jvm]","com.georgeci.moneysurfer.feature.transaction.filters.TransactionFiltersViewModelTest",""
"","4","a member who was removed keeps both the status and the moment[jvm]","","2026-07-30","passed","2026-07-30","","MembershipDtoMapperSpec[jvm]","com.georgeci.moneysurfer.data.sync.MembershipDtoMapperSpec",""
"","4","clearAll clears every entry at once[jvm]","","2026-07-30","passed","2026-07-30","","NavEntryViewModelStoreHolderTest[jvm]","com.georgeci.moneysurfer.navigation.util.NavEntryViewModelStoreHolderTest",""
"","15","a local edit that is newer than the remote one is kept[jvm]","","2026-07-30","passed","2026-07-30","","CategorySyncPluginIT[jvm]","com.georgeci.moneysurfer.integration.plugin.CategorySyncPluginIT",""
"","1","reason mapping for BACKGROUND is Bounded(5m)[jvm]","","2026-07-30","passed","2026-07-30","","NetworkWaitModeSpec[jvm]","com.georgeci.moneysurfer.sync.network.NetworkWaitModeSpec",""
"","22","only IBAN and BIC use monospace rendering[jvm]","","2026-07-30","passed","2026-07-30","","AccountExtraDetailLabelTest[jvm]","com.georgeci.moneysurfer.feature.account.AccountExtraDetailLabelTest",""
"","3","a switched-off widget can be restyled too — it keeps the style when it comes back[jvm]","","2026-07-30","passed","2026-07-30","","DashboardLayoutConfigTest[jvm]","com.georgeci.moneysurfer.domain.dashboard.DashboardLayoutConfigTest",""
"","1278","each coordinator step maps to its own label, so a copy-pasted branch shows up here[jvm]","","2026-07-30","passed","2026-07-30","","SyncScreenStateTest[jvm]","com.georgeci.moneysurfer.ui.SyncScreenStateTest",""
"","1","a blank provider email is treated as absent[jvm]","","2026-07-30","passed","2026-07-30","","ShellIdentityTest[jvm]","com.georgeci.moneysurfer.navigation.ShellIdentityTest",""
"","4","onStepEntered handles every SyncStep variant including parameterised ones[jvm]","","2026-07-30","passed","2026-07-30","","KermitSyncTelemetrySpec[jvm]","com.georgeci.moneysurfer.sync.internal.telemetry.KermitSyncTelemetrySpec",""
"","8","OnArchiveCancel clears the pending archive without changes[jvm]","","2026-07-30","passed","2026-07-30","","AccountsManageViewModelTest[jvm]","com.georgeci.moneysurfer.feature.account.manage.AccountsManageViewModelTest",""
"","1","local newer than remote → take local[jvm]","","2026-07-30","passed","2026-07-30","","LwwConflictResolverSpec[jvm]","com.georgeci.moneysurfer.sync.repository.LwwConflictResolverSpec",""
"","11","recent transactions include the ones booked to a child[jvm]","","2026-07-30","passed","2026-07-30","","CategoryDetailsViewModelTest[jvm]","com.georgeci.moneysurfer.feature.category.details.CategoryDetailsViewModelTest",""
"","17","a plugin failure in the user-scoped phase fails the pull[jvm]","","2026-07-30","passed","2026-07-30","","PullRemoteChangesUseCaseImplSpec[jvm]","com.georgeci.moneysurfer.data.sync.PullRemoteChangesUseCaseImplSpec",""
"","14","a goal pointing at an account this device does not have keeps everything but the pointer[jvm]","","2026-07-30","passed","2026-07-30","","GoalSyncPluginIT[jvm]","com.georgeci.moneysurfer.integration.plugin.GoalSyncPluginIT",""
"","148","nobody signed in means nothing to say[jvm]","","2026-07-30","passed","2026-07-30","","GenerateInsightsUseCaseTest[jvm]","com.georgeci.moneysurfer.domain.usecase.GenerateInsightsUseCaseTest",""
"","1","resuming a goal that is already past its target lands on COMPLETED[jvm]","","2026-07-30","passed","2026-07-30","","SavingsGoalUseCaseTest[jvm]","com.georgeci.moneysurfer.domain.usecase.SavingsGoalUseCaseTest",""
"","1","the default is drawn from the catalogue, never invented[jvm]","","2026-07-30","passed","2026-07-30","","CategoryAppearanceTest[jvm]","com.georgeci.moneysurfer.domain.model.CategoryAppearanceTest",""
"","11","PUSH order is workspace → members → invites → accounts → categories → transactions[jvm]","","2026-07-30","passed","2026-07-30","","SyncStepOrderTest[jvm]","com.georgeci.moneysurfer.domain.model.SyncStepOrderTest",""
"","8","Enqueue merges into existing pending request[jvm]","","2026-07-30","passed","2026-07-30","","SyncCoordinatorImplBranchSpec[jvm]","com.georgeci.moneysurfer.sync.coordinator.SyncCoordinatorImplBranchSpec",""
"","24","rejects a non-string transaction recurringRuleId","","2026-07-30","passed","2026-07-30","","entity write-shape validation (issue #156)","entity write-shape validation (issue #156) rejects a non-string transaction recurringRuleId",""
"","0","legs left uncategorized count as one category between them[jvm]","","2026-07-30","passed","2026-07-30","","TransactionSplitGroupTest[jvm]","com.georgeci.moneysurfer.domain.model.TransactionSplitGroupTest",""
"","16","lastOutcome records failure when use case returns Left[jvm]","","2026-07-30","passed","2026-07-30","","SyncCoordinatorImplSpec[jvm]","com.georgeci.moneysurfer.sync.coordinator.SyncCoordinatorImplSpec",""
"","30","a leaf category is flagged as such and lists no subcategories[jvm]","","2026-07-30","passed","2026-07-30","","CategoryDetailsViewModelTest[jvm]","com.georgeci.moneysurfer.feature.category.details.CategoryDetailsViewModelTest",""
"","24","the locally-owned fields survive a round trip[jvm]","","2026-07-30","passed","2026-07-30","","UserRepositoryImplJvmTest[jvm]","com.georgeci.moneysurfer.data.repository.UserRepositoryImplJvmTest",""
"","7","codes are unique[jvm]","","2026-07-30","passed","2026-07-30","","CurrencyRepositoryImplTest[jvm]","com.georgeci.moneysurfer.data.repository.CurrencyRepositoryImplTest",""
"","2","creation state never shows the Members section[jvm]","","2026-07-30","passed","2026-07-30","","WorkspaceCreationStateOfflineTest[jvm]","com.georgeci.moneysurfer.feature.workspace.creation.WorkspaceCreationStateOfflineTest",""
"","12","rejects when invite is expired[jvm]","","2026-07-30","passed","2026-07-30","","AcceptInviteUseCaseTest[jvm]","com.georgeci.moneysurfer.domain.usecase.AcceptInviteUseCaseTest",""
"","2","online state shows the Members row action[jvm]","","2026-07-30","passed","2026-07-30","","WorkspaceSelectorStateOfflineTest[jvm]","com.georgeci.moneysurfer.feature.workspace.selector.WorkspaceSelectorStateOfflineTest",""
"","17","the months come back oldest first, ending at the current one[jvm]","","2026-07-30","passed","2026-07-30","","GetMonthlyNetHistoryUseCaseTest[jvm]","com.georgeci.moneysurfer.domain.usecase.GetMonthlyNetHistoryUseCaseTest",""
"","8","the split id becomes writable and reads back[jvm]","","2026-07-30","passed","2026-07-30","","TransactionSplitIdMigrationIT[jvm]","com.georgeci.moneysurfer.integration.repository.TransactionSplitIdMigrationIT",""
"","22","wrong column count is rejected with expected and actual sizes[jvm]","","2026-07-30","passed","2026-07-30","","TransactionCsvCodecTest[jvm]","com.georgeci.moneysurfer.domain.csv.TransactionCsvCodecTest",""
"","1","the mapper leaves the invite id off the member doc[jvm]","","2026-07-30","passed","2026-07-30","","MembershipDtoMapperSpec[jvm]","com.georgeci.moneysurfer.data.sync.MembershipDtoMapperSpec",""
"","2","reader rejects truncated entry body[jvm]","","2026-07-30","passed","2026-07-30","","ZipStoredCodecTest[jvm]","com.georgeci.moneysurfer.data.backup.ZipStoredCodecTest",""
"","199","a deleted transaction leaves every read path, and Undo puts it back in all of them[jvm]","","2026-07-30","passed","2026-07-30","","TransactionSoftDeleteIntegrationIT[jvm]","com.georgeci.moneysurfer.integration.repository.TransactionSoftDeleteIntegrationIT",""
"","23","accepts a minimal account (default-valued fields omitted)","","2026-07-30","passed","2026-07-30","","entity write-shape validation (issue #156)","entity write-shape validation (issue #156) accepts a minimal account (default-valued fields omitted)",""
"","64","an operationDate that is a day that does not exist is counted by no aggregate[jvm]","","2026-07-30","passed","2026-07-30","","SpendAnalyticsRepositoryImplJvmTest[jvm]","com.georgeci.moneysurfer.data.repository.SpendAnalyticsRepositoryImplJvmTest",""
"","9","only live schedules are counted, and each is converted to a month[jvm]","","2026-07-30","passed","2026-07-30","","InsightRulesTest[jvm]","com.georgeci.moneysurfer.domain.insight.InsightRulesTest",""
"","193","an unset chip is its bare label, and the date chip is not drawn at all[jvm]","","2026-07-30","passed","2026-07-30","","TransactionsListScreenStateTest[jvm]","com.georgeci.moneysurfer.ui.TransactionsListScreenStateTest",""
"","2","reaching the target flips ACTIVE to COMPLETED[jvm]","","2026-07-30","passed","2026-07-30","","GoalContributionUseCaseTest[jvm]","com.georgeci.moneysurfer.domain.usecase.GoalContributionUseCaseTest",""
"","60","a host that says nothing is assumed to relaunch itself[jvm]","","2026-07-30","passed","2026-07-30","","AppRestarterTest[jvm]","com.georgeci.moneysurfer.domain.backup.AppRestarterTest",""
"","249","a declared key resolves to its typed value[jvm]","","2026-07-30","passed","2026-07-30","","BuildConfigSourceSpec[jvm]","com.georgeci.moneysurfer.appconfig.BuildConfigSourceSpec",""
"","24","saving an edit to a row that was already purged inserts it fresh[jvm]","","2026-07-30","passed","2026-07-30","","TransactionSoftDeleteIntegrationIT[jvm]","com.georgeci.moneysurfer.integration.repository.TransactionSoftDeleteIntegrationIT",""
"","13","January reads its baseline out of the previous year[jvm]","","2026-07-30","passed","2026-07-30","","GetSpentMonthUseCaseTest[jvm]","com.georgeci.moneysurfer.domain.usecase.GetSpentMonthUseCaseTest",""
"","10","matches a Cyrillic prefix — unicode61 tokenizer, not simple[jvm]","","2026-07-30","passed","2026-07-30","","TransactionFtsIntegrationIT[jvm]","com.georgeci.moneysurfer.integration.repository.TransactionFtsIntegrationIT",""
"","373","successful import stores the report in state and posts an ImportFinished notice[jvm]","","2026-07-30","passed","2026-07-30","","CsvBackupViewModelTest[jvm]","com.georgeci.moneysurfer.feature.settings.csv.CsvBackupViewModelTest",""
"","8","pushAll failure keeps all local rows so a retry can re-push them[jvm]","","2026-07-30","passed","2026-07-30","","CreateWorkspaceUseCaseTest[jvm]","com.georgeci.moneysurfer.domain.usecase.CreateWorkspaceUseCaseTest",""
"","16","only the rows the window covers are handed back[jvm]","","2026-07-30","passed","2026-07-30","","GetMonthlyNetHistoryUseCaseTest[jvm]","com.georgeci.moneysurfer.domain.usecase.GetMonthlyNetHistoryUseCaseTest",""
"","13","deleting a budget that is already gone enqueues nothing[jvm]","","2026-07-30","passed","2026-07-30","","BudgetRepositoryImplJvmTest[jvm]","com.georgeci.moneysurfer.data.repository.BudgetRepositoryImplJvmTest",""
"","33","deleting a contribution that is already gone enqueues nothing[jvm]","","2026-07-30","passed","2026-07-30","","GoalContributionRepositoryImplJvmTest[jvm]","com.georgeci.moneysurfer.data.repository.GoalContributionRepositoryImplJvmTest",""
"","0","copy preserves equality[jvm]","","2026-07-30","passed","2026-07-30","","SyncConstraintsSpec[jvm]","com.georgeci.moneysurfer.sync.scheduler.SyncConstraintsSpec",""
"","125","picking the other span asks the view model for it rather than deciding on screen[jvm]","","2026-07-30","passed","2026-07-30","","DashboardScreenStateTest[jvm]","com.georgeci.moneysurfer.ui.DashboardScreenStateTest",""
"","59","adding a transaction from an account's list prefills that account[jvm]","","2026-07-30","passed","2026-07-30","","TransactionsByAccountNavigationTest[jvm]","com.georgeci.moneysurfer.feature.transaction.list.TransactionsByAccountNavigationTest",""
"","687","wrong passphrase is rejected before decryption[jvm]","","2026-07-30","passed","2026-07-30","","EncryptedBackupCodecTest[jvm]","com.georgeci.moneysurfer.data.backup.EncryptedBackupCodecTest",""
"","35","recurring-only and planned-only read the domain fields they name[jvm]","","2026-07-30","passed","2026-07-30","","TransactionsByAccountFilteringTest[jvm]","com.georgeci.moneysurfer.feature.transaction.list.TransactionsByAccountFilteringTest",""
"","1","per-transaction is null when nothing was booked this month[jvm]","","2026-07-30","passed","2026-07-30","","CategorySpendHistoryTest[jvm]","com.georgeci.moneysurfer.domain.model.CategorySpendHistoryTest",""
"","9","reports progress with entityType and running position[jvm]","","2026-07-30","passed","2026-07-30","","UploadPendingChangesUseCaseImplSpec[jvm]","com.georgeci.moneysurfer.data.sync.UploadPendingChangesUseCaseImplSpec",""
"","62","a failed account write is reported and leaves no half-made account behind[jvm]","","2026-07-30","passed","2026-07-30","","AccountCreationViewModelTest[jvm]","com.georgeci.moneysurfer.feature.account.creation.AccountCreationViewModelTest",""
"","84","the reset-all row asks to drop every override[jvm]","","2026-07-30","passed","2026-07-30","","DebugConfigScreenStateTest[jvm]","com.georgeci.moneysurfer.ui.DebugConfigScreenStateTest",""
"","301","OnDeleteClick stages a confirmation and OnDeleteConfirm removes the budget[jvm]","","2026-07-30","passed","2026-07-30","","BudgetsViewModelTest[jvm]","com.georgeci.moneysurfer.feature.budget.list.BudgetsViewModelTest",""
"","23","a comma decimal separator is accepted and the parsed amount is persisted[jvm]","","2026-07-30","passed","2026-07-30","","TransactionCreationSaveTest[jvm]","com.georgeci.moneysurfer.feature.transaction.creation.TransactionCreationSaveTest",""
"","364","the loading state renders no rows[jvm]","","2026-07-30","passed","2026-07-30","","DashboardCustomizeScreenStateTest[jvm]","com.georgeci.moneysurfer.ui.DashboardCustomizeScreenStateTest",""
"","5","SyncMeta copy override changes targeted field only[jvm]","","2026-07-30","passed","2026-07-30","","SyncMetaRepositorySpec[jvm]","com.georgeci.moneysurfer.sync.repository.SyncMetaRepositorySpec",""
"","20","Transfer is reachable when the host enables it[jvm]","","2026-07-30","passed","2026-07-30","","TransactionCreationSaveTest[jvm]","com.georgeci.moneysurfer.feature.transaction.creation.TransactionCreationSaveTest",""
"","10","the migration adds a nullable deletedAt column to transactions[jvm]","","2026-07-30","passed","2026-07-30","","TransactionSoftDeleteMigrationIT[jvm]","com.georgeci.moneysurfer.integration.repository.TransactionSoftDeleteMigrationIT",""
"","38","member can update","","2026-07-30","passed","2026-07-30","","member-gated entities (accounts)","member-gated entities (accounts) member can update",""
"","16","online build keeps the extra details section visible[jvm]","","2026-07-30","passed","2026-07-30","","AccountCreationViewModelTest[jvm]","com.georgeci.moneysurfer.feature.account.creation.AccountCreationViewModelTest",""
"","14","dragging a widget onto another one persists the new order[jvm]","","2026-07-30","passed","2026-07-30","","DashboardCustomizeViewModelTest[jvm]","com.georgeci.moneysurfer.feature.dashboard.customize.DashboardCustomizeViewModelTest",""
"","11","a month with nothing booked is a real zero, not a missing figure[jvm]","","2026-07-30","passed","2026-07-30","","GetSpentMonthUseCaseTest[jvm]","com.georgeci.moneysurfer.domain.usecase.GetSpentMonthUseCaseTest",""
"","156","nobody signed in means no series to draw[jvm]","","2026-07-30","passed","2026-07-30","","GetBurnRateUseCaseTest[jvm]","com.georgeci.moneysurfer.domain.usecase.GetBurnRateUseCaseTest",""
"","36","sender cannot append when list is already at cap (100)","","2026-07-30","passed","2026-07-30","","users/{uid} — invitedWorkspaceIds cross-user append","users/{uid} — invitedWorkspaceIds cross-user append sender cannot append when list is already at cap (100)",""
"","11","the trend always spans the full six-month window[jvm]","","2026-07-30","passed","2026-07-30","","CategoryDetailsViewModelTest[jvm]","com.georgeci.moneysurfer.feature.category.details.CategoryDetailsViewModelTest",""
"","8","no enqueue when not signed in to Firebase (demo session)[jvm]","","2026-07-30","passed","2026-07-30","","OutboxEnqueuerImplSpec[jvm]","com.georgeci.moneysurfer.sync.repository.OutboxEnqueuerImplSpec",""
"","59","OnEditClick asks to open the editor for this category[jvm]","","2026-07-30","passed","2026-07-30","","CategoryDetailsViewModelTest[jvm]","com.georgeci.moneysurfer.feature.category.details.CategoryDetailsViewModelTest",""
"","18","an upsert for a category that is already gone writes nothing[jvm]","","2026-07-30","passed","2026-07-30","","CategorySyncPluginIT[jvm]","com.georgeci.moneysurfer.integration.plugin.CategorySyncPluginIT",""
"","19","a double tap on the CTA only finishes the onboarding once[jvm]","","2026-07-30","passed","2026-07-30","","OnboardingViewModelTest[jvm]","com.georgeci.moneysurfer.feature.login.onboarding.OnboardingViewModelTest",""
"","32","save EXPENSE shows a created snackbar[jvm]","","2026-07-30","passed","2026-07-30","","TransactionCreationSaveTest[jvm]","com.georgeci.moneysurfer.feature.transaction.creation.TransactionCreationSaveTest",""
"","8","DELETE operation roundtrips through the entity layer[jvm]","","2026-07-30","passed","2026-07-30","","PendingMutationQueueImplSpec[jvm]","com.georgeci.moneysurfer.sync.internal.repository.PendingMutationQueueImplSpec",""
"","29","non-owner cannot create an invite","","2026-07-30","passed","2026-07-30","","invites — write","invites — write non-owner cannot create an invite",""
"","15","RemoteGlobal serves a remoteOverridable key[jvm]","","2026-07-30","passed","2026-07-30","","LayeredConfigSpec[jvm]","com.georgeci.moneysurfer.appconfig.LayeredConfigSpec",""
"","18","Debug beats Local[jvm]","","2026-07-30","passed","2026-07-30","","LayeredConfigSpec[jvm]","com.georgeci.moneysurfer.appconfig.LayeredConfigSpec",""
"","4","editing a workspace that vanished underneath the form reports the generic error[jvm]","","2026-07-30","passed","2026-07-30","","WorkspaceCreationViewModelTest[jvm]","com.georgeci.moneysurfer.feature.workspace.creation.WorkspaceCreationViewModelTest",""
"","53","opening balances are dropped before the cap, not counted against it[jvm]","","2026-07-30","passed","2026-07-30","","DashboardViewModelTest[jvm]","com.georgeci.moneysurfer.feature.dashboard.DashboardViewModelTest",""
"","17","transitions to Content when categories arrive[jvm]","","2026-07-30","passed","2026-07-30","","CategoriesManageViewModelTest[jvm]","com.georgeci.moneysurfer.feature.category.manage.CategoriesManageViewModelTest",""
"","2","an already REMOVED member row is left untouched[jvm]","","2026-07-30","passed","2026-07-30","","UserAccountDeletionRepositoryImplTest[jvm]","com.georgeci.moneysurfer.data.repository.UserAccountDeletionRepositoryImplTest",""
"","7","a cleared key is gone from disk, not just from memory[jvm]","","2026-07-30","passed","2026-07-30","","DesktopFirebasePlatformJvmTest[jvm]","com.georgeci.moneysurfer.data.remote.DesktopFirebasePlatformJvmTest",""
"","192","a build without transfers draws no quick-actions row[jvm]","","2026-07-30","passed","2026-07-30","","DashboardScreenStateTest[jvm]","com.georgeci.moneysurfer.ui.DashboardScreenStateTest",""
"","12","a budget's CSV category column becomes a list on the wire and back again[jvm]","","2026-07-30","passed","2026-07-30","","WorkspaceScopedDtoMapperSpec[jvm]","com.georgeci.moneysurfer.data.sync.WorkspaceScopedDtoMapperSpec",""
"","61","an existing user whose workspace hydrated is a plain success too[jvm]","","2026-07-30","passed","2026-07-30","","SignInViewModelTest[jvm]","com.georgeci.moneysurfer.feature.login.SignInViewModelTest",""
"","19","rejects a missing clientVersionCode","","2026-07-30","passed","2026-07-30","","users/{uid}/config/{key}","users/{uid}/config/{key} rejects a missing clientVersionCode",""
"","11","cancel transitions status to CANCELLED[jvm]","","2026-07-30","passed","2026-07-30","","WorkspaceInviteRepositoryDualWriteSpec[jvm]","com.georgeci.moneysurfer.data.repository.WorkspaceInviteRepositoryDualWriteSpec",""
"","52","the dashboard opens on Month with the switch shown over the default layout[jvm]","","2026-07-30","passed","2026-07-30","","DashboardPeriodViewModelTest[jvm]","com.georgeci.moneysurfer.feature.dashboard.DashboardPeriodViewModelTest",""
"","51","a failure with a handler is left to the screen[jvm]","","2026-07-30","passed","2026-07-30","","MviViewModelTest[jvm]","com.georgeci.moneysurfer.utils.MviViewModelTest",""
"","17","unauthenticated user cannot delete a user document","","2026-07-30","passed","2026-07-30","","users/{uid}","users/{uid} unauthenticated user cannot delete a user document",""
"","39","changes emits the current state and again after a write[jvm]","","2026-07-30","passed","2026-07-30","","LocalConfigSourceImplJvmTest[jvm]","com.georgeci.moneysurfer.data.config.LocalConfigSourceImplJvmTest",""
"","159","an error replaces the helper text under the same field[jvm]","","2026-07-30","passed","2026-07-30","","SurferFormFieldTest[jvm]","com.georgeci.moneysurfer.ui.SurferFormFieldTest",""
"","6","savedAmount is zero for a goal with no contributions[jvm]","","2026-07-30","passed","2026-07-30","","GoalRepositoryDualWriteSpec[jvm]","com.georgeci.moneysurfer.data.repository.GoalRepositoryDualWriteSpec",""
"","5","the account picker returns an account id[jvm]","","2026-07-30","passed","2026-07-30","","NavigationResultKeysTest[jvm]","com.georgeci.moneysurfer.navigation.NavigationResultKeysTest",""
"","6","legs of one receipt become a single group holding the whole payment[jvm]","","2026-07-30","passed","2026-07-30","","TransactionSplitGroupTest[jvm]","com.georgeci.moneysurfer.domain.model.TransactionSplitGroupTest",""
"","38","a failed flag write leaves the screen retryable instead of navigating on[jvm]","","2026-07-30","passed","2026-07-30","","OnboardingViewModelTest[jvm]","com.georgeci.moneysurfer.feature.login.onboarding.OnboardingViewModelTest",""
"","63","a top bar the screen tagged through its modifier keeps that tag[jvm]","","2026-07-30","passed","2026-07-30","","SurferPaneChromeTest[jvm]","com.georgeci.moneysurfer.ui.SurferPaneChromeTest",""
"","17","a category that jumped past the threshold reads as a warning[jvm]","","2026-07-30","passed","2026-07-30","","InsightRulesTest[jvm]","com.georgeci.moneysurfer.domain.insight.InsightRulesTest",""
"","3","picking the style a widget already has is not written back[jvm]","","2026-07-30","passed","2026-07-30","","DashboardCustomizeViewModelTest[jvm]","com.georgeci.moneysurfer.feature.dashboard.customize.DashboardCustomizeViewModelTest",""
"","59","totals over the window drop the deleted row's money and get it back on Undo[jvm]","","2026-07-30","passed","2026-07-30","","TransactionSoftDeleteIntegrationIT[jvm]","com.georgeci.moneysurfer.integration.repository.TransactionSoftDeleteIntegrationIT",""
"","13","hydrate does not wait on an in-flight write[jvm]","","2026-07-30","passed","2026-07-30","","PreferencesMirrorJvmTest[jvm]","com.georgeci.moneysurfer.data.config.PreferencesMirrorJvmTest",""
"","2","email-already-in-use classifies as EmailAlreadyInUse[jvm]","","2026-07-30","passed","2026-07-30","","AuthErrorClassificationTest[jvm]","com.georgeci.moneysurfer.data.repository.AuthErrorClassificationTest",""
"","14","a user cannot read another user's settings","","2026-07-30","passed","2026-07-30","","users/{uid}/config/{key}","users/{uid}/config/{key} a user cannot read another user's settings",""
"","21","the window is inclusive at the start and exclusive at the end[jvm]","","2026-07-30","passed","2026-07-30","","SpendAnalyticsRepositoryImplJvmTest[jvm]","com.georgeci.moneysurfer.data.repository.SpendAnalyticsRepositoryImplJvmTest",""
"","86","a delete writes a tombstone patch stamped with the enqueue time[jvm]","","2026-07-30","passed","2026-07-30","","AccountSyncPluginIT[jvm]","com.georgeci.moneysurfer.integration.plugin.AccountSyncPluginIT",""
"","106","widths below the Medium bound are Compact[jvm]","","2026-07-30","passed","2026-07-30","","SurferWindowSizeTest[jvm]","com.georgeci.moneysurfer.uikit.window.SurferWindowSizeTest",""
"","638","loading state shows the full screen loader and blocks the mode toggle[jvm]","","2026-07-30","passed","2026-07-30","","SignInScreenStateTest[jvm]","com.georgeci.moneysurfer.ui.SignInScreenStateTest",""
"","24","a pulled transaction this device has never seen is inserted[jvm]","","2026-07-30","passed","2026-07-30","","TransactionSyncPluginIT[jvm]","com.georgeci.moneysurfer.integration.plugin.TransactionSyncPluginIT",""
"","1","delegate constructor preserves the supplied context[jvm]","","2026-07-30","passed","2026-07-30","","ApplicationScopeSpec[jvm]","com.georgeci.moneysurfer.sync.runtime.ApplicationScopeSpec",""
"","26","a window that booked nothing draws no curve and states no delta[jvm]","","2026-07-30","passed","2026-07-30","","DashboardBalanceViewModelTest[jvm]","com.georgeci.moneysurfer.feature.dashboard.DashboardBalanceViewModelTest",""
"","1","onSyncFailed is callable[jvm]","","2026-07-30","passed","2026-07-30","","SyncTelemetryNoOpSpec[jvm]","com.georgeci.moneysurfer.sync.telemetry.SyncTelemetryNoOpSpec",""
"","11","mutation without a matching plugin is skipped but still completed[jvm]","","2026-07-30","passed","2026-07-30","","UploadPendingChangesUseCaseImplSpec[jvm]","com.georgeci.moneysurfer.data.sync.UploadPendingChangesUseCaseImplSpec",""
"","46","spending more than the same stretch of last month reads as up[jvm]","","2026-07-30","passed","2026-07-30","","DashboardSpentMonthViewModelTest[jvm]","com.georgeci.moneysurfer.feature.dashboard.DashboardSpentMonthViewModelTest",""
"","275","synced settings are deleted, so the next user cannot inherit them or win LWW with them[jvm]","","2026-07-30","passed","2026-07-30","","LocalDataResetIntegrationIT[jvm]","com.georgeci.moneysurfer.integration.repository.LocalDataResetIntegrationIT",""
"","5","an undecodable document is skipped instead of taking the pull down[jvm]","","2026-07-30","passed","2026-07-30","","UserConfigSyncPluginSpec[jvm]","com.georgeci.moneysurfer.data.sync.plugin.UserConfigSyncPluginSpec",""
"","3","a negative balance is blocked for non-credit account types[jvm]","","2026-07-30","passed","2026-07-30","","InitialBalanceInputTest[jvm]","com.georgeci.moneysurfer.feature.account.creation.InitialBalanceInputTest",""
"","3","ConflictResolution.Skip is a singleton[jvm]","","2026-07-30","passed","2026-07-30","","ConflictResolverSpec[jvm]","com.georgeci.moneysurfer.sync.repository.ConflictResolverSpec",""
"","9","single account and category selections resolve their chip names[jvm]","","2026-07-30","passed","2026-07-30","","TransactionsListMappingTest[jvm]","com.georgeci.moneysurfer.feature.transaction.list.TransactionsListMappingTest",""
"","68","same-currency transfer creates two legs sharing transferId, EXPENSE on source and INCOME on destination[jvm]","","2026-07-30","passed","2026-07-30","","TransferCreationIntegrationIT[jvm]","com.georgeci.moneysurfer.integration.repository.TransferCreationIntegrationIT",""
"","48","the burn rate is judged against a general monthly budget when there is one[jvm]","","2026-07-30","passed","2026-07-30","","DashboardBurnRateViewModelTest[jvm]","com.georgeci.moneysurfer.feature.dashboard.DashboardBurnRateViewModelTest",""
"","6","the summary covers the period, not the loaded page[jvm]","","2026-07-30","passed","2026-07-30","","TransactionsByAccountPeriodTest[jvm]","com.georgeci.moneysurfer.feature.transaction.list.TransactionsByAccountPeriodTest",""
"","29","a reset cancels a running sync before wiping, so the wipe can't be overwritten[jvm]","","2026-07-30","passed","2026-07-30","","SyncViewModelTest[jvm]","com.georgeci.moneysurfer.feature.settings.sync.SyncViewModelTest",""
"","5","a leg whose sibling is already gone deletes on its own[jvm]","","2026-07-30","passed","2026-07-30","","DeleteTransactionUseCaseTest[jvm]","com.georgeci.moneysurfer.domain.usecase.DeleteTransactionUseCaseTest",""
"","192","loadCurrencies populates available list and emits NavigateBack on save[jvm]","","2026-07-30","passed","2026-07-30","","AccountCreationViewModelTest[jvm]","com.georgeci.moneysurfer.feature.account.creation.AccountCreationViewModelTest",""
"","21","accepts a category from an older client that omits iconKey and hue","","2026-07-30","passed","2026-07-30","","entity write-shape validation (issue #156)","entity write-shape validation (issue #156) accepts a category from an older client that omits iconKey and hue",""
"","12","a child's share is zero rather than a division by zero when the parent booked nothing[jvm]","","2026-07-30","passed","2026-07-30","","CategoryDetailsViewModelTest[jvm]","com.georgeci.moneysurfer.feature.category.details.CategoryDetailsViewModelTest",""
"","9","hydrate publishes the stored state[jvm]","","2026-07-30","passed","2026-07-30","","PreferencesMirrorJvmTest[jvm]","com.georgeci.moneysurfer.data.config.PreferencesMirrorJvmTest",""
"","109","the toolbar falls back to a generic title when no account owns the list[jvm]","","2026-07-30","passed","2026-07-30","","TransactionsListScreenStateTest[jvm]","com.georgeci.moneysurfer.ui.TransactionsListScreenStateTest",""
"","26","a retracted kill switch stops the gate, and restoring it starts a fresh ticker[jvm]","","2026-07-30","passed","2026-07-30","","PeriodicSyncGateTest[jvm]","com.georgeci.moneysurfer.navigation.PeriodicSyncGateTest",""
"","11","signing out clears the session and returns to sign-in[jvm]","","2026-07-30","passed","2026-07-30","","WorkspaceSelectorViewModelTest[jvm]","com.georgeci.moneysurfer.feature.workspace.selector.WorkspaceSelectorViewModelTest",""
"","973","the balance sheet offers every treatment the widget can draw[jvm]","","2026-07-30","passed","2026-07-30","","DashboardCustomizeScreenStateTest[jvm]","com.georgeci.moneysurfer.ui.DashboardCustomizeScreenStateTest",""
"","265","the period switch spans the whole grid rather than taking a cell[jvm]","","2026-07-30","passed","2026-07-30","","DashboardGridScreenTest[jvm]","com.georgeci.moneysurfer.ui.DashboardGridScreenTest",""
"","24","updates the workspace base currency[jvm]","","2026-07-30","passed","2026-07-30","","UpdateWorkspaceCurrencyUseCaseTest[jvm]","com.georgeci.moneysurfer.domain.usecase.UpdateWorkspaceCurrencyUseCaseTest",""
"","73","a section caption is rendered uppercase[jvm]","","2026-07-30","passed","2026-07-30","","SurferNavigationDrawerTest[jvm]","com.georgeci.moneysurfer.ui.SurferNavigationDrawerTest",""
"","7","changes emits the current state and again after a replace[jvm]","","2026-07-30","passed","2026-07-30","","RemoteConfigMirrorImplJvmTest[jvm]","com.georgeci.moneysurfer.data.config.RemoteConfigMirrorImplJvmTest",""
"","8","a value written after the push read it stays pending[jvm]","","2026-07-30","passed","2026-07-30","","UserConfigSyncPluginSpec[jvm]","com.georgeci.moneysurfer.data.sync.plugin.UserConfigSyncPluginSpec",""
"","0","CategoryDetails[jvm]","","2026-07-30","passed","2026-07-30","","RouteSerializationTest[jvm]","com.georgeci.moneysurfer.navigation.RouteSerializationTest",""
"","18","switching the type drops split categories the new type cannot use[jvm]","","2026-07-30","passed","2026-07-30","","TransactionCreationSplitTest[jvm]","com.georgeci.moneysurfer.feature.transaction.creation.TransactionCreationSplitTest",""
"","18","an anonymous user keeps its flag[jvm]","","2026-07-30","passed","2026-07-30","","UserRepositoryImplJvmTest[jvm]","com.georgeci.moneysurfer.data.repository.UserRepositoryImplJvmTest",""
"","12","happy path runs steps in order and clears the local session[jvm]","","2026-07-30","passed","2026-07-30","","DeleteUserAccountUseCaseTest[jvm]","com.georgeci.moneysurfer.domain.usecase.DeleteUserAccountUseCaseTest",""
"","5","a burst of moves persists the layout the last one produced[jvm]","","2026-07-30","passed","2026-07-30","","DashboardCustomizeViewModelTest[jvm]","com.georgeci.moneysurfer.feature.dashboard.customize.DashboardCustomizeViewModelTest",""
"","2","expense contributes -amount on its account[jvm]","","2026-07-30","passed","2026-07-30","","BalanceImpactTest[jvm]","com.georgeci.moneysurfer.domain.model.BalanceImpactTest",""
"","3","workspace pull failure aborts bootstrap with AuthError[jvm]","","2026-07-30","passed","2026-07-30","","PostAuthBootstrapUseCaseTest[jvm]","com.georgeci.moneysurfer.domain.usecase.PostAuthBootstrapUseCaseTest",""
"","9","transfer with from == to throws IllegalArgumentException[jvm]","","2026-07-30","passed","2026-07-30","","TransferCreationIntegrationIT[jvm]","com.georgeci.moneysurfer.integration.repository.TransferCreationIntegrationIT",""
"","0","'1.2.3' (multiple dots)[jvm]","","2026-07-30","passed","2026-07-30","","AmountInputTransformationTest[jvm]","com.georgeci.moneysurfer.utils.AmountInputTransformationTest",""
"","10","the logging sink accepts a message without throwing[jvm]","","2026-07-30","passed","2026-07-30","","DesktopFirebasePlatformJvmTest[jvm]","com.georgeci.moneysurfer.data.remote.DesktopFirebasePlatformJvmTest",""
"","64","pairs the workspace base currency with the cached table and asks for a refresh[jvm]","","2026-07-30","passed","2026-07-30","","GetExchangeRatesUseCaseTest[jvm]","com.georgeci.moneysurfer.domain.usecase.GetExchangeRatesUseCaseTest",""
"","1","CompositeCancelToken with empty children treats as cancelled[jvm]","","2026-07-30","passed","2026-07-30","","SyncCancelTokenSpec[jvm]","com.georgeci.moneysurfer.sync.api.SyncCancelTokenSpec",""
"","3","the invite row stays inert until a members feed is wired up[jvm]","","2026-07-30","passed","2026-07-30","","WorkspaceCreationViewModelTest[jvm]","com.georgeci.moneysurfer.feature.workspace.creation.WorkspaceCreationViewModelTest",""
"","10","enqueue persists a row with PENDING status[jvm]","","2026-07-30","passed","2026-07-30","","PendingMutationQueueImplSpec[jvm]","com.georgeci.moneysurfer.data.sync.PendingMutationQueueImplSpec",""
"","9","patch stamps deletedAt and updatedAt from the mutation enqueue time[jvm]","","2026-07-30","passed","2026-07-30","","TombstonePatchSpec[jvm]","com.georgeci.moneysurfer.data.sync.plugin.TombstonePatchSpec",""
"","0","epochMillis=-1000[jvm]","","2026-07-30","passed","2026-07-30","","TimeFormatterTest[jvm]","com.georgeci.moneysurfer.data.repository.TimeFormatterTest",""
"","0","distinguishes ids differing in their trailing digits[jvm]","","2026-07-30","passed","2026-07-30","","TransactionReferenceTest[jvm]","com.georgeci.moneysurfer.domain.model.TransactionReferenceTest",""
"","49","cash is the recommended starting point[jvm]","","2026-07-30","passed","2026-07-30","","OnboardingViewModelTest[jvm]","com.georgeci.moneysurfer.feature.login.onboarding.OnboardingViewModelTest",""
"","10","PullingCollection defaults current and total to null[jvm]","","2026-07-30","passed","2026-07-30","","SyncStepSpec[jvm]","com.georgeci.moneysurfer.sync.api.SyncStepSpec",""
"","133","a detail pane beside its list drops the back arrow and the FAB[jvm]","","2026-07-30","passed","2026-07-30","","SurferPaneScaffoldTest[jvm]","com.georgeci.moneysurfer.ui.SurferPaneScaffoldTest",""
"","31","tapping the selected preset again returns the window to the pager[jvm]","","2026-07-30","passed","2026-07-30","","TransactionFiltersViewModelTest[jvm]","com.georgeci.moneysurfer.feature.transaction.filters.TransactionFiltersViewModelTest",""
"","27","existing install with a pinned workspace is left alone and does not re-login[jvm]","","2026-07-30","passed","2026-07-30","","OfflineFirstRunSeederTest[jvm]","com.georgeci.moneysurfer.offline.firstrun.OfflineFirstRunSeederTest",""
"","91","the brand header and the user block are both rendered[jvm]","","2026-07-30","passed","2026-07-30","","SurferNavigationDrawerTest[jvm]","com.georgeci.moneysurfer.ui.SurferNavigationDrawerTest",""
"","43","a foreign-currency expense is absent from the categories and reported as excluded[jvm]","","2026-07-30","passed","2026-07-30","","SpendAnalyticsRepositoryImplJvmTest[jvm]","com.georgeci.moneysurfer.data.repository.SpendAnalyticsRepositoryImplJvmTest",""
"","5","remote cleanup failure keeps the local session so the user can retry[jvm]","","2026-07-30","passed","2026-07-30","","DeleteUserAccountUseCaseTest[jvm]","com.georgeci.moneysurfer.domain.usecase.DeleteUserAccountUseCaseTest",""
"","18","enqueue stores entity with PENDING status and roundtrips fields[jvm]","","2026-07-30","passed","2026-07-30","","PendingMutationQueueImplSpec[jvm]","com.georgeci.moneysurfer.sync.internal.repository.PendingMutationQueueImplSpec",""
"","1","init with no id leaves the blank creation form alone[jvm]","","2026-07-30","passed","2026-07-30","","WorkspaceCreationViewModelTest[jvm]","com.georgeci.moneysurfer.feature.workspace.creation.WorkspaceCreationViewModelTest",""
"","323","the hero donut legend keeps five rows and the compact one three[jvm]","","2026-07-30","passed","2026-07-30","","DashboardScreenStateTest[jvm]","com.georgeci.moneysurfer.ui.DashboardScreenStateTest",""
"","61","a budget is pushed to the workspace's budgets collection[jvm]","","2026-07-30","passed","2026-07-30","","BudgetAndRecurringRuleSyncPluginIT[jvm]","com.georgeci.moneysurfer.integration.plugin.BudgetAndRecurringRuleSyncPluginIT",""
"","47","owner with another ACTIVE member keeps the workspace and only leaves it[jvm]","","2026-07-30","passed","2026-07-30","","UserAccountDeletionRepositoryImplTest[jvm]","com.georgeci.moneysurfer.data.repository.UserAccountDeletionRepositoryImplTest",""
"","77","member can read and create a goal","","2026-07-30","passed","2026-07-30","","savings goals (issue #244)","savings goals (issue #244) member can read and create a goal",""
"","338","inline form-level error renders the shared error text[jvm]","","2026-07-30","passed","2026-07-30","","SignInScreenStateTest[jvm]","com.georgeci.moneysurfer.ui.SignInScreenStateTest",""
"","4","descendantsOf terminates on a cycle instead of looping forever[jvm]","","2026-07-30","passed","2026-07-30","","CategoryTreeTest[jvm]","com.georgeci.moneysurfer.domain.model.CategoryTreeTest",""
"","19","an idle coordinator reports the last outcome, and a cancelled one reports nothing[jvm]","","2026-07-30","passed","2026-07-30","","SyncViewModelTest[jvm]","com.georgeci.moneysurfer.feature.settings.sync.SyncViewModelTest",""
"","52","an empty cache reads as no table at all, not an empty one[jvm]","","2026-07-30","passed","2026-07-30","","ExchangeRateRepositoryImplJvmTest[jvm]","com.georgeci.moneysurfer.data.repository.ExchangeRateRepositoryImplJvmTest",""
"","46","with no budget the card says so and leaves the bar empty[jvm]","","2026-07-30","passed","2026-07-30","","DashboardSpentMonthViewModelTest[jvm]","com.georgeci.moneysurfer.feature.dashboard.DashboardSpentMonthViewModelTest",""
"","22","non-invited stranger CANNOT self-create a member row","","2026-07-30","passed","2026-07-30","","workspaces/{wid}/members/{uid}","workspaces/{wid}/members/{uid} non-invited stranger CANNOT self-create a member row",""
"","18","a 600 dp small tablet window at 2x density reports Medium[jvm]","","2026-07-30","passed","2026-07-30","","SurferWindowSizeCompositionTest[jvm]","com.georgeci.moneysurfer.ui.SurferWindowSizeCompositionTest",""
"","7","the series is always seven days ending today, with the quiet ones filled in[jvm]","","2026-07-30","passed","2026-07-30","","BurnRateTest[jvm]","com.georgeci.moneysurfer.domain.model.BurnRateTest",""
"","6","redactEmail masks local part and domain but keeps a correlation hint[jvm]","","2026-07-30","passed","2026-07-30","","PiiRedactionTest[jvm]","com.georgeci.moneysurfer.domain.logging.PiiRedactionTest",""
"","4","a child whose parent is a different type is drawn at the top level[jvm]","","2026-07-30","passed","2026-07-30","","CategoryChooserViewModelTest[jvm]","com.georgeci.moneysurfer.feature.category.picker.CategoryChooserViewModelTest",""
"","4","walking back re-adds an expense before the day it was booked on[jvm]","","2026-07-30","passed","2026-07-30","","AccountBalanceSeriesTest[jvm]","com.georgeci.moneysurfer.domain.model.AccountBalanceSeriesTest",""
"","16","a reset whose cancel never lands still clears the cursors rather than dropping the action[jvm]","","2026-07-30","passed","2026-07-30","","SyncViewModelTest[jvm]","com.georgeci.moneysurfer.feature.settings.sync.SyncViewModelTest",""
"","2","offline edit state hides the Members section[jvm]","","2026-07-30","passed","2026-07-30","","WorkspaceCreationStateOfflineTest[jvm]","com.georgeci.moneysurfer.feature.workspace.creation.WorkspaceCreationStateOfflineTest",""
"","2","keeps only the rows the budget counts[jvm]","","2026-07-30","passed","2026-07-30","","GetBudgetTransactionsUseCaseTest[jvm]","com.georgeci.moneysurfer.domain.usecase.GetBudgetTransactionsUseCaseTest",""
"","12","a workspace survives the round trip, id included[jvm]","","2026-07-30","passed","2026-07-30","","WorkspaceScopedDtoMapperSpec[jvm]","com.georgeci.moneysurfer.data.sync.WorkspaceScopedDtoMapperSpec",""
"","8","sync being switched off reads as success, not as a sync failure[jvm]","","2026-07-30","passed","2026-07-30","","WorkspaceCreationViewModelTest[jvm]","com.georgeci.moneysurfer.feature.workspace.creation.WorkspaceCreationViewModelTest",""
"","2","init for a workspace that is not in the store leaves the form untouched[jvm]","","2026-07-30","passed","2026-07-30","","WorkspaceCreationViewModelTest[jvm]","com.georgeci.moneysurfer.feature.workspace.creation.WorkspaceCreationViewModelTest",""
"","45","enqueue then pending() returns the row in createdAt order[jvm]","","2026-07-30","passed","2026-07-30","","PendingMutationQueueIntegrationIT[jvm]","com.georgeci.moneysurfer.integration.sync.PendingMutationQueueIntegrationIT",""
"","18","observeAll re-emits after every write, including one made by the pull[jvm]","","2026-07-30","passed","2026-07-30","","ConfigEntryDaoIntegrationIT[jvm]","com.georgeci.moneysurfer.integration.repository.ConfigEntryDaoIntegrationIT",""
"","35","update blocked when clientVersionCode is missing on the resulting doc","","2026-07-30","passed","2026-07-30","","invites — update / delete","invites — update / delete update blocked when clientVersionCode is missing on the resulting doc",""
"","46","dropping a row back where it started writes nothing[jvm]","","2026-07-30","passed","2026-07-30","","AccountSortOrderIntegrationIT[jvm]","com.georgeci.moneysurfer.integration.repository.AccountSortOrderIntegrationIT",""
"","6","WorkspaceManage[jvm]","","2026-07-30","passed","2026-07-30","","RouteSerializationTest[jvm]","com.georgeci.moneysurfer.navigation.RouteSerializationTest",""
"","22","an older remote doc does not resurrect a locally deleted row[jvm]","","2026-07-30","passed","2026-07-30","","TransactionSyncPluginIT[jvm]","com.georgeci.moneysurfer.integration.plugin.TransactionSyncPluginIT",""
"","68","key groups bind as distinct classes so getAll sees all of them[jvm]","","2026-07-30","passed","2026-07-30","","OnlineConfigGraphTest[jvm]","com.georgeci.moneysurfer.di.OnlineConfigGraphTest",""
"","27","an insert is paired with an INSERT outbox entry scoped to the workspace[jvm]","","2026-07-30","passed","2026-07-30","","GoalContributionRepositoryImplJvmTest[jvm]","com.georgeci.moneysurfer.data.repository.GoalContributionRepositoryImplJvmTest",""
"","4","blank category id decodes to null instead of failing[jvm]","","2026-07-30","passed","2026-07-30","","TransactionCsvCodecTest[jvm]","com.georgeci.moneysurfer.domain.csv.TransactionCsvCodecTest",""
"","1","a window of no months is rejected rather than queried between missing ends[jvm]","","2026-07-30","passed","2026-07-30","","GetMonthlyNetHistoryUseCaseTest[jvm]","com.georgeci.moneysurfer.domain.usecase.GetMonthlyNetHistoryUseCaseTest",""
"","12","markInFlight excludes rows from pending() but markFailed brings them back[jvm]","","2026-07-30","passed","2026-07-30","","PendingMutationQueueIntegrationIT[jvm]","com.georgeci.moneysurfer.integration.sync.PendingMutationQueueIntegrationIT",""
"","138","a list and detail pane side by side render one top app bar and one FAB[jvm]","","2026-07-30","passed","2026-07-30","","SurferPaneChromeTest[jvm]","com.georgeci.moneysurfer.ui.SurferPaneChromeTest",""
"","1","addConflicts accumulates conflictCount[jvm]","","2026-07-30","passed","2026-07-30","","SyncSummaryBuilderSpec[jvm]","com.georgeci.moneysurfer.sync.api.SyncSummaryBuilderSpec",""
"","5","the icon and hue catalogues are the same length, so a slot always resolves both[jvm]","","2026-07-30","passed","2026-07-30","","CategoryAppearanceTest[jvm]","com.georgeci.moneysurfer.domain.model.CategoryAppearanceTest",""
"","0","PULL_INVITES sits between PULL_MEMBERS and PULL_ACCOUNTS[jvm]","","2026-07-30","passed","2026-07-30","","SyncStepOrderTest[jvm]","com.georgeci.moneysurfer.domain.model.SyncStepOrderTest",""
"","31","a signed-out user lands on sign-in[jvm]","","2026-07-30","passed","2026-07-30","","AppLaunchViewModelTest[jvm]","com.georgeci.moneysurfer.navigation.AppLaunchViewModelTest",""
"","1","normalize keeps the first spelling of a case-insensitively duplicate key[jvm]","","2026-07-30","passed","2026-07-30","","AccountExtraDetailsTest[jvm]","com.georgeci.moneysurfer.domain.model.AccountExtraDetailsTest",""
"","17","a build below the minimum supported version is cut off[jvm]","","2026-07-30","passed","2026-07-30","","AppVersionGateImplTest[jvm]","com.georgeci.moneysurfer.data.repository.AppVersionGateImplTest",""
"","10","returns null when decode throws a ClassCastException (platform decoder mismatch)[jvm]","","2026-07-30","passed","2026-07-30","","DecodeOrNullSpec[jvm]","com.georgeci.moneysurfer.data.sync.plugin.DecodeOrNullSpec",""
"","12","editing one leg's date moves the whole receipt[jvm]","","2026-07-30","passed","2026-07-30","","UpdateTransactionUseCaseTest[jvm]","com.georgeci.moneysurfer.domain.usecase.UpdateTransactionUseCaseTest",""
"","28","content is capped and centred once the window is wider than the cap[jvm]","","2026-07-30","passed","2026-07-30","","SurferContentContainerTest[jvm]","com.georgeci.moneysurfer.ui.SurferContentContainerTest",""
"","7","back navigates back[jvm]","","2026-07-30","passed","2026-07-30","","WorkspaceCreationViewModelTest[jvm]","com.georgeci.moneysurfer.feature.workspace.creation.WorkspaceCreationViewModelTest",""
"","7","a group takes the position of its first leg and the order around it is kept[jvm]","","2026-07-30","passed","2026-07-30","","TransactionSplitGroupTest[jvm]","com.georgeci.moneysurfer.domain.model.TransactionSplitGroupTest",""
"","6","resetting cursors asks first[jvm]","","2026-07-30","passed","2026-07-30","","SyncViewModelTest[jvm]","com.georgeci.moneysurfer.feature.settings.sync.SyncViewModelTest",""
"","4","addRecalculated accumulates recalculatedCount[jvm]","","2026-07-30","passed","2026-07-30","","SyncSummaryBuilderSpec[jvm]","com.georgeci.moneysurfer.sync.api.SyncSummaryBuilderSpec",""
"","8","strips the CSV separator instead of splitting or rejecting[jvm]","","2026-07-30","passed","2026-07-30","","TransactionTagsTest[jvm]","com.georgeci.moneysurfer.domain.model.TransactionTagsTest",""
"","0","no-op edit (same impact) yields empty delta[jvm]","","2026-07-30","passed","2026-07-30","","CalculateBalanceDeltaTest[jvm]","com.georgeci.moneysurfer.domain.model.CalculateBalanceDeltaTest",""
"","20","contribution create is blocked when clientVersionCode is below the floor","","2026-07-30","passed","2026-07-30","","savings goals (issue #244)","savings goals (issue #244) contribution create is blocked when clientVersionCode is below the floor",""
"","27","accepts a fully-populated, correctly-typed account","","2026-07-30","passed","2026-07-30","","entity write-shape validation (issue #156)","entity write-shape validation (issue #156) accepts a fully-populated, correctly-typed account",""
"","215","a single account draws no quick-actions row — there is nowhere to transfer to[jvm]","","2026-07-30","passed","2026-07-30","","DashboardScreenStateTest[jvm]","com.georgeci.moneysurfer.ui.DashboardScreenStateTest",""
"","1","the extra pane draws no section chrome[jvm]","","2026-07-30","passed","2026-07-30","","SurferPaneSceneStrategyTest[jvm]","com.georgeci.moneysurfer.navigation.SurferPaneSceneStrategyTest",""
"","25","an explicit date range replaces the pager window and hides the pager[jvm]","","2026-07-30","passed","2026-07-30","","TransactionsByAccountFilteringTest[jvm]","com.georgeci.moneysurfer.feature.transaction.list.TransactionsByAccountFilteringTest",""
"","4","the user id follows the session[jvm]","","2026-07-30","passed","2026-07-30","","CrashReportingTest[jvm]","com.georgeci.moneysurfer.domain.telemetry.CrashReportingTest",""
"","15","the pager stops at the current period but always allows going back[jvm]","","2026-07-30","passed","2026-07-30","","TransactionsByAccountPeriodTest[jvm]","com.georgeci.moneysurfer.feature.transaction.list.TransactionsByAccountPeriodTest",""
"","1","a default pointing outside workspaceIds is not pinned just because it is the server's choice[jvm]","","2026-07-30","passed","2026-07-30","","PostAuthBootstrapUseCaseTest[jvm]","com.georgeci.moneysurfer.domain.usecase.PostAuthBootstrapUseCaseTest",""
"","1","ConflictResolution.Merged carries the merged value[jvm]","","2026-07-30","passed","2026-07-30","","ConflictResolverSpec[jvm]","com.georgeci.moneysurfer.sync.repository.ConflictResolverSpec",""
"","425","searching the currency sheet filters the rows without resizing the list[jvm]","","2026-07-30","passed","2026-07-30","","SurferFormFieldTest[jvm]","com.georgeci.moneysurfer.ui.SurferFormFieldTest",""
"","14","a confirmed reset clears the scope and re-syncs, because the cursors alone change nothing[jvm]","","2026-07-30","passed","2026-07-30","","SyncViewModelTest[jvm]","com.georgeci.moneysurfer.feature.settings.sync.SyncViewModelTest",""
"","174","a layer holding nothing reads differently from one whose value the codec rejects[jvm]","","2026-07-30","passed","2026-07-30","","DebugConfigScreenStateTest[jvm]","com.georgeci.moneysurfer.ui.DebugConfigScreenStateTest",""
"","31","a request that started while sync was enabled is not retried once it is disabled[jvm]","","2026-07-30","passed","2026-07-30","","SyncCoordinatorWorkspaceSyncerSpec[jvm]","com.georgeci.moneysurfer.data.sync.SyncCoordinatorWorkspaceSyncerSpec",""
"","257","push adds the route on top[jvm]","","2026-07-30","passed","2026-07-30","","AppNavigatorTest[jvm]","com.georgeci.moneysurfer.navigation.AppNavigatorTest",""
"","13","spending less than last month reads as down, and the percent stays positive[jvm]","","2026-07-30","passed","2026-07-30","","GetSpentMonthUseCaseTest[jvm]","com.georgeci.moneysurfer.domain.usecase.GetSpentMonthUseCaseTest",""
"","17","non-owner cannot hard-delete an invite","","2026-07-30","passed","2026-07-30","","invites — update / delete","invites — update / delete non-owner cannot hard-delete an invite",""
"","7","shutdown cancels coordinator first, then scheduler[jvm]","","2026-07-30","passed","2026-07-30","","SessionShutdownGateImplSpec[jvm]","com.georgeci.moneysurfer.sync.internal.SessionShutdownGateImplSpec",""
"","12","content-editing events received while loading are harmless no-ops[jvm]","","2026-07-30","passed","2026-07-30","","CategoryChooserViewModelTest[jvm]","com.georgeci.moneysurfer.feature.category.picker.CategoryChooserViewModelTest",""
"","33","dismissing the delete confirmation leaves the transaction alone[jvm]","","2026-07-30","passed","2026-07-30","","TransactionCreationEditTest[jvm]","com.georgeci.moneysurfer.feature.transaction.creation.TransactionCreationEditTest",""
"","19","the logs row navigates without touching the inspector[jvm]","","2026-07-30","passed","2026-07-30","","DebugConfigViewModelTest[jvm]","com.georgeci.moneysurfer.feature.settings.debug.DebugConfigViewModelTest",""
"","2","debug builds keep verbose logging[jvm]","","2026-07-30","passed","2026-07-30","","LoggingConfigTest[jvm]","com.georgeci.moneysurfer.domain.logging.LoggingConfigTest",""
"","15","back navigates away[jvm]","","2026-07-30","passed","2026-07-30","","SyncViewModelTest[jvm]","com.georgeci.moneysurfer.feature.settings.sync.SyncViewModelTest",""
"","17","an upsert for a rule that is already gone writes nothing[jvm]","","2026-07-30","passed","2026-07-30","","BudgetAndRecurringRuleSyncPluginIT[jvm]","com.georgeci.moneysurfer.integration.plugin.BudgetAndRecurringRuleSyncPluginIT",""
"","7","returns null when decode throws SerializationException (wrong field type)[jvm]","","2026-07-30","passed","2026-07-30","","DecodeOrNullSpec[jvm]","com.georgeci.moneysurfer.data.sync.plugin.DecodeOrNullSpec",""
"","30","an amount with two decimal separators blocks save and exposes an inline error[jvm]","","2026-07-30","passed","2026-07-30","","TransactionCreationSaveTest[jvm]","com.georgeci.moneysurfer.feature.transaction.creation.TransactionCreationSaveTest",""
"","2","an invite doc with no status is read as pending rather than as a blank[jvm]","","2026-07-30","passed","2026-07-30","","MembershipDtoMapperSpec[jvm]","com.georgeci.moneysurfer.data.sync.MembershipDtoMapperSpec",""
"","12","an unreachable host reads as no answer rather than throwing[jvm]","","2026-07-30","passed","2026-07-30","","HttpExchangeRateRemoteSourceJvmTest[jvm]","com.georgeci.moneysurfer.data.remote.HttpExchangeRateRemoteSourceJvmTest",""
"","8","an archived account is not offered as a filter[jvm]","","2026-07-30","passed","2026-07-30","","TransactionFiltersViewModelTest[jvm]","com.georgeci.moneysurfer.feature.transaction.filters.TransactionFiltersViewModelTest",""
"","162","strings.xml files are discovered[jvm]","","2026-07-30","passed","2026-07-30","","StringResourcePlaceholderTest[jvm]","com.georgeci.moneysurfer.utils.StringResourcePlaceholderTest",""
"","9","PullingRemoteChanges title[jvm]","","2026-07-30","passed","2026-07-30","","SyncStepSpec[jvm]","com.georgeci.moneysurfer.sync.api.SyncStepSpec",""
"","1","restore on already-active account is a no-op success[jvm]","","2026-07-30","passed","2026-07-30","","ArchiveAccountUseCaseTest[jvm]","com.georgeci.moneysurfer.domain.usecase.ArchiveAccountUseCaseTest",""
"","18","member can tombstone their own row (self-leave: role and status unchanged)","","2026-07-30","passed","2026-07-30","","tombstone update shape (push-side soft delete)","tombstone update shape (push-side soft delete) member can tombstone their own row (self-leave: role and status unchanged)",""
"","3","no accounts means no totals[jvm]","","2026-07-30","passed","2026-07-30","","AccountTotalsTest[jvm]","com.georgeci.moneysurfer.domain.model.AccountTotalsTest",""
"","21","the daily series sums a day's rows and skips the days without any[jvm]","","2026-07-30","passed","2026-07-30","","SpendAnalyticsRepositoryImplJvmTest[jvm]","com.georgeci.moneysurfer.data.repository.SpendAnalyticsRepositoryImplJvmTest",""
"","0","spend past the limit reports a fraction over 1 — the bar caps it, the maths does not[jvm]","","2026-07-30","passed","2026-07-30","","SafeToSpendTest[jvm]","com.georgeci.moneysurfer.domain.model.SafeToSpendTest",""
"","5","a signed-out session promotes to an empty Content rather than spinning forever[jvm]","","2026-07-30","passed","2026-07-30","","WorkspaceSelectorViewModelTest[jvm]","com.georgeci.moneysurfer.feature.workspace.selector.WorkspaceSelectorViewModelTest",""
"","100","changing the period resets paging back to the first page[jvm]","","2026-07-30","passed","2026-07-30","","TransactionsByAccountPeriodTest[jvm]","com.georgeci.moneysurfer.feature.transaction.list.TransactionsByAccountPeriodTest",""
"","20","rejects a contribution whose nullable transferId has a wrong non-null type","","2026-07-30","passed","2026-07-30","","savings goals (issue #244)","savings goals (issue #244) rejects a contribution whose nullable transferId has a wrong non-null type",""
"","6","an unsupported app version blocks sync with the domain message[jvm]","","2026-07-30","passed","2026-07-30","","SyncVersionGateImplSpec[jvm]","com.georgeci.moneysurfer.data.sync.SyncVersionGateImplSpec",""
"","7","throwIfCancelled does nothing when active[jvm]","","2026-07-30","passed","2026-07-30","","SyncCancelTokenSpec[jvm]","com.georgeci.moneysurfer.sync.api.SyncCancelTokenSpec",""
"","15","deleting an already-tombstoned row enqueues nothing further[jvm]","","2026-07-30","passed","2026-07-30","","TransactionTombstoneSyncIntegrationIT[jvm]","com.georgeci.moneysurfer.integration.sync.TransactionTombstoneSyncIntegrationIT",""
"","5","a real project is assembled from the three MS_FIREBASE variables[jvm]","","2026-07-30","passed","2026-07-30","","DesktopFirebaseOptionsJvmTest[jvm]","com.georgeci.moneysurfer.data.remote.DesktopFirebaseOptionsJvmTest",""
"","4","Supported app version lets the sync run normally[jvm]","","2026-07-30","passed","2026-07-30","","SyncCoordinatorImplSpec[jvm]","com.georgeci.moneysurfer.sync.coordinator.SyncCoordinatorImplSpec",""
"","41","a departed (LEFT) member can no longer read","","2026-07-30","passed","2026-07-30","","member-gated entities (accounts)","member-gated entities (accounts) a departed (LEFT) member can no longer read",""
"","14","a goal round-trips through the wire format[jvm]","","2026-07-30","passed","2026-07-30","","GoalDtoMapperSpec[jvm]","com.georgeci.moneysurfer.data.sync.GoalDtoMapperSpec",""
"","15","an unknown key name is rejected[jvm]","","2026-07-30","passed","2026-07-30","","DebugConfigInspectorImplSpec[jvm]","com.georgeci.moneysurfer.appconfig.DebugConfigInspectorImplSpec",""
"","1","entries below the first non-pane route are not part of the scaffold[jvm]","","2026-07-30","passed","2026-07-30","","SurferPaneSceneStrategyTest[jvm]","com.georgeci.moneysurfer.navigation.SurferPaneSceneStrategyTest",""
"","5","a missing workspace doc is skipped without touching anything[jvm]","","2026-07-30","passed","2026-07-30","","UserAccountDeletionRepositoryImplTest[jvm]","com.georgeci.moneysurfer.data.repository.UserAccountDeletionRepositoryImplTest",""
"","5","conflicts and skipped docs are reflected in the summary[jvm]","","2026-07-30","passed","2026-07-30","","PullRemoteChangesUseCaseImplSpec[jvm]","com.georgeci.moneysurfer.data.sync.PullRemoteChangesUseCaseImplSpec",""
"","3","rejects when caller is not OWNER[jvm]","","2026-07-30","passed","2026-07-30","","RemoveMemberUseCaseTest[jvm]","com.georgeci.moneysurfer.domain.usecase.RemoveMemberUseCaseTest",""
"","89","getting the phantom workspace is DENIED, not an empty snapshot","","2026-07-30","passed","2026-07-30","","dangling users/{uid}.workspaceIds refs","dangling users/{uid}.workspaceIds refs getting the phantom workspace is DENIED, not an empty snapshot",""
"","112","the month delta is what this month netted, signed and formatted[jvm]","","2026-07-30","passed","2026-07-30","","DashboardBalanceViewModelTest[jvm]","com.georgeci.moneysurfer.feature.dashboard.DashboardBalanceViewModelTest",""
"","6","OnDeleteCancel clears pending without deleting[jvm]","","2026-07-30","passed","2026-07-30","","CategoriesManageViewModelTest[jvm]","com.georgeci.moneysurfer.feature.category.manage.CategoriesManageViewModelTest",""
"","9","create surfaces a repository failure instead of throwing[jvm]","","2026-07-30","passed","2026-07-30","","AccountWriteUseCasesTest[jvm]","com.georgeci.moneysurfer.domain.usecase.AccountWriteUseCasesTest",""
"","6","RecalculatingProjections title[jvm]","","2026-07-30","passed","2026-07-30","","SyncStepSpec[jvm]","com.georgeci.moneysurfer.sync.api.SyncStepSpec",""
"","223","a row with no merchant and no note is named rather than left blank[jvm]","","2026-07-30","passed","2026-07-30","","TransactionsListScreenStateTest[jvm]","com.georgeci.moneysurfer.ui.TransactionsListScreenStateTest",""
"","40","an account created while the form was open is resolved by a refresh[jvm]","","2026-07-30","passed","2026-07-30","","TransactionCreationFormTest[jvm]","com.georgeci.moneysurfer.feature.transaction.creation.TransactionCreationFormTest",""
"","0","installing twice does not stack writers[jvm]","","2026-07-30","passed","2026-07-30","","CrashReportingTest[jvm]","com.georgeci.moneysurfer.domain.telemetry.CrashReportingTest",""
"","58","a missing workspace with a surviving member row reads back empty instead","","2026-07-30","passed","2026-07-30","","dangling users/{uid}.workspaceIds refs","dangling users/{uid}.workspaceIds refs a missing workspace with a surviving member row reads back empty instead",""
"","67","loading more appends the next page and stops when the window is exhausted[jvm]","","2026-07-30","passed","2026-07-30","","TransactionsByAccountPeriodTest[jvm]","com.georgeci.moneysurfer.feature.transaction.list.TransactionsByAccountPeriodTest",""
"","0","'.' -> '.'[jvm]","","2026-07-30","passed","2026-07-30","","AmountInputTransformationTest[jvm]","com.georgeci.moneysurfer.utils.AmountInputTransformationTest",""
"","17","a pulled value is stamped as already pushed[jvm]","","2026-07-30","passed","2026-07-30","","ConfigEntryDaoIntegrationIT[jvm]","com.georgeci.moneysurfer.integration.repository.ConfigEntryDaoIntegrationIT",""
"","55","swapping the transfer accounts carries each side's amount with it[jvm]","","2026-07-30","passed","2026-07-30","","TransactionCreationFormTest[jvm]","com.georgeci.moneysurfer.feature.transaction.creation.TransactionCreationFormTest",""
"","32","flatten puts each child immediately after its parent[jvm]","","2026-07-30","passed","2026-07-30","","CategoryTreeTest[jvm]","com.georgeci.moneysurfer.domain.model.CategoryTreeTest",""
"","30","savedAmount is the signed sum of contributions[jvm]","","2026-07-30","passed","2026-07-30","","GoalRepositoryDualWriteSpec[jvm]","com.georgeci.moneysurfer.data.repository.GoalRepositoryDualWriteSpec",""
"","84","the same screen on its own still draws its own chrome[jvm]","","2026-07-30","passed","2026-07-30","","SurferPaneChromeTest[jvm]","com.georgeci.moneysurfer.ui.SurferPaneChromeTest",""
"","3","a budget on another cadence is not a figure for this window, so it caps nothing here[jvm]","","2026-07-30","passed","2026-07-30","","SpentByCategoryTest[jvm]","com.georgeci.moneysurfer.domain.model.SpentByCategoryTest",""
"","2","a withdrawal that drops below the target flips COMPLETED back to ACTIVE[jvm]","","2026-07-30","passed","2026-07-30","","GoalContributionUseCaseTest[jvm]","com.georgeci.moneysurfer.domain.usecase.GoalContributionUseCaseTest",""
"","15","a member tombstone removes the row[jvm]","","2026-07-30","passed","2026-07-30","","WorkspaceTreeSyncPluginIT[jvm]","com.georgeci.moneysurfer.integration.plugin.WorkspaceTreeSyncPluginIT",""
"","0","GoalContribution[jvm]","","2026-07-30","passed","2026-07-30","","RouteSerializationTest[jvm]","com.georgeci.moneysurfer.navigation.RouteSerializationTest",""
"","9","a salary paid in every month is a schedule, not a subscription[jvm]","","2026-07-30","passed","2026-07-30","","GenerateInsightsUseCaseTest[jvm]","com.georgeci.moneysurfer.domain.usecase.GenerateInsightsUseCaseTest",""
"","10","setCursor preserves attempt and success timestamps on existing row[jvm]","","2026-07-30","passed","2026-07-30","","SyncMetaRepositoryImplSpec[jvm]","com.georgeci.moneysurfer.sync.internal.repository.SyncMetaRepositoryImplSpec",""
"","42","both streams see the stored rules[jvm]","","2026-07-30","passed","2026-07-30","","RecurringRuleRepositoryImplJvmTest[jvm]","com.georgeci.moneysurfer.data.repository.RecurringRuleRepositoryImplJvmTest",""
"","14","peek is absent before hydrate, so a pre-hydration snapshot cannot see this layer[jvm]","","2026-07-30","passed","2026-07-30","","RemoteGlobalConfigSourceImplSpec[jvm]","com.georgeci.moneysurfer.appconfig.remote.RemoteGlobalConfigSourceImplSpec",""
"","371","tapping a preset asks for it rather than applying it on the spot[jvm]","","2026-07-30","passed","2026-07-30","","TransactionFiltersScreenStateTest[jvm]","com.georgeci.moneysurfer.ui.TransactionFiltersScreenStateTest",""
"","9","the unset sentinels fall back rather than resolving to a real slot[jvm]","","2026-07-30","passed","2026-07-30","","CategoryPaletteParityTest[jvm]","com.georgeci.moneysurfer.feature.category.CategoryPaletteParityTest",""
"","1","a withdrawal down to exactly zero is allowed[jvm]","","2026-07-30","passed","2026-07-30","","GoalContributionUseCaseTest[jvm]","com.georgeci.moneysurfer.domain.usecase.GoalContributionUseCaseTest",""
"","15","member cannot hard-delete a member row (not even their own)","","2026-07-30","passed","2026-07-30","","workspaces/{wid}/members/{uid}","workspaces/{wid}/members/{uid} member cannot hard-delete a member row (not even their own)",""
"","15","a contribution whose goal is not here is skipped rather than failing the batch[jvm]","","2026-07-30","passed","2026-07-30","","GoalSyncPluginIT[jvm]","com.georgeci.moneysurfer.integration.plugin.GoalSyncPluginIT",""
"","6","reading a user that was never stored is null, not a failure[jvm]","","2026-07-30","passed","2026-07-30","","UserRepositoryImplJvmTest[jvm]","com.georgeci.moneysurfer.data.repository.UserRepositoryImplJvmTest",""
"","8","each creation generates a fresh workspace id and re-pins the newest one[jvm]","","2026-07-30","passed","2026-07-30","","CreateWorkspaceUseCaseTest[jvm]","com.georgeci.moneysurfer.domain.usecase.CreateWorkspaceUseCaseTest",""
"","7","a zero contribution is rejected[jvm]","","2026-07-30","passed","2026-07-30","","GoalContributionUseCaseTest[jvm]","com.georgeci.moneysurfer.domain.usecase.GoalContributionUseCaseTest",""
"","28","reading a key nobody wrote stores nothing[jvm]","","2026-07-30","passed","2026-07-30","","LocalConfigSourceImplJvmTest[jvm]","com.georgeci.moneysurfer.data.config.LocalConfigSourceImplJvmTest",""
"","2","SerializationException maps to Unknown carrying the cause[jvm]","","2026-07-30","passed","2026-07-30","","SyncErrorClassifierSpec[jvm]","com.georgeci.moneysurfer.sync.internal.SyncErrorClassifierSpec",""
"","3","the newest layout writes every known column[jvm]","","2026-07-30","passed","2026-07-30","","TransactionCsvCodecTest[jvm]","com.georgeci.moneysurfer.domain.csv.TransactionCsvCodecTest",""
"","2","DashboardCustomize[jvm]","","2026-07-30","passed","2026-07-30","","RouteSerializationTest[jvm]","com.georgeci.moneysurfer.navigation.RouteSerializationTest",""
"","1","the workspace name comes from the pinned workspace, not the first one[jvm]","","2026-07-30","passed","2026-07-30","","ShellIdentityTest[jvm]","com.georgeci.moneysurfer.navigation.ShellIdentityTest",""
"","5","setCursor stores Instant — cursor returns the same value back[jvm]","","2026-07-30","passed","2026-07-30","","SyncMetaRepositoryImplSpec[jvm]","com.georgeci.moneysurfer.data.sync.SyncMetaRepositoryImplSpec",""
"","1","onSyncCompleted is callable[jvm]","","2026-07-30","passed","2026-07-30","","SyncTelemetryNoOpSpec[jvm]","com.georgeci.moneysurfer.sync.telemetry.SyncTelemetryNoOpSpec",""
"","95","offline build resolves isOffline true[jvm]","","2026-07-30","passed","2026-07-30","","OfflineConfigGraphTest[jvm]","com.georgeci.moneysurfer.offline.di.OfflineConfigGraphTest",""
"","1","a group the page cut in half renders as its legs rather than a short total[jvm]","","2026-07-30","passed","2026-07-30","","TransactionsListSplitTest[jvm]","com.georgeci.moneysurfer.feature.transaction.list.TransactionsListSplitTest",""
"","3","enqueueUpsert generates a unique id per call[jvm]","","2026-07-30","passed","2026-07-30","","OutboxEnqueuerImplSpec[jvm]","com.georgeci.moneysurfer.sync.repository.OutboxEnqueuerImplSpec",""
"","1","collapses punctuation and repeated separators into token boundaries[jvm]","","2026-07-30","passed","2026-07-30","","FtsQueryTest[jvm]","com.georgeci.moneysurfer.data.db.FtsQueryTest",""
"","1","a value containing quotes, commas and newlines survives the round trip[jvm]","","2026-07-30","passed","2026-07-30","","AccountExtraDetailsColumnTest[jvm]","com.georgeci.moneysurfer.data.db.entity.AccountExtraDetailsColumnTest",""
"","10","a tag containing the CSV separator does not split into two on read[jvm]","","2026-07-30","passed","2026-07-30","","TransactionDetailFieldsIntegrationIT[jvm]","com.georgeci.moneysurfer.integration.repository.TransactionDetailFieldsIntegrationIT",""
"","13","renaming the category carries an untouched backing budget's name along[jvm]","","2026-07-30","passed","2026-07-30","","CategoryCreationViewModelTest[jvm]","com.georgeci.moneysurfer.feature.category.creation.CategoryCreationViewModelTest",""
"","296","a blank name is rejected — save is a no-op and canSave is false[jvm]","","2026-07-30","passed","2026-07-30","","CategoryCreationViewModelTest[jvm]","com.georgeci.moneysurfer.feature.category.creation.CategoryCreationViewModelTest",""
"","8","UploadOnly scope skips pull and recalc[jvm]","","2026-07-30","passed","2026-07-30","","SyncCoordinatorImplSpec[jvm]","com.georgeci.moneysurfer.sync.coordinator.SyncCoordinatorImplSpec",""
"","9","dark scheme: self-tinted amount and type pills clear AA[jvm]","","2026-07-30","passed","2026-07-30","","ColorContrastTest[jvm]","com.georgeci.moneysurfer.uikit.theme.ColorContrastTest",""
"","23","pushAll reports that nothing landed when sync is disabled[jvm]","","2026-07-30","passed","2026-07-30","","SyncCoordinatorWorkspaceSyncerSpec[jvm]","com.georgeci.moneysurfer.data.sync.SyncCoordinatorWorkspaceSyncerSpec",""
"","5","moving a widget onto a switched-off one switches it off, in that slot[jvm]","","2026-07-30","passed","2026-07-30","","DashboardLayoutConfigTest[jvm]","com.georgeci.moneysurfer.domain.dashboard.DashboardLayoutConfigTest",""
"","49","save emits NavigateBack[jvm]","","2026-07-30","passed","2026-07-30","","CategoryCreationViewModelTest[jvm]","com.georgeci.moneysurfer.feature.category.creation.CategoryCreationViewModelTest",""
"","0","SettingsDeleteAccount[jvm]","","2026-07-30","passed","2026-07-30","","RouteSerializationTest[jvm]","com.georgeci.moneysurfer.navigation.RouteSerializationTest",""
"","352","a stored budget reads back with every field intact[jvm]","","2026-07-30","passed","2026-07-30","","BudgetRepositoryImplJvmTest[jvm]","com.georgeci.moneysurfer.data.repository.BudgetRepositoryImplJvmTest",""
"","35","user cannot create another user's member row (only self)","","2026-07-30","passed","2026-07-30","","workspaces/{wid}/members/{uid}","workspaces/{wid}/members/{uid} user cannot create another user's member row (only self)",""
"","12","save is disabled while the amount is empty[jvm]","","2026-07-30","passed","2026-07-30","","GoalContributionViewModelTest[jvm]","com.georgeci.moneysurfer.feature.goal.contribution.GoalContributionViewModelTest",""
"","1","forecast tiles extrapolate the elapsed days across the nominal period[jvm]","","2026-07-30","passed","2026-07-30","","BudgetProgressTest[jvm]","com.georgeci.moneysurfer.domain.model.BudgetProgressTest",""
"","11","running twice queues nothing new — the outbox itself dedupes, and so does this[jvm]","","2026-07-30","passed","2026-07-30","","SyncedSettingsSessionImplJvmTest[jvm]","com.georgeci.moneysurfer.data.config.SyncedSettingsSessionImplJvmTest",""
"","4","a PAUSED goal rejects new contributions[jvm]","","2026-07-30","passed","2026-07-30","","GoalContributionUseCaseTest[jvm]","com.georgeci.moneysurfer.domain.usecase.GoalContributionUseCaseTest",""
"","1","a category that fell past the threshold reads as a saving[jvm]","","2026-07-30","passed","2026-07-30","","InsightRulesTest[jvm]","com.georgeci.moneysurfer.domain.insight.InsightRulesTest",""
"","2","deleting a parent keeps its children, moved up to the root[jvm]","","2026-07-30","passed","2026-07-30","","CategoriesManageViewModelTest[jvm]","com.georgeci.moneysurfer.feature.category.manage.CategoriesManageViewModelTest",""
"","2","transactions dated after today are backed out of the anchor[jvm]","","2026-07-30","passed","2026-07-30","","AccountBalanceSeriesTest[jvm]","com.georgeci.moneysurfer.domain.model.AccountBalanceSeriesTest",""
"","0","planned → actual applies impact[jvm]","","2026-07-30","passed","2026-07-30","","ApplyTransactionChangeUseCaseTest[jvm]","com.georgeci.moneysurfer.domain.usecase.ApplyTransactionChangeUseCaseTest",""
"","1","restyling to the style a widget already has, or a widget the layout lacks, changes nothing[jvm]","","2026-07-30","passed","2026-07-30","","DashboardLayoutConfigTest[jvm]","com.georgeci.moneysurfer.domain.dashboard.DashboardLayoutConfigTest",""
"","8","a payload quoted against a different base is refused[jvm]","","2026-07-30","passed","2026-07-30","","ExchangeRateApiTest[jvm]","com.georgeci.moneysurfer.data.remote.ExchangeRateApiTest",""
"","410","a single flipped ciphertext byte fails the MAC[jvm]","","2026-07-30","passed","2026-07-30","","EncryptedBackupCodecTest[jvm]","com.georgeci.moneysurfer.data.backup.EncryptedBackupCodecTest",""
"","1","merge appends child and unions reasons[jvm]","","2026-07-30","passed","2026-07-30","","MergedSyncRequestSpec[jvm]","com.georgeci.moneysurfer.sync.coordinator.MergedSyncRequestSpec",""
"","1","an interval divides the charge across the months it spans[jvm]","","2026-07-30","passed","2026-07-30","","InsightRulesTest[jvm]","com.georgeci.moneysurfer.domain.insight.InsightRulesTest",""
"","6","enqueueDelete is a no-op when demo session[jvm]","","2026-07-30","passed","2026-07-30","","OutboxEnqueuerSpec[jvm]","com.georgeci.moneysurfer.data.sync.OutboxEnqueuerSpec",""
"","1","Dashboard[jvm]","","2026-07-30","passed","2026-07-30","","RouteSerializationTest[jvm]","com.georgeci.moneysurfer.navigation.RouteSerializationTest",""
"","1","a key whose row the account wipe removed is not resurrected on the server[jvm]","","2026-07-30","passed","2026-07-30","","UserConfigSyncPluginSpec[jvm]","com.georgeci.moneysurfer.data.sync.plugin.UserConfigSyncPluginSpec",""
"","419","with no workspace the reset row is inert — there is no scope to clear[jvm]","","2026-07-30","passed","2026-07-30","","SyncScreenStateTest[jvm]","com.georgeci.moneysurfer.ui.SyncScreenStateTest",""
"","1","an account-scoped summary always uses the account currency[jvm]","","2026-07-30","passed","2026-07-30","","TransactionsListMappingTest[jvm]","com.georgeci.moneysurfer.feature.transaction.list.TransactionsListMappingTest",""
"","44","a newer published build is offered, not enforced[jvm]","","2026-07-30","passed","2026-07-30","","AppVersionGateImplTest[jvm]","com.georgeci.moneysurfer.data.repository.AppVersionGateImplTest",""
"","3","does not create a second workspace when one is already pinned[jvm]","","2026-07-30","passed","2026-07-30","","SeedDefaultsUseCaseTest[jvm]","com.georgeci.moneysurfer.domain.usecase.SeedDefaultsUseCaseTest",""
"","23","observe re-resolves when a layer changes[jvm]","","2026-07-30","passed","2026-07-30","","LayeredConfigSpec[jvm]","com.georgeci.moneysurfer.appconfig.LayeredConfigSpec",""
"","20","invitee accept via full set() (mirrors outbox upload path)","","2026-07-30","passed","2026-07-30","","invites — update / delete","invites — update / delete invitee accept via full set() (mirrors outbox upload path)",""
"","0","null in -> null out[jvm]","","2026-07-30","passed","2026-07-30","","TimeFormatterTest[jvm]","com.georgeci.moneysurfer.data.repository.TimeFormatterTest",""
"","2","a single-currency workspace needs no rates and claims no as-of date[jvm]","","2026-07-30","passed","2026-07-30","","ConvertAccountsTotalUseCaseTest[jvm]","com.georgeci.moneysurfer.domain.usecase.ConvertAccountsTotalUseCaseTest",""
"","19","create blocked when clientVersionCode is below floor","","2026-07-30","passed","2026-07-30","","workspaces/{wid}","workspaces/{wid} create blocked when clientVersionCode is below floor",""
"","357","well-known keys map to their localized labels[jvm]","","2026-07-30","passed","2026-07-30","","AccountExtraDetailLabelTest[jvm]","com.georgeci.moneysurfer.feature.account.AccountExtraDetailLabelTest",""
"","13","import skips duplicate ids inside the same file[jvm]","","2026-07-30","passed","2026-07-30","","ExportImportTransactionsUseCaseTest[jvm]","com.georgeci.moneysurfer.domain.csv.ExportImportTransactionsUseCaseTest",""
"","992","a user who has not been onboarded lands on onboarding, whatever the session says[jvm]","","2026-07-30","passed","2026-07-30","","AppLaunchViewModelTest[jvm]","com.georgeci.moneysurfer.navigation.AppLaunchViewModelTest",""
"","2","an empty repository produces content with no total[jvm]","","2026-07-30","passed","2026-07-30","","AccountChooserViewModelTest[jvm]","com.georgeci.moneysurfer.feature.account.picker.AccountChooserViewModelTest",""
"","35","recentTransactionsEmpty is true when no transactions are logged[jvm]","","2026-07-30","passed","2026-07-30","","DashboardViewModelTest[jvm]","com.georgeci.moneysurfer.feature.dashboard.DashboardViewModelTest",""
"","37","invitee can decline by email match (no targetUserId on doc)","","2026-07-30","passed","2026-07-30","","invites — update / delete","invites — update / delete invitee can decline by email match (no targetUserId on doc)",""
"","3","a third decimal digit is rejected, keeping two[jvm]","","2026-07-30","passed","2026-07-30","","AmountInputTransformationTest[jvm]","com.georgeci.moneysurfer.utils.AmountInputTransformationTest",""
"","0","a table quoted against another base is not trusted to price this workspace[jvm]","","2026-07-30","passed","2026-07-30","","ConvertAccountsTotalUseCaseTest[jvm]","com.georgeci.moneysurfer.domain.usecase.ConvertAccountsTotalUseCaseTest",""
"","254","inserts accounts with USD, EUR, RUB in same workspace and getByWorkspaceId returns all three[jvm]","","2026-07-30","passed","2026-07-30","","AccountCreationIntegrationIT[jvm]","com.georgeci.moneysurfer.integration.repository.AccountCreationIntegrationIT",""
"","4","LastSyncOutcome.Failed carries error and timestamp[jvm]","","2026-07-30","passed","2026-07-30","","SyncStateSpec[jvm]","com.georgeci.moneysurfer.sync.api.SyncStateSpec",""
"","38","rejects when invite already accepted[jvm]","","2026-07-30","passed","2026-07-30","","AcceptInviteUseCaseTest[jvm]","com.georgeci.moneysurfer.domain.usecase.AcceptInviteUseCaseTest",""
"","1","a payload with no publication timestamp is refused[jvm]","","2026-07-30","passed","2026-07-30","","ExchangeRateApiTest[jvm]","com.georgeci.moneysurfer.data.remote.ExchangeRateApiTest",""
"","0","SettingsSync[jvm]","","2026-07-30","passed","2026-07-30","","RouteSerializationTest[jvm]","com.georgeci.moneysurfer.navigation.RouteSerializationTest",""
"","28","an undecodable override is rejected instead of stored[jvm]","","2026-07-30","passed","2026-07-30","","DebugConfigInspectorImplSpec[jvm]","com.georgeci.moneysurfer.appconfig.DebugConfigInspectorImplSpec",""
"","7","markRemoved on missing row is a no-op[jvm]","","2026-07-30","passed","2026-07-30","","WorkspaceMemberRepositoryDualWriteSpec[jvm]","com.georgeci.moneysurfer.data.repository.WorkspaceMemberRepositoryDualWriteSpec",""
"","7","Unknown.isRetryable is true (sync should be re-attempted on next cycle)[jvm]","","2026-07-30","passed","2026-07-30","","SyncErrorClassifierSpec[jvm]","com.georgeci.moneysurfer.sync.internal.SyncErrorClassifierSpec",""
"","3","rejects when no current user[jvm]","","2026-07-30","passed","2026-07-30","","LeaveWorkspaceUseCaseTest[jvm]","com.georgeci.moneysurfer.domain.usecase.LeaveWorkspaceUseCaseTest",""
"","121","picking a period re-picks the budget the headline speaks for[jvm]","","2026-07-30","passed","2026-07-30","","DashboardPeriodViewModelTest[jvm]","com.georgeci.moneysurfer.feature.dashboard.DashboardPeriodViewModelTest",""
"","9","a non-blank name enables save[jvm]","","2026-07-30","passed","2026-07-30","","CategoryCreationViewModelTest[jvm]","com.georgeci.moneysurfer.feature.category.creation.CategoryCreationViewModelTest",""
"","6","the toolbar back action pops the screen[jvm]","","2026-07-30","passed","2026-07-30","","WorkspaceSelectorViewModelTest[jvm]","com.georgeci.moneysurfer.feature.workspace.selector.WorkspaceSelectorViewModelTest",""
"","1","ignores planned rows[jvm]","","2026-07-30","passed","2026-07-30","","RecalculateAccountBalanceUseCaseTest[jvm]","com.georgeci.moneysurfer.domain.usecase.RecalculateAccountBalanceUseCaseTest",""
"","14","second pull passes the stored cursor to the reader[jvm]","","2026-07-30","passed","2026-07-30","","PullRemoteChangesUseCaseImplSpec[jvm]","com.georgeci.moneysurfer.data.sync.PullRemoteChangesUseCaseImplSpec",""
"","114","each row carries the value kind derived from its codec[jvm]","","2026-07-30","passed","2026-07-30","","DebugConfigInspectorImplSpec[jvm]","com.georgeci.moneysurfer.appconfig.DebugConfigInspectorImplSpec",""
"","22","a tombstone deletes the account and its transactions[jvm]","","2026-07-30","passed","2026-07-30","","AccountSyncPluginIT[jvm]","com.georgeci.moneysurfer.integration.plugin.AccountSyncPluginIT",""
"","18","rejects a missing value","","2026-07-30","passed","2026-07-30","","users/{uid}/config/{key}","users/{uid}/config/{key} rejects a missing value",""
"","131","an account this device has never seen is inserted from the document[jvm]","","2026-07-30","passed","2026-07-30","","AccountSyncPluginIT[jvm]","com.georgeci.moneysurfer.integration.plugin.AccountSyncPluginIT",""
"","12","setCursor inserts a fresh row when none exists[jvm]","","2026-07-30","passed","2026-07-30","","SyncMetaRepositoryImplSpec[jvm]","com.georgeci.moneysurfer.sync.internal.repository.SyncMetaRepositoryImplSpec",""
"","9","the widest span is the whole row, and it is what a widget gets by default[jvm]","","2026-07-30","passed","2026-07-30","","DashboardLayoutConfigTest[jvm]","com.georgeci.moneysurfer.domain.dashboard.DashboardLayoutConfigTest",""
"","17","a user can delete their own setting","","2026-07-30","passed","2026-07-30","","users/{uid}/config/{key}","users/{uid}/config/{key} a user can delete their own setting",""
"","12","opens on the type of the currently selected category[jvm]","","2026-07-30","passed","2026-07-30","","CategoryChooserViewModelTest[jvm]","com.georgeci.moneysurfer.feature.category.picker.CategoryChooserViewModelTest",""
"","15","the amount is the month's expense, and income in the same month is not netted off it[jvm]","","2026-07-30","passed","2026-07-30","","GetSpentMonthUseCaseTest[jvm]","com.georgeci.moneysurfer.domain.usecase.GetSpentMonthUseCaseTest",""
"","1","stale auth session surfaces RequiresRecentLogin after cleanup[jvm]","","2026-07-30","passed","2026-07-30","","DeleteUserAccountUseCaseTest[jvm]","com.georgeci.moneysurfer.domain.usecase.DeleteUserAccountUseCaseTest",""
"","1","no budget at all caps nothing[jvm]","","2026-07-30","passed","2026-07-30","","BurnRateTest[jvm]","com.georgeci.moneysurfer.domain.model.BurnRateTest",""
"","21","a transfer pair with one invalid leg does not import the surviving half[jvm]","","2026-07-30","passed","2026-07-30","","ImportTransactionsValidationTest[jvm]","com.georgeci.moneysurfer.domain.csv.ImportTransactionsValidationTest",""
"","7","every type but income files under the expense side[jvm]","","2026-07-30","passed","2026-07-30","","TransactionCreationMappingTest[jvm]","com.georgeci.moneysurfer.feature.transaction.creation.TransactionCreationMappingTest",""
"","4","rejects when email already an active member[jvm]","","2026-07-30","passed","2026-07-30","","SendInviteUseCaseTest[jvm]","com.georgeci.moneysurfer.domain.usecase.SendInviteUseCaseTest",""
"","2","the offline build never offers sign-out — there is no account to sign out of[jvm]","","2026-07-30","passed","2026-07-30","","WorkspaceSelectorViewModelTest[jvm]","com.georgeci.moneysurfer.feature.workspace.selector.WorkspaceSelectorViewModelTest",""
"","5","normalize caps the list at MAX_DETAILS[jvm]","","2026-07-30","passed","2026-07-30","","AccountExtraDetailsTest[jvm]","com.georgeci.moneysurfer.domain.model.AccountExtraDetailsTest",""
"","51","an undecodable document is skipped rather than taking the pull down[jvm]","","2026-07-30","passed","2026-07-30","","AccountSyncPluginIT[jvm]","com.georgeci.moneysurfer.integration.plugin.AccountSyncPluginIT",""
"","12","a blank title never reaches the repository[jvm]","","2026-07-30","passed","2026-07-30","","GoalEditViewModelTest[jvm]","com.georgeci.moneysurfer.feature.goal.edit.GoalEditViewModelTest",""
"","1","a quote small enough to overflow the total counts as missing, not as a clamped balance[jvm]","","2026-07-30","passed","2026-07-30","","ConvertAccountsTotalUseCaseTest[jvm]","com.georgeci.moneysurfer.domain.usecase.ConvertAccountsTotalUseCaseTest",""
"","3","late December can already belong to the next week-year[jvm]","","2026-07-30","passed","2026-07-30","","TransactionPeriodWindowTest[jvm]","com.georgeci.moneysurfer.domain.util.TransactionPeriodWindowTest",""
"","10","Idle is a singleton object[jvm]","","2026-07-30","passed","2026-07-30","","SyncStateSpec[jvm]","com.georgeci.moneysurfer.sync.api.SyncStateSpec",""
"","4","deleting an id that is not there returns nothing, so no Undo is offered[jvm]","","2026-07-30","passed","2026-07-30","","DeleteTransactionUseCaseTest[jvm]","com.georgeci.moneysurfer.domain.usecase.DeleteTransactionUseCaseTest",""
"","8","unknown transaction type is rejected as invalid type[jvm]","","2026-07-30","passed","2026-07-30","","TransactionCsvCodecTest[jvm]","com.georgeci.moneysurfer.domain.csv.TransactionCsvCodecTest",""
"","1","a malformed value is undecodable[jvm]","","2026-07-30","passed","2026-07-30","","PaletteSourceCodecTest[jvm]","com.georgeci.moneysurfer.data.config.PaletteSourceCodecTest",""
"","20","the pushed doc carries the tombstone while the row is deleted[jvm]","","2026-07-30","passed","2026-07-30","","TransactionTombstoneSyncIntegrationIT[jvm]","com.georgeci.moneysurfer.integration.sync.TransactionTombstoneSyncIntegrationIT",""
"","1","trims surrounding whitespace[jvm]","","2026-07-30","passed","2026-07-30","","TransactionTagsTest[jvm]","com.georgeci.moneysurfer.domain.model.TransactionTagsTest",""
"","8","archive flips archived flag[jvm]","","2026-07-30","passed","2026-07-30","","ArchiveAccountUseCaseTest[jvm]","com.georgeci.moneysurfer.domain.usecase.ArchiveAccountUseCaseTest",""
"","1","two budgets both naming only this category leave it uncapped rather than picking one[jvm]","","2026-07-30","passed","2026-07-30","","SpentByCategoryTest[jvm]","com.georgeci.moneysurfer.domain.model.SpentByCategoryTest",""
"","7","deleting one leg of a transfer takes the other with it[jvm]","","2026-07-30","passed","2026-07-30","","DeleteTransactionUseCaseTest[jvm]","com.georgeci.moneysurfer.domain.usecase.DeleteTransactionUseCaseTest",""
"","32","the goals list folds in saved amounts and hides archived goals[jvm]","","2026-07-30","passed","2026-07-30","","SavingsGoalUseCaseTest[jvm]","com.georgeci.moneysurfer.domain.usecase.SavingsGoalUseCaseTest",""
"","25","the series is the week ending today, with the days the query skipped filled in[jvm]","","2026-07-30","passed","2026-07-30","","GetBurnRateUseCaseTest[jvm]","com.georgeci.moneysurfer.domain.usecase.GetBurnRateUseCaseTest",""
"","33","reset clears the draft's filters but keeps the search the list is showing[jvm]","","2026-07-30","passed","2026-07-30","","TransactionFiltersViewModelTest[jvm]","com.georgeci.moneysurfer.feature.transaction.filters.TransactionFiltersViewModelTest",""
"","3","a stored currency the catalogue does not stock resolves to no entry rather than the wrong one[jvm]","","2026-07-30","passed","2026-07-30","","PreferencesViewModelTest[jvm]","com.georgeci.moneysurfer.feature.settings.preferences.PreferencesViewModelTest",""
"","229","an explicit date range takes the window over, so the pager is not drawn[jvm]","","2026-07-30","passed","2026-07-30","","TransactionsListScreenStateTest[jvm]","com.georgeci.moneysurfer.ui.TransactionsListScreenStateTest",""
"","25","rejects a poison update of an existing goal (target as string)","","2026-07-30","passed","2026-07-30","","savings goals (issue #244)","savings goals (issue #244) rejects a poison update of an existing goal (target as string)",""
"","599","the top bar's two actions are Close and Save[jvm]","","2026-07-30","passed","2026-07-30","","TransactionCreationScreenStateTest[jvm]","com.georgeci.moneysurfer.ui.TransactionCreationScreenStateTest",""
"","34","only the nothing-logged-yet empty state carries an add CTA, so only then is the FAB dropped[jvm]","","2026-07-30","passed","2026-07-30","","TransactionsByAccountFilteringTest[jvm]","com.georgeci.moneysurfer.feature.transaction.list.TransactionsByAccountFilteringTest",""
"","1","the type segments partition the list, transfer legs included[jvm]","","2026-07-30","passed","2026-07-30","","TransactionFilterMatchingTest[jvm]","com.georgeci.moneysurfer.feature.transaction.filter.TransactionFilterMatchingTest",""
"","3","status is OK below the alert threshold, WARN at it and OVER past the limit[jvm]","","2026-07-30","passed","2026-07-30","","BudgetProgressTest[jvm]","com.georgeci.moneysurfer.domain.model.BudgetProgressTest",""
"","34","a denied subcollection query skips the rest of that workspace[jvm]","","2026-07-30","passed","2026-07-30","","PullRemoteChangesUseCaseImplSpec[jvm]","com.georgeci.moneysurfer.data.sync.PullRemoteChangesUseCaseImplSpec",""
"","2","minus that overflows Long throws instead of wrapping[jvm]","","2026-07-30","passed","2026-07-30","","MoneyTest[jvm]","com.georgeci.moneysurfer.domain.primitives.MoneyTest",""
"","187","outbox rows and cursors replace their empty states, one node per row[jvm]","","2026-07-30","passed","2026-07-30","","SyncScreenStateTest[jvm]","com.georgeci.moneysurfer.ui.SyncScreenStateTest",""
"","12","different ids spread across the palette rather than collapsing onto one colour[jvm]","","2026-07-30","passed","2026-07-30","","CategoryAppearanceTest[jvm]","com.georgeci.moneysurfer.domain.model.CategoryAppearanceTest",""
"","5","every currency carries a code, a symbol and a display name[jvm]","","2026-07-30","passed","2026-07-30","","CurrencyRepositoryImplTest[jvm]","com.georgeci.moneysurfer.data.repository.CurrencyRepositoryImplTest",""
"","15","a consistent transfer pair imports both legs[jvm]","","2026-07-30","passed","2026-07-30","","ImportTransactionsValidationTest[jvm]","com.georgeci.moneysurfer.domain.csv.ImportTransactionsValidationTest",""
"","6","value kind enumerates every choice so the panel never needs free-text entry[jvm]","","2026-07-30","passed","2026-07-30","","PaletteSourceCodecTest[jvm]","com.georgeci.moneysurfer.data.config.PaletteSourceCodecTest",""
"","0","a pinned workspace that is not in the list yet leaves the line blank[jvm]","","2026-07-30","passed","2026-07-30","","ShellIdentityTest[jvm]","com.georgeci.moneysurfer.navigation.ShellIdentityTest",""
"","1","an amount the field cannot parse counts as nothing rather than breaking the arithmetic[jvm]","","2026-07-30","passed","2026-07-30","","TransactionCreationStateTest[jvm]","com.georgeci.moneysurfer.feature.transaction.creation.TransactionCreationStateTest",""
"","8","the unset sentinels are not mistaken for stored values[jvm]","","2026-07-30","passed","2026-07-30","","CategoryAppearanceTest[jvm]","com.georgeci.moneysurfer.domain.model.CategoryAppearanceTest",""
"","12","re-currencies accounts still on the previous workspace currency[jvm]","","2026-07-30","passed","2026-07-30","","UpdateWorkspaceCurrencyUseCaseTest[jvm]","com.georgeci.moneysurfer.domain.usecase.UpdateWorkspaceCurrencyUseCaseTest",""
"","14","the tombstone survives the wire in both directions[jvm]","","2026-07-30","passed","2026-07-30","","TransactionTombstoneSyncIntegrationIT[jvm]","com.georgeci.moneysurfer.integration.sync.TransactionTombstoneSyncIntegrationIT",""
"","1","addUpload accumulates uploadedCount[jvm]","","2026-07-30","passed","2026-07-30","","SyncSummaryBuilderSpec[jvm]","com.georgeci.moneysurfer.sync.api.SyncSummaryBuilderSpec",""
"","1","equal timestamps → take local (stable, no-op re-pull)[jvm]","","2026-07-30","passed","2026-07-30","","LwwConflictResolverSpec[jvm]","com.georgeci.moneysurfer.sync.repository.LwwConflictResolverSpec",""
"","183","save creates an expense category in the current workspace and trims the name[jvm]","","2026-07-30","passed","2026-07-30","","CategoryCreationViewModelTest[jvm]","com.georgeci.moneysurfer.feature.category.creation.CategoryCreationViewModelTest",""
"","91","an oversized source is rejected without being fully read into memory[jvm]","","2026-07-30","passed","2026-07-30","","ImportTransactionsValidationTest[jvm]","com.georgeci.moneysurfer.domain.csv.ImportTransactionsValidationTest",""
"","24","rejects a budget whose amount is a string","","2026-07-30","passed","2026-07-30","","entity write-shape validation (issue #156)","entity write-shape validation (issue #156) rejects a budget whose amount is a string",""
"","2","a blank FIREBASE_PROJECT_ID falls back rather than yielding an empty project[jvm]","","2026-07-30","passed","2026-07-30","","DesktopFirebaseOptionsJvmTest[jvm]","com.georgeci.moneysurfer.data.remote.DesktopFirebaseOptionsJvmTest",""
"","58","editing an existing row is not a way into a transfer, so its chooser offers no shortcut[jvm]","","2026-07-30","passed","2026-07-30","","TransactionCreationFormTest[jvm]","com.georgeci.moneysurfer.feature.transaction.creation.TransactionCreationFormTest",""
"","21","a budget with no categories means every expense category, not a phantom one[jvm]","","2026-07-30","passed","2026-07-30","","BudgetRepositoryImplJvmTest[jvm]","com.georgeci.moneysurfer.data.repository.BudgetRepositoryImplJvmTest",""
"","20","import skips rows whose id already exists locally[jvm]","","2026-07-30","passed","2026-07-30","","ExportImportTransactionsUseCaseTest[jvm]","com.georgeci.moneysurfer.domain.csv.ExportImportTransactionsUseCaseTest",""
"","14","LastSyncOutcome.Success carries summary and timestamp[jvm]","","2026-07-30","passed","2026-07-30","","SyncStateSpec[jvm]","com.georgeci.moneysurfer.sync.api.SyncStateSpec",""
"","29","asking for another page when the window is exhausted changes nothing[jvm]","","2026-07-30","passed","2026-07-30","","TransactionsByAccountNavigationTest[jvm]","com.georgeci.moneysurfer.feature.transaction.list.TransactionsByAccountNavigationTest",""
"","1","a transfer needs two different accounts and drops the category requirement[jvm]","","2026-07-30","passed","2026-07-30","","TransactionCreationStateTest[jvm]","com.georgeci.moneysurfer.feature.transaction.creation.TransactionCreationStateTest",""
"","111","the form opens on the currency list with the first entry preselected[jvm]","","2026-07-30","passed","2026-07-30","","WorkspaceCreationViewModelTest[jvm]","com.georgeci.moneysurfer.feature.workspace.creation.WorkspaceCreationViewModelTest",""
"","39","authenticated user can read app config","","2026-07-30","passed","2026-07-30","","appConfig/{docId}","appConfig/{docId} authenticated user can read app config",""
"","78","an empty buffer explains itself instead of offering a clear action[jvm]","","2026-07-30","passed","2026-07-30","","DebugLogScreenStateTest[jvm]","com.georgeci.moneysurfer.ui.DebugLogScreenStateTest",""
"","18","signed-in user can create a workspace they own","","2026-07-30","passed","2026-07-30","","workspaces/{wid}","workspaces/{wid} signed-in user can create a workspace they own",""
"","14","an invite tombstone removes the row[jvm]","","2026-07-30","passed","2026-07-30","","WorkspaceTreeSyncPluginIT[jvm]","com.georgeci.moneysurfer.integration.plugin.WorkspaceTreeSyncPluginIT",""
"","5","extra fields stop being addable at the storage limit[jvm]","","2026-07-30","passed","2026-07-30","","AccountCreationStateTest[jvm]","com.georgeci.moneysurfer.feature.account.creation.AccountCreationStateTest",""
"","24","rejects a poison update of an existing account (balance as string)","","2026-07-30","passed","2026-07-30","","entity write-shape validation (issue #156)","entity write-shape validation (issue #156) rejects a poison update of an existing account (balance as string)",""
"","10","the screen opens on what is currently applied, not on a blank slate[jvm]","","2026-07-30","passed","2026-07-30","","TransactionFiltersViewModelTest[jvm]","com.georgeci.moneysurfer.feature.transaction.filters.TransactionFiltersViewModelTest",""
"","19","with no budget the projection still emits, without a verdict on it[jvm]","","2026-07-30","passed","2026-07-30","","GetBurnRateUseCaseTest[jvm]","com.georgeci.moneysurfer.domain.usecase.GetBurnRateUseCaseTest",""
"","8","the grid shows the seven most used categories of the type[jvm]","","2026-07-30","passed","2026-07-30","","TransactionCreationMappingTest[jvm]","com.georgeci.moneysurfer.feature.transaction.creation.TransactionCreationMappingTest",""
"","8","every decoded code survives a re-encode[jvm]","","2026-07-30","passed","2026-07-30","","CurrencyCodeCodecTest[jvm]","com.georgeci.moneysurfer.data.config.CurrencyCodeCodecTest",""
"","8","previousWindow is the window immediately before the given one[jvm]","","2026-07-30","passed","2026-07-30","","BudgetPeriodWindowTest[jvm]","com.georgeci.moneysurfer.domain.util.BudgetPeriodWindowTest",""
"","8","a current record read as the pre-#260 format is rejected as an over-long row[jvm]","","2026-07-30","passed","2026-07-30","","TransactionCsvCodecTest[jvm]","com.georgeci.moneysurfer.domain.csv.TransactionCsvCodecTest",""
"","2","fetch failure propagates as AuthError.Unknown[jvm]","","2026-07-30","passed","2026-07-30","","PostAuthBootstrapUseCaseTest[jvm]","com.georgeci.moneysurfer.domain.usecase.PostAuthBootstrapUseCaseTest",""
"","57","a month with no spend behind it gets no delta rather than an infinite one[jvm]","","2026-07-30","passed","2026-07-30","","DashboardSpentMonthViewModelTest[jvm]","com.georgeci.moneysurfer.feature.dashboard.DashboardSpentMonthViewModelTest",""
"","28","a 411 dp phone window at 2x density reports Compact[jvm]","","2026-07-30","passed","2026-07-30","","SurferWindowSizeCompositionTest[jvm]","com.georgeci.moneysurfer.ui.SurferWindowSizeCompositionTest",""
"","835","a well-formed response becomes the domain table[jvm]","","2026-07-30","passed","2026-07-30","","HttpExchangeRateRemoteSourceJvmTest[jvm]","com.georgeci.moneysurfer.data.remote.HttpExchangeRateRemoteSourceJvmTest",""
"","14","a blank address is not even looked up[jvm]","","2026-07-30","passed","2026-07-30","","UserRemoteRepositoryImplTest[jvm]","com.georgeci.moneysurfer.data.repository.UserRemoteRepositoryImplTest",""
"","34","a canonical operationDate on the same day still counts[jvm]","","2026-07-30","passed","2026-07-30","","SpendAnalyticsRepositoryImplJvmTest[jvm]","com.georgeci.moneysurfer.data.repository.SpendAnalyticsRepositoryImplJvmTest",""
"","4","schedulePeriodic uses default constraints when none supplied[jvm]","","2026-07-30","passed","2026-07-30","","BackgroundSyncSchedulerSpec[jvm]","com.georgeci.moneysurfer.sync.scheduler.BackgroundSyncSchedulerSpec",""
"","14","markDeclined transitions status to DECLINED[jvm]","","2026-07-30","passed","2026-07-30","","WorkspaceInviteRepositoryDualWriteSpec[jvm]","com.georgeci.moneysurfer.data.repository.WorkspaceInviteRepositoryDualWriteSpec",""
"","18","non-owner cannot edit another member's row","","2026-07-30","passed","2026-07-30","","workspaces/{wid}/members/{uid}","workspaces/{wid}/members/{uid} non-owner cannot edit another member's row",""
"","44","member can create + read in budgets","","2026-07-30","passed","2026-07-30","","member-gated entities (smoke for the rest)","member-gated entities (smoke for the rest) member can create + read in budgets",""
"","46","member can create + read in recurringRules","","2026-07-30","passed","2026-07-30","","member-gated entities (smoke for the rest)","member-gated entities (smoke for the rest) member can create + read in recurringRules",""
"","238","the pager names the month and refuses to page past the current one[jvm]","","2026-07-30","passed","2026-07-30","","TransactionsListScreenStateTest[jvm]","com.georgeci.moneysurfer.ui.TransactionsListScreenStateTest",""
"","5","staging a delete counts the children the confirmation has to warn about[jvm]","","2026-07-30","passed","2026-07-30","","CategoriesManageViewModelTest[jvm]","com.georgeci.moneysurfer.feature.category.manage.CategoriesManageViewModelTest",""
"","21","signup rolls the session back when the bootstrap fails[jvm]","","2026-07-30","passed","2026-07-30","","AuthSessionRollbackTest[jvm]","com.georgeci.moneysurfer.domain.usecase.AuthSessionRollbackTest",""
"","1","MutationOperation enumerates INSERT, UPDATE, DELETE[jvm]","","2026-07-30","passed","2026-07-30","","PendingMutationSpec[jvm]","com.georgeci.moneysurfer.sync.repository.PendingMutationSpec",""
"","19","an update keeps the stored createdAt and stamps updatedAt from the clock[jvm]","","2026-07-30","passed","2026-07-30","","RecurringRuleRepositoryImplJvmTest[jvm]","com.georgeci.moneysurfer.data.repository.RecurringRuleRepositoryImplJvmTest",""
"","108","the form's two plain navigation actions leave the state alone[jvm]","","2026-07-30","passed","2026-07-30","","TransactionCreationFormTest[jvm]","com.georgeci.moneysurfer.feature.transaction.creation.TransactionCreationFormTest",""
"","13","an insert is paired with an INSERT outbox entry scoped to the workspace[jvm]","","2026-07-30","passed","2026-07-30","","RecurringRuleRepositoryImplJvmTest[jvm]","com.georgeci.moneysurfer.data.repository.RecurringRuleRepositoryImplJvmTest",""
"","5","Unsupported app version short-circuits the sync with UnsupportedAppVersion[jvm]","","2026-07-30","passed","2026-07-30","","SyncCoordinatorImplSpec[jvm]","com.georgeci.moneysurfer.sync.coordinator.SyncCoordinatorImplSpec",""
"","44","invitee can re-push the same terminal status (idempotent)","","2026-07-30","passed","2026-07-30","","invites — update / delete","invites — update / delete invitee can re-push the same terminal status (idempotent)",""
"","3","SyncHandleStatus.Running carries currentStep[jvm]","","2026-07-30","passed","2026-07-30","","SyncStateSpec[jvm]","com.georgeci.moneysurfer.sync.api.SyncStateSpec",""
"","305","tampering with the sealed payload surfaces WrongPassphrase[jvm]","","2026-07-30","passed","2026-07-30","","BackupEncryptedRoundTripJvmTest[jvm]","com.georgeci.moneysurfer.data.backup.BackupEncryptedRoundTripJvmTest",""
"","0","the default for an id is stable across calls[jvm]","","2026-07-30","passed","2026-07-30","","CategoryAppearanceTest[jvm]","com.georgeci.moneysurfer.domain.model.CategoryAppearanceTest",""
"","1","an ordinary transaction is a group of one and is not a split[jvm]","","2026-07-30","passed","2026-07-30","","TransactionSplitGroupTest[jvm]","com.georgeci.moneysurfer.domain.model.TransactionSplitGroupTest",""
"","1","an ordinary transaction's edit touches nothing else[jvm]","","2026-07-30","passed","2026-07-30","","UpdateTransactionUseCaseTest[jvm]","com.georgeci.moneysurfer.domain.usecase.UpdateTransactionUseCaseTest",""
"","37","the picked icon, colour and parent are persisted[jvm]","","2026-07-30","passed","2026-07-30","","CategoryCreationViewModelTest[jvm]","com.georgeci.moneysurfer.feature.category.creation.CategoryCreationViewModelTest",""
"","27","authenticated list/scan is denied — auth buys no enumeration either","","2026-07-30","passed","2026-07-30","","appConfig/{docId}","appConfig/{docId} authenticated list/scan is denied — auth buys no enumeration either",""
"","0","archive on missing account returns AccountNotFound[jvm]","","2026-07-30","passed","2026-07-30","","ArchiveAccountUseCaseTest[jvm]","com.georgeci.moneysurfer.domain.usecase.ArchiveAccountUseCaseTest",""
"","1","a PAUSED goal still allows a withdrawal[jvm]","","2026-07-30","passed","2026-07-30","","GoalContributionUseCaseTest[jvm]","com.georgeci.moneysurfer.domain.usecase.GoalContributionUseCaseTest",""
"","30","the wiped values are held in memory, so the running UI keeps its theme[jvm]","","2026-07-30","passed","2026-07-30","","LocalDataResetIntegrationIT[jvm]","com.georgeci.moneysurfer.integration.repository.LocalDataResetIntegrationIT",""
"","33","oldest first reverses the whole list, day groups included[jvm]","","2026-07-30","passed","2026-07-30","","TransactionsByAccountFilteringTest[jvm]","com.georgeci.moneysurfer.feature.transaction.list.TransactionsByAccountFilteringTest",""
"","5","a custom range may be open at either end[jvm]","","2026-07-30","passed","2026-07-30","","TransactionFilterMatchingTest[jvm]","com.georgeci.moneysurfer.feature.transaction.filter.TransactionFilterMatchingTest",""
"","1","redactEmail returns a fixed marker for malformed input[jvm]","","2026-07-30","passed","2026-07-30","","PiiRedactionTest[jvm]","com.georgeci.moneysurfer.domain.logging.PiiRedactionTest",""
"","9","zero with decimals like 000.00 is not a valid transaction amount[jvm]","","2026-07-30","passed","2026-07-30","","TransactionAmountInputTest[jvm]","com.georgeci.moneysurfer.feature.transaction.creation.TransactionAmountInputTest",""
"","3","a padded day name from a remote doc is trimmed rather than dropped[jvm]","","2026-07-30","passed","2026-07-30","","RecurringRuleDtoMapperSpec[jvm]","com.georgeci.moneysurfer.data.sync.RecurringRuleDtoMapperSpec",""
"","35","switching workspace re-emits the footer[jvm]","","2026-07-30","passed","2026-07-30","","AppShellViewModelTest[jvm]","com.georgeci.moneysurfer.navigation.AppShellViewModelTest",""
"","20","stranger cannot transition someone else's invite","","2026-07-30","passed","2026-07-30","","invites — update / delete","invites — update / delete stranger cannot transition someone else's invite",""
"","1367","duplicating prefills the fields but saves a brand-new transaction[jvm]","","2026-07-30","passed","2026-07-30","","TransactionCreationEditTest[jvm]","com.georgeci.moneysurfer.feature.transaction.creation.TransactionCreationEditTest",""
"","1","spending past the cap reads OVER, and the fraction is allowed past one[jvm]","","2026-07-30","passed","2026-07-30","","SpentByCategoryTest[jvm]","com.georgeci.moneysurfer.domain.model.SpentByCategoryTest",""
"","47","an operationDate that is never written, from before the column existed is counted by no aggregate[jvm]","","2026-07-30","passed","2026-07-30","","SpendAnalyticsRepositoryImplJvmTest[jvm]","com.georgeci.moneysurfer.data.repository.SpendAnalyticsRepositoryImplJvmTest",""
"","3","WorkspaceSelector[jvm]","","2026-07-30","passed","2026-07-30","","RouteSerializationTest[jvm]","com.georgeci.moneysurfer.navigation.RouteSerializationTest",""
"","8","pull progress emits PullingCollection into running state[jvm]","","2026-07-30","passed","2026-07-30","","SyncCoordinatorImplBranchSpec[jvm]","com.georgeci.moneysurfer.sync.coordinator.SyncCoordinatorImplBranchSpec",""
"","22","member can get the workspace doc","","2026-07-30","passed","2026-07-30","","workspaces/{wid}","workspaces/{wid} member can get the workspace doc",""
"","12","pending returns rows sorted by createdAt ascending[jvm]","","2026-07-30","passed","2026-07-30","","PendingMutationQueueImplSpec[jvm]","com.georgeci.moneysurfer.sync.internal.repository.PendingMutationQueueImplSpec",""
"","1","as a dead end from sign-in the online build offers a way out[jvm]","","2026-07-30","passed","2026-07-30","","WorkspaceSelectorViewModelTest[jvm]","com.georgeci.moneysurfer.feature.workspace.selector.WorkspaceSelectorViewModelTest",""
"","13","a second refresh within the day does not hit the provider again[jvm]","","2026-07-30","passed","2026-07-30","","ExchangeRateRepositoryImplJvmTest[jvm]","com.georgeci.moneysurfer.data.repository.ExchangeRateRepositoryImplJvmTest",""
"","32","owner can remove entries from their own invitedWorkspaceIds","","2026-07-30","passed","2026-07-30","","users/{uid} — invitedWorkspaceIds cross-user append","users/{uid} — invitedWorkspaceIds cross-user append owner can remove entries from their own invitedWorkspaceIds",""
"","80","clearing one override leaves the others alone[jvm]","","2026-07-30","passed","2026-07-30","","DebugConfigSourceImplJvmTest[jvm]","com.georgeci.moneysurfer.data.config.DebugConfigSourceImplJvmTest",""
"","7","a stored leg is flagged in edit mode so the delete confirmation can name the receipt[jvm]","","2026-07-30","passed","2026-07-30","","TransactionCreationSplitEditingTest[jvm]","com.georgeci.moneysurfer.feature.transaction.creation.TransactionCreationSplitEditingTest",""
"","3","blank id is rejected as invalid id[jvm]","","2026-07-30","passed","2026-07-30","","TransactionCsvCodecTest[jvm]","com.georgeci.moneysurfer.domain.csv.TransactionCsvCodecTest",""
"","0","'0' -> '0'[jvm]","","2026-07-30","passed","2026-07-30","","AmountInputTransformationTest[jvm]","com.georgeci.moneysurfer.utils.AmountInputTransformationTest",""
"","0","budgets that do not name this category are ignored[jvm]","","2026-07-30","passed","2026-07-30","","CategoryCapCoverageTest[jvm]","com.georgeci.moneysurfer.domain.model.CategoryCapCoverageTest",""
"","169","a slice with no category is named on the screen, not left blank[jvm]","","2026-07-30","passed","2026-07-30","","DashboardScreenStateTest[jvm]","com.georgeci.moneysurfer.ui.DashboardScreenStateTest",""
"","3","each preset resolves the span its label promises[jvm]","","2026-07-30","passed","2026-07-30","","TransactionFilterMatchingTest[jvm]","com.georgeci.moneysurfer.feature.transaction.filter.TransactionFilterMatchingTest",""
"","7","editing mode is derived from the account id for loading and content states[jvm]","","2026-07-30","passed","2026-07-30","","AccountCreationStateTest[jvm]","com.georgeci.moneysurfer.feature.account.creation.AccountCreationStateTest",""
"","17","empty outbox returns zero uploads without touching in-flight state[jvm]","","2026-07-30","passed","2026-07-30","","UploadPendingChangesUseCaseImplSpec[jvm]","com.georgeci.moneysurfer.data.sync.UploadPendingChangesUseCaseImplSpec",""
"","2","Cancelled is not retryable[jvm]","","2026-07-30","passed","2026-07-30","","SyncErrorSpec[jvm]","com.georgeci.moneysurfer.sync.api.SyncErrorSpec",""
"","1","successful deletion clears the session and keeps the overlay up[jvm]","","2026-07-30","passed","2026-07-30","","DeleteUserAccountViewModelTest[jvm]","com.georgeci.moneysurfer.feature.settings.account.DeleteUserAccountViewModelTest",""
"","32","transfer auto-seeds Transfer category with systemKind=TRANSFER on first call and reuses it on subsequent calls[jvm]","","2026-07-30","passed","2026-07-30","","TransferCreationIntegrationIT[jvm]","com.georgeci.moneysurfer.integration.repository.TransferCreationIntegrationIT",""
"","25","accepts a goal with nullable targetDate/accountId set to null","","2026-07-30","passed","2026-07-30","","savings goals (issue #244)","savings goals (issue #244) accepts a goal with nullable targetDate/accountId set to null",""
"","30","an insert is paired with an INSERT outbox entry scoped to the workspace[jvm]","","2026-07-30","passed","2026-07-30","","BudgetRepositoryImplJvmTest[jvm]","com.georgeci.moneysurfer.data.repository.BudgetRepositoryImplJvmTest",""
"","1","reorder surfaces a repository failure instead of throwing[jvm]","","2026-07-30","passed","2026-07-30","","AccountWriteUseCasesTest[jvm]","com.georgeci.moneysurfer.domain.usecase.AccountWriteUseCasesTest",""
"","35","multiple decimal separators are an invalid format[jvm]","","2026-07-30","passed","2026-07-30","","TransactionAmountInputTest[jvm]","com.georgeci.moneysurfer.feature.transaction.creation.TransactionAmountInputTest",""
"","41","an override applies and marks the row as overridden[jvm]","","2026-07-30","passed","2026-07-30","","DebugConfigInspectorImplSpec[jvm]","com.georgeci.moneysurfer.appconfig.DebugConfigInspectorImplSpec",""
"","50","row referencing a missing account is reported and not inserted[jvm]","","2026-07-30","passed","2026-07-30","","CsvBackupIntegrationIT[jvm]","com.georgeci.moneysurfer.integration.repository.CsvBackupIntegrationIT",""
"","17","a second write sees the first one's value rather than the state it replaced[jvm]","","2026-07-30","passed","2026-07-30","","PreferencesMirrorJvmTest[jvm]","com.georgeci.moneysurfer.data.config.PreferencesMirrorJvmTest",""
"","2","goal details emit null once the goal is gone[jvm]","","2026-07-30","passed","2026-07-30","","SavingsGoalUseCaseTest[jvm]","com.georgeci.moneysurfer.domain.usecase.SavingsGoalUseCaseTest",""
"","1","the number of purged rows is reported back to the caller[jvm]","","2026-07-30","passed","2026-07-30","","PurgeDeletedTransactionsUseCaseTest[jvm]","com.georgeci.moneysurfer.domain.usecase.PurgeDeletedTransactionsUseCaseTest",""
"","9","a leg's split id survives a V2 file being re-imported into the current layout[jvm]","","2026-07-30","passed","2026-07-30","","TransactionCsvCodecTest[jvm]","com.georgeci.moneysurfer.domain.csv.TransactionCsvCodecTest",""
"","46","an operationDate that is a timestamp, not a date is counted by no aggregate[jvm]","","2026-07-30","passed","2026-07-30","","SpendAnalyticsRepositoryImplJvmTest[jvm]","com.georgeci.moneysurfer.data.repository.SpendAnalyticsRepositoryImplJvmTest",""
"","83","a key that is not remoteOverridable is ignored and never mirrored[jvm]","","2026-07-30","passed","2026-07-30","","RemoteGlobalConfigSourceImplSpec[jvm]","com.georgeci.moneysurfer.appconfig.remote.RemoteGlobalConfigSourceImplSpec",""
"","462","a root-collection outbox row and a truncated queue both render their own wording[jvm]","","2026-07-30","passed","2026-07-30","","SyncScreenStateTest[jvm]","com.georgeci.moneysurfer.ui.SyncScreenStateTest",""
"","1","'1.999' (three decimal digits)[jvm]","","2026-07-30","passed","2026-07-30","","AmountInputTransformationTest[jvm]","com.georgeci.moneysurfer.utils.AmountInputTransformationTest",""
"","8","normalizing keeps the stored style of a widget it re-appends nothing for[jvm]","","2026-07-30","passed","2026-07-30","","DashboardLayoutConfigTest[jvm]","com.georgeci.moneysurfer.domain.dashboard.DashboardLayoutConfigTest",""
"","1","typing into a line touches only that line[jvm]","","2026-07-30","passed","2026-07-30","","TransactionCreationSplitEditingTest[jvm]","com.georgeci.moneysurfer.feature.transaction.creation.TransactionCreationSplitEditingTest",""
"","138","tapping a budget row opens that budget, not the list[jvm]","","2026-07-30","passed","2026-07-30","","DashboardBudgetsViewModelTest[jvm]","com.georgeci.moneysurfer.feature.dashboard.DashboardBudgetsViewModelTest",""
"","0","a category with nothing behind it is not 'up infinity'[jvm]","","2026-07-30","passed","2026-07-30","","InsightRulesTest[jvm]","com.georgeci.moneysurfer.domain.insight.InsightRulesTest",""
"","0","'42.' -> '42.'[jvm]","","2026-07-30","passed","2026-07-30","","AmountInputTransformationTest[jvm]","com.georgeci.moneysurfer.utils.AmountInputTransformationTest",""
"","35","member can tombstone in categories","","2026-07-30","passed","2026-07-30","","tombstone update shape (push-side soft delete)","tombstone update shape (push-side soft delete) member can tombstone in categories",""
"","18","export click requests a save file with a csv filename[jvm]","","2026-07-30","passed","2026-07-30","","CsvBackupViewModelTest[jvm]","com.georgeci.moneysurfer.feature.settings.csv.CsvBackupViewModelTest",""
"","10","upsert (existing) enqueues UPDATE[jvm]","","2026-07-30","passed","2026-07-30","","WorkspaceInviteRepositoryDualWriteSpec[jvm]","com.georgeci.moneysurfer.data.repository.WorkspaceInviteRepositoryDualWriteSpec",""
"","5","the offline build renders as demo-only[jvm]","","2026-07-30","passed","2026-07-30","","SignInViewModelTest[jvm]","com.georgeci.moneysurfer.feature.login.SignInViewModelTest",""
"","2","Unknown preserves cause and is retryable[jvm]","","2026-07-30","passed","2026-07-30","","SyncErrorSpec[jvm]","com.georgeci.moneysurfer.sync.api.SyncErrorSpec",""
"","9","a write landing while the first is IN_FLIGHT queues a second row[jvm]","","2026-07-30","passed","2026-07-30","","PendingMutationQueueIntegrationIT[jvm]","com.georgeci.moneysurfer.integration.sync.PendingMutationQueueIntegrationIT",""
"","0","TransactionCreation[jvm]","","2026-07-30","passed","2026-07-30","","RouteSerializationTest[jvm]","com.georgeci.moneysurfer.navigation.RouteSerializationTest",""
"","3","unrecognized message returns null so the caller falls back to Unknown[jvm]","","2026-07-30","passed","2026-07-30","","AuthErrorClassificationTest[jvm]","com.georgeci.moneysurfer.data.repository.AuthErrorClassificationTest",""
"","3","quoted field with embedded newline advances the row number by one record[jvm]","","2026-07-30","passed","2026-07-30","","TransactionCsvCodecTest[jvm]","com.georgeci.moneysurfer.domain.csv.TransactionCsvCodecTest",""
"","23","insert writes both DAO and outbox when signed in[jvm]","","2026-07-30","passed","2026-07-30","","WorkspaceMemberRepositoryDualWriteSpec[jvm]","com.georgeci.moneysurfer.data.repository.WorkspaceMemberRepositoryDualWriteSpec",""
"","4","merged writes the merged value and reports a conflict[jvm]","","2026-07-30","passed","2026-07-30","","ApplyResolutionSpec[jvm]","com.georgeci.moneysurfer.data.sync.plugin.ApplyResolutionSpec",""
"","2","the opening balance is what the curve rises from[jvm]","","2026-07-30","passed","2026-07-30","","AccountBalanceSeriesTest[jvm]","com.georgeci.moneysurfer.domain.model.AccountBalanceSeriesTest",""
"","5","a negative balance is allowed for a credit (card) account[jvm]","","2026-07-30","passed","2026-07-30","","InitialBalanceInputTest[jvm]","com.georgeci.moneysurfer.feature.account.creation.InitialBalanceInputTest",""
"","21","invitee cannot tombstone a PENDING invite (known limitation: only status transitions)","","2026-07-30","passed","2026-07-30","","tombstone update shape (push-side soft delete)","tombstone update shape (push-side soft delete) invitee cannot tombstone a PENDING invite (known limitation: only status transitions)",""
"","12","rejects demoting last OWNER[jvm]","","2026-07-30","passed","2026-07-30","","ChangeMemberRoleUseCaseTest[jvm]","com.georgeci.moneysurfer.domain.usecase.ChangeMemberRoleUseCaseTest",""
"","2","mergeScope picks widest — AllUserData dominates[jvm]","","2026-07-30","passed","2026-07-30","","SyncScopeSpec[jvm]","com.georgeci.moneysurfer.sync.api.SyncScopeSpec",""
"","1","Cancelled.isRetryable is false[jvm]","","2026-07-30","passed","2026-07-30","","SyncErrorClassifierSpec[jvm]","com.georgeci.moneysurfer.sync.internal.SyncErrorClassifierSpec",""
"","1","the delta counts the oldest day's own transactions[jvm]","","2026-07-30","passed","2026-07-30","","AccountBalanceSeriesTest[jvm]","com.georgeci.moneysurfer.domain.model.AccountBalanceSeriesTest",""
"","633","empty plaintext round-trips[jvm]","","2026-07-30","passed","2026-07-30","","EncryptedBackupCodecTest[jvm]","com.georgeci.moneysurfer.data.backup.EncryptedBackupCodecTest",""
"","13","a row whose account or category is not loaded keeps the form's current selection[jvm]","","2026-07-30","passed","2026-07-30","","TransactionCreationMappingTest[jvm]","com.georgeci.moneysurfer.feature.transaction.creation.TransactionCreationMappingTest",""
"","1","'42.123' (more than 2 cents)[jvm]","","2026-07-30","passed","2026-07-30","","AmountInputTransformationTest[jvm]","com.georgeci.moneysurfer.utils.AmountInputTransformationTest",""
"","44","searching an amount finds the cents the user did not type[jvm]","","2026-07-30","passed","2026-07-30","","TransactionFilterMatchingTest[jvm]","com.georgeci.moneysurfer.feature.transaction.filter.TransactionFilterMatchingTest",""
"","1","a stale selected id keeps the count but has no resolved name[jvm]","","2026-07-30","passed","2026-07-30","","TransactionsListMappingTest[jvm]","com.georgeci.moneysurfer.feature.transaction.list.TransactionsListMappingTest",""
"","33","a source that reports itself degraded is named without throwing anywhere[jvm]","","2026-07-30","passed","2026-07-30","","LayeredConfigSpec[jvm]","com.georgeci.moneysurfer.appconfig.LayeredConfigSpec",""
"","23","picking a type swaps it on the form[jvm]","","2026-07-30","passed","2026-07-30","","AccountCreationViewModelTest[jvm]","com.georgeci.moneysurfer.feature.account.creation.AccountCreationViewModelTest",""
"","6","cancelCurrent with no running sync is a no-op[jvm]","","2026-07-30","passed","2026-07-30","","SyncCoordinatorImplBranchSpec[jvm]","com.georgeci.moneysurfer.sync.coordinator.SyncCoordinatorImplBranchSpec",""
"","3","the near-limit threshold is the budget's own alert percent[jvm]","","2026-07-30","passed","2026-07-30","","SpentByCategoryTest[jvm]","com.georgeci.moneysurfer.domain.model.SpentByCategoryTest",""
"","19","the currency picker is fed from the catalogue, and the pill resolves against it[jvm]","","2026-07-30","passed","2026-07-30","","PreferencesViewModelTest[jvm]","com.georgeci.moneysurfer.feature.settings.preferences.PreferencesViewModelTest",""
"","14","create and dismiss actions publish their host effects[jvm]","","2026-07-30","passed","2026-07-30","","CategoryChooserViewModelTest[jvm]","com.georgeci.moneysurfer.feature.category.picker.CategoryChooserViewModelTest",""
"","353","the split editor replaces the grid with its lines and says what is left to assign[jvm]","","2026-07-30","passed","2026-07-30","","TransactionCreationScreenStateTest[jvm]","com.georgeci.moneysurfer.ui.TransactionCreationScreenStateTest",""
"","3","each earlier point backs its own month's net out of the one after it[jvm]","","2026-07-30","passed","2026-07-30","","BalanceTrendTest[jvm]","com.georgeci.moneysurfer.domain.model.BalanceTrendTest",""
"","18","opening as a transfer lands on the Transfer tab with both slots already seeded[jvm]","","2026-07-30","passed","2026-07-30","","TransactionCreationSaveTest[jvm]","com.georgeci.moneysurfer.feature.transaction.creation.TransactionCreationSaveTest",""
"","9","unparseable amount is rejected as invalid amount_minor[jvm]","","2026-07-30","passed","2026-07-30","","TransactionCsvCodecTest[jvm]","com.georgeci.moneysurfer.domain.csv.TransactionCsvCodecTest",""
"","2","a zero or non-finite quote counts as missing rather than as an infinite balance[jvm]","","2026-07-30","passed","2026-07-30","","ConvertAccountsTotalUseCaseTest[jvm]","com.georgeci.moneysurfer.domain.usecase.ConvertAccountsTotalUseCaseTest",""
"","19","swiping a transaction away removes it, and the snackbar's Undo puts it back[jvm]","","2026-07-30","passed","2026-07-30","","AccountDetailsViewModelTest[jvm]","com.georgeci.moneysurfer.feature.account.details.AccountDetailsViewModelTest",""
"","16","the limit bounds an all-time query[jvm]","","2026-07-30","passed","2026-07-30","","TransactionWindowIntegrationIT[jvm]","com.georgeci.moneysurfer.integration.repository.TransactionWindowIntegrationIT",""
"","11","a synced key is stored in config_entry, not in the preferences file[jvm]","","2026-07-30","passed","2026-07-30","","LocalConfigSourceImplJvmTest[jvm]","com.georgeci.moneysurfer.data.config.LocalConfigSourceImplJvmTest",""
"","4","blank email skips the mapping lookup entirely[jvm]","","2026-07-30","passed","2026-07-30","","UserAccountDeletionRepositoryImplTest[jvm]","com.georgeci.moneysurfer.data.repository.UserAccountDeletionRepositoryImplTest",""
"","7","the amount field spells a whole number without its trailing zeros[jvm]","","2026-07-30","passed","2026-07-30","","TransactionCreationMappingTest[jvm]","com.georgeci.moneysurfer.feature.transaction.creation.TransactionCreationMappingTest",""
"","13","the back action leaves the screen[jvm]","","2026-07-30","passed","2026-07-30","","DashboardCustomizeViewModelTest[jvm]","com.georgeci.moneysurfer.feature.dashboard.customize.DashboardCustomizeViewModelTest",""
"","2","a grandchild's spend lands on the direct child's breakdown row, not on its own[jvm]","","2026-07-30","passed","2026-07-30","","CategorySpendHistoryTest[jvm]","com.georgeci.moneysurfer.domain.model.CategorySpendHistoryTest",""
"","17","switching a widget off drops it from the dashboard and persists the layout[jvm]","","2026-07-30","passed","2026-07-30","","DashboardCustomizeViewModelTest[jvm]","com.georgeci.moneysurfer.feature.dashboard.customize.DashboardCustomizeViewModelTest",""
"","12","push failure completes the uploaded prefix and fails the remainder[jvm]","","2026-07-30","passed","2026-07-30","","UploadPendingChangesUseCaseImplSpec[jvm]","com.georgeci.moneysurfer.data.sync.UploadPendingChangesUseCaseImplSpec",""
"","98","the footer starts blank, so the drawer renders before the session resolves[jvm]","","2026-07-30","passed","2026-07-30","","AppShellViewModelTest[jvm]","com.georgeci.moneysurfer.navigation.AppShellViewModelTest",""
"","8","archive missing the DataStore entry surfaces MissingFile[jvm]","","2026-07-30","passed","2026-07-30","","BackupImporterImplJvmTest[jvm]","com.georgeci.moneysurfer.data.backup.BackupImporterImplJvmTest",""
"","27","accepts a nullable field set explicitly to null (deletedAt)","","2026-07-30","passed","2026-07-30","","entity write-shape validation (issue #156)","entity write-shape validation (issue #156) accepts a nullable field set explicitly to null (deletedAt)",""
"","7","trailingMonths ends at the anchor and runs oldest first[jvm]","","2026-07-30","passed","2026-07-30","","CategorySpendHistoryTest[jvm]","com.georgeci.moneysurfer.domain.model.CategorySpendHistoryTest",""
"","13","anything that is not three A-Z letters is undecodable, not a default[jvm]","","2026-07-30","passed","2026-07-30","","CurrencyCodeCodecTest[jvm]","com.georgeci.moneysurfer.data.config.CurrencyCodeCodecTest",""
"","2","moving a widget up puts it in the slot of the widget it landed on[jvm]","","2026-07-30","passed","2026-07-30","","DashboardLayoutConfigTest[jvm]","com.georgeci.moneysurfer.domain.dashboard.DashboardLayoutConfigTest",""
"","41","the query covers the chart's week and the month behind it in one window[jvm]","","2026-07-30","passed","2026-07-30","","GetBurnRateUseCaseTest[jvm]","com.georgeci.moneysurfer.domain.usecase.GetBurnRateUseCaseTest",""
"","18","every toggle reaches the store, so navigating away and back does not reset it[jvm]","","2026-07-30","passed","2026-07-30","","PreferencesViewModelTest[jvm]","com.georgeci.moneysurfer.feature.settings.preferences.PreferencesViewModelTest",""
"","1","an error without a throwable only leaves a breadcrumb[jvm]","","2026-07-30","passed","2026-07-30","","CrashReportingLogWriterTest[jvm]","com.georgeci.moneysurfer.domain.telemetry.CrashReportingLogWriterTest",""
"","3","repairs missing Cash account when workspace was pinned without one[jvm]","","2026-07-30","passed","2026-07-30","","SeedDefaultsUseCaseTest[jvm]","com.georgeci.moneysurfer.domain.usecase.SeedDefaultsUseCaseTest",""
"","9","tapping Undo on the archive snackbar restores the account[jvm]","","2026-07-30","passed","2026-07-30","","AccountsManageViewModelTest[jvm]","com.georgeci.moneysurfer.feature.account.manage.AccountsManageViewModelTest",""
"","3","SettingsPreferences[jvm]","","2026-07-30","passed","2026-07-30","","RouteSerializationTest[jvm]","com.georgeci.moneysurfer.navigation.RouteSerializationTest",""
"","20","rejects a budget whose startDate is a number","","2026-07-30","passed","2026-07-30","","entity write-shape validation (issue #156)","entity write-shape validation (issue #156) rejects a budget whose startDate is a number",""
"","18","an upsert for a locally deleted row writes nothing[jvm]","","2026-07-30","passed","2026-07-30","","TransactionSyncPluginIT[jvm]","com.georgeci.moneysurfer.integration.plugin.TransactionSyncPluginIT",""
"","10","the window ends on the clock's today and defaults to a month[jvm]","","2026-07-30","passed","2026-07-30","","GetAccountBalanceSeriesUseCaseTest[jvm]","com.georgeci.moneysurfer.domain.usecase.GetAccountBalanceSeriesUseCaseTest",""
"","24","OnTransactionClick opens the transaction it was raised for[jvm]","","2026-07-30","passed","2026-07-30","","CategoryDetailsViewModelTest[jvm]","com.georgeci.moneysurfer.feature.category.details.CategoryDetailsViewModelTest",""
"","46","invited user CANNOT self-create against a CANCELLED invite","","2026-07-30","passed","2026-07-30","","workspaces/{wid}/members/{uid}","workspaces/{wid}/members/{uid} invited user CANNOT self-create against a CANCELLED invite",""
"","26","a 1360 dp desktop window at 2x density reports Large[jvm]","","2026-07-30","passed","2026-07-30","","SurferWindowSizeCompositionTest[jvm]","com.georgeci.moneysurfer.ui.SurferWindowSizeCompositionTest",""
"","16","a user cannot write into another user's settings","","2026-07-30","passed","2026-07-30","","users/{uid}/config/{key}","users/{uid}/config/{key} a user cannot write into another user's settings",""
"","20","owner can hard-delete the workspace doc (account-deletion purge)","","2026-07-30","passed","2026-07-30","","workspaces/{wid}","workspaces/{wid} owner can hard-delete the workspace doc (account-deletion purge)",""
"","48","invitee can accept even if parent workspace doc is missing on Firestore","","2026-07-30","passed","2026-07-30","","invites — update / delete","invites — update / delete invitee can accept even if parent workspace doc is missing on Firestore",""
"","99","a free-text key is inspect-only[jvm]","","2026-07-30","passed","2026-07-30","","DebugConfigScreenStateTest[jvm]","com.georgeci.moneysurfer.ui.DebugConfigScreenStateTest",""
"","27","a cap with cents survives the round-trip through the field[jvm]","","2026-07-30","passed","2026-07-30","","CategoryCreationViewModelTest[jvm]","com.georgeci.moneysurfer.feature.category.creation.CategoryCreationViewModelTest",""
"","29","dismissing an auth error clears the dialog[jvm]","","2026-07-30","passed","2026-07-30","","SignInViewModelTest[jvm]","com.georgeci.moneysurfer.feature.login.SignInViewModelTest",""
"","27","non-member is blocked from transactions","","2026-07-30","passed","2026-07-30","","member-gated entities (smoke for the rest)","member-gated entities (smoke for the rest) non-member is blocked from transactions",""
"","491","the grid-width section offers every span, on the one the widget already has[jvm]","","2026-07-30","passed","2026-07-30","","DashboardCustomizeScreenStateTest[jvm]","com.georgeci.moneysurfer.ui.DashboardCustomizeScreenStateTest",""
"","23","a contribution whose goal is here is applied[jvm]","","2026-07-30","passed","2026-07-30","","GoalSyncPluginIT[jvm]","com.georgeci.moneysurfer.integration.plugin.GoalSyncPluginIT",""
"","3","observeOutbox honours its row limit[jvm]","","2026-07-30","passed","2026-07-30","","PendingMutationQueueImplSpec[jvm]","com.georgeci.moneysurfer.sync.internal.repository.PendingMutationQueueImplSpec",""
"","17","a user without a workspace goes to the selector[jvm]","","2026-07-30","passed","2026-07-30","","StartRouteTest[jvm]","com.georgeci.moneysurfer.navigation.StartRouteTest",""
"","17","markAccepted transitions status and stamps respondedAt[jvm]","","2026-07-30","passed","2026-07-30","","WorkspaceInviteRepositoryDualWriteSpec[jvm]","com.georgeci.moneysurfer.data.repository.WorkspaceInviteRepositoryDualWriteSpec",""
"","3","WaitingForNetwork title[jvm]","","2026-07-30","passed","2026-07-30","","SyncStepSpec[jvm]","com.georgeci.moneysurfer.sync.api.SyncStepSpec",""
"","15","the window follows the calendar instead of freezing at subscription time[jvm]","","2026-07-30","passed","2026-07-30","","GetMonthlyNetHistoryUseCaseTest[jvm]","com.georgeci.moneysurfer.domain.usecase.GetMonthlyNetHistoryUseCaseTest",""
"","11","awaitNetwork indefinite proceeds when network returns[jvm]","","2026-07-30","passed","2026-07-30","","SyncCoordinatorImplSpec[jvm]","com.georgeci.moneysurfer.sync.coordinator.SyncCoordinatorImplSpec",""
"","1","with only category budgets the largest limit speaks[jvm]","","2026-07-30","passed","2026-07-30","","SafeToSpendTest[jvm]","com.georgeci.moneysurfer.domain.model.SafeToSpendTest",""
"","13","positive cap text is converted from major units into Money[jvm]","","2026-07-30","passed","2026-07-30","","CategoryCreationStateTest[jvm]","com.georgeci.moneysurfer.feature.category.creation.CategoryCreationStateTest",""
"","17","an unauthenticated client is denied","","2026-07-30","passed","2026-07-30","","users/{uid}/config/{key}","users/{uid}/config/{key} an unauthenticated client is denied",""
"","8","local pointer survives a remote failure[jvm]","","2026-07-30","passed","2026-07-30","","SelectWorkspaceUseCaseTest[jvm]","com.georgeci.moneysurfer.domain.usecase.SelectWorkspaceUseCaseTest",""
"","9","more tags than MAX_TAGS are capped at the storage boundary[jvm]","","2026-07-30","passed","2026-07-30","","TransactionDetailFieldsIntegrationIT[jvm]","com.georgeci.moneysurfer.integration.repository.TransactionDetailFieldsIntegrationIT",""
"","80","an unwritable mirror does not propagate out of refresh[jvm]","","2026-07-30","passed","2026-07-30","","RemoteGlobalConfigSourceImplSpec[jvm]","com.georgeci.moneysurfer.appconfig.remote.RemoteGlobalConfigSourceImplSpec",""
"","1","abs of Long.MIN_VALUE throws instead of returning a negative magnitude[jvm]","","2026-07-30","passed","2026-07-30","","MoneyTest[jvm]","com.georgeci.moneysurfer.domain.primitives.MoneyTest",""
"","1","Failed title carries error[jvm]","","2026-07-30","passed","2026-07-30","","SyncStepSpec[jvm]","com.georgeci.moneysurfer.sync.api.SyncStepSpec",""
"","10","rows are mirrored into state as the inspector re-resolves them[jvm]","","2026-07-30","passed","2026-07-30","","DebugConfigViewModelTest[jvm]","com.georgeci.moneysurfer.feature.settings.debug.DebugConfigViewModelTest",""
"","187","an overridden row clears its override when tapped[jvm]","","2026-07-30","passed","2026-07-30","","DebugConfigScreenStateTest[jvm]","com.georgeci.moneysurfer.ui.DebugConfigScreenStateTest",""
"","7","mid-pipeline cancel surfaces SyncCancelledException to the worker catch[jvm]","","2026-07-30","passed","2026-07-30","","SyncCoordinatorImplBranchSpec[jvm]","com.georgeci.moneysurfer.sync.coordinator.SyncCoordinatorImplBranchSpec",""
"","15","shutdown is idempotent — repeated calls keep cancelling[jvm]","","2026-07-30","passed","2026-07-30","","SessionShutdownGateImplSpec[jvm]","com.georgeci.moneysurfer.data.sync.SessionShutdownGateImplSpec",""
"","29","a refresh of the remote config does not block the splash[jvm]","","2026-07-30","passed","2026-07-30","","AppLaunchViewModelTest[jvm]","com.georgeci.moneysurfer.navigation.AppLaunchViewModelTest",""
"","9","clearScope drops all rows for that workspace[jvm]","","2026-07-30","passed","2026-07-30","","SyncMetaRepositoryImplSpec[jvm]","com.georgeci.moneysurfer.data.sync.SyncMetaRepositoryImplSpec",""
"","11","the onboarding's pre-selected type is what the screen opens on[jvm]","","2026-07-30","passed","2026-07-30","","AccountCreationViewModelTest[jvm]","com.georgeci.moneysurfer.feature.account.creation.AccountCreationViewModelTest",""
"","43","a layer that cannot be hydrated degrades instead of taking startup down[jvm]","","2026-07-30","passed","2026-07-30","","LayeredConfigSpec[jvm]","com.georgeci.moneysurfer.appconfig.LayeredConfigSpec",""
"","33","RemoteGlobal cannot override a host fact even when it names one[jvm]","","2026-07-30","passed","2026-07-30","","LayeredConfigSpec[jvm]","com.georgeci.moneysurfer.appconfig.LayeredConfigSpec",""
"","6","addWorkspaceRef fires with the new workspace id so users/{uid}.workspaceIds is filled[jvm]","","2026-07-30","passed","2026-07-30","","CreateWorkspaceUseCaseTest[jvm]","com.georgeci.moneysurfer.domain.usecase.CreateWorkspaceUseCaseTest",""
"","10","results keep the newest-first ordering of the list queries[jvm]","","2026-07-30","passed","2026-07-30","","TransactionFtsIntegrationIT[jvm]","com.georgeci.moneysurfer.integration.repository.TransactionFtsIntegrationIT",""
"","20","an Undo enqueues an UPDATE that clears the tombstone remotely[jvm]","","2026-07-30","passed","2026-07-30","","TransactionTombstoneSyncIntegrationIT[jvm]","com.georgeci.moneysurfer.integration.sync.TransactionTombstoneSyncIntegrationIT",""
"","407","Reset is offered only once the draft carries something to reset[jvm]","","2026-07-30","passed","2026-07-30","","TransactionFiltersScreenStateTest[jvm]","com.georgeci.moneysurfer.ui.TransactionFiltersScreenStateTest",""
"","5","isEnabled is true when signed in and gate allows[jvm]","","2026-07-30","passed","2026-07-30","","OutboxEnqueuerImplSpec[jvm]","com.georgeci.moneysurfer.sync.repository.OutboxEnqueuerImplSpec",""
"","17","a stringified console boolean decodes whatever its casing[jvm]","","2026-07-30","passed","2026-07-30","","RemoteGlobalConfigSourceImplSpec[jvm]","com.georgeci.moneysurfer.appconfig.remote.RemoteGlobalConfigSourceImplSpec",""
"","7","encode normalizes, so blanks and duplicates never reach the column[jvm]","","2026-07-30","passed","2026-07-30","","AccountExtraDetailsColumnTest[jvm]","com.georgeci.moneysurfer.data.db.entity.AccountExtraDetailsColumnTest",""
"","161","a transfer names both accounts instead of an account and a category[jvm]","","2026-07-30","passed","2026-07-30","","TransactionDetailsScreenStateTest[jvm]","com.georgeci.moneysurfer.ui.TransactionDetailsScreenStateTest",""
"","8","an account-scoped list ignores an account picked on the filter screen[jvm]","","2026-07-30","passed","2026-07-30","","TransactionsByAccountFilteringTest[jvm]","com.georgeci.moneysurfer.feature.transaction.list.TransactionsByAccountFilteringTest",""
"","5","only the manage section is captioned[jvm]","","2026-07-30","passed","2026-07-30","","NavigationShellTest[jvm]","com.georgeci.moneysurfer.navigation.NavigationShellTest",""
"","1","searching for a parent does not expose unrelated children[jvm]","","2026-07-30","passed","2026-07-30","","CategoryPickerRowsTest[jvm]","com.georgeci.moneysurfer.feature.category.picker.CategoryPickerRowsTest",""
"","40","a row whose category belongs to a different workspace is rejected[jvm]","","2026-07-30","passed","2026-07-30","","ImportTransactionsValidationTest[jvm]","com.georgeci.moneysurfer.domain.csv.ImportTransactionsValidationTest",""
"","8","the legs share one split id and differ only in category and amount[jvm]","","2026-07-30","passed","2026-07-30","","CreateSplitTransactionUseCaseTest[jvm]","com.georgeci.moneysurfer.domain.usecase.CreateSplitTransactionUseCaseTest",""
"","7","descendantsOf walks the whole subtree[jvm]","","2026-07-30","passed","2026-07-30","","CategoryTreeTest[jvm]","com.georgeci.moneysurfer.domain.model.CategoryTreeTest",""
"","46","entries are ordered narrow to wide, so comparisons read as at-least[jvm]","","2026-07-30","passed","2026-07-30","","SurferWindowSizeTest[jvm]","com.georgeci.moneysurfer.uikit.window.SurferWindowSizeTest",""
"","4","save with a blank name is a no-op — the Save button is the only way in[jvm]","","2026-07-30","passed","2026-07-30","","WorkspaceCreationViewModelTest[jvm]","com.georgeci.moneysurfer.feature.workspace.creation.WorkspaceCreationViewModelTest",""
"","58","drain pushes every queued mutation through its plugin and empties the outbox[jvm]","","2026-07-30","passed","2026-07-30","","WorkspaceCreationSyncIntegrationIT[jvm]","com.georgeci.moneysurfer.integration.sync.WorkspaceCreationSyncIntegrationIT",""
"","63","unauthenticated list/scan is denied — prevents enumerating the collection","","2026-07-30","passed","2026-07-30","","appConfig/{docId}","appConfig/{docId} unauthenticated list/scan is denied — prevents enumerating the collection",""
"","0","repeat delete (null/null) is empty delta[jvm]","","2026-07-30","passed","2026-07-30","","CalculateBalanceDeltaTest[jvm]","com.georgeci.moneysurfer.domain.model.CalculateBalanceDeltaTest",""
"","41","spent-by-category stays empty with no spend, so the widget can say the month is bare[jvm]","","2026-07-30","passed","2026-07-30","","DashboardSpentByCategoryViewModelTest[jvm]","com.georgeci.moneysurfer.feature.dashboard.DashboardSpentByCategoryViewModelTest",""
"","9","non-owner never purges someone else's workspace, even when alone in it[jvm]","","2026-07-30","passed","2026-07-30","","UserAccountDeletionRepositoryImplTest[jvm]","com.georgeci.moneysurfer.data.repository.UserAccountDeletionRepositoryImplTest",""
"","43","resolution takes the first non-absent layer[jvm]","","2026-07-30","passed","2026-07-30","","LayeredConfigSpec[jvm]","com.georgeci.moneysurfer.appconfig.LayeredConfigSpec",""
"","0","rejects when removing the last OWNER[jvm]","","2026-07-30","passed","2026-07-30","","RemoveMemberUseCaseTest[jvm]","com.georgeci.moneysurfer.domain.usecase.RemoveMemberUseCaseTest",""
"","5","pending returns rows in createdAt order[jvm]","","2026-07-30","passed","2026-07-30","","PendingMutationQueueImplSpec[jvm]","com.georgeci.moneysurfer.data.sync.PendingMutationQueueImplSpec",""
"","12","email mapping pointing at a different uid is preserved[jvm]","","2026-07-30","passed","2026-07-30","","UserAccountDeletionRepositoryImplTest[jvm]","com.georgeci.moneysurfer.data.repository.UserAccountDeletionRepositoryImplTest",""
"","10","switching a widget back on returns it to the dashboard, last[jvm]","","2026-07-30","passed","2026-07-30","","DashboardCustomizeViewModelTest[jvm]","com.georgeci.moneysurfer.feature.dashboard.customize.DashboardCustomizeViewModelTest",""
"","288","a search that matched nothing offers the search back, not a new transaction[jvm]","","2026-07-30","passed","2026-07-30","","TransactionsListScreenStateTest[jvm]","com.georgeci.moneysurfer.ui.TransactionsListScreenStateTest",""
"","116","a quiet period says so instead of hiding the widget[jvm]","","2026-07-30","passed","2026-07-30","","DashboardInsightsScreenTest[jvm]","com.georgeci.moneysurfer.ui.DashboardInsightsScreenTest",""
"","38","invitee cannot flip ACCEPTED → DECLINED (terminal state immutable)","","2026-07-30","passed","2026-07-30","","invites — update / delete","invites — update / delete invitee cannot flip ACCEPTED → DECLINED (terminal state immutable)",""
"","5","rejects invalid email[jvm]","","2026-07-30","passed","2026-07-30","","SendInviteUseCaseTest[jvm]","com.georgeci.moneysurfer.domain.usecase.SendInviteUseCaseTest",""
"","10","format large amount[jvm]","","2026-07-30","passed","2026-07-30","","MoneyFormatterTest[jvm]","com.georgeci.moneysurfer.domain.MoneyFormatterTest",""
"","12","a build at or above the floor with nothing newer published is supported[jvm]","","2026-07-30","passed","2026-07-30","","AppVersionGateImplTest[jvm]","com.georgeci.moneysurfer.data.repository.AppVersionGateImplTest",""
"","1","a withdrawal is stored as a negative contribution[jvm]","","2026-07-30","passed","2026-07-30","","GoalContributionUseCaseTest[jvm]","com.georgeci.moneysurfer.domain.usecase.GoalContributionUseCaseTest",""
"","16","replaceTop swaps the current destination without growing the stack[jvm]","","2026-07-30","passed","2026-07-30","","AppNavigatorTest[jvm]","com.georgeci.moneysurfer.navigation.AppNavigatorTest",""
"","41","member can create + read in transactions","","2026-07-30","passed","2026-07-30","","member-gated entities (smoke for the rest)","member-gated entities (smoke for the rest) member can create + read in transactions",""
"","9","a cancelled save picker is not reported as a failure[jvm]","","2026-07-30","passed","2026-07-30","","BackupViewModelTest[jvm]","com.georgeci.moneysurfer.feature.settings.backup.BackupViewModelTest",""
"","0","eligibleParents refuses a category that is already a child — the tree stays one level deep[jvm]","","2026-07-30","passed","2026-07-30","","CategoryTreeTest[jvm]","com.georgeci.moneysurfer.domain.model.CategoryTreeTest",""
"","19","an edit shows the updated snackbar, not the created one[jvm]","","2026-07-30","passed","2026-07-30","","AccountCreationViewModelTest[jvm]","com.georgeci.moneysurfer.feature.account.creation.AccountCreationViewModelTest",""
"","38","the single-account chooser offers the transfer shortcut; the transfer slots exclude each other[jvm]","","2026-07-30","passed","2026-07-30","","TransactionCreationFormTest[jvm]","com.georgeci.moneysurfer.feature.transaction.creation.TransactionCreationFormTest",""
"","4","excludes the transfer source account from both rows and totals[jvm]","","2026-07-30","passed","2026-07-30","","AccountChooserViewModelTest[jvm]","com.georgeci.moneysurfer.feature.account.picker.AccountChooserViewModelTest",""
"","66","save with non-zero balance also creates an OPENING_BALANCE transaction in the selected currency[jvm]","","2026-07-30","passed","2026-07-30","","AccountCreationViewModelTest[jvm]","com.georgeci.moneysurfer.feature.account.creation.AccountCreationViewModelTest",""
"","206","a custom range opens the two date fields, each with its own empty label[jvm]","","2026-07-30","passed","2026-07-30","","TransactionFiltersScreenStateTest[jvm]","com.georgeci.moneysurfer.ui.TransactionFiltersScreenStateTest",""
"","24","a workspace with no account has nothing to save against[jvm]","","2026-07-30","passed","2026-07-30","","TransactionCreationSaveGuardsTest[jvm]","com.georgeci.moneysurfer.feature.transaction.creation.TransactionCreationSaveGuardsTest",""
"","6","an ordinary row is removed on its own and returned for the undo[jvm]","","2026-07-30","passed","2026-07-30","","DeleteTransactionUseCaseTest[jvm]","com.georgeci.moneysurfer.domain.usecase.DeleteTransactionUseCaseTest",""
"","838","save inserts an account in the selected currency without an opening-balance transaction when balance is blank[jvm]","","2026-07-30","passed","2026-07-30","","AccountCreationViewModelTest[jvm]","com.georgeci.moneysurfer.feature.account.creation.AccountCreationViewModelTest",""
"","1","income, planned and other-workspace rows are ignored[jvm]","","2026-07-30","passed","2026-07-30","","BudgetProgressTest[jvm]","com.georgeci.moneysurfer.domain.model.BudgetProgressTest",""
"","9","a layout written before spans existed reads as full width, not as a dropped widget[jvm]","","2026-07-30","passed","2026-07-30","","DashboardLayoutCodecTest[jvm]","com.georgeci.moneysurfer.data.preferences.DashboardLayoutCodecTest",""
"","13","reset-all delegates once[jvm]","","2026-07-30","passed","2026-07-30","","DebugConfigViewModelTest[jvm]","com.georgeci.moneysurfer.feature.settings.debug.DebugConfigViewModelTest",""
"","12","Confirm pins the pending workspace and heads to the dashboard[jvm]","","2026-07-30","passed","2026-07-30","","WorkspaceSelectorViewModelTest[jvm]","com.georgeci.moneysurfer.feature.workspace.selector.WorkspaceSelectorViewModelTest",""
"","0","iso=1970-01-01[jvm]","","2026-07-30","passed","2026-07-30","","TimeFormatterTest[jvm]","com.georgeci.moneysurfer.data.repository.TimeFormatterTest",""
"","16","a pull overwrites a local row and clears its pending state[jvm]","","2026-07-30","passed","2026-07-30","","ConfigEntryDaoIntegrationIT[jvm]","com.georgeci.moneysurfer.integration.repository.ConfigEntryDaoIntegrationIT",""
"","41","navigation follows edit mode and carries the clicked account id[jvm]","","2026-07-30","passed","2026-07-30","","AccountsManageViewModelTest[jvm]","com.georgeci.moneysurfer.feature.account.manage.AccountsManageViewModelTest",""
"","6","rejects when invite not found[jvm]","","2026-07-30","passed","2026-07-30","","AcceptInviteUseCaseTest[jvm]","com.georgeci.moneysurfer.domain.usecase.AcceptInviteUseCaseTest",""
"","0","a warning without a throwable only leaves a breadcrumb[jvm]","","2026-07-30","passed","2026-07-30","","CrashReportingLogWriterTest[jvm]","com.georgeci.moneysurfer.domain.telemetry.CrashReportingLogWriterTest",""
"","7","a pulled value is not echoed back to the server[jvm]","","2026-07-30","passed","2026-07-30","","SyncedSettingsSessionImplJvmTest[jvm]","com.georgeci.moneysurfer.data.config.SyncedSettingsSessionImplJvmTest",""
"","17","thrown Throwable from upload becomes SyncError.Unknown[jvm]","","2026-07-30","passed","2026-07-30","","SyncCoordinatorImplBranchSpec[jvm]","com.georgeci.moneysurfer.sync.coordinator.SyncCoordinatorImplBranchSpec",""
"","42","a single-category budget reaches the row it caps as a formatted limit and a status[jvm]","","2026-07-30","passed","2026-07-30","","DashboardSpentByCategoryViewModelTest[jvm]","com.georgeci.moneysurfer.feature.dashboard.DashboardSpentByCategoryViewModelTest",""
"","217","tapping a toggle row asks for the opposite of what it currently shows[jvm]","","2026-07-30","passed","2026-07-30","","PreferencesScreenStateTest[jvm]","com.georgeci.moneysurfer.ui.PreferencesScreenStateTest",""
"","7","archive missing the main DB entry surfaces MissingFile[jvm]","","2026-07-30","passed","2026-07-30","","BackupImporterImplJvmTest[jvm]","com.georgeci.moneysurfer.data.backup.BackupImporterImplJvmTest",""
"","17","UnsupportedAppVersion preserves message and is not retryable[jvm]","","2026-07-30","passed","2026-07-30","","SyncErrorSpec[jvm]","com.georgeci.moneysurfer.sync.api.SyncErrorSpec",""
"","1540","password is masked until the reveal toggle is tapped[jvm]","","2026-07-30","passed","2026-07-30","","SignInScreenStateTest[jvm]","com.georgeci.moneysurfer.ui.SignInScreenStateTest",""
"","11","Transfer is unreachable when the host disables it[jvm]","","2026-07-30","passed","2026-07-30","","TransactionCreationSaveTest[jvm]","com.georgeci.moneysurfer.feature.transaction.creation.TransactionCreationSaveTest",""
"","13","a lone leg still declares itself part of a receipt, so the delete dialog can say so[jvm]","","2026-07-30","passed","2026-07-30","","TransactionsListSplitTest[jvm]","com.georgeci.moneysurfer.feature.transaction.list.TransactionsListSplitTest",""
"","3","a pre-#260 record read as the current format is rejected as a short row[jvm]","","2026-07-30","passed","2026-07-30","","TransactionCsvCodecTest[jvm]","com.georgeci.moneysurfer.domain.csv.TransactionCsvCodecTest",""
"","27","the overlay re-emits changes so an observer sees the held value[jvm]","","2026-07-30","passed","2026-07-30","","LayeredConfigSpec[jvm]","com.georgeci.moneysurfer.appconfig.LayeredConfigSpec",""
"","1","bars are scaled to the busiest day of the week[jvm]","","2026-07-30","passed","2026-07-30","","BurnRateTest[jvm]","com.georgeci.moneysurfer.domain.model.BurnRateTest",""
"","152","a period in line with the last one names that, without a percentage[jvm]","","2026-07-30","passed","2026-07-30","","DashboardInsightsScreenTest[jvm]","com.georgeci.moneysurfer.ui.DashboardInsightsScreenTest",""
"","125","rejects when no current user[jvm]","","2026-07-30","passed","2026-07-30","","AcceptInviteUseCaseTest[jvm]","com.georgeci.moneysurfer.domain.usecase.AcceptInviteUseCaseTest",""
"","1276","the round button on an on-dashboard row asks to turn that widget off[jvm]","","2026-07-30","passed","2026-07-30","","DashboardCustomizeScreenStateTest[jvm]","com.georgeci.moneysurfer.ui.DashboardCustomizeScreenStateTest",""
"","1","a Sunday anchor still belongs to the week that started the previous Monday[jvm]","","2026-07-30","passed","2026-07-30","","TransactionPeriodWindowTest[jvm]","com.georgeci.moneysurfer.domain.util.TransactionPeriodWindowTest",""
"","46","the pushed document carries this build's version code[jvm]","","2026-07-30","passed","2026-07-30","","AccountSyncPluginIT[jvm]","com.georgeci.moneysurfer.integration.plugin.AccountSyncPluginIT",""
"","18","stranger cannot read someone else's invite by direct id","","2026-07-30","passed","2026-07-30","","invites — read","invites — read stranger cannot read someone else's invite by direct id",""
"","3","parse returns null for incomplete input and a number otherwise[jvm]","","2026-07-30","passed","2026-07-30","","InitialBalanceInputTest[jvm]","com.georgeci.moneysurfer.feature.account.creation.InitialBalanceInputTest",""
"","21","a stale emission mid-stream cannot be published over a write either[jvm]","","2026-07-30","passed","2026-07-30","","PreferencesMirrorJvmTest[jvm]","com.georgeci.moneysurfer.data.config.PreferencesMirrorJvmTest",""
"","36","the two queries are the month to date and the same stretch of the month before[jvm]","","2026-07-30","passed","2026-07-30","","GetSpentMonthUseCaseTest[jvm]","com.georgeci.moneysurfer.domain.usecase.GetSpentMonthUseCaseTest",""
"","18","a transfer leg without its pair row is rejected[jvm]","","2026-07-30","passed","2026-07-30","","ImportTransactionsValidationTest[jvm]","com.georgeci.moneysurfer.domain.csv.ImportTransactionsValidationTest",""
"","52","a build without transfers offers no shortcut either[jvm]","","2026-07-30","passed","2026-07-30","","TransactionCreationFormTest[jvm]","com.georgeci.moneysurfer.feature.transaction.creation.TransactionCreationFormTest",""
"","1","archive on already-archived account is a no-op success[jvm]","","2026-07-30","passed","2026-07-30","","ArchiveAccountUseCaseTest[jvm]","com.georgeci.moneysurfer.domain.usecase.ArchiveAccountUseCaseTest",""
"","10","a device-scoped key never reaches config_entry[jvm]","","2026-07-30","passed","2026-07-30","","LocalConfigSourceImplJvmTest[jvm]","com.georgeci.moneysurfer.data.config.LocalConfigSourceImplJvmTest",""
"","3","null category transfer and recurring rule ids round-trip as empty fields[jvm]","","2026-07-30","passed","2026-07-30","","TransactionCsvCodecTest[jvm]","com.georgeci.moneysurfer.domain.csv.TransactionCsvCodecTest",""
"","1","an answered invite keeps its status and the moment it was answered[jvm]","","2026-07-30","passed","2026-07-30","","MembershipDtoMapperSpec[jvm]","com.georgeci.moneysurfer.data.sync.MembershipDtoMapperSpec",""
"","1","times that overflows Long throws instead of wrapping[jvm]","","2026-07-30","passed","2026-07-30","","MoneyTest[jvm]","com.georgeci.moneysurfer.domain.primitives.MoneyTest",""
"","10","a comma is accepted as the decimal separator[jvm]","","2026-07-30","passed","2026-07-30","","TransactionAmountInputTest[jvm]","com.georgeci.moneysurfer.feature.transaction.creation.TransactionAmountInputTest",""
"","68","an invite is pushed to the workspace's invites collection[jvm]","","2026-07-30","passed","2026-07-30","","WorkspaceTreeSyncPluginIT[jvm]","com.georgeci.moneysurfer.integration.plugin.WorkspaceTreeSyncPluginIT",""
"","18","member cannot tombstone another member's row","","2026-07-30","passed","2026-07-30","","tombstone update shape (push-side soft delete)","tombstone update shape (push-side soft delete) member cannot tombstone another member's row",""
"","3","an ordinary note is not prefixed[jvm]","","2026-07-30","passed","2026-07-30","","TransactionCsvCodecTest[jvm]","com.georgeci.moneysurfer.domain.csv.TransactionCsvCodecTest",""
"","3","clear empties the buffer[jvm]","","2026-07-30","passed","2026-07-30","","DebugLogBufferTest[jvm]","com.georgeci.moneysurfer.domain.logging.DebugLogBufferTest",""
"","16","a user cannot list another user's settings","","2026-07-30","passed","2026-07-30","","users/{uid}/config/{key}","users/{uid}/config/{key} a user cannot list another user's settings",""
"","1","updating a missing goal is rejected[jvm]","","2026-07-30","passed","2026-07-30","","SavingsGoalUseCaseTest[jvm]","com.georgeci.moneysurfer.domain.usecase.SavingsGoalUseCaseTest",""
"","3","wrong-password (FIRAuth 17009) classifies as InvalidCredentials[jvm]","","2026-07-30","passed","2026-07-30","","AuthErrorClassificationTest[jvm]","com.georgeci.moneysurfer.data.repository.AuthErrorClassificationTest",""
"","3","CompositeCancelToken cancel propagates to all children[jvm]","","2026-07-30","passed","2026-07-30","","SyncCancelTokenSpec[jvm]","com.georgeci.moneysurfer.sync.api.SyncCancelTokenSpec",""
"","4","a failed select releases the spinner so the user can try again[jvm]","","2026-07-30","passed","2026-07-30","","WorkspaceSelectorViewModelTest[jvm]","com.georgeci.moneysurfer.feature.workspace.selector.WorkspaceSelectorViewModelTest",""
"","34","changing the cap updates the backing budget instead of creating a second one[jvm]","","2026-07-30","passed","2026-07-30","","CategoryCreationViewModelTest[jvm]","com.georgeci.moneysurfer.feature.category.creation.CategoryCreationViewModelTest",""
"","747","on a phone the pill follows the host's card-style build key[jvm]","","2026-07-30","passed","2026-07-30","","DashboardCustomizeScreenStateTest[jvm]","com.georgeci.moneysurfer.ui.DashboardCustomizeScreenStateTest",""
"","41","a newer remote row wins over the local one[jvm]","","2026-07-30","passed","2026-07-30","","AccountSyncPluginIT[jvm]","com.georgeci.moneysurfer.integration.plugin.AccountSyncPluginIT",""
"","0","'-5' (negative sign)[jvm]","","2026-07-30","passed","2026-07-30","","AmountInputTransformationTest[jvm]","com.georgeci.moneysurfer.utils.AmountInputTransformationTest",""
"","16","an empty amount is not a transaction[jvm]","","2026-07-30","passed","2026-07-30","","TransactionCreationSaveGuardsTest[jvm]","com.georgeci.moneysurfer.feature.transaction.creation.TransactionCreationSaveGuardsTest",""
"","1","retrying the same mutation produces an identical patch[jvm]","","2026-07-30","passed","2026-07-30","","TombstonePatchSpec[jvm]","com.georgeci.moneysurfer.data.sync.plugin.TombstonePatchSpec",""
"","11","a mirrored value survives a cold start[jvm]","","2026-07-30","passed","2026-07-30","","RemoteConfigMirrorImplJvmTest[jvm]","com.georgeci.moneysurfer.data.config.RemoteConfigMirrorImplJvmTest",""
"","717","the screen opens on its sections, with the applied type already selected[jvm]","","2026-07-30","passed","2026-07-30","","TransactionFiltersScreenStateTest[jvm]","com.georgeci.moneysurfer.ui.TransactionFiltersScreenStateTest",""
"","1","asking for no particular period leaves the pre-period order untouched[jvm]","","2026-07-30","passed","2026-07-30","","SafeToSpendTest[jvm]","com.georgeci.moneysurfer.domain.model.SafeToSpendTest",""
"","3","icon and hue come from the same slot, so a backfilled row keeps its old pairing[jvm]","","2026-07-30","passed","2026-07-30","","CategoryAppearanceTest[jvm]","com.georgeci.moneysurfer.domain.model.CategoryAppearanceTest",""
"","461","the reset-cursors row asks before clearing anything[jvm]","","2026-07-30","passed","2026-07-30","","SyncScreenStateTest[jvm]","com.georgeci.moneysurfer.ui.SyncScreenStateTest",""
"","1","ConflictResolver implementation can be invoked[jvm]","","2026-07-30","passed","2026-07-30","","ConflictResolverSpec[jvm]","com.georgeci.moneysurfer.sync.repository.ConflictResolverSpec",""
"","628","the confirmation dialog is rendered from state, not from a click inside the screen[jvm]","","2026-07-30","passed","2026-07-30","","SyncScreenStateTest[jvm]","com.georgeci.moneysurfer.ui.SyncScreenStateTest",""
"","22","an account-scoped screen hides the account picker[jvm]","","2026-07-30","passed","2026-07-30","","TransactionFiltersViewModelTest[jvm]","com.georgeci.moneysurfer.feature.transaction.filters.TransactionFiltersViewModelTest",""
"","5","no active session returns NotSignedIn without touching anything[jvm]","","2026-07-30","passed","2026-07-30","","DeleteUserAccountUseCaseTest[jvm]","com.georgeci.moneysurfer.domain.usecase.DeleteUserAccountUseCaseTest",""
"","54","a transaction with no note still has something to render as a title[jvm]","","2026-07-30","passed","2026-07-30","","DashboardViewModelTest[jvm]","com.georgeci.moneysurfer.feature.dashboard.DashboardViewModelTest",""
"","13","getBySplitId returns only the legs of the requested receipt[jvm]","","2026-07-30","passed","2026-07-30","","TransactionWindowIntegrationIT[jvm]","com.georgeci.moneysurfer.integration.repository.TransactionWindowIntegrationIT",""
"","7","a scopeless row still dedupes against another scopeless row[jvm]","","2026-07-30","passed","2026-07-30","","PendingMutationQueueIntegrationIT[jvm]","com.georgeci.moneysurfer.integration.sync.PendingMutationQueueIntegrationIT",""
"","61","the window the panes are asserted at is an Expanded one[jvm]","","2026-07-30","passed","2026-07-30","","SurferPaneChromeTest[jvm]","com.georgeci.moneysurfer.ui.SurferPaneChromeTest",""
"","38","purging drops tombstones past the retention window and leaves the rest alone[jvm]","","2026-07-30","passed","2026-07-30","","TransactionSoftDeleteIntegrationIT[jvm]","com.georgeci.moneysurfer.integration.repository.TransactionSoftDeleteIntegrationIT",""
"","45","reorder rewrites the positions and reads come back in the new order[jvm]","","2026-07-30","passed","2026-07-30","","AccountSortOrderIntegrationIT[jvm]","com.georgeci.moneysurfer.integration.repository.AccountSortOrderIntegrationIT",""
"","4","a contribution to a missing goal is rejected[jvm]","","2026-07-30","passed","2026-07-30","","GoalContributionUseCaseTest[jvm]","com.georgeci.moneysurfer.domain.usecase.GoalContributionUseCaseTest",""
"","36","invited user CAN self-create via an email-only invite (legacy, no targetUserId)","","2026-07-30","passed","2026-07-30","","workspaces/{wid}/members/{uid}","workspaces/{wid}/members/{uid} invited user CAN self-create via an email-only invite (legacy, no targetUserId)",""
"","21","writes two linked legs sharing transferId, tagged with the workspace's Transfer category[jvm]","","2026-07-30","passed","2026-07-30","","CreateTransferUseCaseTest[jvm]","com.georgeci.moneysurfer.domain.usecase.CreateTransferUseCaseTest",""
"","2","amounts are read however they are written[jvm]","","2026-07-30","passed","2026-07-30","","TransactionFilterMatchingTest[jvm]","com.georgeci.moneysurfer.feature.transaction.filter.TransactionFilterMatchingTest",""
"","228","recorded entries render with the clear action[jvm]","","2026-07-30","passed","2026-07-30","","DebugLogScreenStateTest[jvm]","com.georgeci.moneysurfer.ui.DebugLogScreenStateTest",""
"","13","balance input strips letters and collapses extra decimal separators[jvm]","","2026-07-30","passed","2026-07-30","","AccountCreationViewModelTest[jvm]","com.georgeci.moneysurfer.feature.account.creation.AccountCreationViewModelTest",""
"","3","ProjectionScope.All is a singleton[jvm]","","2026-07-30","passed","2026-07-30","","ProjectionSpec[jvm]","com.georgeci.moneysurfer.sync.projection.ProjectionSpec",""
"","1","rejects same-account transfer[jvm]","","2026-07-30","passed","2026-07-30","","CreateTransferUseCaseTest[jvm]","com.georgeci.moneysurfer.domain.usecase.CreateTransferUseCaseTest",""
"","55","before the month's figure resolves the card claims nothing about a budget[jvm]","","2026-07-30","passed","2026-07-30","","DashboardScreenStateTest[jvm]","com.georgeci.moneysurfer.ui.DashboardScreenStateTest",""
"","1","a blank display name falls through to the email rather than rendering empty[jvm]","","2026-07-30","passed","2026-07-30","","ShellIdentityTest[jvm]","com.georgeci.moneysurfer.navigation.ShellIdentityTest",""
"","18","a category budget caps a slice of the spend, so it is not this card's cap[jvm]","","2026-07-30","passed","2026-07-30","","GetSpentMonthUseCaseTest[jvm]","com.georgeci.moneysurfer.domain.usecase.GetSpentMonthUseCaseTest",""
"","0","AccountChooser[jvm]","","2026-07-30","passed","2026-07-30","","RouteSerializationTest[jvm]","com.georgeci.moneysurfer.navigation.RouteSerializationTest",""
"","55","each navigation event asks for exactly its own effect[jvm]","","2026-07-30","passed","2026-07-30","","DashboardEventDestinationTest[jvm]","com.georgeci.moneysurfer.feature.dashboard.DashboardEventDestinationTest",""
"","8","boolean codec round-trips and accepts either case[jvm]","","2026-07-30","passed","2026-07-30","","ConfigCodecSpec[jvm]","com.georgeci.moneysurfer.appconfig.ConfigCodecSpec",""
"","114","while the range follows the pager, the screen says so instead of showing empty date fields[jvm]","","2026-07-30","passed","2026-07-30","","TransactionFiltersScreenStateTest[jvm]","com.georgeci.moneysurfer.ui.TransactionFiltersScreenStateTest",""
"","4","consolidated invalid-login-credentials classifies as InvalidCredentials[jvm]","","2026-07-30","passed","2026-07-30","","AuthErrorClassificationTest[jvm]","com.georgeci.moneysurfer.data.repository.AuthErrorClassificationTest",""
"","200","the resolution summary names the effective value and the layer that won[jvm]","","2026-07-30","passed","2026-07-30","","DebugConfigScreenStateTest[jvm]","com.georgeci.moneysurfer.ui.DebugConfigScreenStateTest",""
"","52","an unwritable mirror marks the layer degraded[jvm]","","2026-07-30","passed","2026-07-30","","RemoteGlobalConfigSourceImplSpec[jvm]","com.georgeci.moneysurfer.appconfig.remote.RemoteGlobalConfigSourceImplSpec",""
"","2","dismissing a picker changes nothing but the sheet[jvm]","","2026-07-30","passed","2026-07-30","","PreferencesViewModelTest[jvm]","com.georgeci.moneysurfer.feature.settings.preferences.PreferencesViewModelTest",""
"","6","enqueueUpsert is a no-op when demo session[jvm]","","2026-07-30","passed","2026-07-30","","OutboxEnqueuerSpec[jvm]","com.georgeci.moneysurfer.data.sync.OutboxEnqueuerSpec",""
"","8","nobody signed in means no figure to print[jvm]","","2026-07-30","passed","2026-07-30","","GetSpentMonthUseCaseTest[jvm]","com.georgeci.moneysurfer.domain.usecase.GetSpentMonthUseCaseTest",""
"","0","a period with nothing in it reads as zero shares rather than a NaN[jvm]","","2026-07-30","passed","2026-07-30","","SpentByCategoryTest[jvm]","com.georgeci.moneysurfer.domain.model.SpentByCategoryTest",""
"","12","the trailing line always carries what is left of the amount[jvm]","","2026-07-30","passed","2026-07-30","","TransactionCreationSplitTest[jvm]","com.georgeci.moneysurfer.feature.transaction.creation.TransactionCreationSplitTest",""
"","1","defaultWorkspaceId that did not hydrate falls back to one that did[jvm]","","2026-07-30","passed","2026-07-30","","PostAuthBootstrapUseCaseTest[jvm]","com.georgeci.moneysurfer.domain.usecase.PostAuthBootstrapUseCaseTest",""
"","1","shifting all time is a no-op[jvm]","","2026-07-30","passed","2026-07-30","","TransactionPeriodWindowTest[jvm]","com.georgeci.moneysurfer.domain.util.TransactionPeriodWindowTest",""
"","439","save is blocked until a name and a positive limit are entered[jvm]","","2026-07-30","passed","2026-07-30","","BudgetEditViewModelTest[jvm]","com.georgeci.moneysurfer.feature.budget.edit.BudgetEditViewModelTest",""
"","27","exposes id, status, steps, result via the SyncHandle interface[jvm]","","2026-07-30","passed","2026-07-30","","SyncHandleImplSpec[jvm]","com.georgeci.moneysurfer.sync.coordinator.SyncHandleImplSpec",""
"","6","cursors are scoped to the active workspace and ordered by collection[jvm]","","2026-07-30","passed","2026-07-30","","SyncViewModelTest[jvm]","com.georgeci.moneysurfer.feature.settings.sync.SyncViewModelTest",""
"","21","stranger cannot self-create even by naming a non-existent inviteId","","2026-07-30","passed","2026-07-30","","workspaces/{wid}/members/{uid}","workspaces/{wid}/members/{uid} stranger cannot self-create even by naming a non-existent inviteId",""
"","13","searching an amount tolerates the cents the user did not type[jvm]","","2026-07-30","passed","2026-07-30","","TransactionsByAccountFilteringTest[jvm]","com.georgeci.moneysurfer.feature.transaction.list.TransactionsByAccountFilteringTest",""
"","37","picking a value writes it through — it is still there for the next screen instance[jvm]","","2026-07-30","passed","2026-07-30","","PreferencesViewModelTest[jvm]","com.georgeci.moneysurfer.feature.settings.preferences.PreferencesViewModelTest",""
"","12","availability comes from the inspector, so a release build renders nothing[jvm]","","2026-07-30","passed","2026-07-30","","DebugConfigViewModelTest[jvm]","com.georgeci.moneysurfer.feature.settings.debug.DebugConfigViewModelTest",""
"","55","the default layout covers every widget type, enabled, in Variant A order[jvm]","","2026-07-30","passed","2026-07-30","","DashboardLayoutConfigTest[jvm]","com.georgeci.moneysurfer.domain.dashboard.DashboardLayoutConfigTest",""
"","55","clearing the view model tears the startup work down without changing the decision[jvm]","","2026-07-30","passed","2026-07-30","","AppLaunchViewModelTest[jvm]","com.georgeci.moneysurfer.navigation.AppLaunchViewModelTest",""
"","1","an empty list encodes to the column default[jvm]","","2026-07-30","passed","2026-07-30","","AccountExtraDetailsColumnTest[jvm]","com.georgeci.moneysurfer.data.db.entity.AccountExtraDetailsColumnTest",""
"","1","matches java.util.zip.CRC32 for empty input[jvm]","","2026-07-30","passed","2026-07-30","","Crc32JvmTest[jvm]","com.georgeci.moneysurfer.data.backup.Crc32JvmTest",""
"","269","an accepted edit is left alone[jvm]","","2026-07-30","passed","2026-07-30","","AmountInputTransformationTest[jvm]","com.georgeci.moneysurfer.utils.AmountInputTransformationTest",""
"","16","a row with no operationDate is invisible to a windowed query[jvm]","","2026-07-30","passed","2026-07-30","","TransactionWindowIntegrationIT[jvm]","com.georgeci.moneysurfer.integration.repository.TransactionWindowIntegrationIT",""
"","59","save persists the filled extra details and drops the ones left empty[jvm]","","2026-07-30","passed","2026-07-30","","AccountCreationViewModelTest[jvm]","com.georgeci.moneysurfer.feature.account.creation.AccountCreationViewModelTest",""
"","1","owner can leave when another owner remains[jvm]","","2026-07-30","passed","2026-07-30","","LeaveWorkspaceUseCaseTest[jvm]","com.georgeci.moneysurfer.domain.usecase.LeaveWorkspaceUseCaseTest",""
"","4","a tag containing the in-cell separator survives instead of splitting in two[jvm]","","2026-07-30","passed","2026-07-30","","TransactionCsvCodecTest[jvm]","com.georgeci.moneysurfer.domain.csv.TransactionCsvCodecTest",""
"","4","eligibleParents excludes the category itself and everything under it[jvm]","","2026-07-30","passed","2026-07-30","","CategoryTreeTest[jvm]","com.georgeci.moneysurfer.domain.model.CategoryTreeTest",""
"","1","a junk day name from a remote doc never reaches Room[jvm]","","2026-07-30","passed","2026-07-30","","RecurringRuleDtoMapperSpec[jvm]","com.georgeci.moneysurfer.data.sync.RecurringRuleDtoMapperSpec",""
"","13","a goal contribution defaults to adding money[jvm]","","2026-07-30","passed","2026-07-30","","RouteSerializationTest[jvm]","com.georgeci.moneysurfer.navigation.RouteSerializationTest",""
"","306","format positive amount in USD with US locale[jvm]","","2026-07-30","passed","2026-07-30","","MoneyFormatterTest[jvm]","com.georgeci.moneysurfer.domain.MoneyFormatterTest",""
"","16","user cannot map a foreign uid to their own email","","2026-07-30","passed","2026-07-30","","userEmails/{email}","userEmails/{email} user cannot map a foreign uid to their own email",""
"","77","the selected destination is the only one marked selected[jvm]","","2026-07-30","passed","2026-07-30","","SurferNavigationDrawerTest[jvm]","com.georgeci.moneysurfer.ui.SurferNavigationDrawerTest",""
"","194","swiping a row away removes it, and the snackbar's Undo puts it back[jvm]","","2026-07-30","passed","2026-07-30","","TransactionsByAccountDeleteTest[jvm]","com.georgeci.moneysurfer.feature.transaction.list.TransactionsByAccountDeleteTest",""
"","45","accepts a budget tombstone update (deletedAt set)","","2026-07-30","passed","2026-07-30","","entity write-shape validation (issue #156)","entity write-shape validation (issue #156) accepts a budget tombstone update (deletedAt set)",""
"","0","onSyncCancelled is callable[jvm]","","2026-07-30","passed","2026-07-30","","SyncTelemetryNoOpSpec[jvm]","com.georgeci.moneysurfer.sync.telemetry.SyncTelemetryNoOpSpec",""
"","9","a blank field shows no error but does not validate[jvm]","","2026-07-30","passed","2026-07-30","","TransactionAmountInputTest[jvm]","com.georgeci.moneysurfer.feature.transaction.creation.TransactionAmountInputTest",""
"","18","non-member cannot get the workspace doc","","2026-07-30","passed","2026-07-30","","workspaces/{wid}","workspaces/{wid} non-member cannot get the workspace doc",""
"","6","anonymous user goes straight to the confirmation dialog[jvm]","","2026-07-30","passed","2026-07-30","","DeleteUserAccountViewModelTest[jvm]","com.georgeci.moneysurfer.feature.settings.account.DeleteUserAccountViewModelTest",""
"","6","reorder numbers the accounts in the order it was given[jvm]","","2026-07-30","passed","2026-07-30","","AccountWriteUseCasesTest[jvm]","com.georgeci.moneysurfer.domain.usecase.AccountWriteUseCasesTest",""
"","2","redactEmail never leaks the raw address[jvm]","","2026-07-30","passed","2026-07-30","","PiiRedactionTest[jvm]","com.georgeci.moneysurfer.domain.logging.PiiRedactionTest",""
"","1","keeps only hex digits from a non-UUID id[jvm]","","2026-07-30","passed","2026-07-30","","TransactionReferenceTest[jvm]","com.georgeci.moneysurfer.domain.model.TransactionReferenceTest",""
"","17","filter changes are retained in content state[jvm]","","2026-07-30","passed","2026-07-30","","AccountDetailsViewModelTest[jvm]","com.georgeci.moneysurfer.feature.account.details.AccountDetailsViewModelTest",""
"","7","an off-palette hue snaps to the nearest tint instead of disappearing[jvm]","","2026-07-30","passed","2026-07-30","","CategoryPaletteParityTest[jvm]","com.georgeci.moneysurfer.feature.category.CategoryPaletteParityTest",""
"","1","ids restart after a clear, when nothing is left to collide with[jvm]","","2026-07-30","passed","2026-07-30","","DebugLogBufferTest[jvm]","com.georgeci.moneysurfer.domain.logging.DebugLogBufferTest",""
"","14","offline build hides the Transfer segment[jvm]","","2026-07-30","passed","2026-07-30","","OfflineConfigGraphTest[jvm]","com.georgeci.moneysurfer.offline.di.OfflineConfigGraphTest",""
"","1","case-insensitive email match[jvm]","","2026-07-30","passed","2026-07-30","","AcceptInviteUseCaseTest[jvm]","com.georgeci.moneysurfer.domain.usecase.AcceptInviteUseCaseTest",""
"","26","host-identity keys are flagged so the panel can say they are not ordinary flags[jvm]","","2026-07-30","passed","2026-07-30","","DebugConfigInspectorImplSpec[jvm]","com.georgeci.moneysurfer.appconfig.DebugConfigInspectorImplSpec",""
"","0","'0.99' -> '0.99'[jvm]","","2026-07-30","passed","2026-07-30","","AmountInputTransformationTest[jvm]","com.georgeci.moneysurfer.utils.AmountInputTransformationTest",""
"","19","a rejected save keeps the user on the screen with their input[jvm]","","2026-07-30","passed","2026-07-30","","GoalEditViewModelTest[jvm]","com.georgeci.moneysurfer.feature.goal.edit.GoalEditViewModelTest",""
"","7","note with commas quotes and newlines survives a full CSV round-trip[jvm]","","2026-07-30","passed","2026-07-30","","TransactionCsvCodecTest[jvm]","com.georgeci.moneysurfer.domain.csv.TransactionCsvCodecTest",""
"","5","a payload whose every quote is unusable maps to an empty table rather than a wrong one[jvm]","","2026-07-30","passed","2026-07-30","","ExchangeRateApiTest[jvm]","com.georgeci.moneysurfer.data.remote.ExchangeRateApiTest",""
"","4","a zero limit reads as 0 % rather than dividing by zero[jvm]","","2026-07-30","passed","2026-07-30","","BudgetProgressTest[jvm]","com.georgeci.moneysurfer.domain.model.BudgetProgressTest",""
"","167","one collection of the store serves every observer[jvm]","","2026-07-30","passed","2026-07-30","","PreferencesMirrorJvmTest[jvm]","com.georgeci.moneysurfer.data.config.PreferencesMirrorJvmTest",""
"","4","the bounds compare against the magnitude and stay inclusive[jvm]","","2026-07-30","passed","2026-07-30","","TransactionFilterMatchingTest[jvm]","com.georgeci.moneysurfer.feature.transaction.filter.TransactionFilterMatchingTest",""
"","5","isEnabled returns false when firebaseUid is empty string[jvm]","","2026-07-30","passed","2026-07-30","","OutboxEnqueuerSpec[jvm]","com.georgeci.moneysurfer.data.sync.OutboxEnqueuerSpec",""
"","10","SerializationException maps to Unknown[jvm]","","2026-07-30","passed","2026-07-30","","SyncErrorClassifierSpec[jvm]","com.georgeci.moneysurfer.data.sync.SyncErrorClassifierSpec",""
"","129","a successful payload becomes the domain table[jvm]","","2026-07-30","passed","2026-07-30","","ExchangeRateApiTest[jvm]","com.georgeci.moneysurfer.data.remote.ExchangeRateApiTest",""
"","35","create blocked when clientVersionCode missing","","2026-07-30","passed","2026-07-30","","member-gated entities (accounts)","member-gated entities (accounts) create blocked when clientVersionCode missing",""
"","1","'00' (double leading zero)[jvm]","","2026-07-30","passed","2026-07-30","","AmountInputTransformationTest[jvm]","com.georgeci.moneysurfer.utils.AmountInputTransformationTest",""
"","4","every period is bounded — the dashboard offers no all-time span[jvm]","","2026-07-30","passed","2026-07-30","","DashboardPeriodTest[jvm]","com.georgeci.moneysurfer.domain.dashboard.DashboardPeriodTest",""
"","75","online edit state shows the Members section[jvm]","","2026-07-30","passed","2026-07-30","","WorkspaceCreationStateOfflineTest[jvm]","com.georgeci.moneysurfer.feature.workspace.creation.WorkspaceCreationStateOfflineTest",""
"","1","debug builds keep collection off[jvm]","","2026-07-30","passed","2026-07-30","","CrashReportingTest[jvm]","com.georgeci.moneysurfer.domain.telemetry.CrashReportingTest",""
"","1","epoch zero stored as blank resolves to 1970-01-01[jvm]","","2026-07-30","passed","2026-07-30","","ResolveLegacyOperationDateTest[jvm]","com.georgeci.moneysurfer.data.repository.ResolveLegacyOperationDateTest",""
"","7","pop removes the top entry[jvm]","","2026-07-30","passed","2026-07-30","","AppNavigatorTest[jvm]","com.georgeci.moneysurfer.navigation.AppNavigatorTest",""
"","1","abs of an ordinary negative amount is its magnitude[jvm]","","2026-07-30","passed","2026-07-30","","MoneyTest[jvm]","com.georgeci.moneysurfer.domain.primitives.MoneyTest",""
"","6","picking categories narrows the budget, and All categories clears it again[jvm]","","2026-07-30","passed","2026-07-30","","BudgetEditViewModelTest[jvm]","com.georgeci.moneysurfer.feature.budget.edit.BudgetEditViewModelTest",""
"","21","shutdown cancels coordinator and scheduler[jvm]","","2026-07-30","passed","2026-07-30","","SessionShutdownGateImplSpec[jvm]","com.georgeci.moneysurfer.data.sync.SessionShutdownGateImplSpec",""
"","16","push sends the row as it stands now and records it as pushed[jvm]","","2026-07-30","passed","2026-07-30","","UserConfigSyncPluginSpec[jvm]","com.georgeci.moneysurfer.data.sync.plugin.UserConfigSyncPluginSpec",""
"","6","enqueueUpsert pushes a PendingMutation when signed in and gate allows[jvm]","","2026-07-30","passed","2026-07-30","","OutboxEnqueuerImplSpec[jvm]","com.georgeci.moneysurfer.sync.repository.OutboxEnqueuerImplSpec",""
"","0","delete actual income unwinds impact[jvm]","","2026-07-30","passed","2026-07-30","","CalculateBalanceDeltaTest[jvm]","com.georgeci.moneysurfer.domain.model.CalculateBalanceDeltaTest",""
"","12","sync stays off with nothing configured, because the build term defaults to false[jvm]","","2026-07-30","passed","2026-07-30","","ConfigFacadesJvmTest[jvm]","com.georgeci.moneysurfer.data.config.ConfigFacadesJvmTest",""
"","1","an overspent previous window carries nothing — the debt is not doubled[jvm]","","2026-07-30","passed","2026-07-30","","BudgetProgressTest[jvm]","com.georgeci.moneysurfer.domain.model.BudgetProgressTest",""
"","159","the compact spent-this-month card is shorter than the expanded one[jvm]","","2026-07-30","passed","2026-07-30","","DashboardScreenStateTest[jvm]","com.georgeci.moneysurfer.ui.DashboardScreenStateTest",""
"","53","archived budgets never reach the budgets widget[jvm]","","2026-07-30","passed","2026-07-30","","DashboardBudgetsViewModelTest[jvm]","com.georgeci.moneysurfer.feature.dashboard.DashboardBudgetsViewModelTest",""
"","55","malformed and invalid rows are reported with row numbers and do not stop the import[jvm]","","2026-07-30","passed","2026-07-30","","ExportImportTransactionsUseCaseTest[jvm]","com.georgeci.moneysurfer.domain.csv.ExportImportTransactionsUseCaseTest",""
"","49","a headline that fell back to an unconvertible bucket carries no trend[jvm]","","2026-07-30","passed","2026-07-30","","DashboardBalanceViewModelTest[jvm]","com.georgeci.moneysurfer.feature.dashboard.DashboardBalanceViewModelTest",""
"","0","every hue sits on the wheel[jvm]","","2026-07-30","passed","2026-07-30","","CategoryAppearanceTest[jvm]","com.georgeci.moneysurfer.domain.model.CategoryAppearanceTest",""
"","12","the panel is unavailable when no real debug layer is bound[jvm]","","2026-07-30","passed","2026-07-30","","DebugConfigInspectorImplSpec[jvm]","com.georgeci.moneysurfer.appconfig.DebugConfigInspectorImplSpec",""
"","169","the account is named on a row only where the list mixes several[jvm]","","2026-07-30","passed","2026-07-30","","TransactionsListScreenStateTest[jvm]","com.georgeci.moneysurfer.ui.TransactionsListScreenStateTest",""
"","40","safe-to-spend ignores archived budgets[jvm]","","2026-07-30","passed","2026-07-30","","DashboardSafeToSpendViewModelTest[jvm]","com.georgeci.moneysurfer.feature.dashboard.DashboardSafeToSpendViewModelTest",""
"","21","a base-currency-only window reports nothing as excluded[jvm]","","2026-07-30","passed","2026-07-30","","SpendAnalyticsRepositoryImplJvmTest[jvm]","com.georgeci.moneysurfer.data.repository.SpendAnalyticsRepositoryImplJvmTest",""
"","23","clearing from the empty state drops the filters and the search text together[jvm]","","2026-07-30","passed","2026-07-30","","TransactionsByAccountFilteringTest[jvm]","com.georgeci.moneysurfer.feature.transaction.list.TransactionsByAccountFilteringTest",""
"","265","no string resource escapes an apostrophe or a quote the Android way[jvm]","","2026-07-30","passed","2026-07-30","","StringResourceEscapeTest[jvm]","com.georgeci.moneysurfer.utils.StringResourceEscapeTest",""
"","39","saving an edit to a row deleted underneath it restores the row instead of colliding[jvm]","","2026-07-30","passed","2026-07-30","","TransactionSoftDeleteIntegrationIT[jvm]","com.georgeci.moneysurfer.integration.repository.TransactionSoftDeleteIntegrationIT",""
"","52","the delete confirmation opens and closes without touching the transaction[jvm]","","2026-07-30","passed","2026-07-30","","TransactionDetailsViewModelTest[jvm]","com.georgeci.moneysurfer.feature.transaction.details.TransactionDetailsViewModelTest",""
"","1","a trailing empty variant field reads as no variant at all[jvm]","","2026-07-30","passed","2026-07-30","","DashboardLayoutCodecTest[jvm]","com.georgeci.moneysurfer.data.preferences.DashboardLayoutCodecTest",""
"","6","'5' -> '5'[jvm]","","2026-07-30","passed","2026-07-30","","AmountInputTransformationTest[jvm]","com.georgeci.moneysurfer.utils.AmountInputTransformationTest",""
"","26","dark scheme: text tokens clear AA on every surface they land on[jvm]","","2026-07-30","passed","2026-07-30","","ColorContrastTest[jvm]","com.georgeci.moneysurfer.uikit.theme.ColorContrastTest",""
"","85","a rise maps to the warning sentence, with both amounts formatted in the base currency[jvm]","","2026-07-30","passed","2026-07-30","","DashboardInsightsViewModelTest[jvm]","com.georgeci.moneysurfer.feature.dashboard.DashboardInsightsViewModelTest",""
"","89","an account-scoped screen drops the accounts section entirely[jvm]","","2026-07-30","passed","2026-07-30","","TransactionFiltersScreenStateTest[jvm]","com.georgeci.moneysurfer.ui.TransactionFiltersScreenStateTest",""
"","1","GoalEdit[jvm]","","2026-07-30","passed","2026-07-30","","RouteSerializationTest[jvm]","com.georgeci.moneysurfer.navigation.RouteSerializationTest",""
"","7","pendingCount excludes IN_FLIGHT rows[jvm]","","2026-07-30","passed","2026-07-30","","PendingMutationQueueImplSpec[jvm]","com.georgeci.moneysurfer.sync.internal.repository.PendingMutationQueueImplSpec",""
"","135","light scheme: self-tinted amount and type pills clear AA[jvm]","","2026-07-30","passed","2026-07-30","","ColorContrastTest[jvm]","com.georgeci.moneysurfer.uikit.theme.ColorContrastTest",""
"","32","OnSubcategoryClick drills into the child rather than replacing this screen[jvm]","","2026-07-30","passed","2026-07-30","","CategoryDetailsViewModelTest[jvm]","com.georgeci.moneysurfer.feature.category.details.CategoryDetailsViewModelTest",""
"","11","the cap control is hidden for income categories and a switch to income drops the budget[jvm]","","2026-07-30","passed","2026-07-30","","CategoryCreationViewModelTest[jvm]","com.georgeci.moneysurfer.feature.category.creation.CategoryCreationViewModelTest",""
"","20","owner create blocked when status != PENDING","","2026-07-30","passed","2026-07-30","","invites — write","invites — write owner create blocked when status != PENDING",""
"","147","a stored code outside the catalogue is shown bare rather than as a neighbour[jvm]","","2026-07-30","passed","2026-07-30","","PreferencesScreenStateTest[jvm]","com.georgeci.moneysurfer.ui.PreferencesScreenStateTest",""
"","43","handle writes to the Local layer and the flow sees it[jvm]","","2026-07-30","passed","2026-07-30","","LayeredConfigSpec[jvm]","com.georgeci.moneysurfer.appconfig.LayeredConfigSpec",""
"","17","owner can tombstone the workspace root doc","","2026-07-30","passed","2026-07-30","","tombstone update shape (push-side soft delete)","tombstone update shape (push-side soft delete) owner can tombstone the workspace root doc",""
"","574","seal + open round-trips with the right passphrase[jvm]","","2026-07-30","passed","2026-07-30","","EncryptedBackupCodecTest[jvm]","com.georgeci.moneysurfer.data.backup.EncryptedBackupCodecTest",""
"","2","a switched-off widget keeps its span for when it comes back[jvm]","","2026-07-30","passed","2026-07-30","","DashboardLayoutConfigTest[jvm]","com.georgeci.moneysurfer.domain.dashboard.DashboardLayoutConfigTest",""
"","13","repairs lagging accounts when the workspace currency already matches (retry path)[jvm]","","2026-07-30","passed","2026-07-30","","UpdateWorkspaceCurrencyUseCaseTest[jvm]","com.georgeci.moneysurfer.domain.usecase.UpdateWorkspaceCurrencyUseCaseTest",""
"","14","a document with only defaults still maps, so the gate can decide it means nothing[jvm]","","2026-07-30","passed","2026-07-30","","AppConfigRepositoryImplTest[jvm]","com.georgeci.moneysurfer.data.repository.AppConfigRepositoryImplTest",""
"","2","the delta is the newest month's net, not the change across the whole window[jvm]","","2026-07-30","passed","2026-07-30","","BalanceTrendTest[jvm]","com.georgeci.moneysurfer.domain.model.BalanceTrendTest",""
"","3","GoalDetails[jvm]","","2026-07-30","passed","2026-07-30","","RouteSerializationTest[jvm]","com.georgeci.moneysurfer.navigation.RouteSerializationTest",""
"","23","a workspace with no category of this type has nothing to file the row under[jvm]","","2026-07-30","passed","2026-07-30","","TransactionCreationSaveGuardsTest[jvm]","com.georgeci.moneysurfer.feature.transaction.creation.TransactionCreationSaveGuardsTest",""
"","8","exponent notation is an invalid format[jvm]","","2026-07-30","passed","2026-07-30","","TransactionAmountInputTest[jvm]","com.georgeci.moneysurfer.feature.transaction.creation.TransactionAmountInputTest",""
"","1","remote newer than local → take remote[jvm]","","2026-07-30","passed","2026-07-30","","LwwConflictResolverSpec[jvm]","com.georgeci.moneysurfer.sync.repository.LwwConflictResolverSpec",""
"","1","an ARCHIVED goal rejects new contributions[jvm]","","2026-07-30","passed","2026-07-30","","GoalContributionUseCaseTest[jvm]","com.georgeci.moneysurfer.domain.usecase.GoalContributionUseCaseTest",""
"","37","a category created while the form was open is resolved by a refresh[jvm]","","2026-07-30","passed","2026-07-30","","TransactionCreationFormTest[jvm]","com.georgeci.moneysurfer.feature.transaction.creation.TransactionCreationFormTest",""
"","95","a body that is not the payload we expect reads as no answer[jvm]","","2026-07-30","passed","2026-07-30","","HttpExchangeRateRemoteSourceJvmTest[jvm]","com.georgeci.moneysurfer.data.remote.HttpExchangeRateRemoteSourceJvmTest",""
"","7","cancel handle during pending finalizes immediately[jvm]","","2026-07-30","passed","2026-07-30","","SyncCoordinatorImplSpec[jvm]","com.georgeci.moneysurfer.sync.coordinator.SyncCoordinatorImplSpec",""
"","4","rethrows CancellationException instead of swallowing it[jvm]","","2026-07-30","passed","2026-07-30","","DecodeOrNullSpec[jvm]","com.georgeci.moneysurfer.data.sync.plugin.DecodeOrNullSpec",""
"","23","non-member cannot read","","2026-07-30","passed","2026-07-30","","member-gated entities (accounts)","member-gated entities (accounts) non-member cannot read",""
"","16","INCOME creation persists row and increases account balance by amount[jvm]","","2026-07-30","passed","2026-07-30","","TransactionCreationIntegrationIT[jvm]","com.georgeci.moneysurfer.integration.repository.TransactionCreationIntegrationIT",""
"","12","the overlay outranks Local, so the UI keeps its value after the account wipe[jvm]","","2026-07-30","passed","2026-07-30","","LayeredConfigSpec[jvm]","com.georgeci.moneysurfer.appconfig.LayeredConfigSpec",""
"","2","transactionsIn returns the spend behind the number, newest first[jvm]","","2026-07-30","passed","2026-07-30","","BudgetProgressTest[jvm]","com.georgeci.moneysurfer.domain.model.BudgetProgressTest",""
"","4","SyncHandleStatus.Queued is singleton[jvm]","","2026-07-30","passed","2026-07-30","","SyncStateSpec[jvm]","com.georgeci.moneysurfer.sync.api.SyncStateSpec",""
"","44","a preset owns the window, and only while it is set[jvm]","","2026-07-30","passed","2026-07-30","","TransactionFilterMatchingTest[jvm]","com.georgeci.moneysurfer.feature.transaction.filter.TransactionFilterMatchingTest",""
"","105","an unavailable panel offers no controls at all, only an explanation[jvm]","","2026-07-30","passed","2026-07-30","","DebugConfigScreenStateTest[jvm]","com.georgeci.moneysurfer.ui.DebugConfigScreenStateTest",""
"","13","a gate document that was never published reads as no config[jvm]","","2026-07-30","passed","2026-07-30","","AppConfigRepositoryImplTest[jvm]","com.georgeci.moneysurfer.data.repository.AppConfigRepositoryImplTest",""
"","4","running state emits step progression and reaches Completed[jvm]","","2026-07-30","passed","2026-07-30","","SyncCoordinatorImplSpec[jvm]","com.georgeci.moneysurfer.sync.coordinator.SyncCoordinatorImplSpec",""
"","0","the rest of a budget survives the round trip[jvm]","","2026-07-30","passed","2026-07-30","","WorkspaceScopedDtoMapperSpec[jvm]","com.georgeci.moneysurfer.data.sync.WorkspaceScopedDtoMapperSpec",""
"","40","the rendered layout comes from the persisted config, not a fixed list[jvm]","","2026-07-30","passed","2026-07-30","","DashboardViewModelTest[jvm]","com.georgeci.moneysurfer.feature.dashboard.DashboardViewModelTest",""
"","7","returns ProjectionSummary with zero recalculations for All scope[jvm]","","2026-07-30","passed","2026-07-30","","NoOpRecalculateLocalProjectionsUseCaseSpec[jvm]","com.georgeci.moneysurfer.sync.internal.usecase.NoOpRecalculateLocalProjectionsUseCaseSpec",""
"","25","a transfer leg pairs with its duplicate counterpart already in the database[jvm]","","2026-07-30","passed","2026-07-30","","ImportTransactionsValidationTest[jvm]","com.georgeci.moneysurfer.domain.csv.ImportTransactionsValidationTest",""
"","18","user cannot squat on someone else's email key (mapping to own uid)","","2026-07-30","passed","2026-07-30","","userEmails/{email}","userEmails/{email} user cannot squat on someone else's email key (mapping to own uid)",""
"","8","addWorkspaceRef failure does not block setDefaultWorkspace[jvm]","","2026-07-30","passed","2026-07-30","","CreateWorkspaceUseCaseTest[jvm]","com.georgeci.moneysurfer.domain.usecase.CreateWorkspaceUseCaseTest",""
"","4","the active list is shown in sortOrder, not in the order the repository happens to hold[jvm]","","2026-07-30","passed","2026-07-30","","AccountsManageViewModelTest[jvm]","com.georgeci.moneysurfer.feature.account.manage.AccountsManageViewModelTest",""
"","1169","deleting from the edit screen goes through the same confirmation the lists use[jvm]","","2026-07-30","passed","2026-07-30","","TransactionCreationScreenStateTest[jvm]","com.georgeci.moneysurfer.ui.TransactionCreationScreenStateTest",""
"","50","rejects a non-string transaction merchant","","2026-07-30","passed","2026-07-30","","entity write-shape validation (issue #156)","entity write-shape validation (issue #156) rejects a non-string transaction merchant",""
"","12","a transfer leg whose pair is missing still renders as a transfer[jvm]","","2026-07-30","passed","2026-07-30","","TransactionDetailsViewModelTest[jvm]","com.georgeci.moneysurfer.feature.transaction.details.TransactionDetailsViewModelTest",""
"","1","a leg carrying no money is refused[jvm]","","2026-07-30","passed","2026-07-30","","CreateSplitTransactionUseCaseTest[jvm]","com.georgeci.moneysurfer.domain.usecase.CreateSplitTransactionUseCaseTest",""
"","5","the throwable travels with its entry[jvm]","","2026-07-30","passed","2026-07-30","","DebugLogBufferTest[jvm]","com.georgeci.moneysurfer.domain.logging.DebugLogBufferTest",""
"","40","an evicted (REMOVED) member can no longer read the roster","","2026-07-30","passed","2026-07-30","","workspaces/{wid}/members/{uid}","workspaces/{wid}/members/{uid} an evicted (REMOVED) member can no longer read the roster",""
"","13","a pristine blank form is invalid without showing a premature required error[jvm]","","2026-07-30","passed","2026-07-30","","AccountCreationStateTest[jvm]","com.georgeci.moneysurfer.feature.account.creation.AccountCreationStateTest",""
"","6","normalizing drops duplicate entries for the same widget, keeping the first[jvm]","","2026-07-30","passed","2026-07-30","","DashboardLayoutConfigTest[jvm]","com.georgeci.moneysurfer.domain.dashboard.DashboardLayoutConfigTest",""
"","14","an unreachable provider leaves the cached table in place[jvm]","","2026-07-30","passed","2026-07-30","","ExchangeRateRepositoryImplJvmTest[jvm]","com.georgeci.moneysurfer.data.repository.ExchangeRateRepositoryImplJvmTest",""
"","0","'42,50' -> '42.50'[jvm]","","2026-07-30","passed","2026-07-30","","AmountInputTransformationTest[jvm]","com.georgeci.moneysurfer.utils.AmountInputTransformationTest",""
"","36","back navigates back[jvm]","","2026-07-30","passed","2026-07-30","","AccountCreationViewModelTest[jvm]","com.georgeci.moneysurfer.feature.account.creation.AccountCreationViewModelTest",""
"","15","opening balances never appear in the list, under either spelling[jvm]","","2026-07-30","passed","2026-07-30","","TransactionWindowIntegrationIT[jvm]","com.georgeci.moneysurfer.integration.repository.TransactionWindowIntegrationIT",""
"","7","a budget naming only this category becomes the backing budget[jvm]","","2026-07-30","passed","2026-07-30","","CategoryCapCoverageTest[jvm]","com.georgeci.moneysurfer.domain.model.CategoryCapCoverageTest",""
"","4","redactUid returns a fixed marker for blank input[jvm]","","2026-07-30","passed","2026-07-30","","PiiRedactionTest[jvm]","com.georgeci.moneysurfer.domain.logging.PiiRedactionTest",""
"","4","dismissing the restore confirmation leaves the data alone[jvm]","","2026-07-30","passed","2026-07-30","","BackupViewModelTest[jvm]","com.georgeci.moneysurfer.feature.settings.backup.BackupViewModelTest",""
"","58","a month that booked nothing is a formatted zero, not an absent card[jvm]","","2026-07-30","passed","2026-07-30","","DashboardSpentMonthViewModelTest[jvm]","com.georgeci.moneysurfer.feature.dashboard.DashboardSpentMonthViewModelTest",""
"","28","a 840 dp tablet window at 2x density reports Expanded[jvm]","","2026-07-30","passed","2026-07-30","","SurferWindowSizeCompositionTest[jvm]","com.georgeci.moneysurfer.ui.SurferWindowSizeCompositionTest",""
"","2","an offline workspace with no accounts returns to the first-run account screen[jvm]","","2026-07-30","passed","2026-07-30","","StartRouteTest[jvm]","com.georgeci.moneysurfer.navigation.StartRouteTest",""
"","10","a newer remote value is adopted and stamped as already pushed[jvm]","","2026-07-30","passed","2026-07-30","","UserConfigSyncPluginSpec[jvm]","com.georgeci.moneysurfer.data.sync.plugin.UserConfigSyncPluginSpec",""
"","1","a category that is not in the list yields an empty trend rather than throwing[jvm]","","2026-07-30","passed","2026-07-30","","CategorySpendHistoryTest[jvm]","com.georgeci.moneysurfer.domain.model.CategorySpendHistoryTest",""
"","11","cursor returns null when no row exists[jvm]","","2026-07-30","passed","2026-07-30","","SyncMetaRepositoryImplSpec[jvm]","com.georgeci.moneysurfer.sync.internal.repository.SyncMetaRepositoryImplSpec",""
"","23","an absent document clears the mirror[jvm]","","2026-07-30","passed","2026-07-30","","RemoteGlobalConfigSourceImplSpec[jvm]","com.georgeci.moneysurfer.appconfig.remote.RemoteGlobalConfigSourceImplSpec",""
"","9","enum codec resolves by name and rejects anything else[jvm]","","2026-07-30","passed","2026-07-30","","ConfigCodecSpec[jvm]","com.georgeci.moneysurfer.appconfig.ConfigCodecSpec",""
"","8","appends a prefix wildcard to every token[jvm]","","2026-07-30","passed","2026-07-30","","FtsQueryTest[jvm]","com.georgeci.moneysurfer.data.db.FtsQueryTest",""
"","34","each picker writes under its own key[jvm]","","2026-07-30","passed","2026-07-30","","NavigationResultKeysTest[jvm]","com.georgeci.moneysurfer.navigation.NavigationResultKeysTest",""
"","18","the demo entry point signs in locally and lands on the selector[jvm]","","2026-07-30","passed","2026-07-30","","SignInViewModelTest[jvm]","com.georgeci.moneysurfer.feature.login.SignInViewModelTest",""
"","27","a workspace that has not landed yet leaves the trend empty, then fills it in[jvm]","","2026-07-30","passed","2026-07-30","","CategoryDetailsViewModelTest[jvm]","com.georgeci.moneysurfer.feature.category.details.CategoryDetailsViewModelTest",""
"","4","a well-known key resolves to its enum entry and a custom label does not[jvm]","","2026-07-30","passed","2026-07-30","","AccountExtraDetailsTest[jvm]","com.georgeci.moneysurfer.domain.model.AccountExtraDetailsTest",""
"","8","preserves the order the user typed[jvm]","","2026-07-30","passed","2026-07-30","","TransactionTagsTest[jvm]","com.georgeci.moneysurfer.domain.model.TransactionTagsTest",""
"","69","plugin failure surfaces as a sync error and leaves the cursor untouched[jvm]","","2026-07-30","passed","2026-07-30","","PullRemoteChangesUseCaseImplSpec[jvm]","com.georgeci.moneysurfer.data.sync.PullRemoteChangesUseCaseImplSpec",""
"","14","a split with no account to charge writes no legs[jvm]","","2026-07-30","passed","2026-07-30","","TransactionCreationSaveGuardsTest[jvm]","com.georgeci.moneysurfer.feature.transaction.creation.TransactionCreationSaveGuardsTest",""
"","5","what is not an amount stays not an amount[jvm]","","2026-07-30","passed","2026-07-30","","TransactionFilterMatchingTest[jvm]","com.georgeci.moneysurfer.feature.transaction.filter.TransactionFilterMatchingTest",""
"","24","a key the user never set is not materialised into the overlay[jvm]","","2026-07-30","passed","2026-07-30","","LocalDataResetIntegrationIT[jvm]","com.georgeci.moneysurfer.integration.repository.LocalDataResetIntegrationIT",""
"","30","a recovered server clears the degraded flag[jvm]","","2026-07-30","passed","2026-07-30","","RemoteGlobalConfigSourceImplSpec[jvm]","com.georgeci.moneysurfer.appconfig.remote.RemoteGlobalConfigSourceImplSpec",""
"","28","a contribution is pushed to the workspace's goalContributions collection[jvm]","","2026-07-30","passed","2026-07-30","","GoalSyncPluginIT[jvm]","com.georgeci.moneysurfer.integration.plugin.GoalSyncPluginIT",""
"","3","fromMajor that overflows Long throws instead of wrapping[jvm]","","2026-07-30","passed","2026-07-30","","MoneyTest[jvm]","com.georgeci.moneysurfer.domain.primitives.MoneyTest",""
"","12","the base currency is a path segment, so nothing needs encoding[jvm]","","2026-07-30","passed","2026-07-30","","ExchangeRateApiTest[jvm]","com.georgeci.moneysurfer.data.remote.ExchangeRateApiTest",""
"","0","'.99' -> '.99'[jvm]","","2026-07-30","passed","2026-07-30","","AmountInputTransformationTest[jvm]","com.georgeci.moneysurfer.utils.AmountInputTransformationTest",""
"","15","adding a line keeps the amount the trailing line was showing[jvm]","","2026-07-30","passed","2026-07-30","","TransactionCreationSplitTest[jvm]","com.georgeci.moneysurfer.feature.transaction.creation.TransactionCreationSplitTest",""
"","12","a fresh store reports no session[jvm]","","2026-07-30","passed","2026-07-30","","SessionPointersImplJvmTest[jvm]","com.georgeci.moneysurfer.data.preferences.SessionPointersImplJvmTest",""
"","14","week mode windows Monday to Sunday and labels the ISO week[jvm]","","2026-07-30","passed","2026-07-30","","TransactionsByAccountPeriodTest[jvm]","com.georgeci.moneysurfer.feature.transaction.list.TransactionsByAccountPeriodTest",""
"","9","isolated cursors per (workspace, collection)[jvm]","","2026-07-30","passed","2026-07-30","","SyncMetaRepositoryImplSpec[jvm]","com.georgeci.moneysurfer.data.sync.SyncMetaRepositoryImplSpec",""
"","602","below expanded width every widget still gets the whole row, whatever its span says[jvm]","","2026-07-30","passed","2026-07-30","","DashboardGridScreenTest[jvm]","com.georgeci.moneysurfer.ui.DashboardGridScreenTest",""
"","4","a widget dragged across sections keeps its span[jvm]","","2026-07-30","passed","2026-07-30","","DashboardLayoutConfigTest[jvm]","com.georgeci.moneysurfer.domain.dashboard.DashboardLayoutConfigTest",""
"","26","a transfer into the account the money leaves is not a transfer[jvm]","","2026-07-30","passed","2026-07-30","","TransactionCreationSaveGuardsTest[jvm]","com.georgeci.moneysurfer.feature.transaction.creation.TransactionCreationSaveGuardsTest",""
"","26","setActive flips the flag, stamps the clock and enqueues an update[jvm]","","2026-07-30","passed","2026-07-30","","BudgetRepositoryImplJvmTest[jvm]","com.georgeci.moneysurfer.data.repository.BudgetRepositoryImplJvmTest",""
"","5","SettingsCsv[jvm]","","2026-07-30","passed","2026-07-30","","RouteSerializationTest[jvm]","com.georgeci.moneysurfer.navigation.RouteSerializationTest",""
"","209","the quick-actions row draws both shortcuts once a transfer is possible[jvm]","","2026-07-30","passed","2026-07-30","","DashboardScreenStateTest[jvm]","com.georgeci.moneysurfer.ui.DashboardScreenStateTest",""
"","23","valid stored ISO is preserved[jvm]","","2026-07-30","passed","2026-07-30","","ResolveLegacyOperationDateTest[jvm]","com.georgeci.moneysurfer.data.repository.ResolveLegacyOperationDateTest",""
"","2183","every registered configuration key name is unique across the whole graph[jvm]","","2026-07-30","passed","2026-07-30","","OnlineConfigGraphTest[jvm]","com.georgeci.moneysurfer.di.OnlineConfigGraphTest",""
"","3","creates the system Transfer category lazily when the workspace is missing it[jvm]","","2026-07-30","passed","2026-07-30","","CreateTransferUseCaseTest[jvm]","com.georgeci.moneysurfer.domain.usecase.CreateTransferUseCaseTest",""
"","47","paging forward again returns to the period the list opened on[jvm]","","2026-07-30","passed","2026-07-30","","TransactionsByAccountNavigationTest[jvm]","com.georgeci.moneysurfer.feature.transaction.list.TransactionsByAccountNavigationTest",""
"","7","the tab row switches both variants over to the picked type[jvm]","","2026-07-30","passed","2026-07-30","","CategoryChooserViewModelTest[jvm]","com.georgeci.moneysurfer.feature.category.picker.CategoryChooserViewModelTest",""
"","34","a category budget leaves the verdict off rather than judging every expense by it[jvm]","","2026-07-30","passed","2026-07-30","","GetBurnRateUseCaseTest[jvm]","com.georgeci.moneysurfer.domain.usecase.GetBurnRateUseCaseTest",""
"","17","case mismatch between email claim and key is rejected","","2026-07-30","passed","2026-07-30","","userEmails/{email}","userEmails/{email} case mismatch between email claim and key is rejected",""
"","0","a percentage jump on pocket change is filtered out, the one beside it is not[jvm]","","2026-07-30","passed","2026-07-30","","InsightRulesTest[jvm]","com.georgeci.moneysurfer.domain.insight.InsightRulesTest",""
"","6","dismissing the export options asks for nothing[jvm]","","2026-07-30","passed","2026-07-30","","BackupViewModelTest[jvm]","com.georgeci.moneysurfer.feature.settings.backup.BackupViewModelTest",""
"","2","creating a goal with a non-positive target is rejected[jvm]","","2026-07-30","passed","2026-07-30","","SavingsGoalUseCaseTest[jvm]","com.georgeci.moneysurfer.domain.usecase.SavingsGoalUseCaseTest",""
"","27","unknown frequency and policy names degrade to the defaults[jvm]","","2026-07-30","passed","2026-07-30","","RecurringRuleRepositoryImplJvmTest[jvm]","com.georgeci.moneysurfer.data.repository.RecurringRuleRepositoryImplJvmTest",""
"","17","replaceAll drops keys the new payload omits[jvm]","","2026-07-30","passed","2026-07-30","","RemoteConfigMirrorImplJvmTest[jvm]","com.georgeci.moneysurfer.data.config.RemoteConfigMirrorImplJvmTest",""
"","34","non-member is blocked from budgets","","2026-07-30","passed","2026-07-30","","member-gated entities (smoke for the rest)","member-gated entities (smoke for the rest) non-member is blocked from budgets",""
"","5","the Expanded band runs from its lower bound up to the Large bound[jvm]","","2026-07-30","passed","2026-07-30","","SurferWindowSizeTest[jvm]","com.georgeci.moneysurfer.uikit.window.SurferWindowSizeTest",""
"","18","non-member cannot read the roster","","2026-07-30","passed","2026-07-30","","workspaces/{wid}/members/{uid}","workspaces/{wid}/members/{uid} non-member cannot read the roster",""
"","0","two receipts stay two groups[jvm]","","2026-07-30","passed","2026-07-30","","TransactionSplitGroupTest[jvm]","com.georgeci.moneysurfer.domain.model.TransactionSplitGroupTest",""
"","8","prefers the longest matching group prefix[jvm]","","2026-07-30","passed","2026-07-30","","ParseOssLibrariesTest[jvm]","com.georgeci.moneysurfer.feature.settings.about.licenses.ParseOssLibrariesTest",""
"","0","week window runs Monday to Sunday around the anchor[jvm]","","2026-07-30","passed","2026-07-30","","TransactionPeriodWindowTest[jvm]","com.georgeci.moneysurfer.domain.util.TransactionPeriodWindowTest",""
"","13","a pulled member is inserted and their user row stubbed[jvm]","","2026-07-30","passed","2026-07-30","","WorkspaceTreeSyncPluginIT[jvm]","com.georgeci.moneysurfer.integration.plugin.WorkspaceTreeSyncPluginIT",""
"","1","explicit overrides are exposed[jvm]","","2026-07-30","passed","2026-07-30","","SyncConstraintsSpec[jvm]","com.georgeci.moneysurfer.sync.scheduler.SyncConstraintsSpec",""
"","18","the day's net counts every leg, not just the one standing for the group[jvm]","","2026-07-30","passed","2026-07-30","","TransactionsListSplitTest[jvm]","com.georgeci.moneysurfer.feature.transaction.list.TransactionsListSplitTest",""
"","14","an empty cache still emits, so the dashboard renders before the first fetch lands[jvm]","","2026-07-30","passed","2026-07-30","","GetExchangeRatesUseCaseTest[jvm]","com.georgeci.moneysurfer.domain.usecase.GetExchangeRatesUseCaseTest",""
"","1","WorkspaceCreation[jvm]","","2026-07-30","passed","2026-07-30","","RouteSerializationTest[jvm]","com.georgeci.moneysurfer.navigation.RouteSerializationTest",""
"","19","clearSession leaves hasUsedDemo alone[jvm]","","2026-07-30","passed","2026-07-30","","SessionPointersImplJvmTest[jvm]","com.georgeci.moneysurfer.data.preferences.SessionPointersImplJvmTest",""
"","12","enqueueUpsert rejects DELETE operation[jvm]","","2026-07-30","passed","2026-07-30","","OutboxEnqueuerSpec[jvm]","com.georgeci.moneysurfer.data.sync.OutboxEnqueuerSpec",""
"","9","update bumps updatedAt and enqueues UPDATE[jvm]","","2026-07-30","passed","2026-07-30","","WorkspaceMemberRepositoryDualWriteSpec[jvm]","com.georgeci.moneysurfer.data.repository.WorkspaceMemberRepositoryDualWriteSpec",""
"","0","uppercases hex letters[jvm]","","2026-07-30","passed","2026-07-30","","TransactionReferenceTest[jvm]","com.georgeci.moneysurfer.domain.model.TransactionReferenceTest",""
"","188","the balance card states the month delta as a sentence[jvm]","","2026-07-30","passed","2026-07-30","","DashboardScreenStateTest[jvm]","com.georgeci.moneysurfer.ui.DashboardScreenStateTest",""
"","2","an empty currency list still promotes the form out of Loading[jvm]","","2026-07-30","passed","2026-07-30","","WorkspaceCreationViewModelTest[jvm]","com.georgeci.moneysurfer.feature.workspace.creation.WorkspaceCreationViewModelTest",""
"","8","remote calls fire in strict order: syncWorkspace → addWorkspaceRef → setDefaultWorkspace[jvm]","","2026-07-30","passed","2026-07-30","","CreateWorkspaceUseCaseTest[jvm]","com.georgeci.moneysurfer.domain.usecase.CreateWorkspaceUseCaseTest",""
"","27","rejects the issue scenario: transaction amount as a string","","2026-07-30","passed","2026-07-30","","entity write-shape validation (issue #156)","entity write-shape validation (issue #156) rejects the issue scenario: transaction amount as a string",""
"","3","garbage decodes to the default layout instead of an empty dashboard[jvm]","","2026-07-30","passed","2026-07-30","","DashboardLayoutCodecTest[jvm]","com.georgeci.moneysurfer.data.preferences.DashboardLayoutCodecTest",""
"","69","a file with a foreign header posts InvalidFile and returns to Idle[jvm]","","2026-07-30","passed","2026-07-30","","CsvBackupViewModelTest[jvm]","com.georgeci.moneysurfer.feature.settings.csv.CsvBackupViewModelTest",""
"","48","download opens the export options, and confirming asks for a save target[jvm]","","2026-07-30","passed","2026-07-30","","BackupViewModelTest[jvm]","com.georgeci.moneysurfer.feature.settings.backup.BackupViewModelTest",""
"","48","opening an existing category restores its icon, colour and parent[jvm]","","2026-07-30","passed","2026-07-30","","CategoryCreationViewModelTest[jvm]","com.georgeci.moneysurfer.feature.category.creation.CategoryCreationViewModelTest",""
"","30","the healthy workspace alongside it stays readable","","2026-07-30","passed","2026-07-30","","dangling users/{uid}.workspaceIds refs","dangling users/{uid}.workspaceIds refs the healthy workspace alongside it stays readable",""
"","1","ProjectionSummary carries the recalculated count[jvm]","","2026-07-30","passed","2026-07-30","","ProjectionSpec[jvm]","com.georgeci.moneysurfer.sync.projection.ProjectionSpec",""
"","4","last month is the whole previous month, not thirty days back[jvm]","","2026-07-30","passed","2026-07-30","","TransactionFilterMatchingTest[jvm]","com.georgeci.moneysurfer.feature.transaction.filter.TransactionFilterMatchingTest",""
"","4","an unparseable amount counts as nothing rather than breaking the arithmetic[jvm]","","2026-07-30","passed","2026-07-30","","TransactionCreationSplitEditingTest[jvm]","com.georgeci.moneysurfer.feature.transaction.creation.TransactionCreationSplitEditingTest",""
"","2","a list pushed above an inline panel still gives the detail its back affordance[jvm]","","2026-07-30","passed","2026-07-30","","SurferPaneSceneStrategyTest[jvm]","com.georgeci.moneysurfer.navigation.SurferPaneSceneStrategyTest",""
"","995","the headline total folds every currency into the workspace base currency[jvm]","","2026-07-30","passed","2026-07-30","","DashboardBalanceViewModelTest[jvm]","com.georgeci.moneysurfer.feature.dashboard.DashboardBalanceViewModelTest",""
"","77","UploadingEntity title carries entity, current, total[jvm]","","2026-07-30","passed","2026-07-30","","SyncStepSpec[jvm]","com.georgeci.moneysurfer.sync.api.SyncStepSpec",""
"","7","onboarding stays device-scoped, so a logout cannot replay it[jvm]","","2026-07-30","passed","2026-07-30","","ConfigKeyScopeTest[jvm]","com.georgeci.moneysurfer.data.config.ConfigKeyScopeTest",""
"","147","a widget with no variants gets a size-only sheet[jvm]","","2026-07-30","passed","2026-07-30","","DashboardCustomizeScreenStateTest[jvm]","com.georgeci.moneysurfer.ui.DashboardCustomizeScreenStateTest",""
"","300","an available row can be dragged too, and reports the row it lands on[jvm]","","2026-07-30","passed","2026-07-30","","DashboardCustomizeScreenStateTest[jvm]","com.georgeci.moneysurfer.ui.DashboardCustomizeScreenStateTest",""
"","1","expanded and large widths present the drawer[jvm]","","2026-07-30","passed","2026-07-30","","NavigationShellTest[jvm]","com.georgeci.moneysurfer.navigation.NavigationShellTest",""
"","30","cross-currency transfer stores fromMoney/toMoney on respective legs with each account's currencyCode[jvm]","","2026-07-30","passed","2026-07-30","","TransferCreationIntegrationIT[jvm]","com.georgeci.moneysurfer.integration.repository.TransferCreationIntegrationIT",""
"","1","the tombstone round-trips through the wire format[jvm]","","2026-07-30","passed","2026-07-30","","TransactionDtoMapperSpec[jvm]","com.georgeci.moneysurfer.data.sync.TransactionDtoMapperSpec",""
"","72","the user block is inert without a handler[jvm]","","2026-07-30","passed","2026-07-30","","SurferNavigationDrawerTest[jvm]","com.georgeci.moneysurfer.ui.SurferNavigationDrawerTest",""
"","155","a closed-set key gets one chip per choice, with the effective value marked[jvm]","","2026-07-30","passed","2026-07-30","","DebugConfigScreenStateTest[jvm]","com.georgeci.moneysurfer.ui.DebugConfigScreenStateTest",""
"","5","values survive the process — a fresh instance reloads them from disk[jvm]","","2026-07-30","passed","2026-07-30","","DesktopFirebasePlatformJvmTest[jvm]","com.georgeci.moneysurfer.data.remote.DesktopFirebasePlatformJvmTest",""
"","219","an overspent budget says so in the caption rather than reading as headroom[jvm]","","2026-07-30","passed","2026-07-30","","DashboardScreenStateTest[jvm]","com.georgeci.moneysurfer.ui.DashboardScreenStateTest",""
"","88","offline build layer declares every host key[jvm]","","2026-07-30","passed","2026-07-30","","OfflineConfigGraphTest[jvm]","com.georgeci.moneysurfer.offline.di.OfflineConfigGraphTest",""
"","1","reader rejects unsupported compression method[jvm]","","2026-07-30","passed","2026-07-30","","ZipStoredCodecTest[jvm]","com.georgeci.moneysurfer.data.backup.ZipStoredCodecTest",""
"","1","create expense decrements cache by amount[jvm]","","2026-07-30","passed","2026-07-30","","ApplyTransactionChangeUseCaseTest[jvm]","com.georgeci.moneysurfer.domain.usecase.ApplyTransactionChangeUseCaseTest",""
"","5","an empty tag list encodes as an empty cell and decodes back to no tags[jvm]","","2026-07-30","passed","2026-07-30","","TransactionCsvCodecTest[jvm]","com.georgeci.moneysurfer.domain.csv.TransactionCsvCodecTest",""
"","4","an absent accountId stays null[jvm]","","2026-07-30","passed","2026-07-30","","GoalDtoMapperSpec[jvm]","com.georgeci.moneysurfer.data.sync.GoalDtoMapperSpec",""
"","0","CategoryCreation[jvm]","","2026-07-30","passed","2026-07-30","","RouteSerializationTest[jvm]","com.georgeci.moneysurfer.navigation.RouteSerializationTest",""
"","33","owner can self-create their own OWNER row on workspace creation (no invite)","","2026-07-30","passed","2026-07-30","","workspaces/{wid}/members/{uid}","workspaces/{wid}/members/{uid} owner can self-create their own OWNER row on workspace creation (no invite)",""
"","2","release builds enable collection[jvm]","","2026-07-30","passed","2026-07-30","","CrashReportingTest[jvm]","com.georgeci.moneysurfer.domain.telemetry.CrashReportingTest",""
"","19","a monthly rule round-trips its month-day set and missing-day policy[jvm]","","2026-07-30","passed","2026-07-30","","RecurringRuleRepositoryImplJvmTest[jvm]","com.georgeci.moneysurfer.data.repository.RecurringRuleRepositoryImplJvmTest",""
"","1","summary formats a negative net and ignores totals in another currency[jvm]","","2026-07-30","passed","2026-07-30","","TransactionsListMappingTest[jvm]","com.georgeci.moneysurfer.feature.transaction.list.TransactionsListMappingTest",""
"","1","explicit value is preserved[jvm]","","2026-07-30","passed","2026-07-30","","SyncRequestIdSpec[jvm]","com.georgeci.moneysurfer.sync.api.SyncRequestIdSpec",""
"","9","android's badly-formatted phrasing classifies as InvalidEmail[jvm]","","2026-07-30","passed","2026-07-30","","AuthErrorClassificationTest[jvm]","com.georgeci.moneysurfer.data.repository.AuthErrorClassificationTest",""
"","18","a receipt's legs render as one row carrying the whole payment[jvm]","","2026-07-30","passed","2026-07-30","","TransactionsListSplitTest[jvm]","com.georgeci.moneysurfer.feature.transaction.list.TransactionsListSplitTest",""
"","22","a transfer needs a positive amount on the side the money leaves[jvm]","","2026-07-30","passed","2026-07-30","","TransactionCreationSaveGuardsTest[jvm]","com.georgeci.moneysurfer.feature.transaction.creation.TransactionCreationSaveGuardsTest",""
"","85","an unconfigured real-project run names the missing variable[jvm]","","2026-07-30","passed","2026-07-30","","DesktopFirebaseOptionsJvmTest[jvm]","com.georgeci.moneysurfer.data.remote.DesktopFirebaseOptionsJvmTest",""
"","3","toggling off discards the lines and leaves the rest of the form alone[jvm]","","2026-07-30","passed","2026-07-30","","TransactionCreationSplitEditingTest[jvm]","com.georgeci.moneysurfer.feature.transaction.creation.TransactionCreationSplitEditingTest",""
"","31","a pulled category this device has never seen is inserted[jvm]","","2026-07-30","passed","2026-07-30","","CategorySyncPluginIT[jvm]","com.georgeci.moneysurfer.integration.plugin.CategorySyncPluginIT",""
"","445","the footer's two buttons are the only way the draft leaves this screen[jvm]","","2026-07-30","passed","2026-07-30","","TransactionFiltersScreenStateTest[jvm]","com.georgeci.moneysurfer.ui.TransactionFiltersScreenStateTest",""
"","1","an older remote value loses and the local one is left alone[jvm]","","2026-07-30","passed","2026-07-30","","UserConfigSyncPluginSpec[jvm]","com.georgeci.moneysurfer.data.sync.plugin.UserConfigSyncPluginSpec",""
"","15","income and expense totals sum only their own direction, ignoring the opening balance[jvm]","","2026-07-30","passed","2026-07-30","","AccountDetailsViewModelTest[jvm]","com.georgeci.moneysurfer.feature.account.details.AccountDetailsViewModelTest",""
"","24","adding money records a contribution[jvm]","","2026-07-30","passed","2026-07-30","","GoalContributionUseCaseTest[jvm]","com.georgeci.moneysurfer.domain.usecase.GoalContributionUseCaseTest",""
"","14","the signed-in user's workspaces land in Content[jvm]","","2026-07-30","passed","2026-07-30","","WorkspaceSelectorViewModelTest[jvm]","com.georgeci.moneysurfer.feature.workspace.selector.WorkspaceSelectorViewModelTest",""
"","15","offline build keeps sync off — there is no Firestore-backed implementation here[jvm]","","2026-07-30","passed","2026-07-30","","OfflineConfigGraphTest[jvm]","com.georgeci.moneysurfer.offline.di.OfflineConfigGraphTest",""
"","0","shifting a month backwards crosses the year boundary[jvm]","","2026-07-30","passed","2026-07-30","","TransactionPeriodWindowTest[jvm]","com.georgeci.moneysurfer.domain.util.TransactionPeriodWindowTest",""
"","5","still pins workspace and succeeds when addWorkspaceRef throws[jvm]","","2026-07-30","passed","2026-07-30","","CreateWorkspaceUseCaseTest[jvm]","com.georgeci.moneysurfer.domain.usecase.CreateWorkspaceUseCaseTest",""
"","0","shifting a month steps whole months without short-month drift[jvm]","","2026-07-30","passed","2026-07-30","","TransactionPeriodWindowTest[jvm]","com.georgeci.moneysurfer.domain.util.TransactionPeriodWindowTest",""
"","28","a pulled budget is inserted, and a newer local edit is kept[jvm]","","2026-07-30","passed","2026-07-30","","BudgetAndRecurringRuleSyncPluginIT[jvm]","com.georgeci.moneysurfer.integration.plugin.BudgetAndRecurringRuleSyncPluginIT",""
"","5","email user with a password reaches the confirmation dialog[jvm]","","2026-07-30","passed","2026-07-30","","DeleteUserAccountViewModelTest[jvm]","com.georgeci.moneysurfer.feature.settings.account.DeleteUserAccountViewModelTest",""
"","6","weekly window is the 7 days anchored on the start date's weekday[jvm]","","2026-07-30","passed","2026-07-30","","BudgetPeriodWindowTest[jvm]","com.georgeci.moneysurfer.domain.util.BudgetPeriodWindowTest",""
"","57","no-such-user (FIRAuth 17011) classifies as InvalidCredentials[jvm]","","2026-07-30","passed","2026-07-30","","AuthErrorClassificationTest[jvm]","com.georgeci.moneysurfer.data.repository.AuthErrorClassificationTest",""
"","17","owner can tombstone an invite","","2026-07-30","passed","2026-07-30","","tombstone update shape (push-side soft delete)","tombstone update shape (push-side soft delete) owner can tombstone an invite",""
"","2","',5' -> '.5'[jvm]","","2026-07-30","passed","2026-07-30","","AmountInputTransformationTest[jvm]","com.georgeci.moneysurfer.utils.AmountInputTransformationTest",""
"","23","accepts a budget with an empty categoryIds list","","2026-07-30","passed","2026-07-30","","entity write-shape validation (issue #156)","entity write-shape validation (issue #156) accepts a budget with an empty categoryIds list",""
"","4","a split leg's group id round-trips through the wire format[jvm]","","2026-07-30","passed","2026-07-30","","TransactionDtoMapperSpec[jvm]","com.georgeci.moneysurfer.data.sync.TransactionDtoMapperSpec",""
"","103","a planned transaction says so in the hero band[jvm]","","2026-07-30","passed","2026-07-30","","TransactionDetailsScreenStateTest[jvm]","com.georgeci.moneysurfer.ui.TransactionDetailsScreenStateTest",""
"","5","blank names cannot be saved and show an error only after being touched[jvm]","","2026-07-30","passed","2026-07-30","","CategoryCreationStateTest[jvm]","com.georgeci.moneysurfer.feature.category.creation.CategoryCreationStateTest",""
"","13","deleting a contribution that does not exist enqueues nothing[jvm]","","2026-07-30","passed","2026-07-30","","GoalRepositoryDualWriteSpec[jvm]","com.georgeci.moneysurfer.data.repository.GoalRepositoryDualWriteSpec",""
"","15","picking a grid width persists it without touching the widget's card style or slot[jvm]","","2026-07-30","passed","2026-07-30","","DashboardCustomizeViewModelTest[jvm]","com.georgeci.moneysurfer.feature.dashboard.customize.DashboardCustomizeViewModelTest",""
"","19","user without an email claim (e.g. anonymous) cannot write","","2026-07-30","passed","2026-07-30","","userEmails/{email}","userEmails/{email} user without an email claim (e.g. anonymous) cannot write",""
"","8","blob shorter than header + MAC is rejected as InvalidArchive[jvm]","","2026-07-30","passed","2026-07-30","","EncryptedBackupCodecTest[jvm]","com.georgeci.moneysurfer.data.backup.EncryptedBackupCodecTest",""
"","3","the receipt's last line holds whatever the ones above it left[jvm]","","2026-07-30","passed","2026-07-30","","TransactionCreationStateTest[jvm]","com.georgeci.moneysurfer.feature.transaction.creation.TransactionCreationStateTest",""
"","52","a split line's chooser opens on that line's category rather than on the form's[jvm]","","2026-07-30","passed","2026-07-30","","TransactionCreationFormTest[jvm]","com.georgeci.moneysurfer.feature.transaction.creation.TransactionCreationFormTest",""
"","5","an empty accounts table survives the backfill[jvm]","","2026-07-30","passed","2026-07-30","","AccountSortOrderMigrationIT[jvm]","com.georgeci.moneysurfer.integration.repository.AccountSortOrderMigrationIT",""
"","14","a budget naming other categories too takes the control read-only[jvm]","","2026-07-30","passed","2026-07-30","","CategoryCapCoverageTest[jvm]","com.georgeci.moneysurfer.domain.model.CategoryCapCoverageTest",""
"","4","markAttempt only updates the attempt column[jvm]","","2026-07-30","passed","2026-07-30","","SyncMetaRepositoryImplSpec[jvm]","com.georgeci.moneysurfer.sync.internal.repository.SyncMetaRepositoryImplSpec",""
"","23","a goal with no contributions has saved nothing rather than no answer[jvm]","","2026-07-30","passed","2026-07-30","","GoalContributionRepositoryImplJvmTest[jvm]","com.georgeci.moneysurfer.data.repository.GoalContributionRepositoryImplJvmTest",""
"","18","removing a row drops it and offers its chip again[jvm]","","2026-07-30","passed","2026-07-30","","AccountCreationViewModelTest[jvm]","com.georgeci.moneysurfer.feature.account.creation.AccountCreationViewModelTest",""
"","3","a half-typed amount is taken at face value while the user keeps typing[jvm]","","2026-07-30","passed","2026-07-30","","TransactionCreationSplitEditingTest[jvm]","com.georgeci.moneysurfer.feature.transaction.creation.TransactionCreationSplitEditingTest",""
"","11","markCompleted removes rows from pending()[jvm]","","2026-07-30","passed","2026-07-30","","PendingMutationQueueIntegrationIT[jvm]","com.georgeci.moneysurfer.integration.sync.PendingMutationQueueIntegrationIT",""
"","55","a currency left unconverted beside the headline also stands the trend down[jvm]","","2026-07-30","passed","2026-07-30","","DashboardBalanceViewModelTest[jvm]","com.georgeci.moneysurfer.feature.dashboard.DashboardBalanceViewModelTest",""
"","1","a budget spanning several categories caps none of them on its own[jvm]","","2026-07-30","passed","2026-07-30","","SpentByCategoryTest[jvm]","com.georgeci.moneysurfer.domain.model.SpentByCategoryTest",""
"","0","DEFAULT_BATCH_LIMIT is 100[jvm]","","2026-07-30","passed","2026-07-30","","PendingMutationQueueSpec[jvm]","com.georgeci.moneysurfer.sync.repository.PendingMutationQueueSpec",""
"","24","a second submit while one is in flight is ignored[jvm]","","2026-07-30","passed","2026-07-30","","SignInViewModelTest[jvm]","com.georgeci.moneysurfer.feature.login.SignInViewModelTest",""
"","11","AllUserData additionally pulls invites from workspaces the user is invited to[jvm]","","2026-07-30","passed","2026-07-30","","PullRemoteChangesUseCaseImplSpec[jvm]","com.georgeci.moneysurfer.data.sync.PullRemoteChangesUseCaseImplSpec",""
"","7","isEnabled returns false when app version is Unsupported[jvm]","","2026-07-30","passed","2026-07-30","","OutboxEnqueuerSpec[jvm]","com.georgeci.moneysurfer.data.sync.OutboxEnqueuerSpec",""
"","58","imported expense adjusts the cached account balance[jvm]","","2026-07-30","passed","2026-07-30","","CsvBackupIntegrationIT[jvm]","com.georgeci.moneysurfer.integration.repository.CsvBackupIntegrationIT",""
"","1","BudgetCreation[jvm]","","2026-07-30","passed","2026-07-30","","RouteSerializationTest[jvm]","com.georgeci.moneysurfer.navigation.RouteSerializationTest",""
"","26","a fresh store holds nothing, so the layer resolves absent for every key[jvm]","","2026-07-30","passed","2026-07-30","","DebugConfigSourceImplJvmTest[jvm]","com.georgeci.moneysurfer.data.config.DebugConfigSourceImplJvmTest",""
"","16","a pulled invite is inserted, and a newer local answer is kept[jvm]","","2026-07-30","passed","2026-07-30","","WorkspaceTreeSyncPluginIT[jvm]","com.georgeci.moneysurfer.integration.plugin.WorkspaceTreeSyncPluginIT",""
"","6","cancellation mid-batch completes the pushed prefix and re-queues the rest as cancelled[jvm]","","2026-07-30","passed","2026-07-30","","UploadPendingChangesUseCaseImplSpec[jvm]","com.georgeci.moneysurfer.data.sync.UploadPendingChangesUseCaseImplSpec",""
"","121","the user block reports a click when it is given a handler[jvm]","","2026-07-30","passed","2026-07-30","","SurferNavigationDrawerTest[jvm]","com.georgeci.moneysurfer.ui.SurferNavigationDrawerTest",""
"","1057","first run pins a demo user and seeds Personal without any account[jvm]","","2026-07-30","passed","2026-07-30","","OfflineFirstRunSeederTest[jvm]","com.georgeci.moneysurfer.offline.firstrun.OfflineFirstRunSeederTest",""
"","266","wrong password surfaces WrongPassword notice and re-enables the screen[jvm]","","2026-07-30","passed","2026-07-30","","DeleteUserAccountViewModelTest[jvm]","com.georgeci.moneysurfer.feature.settings.account.DeleteUserAccountViewModelTest",""
"","2","a detail opened from its list drops its own chrome[jvm]","","2026-07-30","passed","2026-07-30","","SurferPaneSceneStrategyTest[jvm]","com.georgeci.moneysurfer.navigation.SurferPaneSceneStrategyTest",""
"","12","a repository emission mid-drag does not snap the rows back[jvm]","","2026-07-30","passed","2026-07-30","","AccountsManageViewModelTest[jvm]","com.georgeci.moneysurfer.feature.account.manage.AccountsManageViewModelTest",""
"","8","markInFlight is a no-op for empty list[jvm]","","2026-07-30","passed","2026-07-30","","PendingMutationQueueImplSpec[jvm]","com.georgeci.moneysurfer.sync.internal.repository.PendingMutationQueueImplSpec",""
"","2","month window spans the whole calendar month[jvm]","","2026-07-30","passed","2026-07-30","","TransactionPeriodWindowTest[jvm]","com.georgeci.moneysurfer.domain.util.TransactionPeriodWindowTest",""
"","0","re-reading an unchanged document is not reported as a conflict[jvm]","","2026-07-30","passed","2026-07-30","","UserConfigSyncPluginSpec[jvm]","com.georgeci.moneysurfer.data.sync.plugin.UserConfigSyncPluginSpec",""
"","186","with no budget the safe-to-spend card still draws, offering the way out of its empty state[jvm]","","2026-07-30","passed","2026-07-30","","DashboardScreenStateTest[jvm]","com.georgeci.moneysurfer.ui.DashboardScreenStateTest",""
"","12","Month cuts the calendar month containing the day[jvm]","","2026-07-30","passed","2026-07-30","","DashboardPeriodTest[jvm]","com.georgeci.moneysurfer.domain.dashboard.DashboardPeriodTest",""
"","1","a parent cycle is shown at the top level rather than vanishing[jvm]","","2026-07-30","passed","2026-07-30","","CategoryTreeTest[jvm]","com.georgeci.moneysurfer.domain.model.CategoryTreeTest",""
"","25","a local row edited more recently is kept, and the clash is reported[jvm]","","2026-07-30","passed","2026-07-30","","AccountSyncPluginIT[jvm]","com.georgeci.moneysurfer.integration.plugin.AccountSyncPluginIT",""
"","3","deleting one leg of a split takes the whole receipt with it[jvm]","","2026-07-30","passed","2026-07-30","","DeleteTransactionUseCaseTest[jvm]","com.georgeci.moneysurfer.domain.usecase.DeleteTransactionUseCaseTest",""
"","283","a drag that never leaves the row it started on asks for nothing[jvm]","","2026-07-30","passed","2026-07-30","","DashboardCustomizeScreenStateTest[jvm]","com.georgeci.moneysurfer.ui.DashboardCustomizeScreenStateTest",""
"","47","insert in a demo session writes DAO but skips the outbox[jvm]","","2026-07-30","passed","2026-07-30","","GoalRepositoryDualWriteSpec[jvm]","com.georgeci.moneysurfer.data.repository.GoalRepositoryDualWriteSpec",""
"","8","a selected category outside the top seven takes the last slot rather than disappearing[jvm]","","2026-07-30","passed","2026-07-30","","TransactionCreationMappingTest[jvm]","com.georgeci.moneysurfer.feature.transaction.creation.TransactionCreationMappingTest",""
"","23","goal create is blocked when clientVersionCode is missing","","2026-07-30","passed","2026-07-30","","savings goals (issue #244)","savings goals (issue #244) goal create is blocked when clientVersionCode is missing",""
"","187","an empty balance drops the trend rather than pairing a delta with a dash[jvm]","","2026-07-30","passed","2026-07-30","","DashboardScreenStateTest[jvm]","com.georgeci.moneysurfer.ui.DashboardScreenStateTest",""
"","24","the all-accounts summary currency is the dominant one, not the newest row's[jvm]","","2026-07-30","passed","2026-07-30","","TransactionsByAccountPeriodTest[jvm]","com.georgeci.moneysurfer.feature.transaction.list.TransactionsByAccountPeriodTest",""
"","7","pushAll failure surfaces as RemoteSyncFailed and skips addRef + pin[jvm]","","2026-07-30","passed","2026-07-30","","CreateWorkspaceUseCaseTest[jvm]","com.georgeci.moneysurfer.domain.usecase.CreateWorkspaceUseCaseTest",""
"","5","tapping a row moves the pending selection without committing it[jvm]","","2026-07-30","passed","2026-07-30","","WorkspaceSelectorViewModelTest[jvm]","com.georgeci.moneysurfer.feature.workspace.selector.WorkspaceSelectorViewModelTest",""
"","2","the online build never takes the first-run account branch — and never queries accounts[jvm]","","2026-07-30","passed","2026-07-30","","StartRouteTest[jvm]","com.georgeci.moneysurfer.navigation.StartRouteTest",""
"","19","clearing an entry clears its view models[jvm]","","2026-07-30","passed","2026-07-30","","NavEntryViewModelStoreHolderTest[jvm]","com.georgeci.moneysurfer.navigation.util.NavEntryViewModelStoreHolderTest",""
"","4","the parent holding the selection starts expanded[jvm]","","2026-07-30","passed","2026-07-30","","CategoryChooserViewModelTest[jvm]","com.georgeci.moneysurfer.feature.category.picker.CategoryChooserViewModelTest",""
"","12","owner whose co-members all LEFT or were REMOVED still purges[jvm]","","2026-07-30","passed","2026-07-30","","UserAccountDeletionRepositoryImplTest[jvm]","com.georgeci.moneysurfer.data.repository.UserAccountDeletionRepositoryImplTest",""
"","1398","deleting goes through a confirmation that names the transaction[jvm]","","2026-07-30","passed","2026-07-30","","TransactionDetailsScreenStateTest[jvm]","com.georgeci.moneysurfer.ui.TransactionDetailsScreenStateTest",""
"","27","rejects an account whose boolean archived flag is a string","","2026-07-30","passed","2026-07-30","","entity write-shape validation (issue #156)","entity write-shape validation (issue #156) rejects an account whose boolean archived flag is a string",""
"","19","a write racing another writer on the same file still returns[jvm]","","2026-07-30","passed","2026-07-30","","PreferencesMirrorJvmTest[jvm]","com.georgeci.moneysurfer.data.config.PreferencesMirrorJvmTest",""
"","5","an available optional update still allows sync[jvm]","","2026-07-30","passed","2026-07-30","","SyncVersionGateImplSpec[jvm]","com.georgeci.moneysurfer.data.sync.SyncVersionGateImplSpec",""
"","37","a write is readable through peek the moment it returns[jvm]","","2026-07-30","passed","2026-07-30","","LocalConfigSourceImplJvmTest[jvm]","com.georgeci.moneysurfer.data.config.LocalConfigSourceImplJvmTest",""
"","1","Completed title[jvm]","","2026-07-30","passed","2026-07-30","","SyncStepSpec[jvm]","com.georgeci.moneysurfer.sync.api.SyncStepSpec",""
"","4","reset drops the filters and keeps the search text[jvm]","","2026-07-30","passed","2026-07-30","","TransactionFilterMatchingTest[jvm]","com.georgeci.moneysurfer.feature.transaction.filter.TransactionFilterMatchingTest",""
"","26","offline build advances to the first-account step before finishing[jvm]","","2026-07-30","passed","2026-07-30","","OnboardingViewModelTest[jvm]","com.georgeci.moneysurfer.feature.login.onboarding.OnboardingViewModelTest",""
"","11","nothing is degraded on the happy path[jvm]","","2026-07-30","passed","2026-07-30","","LayeredConfigSpec[jvm]","com.georgeci.moneysurfer.appconfig.LayeredConfigSpec",""
"","25","list across all workspaces is denied — workspace get/list both gated by isMember","","2026-07-30","passed","2026-07-30","","workspaces/{wid}","workspaces/{wid} list across all workspaces is denied — workspace get/list both gated by isMember",""
"","37","parses the bundled aboutlibraries export[jvm]","","2026-07-30","passed","2026-07-30","","ParseOssLibrariesTest[jvm]","com.georgeci.moneysurfer.feature.settings.about.licenses.ParseOssLibrariesTest",""
"","2","a tag cell ending in a dangling escape keeps it as a literal character[jvm]","","2026-07-30","passed","2026-07-30","","TransactionCsvCodecTest[jvm]","com.georgeci.moneysurfer.domain.csv.TransactionCsvCodecTest",""
"","15","operator keywords and quotes from user input do not break MATCH[jvm]","","2026-07-30","passed","2026-07-30","","TransactionFtsIntegrationIT[jvm]","com.georgeci.moneysurfer.integration.repository.TransactionFtsIntegrationIT",""
"","1","normalize preserves the order the user added the entries in[jvm]","","2026-07-30","passed","2026-07-30","","AccountExtraDetailsTest[jvm]","com.georgeci.moneysurfer.domain.model.AccountExtraDetailsTest",""
"","353","the number-format pill renders the stored style, not a fixed sample[jvm]","","2026-07-30","passed","2026-07-30","","PreferencesScreenStateTest[jvm]","com.georgeci.moneysurfer.ui.PreferencesScreenStateTest",""
"","15","a sign-in whose cloud workspaces never reached the device says so on the way out[jvm]","","2026-07-30","passed","2026-07-30","","SignInViewModelTest[jvm]","com.georgeci.moneysurfer.feature.login.SignInViewModelTest",""
"","39","blank stored falls back to operationAt in UTC[jvm]","","2026-07-30","passed","2026-07-30","","ResolveLegacyOperationDateTest[jvm]","com.georgeci.moneysurfer.data.repository.ResolveLegacyOperationDateTest",""
"","1","the selected category type is used when the caller did not pin one[jvm]","","2026-07-30","passed","2026-07-30","","CategoryPickerRowsTest[jvm]","com.georgeci.moneysurfer.feature.category.picker.CategoryPickerRowsTest",""
"","42","safe-to-spend reads the active budget's remainder, pace and days left[jvm]","","2026-07-30","passed","2026-07-30","","DashboardSafeToSpendViewModelTest[jvm]","com.georgeci.moneysurfer.feature.dashboard.DashboardSafeToSpendViewModelTest",""
"","1247","every hero variant renders — queued and running also drive the live section[jvm]","","2026-07-30","passed","2026-07-30","","SyncScreenStateTest[jvm]","com.georgeci.moneysurfer.ui.SyncScreenStateTest",""
"","0","no workspace is pinned yet[jvm]","","2026-07-30","passed","2026-07-30","","ShellIdentityTest[jvm]","com.georgeci.moneysurfer.navigation.ShellIdentityTest",""
"","57","save stays disabled until both a title and a positive target are entered[jvm]","","2026-07-30","passed","2026-07-30","","GoalEditViewModelTest[jvm]","com.georgeci.moneysurfer.feature.goal.edit.GoalEditViewModelTest",""
"","1","the ports match the emulator suite's defaults[jvm]","","2026-07-30","passed","2026-07-30","","FirebaseConfigImplJvmTest[jvm]","com.georgeci.moneysurfer.data.remote.FirebaseConfigImplJvmTest",""
"","169","the type segments ask the view model for the switch rather than deciding on screen[jvm]","","2026-07-30","passed","2026-07-30","","TransactionCreationScreenStateTest[jvm]","com.georgeci.moneysurfer.ui.TransactionCreationScreenStateTest",""
"","6","delete removes the account[jvm]","","2026-07-30","passed","2026-07-30","","AccountWriteUseCasesTest[jvm]","com.georgeci.moneysurfer.domain.usecase.AccountWriteUseCasesTest",""
"","265","an empty workspace still renders every section, with explicit empty states[jvm]","","2026-07-30","passed","2026-07-30","","SyncScreenStateTest[jvm]","com.georgeci.moneysurfer.ui.SyncScreenStateTest",""
"","17","owner can tombstone a member row","","2026-07-30","passed","2026-07-30","","tombstone update shape (push-side soft delete)","tombstone update shape (push-side soft delete) owner can tombstone a member row",""
"","70","online build layer declares every host key[jvm]","","2026-07-30","passed","2026-07-30","","OnlineConfigGraphTest[jvm]","com.georgeci.moneysurfer.di.OnlineConfigGraphTest",""
"","23","user cannot update another user's document","","2026-07-30","passed","2026-07-30","","users/{uid}","users/{uid} user cannot update another user's document",""
"","0","a live workspace maps to a doc with no tombstone[jvm]","","2026-07-30","passed","2026-07-30","","WorkspaceScopedDtoMapperSpec[jvm]","com.georgeci.moneysurfer.data.sync.WorkspaceScopedDtoMapperSpec",""
"","1","malformed -> null[jvm]","","2026-07-30","passed","2026-07-30","","TimeFormatterTest[jvm]","com.georgeci.moneysurfer.data.repository.TimeFormatterTest",""
"","9","picking a card style persists it without moving the widget[jvm]","","2026-07-30","passed","2026-07-30","","DashboardCustomizeViewModelTest[jvm]","com.georgeci.moneysurfer.feature.dashboard.customize.DashboardCustomizeViewModelTest",""
"","1","is idempotent[jvm]","","2026-07-30","passed","2026-07-30","","TransactionTagsTest[jvm]","com.georgeci.moneysurfer.domain.model.TransactionTagsTest",""
"","0","'00.5' (leading zeros with decimal)[jvm]","","2026-07-30","passed","2026-07-30","","AmountInputTransformationTest[jvm]","com.georgeci.moneysurfer.utils.AmountInputTransformationTest",""
"","37","a remote push failure keeps the user on the form with a retryable error[jvm]","","2026-07-30","passed","2026-07-30","","WorkspaceCreationViewModelTest[jvm]","com.georgeci.moneysurfer.feature.workspace.creation.WorkspaceCreationViewModelTest",""
"","15","toString contains the id and entityType[jvm]","","2026-07-30","passed","2026-07-30","","PendingMutationSpec[jvm]","com.georgeci.moneysurfer.sync.repository.PendingMutationSpec",""
"","26","saving a split writes one leg per line, sharing a split id[jvm]","","2026-07-30","passed","2026-07-30","","TransactionCreationSplitTest[jvm]","com.georgeci.moneysurfer.feature.transaction.creation.TransactionCreationSplitTest",""
"","43","an undecodable stored value is absent-in-that-layer, so resolution continues downwards[jvm]","","2026-07-30","passed","2026-07-30","","LayeredConfigSpec[jvm]","com.georgeci.moneysurfer.appconfig.LayeredConfigSpec",""
"","21","an id the workspace does not know is skipped without leaving a hole in the numbering[jvm]","","2026-07-30","passed","2026-07-30","","AccountSortOrderIntegrationIT[jvm]","com.georgeci.moneysurfer.integration.repository.AccountSortOrderIntegrationIT",""
"","3","the user-scoped phase runs for a workspace-scoped sync too[jvm]","","2026-07-30","passed","2026-07-30","","PullRemoteChangesUseCaseImplSpec[jvm]","com.georgeci.moneysurfer.data.sync.PullRemoteChangesUseCaseImplSpec",""
"","21","accepts a category nested under a parent","","2026-07-30","passed","2026-07-30","","entity write-shape validation (issue #156)","entity write-shape validation (issue #156) accepts a category nested under a parent",""
"","23","invitee can accept by targetUserId match","","2026-07-30","passed","2026-07-30","","invites — update / delete","invites — update / delete invitee can accept by targetUserId match",""
"","389","editing hands back the fields the form has no input for[jvm]","","2026-07-30","passed","2026-07-30","","TransactionCreationEditTest[jvm]","com.georgeci.moneysurfer.feature.transaction.creation.TransactionCreationEditTest",""
"","13","the outbox stays unobserved while sync is off, and fills in when the switch flips[jvm]","","2026-07-30","passed","2026-07-30","","SyncViewModelTest[jvm]","com.georgeci.moneysurfer.feature.settings.sync.SyncViewModelTest",""
"","11","a workspace full of budgets that miss this category still leaves the control free[jvm]","","2026-07-30","passed","2026-07-30","","CategoryCapCoverageTest[jvm]","com.georgeci.moneysurfer.domain.model.CategoryCapCoverageTest",""
"","13","deleting an id that names no row enqueues nothing[jvm]","","2026-07-30","passed","2026-07-30","","TransactionTombstoneSyncIntegrationIT[jvm]","com.georgeci.moneysurfer.integration.sync.TransactionTombstoneSyncIntegrationIT",""
"","0","missing localUpdatedAt → remote wins (treated as DISTANT_PAST)[jvm]","","2026-07-30","passed","2026-07-30","","LwwConflictResolverSpec[jvm]","com.georgeci.moneysurfer.sync.repository.LwwConflictResolverSpec",""
"","4","a remote tag containing the CSV separator is normalized, not split[jvm]","","2026-07-30","passed","2026-07-30","","TransactionDtoMapperSpec[jvm]","com.georgeci.moneysurfer.data.sync.TransactionDtoMapperSpec",""
"","18","owner can hard-delete a member row (account-deletion purge)","","2026-07-30","passed","2026-07-30","","workspaces/{wid}/members/{uid}","workspaces/{wid}/members/{uid} owner can hard-delete a member row (account-deletion purge)",""
"","4","an account without extra details reports an empty list rather than a blank section[jvm]","","2026-07-30","passed","2026-07-30","","AccountDetailsViewModelTest[jvm]","com.georgeci.moneysurfer.feature.account.details.AccountDetailsViewModelTest",""
"","22","invitee cannot transition to a terminal state other than ACCEPTED/DECLINED","","2026-07-30","passed","2026-07-30","","invites — update / delete","invites — update / delete invitee cannot transition to a terminal state other than ACCEPTED/DECLINED",""
"","1454","each sync error maps to its own message, and the two carrying server text pass it through[jvm]","","2026-07-30","passed","2026-07-30","","SyncScreenStateTest[jvm]","com.georgeci.moneysurfer.ui.SyncScreenStateTest",""
"","40","an operationDate that is unpadded is counted by no aggregate[jvm]","","2026-07-30","passed","2026-07-30","","SpendAnalyticsRepositoryImplJvmTest[jvm]","com.georgeci.moneysurfer.data.repository.SpendAnalyticsRepositoryImplJvmTest",""
"","4","exhaustive enumeration — no orphan steps[jvm]","","2026-07-30","passed","2026-07-30","","SyncStepOrderTest[jvm]","com.georgeci.moneysurfer.domain.model.SyncStepOrderTest",""
"","2","a touched blank name shows the required error[jvm]","","2026-07-30","passed","2026-07-30","","AccountCreationStateTest[jvm]","com.georgeci.moneysurfer.feature.account.creation.AccountCreationStateTest",""
"","8","cancellation between documents aborts the pull[jvm]","","2026-07-30","passed","2026-07-30","","PullRemoteChangesUseCaseImplSpec[jvm]","com.georgeci.moneysurfer.data.sync.PullRemoteChangesUseCaseImplSpec",""
"","3","AccountTransactionCreation[jvm]","","2026-07-30","passed","2026-07-30","","RouteSerializationTest[jvm]","com.georgeci.moneysurfer.navigation.RouteSerializationTest",""
"","10","an undeclared key is absent, so resolution falls through to the key default[jvm]","","2026-07-30","passed","2026-07-30","","BuildConfigSourceSpec[jvm]","com.georgeci.moneysurfer.appconfig.BuildConfigSourceSpec",""
"","16","owner can hard-delete an invite (account-deletion purge)","","2026-07-30","passed","2026-07-30","","invites — update / delete","invites — update / delete owner can hard-delete an invite (account-deletion purge)",""
"","38","save EXPENSE persists a transaction with the account's currency and updates balance[jvm]","","2026-07-30","passed","2026-07-30","","TransactionCreationSaveTest[jvm]","com.georgeci.moneysurfer.feature.transaction.creation.TransactionCreationSaveTest",""
"","23","an unreachable server leaves the mirrored values in place[jvm]","","2026-07-30","passed","2026-07-30","","RemoteGlobalConfigSourceImplSpec[jvm]","com.georgeci.moneysurfer.appconfig.remote.RemoteGlobalConfigSourceImplSpec",""
"","3","a chosen account lands in the slot the chooser was opened for[jvm]","","2026-07-30","passed","2026-07-30","","TransactionCreationMappingTest[jvm]","com.georgeci.moneysurfer.feature.transaction.creation.TransactionCreationMappingTest",""
"","2","the period total is compared whichever way it moved[jvm]","","2026-07-30","passed","2026-07-30","","InsightRulesTest[jvm]","com.georgeci.moneysurfer.domain.insight.InsightRulesTest",""
"","42","a backup written by the pre-#260 build imports with the new fields defaulted[jvm]","","2026-07-30","passed","2026-07-30","","ExportImportTransactionsUseCaseTest[jvm]","com.georgeci.moneysurfer.domain.csv.ExportImportTransactionsUseCaseTest",""
"","19","user cannot delete another user's document","","2026-07-30","passed","2026-07-30","","users/{uid}","users/{uid} user cannot delete another user's document",""
"","171","OnRemoveCategoryClick stages a pending delete[jvm]","","2026-07-30","passed","2026-07-30","","CategoriesManageViewModelTest[jvm]","com.georgeci.moneysurfer.feature.category.manage.CategoriesManageViewModelTest",""
"","1","an anonymous session names nobody, and the drawer supplies the placeholder[jvm]","","2026-07-30","passed","2026-07-30","","ShellIdentityTest[jvm]","com.georgeci.moneysurfer.navigation.ShellIdentityTest",""
"","25","a local write inserts, then updates value and updatedAt in place[jvm]","","2026-07-30","passed","2026-07-30","","ConfigEntryDaoIntegrationIT[jvm]","com.georgeci.moneysurfer.integration.repository.ConfigEntryDaoIntegrationIT",""
"","36","a row that is already gone deletes nothing and offers no Undo[jvm]","","2026-07-30","passed","2026-07-30","","TransactionsByAccountDeleteTest[jvm]","com.georgeci.moneysurfer.feature.transaction.list.TransactionsByAccountDeleteTest",""
"","17","rejects a non-integer updatedAt","","2026-07-30","passed","2026-07-30","","users/{uid}/config/{key}","users/{uid}/config/{key} rejects a non-integer updatedAt",""
"","31","Today puts the form back on the current date and unpins the stored one[jvm]","","2026-07-30","passed","2026-07-30","","TransactionCreationFormTest[jvm]","com.georgeci.moneysurfer.feature.transaction.creation.TransactionCreationFormTest",""
"","7","submitting with a malformed email reports EmailInvalid[jvm]","","2026-07-30","passed","2026-07-30","","SignInViewModelTest[jvm]","com.georgeci.moneysurfer.feature.login.SignInViewModelTest",""
"","5","garbage without the magic prefix is rejected as InvalidArchive[jvm]","","2026-07-30","passed","2026-07-30","","EncryptedBackupCodecTest[jvm]","com.georgeci.moneysurfer.data.backup.EncryptedBackupCodecTest",""
"","56","cancelAllQueued cancels queued requests but keeps the running one[jvm]","","2026-07-30","passed","2026-07-30","","SyncCoordinatorImplBranchSpec[jvm]","com.georgeci.moneysurfer.sync.coordinator.SyncCoordinatorImplBranchSpec",""
"","4","an empty editor is not a split at all[jvm]","","2026-07-30","passed","2026-07-30","","TransactionCreationStateTest[jvm]","com.georgeci.moneysurfer.feature.transaction.creation.TransactionCreationStateTest",""
"","1","two rows for one month are summed rather than one of them winning[jvm]","","2026-07-30","passed","2026-07-30","","BalanceTrendTest[jvm]","com.georgeci.moneysurfer.domain.model.BalanceTrendTest",""
"","1","addDownload accumulates downloadedCount[jvm]","","2026-07-30","passed","2026-07-30","","SyncSummaryBuilderSpec[jvm]","com.georgeci.moneysurfer.sync.api.SyncSummaryBuilderSpec",""
"","25","toggling on seeds the minimum a split is, carrying the form's category into the first line[jvm]","","2026-07-30","passed","2026-07-30","","TransactionCreationSplitEditingTest[jvm]","com.georgeci.moneysurfer.feature.transaction.creation.TransactionCreationSplitEditingTest",""
"","3","no two events share an effect[jvm]","","2026-07-30","passed","2026-07-30","","DashboardEventDestinationTest[jvm]","com.georgeci.moneysurfer.feature.dashboard.DashboardEventDestinationTest",""
"","11","a full batch of same-timestamp documents terminates the loop rather than re-reading itself[jvm]","","2026-07-30","passed","2026-07-30","","PullRemoteChangesUseCaseImplSpec[jvm]","com.georgeci.moneysurfer.data.sync.PullRemoteChangesUseCaseImplSpec",""
"","4","over-assigning drives the remainder negative, which is not a saveable receipt[jvm]","","2026-07-30","passed","2026-07-30","","TransactionCreationSplitEditingTest[jvm]","com.georgeci.moneysurfer.feature.transaction.creation.TransactionCreationSplitEditingTest",""
"","3","no signed-in user degrades to the generic error instead of navigating on[jvm]","","2026-07-30","passed","2026-07-30","","WorkspaceCreationViewModelTest[jvm]","com.georgeci.moneysurfer.feature.workspace.creation.WorkspaceCreationViewModelTest",""
"","9","the system Transfer category keeps its fixed appearance whatever its id hashes to[jvm]","","2026-07-30","passed","2026-07-30","","CategoryAppearanceTest[jvm]","com.georgeci.moneysurfer.domain.model.CategoryAppearanceTest",""
"","78","swiping a transaction away removes it, and the snackbar's Undo puts it back[jvm]","","2026-07-30","passed","2026-07-30","","CategoryDetailsViewModelTest[jvm]","com.georgeci.moneysurfer.feature.category.details.CategoryDetailsViewModelTest",""
"","24","a month that spent more than it earned reads as a fall[jvm]","","2026-07-30","passed","2026-07-30","","DashboardBalanceViewModelTest[jvm]","com.georgeci.moneysurfer.feature.dashboard.DashboardBalanceViewModelTest",""
"","2","a rejected edit puts the previous text back[jvm]","","2026-07-30","passed","2026-07-30","","AmountInputTransformationTest[jvm]","com.georgeci.moneysurfer.utils.AmountInputTransformationTest",""
"","3","rows for other accounts and non-actual rows leave the curve flat[jvm]","","2026-07-30","passed","2026-07-30","","AccountBalanceSeriesTest[jvm]","com.georgeci.moneysurfer.domain.model.AccountBalanceSeriesTest",""
"","598","an override round-trips[jvm]","","2026-07-30","passed","2026-07-30","","DebugConfigSourceImplJvmTest[jvm]","com.georgeci.moneysurfer.data.config.DebugConfigSourceImplJvmTest",""
"","124","patch fields overlaid on each entity doc decode as a pull-side tombstone[jvm]","","2026-07-30","passed","2026-07-30","","TombstonePatchSpec[jvm]","com.georgeci.moneysurfer.data.sync.plugin.TombstonePatchSpec",""
"","13","falls back to the group id when the export carries no names at all[jvm]","","2026-07-30","passed","2026-07-30","","ParseOssLibrariesTest[jvm]","com.georgeci.moneysurfer.feature.settings.about.licenses.ParseOssLibrariesTest",""
"","2","weak-password classifies as WeakPassword[jvm]","","2026-07-30","passed","2026-07-30","","AuthErrorClassificationTest[jvm]","com.georgeci.moneysurfer.data.repository.AuthErrorClassificationTest",""
"","3","WorkspaceInvite[jvm]","","2026-07-30","passed","2026-07-30","","RouteSerializationTest[jvm]","com.georgeci.moneysurfer.navigation.RouteSerializationTest",""
"","6","wrong password aborts before shutdown and cleanup[jvm]","","2026-07-30","passed","2026-07-30","","DeleteUserAccountUseCaseTest[jvm]","com.georgeci.moneysurfer.domain.usecase.DeleteUserAccountUseCaseTest",""
"","35","relaunch is idempotent — no duplicate workspace and still no seeded account[jvm]","","2026-07-30","passed","2026-07-30","","OfflineFirstRunSeederTest[jvm]","com.georgeci.moneysurfer.offline.firstrun.OfflineFirstRunSeederTest",""
"","25","a zero amount blocks save and exposes an inline error[jvm]","","2026-07-30","passed","2026-07-30","","TransactionCreationSaveTest[jvm]","com.georgeci.moneysurfer.feature.transaction.creation.TransactionCreationSaveTest",""
"","27","a row with no category lands in the uncategorized bucket rather than vanishing[jvm]","","2026-07-30","passed","2026-07-30","","SpendAnalyticsRepositoryImplJvmTest[jvm]","com.georgeci.moneysurfer.data.repository.SpendAnalyticsRepositoryImplJvmTest",""
"","20","an opening balance does not conjure a month into the trend[jvm]","","2026-07-30","passed","2026-07-30","","SpendAnalyticsRepositoryImplJvmTest[jvm]","com.georgeci.moneysurfer.data.repository.SpendAnalyticsRepositoryImplJvmTest",""
"","6","an extra field resolves only canonical well-known key spellings[jvm]","","2026-07-30","passed","2026-07-30","","AccountCreationStateTest[jvm]","com.georgeci.moneysurfer.feature.account.creation.AccountCreationStateTest",""
"","1","a member doc with no status is read as active rather than as a blank[jvm]","","2026-07-30","passed","2026-07-30","","MembershipDtoMapperSpec[jvm]","com.georgeci.moneysurfer.data.sync.MembershipDtoMapperSpec",""
"","16","a local write leaves lastPushedAt alone, so the row reads as pending again[jvm]","","2026-07-30","passed","2026-07-30","","ConfigEntryDaoIntegrationIT[jvm]","com.georgeci.moneysurfer.integration.repository.ConfigEntryDaoIntegrationIT",""
"","21","dispatches each mutation to the plugin matching its entityType[jvm]","","2026-07-30","passed","2026-07-30","","UploadPendingChangesUseCaseImplSpec[jvm]","com.georgeci.moneysurfer.data.sync.UploadPendingChangesUseCaseImplSpec",""
"","8","keeps the shared version when every artifact of a family agrees[jvm]","","2026-07-30","passed","2026-07-30","","ParseOssLibrariesTest[jvm]","com.georgeci.moneysurfer.feature.settings.about.licenses.ParseOssLibrariesTest",""
"","21","user can self-update status to LEFT","","2026-07-30","passed","2026-07-30","","workspaces/{wid}/members/{uid}","workspaces/{wid}/members/{uid} user can self-update status to LEFT",""
"","1","all counters compose into one summary[jvm]","","2026-07-30","passed","2026-07-30","","SyncSummaryBuilderSpec[jvm]","com.georgeci.moneysurfer.sync.api.SyncSummaryBuilderSpec",""
"","5","SyncHandleStatus.Failed carries error[jvm]","","2026-07-30","passed","2026-07-30","","SyncStateSpec[jvm]","com.georgeci.moneysurfer.sync.api.SyncStateSpec",""
"","8","a lone separator is an invalid format[jvm]","","2026-07-30","passed","2026-07-30","","TransactionAmountInputTest[jvm]","com.georgeci.moneysurfer.feature.transaction.creation.TransactionAmountInputTest",""
"","114","a custom field shadowing a well-known key withdraws that key's chip[jvm]","","2026-07-30","passed","2026-07-30","","AccountCreationViewModelTest[jvm]","com.georgeci.moneysurfer.feature.account.creation.AccountCreationViewModelTest",""
"","18","owner can promote a member's role","","2026-07-30","passed","2026-07-30","","workspaces/{wid}/members/{uid}","workspaces/{wid}/members/{uid} owner can promote a member's role",""
"","9","paging back a month re-queries the previous window[jvm]","","2026-07-30","passed","2026-07-30","","TransactionsByAccountPeriodTest[jvm]","com.georgeci.moneysurfer.feature.transaction.list.TransactionsByAccountPeriodTest",""
"","18","rejects a category whose iconKey is a number","","2026-07-30","passed","2026-07-30","","entity write-shape validation (issue #156)","entity write-shape validation (issue #156) rejects a category whose iconKey is a number",""
"","14","save keeps a negative opening balance for a credit (card) account[jvm]","","2026-07-30","passed","2026-07-30","","AccountCreationViewModelTest[jvm]","com.georgeci.moneysurfer.feature.account.creation.AccountCreationViewModelTest",""
"","21","a parent lists its children with the share each takes of the parent total[jvm]","","2026-07-30","passed","2026-07-30","","CategoryDetailsViewModelTest[jvm]","com.georgeci.moneysurfer.feature.category.details.CategoryDetailsViewModelTest",""
"","1","an account whose currency has no rate is listed, never dropped[jvm]","","2026-07-30","passed","2026-07-30","","ConvertAccountsTotalUseCaseTest[jvm]","com.georgeci.moneysurfer.domain.usecase.ConvertAccountsTotalUseCaseTest",""
"","8","live activity still outranks a missing workspace — a running sync is the more useful answer[jvm]","","2026-07-30","passed","2026-07-30","","SyncViewModelTest[jvm]","com.georgeci.moneysurfer.feature.settings.sync.SyncViewModelTest",""
"","4","anything below Warn is not loggable[jvm]","","2026-07-30","passed","2026-07-30","","DebugLogBufferTest[jvm]","com.georgeci.moneysurfer.domain.logging.DebugLogBufferTest",""
"","0","epochMillis=0[jvm]","","2026-07-30","passed","2026-07-30","","TimeFormatterTest[jvm]","com.georgeci.moneysurfer.data.repository.TimeFormatterTest",""
"","13","an update replaces the display name of an existing row[jvm]","","2026-07-30","passed","2026-07-30","","UserRepositoryImplJvmTest[jvm]","com.georgeci.moneysurfer.data.repository.UserRepositoryImplJvmTest",""
"","0","Onboarding[jvm]","","2026-07-30","passed","2026-07-30","","RouteSerializationTest[jvm]","com.georgeci.moneysurfer.navigation.RouteSerializationTest",""
"","9","ignores REMOVED ex-members when checking duplicates[jvm]","","2026-07-30","passed","2026-07-30","","SendInviteUseCaseTest[jvm]","com.georgeci.moneysurfer.domain.usecase.SendInviteUseCaseTest",""
"","20","a manual sync reaches the coordinator as a MANUAL request[jvm]","","2026-07-30","passed","2026-07-30","","SyncViewModelTest[jvm]","com.georgeci.moneysurfer.feature.settings.sync.SyncViewModelTest",""
"","162","deleting a split takes every leg out of the group lookup and the leg count[jvm]","","2026-07-30","passed","2026-07-30","","TransactionSoftDeleteIntegrationIT[jvm]","com.georgeci.moneysurfer.integration.repository.TransactionSoftDeleteIntegrationIT",""
"","26","non-member is blocked from categories","","2026-07-30","passed","2026-07-30","","member-gated entities (smoke for the rest)","member-gated entities (smoke for the rest) non-member is blocked from categories",""
"","31","deleting a transaction then re-applying it restores the row and the balance[jvm]","","2026-07-30","passed","2026-07-30","","DeleteUndoIntegrationIT[jvm]","com.georgeci.moneysurfer.integration.repository.DeleteUndoIntegrationIT",""
"","300","composition renders with no display attached[jvm]","","2026-07-30","passed","2026-07-30","","SignInScreenStateTest[jvm]","com.georgeci.moneysurfer.ui.SignInScreenStateTest",""
"","11","take remote writes the remote value without reporting a conflict[jvm]","","2026-07-30","passed","2026-07-30","","ApplyResolutionSpec[jvm]","com.georgeci.moneysurfer.data.sync.plugin.ApplyResolutionSpec",""
"","187","a real debug source is active, which is what surfaces the QA panel at all[jvm]","","2026-07-30","passed","2026-07-30","","DebugConfigSourceImplJvmTest[jvm]","com.georgeci.moneysurfer.data.config.DebugConfigSourceImplJvmTest",""
"","4","a key that comes back after being cleared starts from a fresh store[jvm]","","2026-07-30","passed","2026-07-30","","NavEntryViewModelStoreHolderTest[jvm]","com.georgeci.moneysurfer.navigation.util.NavEntryViewModelStoreHolderTest",""
"","13","a signed-out or demo session never starts the ticker[jvm]","","2026-07-30","passed","2026-07-30","","PeriodicSyncGateTest[jvm]","com.georgeci.moneysurfer.navigation.PeriodicSyncGateTest",""
"","8","unparseable operation date is rejected as invalid operation_date[jvm]","","2026-07-30","passed","2026-07-30","","TransactionCsvCodecTest[jvm]","com.georgeci.moneysurfer.domain.csv.TransactionCsvCodecTest",""
"","23","a budget change arriving while the user types does not overwrite the cap field[jvm]","","2026-07-30","passed","2026-07-30","","CategoryCreationViewModelTest[jvm]","com.georgeci.moneysurfer.feature.category.creation.CategoryCreationViewModelTest",""
"","76","a weekly rule round-trips its weekday set through the CSV column[jvm]","","2026-07-30","passed","2026-07-30","","RecurringRuleRepositoryImplJvmTest[jvm]","com.georgeci.moneysurfer.data.repository.RecurringRuleRepositoryImplJvmTest",""
"","13","the baseline never spills past the end of its own month[jvm]","","2026-07-30","passed","2026-07-30","","GenerateInsightsUseCaseTest[jvm]","com.georgeci.moneysurfer.domain.usecase.GenerateInsightsUseCaseTest",""
"","62","delete removes the transaction and shows an undo snackbar[jvm]","","2026-07-30","passed","2026-07-30","","TransactionDetailsViewModelTest[jvm]","com.georgeci.moneysurfer.feature.transaction.details.TransactionDetailsViewModelTest",""
"","16","user cannot read another user's document","","2026-07-30","passed","2026-07-30","","users/{uid}","users/{uid} user cannot read another user's document",""
"","0","previousWindow ends exactly where the given window starts — no gap, no overlap[jvm]","","2026-07-30","passed","2026-07-30","","BudgetPeriodWindowTest[jvm]","com.georgeci.moneysurfer.domain.util.BudgetPeriodWindowTest",""
"","15","a workspace that is no longer in Room is neither pushed nor registered[jvm]","","2026-07-30","passed","2026-07-30","","WorkspaceTreeSyncPluginIT[jvm]","com.georgeci.moneysurfer.integration.plugin.WorkspaceTreeSyncPluginIT",""
"","13","transition on missing row is a no-op[jvm]","","2026-07-30","passed","2026-07-30","","WorkspaceInviteRepositoryDualWriteSpec[jvm]","com.georgeci.moneysurfer.data.repository.WorkspaceInviteRepositoryDualWriteSpec",""
"","35","recipient can collection-group query by targetUserId","","2026-07-30","passed","2026-07-30","","invites — read","invites — read recipient can collection-group query by targetUserId",""
"","60","a period that barely moved is neutral, not a win[jvm]","","2026-07-30","passed","2026-07-30","","DashboardInsightsViewModelTest[jvm]","com.georgeci.moneysurfer.feature.dashboard.DashboardInsightsViewModelTest",""
"","5","clearing the field is always allowed[jvm]","","2026-07-30","passed","2026-07-30","","AmountInputTransformationTest[jvm]","com.georgeci.moneysurfer.utils.AmountInputTransformationTest",""
"","0","monthly anchor on the 31st clamps to the last day of a short month[jvm]","","2026-07-30","passed","2026-07-30","","BudgetPeriodWindowTest[jvm]","com.georgeci.moneysurfer.domain.util.BudgetPeriodWindowTest",""
"","16","user can update their own document","","2026-07-30","passed","2026-07-30","","users/{uid}","users/{uid} user can update their own document",""
"","1","'007' (leading zeros)[jvm]","","2026-07-30","passed","2026-07-30","","AmountInputTransformationTest[jvm]","com.georgeci.moneysurfer.utils.AmountInputTransformationTest",""
"","24","unauthenticated user cannot append to invitedWorkspaceIds","","2026-07-30","passed","2026-07-30","","users/{uid} — invitedWorkspaceIds cross-user append","users/{uid} — invitedWorkspaceIds cross-user append unauthenticated user cannot append to invitedWorkspaceIds",""
"","149","oversized manifest entry is rejected before parsing[jvm]","","2026-07-30","passed","2026-07-30","","BackupImporterImplJvmTest[jvm]","com.georgeci.moneysurfer.data.backup.BackupImporterImplJvmTest",""
"","2","a baseline shorter than the window is not a comparison[jvm]","","2026-07-30","passed","2026-07-30","","InsightRulesTest[jvm]","com.georgeci.moneysurfer.domain.insight.InsightRulesTest",""
"","25","authenticated user can read the flag document","","2026-07-30","passed","2026-07-30","","appConfig/{docId}","appConfig/{docId} authenticated user can read the flag document",""
"","5","OnAccountMove reorders the list on screen and writes nothing until the row is dropped[jvm]","","2026-07-30","passed","2026-07-30","","AccountsManageViewModelTest[jvm]","com.georgeci.moneysurfer.feature.account.manage.AccountsManageViewModelTest",""
"","215","the clear row reports back to the caller[jvm]","","2026-07-30","passed","2026-07-30","","DebugLogScreenStateTest[jvm]","com.georgeci.moneysurfer.ui.DebugLogScreenStateTest",""
"","20","an empty file fails the whole import[jvm]","","2026-07-30","passed","2026-07-30","","ImportTransactionsValidationTest[jvm]","com.georgeci.moneysurfer.domain.csv.ImportTransactionsValidationTest",""
"","12","a user that has no remote document reads as null[jvm]","","2026-07-30","passed","2026-07-30","","UserRemoteRepositoryImplTest[jvm]","com.georgeci.moneysurfer.data.repository.UserRemoteRepositoryImplTest",""
"","25","children are listed directly under their parent, one level deep[jvm]","","2026-07-30","passed","2026-07-30","","CategoriesManageViewModelTest[jvm]","com.georgeci.moneysurfer.feature.category.manage.CategoriesManageViewModelTest",""
"","19","non-member cannot tombstone an account","","2026-07-30","passed","2026-07-30","","tombstone update shape (push-side soft delete)","tombstone update shape (push-side soft delete) non-member cannot tombstone an account",""
"","17","an engine assembled without an overlay behaves as it did before[jvm]","","2026-07-30","passed","2026-07-30","","LayeredConfigSpec[jvm]","com.georgeci.moneysurfer.appconfig.LayeredConfigSpec",""
"","1","set merge picks smallest bounded timeout[jvm]","","2026-07-30","passed","2026-07-30","","NetworkWaitModeSpec[jvm]","com.georgeci.moneysurfer.sync.network.NetworkWaitModeSpec",""
"","14","an exception thrown by the edit write lands on the form rather than the error boundary[jvm]","","2026-07-30","passed","2026-07-30","","WorkspaceCreationViewModelTest[jvm]","com.georgeci.moneysurfer.feature.workspace.creation.WorkspaceCreationViewModelTest",""
"","1","two budgets with the same limit resolve the same way every time[jvm]","","2026-07-30","passed","2026-07-30","","SafeToSpendTest[jvm]","com.georgeci.moneysurfer.domain.model.SafeToSpendTest",""
"","40","spending less reads as down, with the direction carrying the sign[jvm]","","2026-07-30","passed","2026-07-30","","DashboardSpentMonthViewModelTest[jvm]","com.georgeci.moneysurfer.feature.dashboard.DashboardSpentMonthViewModelTest",""
"","17","non-owner member cannot tombstone the workspace root doc","","2026-07-30","passed","2026-07-30","","tombstone update shape (push-side soft delete)","tombstone update shape (push-side soft delete) non-owner member cannot tombstone the workspace root doc",""
"","1058","every id: selector in a Maestro flow resolves to a testTag declared in Kotlin[jvm]","","2026-07-30","passed","2026-07-30","","MaestroFlowSelectorTest[jvm]","com.georgeci.moneysurfer.utils.MaestroFlowSelectorTest",""
"","18","user can create their own document","","2026-07-30","passed","2026-07-30","","users/{uid}","users/{uid} user can create their own document",""
"","16","a written value round-trips after hydrate[jvm]","","2026-07-30","passed","2026-07-30","","LocalConfigSourceImplJvmTest[jvm]","com.georgeci.moneysurfer.data.config.LocalConfigSourceImplJvmTest",""
"","558","guest logout asks for confirmation before wiping data[jvm]","","2026-07-30","passed","2026-07-30","","SettingsLogoutViewModelTest[jvm]","com.georgeci.moneysurfer.feature.settings.SettingsLogoutViewModelTest",""
"","42","an insert writes the row under the workspace's categories collection[jvm]","","2026-07-30","passed","2026-07-30","","CategorySyncPluginIT[jvm]","com.georgeci.moneysurfer.integration.plugin.CategorySyncPluginIT",""
"","12","transaction rows expose fallback titles transfer and split identity[jvm]","","2026-07-30","passed","2026-07-30","","AccountDetailsViewModelTest[jvm]","com.georgeci.moneysurfer.feature.account.details.AccountDetailsViewModelTest",""
"","22","clearSynced empties config_entry and the snapshot behind peek, but not the preferences[jvm]","","2026-07-30","passed","2026-07-30","","LocalConfigSourceImplJvmTest[jvm]","com.georgeci.moneysurfer.data.config.LocalConfigSourceImplJvmTest",""
"","7","a period nothing is budgeted on leaves the largest limit speaking[jvm]","","2026-07-30","passed","2026-07-30","","SafeToSpendTest[jvm]","com.georgeci.moneysurfer.domain.model.SafeToSpendTest",""
"","11","warnings and errors are recorded, newest first[jvm]","","2026-07-30","passed","2026-07-30","","DebugLogBufferTest[jvm]","com.georgeci.moneysurfer.domain.logging.DebugLogBufferTest",""
"","13","a renderable palette passes through untouched[jvm]","","2026-07-30","passed","2026-07-30","","ConfigFacadesJvmTest[jvm]","com.georgeci.moneysurfer.data.config.ConfigFacadesJvmTest",""
"","131","with sync off the outbox says it was not read — never that the queue is empty[jvm]","","2026-07-30","passed","2026-07-30","","SyncScreenStateTest[jvm]","com.georgeci.moneysurfer.ui.SyncScreenStateTest",""
"","0","set merge with only Indefinite reasons stays Indefinite[jvm]","","2026-07-30","passed","2026-07-30","","NetworkWaitModeSpec[jvm]","com.georgeci.moneysurfer.sync.network.NetworkWaitModeSpec",""
"","92","every tap on the root screen maps to its own destination[jvm]","","2026-07-30","passed","2026-07-30","","DashboardViewModelTest[jvm]","com.georgeci.moneysurfer.feature.dashboard.DashboardViewModelTest",""
"","11","online state with sync enabled shows profile, sync, logout, members and pending invites rows[jvm]","","2026-07-30","passed","2026-07-30","","SettingsStateOfflineTest[jvm]","com.georgeci.moneysurfer.feature.settings.SettingsStateOfflineTest",""
"","1","set merge with Indefinite and Bounded picks Bounded[jvm]","","2026-07-30","passed","2026-07-30","","NetworkWaitModeSpec[jvm]","com.georgeci.moneysurfer.sync.network.NetworkWaitModeSpec",""
"","0","'1 2' (spaces)[jvm]","","2026-07-30","passed","2026-07-30","","AmountInputTransformationTest[jvm]","com.georgeci.moneysurfer.utils.AmountInputTransformationTest",""
"","7","upload progress emits UploadingEntity into running state[jvm]","","2026-07-30","passed","2026-07-30","","SyncCoordinatorImplBranchSpec[jvm]","com.georgeci.moneysurfer.sync.coordinator.SyncCoordinatorImplBranchSpec",""
"","0","'42.50' -> '42.50'[jvm]","","2026-07-30","passed","2026-07-30","","AmountInputTransformationTest[jvm]","com.georgeci.moneysurfer.utils.AmountInputTransformationTest",""
"","25","accepts a null recurringRuleId","","2026-07-30","passed","2026-07-30","","entity write-shape validation (issue #156)","entity write-shape validation (issue #156) accepts a null recurringRuleId",""
"","238","the carousel reaches the insights a compact list would have dropped[jvm]","","2026-07-30","passed","2026-07-30","","DashboardInsightsScreenTest[jvm]","com.georgeci.moneysurfer.ui.DashboardInsightsScreenTest",""
"","18","amount_minor at the domain cap is accepted[jvm]","","2026-07-30","passed","2026-07-30","","TransactionCsvCodecTest[jvm]","com.georgeci.moneysurfer.domain.csv.TransactionCsvCodecTest",""
"","104","upsert (new) writes both DAO and outbox as INSERT when signed in[jvm]","","2026-07-30","passed","2026-07-30","","WorkspaceInviteRepositoryDualWriteSpec[jvm]","com.georgeci.moneysurfer.data.repository.WorkspaceInviteRepositoryDualWriteSpec",""
"","1","a parent's total rolls up its whole subtree[jvm]","","2026-07-30","passed","2026-07-30","","CategorySpendHistoryTest[jvm]","com.georgeci.moneysurfer.domain.model.CategorySpendHistoryTest",""
"","6","monthly clamping does not accumulate — the 31st returns after a short month[jvm]","","2026-07-30","passed","2026-07-30","","BudgetPeriodWindowTest[jvm]","com.georgeci.moneysurfer.domain.util.BudgetPeriodWindowTest",""
"","5","a caller-pinned type locks the tab row[jvm]","","2026-07-30","passed","2026-07-30","","CategoryChooserViewModelTest[jvm]","com.georgeci.moneysurfer.feature.category.picker.CategoryChooserViewModelTest",""
"","36","the workspace stream carries the workspace's budgets and the global one carries all[jvm]","","2026-07-30","passed","2026-07-30","","BudgetRepositoryImplJvmTest[jvm]","com.georgeci.moneysurfer.data.repository.BudgetRepositoryImplJvmTest",""
"","4","round-trips every variant in the pre-engine wire format[jvm]","","2026-07-30","passed","2026-07-30","","PaletteSourceCodecTest[jvm]","com.georgeci.moneysurfer.data.config.PaletteSourceCodecTest",""
"","121","a month that outspent the last one is labelled as a rise[jvm]","","2026-07-30","passed","2026-07-30","","DashboardScreenStateTest[jvm]","com.georgeci.moneysurfer.ui.DashboardScreenStateTest",""
"","116","a successful create persists the trimmed form and navigates back[jvm]","","2026-07-30","passed","2026-07-30","","WorkspaceCreationViewModelTest[jvm]","com.georgeci.moneysurfer.feature.workspace.creation.WorkspaceCreationViewModelTest",""
"","39","the quick-actions Transfer button asks for the transfer form, not the plain creation one[jvm]","","2026-07-30","passed","2026-07-30","","DashboardViewModelTest[jvm]","com.georgeci.moneysurfer.feature.dashboard.DashboardViewModelTest",""
"","6","enqueueUpsert is a no-op when app version is Unsupported[jvm]","","2026-07-30","passed","2026-07-30","","OutboxEnqueuerSpec[jvm]","com.georgeci.moneysurfer.data.sync.OutboxEnqueuerSpec",""
"","8","a note starting with a formula trigger is neutralised on encode[jvm]","","2026-07-30","passed","2026-07-30","","TransactionCsvCodecTest[jvm]","com.georgeci.moneysurfer.domain.csv.TransactionCsvCodecTest",""
"","5","planned transaction contributes nothing[jvm]","","2026-07-30","passed","2026-07-30","","BalanceImpactTest[jvm]","com.georgeci.moneysurfer.domain.model.BalanceImpactTest",""
"","12","a window that booked nothing is an empty history, not a missing one[jvm]","","2026-07-30","passed","2026-07-30","","GetMonthlyNetHistoryUseCaseTest[jvm]","com.georgeci.moneysurfer.domain.usecase.GetMonthlyNetHistoryUseCaseTest",""
"","42","a write on a store whose read side has died still lands and clears the degraded flag[jvm]","","2026-07-30","passed","2026-07-30","","PreferencesMirrorJvmTest[jvm]","com.georgeci.moneysurfer.data.config.PreferencesMirrorJvmTest",""
"","24","dropping back below two lines leaves the split editor[jvm]","","2026-07-30","passed","2026-07-30","","TransactionCreationSplitTest[jvm]","com.georgeci.moneysurfer.feature.transaction.creation.TransactionCreationSplitTest",""
"","6","creates workspace, default categories, and a Cash account on first run[jvm]","","2026-07-30","passed","2026-07-30","","SeedDefaultsUseCaseTest[jvm]","com.georgeci.moneysurfer.domain.usecase.SeedDefaultsUseCaseTest",""
"","10","saving under a multi-category budget adds no second overlapping limit[jvm]","","2026-07-30","passed","2026-07-30","","CategoryCreationViewModelTest[jvm]","com.georgeci.moneysurfer.feature.category.creation.CategoryCreationViewModelTest",""
"","1","a doc from a client that predates sortOrder lands at the front rather than nowhere[jvm]","","2026-07-30","passed","2026-07-30","","AccountDtoMapperSpec[jvm]","com.georgeci.moneysurfer.data.sync.AccountDtoMapperSpec",""
"","7","an absent key reads back as null rather than throwing[jvm]","","2026-07-30","passed","2026-07-30","","DesktopFirebasePlatformJvmTest[jvm]","com.georgeci.moneysurfer.data.remote.DesktopFirebasePlatformJvmTest",""
"","8","emulator runs follow FIREBASE_PROJECT_ID so they track the booted emulator[jvm]","","2026-07-30","passed","2026-07-30","","DesktopFirebaseOptionsJvmTest[jvm]","com.georgeci.moneysurfer.data.remote.DesktopFirebaseOptionsJvmTest",""
"","15","a line left without a category blocks the save[jvm]","","2026-07-30","passed","2026-07-30","","TransactionCreationSplitTest[jvm]","com.georgeci.moneysurfer.feature.transaction.creation.TransactionCreationSplitTest",""
"","15","RemoteGlobal cannot seed a user setting the user never wrote[jvm]","","2026-07-30","passed","2026-07-30","","LayeredConfigSpec[jvm]","com.georgeci.moneysurfer.appconfig.LayeredConfigSpec",""
"","21","accepts a category carrying the new iconKey + hue fields","","2026-07-30","passed","2026-07-30","","entity write-shape validation (issue #156)","entity write-shape validation (issue #156) accepts a category carrying the new iconKey + hue fields",""
"","6","a re-emission from sync keeps the type, query and expansion the user chose[jvm]","","2026-07-30","passed","2026-07-30","","CategoryChooserViewModelTest[jvm]","com.georgeci.moneysurfer.feature.category.picker.CategoryChooserViewModelTest",""
"","2","COMPLETED cannot be set by hand[jvm]","","2026-07-30","passed","2026-07-30","","SavingsGoalUseCaseTest[jvm]","com.georgeci.moneysurfer.domain.usecase.SavingsGoalUseCaseTest",""
"","1","removes case-insensitive duplicates keeping the first spelling[jvm]","","2026-07-30","passed","2026-07-30","","TransactionTagsTest[jvm]","com.georgeci.moneysurfer.domain.model.TransactionTagsTest",""
"","34","a provider-rejected address keeps its specific copy in the dialog[jvm]","","2026-07-30","passed","2026-07-30","","SignInViewModelTest[jvm]","com.georgeci.moneysurfer.feature.login.SignInViewModelTest",""
"","2","an inactive budget stays inactive across the wire[jvm]","","2026-07-30","passed","2026-07-30","","WorkspaceScopedDtoMapperSpec[jvm]","com.georgeci.moneysurfer.data.sync.WorkspaceScopedDtoMapperSpec",""
"","43","swiping one leg of a transfer takes both, and Undo restores the pair[jvm]","","2026-07-30","passed","2026-07-30","","TransactionsByAccountDeleteTest[jvm]","com.georgeci.moneysurfer.feature.transaction.list.TransactionsByAccountDeleteTest",""
"","596","a failure with no handler escalates to the global error boundary[jvm]","","2026-07-30","passed","2026-07-30","","MviViewModelTest[jvm]","com.georgeci.moneysurfer.utils.MviViewModelTest",""
"","129","a month with no spend keeps the card and says so, rather than leaving a gap[jvm]","","2026-07-30","passed","2026-07-30","","DashboardScreenStateTest[jvm]","com.georgeci.moneysurfer.ui.DashboardScreenStateTest",""
"","13","back is still a navigation side effect[jvm]","","2026-07-30","passed","2026-07-30","","PreferencesViewModelTest[jvm]","com.georgeci.moneysurfer.feature.settings.preferences.PreferencesViewModelTest",""
"","18","the user pointer going null bounces the app back to sign-in[jvm]","","2026-07-30","passed","2026-07-30","","AppLaunchViewModelTest[jvm]","com.georgeci.moneysurfer.navigation.AppLaunchViewModelTest",""
"","6","transitions to empty Content when categories are removed[jvm]","","2026-07-30","passed","2026-07-30","","CategoriesManageViewModelTest[jvm]","com.georgeci.moneysurfer.feature.category.manage.CategoriesManageViewModelTest",""
"","7","empty input stays empty[jvm]","","2026-07-30","passed","2026-07-30","","TransactionTagsTest[jvm]","com.georgeci.moneysurfer.domain.model.TransactionTagsTest",""
"","6","a reset without an active workspace touches nothing[jvm]","","2026-07-30","passed","2026-07-30","","SyncViewModelTest[jvm]","com.georgeci.moneysurfer.feature.settings.sync.SyncViewModelTest",""
"","20","name input is truncated at the max length[jvm]","","2026-07-30","passed","2026-07-30","","CategoryCreationViewModelTest[jvm]","com.georgeci.moneysurfer.feature.category.creation.CategoryCreationViewModelTest",""
"","33","a tombstone unlinks the category's transactions before dropping the row[jvm]","","2026-07-30","passed","2026-07-30","","CategorySyncPluginIT[jvm]","com.georgeci.moneysurfer.integration.plugin.CategorySyncPluginIT",""
"","1","caps at MAX_TAGS[jvm]","","2026-07-30","passed","2026-07-30","","TransactionTagsTest[jvm]","com.georgeci.moneysurfer.domain.model.TransactionTagsTest",""
"","308","an oversized file posts FileTooLarge and returns to Idle[jvm]","","2026-07-30","passed","2026-07-30","","CsvBackupViewModelTest[jvm]","com.georgeci.moneysurfer.feature.settings.csv.CsvBackupViewModelTest",""
"","5","reason mapping for user-initiated reasons is Indefinite[jvm]","","2026-07-30","passed","2026-07-30","","NetworkWaitModeSpec[jvm]","com.georgeci.moneysurfer.sync.network.NetworkWaitModeSpec",""
"","7","resetTo clears everything below the new root[jvm]","","2026-07-30","passed","2026-07-30","","AppNavigatorTest[jvm]","com.georgeci.moneysurfer.navigation.AppNavigatorTest",""
"","1","writer + reader round-trip preserves entry names and bytes[jvm]","","2026-07-30","passed","2026-07-30","","ZipStoredCodecTest[jvm]","com.georgeci.moneysurfer.data.backup.ZipStoredCodecTest",""
"","166","there is nothing to delete while a transaction is still being entered[jvm]","","2026-07-30","passed","2026-07-30","","TransactionCreationScreenStateTest[jvm]","com.georgeci.moneysurfer.ui.TransactionCreationScreenStateTest",""
"","19","a transfer pair with two legs of the same type is rejected[jvm]","","2026-07-30","passed","2026-07-30","","ImportTransactionsValidationTest[jvm]","com.georgeci.moneysurfer.domain.csv.ImportTransactionsValidationTest",""
"","1","totals for categories outside the subtree are ignored[jvm]","","2026-07-30","passed","2026-07-30","","CategorySpendHistoryTest[jvm]","com.georgeci.moneysurfer.domain.model.CategorySpendHistoryTest",""
"","6","amount_minor beyond the domain cap is rejected as invalid amount_minor[jvm]","","2026-07-30","passed","2026-07-30","","TransactionCsvCodecTest[jvm]","com.georgeci.moneysurfer.domain.csv.TransactionCsvCodecTest",""
"","138","an exception past the wrapped use cases lands on the screen, not the global error boundary[jvm]","","2026-07-30","passed","2026-07-30","","AccountCreationViewModelTest[jvm]","com.georgeci.moneysurfer.feature.account.creation.AccountCreationViewModelTest",""
"","1","offline state hides the Members row action[jvm]","","2026-07-30","passed","2026-07-30","","WorkspaceSelectorStateOfflineTest[jvm]","com.georgeci.moneysurfer.feature.workspace.selector.WorkspaceSelectorStateOfflineTest",""
"","14","sums every currency into the base once rates cover them[jvm]","","2026-07-30","passed","2026-07-30","","ConvertAccountsTotalUseCaseTest[jvm]","com.georgeci.moneysurfer.domain.usecase.ConvertAccountsTotalUseCaseTest",""
"","7","a multi-pop never empties the stack[jvm]","","2026-07-30","passed","2026-07-30","","AppNavigatorTest[jvm]","com.georgeci.moneysurfer.navigation.AppNavigatorTest",""
"","16","offline state hides profile, sync, logout, members and pending invites rows[jvm]","","2026-07-30","passed","2026-07-30","","SettingsStateOfflineTest[jvm]","com.georgeci.moneysurfer.feature.settings.SettingsStateOfflineTest",""
"","8","an already-pushed setting is not queued again[jvm]","","2026-07-30","passed","2026-07-30","","SyncedSettingsSessionImplJvmTest[jvm]","com.georgeci.moneysurfer.data.config.SyncedSettingsSessionImplJvmTest",""
"","44","a failed seed leaves the onboarding unfinished so the next launch replays it[jvm]","","2026-07-30","passed","2026-07-30","","OnboardingViewModelTest[jvm]","com.georgeci.moneysurfer.feature.login.onboarding.OnboardingViewModelTest",""
"","56","member can read and create a contribution","","2026-07-30","passed","2026-07-30","","savings goals (issue #244)","savings goals (issue #244) member can read and create a contribution",""
"","6","markRemoved soft-deletes: status REMOVED, removedAt set, enqueues UPDATE[jvm]","","2026-07-30","passed","2026-07-30","","WorkspaceMemberRepositoryDualWriteSpec[jvm]","com.georgeci.moneysurfer.data.repository.WorkspaceMemberRepositoryDualWriteSpec",""
"","45","the first refresh fetches and caches the provider's table[jvm]","","2026-07-30","passed","2026-07-30","","ExchangeRateRepositoryImplJvmTest[jvm]","com.georgeci.moneysurfer.data.repository.ExchangeRateRepositoryImplJvmTest",""
"","14","moving a switched-off widget onto an enabled one switches it on, in that slot[jvm]","","2026-07-30","passed","2026-07-30","","DashboardLayoutConfigTest[jvm]","com.georgeci.moneysurfer.domain.dashboard.DashboardLayoutConfigTest",""
"","32","rejects a goal whose hue is a string","","2026-07-30","passed","2026-07-30","","savings goals (issue #244)","savings goals (issue #244) rejects a goal whose hue is a string",""
"","25","an undecodable value is left on disk rather than overwritten by the fallback[jvm]","","2026-07-30","passed","2026-07-30","","LocalConfigSourceImplJvmTest[jvm]","com.georgeci.moneysurfer.data.config.LocalConfigSourceImplJvmTest",""
"","13","offline build hides the extra details section[jvm]","","2026-07-30","passed","2026-07-30","","AccountCreationViewModelTest[jvm]","com.georgeci.moneysurfer.feature.account.creation.AccountCreationViewModelTest",""
"","2","pending() default limit forwards DEFAULT_BATCH_LIMIT[jvm]","","2026-07-30","passed","2026-07-30","","PendingMutationQueueSpec[jvm]","com.georgeci.moneysurfer.sync.repository.PendingMutationQueueSpec",""
"","70","plain backups report isPassphraseProtected = false and import unchanged[jvm]","","2026-07-30","passed","2026-07-30","","BackupEncryptedRoundTripJvmTest[jvm]","com.georgeci.moneysurfer.data.backup.BackupEncryptedRoundTripJvmTest",""
"","17","a goal tombstone drops the row[jvm]","","2026-07-30","passed","2026-07-30","","GoalSyncPluginIT[jvm]","com.georgeci.moneysurfer.integration.plugin.GoalSyncPluginIT",""
"","35","per-layer cells distinguish absent from undecodable[jvm]","","2026-07-30","passed","2026-07-30","","DebugConfigInspectorImplSpec[jvm]","com.georgeci.moneysurfer.appconfig.DebugConfigInspectorImplSpec",""
"","15","insert in demo session writes DAO but skips outbox[jvm]","","2026-07-30","passed","2026-07-30","","WorkspaceMemberRepositoryDualWriteSpec[jvm]","com.georgeci.moneysurfer.data.repository.WorkspaceMemberRepositoryDualWriteSpec",""
"","73","the period switch stands down when nothing on the layout reads it[jvm]","","2026-07-30","passed","2026-07-30","","DashboardPeriodViewModelTest[jvm]","com.georgeci.moneysurfer.feature.dashboard.DashboardPeriodViewModelTest",""
"","5","the pinned workspace is preselected so Confirm works without touching a row[jvm]","","2026-07-30","passed","2026-07-30","","WorkspaceSelectorViewModelTest[jvm]","com.georgeci.moneysurfer.feature.workspace.selector.WorkspaceSelectorViewModelTest",""
"","705","a field error does not move the rest of the form[jvm]","","2026-07-30","passed","2026-07-30","","SignInScreenStateTest[jvm]","com.georgeci.moneysurfer.ui.SignInScreenStateTest",""
"","24","user can read their own document","","2026-07-30","passed","2026-07-30","","users/{uid}","users/{uid} user can read their own document",""
"","44","non-member cannot read or create a contribution","","2026-07-30","passed","2026-07-30","","savings goals (issue #244)","savings goals (issue #244) non-member cannot read or create a contribution",""
"","23","owner can hard-delete an entity doc (account-deletion purge)","","2026-07-30","passed","2026-07-30","","member-gated entities (accounts)","member-gated entities (accounts) owner can hard-delete an entity doc (account-deletion purge)",""
"","34","an accepted override reaches the inspector and posts no message[jvm]","","2026-07-30","passed","2026-07-30","","DebugConfigViewModelTest[jvm]","com.georgeci.moneysurfer.feature.settings.debug.DebugConfigViewModelTest",""
"","16","rejects a non-string value","","2026-07-30","passed","2026-07-30","","users/{uid}/config/{key}","users/{uid}/config/{key} rejects a non-string value",""
"","2","clearAll is idempotent[jvm]","","2026-07-30","passed","2026-07-30","","RemoteDataResetRepositoryImplSpec[jvm]","com.georgeci.moneysurfer.sync.repository.RemoteDataResetRepositoryImplSpec",""
"","1","month-to-date leaves out the days the window reached back into the previous month[jvm]","","2026-07-30","passed","2026-07-30","","BurnRateTest[jvm]","com.georgeci.moneysurfer.domain.model.BurnRateTest",""
"","0","minus that overflows Long on the positive side throws instead of wrapping[jvm]","","2026-07-30","passed","2026-07-30","","MoneyTest[jvm]","com.georgeci.moneysurfer.domain.primitives.MoneyTest",""
"","0","SettingsAppearance[jvm]","","2026-07-30","passed","2026-07-30","","RouteSerializationTest[jvm]","com.georgeci.moneysurfer.navigation.RouteSerializationTest",""
"","6","update on a missing account returns AccountNotFound and writes nothing[jvm]","","2026-07-30","passed","2026-07-30","","AccountWriteUseCasesTest[jvm]","com.georgeci.moneysurfer.domain.usecase.AccountWriteUseCasesTest",""
"","93","export then import restores seeded entities + datastore + clears sync DB[jvm]","","2026-07-30","passed","2026-07-30","","BackupRoundTripJvmTest[jvm]","com.georgeci.moneysurfer.data.backup.BackupRoundTripJvmTest",""
"","17","opening as a transfer is ignored by a build that has no transfers[jvm]","","2026-07-30","passed","2026-07-30","","TransactionCreationSaveTest[jvm]","com.georgeci.moneysurfer.feature.transaction.creation.TransactionCreationSaveTest",""
"","30","the transfer counterpart resolves to the opposite leg through real storage[jvm]","","2026-07-30","passed","2026-07-30","","TransferCreationIntegrationIT[jvm]","com.georgeci.moneysurfer.integration.repository.TransferCreationIntegrationIT",""
"","1","'42.5' -> '42.5'[jvm]","","2026-07-30","passed","2026-07-30","","AmountInputTransformationTest[jvm]","com.georgeci.moneysurfer.utils.AmountInputTransformationTest",""
"","82","the screen opens on the stored values, not on the defaults[jvm]","","2026-07-30","passed","2026-07-30","","PreferencesViewModelTest[jvm]","com.georgeci.moneysurfer.feature.settings.preferences.PreferencesViewModelTest",""
"","16","rejects when no current user[jvm]","","2026-07-30","passed","2026-07-30","","SendInviteUseCaseTest[jvm]","com.georgeci.moneysurfer.domain.usecase.SendInviteUseCaseTest",""
"","4309","an on-dashboard row shows the card style it is set to, and opens the picker[jvm]","","2026-07-30","passed","2026-07-30","","DashboardCustomizeScreenStateTest[jvm]","com.georgeci.moneysurfer.ui.DashboardCustomizeScreenStateTest",""
"","328","tapping a row asks for that row's picker[jvm]","","2026-07-30","passed","2026-07-30","","PreferencesScreenStateTest[jvm]","com.georgeci.moneysurfer.ui.PreferencesScreenStateTest",""
"","19","the categorized list query carries the new fields too[jvm]","","2026-07-30","passed","2026-07-30","","TransactionDetailFieldsIntegrationIT[jvm]","com.georgeci.moneysurfer.integration.repository.TransactionDetailFieldsIntegrationIT",""
"","4","host capabilities read straight through to the engine[jvm]","","2026-07-30","passed","2026-07-30","","ConfigFacadesJvmTest[jvm]","com.georgeci.moneysurfer.data.config.ConfigFacadesJvmTest",""
"","11","oldest-first sorting keeps a receipt as one row[jvm]","","2026-07-30","passed","2026-07-30","","TransactionsListSplitTest[jvm]","com.georgeci.moneysurfer.feature.transaction.list.TransactionsListSplitTest",""
"","24","the all-accounts list has no account to prefill[jvm]","","2026-07-30","passed","2026-07-30","","TransactionsByAccountNavigationTest[jvm]","com.georgeci.moneysurfer.feature.transaction.list.TransactionsByAccountNavigationTest",""
"","11","a budget the user renamed on the Budgets screen keeps its own name[jvm]","","2026-07-30","passed","2026-07-30","","CategoryCreationViewModelTest[jvm]","com.georgeci.moneysurfer.feature.category.creation.CategoryCreationViewModelTest",""
"","8","format RUB with US locale[jvm]","","2026-07-30","passed","2026-07-30","","MoneyFormatterTest[jvm]","com.georgeci.moneysurfer.domain.MoneyFormatterTest",""
"","3","a move that changes nothing is not written back[jvm]","","2026-07-30","passed","2026-07-30","","DashboardCustomizeViewModelTest[jvm]","com.georgeci.moneysurfer.feature.dashboard.customize.DashboardCustomizeViewModelTest",""
"","56","failed push keeps the mutation pending with bumped attempts and a retry drains it[jvm]","","2026-07-30","passed","2026-07-30","","WorkspaceCreationSyncIntegrationIT[jvm]","com.georgeci.moneysurfer.integration.sync.WorkspaceCreationSyncIntegrationIT",""
"","0","moving expense between accounts unwinds old and applies new[jvm]","","2026-07-30","passed","2026-07-30","","ApplyTransactionChangeUseCaseTest[jvm]","com.georgeci.moneysurfer.domain.usecase.ApplyTransactionChangeUseCaseTest",""
"","5","restore flips archived flag back[jvm]","","2026-07-30","passed","2026-07-30","","ArchiveAccountUseCaseTest[jvm]","com.georgeci.moneysurfer.domain.usecase.ArchiveAccountUseCaseTest",""
"","19","a rule with no day sets reads back empty rather than as a blank day[jvm]","","2026-07-30","passed","2026-07-30","","RecurringRuleRepositoryImplJvmTest[jvm]","com.georgeci.moneysurfer.data.repository.RecurringRuleRepositoryImplJvmTest",""
"","5","a whitespace-only email is reported as missing, not as malformed[jvm]","","2026-07-30","passed","2026-07-30","","SignInViewModelTest[jvm]","com.georgeci.moneysurfer.feature.login.SignInViewModelTest",""
"","9","light scheme: paired on/container tokens clear AA[jvm]","","2026-07-30","passed","2026-07-30","","ColorContrastTest[jvm]","com.georgeci.moneysurfer.uikit.theme.ColorContrastTest",""
"","18","an unbounded window spans every month[jvm]","","2026-07-30","passed","2026-07-30","","SpendAnalyticsRepositoryImplJvmTest[jvm]","com.georgeci.moneysurfer.data.repository.SpendAnalyticsRepositoryImplJvmTest",""
"","279","collection wire values are stable — they are persisted sync_meta cursor keys[jvm]","","2026-07-30","passed","2026-07-30","","SyncCollectionTest[jvm]","com.georgeci.moneysurfer.sync.api.SyncCollectionTest",""
"","41","hard-delete is denied for non-owner members","","2026-07-30","passed","2026-07-30","","savings goals (issue #244)","savings goals (issue #244) hard-delete is denied for non-owner members",""
"","1","empty set is Indefinite[jvm]","","2026-07-30","passed","2026-07-30","","NetworkWaitModeSpec[jvm]","com.georgeci.moneysurfer.sync.network.NetworkWaitModeSpec",""
"","1","repeat delete (null/null) is a no-op[jvm]","","2026-07-30","passed","2026-07-30","","ApplyTransactionChangeUseCaseTest[jvm]","com.georgeci.moneysurfer.domain.usecase.ApplyTransactionChangeUseCaseTest",""
"","22","demo session (no Firebase uid) writes local rows but keeps the outbox empty[jvm]","","2026-07-30","passed","2026-07-30","","WorkspaceCreationSyncIntegrationIT[jvm]","com.georgeci.moneysurfer.integration.sync.WorkspaceCreationSyncIntegrationIT",""
"","1","non-null pass-through[jvm]","","2026-07-30","passed","2026-07-30","","TimeFormatterTest[jvm]","com.georgeci.moneysurfer.data.repository.TimeFormatterTest",""
"","1","redactUid never leaks the full identifier[jvm]","","2026-07-30","passed","2026-07-30","","PiiRedactionTest[jvm]","com.georgeci.moneysurfer.domain.logging.PiiRedactionTest",""
"","15","a running sync outranks the last outcome in the hero[jvm]","","2026-07-30","passed","2026-07-30","","SyncViewModelTest[jvm]","com.georgeci.moneysurfer.feature.settings.sync.SyncViewModelTest",""
"","12","cancelCurrent terminates running with Cancelled[jvm]","","2026-07-30","passed","2026-07-30","","SyncCoordinatorImplSpec[jvm]","com.georgeci.moneysurfer.sync.coordinator.SyncCoordinatorImplSpec",""
"","21","the parent picker offers neither the category itself nor its descendants[jvm]","","2026-07-30","passed","2026-07-30","","CategoryCreationViewModelTest[jvm]","com.georgeci.moneysurfer.feature.category.creation.CategoryCreationViewModelTest",""
"","15","setCursor preserves earlier markAttempt / markSuccess timestamps[jvm]","","2026-07-30","passed","2026-07-30","","SyncMetaRepositoryImplSpec[jvm]","com.georgeci.moneysurfer.data.sync.SyncMetaRepositoryImplSpec",""
"","0","a general budget outranks a category one, whatever their limits[jvm]","","2026-07-30","passed","2026-07-30","","SafeToSpendTest[jvm]","com.georgeci.moneysurfer.domain.model.SafeToSpendTest",""
"","75","an overspent budget keeps a positive remainder and says it is over[jvm]","","2026-07-30","passed","2026-07-30","","DashboardBudgetsViewModelTest[jvm]","com.georgeci.moneysurfer.feature.dashboard.DashboardBudgetsViewModelTest",""
"","11","onSyncFailed branches across every SyncError variant[jvm]","","2026-07-30","passed","2026-07-30","","KermitSyncTelemetrySpec[jvm]","com.georgeci.moneysurfer.sync.internal.telemetry.KermitSyncTelemetrySpec",""
"","1","AccountsManage[jvm]","","2026-07-30","passed","2026-07-30","","RouteSerializationTest[jvm]","com.georgeci.moneysurfer.navigation.RouteSerializationTest",""
"","37","aborts without seeding when the demo login fails[jvm]","","2026-07-30","passed","2026-07-30","","OfflineFirstRunSeederTest[jvm]","com.georgeci.moneysurfer.offline.firstrun.OfflineFirstRunSeederTest",""
"","23","member can tombstone a goal via update","","2026-07-30","passed","2026-07-30","","savings goals (issue #244)","savings goals (issue #244) member can tombstone a goal via update",""
"","10","cursor returns null for unknown (workspace, collection)[jvm]","","2026-07-30","passed","2026-07-30","","SyncMetaRepositoryImplSpec[jvm]","com.georgeci.moneysurfer.data.sync.SyncMetaRepositoryImplSpec",""
"","32","unauthenticated user cannot read userEmails (auth required)","","2026-07-30","passed","2026-07-30","","userEmails/{email}","userEmails/{email} unauthenticated user cannot read userEmails (auth required)",""
"","24","stays loading and preserves the initial selection until accounts arrive[jvm]","","2026-07-30","passed","2026-07-30","","AccountChooserViewModelTest[jvm]","com.georgeci.moneysurfer.feature.account.picker.AccountChooserViewModelTest",""
"","8","a build offering every entry point is not demo-only[jvm]","","2026-07-30","passed","2026-07-30","","SignInViewModelTest[jvm]","com.georgeci.moneysurfer.feature.login.SignInViewModelTest",""
"","488","submit button is enabled once the state can be submitted[jvm]","","2026-07-30","passed","2026-07-30","","SignInScreenStateTest[jvm]","com.georgeci.moneysurfer.ui.SignInScreenStateTest",""
"","17","getByWorkspaceId returns ACTIVE and soft-deleted rows alike (UI filters by status)[jvm]","","2026-07-30","passed","2026-07-30","","WorkspaceMemberRepositoryIntegrationIT[jvm]","com.georgeci.moneysurfer.integration.repository.WorkspaceMemberRepositoryIntegrationIT",""
"","80","cancelAllQueued with empty queue is a no-op[jvm]","","2026-07-30","passed","2026-07-30","","SyncCoordinatorImplBranchSpec[jvm]","com.georgeci.moneysurfer.sync.coordinator.SyncCoordinatorImplBranchSpec",""
"","4","re-registering an already listed workspace is harmless[jvm]","","2026-07-30","passed","2026-07-30","","WorkspaceRefRegistrarSpec[jvm]","com.georgeci.moneysurfer.data.sync.WorkspaceRefRegistrarSpec",""
"","0","disabledItems is the complement of enabledItems[jvm]","","2026-07-30","passed","2026-07-30","","DashboardLayoutConfigTest[jvm]","com.georgeci.moneysurfer.domain.dashboard.DashboardLayoutConfigTest",""
"","10","mixed comma and dot separators are an invalid format[jvm]","","2026-07-30","passed","2026-07-30","","TransactionAmountInputTest[jvm]","com.georgeci.moneysurfer.feature.transaction.creation.TransactionAmountInputTest",""
"","6","the window reaches back to whichever is earlier, the chart's first day or the 1st[jvm]","","2026-07-30","passed","2026-07-30","","BurnRateTest[jvm]","com.georgeci.moneysurfer.domain.model.BurnRateTest",""
"","41","re-initing on the id already on screen does not clobber an edit in progress[jvm]","","2026-07-30","passed","2026-07-30","","WorkspaceCreationViewModelTest[jvm]","com.georgeci.moneysurfer.feature.workspace.creation.WorkspaceCreationViewModelTest",""
"","6","a key this build does not know is stored rather than dropped[jvm]","","2026-07-30","passed","2026-07-30","","UserConfigSyncPluginSpec[jvm]","com.georgeci.moneysurfer.data.sync.plugin.UserConfigSyncPluginSpec",""
"","21","anonymous login rolls the session back but keeps the provider session[jvm]","","2026-07-30","passed","2026-07-30","","AuthSessionRollbackTest[jvm]","com.georgeci.moneysurfer.domain.usecase.AuthSessionRollbackTest",""
"","1","an absent nextRunAt stays null[jvm]","","2026-07-30","passed","2026-07-30","","RecurringRuleDtoMapperSpec[jvm]","com.georgeci.moneysurfer.data.sync.RecurringRuleDtoMapperSpec",""
"","2","AllUserData does NOT fall back to the local workspace when the provider is empty[jvm]","","2026-07-30","passed","2026-07-30","","PullRemoteChangesUseCaseImplSpec[jvm]","com.georgeci.moneysurfer.data.sync.PullRemoteChangesUseCaseImplSpec",""
"","3","clearScope removes only rows for the requested workspace[jvm]","","2026-07-30","passed","2026-07-30","","SyncMetaRepositoryImplSpec[jvm]","com.georgeci.moneysurfer.sync.internal.repository.SyncMetaRepositoryImplSpec",""
"","1","an empty store means the default layout[jvm]","","2026-07-30","passed","2026-07-30","","DashboardLayoutCodecTest[jvm]","com.georgeci.moneysurfer.data.preferences.DashboardLayoutCodecTest",""
"","7","only transactions inside the period reach the list[jvm]","","2026-07-30","passed","2026-07-30","","TransactionsByAccountPeriodTest[jvm]","com.georgeci.moneysurfer.feature.transaction.list.TransactionsByAccountPeriodTest",""
"","8","existing rows keep their data and gain a null splitId[jvm]","","2026-07-30","passed","2026-07-30","","TransactionSplitIdMigrationIT[jvm]","com.georgeci.moneysurfer.integration.repository.TransactionSplitIdMigrationIT",""
"","4","each refresh re-reads the domain gate instead of caching the first result[jvm]","","2026-07-30","passed","2026-07-30","","SyncVersionGateImplSpec[jvm]","com.georgeci.moneysurfer.data.sync.SyncVersionGateImplSpec",""
"","238","resource files are discovered[jvm]","","2026-07-30","passed","2026-07-30","","StringResourceEscapeTest[jvm]","com.georgeci.moneysurfer.utils.StringResourceEscapeTest",""
"","6","empty archive surfaces InvalidArchive[jvm]","","2026-07-30","passed","2026-07-30","","BackupImporterImplJvmTest[jvm]","com.georgeci.moneysurfer.data.backup.BackupImporterImplJvmTest",""
"","6","sanitize preserves an empty field[jvm]","","2026-07-30","passed","2026-07-30","","InitialBalanceInputTest[jvm]","com.georgeci.moneysurfer.feature.account.creation.InitialBalanceInputTest",""
"","9","credits the developers when the artifact declares no organization[jvm]","","2026-07-30","passed","2026-07-30","","ParseOssLibrariesTest[jvm]","com.georgeci.moneysurfer.feature.settings.about.licenses.ParseOssLibrariesTest",""
"","28","round-trip: merchant tags and recurring rule id survive export and import[jvm]","","2026-07-30","passed","2026-07-30","","ExportImportTransactionsUseCaseTest[jvm]","com.georgeci.moneysurfer.domain.csv.ExportImportTransactionsUseCaseTest",""
"","126","inserts account with USD and round-trips currency + balance[jvm]","","2026-07-30","passed","2026-07-30","","AccountCreationIntegrationIT[jvm]","com.georgeci.moneysurfer.integration.repository.AccountCreationIntegrationIT",""
"","1","redactUid fully masks short values[jvm]","","2026-07-30","passed","2026-07-30","","PiiRedactionTest[jvm]","com.georgeci.moneysurfer.domain.logging.PiiRedactionTest",""
"","36","a synced write stamps updatedAt and queues exactly one push[jvm]","","2026-07-30","passed","2026-07-30","","LocalConfigSourceImplJvmTest[jvm]","com.georgeci.moneysurfer.data.config.LocalConfigSourceImplJvmTest",""
"","25","update preserves createdAt and enqueues UPDATE[jvm]","","2026-07-30","passed","2026-07-30","","GoalRepositoryDualWriteSpec[jvm]","com.georgeci.moneysurfer.data.repository.GoalRepositoryDualWriteSpec",""
"","6","localized composeResources string files are discovered[jvm]","","2026-07-30","passed","2026-07-30","","StringResourceParityTest[jvm]","com.georgeci.moneysurfer.utils.StringResourceParityTest",""
"","10","SQLite header with a corrupted structure fails the integrity check[jvm]","","2026-07-30","passed","2026-07-30","","BackupImporterImplJvmTest[jvm]","com.georgeci.moneysurfer.data.backup.BackupImporterImplJvmTest",""
"","2086","offline app module graph resolves()[jvm]","","2026-07-30","passed","2026-07-30","","OfflineKoinModuleVerificationTest[jvm]","com.georgeci.moneysurfer.offline.di.OfflineKoinModuleVerificationTest",""
"","48","an update keeps the stored createdAt and stamps updatedAt from the clock[jvm]","","2026-07-30","passed","2026-07-30","","BudgetRepositoryImplJvmTest[jvm]","com.georgeci.moneysurfer.data.repository.BudgetRepositoryImplJvmTest",""
"","4","enqueueUpsert rejects DELETE — must call enqueueDelete instead[jvm]","","2026-07-30","passed","2026-07-30","","OutboxEnqueuerImplSpec[jvm]","com.georgeci.moneysurfer.sync.repository.OutboxEnqueuerImplSpec",""
"","29","contribution delete enqueues a DELETE[jvm]","","2026-07-30","passed","2026-07-30","","GoalRepositoryDualWriteSpec[jvm]","com.georgeci.moneysurfer.data.repository.GoalRepositoryDualWriteSpec",""
"","1","only the pre-#260 layout is missing the fields #260 added[jvm]","","2026-07-30","passed","2026-07-30","","TransactionCsvCodecTest[jvm]","com.georgeci.moneysurfer.domain.csv.TransactionCsvCodecTest",""
"","36","the category trend counts neither transfer legs nor foreign currency[jvm]","","2026-07-30","passed","2026-07-30","","SpendAnalyticsRepositoryImplJvmTest[jvm]","com.georgeci.moneysurfer.data.repository.SpendAnalyticsRepositoryImplJvmTest",""
"","18","a customised layout survives a round trip[jvm]","","2026-07-30","passed","2026-07-30","","DashboardLayoutCodecTest[jvm]","com.georgeci.moneysurfer.data.preferences.DashboardLayoutCodecTest",""
"","5","times by zero is zero even for an out-of-cap magnitude[jvm]","","2026-07-30","passed","2026-07-30","","MoneyTest[jvm]","com.georgeci.moneysurfer.domain.primitives.MoneyTest",""
"","17","sign-up with a short password reports PasswordTooShort instead of silently doing nothing[jvm]","","2026-07-30","passed","2026-07-30","","SignInViewModelTest[jvm]","com.georgeci.moneysurfer.feature.login.SignInViewModelTest",""
"","760","a device-scoped setting is neither wiped nor held[jvm]","","2026-07-30","passed","2026-07-30","","LocalDataResetIntegrationIT[jvm]","com.georgeci.moneysurfer.integration.repository.LocalDataResetIntegrationIT",""
"","11367","the loaded screen splits widgets into the on-dashboard and available sections[jvm]","","2026-07-30","passed","2026-07-30","","DashboardCustomizeScreenStateTest[jvm]","com.georgeci.moneysurfer.ui.DashboardCustomizeScreenStateTest",""
"","9","enqueueDelete writes DELETE mutation[jvm]","","2026-07-30","passed","2026-07-30","","OutboxEnqueuerSpec[jvm]","com.georgeci.moneysurfer.data.sync.OutboxEnqueuerSpec",""
"","5","the first day of a window divides by one, not by zero[jvm]","","2026-07-30","passed","2026-07-30","","BudgetProgressTest[jvm]","com.georgeci.moneysurfer.domain.model.BudgetProgressTest",""
"","3","CategoriesManage[jvm]","","2026-07-30","passed","2026-07-30","","RouteSerializationTest[jvm]","com.georgeci.moneysurfer.navigation.RouteSerializationTest",""
"","60","the online build surfaces the account's extra details in the order they were saved[jvm]","","2026-07-30","passed","2026-07-30","","AccountDetailsViewModelTest[jvm]","com.georgeci.moneysurfer.feature.account.details.AccountDetailsViewModelTest",""
"","9","the buffer keeps the newest 100 entries and drops the rest[jvm]","","2026-07-30","passed","2026-07-30","","DebugLogBufferTest[jvm]","com.georgeci.moneysurfer.domain.logging.DebugLogBufferTest",""
"","3","unusable individual quotes are dropped, and the rest of the table stands[jvm]","","2026-07-30","passed","2026-07-30","","ExchangeRateApiTest[jvm]","com.georgeci.moneysurfer.data.remote.ExchangeRateApiTest",""
"","7","invalid-email (FIRAuth 17008) classifies as InvalidEmail, not InvalidCredentials[jvm]","","2026-07-30","passed","2026-07-30","","AuthErrorClassificationTest[jvm]","com.georgeci.moneysurfer.data.repository.AuthErrorClassificationTest",""
"","140","a sparse search keeps loading until deep matches surface, not showing nothing[jvm]","","2026-07-30","passed","2026-07-30","","TransactionsByAccountFilteringTest[jvm]","com.georgeci.moneysurfer.feature.transaction.list.TransactionsByAccountFilteringTest",""
"","152","a split leg breaks the receipt down and marks the leg being read[jvm]","","2026-07-30","passed","2026-07-30","","TransactionDetailsScreenStateTest[jvm]","com.georgeci.moneysurfer.ui.TransactionDetailsScreenStateTest",""
"","15","picking a From date is itself the switch to a custom range[jvm]","","2026-07-30","passed","2026-07-30","","TransactionFiltersViewModelTest[jvm]","com.georgeci.moneysurfer.feature.transaction.filters.TransactionFiltersViewModelTest",""
"","6","returns Right for a Workspace scope[jvm]","","2026-07-30","passed","2026-07-30","","NoOpRecalculateLocalProjectionsUseCaseSpec[jvm]","com.georgeci.moneysurfer.sync.internal.usecase.NoOpRecalculateLocalProjectionsUseCaseSpec",""
"","1","update amount expense 100 → 150 produces -50 delta[jvm]","","2026-07-30","passed","2026-07-30","","CalculateBalanceDeltaTest[jvm]","com.georgeci.moneysurfer.domain.model.CalculateBalanceDeltaTest",""
"","20","writing a key releases its overlay entry, so the new value is what resolves[jvm]","","2026-07-30","passed","2026-07-30","","LayeredConfigSpec[jvm]","com.georgeci.moneysurfer.appconfig.LayeredConfigSpec",""
"","43","sender cannot remove entries from invitedWorkspaceIds","","2026-07-30","passed","2026-07-30","","users/{uid} — invitedWorkspaceIds cross-user append","users/{uid} — invitedWorkspaceIds cross-user append sender cannot remove entries from invitedWorkspaceIds",""
"","578","OnTermsClick emits a NavigateToLegal side effect[jvm]","","2026-07-30","passed","2026-07-30","","SignInViewModelTest[jvm]","com.georgeci.moneysurfer.feature.login.SignInViewModelTest",""
"","1","normalize truncates over-long keys and values[jvm]","","2026-07-30","passed","2026-07-30","","AccountExtraDetailsTest[jvm]","com.georgeci.moneysurfer.domain.model.AccountExtraDetailsTest",""
"","5","a push that reports nothing landed registers no ref, even with a Firebase uid[jvm]","","2026-07-30","passed","2026-07-30","","CreateWorkspaceUseCaseTest[jvm]","com.georgeci.moneysurfer.domain.usecase.CreateWorkspaceUseCaseTest",""
"","18","a value written into config_entry by the pull becomes visible to peek[jvm]","","2026-07-30","passed","2026-07-30","","LocalConfigSourceImplJvmTest[jvm]","com.georgeci.moneysurfer.data.config.LocalConfigSourceImplJvmTest",""
"","1","a custom base url is honoured, which is what makes the provider swappable[jvm]","","2026-07-30","passed","2026-07-30","","ExchangeRateApiTest[jvm]","com.georgeci.moneysurfer.data.remote.ExchangeRateApiTest",""
"","9","the offline build shows no extra details, matching the hidden creation section[jvm]","","2026-07-30","passed","2026-07-30","","AccountDetailsViewModelTest[jvm]","com.georgeci.moneysurfer.feature.account.details.AccountDetailsViewModelTest",""
"","21","merchant, tags and recurringRuleId round-trip through the wire format[jvm]","","2026-07-30","passed","2026-07-30","","TransactionDtoMapperSpec[jvm]","com.georgeci.moneysurfer.data.sync.TransactionDtoMapperSpec",""
"","19","a valid name and balance enable save[jvm]","","2026-07-30","passed","2026-07-30","","AccountCreationStateTest[jvm]","com.georgeci.moneysurfer.feature.account.creation.AccountCreationStateTest",""
"","10","starts in Loading before categories arrive[jvm]","","2026-07-30","passed","2026-07-30","","CategoryChooserViewModelTest[jvm]","com.georgeci.moneysurfer.feature.category.picker.CategoryChooserViewModelTest",""
"","15","accounts that share a position are still listed in a stable order[jvm]","","2026-07-30","passed","2026-07-30","","AccountSortOrderIntegrationIT[jvm]","com.georgeci.moneysurfer.integration.repository.AccountSortOrderIntegrationIT",""
"","34","an update keeps the stored createdAt and stamps updatedAt from the clock[jvm]","","2026-07-30","passed","2026-07-30","","GoalContributionRepositoryImplJvmTest[jvm]","com.georgeci.moneysurfer.data.repository.GoalContributionRepositoryImplJvmTest",""
"","12","a cross-currency transfer needs the receiving amount too[jvm]","","2026-07-30","passed","2026-07-30","","TransactionCreationSaveGuardsTest[jvm]","com.georgeci.moneysurfer.feature.transaction.creation.TransactionCreationSaveGuardsTest",""
"","1","a receipt is not saveable until every line has a category and a positive share[jvm]","","2026-07-30","passed","2026-07-30","","TransactionCreationStateTest[jvm]","com.georgeci.moneysurfer.feature.transaction.creation.TransactionCreationStateTest",""
"","2","an account with no extra details maps to the empty column and back to an empty list[jvm]","","2026-07-30","passed","2026-07-30","","AccountDtoMapperSpec[jvm]","com.georgeci.moneysurfer.data.sync.AccountDtoMapperSpec",""
"","33","owner can cancel a PENDING invite","","2026-07-30","passed","2026-07-30","","invites — update / delete","invites — update / delete owner can cancel a PENDING invite",""
"","5","rollover carries the previous window's leftover into the effective limit[jvm]","","2026-07-30","passed","2026-07-30","","BudgetProgressTest[jvm]","com.georgeci.moneysurfer.domain.model.BudgetProgressTest",""
"","6","same-currency accounts collapse into one total[jvm]","","2026-07-30","passed","2026-07-30","","AccountTotalsTest[jvm]","com.georgeci.moneysurfer.domain.model.AccountTotalsTest",""
"","15","supported app versions allow sync[jvm]","","2026-07-30","passed","2026-07-30","","SyncVersionGateImplSpec[jvm]","com.georgeci.moneysurfer.data.sync.SyncVersionGateImplSpec",""
"","116","a resolved session names the user and the workspace[jvm]","","2026-07-30","passed","2026-07-30","","AppShellViewModelTest[jvm]","com.georgeci.moneysurfer.navigation.AppShellViewModelTest",""
"","1","the kill switch is not a SettingKey, so no client can write it[jvm]","","2026-07-30","passed","2026-07-30","","ConfigKeyScopeTest[jvm]","com.georgeci.moneysurfer.data.config.ConfigKeyScopeTest",""
"","166","retry dismisses the error state and returns to the content[jvm]","","2026-07-30","passed","2026-07-30","","GlobalErrorBoundaryTest[jvm]","com.georgeci.moneysurfer.ui.GlobalErrorBoundaryTest",""
"","56","Week cuts the ISO week containing the day, Monday to Sunday[jvm]","","2026-07-30","passed","2026-07-30","","DashboardPeriodTest[jvm]","com.georgeci.moneysurfer.domain.dashboard.DashboardPeriodTest",""
"","4","the Medium band runs from its lower bound up to the Expanded bound[jvm]","","2026-07-30","passed","2026-07-30","","SurferWindowSizeTest[jvm]","com.georgeci.moneysurfer.uikit.window.SurferWindowSizeTest",""
"","20","a custom field is stored under the name the user typed[jvm]","","2026-07-30","passed","2026-07-30","","AccountCreationViewModelTest[jvm]","com.georgeci.moneysurfer.feature.account.creation.AccountCreationViewModelTest",""
"","21","existing user with explicit defaultWorkspaceId is preserved[jvm]","","2026-07-30","passed","2026-07-30","","PostAuthBootstrapUseCaseTest[jvm]","com.georgeci.moneysurfer.domain.usecase.PostAuthBootstrapUseCaseTest",""
"","6","normalize drops entries with a blank key or a blank value[jvm]","","2026-07-30","passed","2026-07-30","","AccountExtraDetailsTest[jvm]","com.georgeci.moneysurfer.domain.model.AccountExtraDetailsTest",""
"","50","an evicted (REMOVED) member can no longer write","","2026-07-30","passed","2026-07-30","","member-gated entities (accounts)","member-gated entities (accounts) an evicted (REMOVED) member can no longer write",""
"","3","two budgets on one category take the control read-only, naming the older one[jvm]","","2026-07-30","passed","2026-07-30","","CategoryCapCoverageTest[jvm]","com.georgeci.moneysurfer.domain.model.CategoryCapCoverageTest",""
"","211","with a budget the card shows the remainder and drops the set-a-budget link[jvm]","","2026-07-30","passed","2026-07-30","","DashboardScreenStateTest[jvm]","com.georgeci.moneysurfer.ui.DashboardScreenStateTest",""
"","0","epochMillis=1700000000000[jvm]","","2026-07-30","passed","2026-07-30","","TimeFormatterTest[jvm]","com.georgeci.moneysurfer.data.repository.TimeFormatterTest",""
"","24","switching off every period-scoped widget leaves the switch nothing to drive[jvm]","","2026-07-30","passed","2026-07-30","","DashboardLayoutConfigTest[jvm]","com.georgeci.moneysurfer.domain.dashboard.DashboardLayoutConfigTest",""
"","65","events that arrive before the form has loaded are ignored[jvm]","","2026-07-30","passed","2026-07-30","","TransactionCreationFormTest[jvm]","com.georgeci.moneysurfer.feature.transaction.creation.TransactionCreationFormTest",""
"","0","iso=2025-01-31[jvm]","","2026-07-30","passed","2026-07-30","","TimeFormatterTest[jvm]","com.georgeci.moneysurfer.data.repository.TimeFormatterTest",""
"","1","contains is inclusive on both ends[jvm]","","2026-07-30","passed","2026-07-30","","TransactionPeriodWindowTest[jvm]","com.georgeci.moneysurfer.domain.util.TransactionPeriodWindowTest",""
"","5","a merchant starting with a formula trigger is neutralised on encode[jvm]","","2026-07-30","passed","2026-07-30","","TransactionCsvCodecTest[jvm]","com.georgeci.moneysurfer.domain.csv.TransactionCsvCodecTest",""
"","11","an ordinary row is not a split leg[jvm]","","2026-07-30","passed","2026-07-30","","TransactionsListSplitTest[jvm]","com.georgeci.moneysurfer.feature.transaction.list.TransactionsListSplitTest",""
"","21","a delete drops the row and enqueues a tombstone[jvm]","","2026-07-30","passed","2026-07-30","","BudgetRepositoryImplJvmTest[jvm]","com.georgeci.moneysurfer.data.repository.BudgetRepositoryImplJvmTest",""
"","8","recalc skipped when downloadedCount == 0[jvm]","","2026-07-30","passed","2026-07-30","","SyncCoordinatorImplSpec[jvm]","com.georgeci.moneysurfer.sync.coordinator.SyncCoordinatorImplSpec",""
"","6","no months means no curve[jvm]","","2026-07-30","passed","2026-07-30","","BalanceTrendTest[jvm]","com.georgeci.moneysurfer.domain.model.BalanceTrendTest",""
"","5","SignIn[jvm]","","2026-07-30","passed","2026-07-30","","RouteSerializationTest[jvm]","com.georgeci.moneysurfer.navigation.RouteSerializationTest",""
"","51","editing loads the existing budget and updates it in place[jvm]","","2026-07-30","passed","2026-07-30","","BudgetEditViewModelTest[jvm]","com.georgeci.moneysurfer.feature.budget.edit.BudgetEditViewModelTest",""
"","282","online build is a single step that continues into sign-in and marks onboarding completed[jvm]","","2026-07-30","passed","2026-07-30","","OnboardingViewModelTest[jvm]","com.georgeci.moneysurfer.feature.login.onboarding.OnboardingViewModelTest",""
"","6","creating a goal in another currency is rejected[jvm]","","2026-07-30","passed","2026-07-30","","SavingsGoalUseCaseTest[jvm]","com.georgeci.moneysurfer.domain.usecase.SavingsGoalUseCaseTest",""
"","25","an upsert inserts when the row is new and overwrites when it is not[jvm]","","2026-07-30","passed","2026-07-30","","UserRepositoryImplJvmTest[jvm]","com.georgeci.moneysurfer.data.repository.UserRepositoryImplJvmTest",""
"","1336","encrypted round-trip restores data with the right passphrase[jvm]","","2026-07-30","passed","2026-07-30","","BackupEncryptedRoundTripJvmTest[jvm]","com.georgeci.moneysurfer.data.backup.BackupEncryptedRoundTripJvmTest",""
"","1","CompositeCancelToken throwIfCancelled when all cancelled throws[jvm]","","2026-07-30","passed","2026-07-30","","SyncCancelTokenSpec[jvm]","com.georgeci.moneysurfer.sync.api.SyncCancelTokenSpec",""
"","4","matches java.util.zip.CRC32 across diverse byte sequences[jvm]","","2026-07-30","passed","2026-07-30","","Crc32JvmTest[jvm]","com.georgeci.moneysurfer.data.backup.Crc32JvmTest",""
"","37","the identity band calls a transfer leg a transfer and leaves its amount unsigned[jvm]","","2026-07-30","passed","2026-07-30","","TransactionCreationEditTest[jvm]","com.georgeci.moneysurfer.feature.transaction.creation.TransactionCreationEditTest",""
"","16","the baseline window is clamped to a short previous month rather than overflowing it[jvm]","","2026-07-30","passed","2026-07-30","","GetSpentMonthUseCaseTest[jvm]","com.georgeci.moneysurfer.domain.usecase.GetSpentMonthUseCaseTest",""
"","2","missing local row → take remote[jvm]","","2026-07-30","passed","2026-07-30","","LwwConflictResolverSpec[jvm]","com.georgeci.moneysurfer.sync.repository.LwwConflictResolverSpec",""
"","16","the migration creates config_entry with the columns the entity declares[jvm]","","2026-07-30","passed","2026-07-30","","ConfigEntryMigrationIT[jvm]","com.georgeci.moneysurfer.integration.repository.ConfigEntryMigrationIT",""
"","8","a non-success result is refused[jvm]","","2026-07-30","passed","2026-07-30","","ExchangeRateApiTest[jvm]","com.georgeci.moneysurfer.data.remote.ExchangeRateApiTest",""
"","22","a foreign CSV header fails the whole import[jvm]","","2026-07-30","passed","2026-07-30","","ImportTransactionsValidationTest[jvm]","com.georgeci.moneysurfer.domain.csv.ImportTransactionsValidationTest",""
"","1","PUSH_INVITES sits between PUSH_MEMBERS and PUSH_ACCOUNTS[jvm]","","2026-07-30","passed","2026-07-30","","SyncStepOrderTest[jvm]","com.georgeci.moneysurfer.domain.model.SyncStepOrderTest",""
"","27","recipient can collection-group query by email","","2026-07-30","passed","2026-07-30","","invites — read","invites — read recipient can collection-group query by email",""
"","38","a headline a rate helped build carries no trend rather than one that omits the foreign half[jvm]","","2026-07-30","passed","2026-07-30","","DashboardBalanceViewModelTest[jvm]","com.georgeci.moneysurfer.feature.dashboard.DashboardBalanceViewModelTest",""
"","1","a preferred period never promotes a category budget over a general one[jvm]","","2026-07-30","passed","2026-07-30","","SafeToSpendTest[jvm]","com.georgeci.moneysurfer.domain.model.SafeToSpendTest",""
"","79","deleting a goal enqueues a delete for the goal AND each cascaded contribution[jvm]","","2026-07-30","passed","2026-07-30","","GoalRepositoryDualWriteSpec[jvm]","com.georgeci.moneysurfer.data.repository.GoalRepositoryDualWriteSpec",""
"","25","the table covers every navigation event the screen can raise[jvm]","","2026-07-30","passed","2026-07-30","","DashboardEventDestinationTest[jvm]","com.georgeci.moneysurfer.feature.dashboard.DashboardEventDestinationTest",""
"","23","the result count promises rows the list will render, so a receipt counts once[jvm]","","2026-07-30","passed","2026-07-30","","TransactionFiltersViewModelTest[jvm]","com.georgeci.moneysurfer.feature.transaction.filters.TransactionFiltersViewModelTest",""
"","1","preserves the repository's newest-first order[jvm]","","2026-07-30","passed","2026-07-30","","GetBudgetTransactionsUseCaseTest[jvm]","com.georgeci.moneysurfer.domain.usecase.GetBudgetTransactionsUseCaseTest",""
"","19","a code round-trips unchanged[jvm]","","2026-07-30","passed","2026-07-30","","CurrencyCodeCodecTest[jvm]","com.georgeci.moneysurfer.data.config.CurrencyCodeCodecTest",""
"","6","isEnabled returns true when firebaseUid is non-empty[jvm]","","2026-07-30","passed","2026-07-30","","OutboxEnqueuerSpec[jvm]","com.georgeci.moneysurfer.data.sync.OutboxEnqueuerSpec",""
"","23","a transfer leg resolves the counterpart account and leaves the amount unsigned[jvm]","","2026-07-30","passed","2026-07-30","","TransactionDetailsViewModelTest[jvm]","com.georgeci.moneysurfer.feature.transaction.details.TransactionDetailsViewModelTest",""
"","30","an insert writes the row under the workspace's transactions collection[jvm]","","2026-07-30","passed","2026-07-30","","TransactionSyncPluginIT[jvm]","com.georgeci.moneysurfer.integration.plugin.TransactionSyncPluginIT",""
"","14","a device-scoped write queues nothing[jvm]","","2026-07-30","passed","2026-07-30","","LocalConfigSourceImplJvmTest[jvm]","com.georgeci.moneysurfer.data.config.LocalConfigSourceImplJvmTest",""
"","132","a workspace is pushed to its own document, not a sub-collection[jvm]","","2026-07-30","passed","2026-07-30","","WorkspaceTreeSyncPluginIT[jvm]","com.georgeci.moneysurfer.integration.plugin.WorkspaceTreeSyncPluginIT",""
"","3","normalizing appends widgets a stored layout has never heard of[jvm]","","2026-07-30","passed","2026-07-30","","DashboardLayoutConfigTest[jvm]","com.georgeci.moneysurfer.domain.dashboard.DashboardLayoutConfigTest",""
"","2","a widget dragged across sections keeps its card style[jvm]","","2026-07-30","passed","2026-07-30","","DashboardLayoutConfigTest[jvm]","com.georgeci.moneysurfer.domain.dashboard.DashboardLayoutConfigTest",""
"","4","an ordinary merchant is not prefixed[jvm]","","2026-07-30","passed","2026-07-30","","TransactionCsvCodecTest[jvm]","com.georgeci.moneysurfer.domain.csv.TransactionCsvCodecTest",""
"","0","windows before the start date extend backwards so the first period has a predecessor[jvm]","","2026-07-30","passed","2026-07-30","","BudgetPeriodWindowTest[jvm]","com.georgeci.moneysurfer.domain.util.BudgetPeriodWindowTest",""
"","4","picking the grid width a widget already has is not written back[jvm]","","2026-07-30","passed","2026-07-30","","DashboardCustomizeViewModelTest[jvm]","com.georgeci.moneysurfer.feature.dashboard.customize.DashboardCustomizeViewModelTest",""
"","109","an expense lands in its category bucket, as a positive magnitude[jvm]","","2026-07-30","passed","2026-07-30","","SpendAnalyticsRepositoryImplJvmTest[jvm]","com.georgeci.moneysurfer.data.repository.SpendAnalyticsRepositoryImplJvmTest",""
"","30","a workspace the device has not pulled yet has no currency the query could filter on[jvm]","","2026-07-30","passed","2026-07-30","","GetMonthlyNetHistoryUseCaseTest[jvm]","com.georgeci.moneysurfer.domain.usecase.GetMonthlyNetHistoryUseCaseTest",""
"","4","actual → planned unwinds impact[jvm]","","2026-07-30","passed","2026-07-30","","ApplyTransactionChangeUseCaseTest[jvm]","com.georgeci.moneysurfer.domain.usecase.ApplyTransactionChangeUseCaseTest",""
"","0","monthly window is anchored on the start date's day of month[jvm]","","2026-07-30","passed","2026-07-30","","BudgetPeriodWindowTest[jvm]","com.georgeci.moneysurfer.domain.util.BudgetPeriodWindowTest",""
"","112","a layout with no period-scoped widget draws no period switch[jvm]","","2026-07-30","passed","2026-07-30","","DashboardScreenStateTest[jvm]","com.georgeci.moneysurfer.ui.DashboardScreenStateTest",""
"","2","a workspace created elsewhere shows up without reopening the screen[jvm]","","2026-07-30","passed","2026-07-30","","WorkspaceSelectorViewModelTest[jvm]","com.georgeci.moneysurfer.feature.workspace.selector.WorkspaceSelectorViewModelTest",""
"","9","Running carries id, reasons, scope, currentStep[jvm]","","2026-07-30","passed","2026-07-30","","SyncStateSpec[jvm]","com.georgeci.moneysurfer.sync.api.SyncStateSpec",""
"","6","negative amounts are an invalid format — the type toggle carries the sign[jvm]","","2026-07-30","passed","2026-07-30","","TransactionAmountInputTest[jvm]","com.georgeci.moneysurfer.feature.transaction.creation.TransactionAmountInputTest",""
"","20","tombstone with clientVersionCode below floor is denied","","2026-07-30","passed","2026-07-30","","tombstone update shape (push-side soft delete)","tombstone update shape (push-side soft delete) tombstone with clientVersionCode below floor is denied",""
"","21","each effect reaches exactly one destination[jvm]","","2026-07-30","passed","2026-07-30","","DashboardNavigationTest[jvm]","com.georgeci.moneysurfer.feature.dashboard.DashboardNavigationTest",""
"","36","attacker CANNOT self-create by pointing at an invite addressed to someone else","","2026-07-30","passed","2026-07-30","","workspaces/{wid}/members/{uid}","workspaces/{wid}/members/{uid} attacker CANNOT self-create by pointing at an invite addressed to someone else",""
"","11","a mapping with an empty uid is ignored rather than trusted[jvm]","","2026-07-30","passed","2026-07-30","","UserRemoteRepositoryImplTest[jvm]","com.georgeci.moneysurfer.data.repository.UserRemoteRepositoryImplTest",""
"","58","sync is enabled only when build, server and user all say yes[jvm]","","2026-07-30","passed","2026-07-30","","ConfigFacadesJvmTest[jvm]","com.georgeci.moneysurfer.data.config.ConfigFacadesJvmTest",""
"","712","picking a tile reports the whole card style, keeping the half that was not touched[jvm]","","2026-07-30","passed","2026-07-30","","DashboardCustomizeScreenStateTest[jvm]","com.georgeci.moneysurfer.ui.DashboardCustomizeScreenStateTest",""
"","10","a blank variable is treated as missing rather than passed through[jvm]","","2026-07-30","passed","2026-07-30","","DesktopFirebaseOptionsJvmTest[jvm]","com.georgeci.moneysurfer.data.remote.DesktopFirebaseOptionsJvmTest",""
"","9","entries come out largest first, whatever order the query answered in[jvm]","","2026-07-30","passed","2026-07-30","","SpentByCategoryTest[jvm]","com.georgeci.moneysurfer.domain.model.SpentByCategoryTest",""
"","15","search matches merchant, note and category, and survives into the state[jvm]","","2026-07-30","passed","2026-07-30","","TransactionsByAccountFilteringTest[jvm]","com.georgeci.moneysurfer.feature.transaction.list.TransactionsByAccountFilteringTest",""
"","28","withdrawing more than the goal holds surfaces the below-zero error[jvm]","","2026-07-30","passed","2026-07-30","","GoalContributionViewModelTest[jvm]","com.georgeci.moneysurfer.feature.goal.contribution.GoalContributionViewModelTest",""
"","12","a category survives the round trip, appearance and system marker included[jvm]","","2026-07-30","passed","2026-07-30","","WorkspaceScopedDtoMapperSpec[jvm]","com.georgeci.moneysurfer.data.sync.WorkspaceScopedDtoMapperSpec",""
"","65","the Transfer marker agrees on both sides[jvm]","","2026-07-30","passed","2026-07-30","","CategoryPaletteParityTest[jvm]","com.georgeci.moneysurfer.feature.category.CategoryPaletteParityTest",""
"","4","only a cross-currency transfer asks for the receiving amount[jvm]","","2026-07-30","passed","2026-07-30","","TransactionCreationStateTest[jvm]","com.georgeci.moneysurfer.feature.transaction.creation.TransactionCreationStateTest",""
"","5","an unparseable boolean is undecodable, not false[jvm]","","2026-07-30","passed","2026-07-30","","ConfigCodecSpec[jvm]","com.georgeci.moneysurfer.appconfig.ConfigCodecSpec",""
"","7","enqueueDelete pushes a DELETE mutation[jvm]","","2026-07-30","passed","2026-07-30","","OutboxEnqueuerImplSpec[jvm]","com.georgeci.moneysurfer.sync.repository.OutboxEnqueuerImplSpec",""
"","2","an empty category column maps to an empty list rather than one blank id[jvm]","","2026-07-30","passed","2026-07-30","","WorkspaceScopedDtoMapperSpec[jvm]","com.georgeci.moneysurfer.data.sync.WorkspaceScopedDtoMapperSpec",""
"","6","a category that does not exist yet is never covered[jvm]","","2026-07-30","passed","2026-07-30","","CategoryCapCoverageTest[jvm]","com.georgeci.moneysurfer.domain.model.CategoryCapCoverageTest",""
"","7","tapping Undo on the delete snackbar restores the category[jvm]","","2026-07-30","passed","2026-07-30","","CategoriesManageViewModelTest[jvm]","com.georgeci.moneysurfer.feature.category.manage.CategoriesManageViewModelTest",""
"","2","onSyncStarted is callable[jvm]","","2026-07-30","passed","2026-07-30","","SyncTelemetryNoOpSpec[jvm]","com.georgeci.moneysurfer.sync.telemetry.SyncTelemetryNoOpSpec",""
"","20","rejects a goal whose numeric target is a string","","2026-07-30","passed","2026-07-30","","savings goals (issue #244)","savings goals (issue #244) rejects a goal whose numeric target is a string",""
"","21","the user-scoped read is capped, so a grown collection cannot be pulled whole[jvm]","","2026-07-30","passed","2026-07-30","","PullRemoteChangesUseCaseImplSpec[jvm]","com.georgeci.moneysurfer.data.sync.PullRemoteChangesUseCaseImplSpec",""
"","29","subcollections of the phantom workspace are denied too","","2026-07-30","passed","2026-07-30","","dangling users/{uid}.workspaceIds refs","dangling users/{uid}.workspaceIds refs subcollections of the phantom workspace are denied too",""
"","1","create planned produces empty delta[jvm]","","2026-07-30","passed","2026-07-30","","CalculateBalanceDeltaTest[jvm]","com.georgeci.moneysurfer.domain.model.CalculateBalanceDeltaTest",""
"","14","creating a goal in the workspace base currency succeeds[jvm]","","2026-07-30","passed","2026-07-30","","SavingsGoalUseCaseTest[jvm]","com.georgeci.moneysurfer.domain.usecase.SavingsGoalUseCaseTest",""
"","589","encrypted import without a passphrase surfaces PassphraseRequired[jvm]","","2026-07-30","passed","2026-07-30","","BackupEncryptedRoundTripJvmTest[jvm]","com.georgeci.moneysurfer.data.backup.BackupEncryptedRoundTripJvmTest",""
"","5","submitting a valid email with no password reports PasswordRequired[jvm]","","2026-07-30","passed","2026-07-30","","SignInViewModelTest[jvm]","com.georgeci.moneysurfer.feature.login.SignInViewModelTest",""
"","15","an unauthenticated client cannot write","","2026-07-30","passed","2026-07-30","","users/{uid}/config/{key}","users/{uid}/config/{key} an unauthenticated client cannot write",""
"","48","rejected payload never replaces the live DB and leaves no temp files[jvm]","","2026-07-30","passed","2026-07-30","","BackupImporterImplJvmTest[jvm]","com.georgeci.moneysurfer.data.backup.BackupImporterImplJvmTest",""
"","12","a filter that matches one leg shows that leg, not the receipt[jvm]","","2026-07-30","passed","2026-07-30","","TransactionsListSplitTest[jvm]","com.georgeci.moneysurfer.feature.transaction.list.TransactionsListSplitTest",""
"","2090","submit button stays enabled on empty input so submitting can explain what is missing[jvm]","","2026-07-30","passed","2026-07-30","","SignInScreenStateTest[jvm]","com.georgeci.moneysurfer.ui.SignInScreenStateTest",""
"","8","still pins workspace when setDefaultWorkspace throws[jvm]","","2026-07-30","passed","2026-07-30","","CreateWorkspaceUseCaseTest[jvm]","com.georgeci.moneysurfer.domain.usecase.CreateWorkspaceUseCaseTest",""
"","11","totals sum magnitudes per type over the whole window, not per page[jvm]","","2026-07-30","passed","2026-07-30","","TransactionWindowIntegrationIT[jvm]","com.georgeci.moneysurfer.integration.repository.TransactionWindowIntegrationIT",""
"","33","is stable for the same id[jvm]","","2026-07-30","passed","2026-07-30","","TransactionReferenceTest[jvm]","com.georgeci.moneysurfer.domain.model.TransactionReferenceTest",""
"","4","Queued carries count[jvm]","","2026-07-30","passed","2026-07-30","","SyncStateSpec[jvm]","com.georgeci.moneysurfer.sync.api.SyncStateSpec",""
"","76","a split entered on the Income tab writes income legs[jvm]","","2026-07-30","passed","2026-07-30","","TransactionCreationSaveGuardsTest[jvm]","com.georgeci.moneysurfer.feature.transaction.creation.TransactionCreationSaveGuardsTest",""
"","9","enqueueUpsert writes a PendingMutation when signed in[jvm]","","2026-07-30","passed","2026-07-30","","OutboxEnqueuerSpec[jvm]","com.georgeci.moneysurfer.data.sync.OutboxEnqueuerSpec",""
"","18","contains covers the start date but not the end date[jvm]","","2026-07-30","passed","2026-07-30","","BudgetPeriodWindowTest[jvm]","com.georgeci.moneysurfer.domain.util.BudgetPeriodWindowTest",""
"","139","a compact card keeps only the first insight[jvm]","","2026-07-30","passed","2026-07-30","","DashboardInsightsScreenTest[jvm]","com.georgeci.moneysurfer.ui.DashboardInsightsScreenTest",""
"","1","'0.' -> '0.'[jvm]","","2026-07-30","passed","2026-07-30","","AmountInputTransformationTest[jvm]","com.georgeci.moneysurfer.utils.AmountInputTransformationTest",""
"","1","yearly anchor on Feb 29 clamps to Feb 28 in a non-leap year[jvm]","","2026-07-30","passed","2026-07-30","","BudgetPeriodWindowTest[jvm]","com.georgeci.moneysurfer.domain.util.BudgetPeriodWindowTest",""
"","3","a zero or positive balance is always accepted[jvm]","","2026-07-30","passed","2026-07-30","","InitialBalanceInputTest[jvm]","com.georgeci.moneysurfer.feature.account.creation.InitialBalanceInputTest",""
"","7","move expense from A to B unwinds A and applies B[jvm]","","2026-07-30","passed","2026-07-30","","CalculateBalanceDeltaTest[jvm]","com.georgeci.moneysurfer.domain.model.CalculateBalanceDeltaTest",""
"","148","with no budget the burn-rate card still draws the projection, minus the verdict[jvm]","","2026-07-30","passed","2026-07-30","","DashboardScreenStateTest[jvm]","com.georgeci.moneysurfer.ui.DashboardScreenStateTest",""
"","24","updating a tombstoned row through the repository leaves it deleted[jvm]","","2026-07-30","passed","2026-07-30","","TransactionSoftDeleteIntegrationIT[jvm]","com.georgeci.moneysurfer.integration.repository.TransactionSoftDeleteIntegrationIT",""
"","1","mergeScope ChangedSinceLastSync above UploadOnly[jvm]","","2026-07-30","passed","2026-07-30","","SyncScopeSpec[jvm]","com.georgeci.moneysurfer.sync.api.SyncScopeSpec",""
"","43","RequiresRecentLogin degrades to the generic failure[jvm]","","2026-07-30","passed","2026-07-30","","SignInViewModelTest[jvm]","com.georgeci.moneysurfer.feature.login.SignInViewModelTest",""
"","1","switching a widget on appends it after the last enabled one, before the still-off ones[jvm]","","2026-07-30","passed","2026-07-30","","DashboardLayoutConfigTest[jvm]","com.georgeci.moneysurfer.domain.dashboard.DashboardLayoutConfigTest",""
"","1","the user-scoped phase reads the whole collection under the uid[jvm]","","2026-07-30","passed","2026-07-30","","PullRemoteChangesUseCaseImplSpec[jvm]","com.georgeci.moneysurfer.data.sync.PullRemoteChangesUseCaseImplSpec",""
"","1","a leg's own category and amount stay its own[jvm]","","2026-07-30","passed","2026-07-30","","UpdateTransactionUseCaseTest[jvm]","com.georgeci.moneysurfer.domain.usecase.UpdateTransactionUseCaseTest",""
"","202","UploadOnly scope pulls nothing[jvm]","","2026-07-30","passed","2026-07-30","","PullRemoteChangesUseCaseImplSpec[jvm]","com.georgeci.moneysurfer.data.sync.PullRemoteChangesUseCaseImplSpec",""
"","4","delete on a missing account returns AccountNotFound[jvm]","","2026-07-30","passed","2026-07-30","","AccountWriteUseCasesTest[jvm]","com.georgeci.moneysurfer.domain.usecase.AccountWriteUseCasesTest",""
"","19","getByWorkspaceId only returns invites of the given workspace[jvm]","","2026-07-30","passed","2026-07-30","","WorkspaceInviteRepositoryIntegrationIT[jvm]","com.georgeci.moneysurfer.integration.repository.WorkspaceInviteRepositoryIntegrationIT",""
"","19","the offline build still carries an edited account's extra details through a save[jvm]","","2026-07-30","passed","2026-07-30","","AccountCreationViewModelTest[jvm]","com.georgeci.moneysurfer.feature.account.creation.AccountCreationViewModelTest",""
"","786","the reorder hint appears only once there are two widgets to reorder[jvm]","","2026-07-30","passed","2026-07-30","","DashboardCustomizeScreenStateTest[jvm]","com.georgeci.moneysurfer.ui.DashboardCustomizeScreenStateTest",""
"","182","each kind draws its own sentence, built from the formatted amounts[jvm]","","2026-07-30","passed","2026-07-30","","DashboardInsightsScreenTest[jvm]","com.georgeci.moneysurfer.ui.DashboardInsightsScreenTest",""
"","26","a purged row can no longer be restored — the Undo simply finds nothing[jvm]","","2026-07-30","passed","2026-07-30","","TransactionSoftDeleteIntegrationIT[jvm]","com.georgeci.moneysurfer.integration.repository.TransactionSoftDeleteIntegrationIT",""
"","206","edit mode names the row being edited and drops the way into a transfer[jvm]","","2026-07-30","passed","2026-07-30","","TransactionCreationScreenStateTest[jvm]","com.georgeci.moneysurfer.ui.TransactionCreationScreenStateTest",""
"","18","dismissing the guest warning cancels the logout[jvm]","","2026-07-30","passed","2026-07-30","","SettingsLogoutViewModelTest[jvm]","com.georgeci.moneysurfer.feature.settings.SettingsLogoutViewModelTest",""
"","11","back returns from the first-account step to the value step[jvm]","","2026-07-30","passed","2026-07-30","","OnboardingViewModelTest[jvm]","com.georgeci.moneysurfer.feature.login.onboarding.OnboardingViewModelTest",""
"","10","the workspace-ref writers pass the raw ids through[jvm]","","2026-07-30","passed","2026-07-30","","UserRemoteRepositoryImplTest[jvm]","com.georgeci.moneysurfer.data.repository.UserRemoteRepositoryImplTest",""
"","151","main DB payload without the SQLite header surfaces CorruptDatabase[jvm]","","2026-07-30","passed","2026-07-30","","BackupImporterImplJvmTest[jvm]","com.georgeci.moneysurfer.data.backup.BackupImporterImplJvmTest",""
"","1","the all-categories budget is not coverage[jvm]","","2026-07-30","passed","2026-07-30","","CategoryCapCoverageTest[jvm]","com.georgeci.moneysurfer.domain.model.CategoryCapCoverageTest",""
"","1","with no budget the projection still stands, it just carries no verdict[jvm]","","2026-07-30","passed","2026-07-30","","BurnRateTest[jvm]","com.georgeci.moneysurfer.domain.model.BurnRateTest",""
"","7","an offline workspace that already has an account goes to the dashboard[jvm]","","2026-07-30","passed","2026-07-30","","StartRouteTest[jvm]","com.georgeci.moneysurfer.navigation.StartRouteTest",""
"","12","OnRestoreAccountClick moves an archived account back to active[jvm]","","2026-07-30","passed","2026-07-30","","AccountsManageViewModelTest[jvm]","com.georgeci.moneysurfer.feature.account.manage.AccountsManageViewModelTest",""
"","12","ActiveWorkspace scope skips the invited-workspaces phase[jvm]","","2026-07-30","passed","2026-07-30","","PullRemoteChangesUseCaseImplSpec[jvm]","com.georgeci.moneysurfer.data.sync.PullRemoteChangesUseCaseImplSpec",""
"","1","a doc from an older client decodes to empty merchant, no tags and no rule[jvm]","","2026-07-30","passed","2026-07-30","","TransactionDtoMapperSpec[jvm]","com.georgeci.moneysurfer.data.sync.TransactionDtoMapperSpec",""
"","1","default constraints disable network/charging gates and require non-low battery[jvm]","","2026-07-30","passed","2026-07-30","","SyncConstraintsSpec[jvm]","com.georgeci.moneysurfer.sync.scheduler.SyncConstraintsSpec",""
"","21","recipient without email claim can still query by targetUserId","","2026-07-30","passed","2026-07-30","","invites — read","invites — read recipient without email claim can still query by targetUserId",""
"","2","respanning a widget leaves its slot, its style and its neighbours alone[jvm]","","2026-07-30","passed","2026-07-30","","DashboardLayoutConfigTest[jvm]","com.georgeci.moneysurfer.domain.dashboard.DashboardLayoutConfigTest",""
"","19","a payload the provider marked as failed reads as no answer[jvm]","","2026-07-30","passed","2026-07-30","","HttpExchangeRateRemoteSourceJvmTest[jvm]","com.georgeci.moneysurfer.data.remote.HttpExchangeRateRemoteSourceJvmTest",""
"","202","a week is labelled by its range and its ISO number[jvm]","","2026-07-30","passed","2026-07-30","","TransactionsListScreenStateTest[jvm]","com.georgeci.moneysurfer.ui.TransactionsListScreenStateTest",""
"","1","CompositeCancelToken not cancelled when only some children cancelled[jvm]","","2026-07-30","passed","2026-07-30","","SyncCancelTokenSpec[jvm]","com.georgeci.moneysurfer.sync.api.SyncCancelTokenSpec",""
"","102","requestSync completes with success for noop use cases[jvm]","","2026-07-30","passed","2026-07-30","","SyncCoordinatorImplSpec[jvm]","com.georgeci.moneysurfer.sync.coordinator.SyncCoordinatorImplSpec",""
"","68","pushing a workspace registers its ref on the user document[jvm]","","2026-07-30","passed","2026-07-30","","WorkspaceTreeSyncPluginIT[jvm]","com.georgeci.moneysurfer.integration.plugin.WorkspaceTreeSyncPluginIT",""
"","33","an evicted (REMOVED) member loses access to goals","","2026-07-30","passed","2026-07-30","","savings goals (issue #244)","savings goals (issue #244) an evicted (REMOVED) member loses access to goals",""
"","19","onSyncCompleted formats counts[jvm]","","2026-07-30","passed","2026-07-30","","KermitSyncTelemetrySpec[jvm]","com.georgeci.moneysurfer.sync.internal.telemetry.KermitSyncTelemetrySpec",""
"","170","an expanded card drops none of what the engine produced[jvm]","","2026-07-30","passed","2026-07-30","","DashboardInsightsScreenTest[jvm]","com.georgeci.moneysurfer.ui.DashboardInsightsScreenTest",""
"","1","a display name wins over the provider email[jvm]","","2026-07-30","passed","2026-07-30","","ShellIdentityTest[jvm]","com.georgeci.moneysurfer.navigation.ShellIdentityTest",""
"","75","an overspent budget row says how far over it is, not how much is left[jvm]","","2026-07-30","passed","2026-07-30","","DashboardScreenStateTest[jvm]","com.georgeci.moneysurfer.ui.DashboardScreenStateTest",""
"","26","a pulled tombstone marks the row deleted rather than dropping it[jvm]","","2026-07-30","passed","2026-07-30","","TransactionSyncPluginIT[jvm]","com.georgeci.moneysurfer.integration.plugin.TransactionSyncPluginIT",""
"","92","with no budgets the card still draws, pointing at the budgets screen[jvm]","","2026-07-30","passed","2026-07-30","","DashboardScreenStateTest[jvm]","com.georgeci.moneysurfer.ui.DashboardScreenStateTest",""
"","28","future format version surfaces FormatMismatch[jvm]","","2026-07-30","passed","2026-07-30","","BackupImporterImplJvmTest[jvm]","com.georgeci.moneysurfer.data.backup.BackupImporterImplJvmTest",""
"","11","the newest point is the balance the caller anchored on[jvm]","","2026-07-30","passed","2026-07-30","","BalanceTrendTest[jvm]","com.georgeci.moneysurfer.domain.model.BalanceTrendTest",""
"","5","sanitize keeps a single leading minus and ignores later ones[jvm]","","2026-07-30","passed","2026-07-30","","InitialBalanceInputTest[jvm]","com.georgeci.moneysurfer.feature.account.creation.InitialBalanceInputTest",""
"","89","pointers round-trip through the store[jvm]","","2026-07-30","passed","2026-07-30","","SessionPointersImplJvmTest[jvm]","com.georgeci.moneysurfer.data.preferences.SessionPointersImplJvmTest",""
"","47","the round button reports its tap and names the action it performs[jvm]","","2026-07-30","passed","2026-07-30","","SurferFormSectionTest[jvm]","com.georgeci.moneysurfer.ui.SurferFormSectionTest",""
"","43","a config that could not be read leaves the build supported[jvm]","","2026-07-30","passed","2026-07-30","","AppVersionGateImplTest[jvm]","com.georgeci.moneysurfer.data.repository.AppVersionGateImplTest",""
"","12","workspace root document is applied before subcollection plugins[jvm]","","2026-07-30","passed","2026-07-30","","PullRemoteChangesUseCaseImplSpec[jvm]","com.georgeci.moneysurfer.data.sync.PullRemoteChangesUseCaseImplSpec",""
"","25","a created user starts with no workspace refs[jvm]","","2026-07-30","passed","2026-07-30","","UserRemoteRepositoryImplTest[jvm]","com.georgeci.moneysurfer.data.repository.UserRemoteRepositoryImplTest",""
"","57","second sync resumes from the Room-persisted cursor and pulls only newer documents[jvm]","","2026-07-30","passed","2026-07-30","","NewWorkspacePullIntegrationIT[jvm]","com.georgeci.moneysurfer.integration.sync.NewWorkspacePullIntegrationIT",""
"","22","navigation effects carry the selected category id[jvm]","","2026-07-30","passed","2026-07-30","","CategoriesManageViewModelTest[jvm]","com.georgeci.moneysurfer.feature.category.manage.CategoriesManageViewModelTest",""
"","1","rejects when target is not a member[jvm]","","2026-07-30","passed","2026-07-30","","RemoveMemberUseCaseTest[jvm]","com.georgeci.moneysurfer.domain.usecase.RemoveMemberUseCaseTest",""
"","9","handle cancel of unknown id is a no-op[jvm]","","2026-07-30","passed","2026-07-30","","SyncCoordinatorImplBranchSpec[jvm]","com.georgeci.moneysurfer.sync.coordinator.SyncCoordinatorImplBranchSpec",""
"","9","an invite survives the round trip, expiry included[jvm]","","2026-07-30","passed","2026-07-30","","MembershipDtoMapperSpec[jvm]","com.georgeci.moneysurfer.data.sync.MembershipDtoMapperSpec",""
"","25","a delete drops the row and enqueues a tombstone[jvm]","","2026-07-30","passed","2026-07-30","","RecurringRuleRepositoryImplJvmTest[jvm]","com.georgeci.moneysurfer.data.repository.RecurringRuleRepositoryImplJvmTest",""
"","41","a stale workspace ref that denies access is skipped, deletion still completes[jvm]","","2026-07-30","passed","2026-07-30","","UserAccountDeletionRepositoryImplTest[jvm]","com.georgeci.moneysurfer.data.repository.UserAccountDeletionRepositoryImplTest",""
"","38","EXPENSE creation persists row and decreases account balance by amount[jvm]","","2026-07-30","passed","2026-07-30","","TransactionCreationIntegrationIT[jvm]","com.georgeci.moneysurfer.integration.repository.TransactionCreationIntegrationIT",""
"","9","a remote doc from a client we do not control is normalized on the way in[jvm]","","2026-07-30","passed","2026-07-30","","AccountDtoMapperSpec[jvm]","com.georgeci.moneysurfer.data.sync.AccountDtoMapperSpec",""
"","18","it is user-scoped, so the workspace loop never touches it[jvm]","","2026-07-30","passed","2026-07-30","","UserConfigSyncPluginSpec[jvm]","com.georgeci.moneysurfer.data.sync.plugin.UserConfigSyncPluginSpec",""
"","26","the type filter narrows the list without touching the period summary[jvm]","","2026-07-30","passed","2026-07-30","","TransactionsByAccountFilteringTest[jvm]","com.georgeci.moneysurfer.feature.transaction.list.TransactionsByAccountFilteringTest",""
"","1","shifting a week steps seven days from the week start[jvm]","","2026-07-30","passed","2026-07-30","","TransactionPeriodWindowTest[jvm]","com.georgeci.moneysurfer.domain.util.TransactionPeriodWindowTest",""
"","1","an empty back stack has no panes[jvm]","","2026-07-30","passed","2026-07-30","","SurferPaneSceneStrategyTest[jvm]","com.georgeci.moneysurfer.navigation.SurferPaneSceneStrategyTest",""
"","5","default newRequestId factory generates uuid-shaped ids[jvm]","","2026-07-30","passed","2026-07-30","","SyncCoordinatorImplBranchSpec[jvm]","com.georgeci.moneysurfer.sync.coordinator.SyncCoordinatorImplBranchSpec",""
"","179","editing the draft leaves the applied filters alone until Apply[jvm]","","2026-07-30","passed","2026-07-30","","TransactionFiltersViewModelTest[jvm]","com.georgeci.moneysurfer.feature.transaction.filters.TransactionFiltersViewModelTest",""
"","2","balanceImpact uses abs(money) so legacy signed money still produces correct sign[jvm]","","2026-07-30","passed","2026-07-30","","BalanceImpactTest[jvm]","com.georgeci.moneysurfer.domain.model.BalanceImpactTest",""
"","349","a full-width widget keeps the row to itself[jvm]","","2026-07-30","passed","2026-07-30","","DashboardGridScreenTest[jvm]","com.georgeci.moneysurfer.ui.DashboardGridScreenTest",""
"","111","a zero amount says what is wrong with it rather than only refusing[jvm]","","2026-07-30","passed","2026-07-30","","TransactionCreationScreenStateTest[jvm]","com.georgeci.moneysurfer.ui.TransactionCreationScreenStateTest",""
"","15","a user cannot delete another user's setting","","2026-07-30","passed","2026-07-30","","users/{uid}/config/{key}","users/{uid}/config/{key} a user cannot delete another user's setting",""
"","14","the rules run over both windows and the category names are resolved[jvm]","","2026-07-30","passed","2026-07-30","","GenerateInsightsUseCaseTest[jvm]","com.georgeci.moneysurfer.domain.usecase.GenerateInsightsUseCaseTest",""
"","1","trailingMonths crosses a year boundary backwards[jvm]","","2026-07-30","passed","2026-07-30","","CategorySpendHistoryTest[jvm]","com.georgeci.moneysurfer.domain.model.CategorySpendHistoryTest",""
"","179","a budget past its alert threshold is still headroom, not an overspend[jvm]","","2026-07-30","passed","2026-07-30","","DashboardScreenStateTest[jvm]","com.georgeci.moneysurfer.ui.DashboardScreenStateTest",""
"","291","income turns the two counterparty rows around[jvm]","","2026-07-30","passed","2026-07-30","","TransactionDetailsScreenStateTest[jvm]","com.georgeci.moneysurfer.ui.TransactionDetailsScreenStateTest",""
"","20","format GBP with UK locale[jvm]","","2026-07-30","passed","2026-07-30","","MoneyFormatterTest[jvm]","com.georgeci.moneysurfer.domain.MoneyFormatterTest",""
"","1","'999999.99' -> '999999.99'[jvm]","","2026-07-30","passed","2026-07-30","","AmountInputTransformationTest[jvm]","com.georgeci.moneysurfer.utils.AmountInputTransformationTest",""
"","1","rows that predate the column are live, not deleted[jvm]","","2026-07-30","passed","2026-07-30","","TransactionSoftDeleteMigrationIT[jvm]","com.georgeci.moneysurfer.integration.repository.TransactionSoftDeleteMigrationIT",""
"","67","SimpleCancelToken starts not cancelled[jvm]","","2026-07-30","passed","2026-07-30","","SyncCancelTokenSpec[jvm]","com.georgeci.moneysurfer.sync.api.SyncCancelTokenSpec",""
"","3","editing any field clears the error left by the previous attempt[jvm]","","2026-07-30","passed","2026-07-30","","WorkspaceCreationViewModelTest[jvm]","com.georgeci.moneysurfer.feature.workspace.creation.WorkspaceCreationViewModelTest",""
"","26","rejects an account whose numeric balance is a string","","2026-07-30","passed","2026-07-30","","entity write-shape validation (issue #156)","entity write-shape validation (issue #156) rejects an account whose numeric balance is a string",""
"","7","pending excludes IN_FLIGHT rows after markInFlight[jvm]","","2026-07-30","passed","2026-07-30","","PendingMutationQueueImplSpec[jvm]","com.georgeci.moneysurfer.sync.internal.repository.PendingMutationQueueImplSpec",""
"","8","round-trip preserves all fields[jvm]","","2026-07-30","passed","2026-07-30","","PendingMutationQueueImplSpec[jvm]","com.georgeci.moneysurfer.data.sync.PendingMutationQueueImplSpec",""
"","32","a second Undo is a no-op rather than a second refund[jvm]","","2026-07-30","passed","2026-07-30","","TransactionSoftDeleteIntegrationIT[jvm]","com.georgeci.moneysurfer.integration.repository.TransactionSoftDeleteIntegrationIT",""
"","38","a new account is appended after the ones the workspace already has[jvm]","","2026-07-30","passed","2026-07-30","","AccountSortOrderIntegrationIT[jvm]","com.georgeci.moneysurfer.integration.repository.AccountSortOrderIntegrationIT",""
"","22","every month in the window is emitted, including the ones with no spend[jvm]","","2026-07-30","passed","2026-07-30","","CategorySpendHistoryTest[jvm]","com.georgeci.moneysurfer.domain.model.CategorySpendHistoryTest",""
"","9","ChangedSinceLastSync falls back to the active workspace when the provider is empty[jvm]","","2026-07-30","passed","2026-07-30","","PullRemoteChangesUseCaseImplSpec[jvm]","com.georgeci.moneysurfer.data.sync.PullRemoteChangesUseCaseImplSpec",""
"","7","the amount bounds compare against the magnitude, not the sign[jvm]","","2026-07-30","passed","2026-07-30","","TransactionsByAccountFilteringTest[jvm]","com.georgeci.moneysurfer.feature.transaction.list.TransactionsByAccountFilteringTest",""
"","18","stranger cannot hard-delete the workspace doc","","2026-07-30","passed","2026-07-30","","workspaces/{wid}","workspaces/{wid} stranger cannot hard-delete the workspace doc",""
"","94","a list on its own is the list pane, with nothing to go back to inside it[jvm]","","2026-07-30","passed","2026-07-30","","SurferPaneSceneStrategyTest[jvm]","com.georgeci.moneysurfer.navigation.SurferPaneSceneStrategyTest",""
"","21","merchants come back biggest first, bounded by the limit[jvm]","","2026-07-30","passed","2026-07-30","","SpendAnalyticsRepositoryImplJvmTest[jvm]","com.georgeci.moneysurfer.data.repository.SpendAnalyticsRepositoryImplJvmTest",""
"","128","a degraded layer is called out above the rows[jvm]","","2026-07-30","passed","2026-07-30","","DebugConfigScreenStateTest[jvm]","com.georgeci.moneysurfer.ui.DebugConfigScreenStateTest",""
"","15","the legacy REGULAR type is bucketed by the amount's sign[jvm]","","2026-07-30","passed","2026-07-30","","TransactionWindowIntegrationIT[jvm]","com.georgeci.moneysurfer.integration.repository.TransactionWindowIntegrationIT",""
"","138","a capped category says what its meter measures, and an uncapped one says the share instead[jvm]","","2026-07-30","passed","2026-07-30","","DashboardScreenStateTest[jvm]","com.georgeci.moneysurfer.ui.DashboardScreenStateTest",""
"","15","the domain's hues are exactly the ones uikit has tints for[jvm]","","2026-07-30","passed","2026-07-30","","CategoryPaletteParityTest[jvm]","com.georgeci.moneysurfer.feature.category.CategoryPaletteParityTest",""
"","413","round-trip: an exported file imports every transaction into an empty database[jvm]","","2026-07-30","passed","2026-07-30","","ExportImportTransactionsUseCaseTest[jvm]","com.georgeci.moneysurfer.domain.csv.ExportImportTransactionsUseCaseTest",""
"","4","an amount is flagged inline only once there is something to complain about[jvm]","","2026-07-30","passed","2026-07-30","","TransactionCreationStateTest[jvm]","com.georgeci.moneysurfer.feature.transaction.creation.TransactionCreationStateTest",""
"","27","reports Missing when the category is not in the workspace[jvm]","","2026-07-30","passed","2026-07-30","","CategoryDetailsViewModelTest[jvm]","com.georgeci.moneysurfer.feature.category.details.CategoryDetailsViewModelTest",""
"","1650","the three toolbar actions each ask for their own destination[jvm]","","2026-07-30","passed","2026-07-30","","TransactionDetailsScreenStateTest[jvm]","com.georgeci.moneysurfer.ui.TransactionDetailsScreenStateTest",""
"","11","progress is reported per document with collection name and position[jvm]","","2026-07-30","passed","2026-07-30","","PullRemoteChangesUseCaseImplSpec[jvm]","com.georgeci.moneysurfer.data.sync.PullRemoteChangesUseCaseImplSpec",""
"","1370","the round button on an available row asks to turn that widget on[jvm]","","2026-07-30","passed","2026-07-30","","DashboardCustomizeScreenStateTest[jvm]","com.georgeci.moneysurfer.ui.DashboardCustomizeScreenStateTest",""
"","72","a cap typed on a new category creates a monthly budget naming only that category[jvm]","","2026-07-30","passed","2026-07-30","","CategoryCreationViewModelTest[jvm]","com.georgeci.moneysurfer.feature.category.creation.CategoryCreationViewModelTest",""
"","91","a compact budgets card keeps only the most pressing budget[jvm]","","2026-07-30","passed","2026-07-30","","DashboardScreenStateTest[jvm]","com.georgeci.moneysurfer.ui.DashboardScreenStateTest",""
"","17","neither leg of a pair can be duplicated on its own[jvm]","","2026-07-30","passed","2026-07-30","","TransactionDetailsViewModelTest[jvm]","com.georgeci.moneysurfer.feature.transaction.details.TransactionDetailsViewModelTest",""
"","2","no destination matches an absent top-level route[jvm]","","2026-07-30","passed","2026-07-30","","NavigationShellTest[jvm]","com.georgeci.moneysurfer.navigation.NavigationShellTest",""
"","57","the CSV backup exports live rows only, and exports the row again once it is restored[jvm]","","2026-07-30","passed","2026-07-30","","TransactionSoftDeleteIntegrationIT[jvm]","com.georgeci.moneysurfer.integration.repository.TransactionSoftDeleteIntegrationIT",""
"","1","an archived budget limits nothing, so a cap set now is a fresh budget[jvm]","","2026-07-30","passed","2026-07-30","","CategoryCapCoverageTest[jvm]","com.georgeci.moneysurfer.domain.model.CategoryCapCoverageTest",""
"","10","format single cent[jvm]","","2026-07-30","passed","2026-07-30","","MoneyFormatterTest[jvm]","com.georgeci.moneysurfer.domain.MoneyFormatterTest",""
"","1","the pace tick is the share of the window already behind us, today excluded[jvm]","","2026-07-30","passed","2026-07-30","","SafeToSpendTest[jvm]","com.georgeci.moneysurfer.domain.model.SafeToSpendTest",""
"","19","stranger cannot collection-group query by another user's targetUserId","","2026-07-30","passed","2026-07-30","","invites — read","invites — read stranger cannot collection-group query by another user's targetUserId",""
"","1","the legs are written through the change path, so the balance moves by the whole receipt[jvm]","","2026-07-30","passed","2026-07-30","","CreateSplitTransactionUseCaseTest[jvm]","com.georgeci.moneysurfer.domain.usecase.CreateSplitTransactionUseCaseTest",""
"","23","a flag removed from the document stops being served[jvm]","","2026-07-30","passed","2026-07-30","","RemoteGlobalConfigSourceImplSpec[jvm]","com.georgeci.moneysurfer.appconfig.remote.RemoteGlobalConfigSourceImplSpec",""
"","11","markSuccess preserves cursor[jvm]","","2026-07-30","passed","2026-07-30","","SyncMetaRepositoryImplSpec[jvm]","com.georgeci.moneysurfer.data.sync.SyncMetaRepositoryImplSpec",""
"","2","SyncMeta supports null timestamps for fresh workspaces[jvm]","","2026-07-30","passed","2026-07-30","","SyncMetaRepositorySpec[jvm]","com.georgeci.moneysurfer.sync.repository.SyncMetaRepositorySpec",""
"","21","switching the type drops a parent that belongs to the other type[jvm]","","2026-07-30","passed","2026-07-30","","CategoryCreationViewModelTest[jvm]","com.georgeci.moneysurfer.feature.category.creation.CategoryCreationViewModelTest",""
"","1","'123' -> '123'[jvm]","","2026-07-30","passed","2026-07-30","","AmountInputTransformationTest[jvm]","com.georgeci.moneysurfer.utils.AmountInputTransformationTest",""
"","8","changing the base currency re-points the trend at the rows that now count[jvm]","","2026-07-30","passed","2026-07-30","","CategoryDetailsViewModelTest[jvm]","com.georgeci.moneysurfer.feature.category.details.CategoryDetailsViewModelTest",""
"","81","every EN string key has a RU counterpart and vice-versa[jvm]","","2026-07-30","passed","2026-07-30","","StringResourceParityTest[jvm]","com.georgeci.moneysurfer.utils.StringResourceParityTest",""
"","0","TransactionFilters[jvm]","","2026-07-30","passed","2026-07-30","","RouteSerializationTest[jvm]","com.georgeci.moneysurfer.navigation.RouteSerializationTest",""
"","786","dragging a grip upward past the row above asks to swap the two[jvm]","","2026-07-30","passed","2026-07-30","","DashboardCustomizeScreenStateTest[jvm]","com.georgeci.moneysurfer.ui.DashboardCustomizeScreenStateTest",""
"","3","the average is the week's total over seven days, whatever the query left out[jvm]","","2026-07-30","passed","2026-07-30","","BurnRateTest[jvm]","com.georgeci.moneysurfer.domain.model.BurnRateTest",""
"","54","tapping Duplicate asks to open the creation screen for this transaction[jvm]","","2026-07-30","passed","2026-07-30","","TransactionDetailsViewModelTest[jvm]","com.georgeci.moneysurfer.feature.transaction.details.TransactionDetailsViewModelTest",""
"","22","merchant, tags and recurringRuleId survive a write/read cycle[jvm]","","2026-07-30","passed","2026-07-30","","TransactionDetailFieldsIntegrationIT[jvm]","com.georgeci.moneysurfer.integration.repository.TransactionDetailFieldsIntegrationIT",""
"","24","letters are stripped from the target field[jvm]","","2026-07-30","passed","2026-07-30","","GoalEditViewModelTest[jvm]","com.georgeci.moneysurfer.feature.goal.edit.GoalEditViewModelTest",""
"","1","a key this device has never seen is taken[jvm]","","2026-07-30","passed","2026-07-30","","UserConfigSyncPluginSpec[jvm]","com.georgeci.moneysurfer.data.sync.plugin.UserConfigSyncPluginSpec",""
"","7","with no rates cached only the base-currency accounts fold in[jvm]","","2026-07-30","passed","2026-07-30","","ConvertAccountsTotalUseCaseTest[jvm]","com.georgeci.moneysurfer.domain.usecase.ConvertAccountsTotalUseCaseTest",""
"","3","medium width presents the rail[jvm]","","2026-07-30","passed","2026-07-30","","NavigationShellTest[jvm]","com.georgeci.moneysurfer.navigation.NavigationShellTest",""
"","98","OnArchiveAccountClick stages pendingArchive without mutating the account[jvm]","","2026-07-30","passed","2026-07-30","","AccountsManageViewModelTest[jvm]","com.georgeci.moneysurfer.feature.account.manage.AccountsManageViewModelTest",""
"","30","a delete drops the row and enqueues a tombstone[jvm]","","2026-07-30","passed","2026-07-30","","GoalContributionRepositoryImplJvmTest[jvm]","com.georgeci.moneysurfer.data.repository.GoalContributionRepositoryImplJvmTest",""
"","45","Back and Edit are pure navigation, carrying the transaction they were opened on[jvm]","","2026-07-30","passed","2026-07-30","","TransactionDetailsViewModelTest[jvm]","com.georgeci.moneysurfer.feature.transaction.details.TransactionDetailsViewModelTest",""
"","0","WorkspaceMembers[jvm]","","2026-07-30","passed","2026-07-30","","RouteSerializationTest[jvm]","com.georgeci.moneysurfer.navigation.RouteSerializationTest",""
"","25","unauthenticated user is denied","","2026-07-30","passed","2026-07-30","","invites — read","invites — read unauthenticated user is denied",""
"","26","tapping Undo restores the deleted transaction[jvm]","","2026-07-30","passed","2026-07-30","","TransactionDetailsViewModelTest[jvm]","com.georgeci.moneysurfer.feature.transaction.details.TransactionDetailsViewModelTest",""
"","14","a row whose currency differs from the account currency is rejected[jvm]","","2026-07-30","passed","2026-07-30","","ImportTransactionsValidationTest[jvm]","com.georgeci.moneysurfer.domain.csv.ImportTransactionsValidationTest",""
"","98","the two period sentences the samples do not cover still draw[jvm]","","2026-07-30","passed","2026-07-30","","DashboardInsightsScreenTest[jvm]","com.georgeci.moneysurfer.ui.DashboardInsightsScreenTest",""
"","3","missing workspace root document is not counted and does not fail the pull[jvm]","","2026-07-30","passed","2026-07-30","","PullRemoteChangesUseCaseImplSpec[jvm]","com.georgeci.moneysurfer.data.sync.PullRemoteChangesUseCaseImplSpec",""
"","32","navigation events publish destinations with the current account id[jvm]","","2026-07-30","passed","2026-07-30","","AccountDetailsViewModelTest[jvm]","com.georgeci.moneysurfer.feature.account.details.AccountDetailsViewModelTest",""
"","25","accepts a transaction with merchant, tags and recurringRuleId","","2026-07-30","passed","2026-07-30","","entity write-shape validation (issue #156)","entity write-shape validation (issue #156) accepts a transaction with merchant, tags and recurringRuleId",""
"","262","first sync hydrates the new workspace root before its subcollections[jvm]","","2026-07-30","passed","2026-07-30","","NewWorkspacePullIntegrationIT[jvm]","com.georgeci.moneysurfer.integration.sync.NewWorkspacePullIntegrationIT",""
"","17","a picker opens on tap and closes on the pick[jvm]","","2026-07-30","passed","2026-07-30","","PreferencesViewModelTest[jvm]","com.georgeci.moneysurfer.feature.settings.preferences.PreferencesViewModelTest",""
"","472","light scheme: text tokens clear AA on every surface they land on[jvm]","","2026-07-30","passed","2026-07-30","","ColorContrastTest[jvm]","com.georgeci.moneysurfer.uikit.theme.ColorContrastTest",""
"","7","unparseable operation instant is rejected as invalid operation_at[jvm]","","2026-07-30","passed","2026-07-30","","TransactionCsvCodecTest[jvm]","com.georgeci.moneysurfer.domain.csv.TransactionCsvCodecTest",""
"","5","a negative card balance remains valid[jvm]","","2026-07-30","passed","2026-07-30","","AccountCreationStateTest[jvm]","com.georgeci.moneysurfer.feature.account.creation.AccountCreationStateTest",""
"","5","the transfer shortcut returns a bare flag[jvm]","","2026-07-30","passed","2026-07-30","","NavigationResultKeysTest[jvm]","com.georgeci.moneysurfer.navigation.NavigationResultKeysTest",""
"","96","the registry receives every registered group[jvm]","","2026-07-30","passed","2026-07-30","","OnlineConfigGraphTest[jvm]","com.georgeci.moneysurfer.di.OnlineConfigGraphTest",""
"","10","SyncHandleStatus.Completed carries summary[jvm]","","2026-07-30","passed","2026-07-30","","SyncStateSpec[jvm]","com.georgeci.moneysurfer.sync.api.SyncStateSpec",""
"","5","no enqueue when uid is empty string[jvm]","","2026-07-30","passed","2026-07-30","","OutboxEnqueuerImplSpec[jvm]","com.georgeci.moneysurfer.sync.repository.OutboxEnqueuerImplSpec",""
"","3","pending returns empty when queue is empty[jvm]","","2026-07-30","passed","2026-07-30","","PendingMutationQueueImplSpec[jvm]","com.georgeci.moneysurfer.data.sync.PendingMutationQueueImplSpec",""
"","5","the grid flattens parents and children of the selected type into one list[jvm]","","2026-07-30","passed","2026-07-30","","CategoryChooserViewModelTest[jvm]","com.georgeci.moneysurfer.feature.category.picker.CategoryChooserViewModelTest",""
"","234","a count that hit its cap is reported as a floor, not as an exact number[jvm]","","2026-07-30","passed","2026-07-30","","TransactionFiltersScreenStateTest[jvm]","com.georgeci.moneysurfer.ui.TransactionFiltersScreenStateTest",""
"","8","happy path: persists PENDING invite with TTL and lowercase email[jvm]","","2026-07-30","passed","2026-07-30","","SendInviteUseCaseTest[jvm]","com.georgeci.moneysurfer.domain.usecase.SendInviteUseCaseTest",""
"","75","login rolls the session back and signs out when the bootstrap fails[jvm]","","2026-07-30","passed","2026-07-30","","AuthSessionRollbackTest[jvm]","com.georgeci.moneysurfer.domain.usecase.AuthSessionRollbackTest",""
"","0","scheduleOneShot uses default constraints when none supplied[jvm]","","2026-07-30","passed","2026-07-30","","BackgroundSyncSchedulerSpec[jvm]","com.georgeci.moneysurfer.sync.scheduler.BackgroundSyncSchedulerSpec",""
"","1","foreign-currency expenses are skipped and raise the mixed-currency flag[jvm]","","2026-07-30","passed","2026-07-30","","BudgetProgressTest[jvm]","com.georgeci.moneysurfer.domain.model.BudgetProgressTest",""
"","41","the layers that can be read are still warmed when another fails[jvm]","","2026-07-30","passed","2026-07-30","","LayeredConfigSpec[jvm]","com.georgeci.moneysurfer.appconfig.LayeredConfigSpec",""
"","324","each account type maps to its semantic icon[jvm]","","2026-07-30","passed","2026-07-30","","AccountTypeLabelTest[jvm]","com.georgeci.moneysurfer.feature.account.AccountTypeLabelTest",""
"","94","export fails with BackupError.Io when the DataStore prefs file is missing[jvm]","","2026-07-30","passed","2026-07-30","","BackupExporterImplJvmTest[jvm]","com.georgeci.moneysurfer.data.backup.BackupExporterImplJvmTest",""
"","16","a user can update a setting of their own","","2026-07-30","passed","2026-07-30","","users/{uid}/config/{key}","users/{uid}/config/{key} a user can update a setting of their own",""
"","23","All categories drops the selection rather than adding one more chip[jvm]","","2026-07-30","passed","2026-07-30","","TransactionFiltersViewModelTest[jvm]","com.georgeci.moneysurfer.feature.transaction.filters.TransactionFiltersViewModelTest",""
"","4","uses the trailing hex digits of the id[jvm]","","2026-07-30","passed","2026-07-30","","TransactionReferenceTest[jvm]","com.georgeci.moneysurfer.domain.model.TransactionReferenceTest",""
"","11","does not leak rows from another workspace[jvm]","","2026-07-30","passed","2026-07-30","","TransactionFtsIntegrationIT[jvm]","com.georgeci.moneysurfer.integration.repository.TransactionFtsIntegrationIT",""
"","28","an email is written under its normalized key, with the clock's moment[jvm]","","2026-07-30","passed","2026-07-30","","UserRemoteRepositoryImplTest[jvm]","com.georgeci.moneysurfer.data.repository.UserRemoteRepositoryImplTest",""
"","5","dragging a widget onto a row in the other section moves it there[jvm]","","2026-07-30","passed","2026-07-30","","DashboardCustomizeViewModelTest[jvm]","com.georgeci.moneysurfer.feature.dashboard.customize.DashboardCustomizeViewModelTest",""
"","1","setting the status of a missing goal is rejected[jvm]","","2026-07-30","passed","2026-07-30","","SavingsGoalUseCaseTest[jvm]","com.georgeci.moneysurfer.domain.usecase.SavingsGoalUseCaseTest",""
"","4","search keeps a matching child visible under its parent[jvm]","","2026-07-30","passed","2026-07-30","","CategoryChooserViewModelTest[jvm]","com.georgeci.moneysurfer.feature.category.picker.CategoryChooserViewModelTest",""
"","8","the server's own wording is used when it sends one[jvm]","","2026-07-30","passed","2026-07-30","","AppVersionGateImplTest[jvm]","com.georgeci.moneysurfer.data.repository.AppVersionGateImplTest",""
"","1","a single leg is not a split[jvm]","","2026-07-30","passed","2026-07-30","","CreateSplitTransactionUseCaseTest[jvm]","com.georgeci.moneysurfer.domain.usecase.CreateSplitTransactionUseCaseTest",""
"","2","a month that ends the day it is read has nothing left to project[jvm]","","2026-07-30","passed","2026-07-30","","BurnRateTest[jvm]","com.georgeci.moneysurfer.domain.model.BurnRateTest",""
"","9","format zero amount[jvm]","","2026-07-30","passed","2026-07-30","","MoneyFormatterTest[jvm]","com.georgeci.moneysurfer.domain.MoneyFormatterTest",""
"","183","owner with no other members purges the workspace, subcollections before the root doc[jvm]","","2026-07-30","passed","2026-07-30","","UserAccountDeletionRepositoryImplTest[jvm]","com.georgeci.moneysurfer.data.repository.UserAccountDeletionRepositoryImplTest",""
"","1","a preset ignores where the pager was left[jvm]","","2026-07-30","passed","2026-07-30","","TransactionFilterMatchingTest[jvm]","com.georgeci.moneysurfer.feature.transaction.filter.TransactionFilterMatchingTest",""
"","11","editing a field clears the pending error[jvm]","","2026-07-30","passed","2026-07-30","","SignInViewModelTest[jvm]","com.georgeci.moneysurfer.feature.login.SignInViewModelTest",""
"","11","values are namespaced so they cannot clash with the legacy typed preferences[jvm]","","2026-07-30","passed","2026-07-30","","LocalConfigSourceImplJvmTest[jvm]","com.georgeci.moneysurfer.data.config.LocalConfigSourceImplJvmTest",""
"","25","opening a category with a single-category budget prefills the cap field[jvm]","","2026-07-30","passed","2026-07-30","","CategoryCreationViewModelTest[jvm]","com.georgeci.moneysurfer.feature.category.creation.CategoryCreationViewModelTest",""
"","5","a blank accountId decodes to null[jvm]","","2026-07-30","passed","2026-07-30","","GoalDtoMapperSpec[jvm]","com.georgeci.moneysurfer.data.sync.GoalDtoMapperSpec",""
"","1575","every registered configuration key name is unique across the whole graph[jvm]","","2026-07-30","passed","2026-07-30","","OfflineConfigGraphTest[jvm]","com.georgeci.moneysurfer.offline.di.OfflineConfigGraphTest",""
"","1","no-ops when CreateWorkspaceUseCase has no current user (offline build pre-login)[jvm]","","2026-07-30","passed","2026-07-30","","SeedDefaultsUseCaseTest[jvm]","com.georgeci.moneysurfer.domain.usecase.SeedDefaultsUseCaseTest",""
"","1","opened from Settings the screen has a back entry, so it offers no sign-out[jvm]","","2026-07-30","passed","2026-07-30","","WorkspaceSelectorViewModelTest[jvm]","com.georgeci.moneysurfer.feature.workspace.selector.WorkspaceSelectorViewModelTest",""
"","654","export writes a header plus one record per transaction and returns the count[jvm]","","2026-07-30","passed","2026-07-30","","ExportImportTransactionsUseCaseTest[jvm]","com.georgeci.moneysurfer.domain.csv.ExportImportTransactionsUseCaseTest",""
"","18","an unreachable server marks the layer degraded[jvm]","","2026-07-30","passed","2026-07-30","","RemoteGlobalConfigSourceImplSpec[jvm]","com.georgeci.moneysurfer.appconfig.remote.RemoteGlobalConfigSourceImplSpec",""
"","2","the appearance settings are the ones that follow the account[jvm]","","2026-07-30","passed","2026-07-30","","ConfigKeyScopeTest[jvm]","com.georgeci.moneysurfer.data.config.ConfigKeyScopeTest",""
"","3","a member who left keeps both the status and the moment[jvm]","","2026-07-30","passed","2026-07-30","","MembershipDtoMapperSpec[jvm]","com.georgeci.moneysurfer.data.sync.MembershipDtoMapperSpec",""
"","15","a tombstone for an account this device never had is applied without failing[jvm]","","2026-07-30","passed","2026-07-30","","AccountSyncPluginIT[jvm]","com.georgeci.moneysurfer.integration.plugin.AccountSyncPluginIT",""
"","19","totals stay split by currency rather than adding minor units together[jvm]","","2026-07-30","passed","2026-07-30","","TransactionWindowIntegrationIT[jvm]","com.georgeci.moneysurfer.integration.repository.TransactionWindowIntegrationIT",""
"","315","an over-assigned receipt says so instead of reporting a negative remainder[jvm]","","2026-07-30","passed","2026-07-30","","TransactionCreationScreenStateTest[jvm]","com.georgeci.moneysurfer.ui.TransactionCreationScreenStateTest",""
"","6","registers the pushed workspace under the signed-in user[jvm]","","2026-07-30","passed","2026-07-30","","WorkspaceRefRegistrarSpec[jvm]","com.georgeci.moneysurfer.data.sync.WorkspaceRefRegistrarSpec",""
"","1","merge keeps narrower scope when both narrow[jvm]","","2026-07-30","passed","2026-07-30","","MergedSyncRequestSpec[jvm]","com.georgeci.moneysurfer.sync.coordinator.MergedSyncRequestSpec",""
"","64","on the 1st the comparison is a single day, so the card shows the amount without a delta[jvm]","","2026-07-30","passed","2026-07-30","","DashboardSpentMonthViewModelTest[jvm]","com.georgeci.moneysurfer.feature.dashboard.DashboardSpentMonthViewModelTest",""
"","15","a collection larger than one batch is drained by a single pull[jvm]","","2026-07-30","passed","2026-07-30","","PullRemoteChangesUseCaseImplSpec[jvm]","com.georgeci.moneysurfer.data.sync.PullRemoteChangesUseCaseImplSpec",""
"","19","owner can update workspace metadata","","2026-07-30","passed","2026-07-30","","workspaces/{wid}","workspaces/{wid} owner can update workspace metadata",""
"","860","a new expense opens on the Expense segment with the category grid under it[jvm]","","2026-07-30","passed","2026-07-30","","TransactionCreationScreenStateTest[jvm]","com.georgeci.moneysurfer.ui.TransactionCreationScreenStateTest",""
"","8","NoOpNetworkMonitor reports always-online[jvm]","","2026-07-30","passed","2026-07-30","","NoOpNetworkMonitorSpec[jvm]","com.georgeci.moneysurfer.sync.internal.network.NoOpNetworkMonitorSpec",""
"","234","format negative amount[jvm]","","2026-07-30","passed","2026-07-30","","MoneyFormatterTest[jvm]","com.georgeci.moneysurfer.domain.MoneyFormatterTest",""
"","19","assigning more than the amount blocks the save[jvm]","","2026-07-30","passed","2026-07-30","","TransactionCreationSplitTest[jvm]","com.georgeci.moneysurfer.feature.transaction.creation.TransactionCreationSplitTest",""
"","22","accepts a minimal goal with default-valued fields omitted","","2026-07-30","passed","2026-07-30","","savings goals (issue #244)","savings goals (issue #244) accepts a minimal goal with default-valued fields omitted",""
"","111","submitting with no email reports EmailRequired against the email field[jvm]","","2026-07-30","passed","2026-07-30","","SignInViewModelTest[jvm]","com.georgeci.moneysurfer.feature.login.SignInViewModelTest",""
"","6","weekly window start is inclusive and end is exclusive[jvm]","","2026-07-30","passed","2026-07-30","","BudgetPeriodWindowTest[jvm]","com.georgeci.moneysurfer.domain.util.BudgetPeriodWindowTest",""
"","41","no read path writes anything[jvm]","","2026-07-30","passed","2026-07-30","","LayeredConfigSpec[jvm]","com.georgeci.moneysurfer.appconfig.LayeredConfigSpec",""
"","26","the window runs whole months, ending on the last day of the current one[jvm]","","2026-07-30","passed","2026-07-30","","GetMonthlyNetHistoryUseCaseTest[jvm]","com.georgeci.moneysurfer.domain.usecase.GetMonthlyNetHistoryUseCaseTest",""
"","28","member can read","","2026-07-30","passed","2026-07-30","","member-gated entities (accounts)","member-gated entities (accounts) member can read",""
"","20","both themes carry a tint for every hue in the catalogue[jvm]","","2026-07-30","passed","2026-07-30","","CategoryPaletteParityTest[jvm]","com.georgeci.moneysurfer.feature.category.CategoryPaletteParityTest",""
"","3","redactEmail handles a domain without a dot[jvm]","","2026-07-30","passed","2026-07-30","","PiiRedactionTest[jvm]","com.georgeci.moneysurfer.domain.logging.PiiRedactionTest",""
"","6","CompositeCancelToken not cancelled when no children cancelled[jvm]","","2026-07-30","passed","2026-07-30","","SyncCancelTokenSpec[jvm]","com.georgeci.moneysurfer.sync.api.SyncCancelTokenSpec",""
"","19","income signs its amount with a plus and carries no transfer[jvm]","","2026-07-30","passed","2026-07-30","","TransactionDetailsViewModelTest[jvm]","com.georgeci.moneysurfer.feature.transaction.details.TransactionDetailsViewModelTest",""
"","4","a projection that lands on the limit is still on track[jvm]","","2026-07-30","passed","2026-07-30","","BurnRateTest[jvm]","com.georgeci.moneysurfer.domain.model.BurnRateTest",""
"","10","sync stays allowed while an update is merely available[jvm]","","2026-07-30","passed","2026-07-30","","AppVersionGateImplTest[jvm]","com.georgeci.moneysurfer.data.repository.AppVersionGateImplTest",""
"","36","member can read the workspace invite roster","","2026-07-30","passed","2026-07-30","","invites — read","invites — read member can read the workspace invite roster",""
"","58","saving creates a goal in the workspace base currency[jvm]","","2026-07-30","passed","2026-07-30","","GoalEditViewModelTest[jvm]","com.georgeci.moneysurfer.feature.goal.edit.GoalEditViewModelTest",""
"","5","SettingKey can never be remote-overridable[jvm]","","2026-07-30","passed","2026-07-30","","ConfigCodecSpec[jvm]","com.georgeci.moneysurfer.appconfig.ConfigCodecSpec",""
"","2","a pending id with no matching row resolves to no active workspace[jvm]","","2026-07-30","passed","2026-07-30","","WorkspaceSelectorViewModelTest[jvm]","com.georgeci.moneysurfer.feature.workspace.selector.WorkspaceSelectorViewModelTest",""
"","2","the threshold is exactly one retention window behind now[jvm]","","2026-07-30","passed","2026-07-30","","PurgeDeletedTransactionsUseCaseTest[jvm]","com.georgeci.moneysurfer.domain.usecase.PurgeDeletedTransactionsUseCaseTest",""
"","27","rejects a non-string transaction splitId","","2026-07-30","passed","2026-07-30","","entity write-shape validation (issue #156)","entity write-shape validation (issue #156) rejects a non-string transaction splitId",""
"","6","removing one of three keeps the other two[jvm]","","2026-07-30","passed","2026-07-30","","TransactionCreationSplitEditingTest[jvm]","com.georgeci.moneysurfer.feature.transaction.creation.TransactionCreationSplitEditingTest",""
"","5","a selection belonging to the other side is not carried into the grid[jvm]","","2026-07-30","passed","2026-07-30","","TransactionCreationMappingTest[jvm]","com.georgeci.moneysurfer.feature.transaction.creation.TransactionCreationMappingTest",""
"","5","observe emits empty list for a fresh workspace[jvm]","","2026-07-30","passed","2026-07-30","","SyncMetaRepositoryImplSpec[jvm]","com.georgeci.moneysurfer.sync.internal.repository.SyncMetaRepositoryImplSpec",""
"","6","manifest JSON survives serialization[jvm]","","2026-07-30","passed","2026-07-30","","ZipStoredCodecTest[jvm]","com.georgeci.moneysurfer.data.backup.ZipStoredCodecTest",""
"","4","the general budget is the envelope above per-category caps, not a cap on each of them[jvm]","","2026-07-30","passed","2026-07-30","","SpentByCategoryTest[jvm]","com.georgeci.moneysurfer.domain.model.SpentByCategoryTest",""
"","1","ConflictMetadata exposes its fields[jvm]","","2026-07-30","passed","2026-07-30","","ConflictResolverSpec[jvm]","com.georgeci.moneysurfer.sync.repository.ConflictResolverSpec",""
"","27","reset-all drops every override[jvm]","","2026-07-30","passed","2026-07-30","","DebugConfigSourceImplJvmTest[jvm]","com.georgeci.moneysurfer.data.config.DebugConfigSourceImplJvmTest",""
"","16","rejects an unknown field","","2026-07-30","passed","2026-07-30","","users/{uid}/config/{key}","users/{uid}/config/{key} rejects an unknown field",""
"","15","observeOutbox keeps in-flight rows, oldest first — a stuck push must not read as an empty outbox[jvm]","","2026-07-30","passed","2026-07-30","","PendingMutationQueueImplSpec[jvm]","com.georgeci.moneysurfer.sync.internal.repository.PendingMutationQueueImplSpec",""
"","7","the period on screen picks between two general budgets on different cadences[jvm]","","2026-07-30","passed","2026-07-30","","SafeToSpendTest[jvm]","com.georgeci.moneysurfer.domain.model.SafeToSpendTest",""
"","42","the layer stops serving the wiped values immediately, not once Room gets around to it[jvm]","","2026-07-30","passed","2026-07-30","","LocalDataResetIntegrationIT[jvm]","com.georgeci.moneysurfer.integration.repository.LocalDataResetIntegrationIT",""
"","8","a leg of a split is flagged, because swiping it deletes the whole receipt[jvm]","","2026-07-30","passed","2026-07-30","","CategoryDetailsViewModelTest[jvm]","com.georgeci.moneysurfer.feature.category.details.CategoryDetailsViewModelTest",""
"","5","a confirmed reset with sync off still clears the cursors but requests no sync[jvm]","","2026-07-30","passed","2026-07-30","","SyncViewModelTest[jvm]","com.georgeci.moneysurfer.feature.settings.sync.SyncViewModelTest",""
"","13","a transfer leg is filterable and marked as a transfer on the row[jvm]","","2026-07-30","passed","2026-07-30","","TransactionsByAccountFilteringTest[jvm]","com.georgeci.moneysurfer.feature.transaction.list.TransactionsByAccountFilteringTest",""
"","1","every stale key is queued, not just the first[jvm]","","2026-07-30","passed","2026-07-30","","SyncedSettingsSessionImplJvmTest[jvm]","com.georgeci.moneysurfer.data.config.SyncedSettingsSessionImplJvmTest",""
"","51","the window reports each row's split group size, and zero for rows outside a split[jvm]","","2026-07-30","passed","2026-07-30","","TransactionWindowIntegrationIT[jvm]","com.georgeci.moneysurfer.integration.repository.TransactionWindowIntegrationIT",""
"","1","a category that stopped entirely still counts as a saving[jvm]","","2026-07-30","passed","2026-07-30","","InsightRulesTest[jvm]","com.georgeci.moneysurfer.domain.insight.InsightRulesTest",""
"","16","a mapping is not written for a blank address or a blank uid[jvm]","","2026-07-30","passed","2026-07-30","","UserRemoteRepositoryImplTest[jvm]","com.georgeci.moneysurfer.data.repository.UserRemoteRepositoryImplTest",""
"","10","the name required error appears only after the field was touched and left blank[jvm]","","2026-07-30","passed","2026-07-30","","CategoryCreationViewModelTest[jvm]","com.georgeci.moneysurfer.feature.category.creation.CategoryCreationViewModelTest",""
"","15","first-time user creates remote doc and returns FirstTime[jvm]","","2026-07-30","passed","2026-07-30","","PostAuthBootstrapUseCaseTest[jvm]","com.georgeci.moneysurfer.domain.usecase.PostAuthBootstrapUseCaseTest",""
"","568","at expanded width the default layout's first band is a hero beside the shortcuts[jvm]","","2026-07-30","passed","2026-07-30","","DashboardGridScreenTest[jvm]","com.georgeci.moneysurfer.ui.DashboardGridScreenTest",""
"","3","SyncHandleStatus.Cancelled is singleton[jvm]","","2026-07-30","passed","2026-07-30","","SyncStateSpec[jvm]","com.georgeci.moneysurfer.sync.api.SyncStateSpec",""
"","37","member can create","","2026-07-30","passed","2026-07-30","","member-gated entities (accounts)","member-gated entities (accounts) member can create",""
"","20","a split leg breaks the receipt down and marks the leg being viewed[jvm]","","2026-07-30","passed","2026-07-30","","TransactionDetailsViewModelTest[jvm]","com.georgeci.moneysurfer.feature.transaction.details.TransactionDetailsViewModelTest",""
"","1","no-op when role unchanged[jvm]","","2026-07-30","passed","2026-07-30","","ChangeMemberRoleUseCaseTest[jvm]","com.georgeci.moneysurfer.domain.usecase.ChangeMemberRoleUseCaseTest",""
"","4","LastSyncOutcome.Cancelled carries timestamp[jvm]","","2026-07-30","passed","2026-07-30","","SyncStateSpec[jvm]","com.georgeci.moneysurfer.sync.api.SyncStateSpec",""
"","158","the currency pill resolves the stored code against the catalogue[jvm]","","2026-07-30","passed","2026-07-30","","PreferencesScreenStateTest[jvm]","com.georgeci.moneysurfer.ui.PreferencesScreenStateTest",""
"","8","category seed failure returns LocalWriteFailed and skips remote work and pin[jvm]","","2026-07-30","passed","2026-07-30","","CreateWorkspaceUseCaseTest[jvm]","com.georgeci.moneysurfer.domain.usecase.CreateWorkspaceUseCaseTest",""
"","8","member insert failure returns LocalWriteFailed and skips categories, remote work and pin[jvm]","","2026-07-30","passed","2026-07-30","","CreateWorkspaceUseCaseTest[jvm]","com.georgeci.moneysurfer.domain.usecase.CreateWorkspaceUseCaseTest",""
"","28","an undecodable document is skipped rather than taking the pull down[jvm]","","2026-07-30","passed","2026-07-30","","CategorySyncPluginIT[jvm]","com.georgeci.moneysurfer.integration.plugin.CategorySyncPluginIT",""
"","4","a half-typed bound reads as the digits so far, and nonsense is ignored[jvm]","","2026-07-30","passed","2026-07-30","","TransactionFilterMatchingTest[jvm]","com.georgeci.moneysurfer.feature.transaction.filter.TransactionFilterMatchingTest",""
"","20","a pulled tombstone hides the row locally without dropping it[jvm]","","2026-07-30","passed","2026-07-30","","TransactionTombstoneSyncIntegrationIT[jvm]","com.georgeci.moneysurfer.integration.sync.TransactionTombstoneSyncIntegrationIT",""
"","26","a pulled workspace stubs its owner so the foreign key holds on a fresh device[jvm]","","2026-07-30","passed","2026-07-30","","WorkspaceTreeSyncPluginIT[jvm]","com.georgeci.moneysurfer.integration.plugin.WorkspaceTreeSyncPluginIT",""
"","183","the period switch sits above the widgets with the current span selected[jvm]","","2026-07-30","passed","2026-07-30","","DashboardScreenStateTest[jvm]","com.georgeci.moneysurfer.ui.DashboardScreenStateTest",""
"","20","a cap of zero creates no budget[jvm]","","2026-07-30","passed","2026-07-30","","CategoryCreationViewModelTest[jvm]","com.georgeci.moneysurfer.feature.category.creation.CategoryCreationViewModelTest",""
"","15","dangerous merchants and tags survive a full CSV round-trip unchanged[jvm]","","2026-07-30","passed","2026-07-30","","TransactionCsvCodecTest[jvm]","com.georgeci.moneysurfer.domain.csv.TransactionCsvCodecTest",""
"","42","the windows follow the calendar instead of freezing at subscription time[jvm]","","2026-07-30","passed","2026-07-30","","GenerateInsightsUseCaseTest[jvm]","com.georgeci.moneysurfer.domain.usecase.GenerateInsightsUseCaseTest",""
"","8","the row actions each navigate to their own screen[jvm]","","2026-07-30","passed","2026-07-30","","WorkspaceSelectorViewModelTest[jvm]","com.georgeci.moneysurfer.feature.workspace.selector.WorkspaceSelectorViewModelTest",""
"","0","editing one leg's account moves the whole receipt, balances included[jvm]","","2026-07-30","passed","2026-07-30","","UpdateTransactionUseCaseTest[jvm]","com.georgeci.moneysurfer.domain.usecase.UpdateTransactionUseCaseTest",""
"","21","owner create blocked when clientVersionCode missing","","2026-07-30","passed","2026-07-30","","invites — write","invites — write owner create blocked when clientVersionCode missing",""
"","1","the provider email stands in when the local row has no name[jvm]","","2026-07-30","passed","2026-07-30","","ShellIdentityTest[jvm]","com.georgeci.moneysurfer.navigation.ShellIdentityTest",""
"","26","a negative non-card balance disables save[jvm]","","2026-07-30","passed","2026-07-30","","AccountCreationStateTest[jvm]","com.georgeci.moneysurfer.feature.account.creation.AccountCreationStateTest",""
"","1","sections are declared as contiguous blocks[jvm]","","2026-07-30","passed","2026-07-30","","NavigationShellTest[jvm]","com.georgeci.moneysurfer.navigation.NavigationShellTest",""
"","9","duplicate and blank tags are dropped before they reach the column[jvm]","","2026-07-30","passed","2026-07-30","","TransactionDetailFieldsIntegrationIT[jvm]","com.georgeci.moneysurfer.integration.repository.TransactionDetailFieldsIntegrationIT",""
"","28","a category that a refresh cannot find leaves the form's own category selected[jvm]","","2026-07-30","passed","2026-07-30","","TransactionCreationFormTest[jvm]","com.georgeci.moneysurfer.feature.transaction.creation.TransactionCreationFormTest",""
"","699","every spent-by-category variant draws its rows rather than any of them measuring to nothing[jvm]","","2026-07-30","passed","2026-07-30","","DashboardScreenStateTest[jvm]","com.georgeci.moneysurfer.ui.DashboardScreenStateTest",""
"","24","tapping Custom a second time hands the window back to the pager[jvm]","","2026-07-30","passed","2026-07-30","","TransactionFiltersViewModelTest[jvm]","com.georgeci.moneysurfer.feature.transaction.filters.TransactionFiltersViewModelTest",""
"","7","snapshot before hydrate throws in debug builds[jvm]","","2026-07-30","passed","2026-07-30","","LayeredConfigSpec[jvm]","com.georgeci.moneysurfer.appconfig.LayeredConfigSpec",""
"","8","the headline carries the remainder, the per-day pace and the days left[jvm]","","2026-07-30","passed","2026-07-30","","SafeToSpendTest[jvm]","com.georgeci.moneysurfer.domain.model.SafeToSpendTest",""
"","1","a leaf category reports no subcategories[jvm]","","2026-07-30","passed","2026-07-30","","CategorySpendHistoryTest[jvm]","com.georgeci.moneysurfer.domain.model.CategorySpendHistoryTest",""
"","27","day headers are relative for today and yesterday and exact otherwise[jvm]","","2026-07-30","passed","2026-07-30","","TransactionsByAccountPeriodTest[jvm]","com.georgeci.moneysurfer.feature.transaction.list.TransactionsByAccountPeriodTest",""
"","71","the budgets widget lists the budgets nearest their limit first, capped at three[jvm]","","2026-07-30","passed","2026-07-30","","DashboardBudgetsViewModelTest[jvm]","com.georgeci.moneysurfer.feature.dashboard.DashboardBudgetsViewModelTest",""
"","11","a member with no joinable invite is pushed without one[jvm]","","2026-07-30","passed","2026-07-30","","WorkspaceTreeSyncPluginIT[jvm]","com.georgeci.moneysurfer.integration.plugin.WorkspaceTreeSyncPluginIT",""
"","26","editing an account that is gone reports a failure and stays on the screen[jvm]","","2026-07-30","passed","2026-07-30","","AccountCreationViewModelTest[jvm]","com.georgeci.moneysurfer.feature.account.creation.AccountCreationViewModelTest",""
"","3","rejects when last OWNER tries to leave[jvm]","","2026-07-30","passed","2026-07-30","","LeaveWorkspaceUseCaseTest[jvm]","com.georgeci.moneysurfer.domain.usecase.LeaveWorkspaceUseCaseTest",""
"","1","equals and hashCode treat identical fields as equal[jvm]","","2026-07-30","passed","2026-07-30","","PendingMutationSpec[jvm]","com.georgeci.moneysurfer.sync.repository.PendingMutationSpec",""
"","0","an error with a throwable is recorded as a non-fatal[jvm]","","2026-07-30","passed","2026-07-30","","CrashReportingLogWriterTest[jvm]","com.georgeci.moneysurfer.domain.telemetry.CrashReportingLogWriterTest",""
"","16","a first-time sign-in sends the selector on with nothing to warn about[jvm]","","2026-07-30","passed","2026-07-30","","SignInViewModelTest[jvm]","com.georgeci.moneysurfer.feature.login.SignInViewModelTest",""
"","4","popping the last entry leaves the stack empty rather than failing[jvm]","","2026-07-30","passed","2026-07-30","","AppNavigatorTest[jvm]","com.georgeci.moneysurfer.navigation.AppNavigatorTest",""
"","48","an evicted (REMOVED) member can no longer read","","2026-07-30","passed","2026-07-30","","member-gated entities (accounts)","member-gated entities (accounts) an evicted (REMOVED) member can no longer read",""
"","14","opens on the month containing today[jvm]","","2026-07-30","passed","2026-07-30","","TransactionsByAccountPeriodTest[jvm]","com.georgeci.moneysurfer.feature.transaction.list.TransactionsByAccountPeriodTest",""
"","58","a workspace row the device has not pulled yet emits nothing rather than a wrong total[jvm]","","2026-07-30","passed","2026-07-30","","GenerateInsightsUseCaseTest[jvm]","com.georgeci.moneysurfer.domain.usecase.GenerateInsightsUseCaseTest",""
"","18","restoring a row that was never deleted pushes nothing[jvm]","","2026-07-30","passed","2026-07-30","","TransactionTombstoneSyncIntegrationIT[jvm]","com.georgeci.moneysurfer.integration.sync.TransactionTombstoneSyncIntegrationIT",""
"","18","index follows the content table on update, and search drops soft-deleted rows[jvm]","","2026-07-30","passed","2026-07-30","","TransactionFtsIntegrationIT[jvm]","com.georgeci.moneysurfer.integration.repository.TransactionFtsIntegrationIT",""
"","7","rejects when invite email does not match the current user[jvm]","","2026-07-30","passed","2026-07-30","","AcceptInviteUseCaseTest[jvm]","com.georgeci.moneysurfer.domain.usecase.AcceptInviteUseCaseTest",""
"","0","iso=2026-05-05[jvm]","","2026-07-30","passed","2026-07-30","","TimeFormatterTest[jvm]","com.georgeci.moneysurfer.data.repository.TimeFormatterTest",""
"","1","a workspace doc written by an older client still maps, defaults and all[jvm]","","2026-07-30","passed","2026-07-30","","WorkspaceScopedDtoMapperSpec[jvm]","com.georgeci.moneysurfer.data.sync.WorkspaceScopedDtoMapperSpec",""
"","18","a month with no spend behind it is no baseline, so no delta is claimed[jvm]","","2026-07-30","passed","2026-07-30","","GetSpentMonthUseCaseTest[jvm]","com.georgeci.moneysurfer.domain.usecase.GetSpentMonthUseCaseTest",""
"","1","a legacy note starting with a literal apostrophe decodes unchanged[jvm]","","2026-07-30","passed","2026-07-30","","TransactionCsvCodecTest[jvm]","com.georgeci.moneysurfer.domain.csv.TransactionCsvCodecTest",""
"","15","spending more than last month reads as up, by a magnitude[jvm]","","2026-07-30","passed","2026-07-30","","GetSpentMonthUseCaseTest[jvm]","com.georgeci.moneysurfer.domain.usecase.GetSpentMonthUseCaseTest",""
"","0","summary separates income and expense and calculates a positive net[jvm]","","2026-07-30","passed","2026-07-30","","TransactionsListMappingTest[jvm]","com.georgeci.moneysurfer.feature.transaction.list.TransactionsListMappingTest",""
"","31","a member push stamps the invite that admits them[jvm]","","2026-07-30","passed","2026-07-30","","WorkspaceTreeSyncPluginIT[jvm]","com.georgeci.moneysurfer.integration.plugin.WorkspaceTreeSyncPluginIT",""
"","6","sums income / expense / opening_balance for the account[jvm]","","2026-07-30","passed","2026-07-30","","RecalculateAccountBalanceUseCaseTest[jvm]","com.georgeci.moneysurfer.domain.usecase.RecalculateAccountBalanceUseCaseTest",""
"","2","SimpleCancelToken cancel is idempotent[jvm]","","2026-07-30","passed","2026-07-30","","SyncCancelTokenSpec[jvm]","com.georgeci.moneysurfer.sync.api.SyncCancelTokenSpec",""
"","13","hydrate serves mirrored values without any fetch[jvm]","","2026-07-30","passed","2026-07-30","","RemoteGlobalConfigSourceImplSpec[jvm]","com.georgeci.moneysurfer.appconfig.remote.RemoteGlobalConfigSourceImplSpec",""
"","10","a multi-category budget takes the control read-only and names the budget[jvm]","","2026-07-30","passed","2026-07-30","","CategoryCreationViewModelTest[jvm]","com.georgeci.moneysurfer.feature.category.creation.CategoryCreationViewModelTest",""
"","1","the offline build carries its flag onto the form[jvm]","","2026-07-30","passed","2026-07-30","","WorkspaceCreationViewModelTest[jvm]","com.georgeci.moneysurfer.feature.workspace.creation.WorkspaceCreationViewModelTest",""
"","1","null message returns null[jvm]","","2026-07-30","passed","2026-07-30","","AuthErrorClassificationTest[jvm]","com.georgeci.moneysurfer.data.repository.AuthErrorClassificationTest",""
"","18","list/scan is denied — prevents email enumeration","","2026-07-30","passed","2026-07-30","","userEmails/{email}","userEmails/{email} list/scan is denied — prevents email enumeration",""
"","272","email error renders under the email field, not as the shared error text[jvm]","","2026-07-30","passed","2026-07-30","","SignInScreenStateTest[jvm]","com.georgeci.moneysurfer.ui.SignInScreenStateTest",""
"","2","ProjectionSummary copy preserves equality semantics[jvm]","","2026-07-30","passed","2026-07-30","","ProjectionSpec[jvm]","com.georgeci.moneysurfer.sync.projection.ProjectionSpec",""
"","28","a newer remote edit clears the local tombstone[jvm]","","2026-07-30","passed","2026-07-30","","TransactionSyncPluginIT[jvm]","com.georgeci.moneysurfer.integration.plugin.TransactionSyncPluginIT",""
"","12","enabledItems keeps order and drops the switched-off widgets[jvm]","","2026-07-30","passed","2026-07-30","","DashboardLayoutConfigTest[jvm]","com.georgeci.moneysurfer.domain.dashboard.DashboardLayoutConfigTest",""
"","29","a PLANNED row is not spend that happened[jvm]","","2026-07-30","passed","2026-07-30","","SpendAnalyticsRepositoryImplJvmTest[jvm]","com.georgeci.moneysurfer.data.repository.SpendAnalyticsRepositoryImplJvmTest",""
"","5","reads the outbox with the default batch limit[jvm]","","2026-07-30","passed","2026-07-30","","UploadPendingChangesUseCaseImplSpec[jvm]","com.georgeci.moneysurfer.data.sync.UploadPendingChangesUseCaseImplSpec",""
"","44","selection and sheet actions publish their corresponding effects[jvm]","","2026-07-30","passed","2026-07-30","","AccountChooserViewModelTest[jvm]","com.georgeci.moneysurfer.feature.account.picker.AccountChooserViewModelTest",""
"","12","publishes accounts and keeps the selected id[jvm]","","2026-07-30","passed","2026-07-30","","AccountChooserViewModelTest[jvm]","com.georgeci.moneysurfer.feature.account.picker.AccountChooserViewModelTest",""
"","116","create workspace persists local rows and enqueues one outbox mutation per row[jvm]","","2026-07-30","passed","2026-07-30","","WorkspaceCreationSyncIntegrationIT[jvm]","com.georgeci.moneysurfer.integration.sync.WorkspaceCreationSyncIntegrationIT",""
"","21","accepts a negative contribution amount (a withdrawal)","","2026-07-30","passed","2026-07-30","","savings goals (issue #244)","savings goals (issue #244) accepts a negative contribution amount (a withdrawal)",""
"","123","a transfer swaps the category grid for two account slots[jvm]","","2026-07-30","passed","2026-07-30","","TransactionCreationScreenStateTest[jvm]","com.georgeci.moneysurfer.ui.TransactionCreationScreenStateTest",""
"","8","a failed write leaves the held value in place rather than dropping to the default[jvm]","","2026-07-30","passed","2026-07-30","","LayeredConfigSpec[jvm]","com.georgeci.moneysurfer.appconfig.LayeredConfigSpec",""
"","35","a split leg whose siblings never arrived renders as an ordinary transaction[jvm]","","2026-07-30","passed","2026-07-30","","TransactionDetailsViewModelTest[jvm]","com.georgeci.moneysurfer.feature.transaction.details.TransactionDetailsViewModelTest",""
"","5","a re-emission resolves a previously stale selected category name[jvm]","","2026-07-30","passed","2026-07-30","","CategoryChooserViewModelTest[jvm]","com.georgeci.moneysurfer.feature.category.picker.CategoryChooserViewModelTest",""
"","11","recalc runs when downloadedCount > 0[jvm]","","2026-07-30","passed","2026-07-30","","SyncCoordinatorImplSpec[jvm]","com.georgeci.moneysurfer.sync.coordinator.SyncCoordinatorImplSpec",""
"","12","a rule tombstone drops the row[jvm]","","2026-07-30","passed","2026-07-30","","BudgetAndRecurringRuleSyncPluginIT[jvm]","com.georgeci.moneysurfer.integration.plugin.BudgetAndRecurringRuleSyncPluginIT",""
"","8","an invite with no resolved recipient maps without one[jvm]","","2026-07-30","passed","2026-07-30","","MembershipDtoMapperSpec[jvm]","com.georgeci.moneysurfer.data.sync.MembershipDtoMapperSpec",""
"","84","falls back to Missing when the category is deleted under an open screen[jvm]","","2026-07-30","passed","2026-07-30","","CategoryDetailsViewModelTest[jvm]","com.georgeci.moneysurfer.feature.category.details.CategoryDetailsViewModelTest",""
"","49","an unset environment leaves the desktop build pointed at the real project[jvm]","","2026-07-30","passed","2026-07-30","","FirebaseConfigImplJvmTest[jvm]","com.georgeci.moneysurfer.data.remote.FirebaseConfigImplJvmTest",""
"","16","a pulled rule is inserted with its schedule[jvm]","","2026-07-30","passed","2026-07-30","","BudgetAndRecurringRuleSyncPluginIT[jvm]","com.georgeci.moneysurfer.integration.plugin.BudgetAndRecurringRuleSyncPluginIT",""
"","108","an inline panel beside the two panes adds no chrome of its own[jvm]","","2026-07-30","passed","2026-07-30","","SurferPaneChromeTest[jvm]","com.georgeci.moneysurfer.ui.SurferPaneChromeTest",""
"","19","a user can list their whole settings collection","","2026-07-30","passed","2026-07-30","","users/{uid}/config/{key}","users/{uid}/config/{key} a user can list their whole settings collection",""
"","4","a widget at the default span writes no span field, and a narrower one writes both trailing fields[jvm]","","2026-07-30","passed","2026-07-30","","DashboardLayoutCodecTest[jvm]","com.georgeci.moneysurfer.data.preferences.DashboardLayoutCodecTest",""
"","1","ignores licenses the export does not describe[jvm]","","2026-07-30","passed","2026-07-30","","ParseOssLibrariesTest[jvm]","com.georgeci.moneysurfer.feature.settings.about.licenses.ParseOssLibrariesTest",""
"","1","monthly cap is shown for expenses but hidden for income[jvm]","","2026-07-30","passed","2026-07-30","","CategoryCreationStateTest[jvm]","com.georgeci.moneysurfer.feature.category.creation.CategoryCreationStateTest",""
"","3","moving reorders only the enabled widgets and leaves the switched-off ones behind them[jvm]","","2026-07-30","passed","2026-07-30","","DashboardLayoutConfigTest[jvm]","com.georgeci.moneysurfer.domain.dashboard.DashboardLayoutConfigTest",""
"","1","defuses FTS operators by wildcarding them[jvm]","","2026-07-30","passed","2026-07-30","","FtsQueryTest[jvm]","com.georgeci.moneysurfer.data.db.FtsQueryTest",""
"","1","a pinned filter type wins over the selected category type[jvm]","","2026-07-30","passed","2026-07-30","","CategoryPickerRowsTest[jvm]","com.georgeci.moneysurfer.feature.category.picker.CategoryPickerRowsTest",""
"","58","rejects a poison update of an existing category (hue as string)","","2026-07-30","passed","2026-07-30","","entity write-shape validation (issue #156)","entity write-shape validation (issue #156) rejects a poison update of an existing category (hue as string)",""
"","27","a value the codec rejects stays visible as undecodable rather than being dropped[jvm]","","2026-07-30","passed","2026-07-30","","RemoteGlobalConfigSourceImplSpec[jvm]","com.georgeci.moneysurfer.appconfig.remote.RemoteGlobalConfigSourceImplSpec",""
"","26","a corrupt file degrades the layer instead of throwing out of hydrate or of the change flow[jvm]","","2026-07-30","passed","2026-07-30","","LocalConfigSourceImplJvmTest[jvm]","com.georgeci.moneysurfer.data.config.LocalConfigSourceImplJvmTest",""
"","1","negating Long.MIN_VALUE throws instead of wrapping back to itself[jvm]","","2026-07-30","passed","2026-07-30","","MoneyTest[jvm]","com.georgeci.moneysurfer.domain.primitives.MoneyTest",""
"","370","the near-limit alert renders one percent sign per percentage, not two[jvm]","","2026-07-30","passed","2026-07-30","","PercentFormattingTest[jvm]","com.georgeci.moneysurfer.ui.PercentFormattingTest",""
"","17","there is nothing to delete while a transaction is still being entered[jvm]","","2026-07-30","passed","2026-07-30","","TransactionCreationSaveGuardsTest[jvm]","com.georgeci.moneysurfer.feature.transaction.creation.TransactionCreationSaveGuardsTest",""
"","1","a hand-typed code is trimmed and upcased[jvm]","","2026-07-30","passed","2026-07-30","","CurrencyCodeCodecTest[jvm]","com.georgeci.moneysurfer.data.config.CurrencyCodeCodecTest",""
"","13","cancelled picker keeps the screen idle[jvm]","","2026-07-30","passed","2026-07-30","","CsvBackupViewModelTest[jvm]","com.georgeci.moneysurfer.feature.settings.csv.CsvBackupViewModelTest",""
"","1","SyncMeta carries cursor and timestamps[jvm]","","2026-07-30","passed","2026-07-30","","SyncMetaRepositorySpec[jvm]","com.georgeci.moneysurfer.sync.repository.SyncMetaRepositorySpec",""
"","50","an installed reporter receives logged errors[jvm]","","2026-07-30","passed","2026-07-30","","CrashReportingTest[jvm]","com.georgeci.moneysurfer.domain.telemetry.CrashReportingTest",""
"","5","handle cancel on the only running request cancels the worker job[jvm]","","2026-07-30","passed","2026-07-30","","SyncCoordinatorImplBranchSpec[jvm]","com.georgeci.moneysurfer.sync.coordinator.SyncCoordinatorImplBranchSpec",""
"","23","accepts a fully-populated, correctly-typed budget","","2026-07-30","passed","2026-07-30","","entity write-shape validation (issue #156)","entity write-shape validation (issue #156) accepts a fully-populated, correctly-typed budget",""
"","4","rollover off ignores the previous window entirely[jvm]","","2026-07-30","passed","2026-07-30","","BudgetProgressTest[jvm]","com.georgeci.moneysurfer.domain.model.BudgetProgressTest",""
"","135","the budgets widget draws a row per budget, with its status and what is left[jvm]","","2026-07-30","passed","2026-07-30","","DashboardScreenStateTest[jvm]","com.georgeci.moneysurfer.ui.DashboardScreenStateTest",""
"","290","an expense names its account, merchant, category and reference[jvm]","","2026-07-30","passed","2026-07-30","","TransactionDetailsScreenStateTest[jvm]","com.georgeci.moneysurfer.ui.TransactionDetailsScreenStateTest",""
"","19","rejects a malformed update of an existing document","","2026-07-30","passed","2026-07-30","","users/{uid}/config/{key}","users/{uid}/config/{key} rejects a malformed update of an existing document",""
"","19","deleting a goal that does not exist is a no-op[jvm]","","2026-07-30","passed","2026-07-30","","GoalRepositoryDualWriteSpec[jvm]","com.georgeci.moneysurfer.data.repository.GoalRepositoryDualWriteSpec",""
"","4","multiple selections expose counts but no misleading single name[jvm]","","2026-07-30","passed","2026-07-30","","TransactionsListMappingTest[jvm]","com.georgeci.moneysurfer.feature.transaction.list.TransactionsListMappingTest",""
"","4","under a weekly period it is the weekly cap that speaks, and the monthly one that does not[jvm]","","2026-07-30","passed","2026-07-30","","SpentByCategoryTest[jvm]","com.georgeci.moneysurfer.domain.model.SpentByCategoryTest",""
"","1","clearing a key that was never used is a no-op[jvm]","","2026-07-30","passed","2026-07-30","","NavEntryViewModelStoreHolderTest[jvm]","com.georgeci.moneysurfer.navigation.util.NavEntryViewModelStoreHolderTest",""
"","19","a transaction that is already gone leaves the screen loading rather than drawing a blank one[jvm]","","2026-07-30","passed","2026-07-30","","TransactionDetailsViewModelTest[jvm]","com.georgeci.moneysurfer.feature.transaction.details.TransactionDetailsViewModelTest",""
"","4","pushes to Firestore and updates user ref + default when Firebase uid present[jvm]","","2026-07-30","passed","2026-07-30","","CreateWorkspaceUseCaseTest[jvm]","com.georgeci.moneysurfer.domain.usecase.CreateWorkspaceUseCaseTest",""
"","1","delete unwinds impact and removes the row[jvm]","","2026-07-30","passed","2026-07-30","","ApplyTransactionChangeUseCaseTest[jvm]","com.georgeci.moneysurfer.domain.usecase.ApplyTransactionChangeUseCaseTest",""
"","6","a warning with a throwable becomes a breadcrumb and a non-fatal[jvm]","","2026-07-30","passed","2026-07-30","","CrashReportingLogWriterTest[jvm]","com.georgeci.moneysurfer.domain.telemetry.CrashReportingLogWriterTest",""
"","6","removing a line below the minimum closes the editor rather than leaving one leg[jvm]","","2026-07-30","passed","2026-07-30","","TransactionCreationSplitEditingTest[jvm]","com.georgeci.moneysurfer.feature.transaction.creation.TransactionCreationSplitEditingTest",""
"","6","every SyncScope variant currently uses null workspace filter (cross-workspace push)[jvm]","","2026-07-30","passed","2026-07-30","","PendingMutationQueueImplSpec[jvm]","com.georgeci.moneysurfer.sync.internal.repository.PendingMutationQueueImplSpec",""
"","33","user cannot delete a mapping pointing at another uid","","2026-07-30","passed","2026-07-30","","userEmails/{email}","userEmails/{email} user cannot delete a mapping pointing at another uid",""
"","44","member can create + read in categories","","2026-07-30","passed","2026-07-30","","member-gated entities (smoke for the rest)","member-gated entities (smoke for the rest) member can create + read in categories",""
"","1","the list position survives the wire, so a reorder reaches the other device[jvm]","","2026-07-30","passed","2026-07-30","","AccountDtoMapperSpec[jvm]","com.georgeci.moneysurfer.data.sync.AccountDtoMapperSpec",""
"","1","a variant carrying the separators round-trips instead of splitting the layout[jvm]","","2026-07-30","passed","2026-07-30","","DashboardLayoutCodecTest[jvm]","com.georgeci.moneysurfer.data.preferences.DashboardLayoutCodecTest",""
"","22","sender cannot touch any other field alongside invitedWorkspaceIds","","2026-07-30","passed","2026-07-30","","users/{uid} — invitedWorkspaceIds cross-user append","users/{uid} — invitedWorkspaceIds cross-user append sender cannot touch any other field alongside invitedWorkspaceIds",""
"","26","OnDeleteConfirm removes the account and shows a snackbar[jvm]","","2026-07-30","passed","2026-07-30","","AccountsManageViewModelTest[jvm]","com.georgeci.moneysurfer.feature.account.manage.AccountsManageViewModelTest",""
"","21","the net of a month is its income less its expense[jvm]","","2026-07-30","passed","2026-07-30","","SpendAnalyticsRepositoryImplJvmTest[jvm]","com.georgeci.moneysurfer.data.repository.SpendAnalyticsRepositoryImplJvmTest",""
"","5","happy path: editor can leave[jvm]","","2026-07-30","passed","2026-07-30","","LeaveWorkspaceUseCaseTest[jvm]","com.georgeci.moneysurfer.domain.usecase.LeaveWorkspaceUseCaseTest",""
"","1","warnings come before wins, and both before the neutral facts[jvm]","","2026-07-30","passed","2026-07-30","","InsightRulesTest[jvm]","com.georgeci.moneysurfer.domain.insight.InsightRulesTest",""
"","6","a hand-edited tag cell is re-normalised on the way in[jvm]","","2026-07-30","passed","2026-07-30","","TransactionCsvCodecTest[jvm]","com.georgeci.moneysurfer.domain.csv.TransactionCsvCodecTest",""
"","6","empty invalid zero and negative caps mean no category cap[jvm]","","2026-07-30","passed","2026-07-30","","CategoryCreationStateTest[jvm]","com.georgeci.moneysurfer.feature.category.creation.CategoryCreationStateTest",""
"","3","TransactionsByAccount[jvm]","","2026-07-30","passed","2026-07-30","","RouteSerializationTest[jvm]","com.georgeci.moneysurfer.navigation.RouteSerializationTest",""
"","279","deleting from edit mode removes the row, refunds the balance and offers undo[jvm]","","2026-07-30","passed","2026-07-30","","TransactionCreationEditTest[jvm]","com.georgeci.moneysurfer.feature.transaction.creation.TransactionCreationEditTest",""
"","4","Generic exception maps to Unknown[jvm]","","2026-07-30","passed","2026-07-30","","SyncErrorClassifierSpec[jvm]","com.georgeci.moneysurfer.data.sync.SyncErrorClassifierSpec",""
"","19","forceUpdate cuts off a build that is otherwise current[jvm]","","2026-07-30","passed","2026-07-30","","AppVersionGateImplTest[jvm]","com.georgeci.moneysurfer.data.repository.AppVersionGateImplTest",""
"","53","Undo restores the same row rather than an equal-looking new one[jvm]","","2026-07-30","passed","2026-07-30","","TransactionSoftDeleteIntegrationIT[jvm]","com.georgeci.moneysurfer.integration.repository.TransactionSoftDeleteIntegrationIT",""
"","0","SettingsDebugLog[jvm]","","2026-07-30","passed","2026-07-30","","RouteSerializationTest[jvm]","com.georgeci.moneysurfer.navigation.RouteSerializationTest",""
"","3883","every widget renders a sample of itself in both size tiles[jvm]","","2026-07-30","passed","2026-07-30","","DashboardCustomizeScreenStateTest[jvm]","com.georgeci.moneysurfer.ui.DashboardCustomizeScreenStateTest",""
"","79","failed apply leaves the cursor untouched so the batch is retried on the next sync[jvm]","","2026-07-30","passed","2026-07-30","","NewWorkspacePullIntegrationIT[jvm]","com.georgeci.moneysurfer.integration.sync.NewWorkspacePullIntegrationIT",""
"","4","grid search trims whitespace and ignores case[jvm]","","2026-07-30","passed","2026-07-30","","CategoryPickerRowsTest[jvm]","com.georgeci.moneysurfer.feature.category.picker.CategoryPickerRowsTest",""
"","133","the list and panel panes ask for the widths the design specifies[jvm]","","2026-07-30","passed","2026-07-30","","SurferPaneSceneStrategyTest[jvm]","com.georgeci.moneysurfer.navigation.SurferPaneSceneStrategyTest",""
"","58","an evicted (REMOVED) member CANNOT self-resurrect to ACTIVE","","2026-07-30","passed","2026-07-30","","workspaces/{wid}/members/{uid}","workspaces/{wid}/members/{uid} an evicted (REMOVED) member CANNOT self-resurrect to ACTIVE",""
"","13","wipes Room and clears flag when hasUsedDemo is true[jvm]","","2026-07-30","passed","2026-07-30","","WipeDemoDataUseCaseSpec[jvm]","com.georgeci.moneysurfer.domain.usecase.WipeDemoDataUseCaseSpec",""
"","48","a fall maps to the saving sentence rather than the same one with a sign[jvm]","","2026-07-30","passed","2026-07-30","","DashboardInsightsViewModelTest[jvm]","com.georgeci.moneysurfer.feature.dashboard.DashboardInsightsViewModelTest",""
"","22","accepts a transaction carrying a splitId","","2026-07-30","passed","2026-07-30","","entity write-shape validation (issue #156)","entity write-shape validation (issue #156) accepts a transaction carrying a splitId",""
"","5","skip neither writes nor reports the remote value as applied[jvm]","","2026-07-30","passed","2026-07-30","","ApplyResolutionSpec[jvm]","com.georgeci.moneysurfer.data.sync.plugin.ApplyResolutionSpec",""
"","30","reorder syncs only the accounts that actually moved[jvm]","","2026-07-30","passed","2026-07-30","","AccountSortOrderIntegrationIT[jvm]","com.georgeci.moneysurfer.integration.repository.AccountSortOrderIntegrationIT",""
"","3","SettingsDebugConfig[jvm]","","2026-07-30","passed","2026-07-30","","RouteSerializationTest[jvm]","com.georgeci.moneysurfer.navigation.RouteSerializationTest",""
"","7","the trailing line holds the remainder and the ones above it hold what was typed[jvm]","","2026-07-30","passed","2026-07-30","","TransactionCreationSplitEditingTest[jvm]","com.georgeci.moneysurfer.feature.transaction.creation.TransactionCreationSplitEditingTest",""
"","5","toggling swaps the mode and drops the error the other mode produced[jvm]","","2026-07-30","passed","2026-07-30","","SignInViewModelTest[jvm]","com.georgeci.moneysurfer.feature.login.SignInViewModelTest",""
"","61","a card carries the spend of the current window, transfers excluded[jvm]","","2026-07-30","passed","2026-07-30","","BudgetsViewModelTest[jvm]","com.georgeci.moneysurfer.feature.budget.list.BudgetsViewModelTest",""
"","1","a first period has nothing to compare against[jvm]","","2026-07-30","passed","2026-07-30","","InsightRulesTest[jvm]","com.georgeci.moneysurfer.domain.insight.InsightRulesTest",""
"","159","the categories section counts what is ticked against what there is[jvm]","","2026-07-30","passed","2026-07-30","","TransactionFiltersScreenStateTest[jvm]","com.georgeci.moneysurfer.ui.TransactionFiltersScreenStateTest",""
"","0","a zero cap reads as no progress rather than a divide by zero[jvm]","","2026-07-30","passed","2026-07-30","","SpentByCategoryTest[jvm]","com.georgeci.moneysurfer.domain.model.SpentByCategoryTest",""
"","22","user can write their own email mapping","","2026-07-30","passed","2026-07-30","","userEmails/{email}","userEmails/{email} user can write their own email mapping",""
"","12","the remote-owned fields come back empty rather than stale[jvm]","","2026-07-30","passed","2026-07-30","","UserRepositoryImplJvmTest[jvm]","com.georgeci.moneysurfer.data.repository.UserRepositoryImplJvmTest",""
"","104","a build without transfers draws no Transfer segment[jvm]","","2026-07-30","passed","2026-07-30","","TransactionCreationScreenStateTest[jvm]","com.georgeci.moneysurfer.ui.TransactionCreationScreenStateTest",""
"","60","the recent list is capped at five rows[jvm]","","2026-07-30","passed","2026-07-30","","DashboardViewModelTest[jvm]","com.georgeci.moneysurfer.feature.dashboard.DashboardViewModelTest",""
"","0","'42,123' (comma with three cents)[jvm]","","2026-07-30","passed","2026-07-30","","AmountInputTransformationTest[jvm]","com.georgeci.moneysurfer.utils.AmountInputTransformationTest",""
"","54","asks the repository for the budget's current window, closed at its last day[jvm]","","2026-07-30","passed","2026-07-30","","GetBudgetTransactionsUseCaseTest[jvm]","com.georgeci.moneysurfer.domain.usecase.GetBudgetTransactionsUseCaseTest",""
"","1","cancel invokes the supplied cancelAction once[jvm]","","2026-07-30","passed","2026-07-30","","SyncHandleImplSpec[jvm]","com.georgeci.moneysurfer.sync.coordinator.SyncHandleImplSpec",""
"","43","both legs of a transfer contribute zero, category or not[jvm]","","2026-07-30","passed","2026-07-30","","SpendAnalyticsRepositoryImplJvmTest[jvm]","com.georgeci.moneysurfer.data.repository.SpendAnalyticsRepositoryImplJvmTest",""
"","7","release builds mute everything below Warn[jvm]","","2026-07-30","passed","2026-07-30","","LoggingConfigTest[jvm]","com.georgeci.moneysurfer.domain.logging.LoggingConfigTest",""
"","47","uuid generates unique values[jvm]","","2026-07-30","passed","2026-07-30","","SyncRequestIdSpec[jvm]","com.georgeci.moneysurfer.sync.api.SyncRequestIdSpec",""
"","1","the first days of a month are too small a sample to compare[jvm]","","2026-07-30","passed","2026-07-30","","InsightRulesTest[jvm]","com.georgeci.moneysurfer.domain.insight.InsightRulesTest",""
"","7","switching a widget off keeps its card style and parks it after the enabled ones[jvm]","","2026-07-30","passed","2026-07-30","","DashboardLayoutConfigTest[jvm]","com.georgeci.moneysurfer.domain.dashboard.DashboardLayoutConfigTest",""
"","0","'abc' (letters)[jvm]","","2026-07-30","passed","2026-07-30","","AmountInputTransformationTest[jvm]","com.georgeci.moneysurfer.utils.AmountInputTransformationTest",""
"","16","clearing a pointer reads back as null, not as an empty id[jvm]","","2026-07-30","passed","2026-07-30","","SessionPointersImplJvmTest[jvm]","com.georgeci.moneysurfer.data.preferences.SessionPointersImplJvmTest",""
"","25","the dashboard opens on Month[jvm]","","2026-07-30","passed","2026-07-30","","DashboardPeriodTest[jvm]","com.georgeci.moneysurfer.domain.dashboard.DashboardPeriodTest",""
"","95","an offline user with a workspace but no accounts resumes first-run account creation[jvm]","","2026-07-30","passed","2026-07-30","","AppLaunchViewModelTest[jvm]","com.georgeci.moneysurfer.navigation.AppLaunchViewModelTest",""
"","1","mergeScope UploadOnly with UploadOnly stays UploadOnly[jvm]","","2026-07-30","passed","2026-07-30","","SyncScopeSpec[jvm]","com.georgeci.moneysurfer.sync.api.SyncScopeSpec",""
"","0","eligibleParents excludes the other type and system categories[jvm]","","2026-07-30","passed","2026-07-30","","CategoryTreeTest[jvm]","com.georgeci.moneysurfer.domain.model.CategoryTreeTest",""
"","84","the goals widget shows two rows at most[jvm]","","2026-07-30","passed","2026-07-30","","DashboardViewModelTest[jvm]","com.georgeci.moneysurfer.feature.dashboard.DashboardViewModelTest",""
"","407","password error renders under the password field[jvm]","","2026-07-30","passed","2026-07-30","","SignInScreenStateTest[jvm]","com.georgeci.moneysurfer.ui.SignInScreenStateTest",""
"","249","splits budgets into active and archived[jvm]","","2026-07-30","passed","2026-07-30","","BudgetsViewModelTest[jvm]","com.georgeci.moneysurfer.feature.budget.list.BudgetsViewModelTest",""
"","3","every row of the default grid is filled exactly, leaving no gap to pack around[jvm]","","2026-07-30","passed","2026-07-30","","DashboardLayoutConfigTest[jvm]","com.georgeci.moneysurfer.domain.dashboard.DashboardLayoutConfigTest",""
"","30","a workspace the device has not pulled yet has no currency to name the numbers in[jvm]","","2026-07-30","passed","2026-07-30","","GetBurnRateUseCaseTest[jvm]","com.georgeci.moneysurfer.domain.usecase.GetBurnRateUseCaseTest",""
"","30","uuid generates non-empty value[jvm]","","2026-07-30","passed","2026-07-30","","SyncRequestIdSpec[jvm]","com.georgeci.moneysurfer.sync.api.SyncRequestIdSpec",""
"","4","Started title[jvm]","","2026-07-30","passed","2026-07-30","","SyncStepSpec[jvm]","com.georgeci.moneysurfer.sync.api.SyncStepSpec",""
"","25","a network failure aborts the pull instead of passing as a stale ref[jvm]","","2026-07-30","passed","2026-07-30","","PullRemoteChangesUseCaseImplSpec[jvm]","com.georgeci.moneysurfer.data.sync.PullRemoteChangesUseCaseImplSpec",""
"","31","there is nowhere to page in all-time mode, so the anchor stays put[jvm]","","2026-07-30","passed","2026-07-30","","TransactionsByAccountNavigationTest[jvm]","com.georgeci.moneysurfer.feature.transaction.list.TransactionsByAccountNavigationTest",""
"","5","pending respects limit[jvm]","","2026-07-30","passed","2026-07-30","","PendingMutationQueueImplSpec[jvm]","com.georgeci.moneysurfer.data.sync.PendingMutationQueueImplSpec",""
"","14","a debug override still outranks the overlay[jvm]","","2026-07-30","passed","2026-07-30","","LayeredConfigSpec[jvm]","com.georgeci.moneysurfer.appconfig.LayeredConfigSpec",""
"","1201","adding money records a positive contribution[jvm]","","2026-07-30","passed","2026-07-30","","GoalContributionViewModelTest[jvm]","com.georgeci.moneysurfer.feature.goal.contribution.GoalContributionViewModelTest",""
"","14","insert with unknown workspaceId is allowed (no FK on workspace_invites.workspaceId)[jvm]","","2026-07-30","passed","2026-07-30","","WorkspaceInviteRepositoryIntegrationIT[jvm]","com.georgeci.moneysurfer.integration.repository.WorkspaceInviteRepositoryIntegrationIT",""
"","1","no two destinations share a route[jvm]","","2026-07-30","passed","2026-07-30","","NavigationShellTest[jvm]","com.georgeci.moneysurfer.navigation.NavigationShellTest",""
"","1","split_id is absent from every layout that predates splits[jvm]","","2026-07-30","passed","2026-07-30","","TransactionCsvCodecTest[jvm]","com.georgeci.moneysurfer.domain.csv.TransactionCsvCodecTest",""
"","9","no budgets means no number to show[jvm]","","2026-07-30","passed","2026-07-30","","SafeToSpendTest[jvm]","com.georgeci.moneysurfer.domain.model.SafeToSpendTest",""
"","19","a user can read one of their own settings","","2026-07-30","passed","2026-07-30","","users/{uid}/config/{key}","users/{uid}/config/{key} a user can read one of their own settings",""
"","0","a category the workspace no longer names still carries its spend[jvm]","","2026-07-30","passed","2026-07-30","","SpentByCategoryTest[jvm]","com.georgeci.moneysurfer.domain.model.SpentByCategoryTest",""
"","2","the card-style picker follows the host's build flag[jvm]","","2026-07-30","passed","2026-07-30","","DashboardCustomizeViewModelTest[jvm]","com.georgeci.moneysurfer.feature.dashboard.customize.DashboardCustomizeViewModelTest",""
"","12","currency symbol comes from the catalogue and otherwise falls back to its code[jvm]","","2026-07-30","passed","2026-07-30","","AccountCreationStateTest[jvm]","com.georgeci.moneysurfer.feature.account.creation.AccountCreationStateTest",""
"","1","a code the codec cannot re-decode is never produced[jvm]","","2026-07-30","passed","2026-07-30","","CurrencyCodeCodecTest[jvm]","com.georgeci.moneysurfer.data.config.CurrencyCodeCodecTest",""
"","24","a local apply failure still aborts the pull[jvm]","","2026-07-30","passed","2026-07-30","","PullRemoteChangesUseCaseImplSpec[jvm]","com.georgeci.moneysurfer.data.sync.PullRemoteChangesUseCaseImplSpec",""
"","8","nobody signed in means no history to fold[jvm]","","2026-07-30","passed","2026-07-30","","GetMonthlyNetHistoryUseCaseTest[jvm]","com.georgeci.moneysurfer.domain.usecase.GetMonthlyNetHistoryUseCaseTest",""
"","19","merchant edits follow the content table like note edits do[jvm]","","2026-07-30","passed","2026-07-30","","TransactionFtsIntegrationIT[jvm]","com.georgeci.moneysurfer.integration.repository.TransactionFtsIntegrationIT",""
"","14","writes workspace, member, default categories and pins it as current (no Firebase session)[jvm]","","2026-07-30","passed","2026-07-30","","CreateWorkspaceUseCaseTest[jvm]","com.georgeci.moneysurfer.domain.usecase.CreateWorkspaceUseCaseTest",""
"","24","deleting a parent category moves its children to the root, and undo re-attaches them[jvm]","","2026-07-30","passed","2026-07-30","","DeleteUndoIntegrationIT[jvm]","com.georgeci.moneysurfer.integration.repository.DeleteUndoIntegrationIT",""
"","23","transaction stores its own currencyCode independent of the account's currency[jvm]","","2026-07-30","passed","2026-07-30","","TransactionCreationIntegrationIT[jvm]","com.georgeci.moneysurfer.integration.repository.TransactionCreationIntegrationIT",""
"","41","a failing signOut still leaves the pointers cleared[jvm]","","2026-07-30","passed","2026-07-30","","AuthSessionRollbackTest[jvm]","com.georgeci.moneysurfer.domain.usecase.AuthSessionRollbackTest",""
"","5","a layer that failed to load is carried into state so the panel can say so[jvm]","","2026-07-30","passed","2026-07-30","","DebugConfigViewModelTest[jvm]","com.georgeci.moneysurfer.feature.settings.debug.DebugConfigViewModelTest",""
"","7","each style writes itself out the way the Preferences pill shows it[jvm]","","2026-07-30","passed","2026-07-30","","NumberFormatStyleTest[jvm]","com.georgeci.moneysurfer.domain.preferences.NumberFormatStyleTest",""
"","20","clearing the overlay at session start stops it shadowing the next user's pull[jvm]","","2026-07-30","passed","2026-07-30","","LayeredConfigSpec[jvm]","com.georgeci.moneysurfer.appconfig.LayeredConfigSpec",""
"","5","drops BOM artifacts even when they are the only ones of their group[jvm]","","2026-07-30","passed","2026-07-30","","ParseOssLibrariesTest[jvm]","com.georgeci.moneysurfer.feature.settings.about.licenses.ParseOssLibrariesTest",""
"","1","a parent that matches on its own name survives a search that no child matches[jvm]","","2026-07-30","passed","2026-07-30","","CategoryChooserViewModelTest[jvm]","com.georgeci.moneysurfer.feature.category.picker.CategoryChooserViewModelTest",""
"","2","creating a goal in an unknown workspace is rejected[jvm]","","2026-07-30","passed","2026-07-30","","SavingsGoalUseCaseTest[jvm]","com.georgeci.moneysurfer.domain.usecase.SavingsGoalUseCaseTest",""
"","2","a list pushed on top of a detail leaves that detail its back affordance[jvm]","","2026-07-30","passed","2026-07-30","","SurferPaneSceneStrategyTest[jvm]","com.georgeci.moneysurfer.navigation.SurferPaneSceneStrategyTest",""
"","2","a category budget covers a slice of the spend, so it never judges the whole month[jvm]","","2026-07-30","passed","2026-07-30","","BurnRateTest[jvm]","com.georgeci.moneysurfer.domain.model.BurnRateTest",""
"","1","existing user with empty workspaceIds returns null default and leaves pointer untouched[jvm]","","2026-07-30","passed","2026-07-30","","PostAuthBootstrapUseCaseTest[jvm]","com.georgeci.moneysurfer.domain.usecase.PostAuthBootstrapUseCaseTest",""
"","22","a raw value the codec rejects is kept verbatim so the panel can show it[jvm]","","2026-07-30","passed","2026-07-30","","DebugConfigSourceImplJvmTest[jvm]","com.georgeci.moneysurfer.data.config.DebugConfigSourceImplJvmTest",""
"","8","the identity band signs an expense and an income, and leaves a transfer leg unsigned[jvm]","","2026-07-30","passed","2026-07-30","","TransactionCreationMappingTest[jvm]","com.georgeci.moneysurfer.feature.transaction.creation.TransactionCreationMappingTest",""
"","22","upsert applies status transition and respondedAt without losing snapshot fields[jvm]","","2026-07-30","passed","2026-07-30","","WorkspaceInviteRepositoryIntegrationIT[jvm]","com.georgeci.moneysurfer.integration.repository.WorkspaceInviteRepositoryIntegrationIT",""
"","46","AllUserData pulls every workspace the remote lists for the user[jvm]","","2026-07-30","passed","2026-07-30","","PullRemoteChangesUseCaseImplSpec[jvm]","com.georgeci.moneysurfer.data.sync.PullRemoteChangesUseCaseImplSpec",""
"","160","the index the list query relies on is created with the column[jvm]","","2026-07-30","passed","2026-07-30","","TransactionSplitIdMigrationIT[jvm]","com.georgeci.moneysurfer.integration.repository.TransactionSplitIdMigrationIT",""
"","89","filters that matched nothing name the filters rather than the search[jvm]","","2026-07-30","passed","2026-07-30","","TransactionsListScreenStateTest[jvm]","com.georgeci.moneysurfer.ui.TransactionsListScreenStateTest",""
"","2","valid ISO -> LocalDate[jvm]","","2026-07-30","passed","2026-07-30","","TimeFormatterTest[jvm]","com.georgeci.moneysurfer.data.repository.TimeFormatterTest",""
"","12","an unservable name is still rejected on every refresh, not only the first[jvm]","","2026-07-30","passed","2026-07-30","","RemoteGlobalConfigSourceImplSpec[jvm]","com.georgeci.moneysurfer.appconfig.remote.RemoteGlobalConfigSourceImplSpec",""
"","4","Legal[jvm]","","2026-07-30","passed","2026-07-30","","RouteSerializationTest[jvm]","com.georgeci.moneysurfer.navigation.RouteSerializationTest",""
"","1","the badge counts filters, not the search text[jvm]","","2026-07-30","passed","2026-07-30","","TransactionFilterMatchingTest[jvm]","com.georgeci.moneysurfer.feature.transaction.filter.TransactionFilterMatchingTest",""
"","441","a truncated blob fails the MAC[jvm]","","2026-07-30","passed","2026-07-30","","EncryptedBackupCodecTest[jvm]","com.georgeci.moneysurfer.data.backup.EncryptedBackupCodecTest",""
"","0","a week that booked nothing draws a flat chart rather than dividing by zero[jvm]","","2026-07-30","passed","2026-07-30","","BurnRateTest[jvm]","com.georgeci.moneysurfer.domain.model.BurnRateTest",""
"","8","an empty store reports nothing rather than failing[jvm]","","2026-07-30","passed","2026-07-30","","PreferencesMirrorJvmTest[jvm]","com.georgeci.moneysurfer.data.config.PreferencesMirrorJvmTest",""
"","15","CancellationException maps to Cancelled[jvm]","","2026-07-30","passed","2026-07-30","","SyncErrorClassifierSpec[jvm]","com.georgeci.moneysurfer.data.sync.SyncErrorClassifierSpec",""
"","1","the monthly average divides by the whole window, not by the months with spend[jvm]","","2026-07-30","passed","2026-07-30","","CategorySpendHistoryTest[jvm]","com.georgeci.moneysurfer.domain.model.CategorySpendHistoryTest",""
"","52","OnDeleteCancel keeps the budget[jvm]","","2026-07-30","passed","2026-07-30","","BudgetsViewModelTest[jvm]","com.georgeci.moneysurfer.feature.budget.list.BudgetsViewModelTest",""
"","2","every tag in the cell is guarded on its own not just the first[jvm]","","2026-07-30","passed","2026-07-30","","TransactionCsvCodecTest[jvm]","com.georgeci.moneysurfer.domain.csv.TransactionCsvCodecTest",""
"","60","reason mapping for APP_START is Bounded(30s)[jvm]","","2026-07-30","passed","2026-07-30","","NetworkWaitModeSpec[jvm]","com.georgeci.moneysurfer.sync.network.NetworkWaitModeSpec",""
"","2","AccountDetails[jvm]","","2026-07-30","passed","2026-07-30","","RouteSerializationTest[jvm]","com.georgeci.moneysurfer.navigation.RouteSerializationTest",""
"","8","first pull starts from cursor 0 and advances the cursor to the newest doc[jvm]","","2026-07-30","passed","2026-07-30","","PullRemoteChangesUseCaseImplSpec[jvm]","com.georgeci.moneysurfer.data.sync.PullRemoteChangesUseCaseImplSpec",""
"","8","LastSyncOutcome.None is singleton[jvm]","","2026-07-30","passed","2026-07-30","","SyncStateSpec[jvm]","com.georgeci.moneysurfer.sync.api.SyncStateSpec",""
"","29","editing an account loads its extra details and saves them back[jvm]","","2026-07-30","passed","2026-07-30","","AccountCreationViewModelTest[jvm]","com.georgeci.moneysurfer.feature.account.creation.AccountCreationViewModelTest",""
"","76","a 5xx from the provider reads as no answer[jvm]","","2026-07-30","passed","2026-07-30","","HttpExchangeRateRemoteSourceJvmTest[jvm]","com.georgeci.moneysurfer.data.remote.HttpExchangeRateRemoteSourceJvmTest",""
"","1","blank enum names fall back to the repository's parse defaults[jvm]","","2026-07-30","passed","2026-07-30","","RecurringRuleDtoMapperSpec[jvm]","com.georgeci.moneysurfer.data.sync.RecurringRuleDtoMapperSpec",""
"","24","adding to a paused goal surfaces the paused error[jvm]","","2026-07-30","passed","2026-07-30","","GoalContributionViewModelTest[jvm]","com.georgeci.moneysurfer.feature.goal.contribution.GoalContributionViewModelTest",""
"","175","content stays composed underneath the error state[jvm]","","2026-07-30","passed","2026-07-30","","GlobalErrorBoundaryTest[jvm]","com.georgeci.moneysurfer.ui.GlobalErrorBoundaryTest",""
"","34","non-member cannot create","","2026-07-30","passed","2026-07-30","","member-gated entities (accounts)","member-gated entities (accounts) non-member cannot create",""
"","2","the default layout has something for the period switch to drive[jvm]","","2026-07-30","passed","2026-07-30","","DashboardLayoutConfigTest[jvm]","com.georgeci.moneysurfer.domain.dashboard.DashboardLayoutConfigTest",""
"","5","save with blank name is a no-op (Save button is wired to require a name)[jvm]","","2026-07-30","passed","2026-07-30","","AccountCreationViewModelTest[jvm]","com.georgeci.moneysurfer.feature.account.creation.AccountCreationViewModelTest",""
"","1","an all-account summary chooses the currency with the largest magnitude[jvm]","","2026-07-30","passed","2026-07-30","","TransactionsListMappingTest[jvm]","com.georgeci.moneysurfer.feature.transaction.list.TransactionsListMappingTest",""
"","28","the income toggle is reflected in the saved category type[jvm]","","2026-07-30","passed","2026-07-30","","CategoryCreationViewModelTest[jvm]","com.georgeci.moneysurfer.feature.category.creation.CategoryCreationViewModelTest",""
"","30","a refresh replaces the table rather than merging into it[jvm]","","2026-07-30","passed","2026-07-30","","ExchangeRateRepositoryImplJvmTest[jvm]","com.georgeci.moneysurfer.data.repository.ExchangeRateRepositoryImplJvmTest",""
"","42","OnAccountMoveEnd persists the order the drag built up[jvm]","","2026-07-30","passed","2026-07-30","","AccountsManageViewModelTest[jvm]","com.georgeci.moneysurfer.feature.account.manage.AccountsManageViewModelTest",""
"","22","spent sums the expenses inside the window and leaves the rest out[jvm]","","2026-07-30","passed","2026-07-30","","BudgetProgressTest[jvm]","com.georgeci.moneysurfer.domain.model.BudgetProgressTest",""
"","73","clicking a destination reports that destination[jvm]","","2026-07-30","passed","2026-07-30","","SurferNavigationDrawerTest[jvm]","com.georgeci.moneysurfer.ui.SurferNavigationDrawerTest",""
"","89","an unusable amount is flagged under the field and blocks Save[jvm]","","2026-07-30","passed","2026-07-30","","TransactionCreationScreenStateTest[jvm]","com.georgeci.moneysurfer.ui.TransactionCreationScreenStateTest",""
"","23","a row with no merchant is not a merchant[jvm]","","2026-07-30","passed","2026-07-30","","SpendAnalyticsRepositoryImplJvmTest[jvm]","com.georgeci.moneysurfer.data.repository.SpendAnalyticsRepositoryImplJvmTest",""
"","13","markPushed ignores a row that changed after the push read it[jvm]","","2026-07-30","passed","2026-07-30","","ConfigEntryDaoIntegrationIT[jvm]","com.georgeci.moneysurfer.integration.repository.ConfigEntryDaoIntegrationIT",""
"","20","a tombstone for a row this device never had creates nothing[jvm]","","2026-07-30","passed","2026-07-30","","TransactionTombstoneSyncIntegrationIT[jvm]","com.georgeci.moneysurfer.integration.sync.TransactionTombstoneSyncIntegrationIT",""
"","4","ISO week numbering matches the calendar[jvm]","","2026-07-30","passed","2026-07-30","","TransactionPeriodWindowTest[jvm]","com.georgeci.moneysurfer.domain.util.TransactionPeriodWindowTest",""
"","35","an account that a refresh cannot find leaves the slot as it was[jvm]","","2026-07-30","passed","2026-07-30","","TransactionCreationFormTest[jvm]","com.georgeci.moneysurfer.feature.transaction.creation.TransactionCreationFormTest",""
"","39","a rule is pushed to the workspace's recurringRules collection[jvm]","","2026-07-30","passed","2026-07-30","","BudgetAndRecurringRuleSyncPluginIT[jvm]","com.georgeci.moneysurfer.integration.plugin.BudgetAndRecurringRuleSyncPluginIT",""
"","1","planned → actual applies full impact[jvm]","","2026-07-30","passed","2026-07-30","","CalculateBalanceDeltaTest[jvm]","com.georgeci.moneysurfer.domain.model.CalculateBalanceDeltaTest",""
"","15","matches a whole word in the middle of a note[jvm]","","2026-07-30","passed","2026-07-30","","TransactionFtsIntegrationIT[jvm]","com.georgeci.moneysurfer.integration.repository.TransactionFtsIntegrationIT",""
"","2","negative balances convert too — an overdraft is still part of the total[jvm]","","2026-07-30","passed","2026-07-30","","ConvertAccountsTotalUseCaseTest[jvm]","com.georgeci.moneysurfer.domain.usecase.ConvertAccountsTotalUseCaseTest",""
"","1","the uncategorized bucket is a subject like any other[jvm]","","2026-07-30","passed","2026-07-30","","InsightRulesTest[jvm]","com.georgeci.moneysurfer.domain.insight.InsightRulesTest",""
"","3","take local neither writes nor reports the remote value as applied[jvm]","","2026-07-30","passed","2026-07-30","","ApplyResolutionSpec[jvm]","com.georgeci.moneysurfer.data.sync.plugin.ApplyResolutionSpec",""
"","4","CategoryChooser[jvm]","","2026-07-30","passed","2026-07-30","","RouteSerializationTest[jvm]","com.georgeci.moneysurfer.navigation.RouteSerializationTest",""
"","5","a selection whose category was deleted is dropped rather than saved as a dangling id[jvm]","","2026-07-30","passed","2026-07-30","","BudgetEditViewModelTest[jvm]","com.georgeci.moneysurfer.feature.budget.edit.BudgetEditViewModelTest",""
"","17","pending honours the limit[jvm]","","2026-07-30","passed","2026-07-30","","PendingMutationQueueImplSpec[jvm]","com.georgeci.moneysurfer.sync.internal.repository.PendingMutationQueueImplSpec",""
"","23","editing saves the changed icon, colour and parent back onto the existing category[jvm]","","2026-07-30","passed","2026-07-30","","CategoryCreationViewModelTest[jvm]","com.georgeci.moneysurfer.feature.category.creation.CategoryCreationViewModelTest",""
"","7","markSuccess only updates the success column[jvm]","","2026-07-30","passed","2026-07-30","","SyncMetaRepositoryImplSpec[jvm]","com.georgeci.moneysurfer.sync.internal.repository.SyncMetaRepositoryImplSpec",""
"","428","installing twice does not stack uid collectors[jvm]","","2026-07-30","passed","2026-07-30","","CrashReportingTest[jvm]","com.georgeci.moneysurfer.domain.telemetry.CrashReportingTest",""
"","0","'12a' (mixed letters and digits)[jvm]","","2026-07-30","passed","2026-07-30","","AmountInputTransformationTest[jvm]","com.georgeci.moneysurfer.utils.AmountInputTransformationTest",""
"","12","update applies the edit to the stored row and leaves the rest alone[jvm]","","2026-07-30","passed","2026-07-30","","AccountWriteUseCasesTest[jvm]","com.georgeci.moneysurfer.domain.usecase.AccountWriteUseCasesTest",""
"","14","unauthenticated user is denied","","2026-07-30","passed","2026-07-30","","users/{uid}","users/{uid} unauthenticated user is denied",""
"","5","build returns zeros by default[jvm]","","2026-07-30","passed","2026-07-30","","SyncSummaryBuilderSpec[jvm]","com.georgeci.moneysurfer.sync.api.SyncSummaryBuilderSpec",""
"","2","the name counter appears exactly at its threshold[jvm]","","2026-07-30","passed","2026-07-30","","CategoryCreationStateTest[jvm]","com.georgeci.moneysurfer.feature.category.creation.CategoryCreationStateTest",""
"","129","the burn-rate card draws its pace and projection, and says so when a budget judges them[jvm]","","2026-07-30","passed","2026-07-30","","DashboardScreenStateTest[jvm]","com.georgeci.moneysurfer.ui.DashboardScreenStateTest",""
"","30","back navigates away[jvm]","","2026-07-30","passed","2026-07-30","","DebugConfigViewModelTest[jvm]","com.georgeci.moneysurfer.feature.settings.debug.DebugConfigViewModelTest",""
"","49","the burn rate formats the week's pace and the projection it implies[jvm]","","2026-07-30","passed","2026-07-30","","DashboardBurnRateViewModelTest[jvm]","com.georgeci.moneysurfer.feature.dashboard.DashboardBurnRateViewModelTest",""
"","1","a budget naming exactly this category caps it[jvm]","","2026-07-30","passed","2026-07-30","","SpentByCategoryTest[jvm]","com.georgeci.moneysurfer.domain.model.SpentByCategoryTest",""
"","17","a row whose account belongs to a different workspace is rejected[jvm]","","2026-07-30","passed","2026-07-30","","ImportTransactionsValidationTest[jvm]","com.georgeci.moneysurfer.domain.csv.ImportTransactionsValidationTest",""
"","1","arbitrary throwable maps to Unknown carrying the cause[jvm]","","2026-07-30","passed","2026-07-30","","SyncErrorClassifierSpec[jvm]","com.georgeci.moneysurfer.sync.internal.SyncErrorClassifierSpec",""
"","1","redactEmail returns a fixed marker for blank input[jvm]","","2026-07-30","passed","2026-07-30","","PiiRedactionTest[jvm]","com.georgeci.moneysurfer.domain.logging.PiiRedactionTest",""
"","49","the month's spend is formatted in the workspace base currency[jvm]","","2026-07-30","passed","2026-07-30","","DashboardSpentMonthViewModelTest[jvm]","com.georgeci.moneysurfer.feature.dashboard.DashboardSpentMonthViewModelTest",""
"","9","each account type maps to its own string resource[jvm]","","2026-07-30","passed","2026-07-30","","AccountTypeLabelTest[jvm]","com.georgeci.moneysurfer.feature.account.AccountTypeLabelTest",""
"","27","a pulled goal this device has never seen is inserted[jvm]","","2026-07-30","passed","2026-07-30","","GoalSyncPluginIT[jvm]","com.georgeci.moneysurfer.integration.plugin.GoalSyncPluginIT",""
"","61","a stored value reads back[jvm]","","2026-07-30","passed","2026-07-30","","DesktopFirebasePlatformJvmTest[jvm]","com.georgeci.moneysurfer.data.remote.DesktopFirebasePlatformJvmTest",""
"","141","drops BOM artifacts, which ship version constraints and no code[jvm]","","2026-07-30","passed","2026-07-30","","ParseOssLibrariesTest[jvm]","com.georgeci.moneysurfer.feature.settings.about.licenses.ParseOssLibrariesTest",""
"","21","each base currency keeps its own cache and its own staleness clock[jvm]","","2026-07-30","passed","2026-07-30","","ExchangeRateRepositoryImplJvmTest[jvm]","com.georgeci.moneysurfer.data.repository.ExchangeRateRepositoryImplJvmTest",""
"","11","session start drops the overlay the account wipe filled[jvm]","","2026-07-30","passed","2026-07-30","","SyncedSettingsSessionImplJvmTest[jvm]","com.georgeci.moneysurfer.data.config.SyncedSettingsSessionImplJvmTest",""
"","7","matches by targetUserId when email differs[jvm]","","2026-07-30","passed","2026-07-30","","AcceptInviteUseCaseTest[jvm]","com.georgeci.moneysurfer.domain.usecase.AcceptInviteUseCaseTest",""
"","1128","rows list every registered key with its winning layer[jvm]","","2026-07-30","passed","2026-07-30","","DebugConfigInspectorImplSpec[jvm]","com.georgeci.moneysurfer.appconfig.DebugConfigInspectorImplSpec",""
"","23","the screen opens on the stored layout, normalized[jvm]","","2026-07-30","passed","2026-07-30","","DashboardCustomizeViewModelTest[jvm]","com.georgeci.moneysurfer.feature.dashboard.customize.DashboardCustomizeViewModelTest",""
"","34","first-run save adopts the picked currency as the workspace base currency and lands on Dashboard[jvm]","","2026-07-30","passed","2026-07-30","","AccountCreationViewModelTest[jvm]","com.georgeci.moneysurfer.feature.account.creation.AccountCreationViewModelTest",""
"","39","member can tombstone in transactions","","2026-07-30","passed","2026-07-30","","tombstone update shape (push-side soft delete)","tombstone update shape (push-side soft delete) member can tombstone in transactions",""
"","2","a name of nothing but spaces counts as blank[jvm]","","2026-07-30","passed","2026-07-30","","WorkspaceCreationViewModelTest[jvm]","com.georgeci.moneysurfer.feature.workspace.creation.WorkspaceCreationViewModelTest",""
"","16","a custom field that duplicates a field already on the form is ignored[jvm]","","2026-07-30","passed","2026-07-30","","AccountCreationViewModelTest[jvm]","com.georgeci.moneysurfer.feature.account.creation.AccountCreationViewModelTest",""
"","3","opening_balance behaves as a regular ACTUAL for cache[jvm]","","2026-07-30","passed","2026-07-30","","ApplyTransactionChangeUseCaseTest[jvm]","com.georgeci.moneysurfer.domain.usecase.ApplyTransactionChangeUseCaseTest",""
"","43","a published document is mapped field for field[jvm]","","2026-07-30","passed","2026-07-30","","AppConfigRepositoryImplTest[jvm]","com.georgeci.moneysurfer.data.repository.AppConfigRepositoryImplTest",""
"","1","every input category comes out exactly once, whatever shape it is in[jvm]","","2026-07-30","passed","2026-07-30","","CategoryTreeTest[jvm]","com.georgeci.moneysurfer.domain.model.CategoryTreeTest",""
"","2","transfers never count against a budget[jvm]","","2026-07-30","passed","2026-07-30","","BudgetProgressTest[jvm]","com.georgeci.moneysurfer.domain.model.BudgetProgressTest",""
"","4","respanning to the span a widget already has, or a widget the layout lacks, changes nothing[jvm]","","2026-07-30","passed","2026-07-30","","DashboardLayoutConfigTest[jvm]","com.georgeci.moneysurfer.domain.dashboard.DashboardLayoutConfigTest",""
"","24","rejects a goal whose title is a number","","2026-07-30","passed","2026-07-30","","savings goals (issue #244)","savings goals (issue #244) rejects a goal whose title is a number",""
"","4","CancellationException maps to SyncError.Cancelled[jvm]","","2026-07-30","passed","2026-07-30","","SyncErrorClassifierSpec[jvm]","com.georgeci.moneysurfer.sync.internal.SyncErrorClassifierSpec",""
"","4","markInFlight excludes rows from the next pending batch[jvm]","","2026-07-30","passed","2026-07-30","","PendingMutationQueueImplSpec[jvm]","com.georgeci.moneysurfer.data.sync.PendingMutationQueueImplSpec",""
"","15","init loads the existing workspace and switches the form to editing[jvm]","","2026-07-30","passed","2026-07-30","","WorkspaceCreationViewModelTest[jvm]","com.georgeci.moneysurfer.feature.workspace.creation.WorkspaceCreationViewModelTest",""
"","9","java.util.zip.ZipInputStream reads our stored archive[jvm]","","2026-07-30","passed","2026-07-30","","ZipStoredInteropJvmTest[jvm]","com.georgeci.moneysurfer.data.backup.ZipStoredInteropJvmTest",""
"","0","an unknown seed is undecodable rather than silently Brand[jvm]","","2026-07-30","passed","2026-07-30","","PaletteSourceCodecTest[jvm]","com.georgeci.moneysurfer.data.config.PaletteSourceCodecTest",""
"","3","deterministic — same input gives same output[jvm]","","2026-07-30","passed","2026-07-30","","LwwConflictResolverSpec[jvm]","com.georgeci.moneysurfer.sync.repository.LwwConflictResolverSpec",""
"","7","the tree groups children under their parent and counts them[jvm]","","2026-07-30","passed","2026-07-30","","CategoryChooserViewModelTest[jvm]","com.georgeci.moneysurfer.feature.category.picker.CategoryChooserViewModelTest",""
"","23","re-currencies the seeded account so the Dashboard total follows the choice[jvm]","","2026-07-30","passed","2026-07-30","","WorkspaceCurrencyIntegrationIT[jvm]","com.georgeci.moneysurfer.integration.repository.WorkspaceCurrencyIntegrationIT",""
"","40","a general monthly budget becomes the caption and fills the bar[jvm]","","2026-07-30","passed","2026-07-30","","DashboardSpentMonthViewModelTest[jvm]","com.georgeci.moneysurfer.feature.dashboard.DashboardSpentMonthViewModelTest",""
"","20","rejects a contribution whose goalId is a number","","2026-07-30","passed","2026-07-30","","savings goals (issue #244)","savings goals (issue #244) rejects a contribution whose goalId is a number",""
"","4","permission-denied during fetch maps to AuthError.PermissionDenied[jvm]","","2026-07-30","passed","2026-07-30","","PostAuthBootstrapUseCaseTest[jvm]","com.georgeci.moneysurfer.domain.usecase.PostAuthBootstrapUseCaseTest",""
"","11","restore confirms first, then asks for a file to open[jvm]","","2026-07-30","passed","2026-07-30","","BackupViewModelTest[jvm]","com.georgeci.moneysurfer.feature.settings.backup.BackupViewModelTest",""
"","8","a non-denial failure in the user-scoped phase still fails the pull[jvm]","","2026-07-30","passed","2026-07-30","","PullRemoteChangesUseCaseImplSpec[jvm]","com.georgeci.moneysurfer.data.sync.PullRemoteChangesUseCaseImplSpec",""
"","20","an opening balance is unsigned and is not something to re-enter[jvm]","","2026-07-30","passed","2026-07-30","","TransactionDetailsViewModelTest[jvm]","com.georgeci.moneysurfer.feature.transaction.details.TransactionDetailsViewModelTest",""
"","6","the legs a save would write pair each line's category with its share[jvm]","","2026-07-30","passed","2026-07-30","","TransactionCreationSplitEditingTest[jvm]","com.georgeci.moneysurfer.feature.transaction.creation.TransactionCreationSplitEditingTest",""
"","1","a picked category lands in the slot the chooser was opened for[jvm]","","2026-07-30","passed","2026-07-30","","TransactionCreationSplitEditingTest[jvm]","com.georgeci.moneysurfer.feature.transaction.creation.TransactionCreationSplitEditingTest",""
"","16","the layer is always Build[jvm]","","2026-07-30","passed","2026-07-30","","BuildConfigSourceSpec[jvm]","com.georgeci.moneysurfer.appconfig.BuildConfigSourceSpec",""
"","20","hides the version when the artifacts of a family disagree on it[jvm]","","2026-07-30","passed","2026-07-30","","ParseOssLibrariesTest[jvm]","com.georgeci.moneysurfer.feature.settings.about.licenses.ParseOssLibrariesTest",""
"","35","non-member is blocked from recurringRules","","2026-07-30","passed","2026-07-30","","member-gated entities (smoke for the rest)","member-gated entities (smoke for the rest) non-member is blocked from recurringRules",""
"","136","sign-in accepts a short password — only sign-up enforces the provider's floor[jvm]","","2026-07-30","passed","2026-07-30","","SignInViewModelTest[jvm]","com.georgeci.moneysurfer.feature.login.SignInViewModelTest",""
"","11","local insert failure returns LocalWriteFailed and skips remote work[jvm]","","2026-07-30","passed","2026-07-30","","CreateWorkspaceUseCaseTest[jvm]","com.georgeci.moneysurfer.domain.usecase.CreateWorkspaceUseCaseTest",""
"","1","an overspent budget reports zero per-day remaining instead of a negative allowance[jvm]","","2026-07-30","passed","2026-07-30","","BudgetProgressTest[jvm]","com.georgeci.moneysurfer.domain.model.BudgetProgressTest",""
"","4","search narrows the grid by name[jvm]","","2026-07-30","passed","2026-07-30","","CategoryChooserViewModelTest[jvm]","com.georgeci.moneysurfer.feature.category.picker.CategoryChooserViewModelTest",""
"","74","a caption sits closer to its own control than to the next block[jvm]","","2026-07-30","passed","2026-07-30","","SurferFormSectionTest[jvm]","com.georgeci.moneysurfer.ui.SurferFormSectionTest",""
"","2","an archived budget caps nothing[jvm]","","2026-07-30","passed","2026-07-30","","SpentByCategoryTest[jvm]","com.georgeci.moneysurfer.domain.model.SpentByCategoryTest",""
"","13","goal details carry progress and history[jvm]","","2026-07-30","passed","2026-07-30","","SavingsGoalUseCaseTest[jvm]","com.georgeci.moneysurfer.domain.usecase.SavingsGoalUseCaseTest",""
"","6","a write is readable synchronously the moment edit returns[jvm]","","2026-07-30","passed","2026-07-30","","PreferencesMirrorJvmTest[jvm]","com.georgeci.moneysurfer.data.config.PreferencesMirrorJvmTest",""
"","6","dangerous notes survive a full CSV round-trip unchanged[jvm]","","2026-07-30","passed","2026-07-30","","TransactionCsvCodecTest[jvm]","com.georgeci.moneysurfer.domain.csv.TransactionCsvCodecTest",""
"","32","owner can create a PENDING invite stamped with their uid","","2026-07-30","passed","2026-07-30","","invites — write","invites — write owner can create a PENDING invite stamped with their uid",""
"","12","with nothing stored the key default wins and no layer is named[jvm]","","2026-07-30","passed","2026-07-30","","LayeredConfigSpec[jvm]","com.georgeci.moneysurfer.appconfig.LayeredConfigSpec",""
"","60","the user can read their own document and does see the phantom ref","","2026-07-30","passed","2026-07-30","","dangling users/{uid}.workspaceIds refs","dangling users/{uid}.workspaceIds refs the user can read their own document and does see the phantom ref",""
"","609","the domain's icon keys are exactly the ones uikit can render[jvm]","","2026-07-30","passed","2026-07-30","","CategoryPaletteParityTest[jvm]","com.georgeci.moneysurfer.feature.category.CategoryPaletteParityTest",""
"","157","a boolean key gets a switch and nothing to type into[jvm]","","2026-07-30","passed","2026-07-30","","DebugConfigScreenStateTest[jvm]","com.georgeci.moneysurfer.ui.DebugConfigScreenStateTest",""
"","10","a manual sync is dropped while sync is disabled[jvm]","","2026-07-30","passed","2026-07-30","","SyncViewModelTest[jvm]","com.georgeci.moneysurfer.feature.settings.sync.SyncViewModelTest",""
"","3","pads ids with fewer than four hex digits[jvm]","","2026-07-30","passed","2026-07-30","","TransactionReferenceTest[jvm]","com.georgeci.moneysurfer.domain.model.TransactionReferenceTest",""
"","218","collapses per-platform artifacts into a handful of family rows[jvm]","","2026-07-30","passed","2026-07-30","","ParseOssLibrariesTest[jvm]","com.georgeci.moneysurfer.feature.settings.about.licenses.ParseOssLibrariesTest",""
"","17","hydrate is idempotent[jvm]","","2026-07-30","passed","2026-07-30","","LayeredConfigSpec[jvm]","com.georgeci.moneysurfer.appconfig.LayeredConfigSpec",""
"","1","the largest general monthly budget sets the cap[jvm]","","2026-07-30","passed","2026-07-30","","BurnRateTest[jvm]","com.georgeci.moneysurfer.domain.model.BurnRateTest",""
"","136","save shows a created snackbar carrying the category name[jvm]","","2026-07-30","passed","2026-07-30","","CategoryCreationViewModelTest[jvm]","com.georgeci.moneysurfer.feature.category.creation.CategoryCreationViewModelTest",""
"","16","unauthenticated user is denied","","2026-07-30","passed","2026-07-30","","workspaces/{wid}/members/{uid}","workspaces/{wid}/members/{uid} unauthenticated user is denied",""
"","1","all PUSH steps precede all PULL steps[jvm]","","2026-07-30","passed","2026-07-30","","SyncStepOrderTest[jvm]","com.georgeci.moneysurfer.domain.model.SyncStepOrderTest",""
"","18","values are stored under the bare key name — the file is dedicated, nothing to namespace against[jvm]","","2026-07-30","passed","2026-07-30","","DebugConfigSourceImplJvmTest[jvm]","com.georgeci.moneysurfer.data.config.DebugConfigSourceImplJvmTest",""
"","293","saving a new budget writes the entered values[jvm]","","2026-07-30","passed","2026-07-30","","BudgetEditViewModelTest[jvm]","com.georgeci.moneysurfer.feature.budget.edit.BudgetEditViewModelTest",""
"","33","rejects an account whose string name is a number","","2026-07-30","passed","2026-07-30","","entity write-shape validation (issue #156)","entity write-shape validation (issue #156) rejects an account whose string name is a number",""
"","4","restyling a widget leaves its slot and its neighbours alone[jvm]","","2026-07-30","passed","2026-07-30","","DashboardLayoutConfigTest[jvm]","com.georgeci.moneysurfer.domain.dashboard.DashboardLayoutConfigTest",""
"","39","invited user CAN self-create when the doc points at their PENDING invite","","2026-07-30","passed","2026-07-30","","workspaces/{wid}/members/{uid}","workspaces/{wid}/members/{uid} invited user CAN self-create when the doc points at their PENDING invite",""
"","17","online state with sync disabled shows profile but hides only the sync section[jvm]","","2026-07-30","passed","2026-07-30","","SettingsStateOfflineTest[jvm]","com.georgeci.moneysurfer.feature.settings.SettingsStateOfflineTest",""
"","41","invitee accept regression: real uid + gmail+alias email, full set()","","2026-07-30","passed","2026-07-30","","invites — update / delete","invites — update / delete invitee accept regression: real uid + gmail+alias email, full set()",""
"","2","a plain transaction needs an amount, an account and a category[jvm]","","2026-07-30","passed","2026-07-30","","TransactionCreationStateTest[jvm]","com.georgeci.moneysurfer.feature.transaction.creation.TransactionCreationStateTest",""
"","48","a goal is pushed to the workspace's goals collection[jvm]","","2026-07-30","passed","2026-07-30","","GoalSyncPluginIT[jvm]","com.georgeci.moneysurfer.integration.plugin.GoalSyncPluginIT",""
"","1","another workspace's budget never caps this one's month[jvm]","","2026-07-30","passed","2026-07-30","","BurnRateTest[jvm]","com.georgeci.moneysurfer.domain.model.BurnRateTest",""
"","7","out-of-range days of month are filtered in both directions[jvm]","","2026-07-30","passed","2026-07-30","","RecurringRuleDtoMapperSpec[jvm]","com.georgeci.moneysurfer.data.sync.RecurringRuleDtoMapperSpec",""
"","21","the backfill numbers each workspace's accounts by insertion order, independently[jvm]","","2026-07-30","passed","2026-07-30","","AccountSortOrderMigrationIT[jvm]","com.georgeci.moneysurfer.integration.repository.AccountSortOrderMigrationIT",""
"","23","a delete removes the row[jvm]","","2026-07-30","passed","2026-07-30","","UserRepositoryImplJvmTest[jvm]","com.georgeci.moneysurfer.data.repository.UserRepositoryImplJvmTest",""
"","20","owner can mark a member as REMOVED","","2026-07-30","passed","2026-07-30","","workspaces/{wid}/members/{uid}","workspaces/{wid}/members/{uid} owner can mark a member as REMOVED",""
"","25","unknown extra entry between manifest and main DB is tolerated[jvm]","","2026-07-30","passed","2026-07-30","","BackupImporterImplJvmTest[jvm]","com.georgeci.moneysurfer.data.backup.BackupImporterImplJvmTest",""
"","4","DELETE mutation persists and is readable[jvm]","","2026-07-30","passed","2026-07-30","","PendingMutationQueueImplSpec[jvm]","com.georgeci.moneysurfer.data.sync.PendingMutationQueueImplSpec",""
"","4","sanitize keeps only the first decimal separator and normalises commas[jvm]","","2026-07-30","passed","2026-07-30","","InitialBalanceInputTest[jvm]","com.georgeci.moneysurfer.feature.account.creation.InitialBalanceInputTest",""
"","1","yearly clamping does not accumulate — Feb 29 returns in the next leap year[jvm]","","2026-07-30","passed","2026-07-30","","BudgetPeriodWindowTest[jvm]","com.georgeci.moneysurfer.domain.util.BudgetPeriodWindowTest",""
"","5","writes local pointer and pushes default when Firebase uid present[jvm]","","2026-07-30","passed","2026-07-30","","SelectWorkspaceUseCaseTest[jvm]","com.georgeci.moneysurfer.domain.usecase.SelectWorkspaceUseCaseTest",""
"","1","NetworkUnavailable is retryable[jvm]","","2026-07-30","passed","2026-07-30","","SyncErrorSpec[jvm]","com.georgeci.moneysurfer.sync.api.SyncErrorSpec",""
"","0","SettingsAbout[jvm]","","2026-07-30","passed","2026-07-30","","RouteSerializationTest[jvm]","com.georgeci.moneysurfer.navigation.RouteSerializationTest",""
"","10","returns NoCurrentUser error when no current user[jvm]","","2026-07-30","passed","2026-07-30","","CreateWorkspaceUseCaseTest[jvm]","com.georgeci.moneysurfer.domain.usecase.CreateWorkspaceUseCaseTest",""
"","20","offline finish seeds the workspace before handing off to account creation[jvm]","","2026-07-30","passed","2026-07-30","","OnboardingViewModelTest[jvm]","com.georgeci.moneysurfer.feature.login.onboarding.OnboardingViewModelTest",""
"","11","plus that overflows Long throws instead of wrapping[jvm]","","2026-07-30","passed","2026-07-30","","MoneyTest[jvm]","com.georgeci.moneysurfer.domain.primitives.MoneyTest",""
"","5","create income increments cache by +amount[jvm]","","2026-07-30","passed","2026-07-30","","ApplyTransactionChangeUseCaseTest[jvm]","com.georgeci.moneysurfer.domain.usecase.ApplyTransactionChangeUseCaseTest",""
"","7","the catalogue is not empty[jvm]","","2026-07-30","passed","2026-07-30","","CurrencyRepositoryImplTest[jvm]","com.georgeci.moneysurfer.data.repository.CurrencyRepositoryImplTest",""
"","12","a workspace the device has not pulled yet has no currency to name the amount in[jvm]","","2026-07-30","passed","2026-07-30","","GetSpentMonthUseCaseTest[jvm]","com.georgeci.moneysurfer.domain.usecase.GetSpentMonthUseCaseTest",""
"","21","create blocked when clientVersionCode missing","","2026-07-30","passed","2026-07-30","","workspaces/{wid}","workspaces/{wid} create blocked when clientVersionCode missing",""
"","19","no host key is remote-overridable[jvm]","","2026-07-30","passed","2026-07-30","","OnlineConfigGraphTest[jvm]","com.georgeci.moneysurfer.di.OnlineConfigGraphTest",""
"","20","rejects a category whose hue is a string","","2026-07-30","passed","2026-07-30","","entity write-shape validation (issue #156)","entity write-shape validation (issue #156) rejects a category whose hue is a string",""
"","0","'999999' -> '999999'[jvm]","","2026-07-30","passed","2026-07-30","","AmountInputTransformationTest[jvm]","com.georgeci.moneysurfer.utils.AmountInputTransformationTest",""
"","1","a user id with no matching row still falls back to the email[jvm]","","2026-07-30","passed","2026-07-30","","ShellIdentityTest[jvm]","com.georgeci.moneysurfer.navigation.ShellIdentityTest",""
"","174","a cross-currency transfer asks for the receiving amount as well[jvm]","","2026-07-30","passed","2026-07-30","","TransactionCreationScreenStateTest[jvm]","com.georgeci.moneysurfer.ui.TransactionCreationScreenStateTest",""
"","23","a transfer with only one side filled writes neither leg[jvm]","","2026-07-30","passed","2026-07-30","","TransactionCreationSaveGuardsTest[jvm]","com.georgeci.moneysurfer.feature.transaction.creation.TransactionCreationSaveGuardsTest",""
"","3","the most-used currency leads regardless of account order[jvm]","","2026-07-30","passed","2026-07-30","","AccountTotalsTest[jvm]","com.georgeci.moneysurfer.domain.model.AccountTotalsTest",""
"","1","search reaches everything the row shows, and the amount numerically[jvm]","","2026-07-30","passed","2026-07-30","","TransactionFilterMatchingTest[jvm]","com.georgeci.moneysurfer.feature.transaction.filter.TransactionFilterMatchingTest",""
"","3","StorageError preserves cause and is not retryable[jvm]","","2026-07-30","passed","2026-07-30","","SyncErrorSpec[jvm]","com.georgeci.moneysurfer.sync.api.SyncErrorSpec",""
"","27","an account or a category is toggled on, then off again[jvm]","","2026-07-30","passed","2026-07-30","","TransactionFiltersViewModelTest[jvm]","com.georgeci.moneysurfer.feature.transaction.filters.TransactionFiltersViewModelTest",""
"","55","user can delete the mapping pointing at their own uid","","2026-07-30","passed","2026-07-30","","userEmails/{email}","userEmails/{email} user can delete the mapping pointing at their own uid",""
"","39","safe-to-spend stays null with no budget, so the widget can offer to set one[jvm]","","2026-07-30","passed","2026-07-30","","DashboardSafeToSpendViewModelTest[jvm]","com.georgeci.moneysurfer.feature.dashboard.DashboardSafeToSpendViewModelTest",""
"","85","editing snapshots the stored row for the identity band and keeps it while fields change[jvm]","","2026-07-30","passed","2026-07-30","","TransactionCreationEditTest[jvm]","com.georgeci.moneysurfer.feature.transaction.creation.TransactionCreationEditTest",""
"","7","dedup does not collapse different operations or different entities[jvm]","","2026-07-30","passed","2026-07-30","","PendingMutationQueueIntegrationIT[jvm]","com.georgeci.moneysurfer.integration.sync.PendingMutationQueueIntegrationIT",""
"","4","markInFlight with empty list is a no-op[jvm]","","2026-07-30","passed","2026-07-30","","PendingMutationQueueImplSpec[jvm]","com.georgeci.moneysurfer.data.sync.PendingMutationQueueImplSpec",""
"","238","emulator runs default to the shared demo project[jvm]","","2026-07-30","passed","2026-07-30","","DesktopFirebaseOptionsJvmTest[jvm]","com.georgeci.moneysurfer.data.remote.DesktopFirebaseOptionsJvmTest",""
"","3","an archived budget does not cap the month[jvm]","","2026-07-30","passed","2026-07-30","","BurnRateTest[jvm]","com.georgeci.moneysurfer.domain.model.BurnRateTest",""
"","11","a config_entry row named after a host or server key is never served[jvm]","","2026-07-30","passed","2026-07-30","","LocalConfigSourceImplJvmTest[jvm]","com.georgeci.moneysurfer.data.config.LocalConfigSourceImplJvmTest",""
"","187","every chip is a shortcut into the filter screen[jvm]","","2026-07-30","passed","2026-07-30","","TransactionsListScreenStateTest[jvm]","com.georgeci.moneysurfer.ui.TransactionsListScreenStateTest",""
"","669","export then import restores a deleted transaction and skips the surviving one[jvm]","","2026-07-30","passed","2026-07-30","","CsvBackupIntegrationIT[jvm]","com.georgeci.moneysurfer.integration.repository.CsvBackupIntegrationIT",""
"","89","concurrent writers keep every key[jvm]","","2026-07-30","passed","2026-07-30","","DesktopFirebasePlatformJvmTest[jvm]","com.georgeci.moneysurfer.data.remote.DesktopFirebasePlatformJvmTest",""
"","0","keeps Cyrillic and digits intact[jvm]","","2026-07-30","passed","2026-07-30","","FtsQueryTest[jvm]","com.georgeci.moneysurfer.data.db.FtsQueryTest",""
"","1","each currency keeps its own total instead of being summed together[jvm]","","2026-07-30","passed","2026-07-30","","AccountTotalsTest[jvm]","com.georgeci.moneysurfer.domain.model.AccountTotalsTest",""
"","36","the goal and workspace streams both carry the stored rows[jvm]","","2026-07-30","passed","2026-07-30","","GoalContributionRepositoryImplJvmTest[jvm]","com.georgeci.moneysurfer.data.repository.GoalContributionRepositoryImplJvmTest",""
"","201","the summary strip states income, expenses and the net of the period[jvm]","","2026-07-30","passed","2026-07-30","","TransactionsListScreenStateTest[jvm]","com.georgeci.moneysurfer.ui.TransactionsListScreenStateTest",""
"","52","spent-by-category formats the aggregate's rows and orders them largest first[jvm]","","2026-07-30","passed","2026-07-30","","DashboardSpentByCategoryViewModelTest[jvm]","com.georgeci.moneysurfer.feature.dashboard.DashboardSpentByCategoryViewModelTest",""
"","1149","the style sheet offers both sizes and, for the balance card, its variants[jvm]","","2026-07-30","passed","2026-07-30","","DashboardCustomizeScreenStateTest[jvm]","com.georgeci.moneysurfer.ui.DashboardCustomizeScreenStateTest",""
"","40","an unreachable server reads as no config rather than throwing[jvm]","","2026-07-30","passed","2026-07-30","","AppConfigRepositoryImplTest[jvm]","com.georgeci.moneysurfer.data.repository.AppConfigRepositoryImplTest",""
"","22","toScope maps each reason[jvm]","","2026-07-30","passed","2026-07-30","","SyncScopeSpec[jvm]","com.georgeci.moneysurfer.sync.api.SyncScopeSpec",""
"","0","PULL_MEMBERS sits between PULL_WORKSPACE and PULL_INVITES[jvm]","","2026-07-30","passed","2026-07-30","","SyncStepOrderTest[jvm]","com.georgeci.moneysurfer.domain.model.SyncStepOrderTest",""
"","37","awaitNetwork bounded timeout fails with NetworkUnavailable[jvm]","","2026-07-30","passed","2026-07-30","","SyncCoordinatorImplSpec[jvm]","com.georgeci.moneysurfer.sync.coordinator.SyncCoordinatorImplSpec",""
"","8","the same entity id under two workspaces queues both[jvm]","","2026-07-30","passed","2026-07-30","","PendingMutationQueueIntegrationIT[jvm]","com.georgeci.moneysurfer.integration.sync.PendingMutationQueueIntegrationIT",""
"","13","releasing one key leaves the others held[jvm]","","2026-07-30","passed","2026-07-30","","LayeredConfigSpec[jvm]","com.georgeci.moneysurfer.appconfig.LayeredConfigSpec",""
"","7","Submit stays live while loading is off — a dead button explains nothing[jvm]","","2026-07-30","passed","2026-07-30","","SignInViewModelTest[jvm]","com.georgeci.moneysurfer.feature.login.SignInViewModelTest",""
"","1","history inside the window moves the curve[jvm]","","2026-07-30","passed","2026-07-30","","GetAccountBalanceSeriesUseCaseTest[jvm]","com.georgeci.moneysurfer.domain.usecase.GetAccountBalanceSeriesUseCaseTest",""
"","44","invite sender can append one wid to recipient invitedWorkspaceIds","","2026-07-30","passed","2026-07-30","","users/{uid} — invitedWorkspaceIds cross-user append","users/{uid} — invitedWorkspaceIds cross-user append invite sender can append one wid to recipient invitedWorkspaceIds",""
"","3","a contribution round-trips, keeping a negative amount signed[jvm]","","2026-07-30","passed","2026-07-30","","GoalDtoMapperSpec[jvm]","com.georgeci.moneysurfer.data.sync.GoalDtoMapperSpec",""
"","1","a child whose parent is absent is shown as a root rather than hidden[jvm]","","2026-07-30","passed","2026-07-30","","CategoryTreeTest[jvm]","com.georgeci.moneysurfer.domain.model.CategoryTreeTest",""
"","0","arithmetic within the domain cap stays exact[jvm]","","2026-07-30","passed","2026-07-30","","MoneyTest[jvm]","com.georgeci.moneysurfer.domain.primitives.MoneyTest",""
"","5","a budget with categories only counts those categories[jvm]","","2026-07-30","passed","2026-07-30","","BudgetProgressTest[jvm]","com.georgeci.moneysurfer.domain.model.BudgetProgressTest",""
"","25","hard-delete is denied for non-owner members","","2026-07-30","passed","2026-07-30","","member-gated entities (accounts)","member-gated entities (accounts) hard-delete is denied for non-owner members",""
"","3","the default category is the most used one of the type, or none at all[jvm]","","2026-07-30","passed","2026-07-30","","TransactionCreationMappingTest[jvm]","com.georgeci.moneysurfer.feature.transaction.creation.TransactionCreationMappingTest",""
"","3","the account and category pickers narrow to what was ticked[jvm]","","2026-07-30","passed","2026-07-30","","TransactionFilterMatchingTest[jvm]","com.georgeci.moneysurfer.feature.transaction.filter.TransactionFilterMatchingTest",""
"","0","a new Category defaults to the same appearance the backfill would have written[jvm]","","2026-07-30","passed","2026-07-30","","CategoryAppearanceTest[jvm]","com.georgeci.moneysurfer.domain.model.CategoryAppearanceTest",""
"","1","PULL order is workspace → members → invites → accounts → categories → transactions[jvm]","","2026-07-30","passed","2026-07-30","","SyncStepOrderTest[jvm]","com.georgeci.moneysurfer.domain.model.SyncStepOrderTest",""
"","61","the category chooser opens on the form's own category, filtered to the type's side[jvm]","","2026-07-30","passed","2026-07-30","","TransactionCreationFormTest[jvm]","com.georgeci.moneysurfer.feature.transaction.creation.TransactionCreationFormTest",""
"","15","user can delete their own document","","2026-07-30","passed","2026-07-30","","users/{uid}","users/{uid} user can delete their own document",""
"","2","anonymous flow (null password) skips re-auth[jvm]","","2026-07-30","passed","2026-07-30","","DeleteUserAccountUseCaseTest[jvm]","com.georgeci.moneysurfer.domain.usecase.DeleteUserAccountUseCaseTest",""
"","32","rows referencing unknown workspace account or category are reported per row[jvm]","","2026-07-30","passed","2026-07-30","","ImportTransactionsValidationTest[jvm]","com.georgeci.moneysurfer.domain.csv.ImportTransactionsValidationTest",""
"","5","markCompleted deletes rows; empty list is a no-op[jvm]","","2026-07-30","passed","2026-07-30","","PendingMutationQueueImplSpec[jvm]","com.georgeci.moneysurfer.sync.internal.repository.PendingMutationQueueImplSpec",""
"","1004","picking a width reports the span alone, leaving the card style to its own picker[jvm]","","2026-07-30","passed","2026-07-30","","DashboardCustomizeScreenStateTest[jvm]","com.georgeci.moneysurfer.ui.DashboardCustomizeScreenStateTest",""
"","1","epochMillis=4611686018427387903[jvm]","","2026-07-30","passed","2026-07-30","","TimeFormatterTest[jvm]","com.georgeci.moneysurfer.data.repository.TimeFormatterTest",""
"","29","rejects a goal whose nullable accountId has a wrong non-null type","","2026-07-30","passed","2026-07-30","","savings goals (issue #244)","savings goals (issue #244) rejects a goal whose nullable accountId has a wrong non-null type",""
"","12","nothing is emitted while sync is disabled[jvm]","","2026-07-30","passed","2026-07-30","","PeriodicSyncGateTest[jvm]","com.georgeci.moneysurfer.navigation.PeriodicSyncGateTest",""
"","1","ConflictResolution.TakeLocal carries the local value[jvm]","","2026-07-30","passed","2026-07-30","","ConflictResolverSpec[jvm]","com.georgeci.moneysurfer.sync.repository.ConflictResolverSpec",""
"","23","getByEmail / getByTargetUserId resolve through their indexes[jvm]","","2026-07-30","passed","2026-07-30","","WorkspaceInviteRepositoryIntegrationIT[jvm]","com.georgeci.moneysurfer.integration.repository.WorkspaceInviteRepositoryIntegrationIT",""
"","12","a real user logs out immediately without a warning[jvm]","","2026-07-30","passed","2026-07-30","","SettingsLogoutViewModelTest[jvm]","com.georgeci.moneysurfer.feature.settings.SettingsLogoutViewModelTest",""
"","3","the offline build is carried into the state so the hero can say so[jvm]","","2026-07-30","passed","2026-07-30","","BackupViewModelTest[jvm]","com.georgeci.moneysurfer.feature.settings.backup.BackupViewModelTest",""
"","14","a stale first emission cannot be published over a write that beat it[jvm]","","2026-07-30","passed","2026-07-30","","PreferencesMirrorJvmTest[jvm]","com.georgeci.moneysurfer.data.config.PreferencesMirrorJvmTest",""
"","268","sealed blob does not contain the plaintext[jvm]","","2026-07-30","passed","2026-07-30","","EncryptedBackupCodecTest[jvm]","com.georgeci.moneysurfer.data.backup.EncryptedBackupCodecTest",""
"","4","EmulatorClientSmokeSpec[jvm]","","2026-07-30","passed","2026-07-30","","Gradle Test Run :sync-surfer:jvmTest[jvm]","Gradle Test Run :sync-surfer:jvmTest",""
"","0","Warn and above are loggable[jvm]","","2026-07-30","passed","2026-07-30","","CrashReportingLogWriterTest[jvm]","com.georgeci.moneysurfer.domain.telemetry.CrashReportingLogWriterTest",""
"","30","the baseline is the same stretch of the previous month, not the whole of it[jvm]","","2026-07-30","passed","2026-07-30","","GenerateInsightsUseCaseTest[jvm]","com.georgeci.moneysurfer.domain.usecase.GenerateInsightsUseCaseTest",""
"","46","a recurring rule round-trips through the wire format[jvm]","","2026-07-30","passed","2026-07-30","","RecurringRuleDtoMapperSpec[jvm]","com.georgeci.moneysurfer.data.sync.RecurringRuleDtoMapperSpec",""
"","7","the desktop host reaches the emulator over loopback[jvm]","","2026-07-30","passed","2026-07-30","","FirebaseConfigImplJvmTest[jvm]","com.georgeci.moneysurfer.data.remote.FirebaseConfigImplJvmTest",""
"","116","online build layer keeps the full surface, sync included[jvm]","","2026-07-30","passed","2026-07-30","","OnlineConfigGraphTest[jvm]","com.georgeci.moneysurfer.di.OnlineConfigGraphTest",""
"","50","income counts in the monthly net and nowhere else[jvm]","","2026-07-30","passed","2026-07-30","","SpendAnalyticsRepositoryImplJvmTest[jvm]","com.georgeci.moneysurfer.data.repository.SpendAnalyticsRepositoryImplJvmTest",""
"","2","blank ids in a remote list are dropped instead of becoming empty CSV segments[jvm]","","2026-07-30","passed","2026-07-30","","WorkspaceScopedDtoMapperSpec[jvm]","com.georgeci.moneysurfer.data.sync.WorkspaceScopedDtoMapperSpec",""
"","6","no enqueue when app-version gate denies sync[jvm]","","2026-07-30","passed","2026-07-30","","OutboxEnqueuerImplSpec[jvm]","com.georgeci.moneysurfer.sync.repository.OutboxEnqueuerImplSpec",""
"","1","an empty all-account summary falls back to USD[jvm]","","2026-07-30","passed","2026-07-30","","TransactionsListMappingTest[jvm]","com.georgeci.moneysurfer.feature.transaction.list.TransactionsListMappingTest",""
"","19","insert + getById round-trips all columns including snapshots[jvm]","","2026-07-30","passed","2026-07-30","","WorkspaceInviteRepositoryIntegrationIT[jvm]","com.georgeci.moneysurfer.integration.repository.WorkspaceInviteRepositoryIntegrationIT",""
"","1","an empty account list has no total and nothing left over[jvm]","","2026-07-30","passed","2026-07-30","","ConvertAccountsTotalUseCaseTest[jvm]","com.georgeci.moneysurfer.domain.usecase.ConvertAccountsTotalUseCaseTest",""
"","24","owner can create a member row for someone else (no invite reference needed)","","2026-07-30","passed","2026-07-30","","workspaces/{wid}/members/{uid}","workspaces/{wid}/members/{uid} owner can create a member row for someone else (no invite reference needed)",""
"","166","a converted total shows both its trend and how old the rates behind it are[jvm]","","2026-07-30","passed","2026-07-30","","DashboardScreenStateTest[jvm]","com.georgeci.moneysurfer.ui.DashboardScreenStateTest",""
"","37","an unset layout falls back to the default order[jvm]","","2026-07-30","passed","2026-07-30","","DashboardViewModelTest[jvm]","com.georgeci.moneysurfer.feature.dashboard.DashboardViewModelTest",""
"","0","raising the target above the saved amount re-opens a completed goal[jvm]","","2026-07-30","passed","2026-07-30","","SavingsGoalUseCaseTest[jvm]","com.georgeci.moneysurfer.domain.usecase.SavingsGoalUseCaseTest",""
"","3","rejects when caller is not OWNER[jvm]","","2026-07-30","passed","2026-07-30","","SendInviteUseCaseTest[jvm]","com.georgeci.moneysurfer.domain.usecase.SendInviteUseCaseTest",""
"","24","create stores the account[jvm]","","2026-07-30","passed","2026-07-30","","AccountWriteUseCasesTest[jvm]","com.georgeci.moneysurfer.domain.usecase.AccountWriteUseCasesTest",""
"","5","markCompleted removes rows[jvm]","","2026-07-30","passed","2026-07-30","","PendingMutationQueueImplSpec[jvm]","com.georgeci.moneysurfer.data.sync.PendingMutationQueueImplSpec",""
"","13","a failed sign-in releases the spinner so the form can be retried[jvm]","","2026-07-30","passed","2026-07-30","","SignInViewModelTest[jvm]","com.georgeci.moneysurfer.feature.login.SignInViewModelTest",""
"","0","the space-grouped style uses a non-breaking space[jvm]","","2026-07-30","passed","2026-07-30","","NumberFormatStyleTest[jvm]","com.georgeci.moneysurfer.domain.preferences.NumberFormatStyleTest",""
"","0","an archived duplicate does not push the control read-only[jvm]","","2026-07-30","passed","2026-07-30","","CategoryCapCoverageTest[jvm]","com.georgeci.moneysurfer.domain.model.CategoryCapCoverageTest",""
"","0","the uncategorized bucket is an entry with no category, and it counts towards the total[jvm]","","2026-07-30","passed","2026-07-30","","SpentByCategoryTest[jvm]","com.georgeci.moneysurfer.domain.model.SpentByCategoryTest",""
"","14","a refresh a day later fetches again[jvm]","","2026-07-30","passed","2026-07-30","","ExchangeRateRepositoryImplJvmTest[jvm]","com.georgeci.moneysurfer.data.repository.ExchangeRateRepositoryImplJvmTest",""
"","14","syncWorkspace still switches the active workspace when sync is disabled[jvm]","","2026-07-30","passed","2026-07-30","","SyncCoordinatorWorkspaceSyncerSpec[jvm]","com.georgeci.moneysurfer.data.sync.SyncCoordinatorWorkspaceSyncerSpec",""
"","3","a week in, the comparison rules speak again[jvm]","","2026-07-30","passed","2026-07-30","","InsightRulesTest[jvm]","com.georgeci.moneysurfer.domain.insight.InsightRulesTest",""
"","71","every catalogue key resolves to an icon and every catalogue hue to a tint[jvm]","","2026-07-30","passed","2026-07-30","","CategoryPaletteParityTest[jvm]","com.georgeci.moneysurfer.feature.category.CategoryPaletteParityTest",""
"","22","confirming the guest warning logs out and closes the dialog[jvm]","","2026-07-30","passed","2026-07-30","","SettingsLogoutViewModelTest[jvm]","com.georgeci.moneysurfer.feature.settings.SettingsLogoutViewModelTest",""
"","25","a widget this build does not know is skipped, and the known ones are kept[jvm]","","2026-07-30","passed","2026-07-30","","DashboardLayoutCodecTest[jvm]","com.georgeci.moneysurfer.data.preferences.DashboardLayoutCodecTest",""
"","1","Settings[jvm]","","2026-07-30","passed","2026-07-30","","RouteSerializationTest[jvm]","com.georgeci.moneysurfer.navigation.RouteSerializationTest",""
"","53","a user-scoped plugin is never run against a workspace[jvm]","","2026-07-30","passed","2026-07-30","","PullRemoteChangesUseCaseImplSpec[jvm]","com.georgeci.moneysurfer.data.sync.PullRemoteChangesUseCaseImplSpec",""
"","2","a selected child expands exactly its parent[jvm]","","2026-07-30","passed","2026-07-30","","CategoryPickerRowsTest[jvm]","com.georgeci.moneysurfer.feature.category.picker.CategoryPickerRowsTest",""
"","327","a plain positive amount is valid with no error[jvm]","","2026-07-30","passed","2026-07-30","","TransactionAmountInputTest[jvm]","com.georgeci.moneysurfer.feature.transaction.creation.TransactionAmountInputTest",""
