"DESCRIPTION","DURATION IN MS","NAME","PARENT SUITE","START TIME","STATUS","STOP TIME","SUB SUITE","SUITE","TEST CLASS","TEST METHOD"
"","61","a newer remote row wins over the local one[jvm]","","2026-07-31","passed","2026-07-31","","AccountSyncPluginIT[jvm]","com.georgeci.moneysurfer.integration.plugin.AccountSyncPluginIT",""
"","7","a write landing while the first is IN_FLIGHT queues a second row[jvm]","","2026-07-31","passed","2026-07-31","","PendingMutationQueueIntegrationIT[jvm]","com.georgeci.moneysurfer.integration.sync.PendingMutationQueueIntegrationIT",""
"","13","a category's icon and colour survive a round-trip through Room[jvm]","","2026-07-31","passed","2026-07-31","","DeleteUndoIntegrationIT[jvm]","com.georgeci.moneysurfer.integration.repository.DeleteUndoIntegrationIT",""
"","1","a switched-off widget can be restyled too — it keeps the style when it comes back[jvm]","","2026-07-31","passed","2026-07-31","","DashboardLayoutConfigTest[jvm]","com.georgeci.moneysurfer.domain.dashboard.DashboardLayoutConfigTest",""
"","23","rejects a goal whose nullable accountId has a wrong non-null type","","2026-08-02","passed","2026-08-02","","savings goals (issue #244)","savings goals (issue #244) rejects a goal whose nullable accountId has a wrong non-null type",""
"","4","contribution insert dual-writes under its own entity type[jvm]","","2026-07-31","passed","2026-07-31","","GoalRepositoryDualWriteSpec[jvm]","com.georgeci.moneysurfer.data.repository.GoalRepositoryDualWriteSpec",""
"","183","OnDeleteClick stages a confirmation and OnDeleteConfirm removes the budget[jvm]","","2026-08-02","passed","2026-08-02","","BudgetsViewModelTest[jvm]","com.georgeci.moneysurfer.feature.budget.list.BudgetsViewModelTest",""
"","7","update bumps updatedAt and enqueues UPDATE[jvm]","","2026-07-31","passed","2026-07-31","","WorkspaceMemberRepositoryDualWriteSpec[jvm]","com.georgeci.moneysurfer.data.repository.WorkspaceMemberRepositoryDualWriteSpec",""
"","2","a workspace doc written by an older client still maps, defaults and all[jvm]","","2026-07-31","passed","2026-07-31","","WorkspaceScopedDtoMapperSpec[jvm]","com.georgeci.moneysurfer.data.sync.WorkspaceScopedDtoMapperSpec",""
"","3","android's badly-formatted phrasing classifies as InvalidEmail[jvm]","","2026-07-31","passed","2026-07-31","","AuthErrorClassificationTest[jvm]","com.georgeci.moneysurfer.data.repository.AuthErrorClassificationTest",""
"","12","it is user-scoped, so the workspace loop never touches it[jvm]","","2026-07-31","passed","2026-07-31","","UserConfigSyncPluginSpec[jvm]","com.georgeci.moneysurfer.data.sync.plugin.UserConfigSyncPluginSpec",""
"","5","an interval divides the charge across the months it spans[jvm]","","2026-07-31","passed","2026-07-31","","InsightRulesTest[jvm]","com.georgeci.moneysurfer.domain.insight.InsightRulesTest",""
"","10","archive missing the main DB entry surfaces MissingFile[jvm]","","2026-07-31","passed","2026-07-31","","BackupImporterImplJvmTest[jvm]","com.georgeci.moneysurfer.data.backup.BackupImporterImplJvmTest",""
"","6","Confirm with nothing selected does nothing[jvm]","","2026-08-02","passed","2026-08-02","","WorkspaceSelectorViewModelTest[jvm]","com.georgeci.moneysurfer.feature.workspace.selector.WorkspaceSelectorViewModelTest",""
"","3","returns ProjectionSummary with zero recalculations for All scope[jvm]","","2026-07-31","passed","2026-07-31","","NoOpRecalculateLocalProjectionsUseCaseSpec[jvm]","com.georgeci.moneysurfer.sync.internal.usecase.NoOpRecalculateLocalProjectionsUseCaseSpec",""
"","23","from wraps single request as merged with one child[jvm]","","2026-07-31","passed","2026-07-31","","MergedSyncRequestSpec[jvm]","com.georgeci.moneysurfer.sync.coordinator.MergedSyncRequestSpec",""
"","7","onSyncStarted runs without error[jvm]","","2026-07-31","passed","2026-07-31","","KermitSyncTelemetrySpec[jvm]","com.georgeci.moneysurfer.sync.internal.telemetry.KermitSyncTelemetrySpec",""
"","37","the debug fallback only fires on a mismatch — a matching schema keeps its rows[jvm]","","2026-07-31","passed","2026-07-31","","DatabaseBuilderSpec[jvm]","com.georgeci.moneysurfer.data.db.DatabaseBuilderSpec",""
"","531","an available panel renders the key rows and the reset action[jvm]","","2026-08-02","passed","2026-08-02","","DebugConfigScreenStateTest[jvm]","com.georgeci.moneysurfer.ui.DebugConfigScreenStateTest",""
"","1","valid ISO -> LocalDate[jvm]","","2026-07-31","passed","2026-07-31","","TimeFormatterTest[jvm]","com.georgeci.moneysurfer.data.repository.TimeFormatterTest",""
"","5","planned → actual applies full impact[jvm]","","2026-07-31","passed","2026-07-31","","CalculateBalanceDeltaTest[jvm]","com.georgeci.moneysurfer.domain.model.CalculateBalanceDeltaTest",""
"","5","searching for a parent does not expose unrelated children[jvm]","","2026-08-02","passed","2026-08-02","","CategoryPickerRowsTest[jvm]","com.georgeci.moneysurfer.feature.category.picker.CategoryPickerRowsTest",""
"","9","a user without a workspace goes to the selector[jvm]","","2026-08-02","passed","2026-08-02","","StartRouteTest[jvm]","com.georgeci.moneysurfer.navigation.StartRouteTest",""
"","21","owner can tombstone a member row","","2026-08-02","passed","2026-08-02","","tombstone update shape (push-side soft delete)","tombstone update shape (push-side soft delete) owner can tombstone a member row",""
"","1","blank remote tags are dropped rather than stored as empty segments[jvm]","","2026-07-31","passed","2026-07-31","","TransactionDtoMapperSpec[jvm]","com.georgeci.moneysurfer.data.sync.TransactionDtoMapperSpec",""
"","4","month window spans the whole calendar month[jvm]","","2026-07-31","passed","2026-07-31","","TransactionPeriodWindowTest[jvm]","com.georgeci.moneysurfer.domain.util.TransactionPeriodWindowTest",""
"","16","save is a no-op when no workspace is pinned[jvm]","","2026-08-02","passed","2026-08-02","","CategoryCreationViewModelTest[jvm]","com.georgeci.moneysurfer.feature.category.creation.CategoryCreationViewModelTest",""
"","22","an invite tombstone removes the row[jvm]","","2026-07-31","passed","2026-07-31","","WorkspaceTreeSyncPluginIT[jvm]","com.georgeci.moneysurfer.integration.plugin.WorkspaceTreeSyncPluginIT",""
"","1","'42,123' (comma with three cents)[jvm]","","2026-08-02","passed","2026-08-02","","AmountInputTransformationTest[jvm]","com.georgeci.moneysurfer.utils.AmountInputTransformationTest",""
"","4","contribution delete enqueues a DELETE[jvm]","","2026-07-31","passed","2026-07-31","","GoalRepositoryDualWriteSpec[jvm]","com.georgeci.moneysurfer.data.repository.GoalRepositoryDualWriteSpec",""
"","0","WorkspaceMemberActions[jvm]","","2026-08-02","passed","2026-08-02","","RouteSerializationTest[jvm]","com.georgeci.moneysurfer.navigation.RouteSerializationTest",""
"","1","happy path: editor can leave[jvm]","","2026-07-31","passed","2026-07-31","","LeaveWorkspaceUseCaseTest[jvm]","com.georgeci.moneysurfer.domain.usecase.LeaveWorkspaceUseCaseTest",""
"","495","searching the currency sheet filters the rows without resizing the list[jvm]","","2026-08-02","passed","2026-08-02","","SurferFormFieldTest[jvm]","com.georgeci.moneysurfer.ui.SurferFormFieldTest",""
"","16","a double tap on the CTA only finishes the onboarding once[jvm]","","2026-08-02","passed","2026-08-02","","OnboardingViewModelTest[jvm]","com.georgeci.moneysurfer.feature.login.onboarding.OnboardingViewModelTest",""
"","935","guest logout asks for confirmation before wiping data[jvm]","","2026-08-02","passed","2026-08-02","","SettingsLogoutViewModelTest[jvm]","com.georgeci.moneysurfer.feature.settings.SettingsLogoutViewModelTest",""
"","17","existing install with a pinned workspace is left alone and does not re-login[jvm]","","2026-08-02","passed","2026-08-02","","OfflineFirstRunSeederTest[jvm]","com.georgeci.moneysurfer.offline.firstrun.OfflineFirstRunSeederTest",""
"","30","accepts a category from an older client that omits iconKey and hue","","2026-08-02","passed","2026-08-02","","entity write-shape validation (issue #156)","entity write-shape validation (issue #156) accepts a category from an older client that omits iconKey and hue",""
"","18","switching a widget off drops it from the dashboard and persists the layout[jvm]","","2026-08-02","passed","2026-08-02","","DashboardCustomizeViewModelTest[jvm]","com.georgeci.moneysurfer.feature.dashboard.customize.DashboardCustomizeViewModelTest",""
"","31","a resolved session names the user and the workspace[jvm]","","2026-08-02","passed","2026-08-02","","AppShellViewModelTest[jvm]","com.georgeci.moneysurfer.navigation.AppShellViewModelTest",""
"","468","the arrows page the period[jvm]","","2026-08-02","passed","2026-08-02","","InsightsScreenTest[jvm]","com.georgeci.moneysurfer.ui.InsightsScreenTest",""
"","16","with no workspace pinned the save reports a failure instead of navigating on[jvm]","","2026-08-02","passed","2026-08-02","","AccountCreationViewModelTest[jvm]","com.georgeci.moneysurfer.feature.account.creation.AccountCreationViewModelTest",""
"","20","the legacy REGULAR type is bucketed by the amount's sign[jvm]","","2026-07-31","passed","2026-07-31","","TransactionWindowIntegrationIT[jvm]","com.georgeci.moneysurfer.integration.repository.TransactionWindowIntegrationIT",""
"","10","a daily rule skips to its next step when today is off it[jvm]","","2026-07-31","passed","2026-07-31","","UpcomingRecurringTest[jvm]","com.georgeci.moneysurfer.domain.model.UpcomingRecurringTest",""
"","26","the Transfer marker agrees on both sides[jvm]","","2026-08-02","passed","2026-08-02","","CategoryPaletteParityTest[jvm]","com.georgeci.moneysurfer.feature.category.CategoryPaletteParityTest",""
"","15","rejects when invite email does not match the current user[jvm]","","2026-07-31","passed","2026-07-31","","AcceptInviteUseCaseTest[jvm]","com.georgeci.moneysurfer.domain.usecase.AcceptInviteUseCaseTest",""
"","5","the grid shows the seven most used categories of the type[jvm]","","2026-08-02","passed","2026-08-02","","TransactionCreationMappingTest[jvm]","com.georgeci.moneysurfer.feature.transaction.creation.TransactionCreationMappingTest",""
"","30","a month the workspace booked nothing in still draws a column[jvm]","","2026-08-02","passed","2026-08-02","","InsightsViewModelTest[jvm]","com.georgeci.moneysurfer.feature.insights.InsightsViewModelTest",""
"","53","no read path writes anything[jvm]","","2026-07-31","passed","2026-07-31","","LayeredConfigSpec[jvm]","com.georgeci.moneysurfer.appconfig.LayeredConfigSpec",""
"","60","a transaction with no note still has something to render as a title[jvm]","","2026-08-02","passed","2026-08-02","","DashboardViewModelTest[jvm]","com.georgeci.moneysurfer.feature.dashboard.DashboardViewModelTest",""
"","1","explicit value is preserved[jvm]","","2026-07-31","passed","2026-07-31","","SyncRequestIdSpec[jvm]","com.georgeci.moneysurfer.sync.api.SyncRequestIdSpec",""
"","1","a non-success result is refused[jvm]","","2026-07-31","passed","2026-07-31","","ExchangeRateApiTest[jvm]","com.georgeci.moneysurfer.data.remote.ExchangeRateApiTest",""
"","10","the parent picker offers neither the category itself nor its descendants[jvm]","","2026-08-02","passed","2026-08-02","","CategoryCreationViewModelTest[jvm]","com.georgeci.moneysurfer.feature.category.creation.CategoryCreationViewModelTest",""
"","115","a degraded layer is called out above the rows[jvm]","","2026-08-02","passed","2026-08-02","","DebugConfigScreenStateTest[jvm]","com.georgeci.moneysurfer.ui.DebugConfigScreenStateTest",""
"","3","pending() default limit forwards DEFAULT_BATCH_LIMIT[jvm]","","2026-07-31","passed","2026-07-31","","PendingMutationQueueSpec[jvm]","com.georgeci.moneysurfer.sync.repository.PendingMutationQueueSpec",""
"","8","pending respects limit[jvm]","","2026-07-31","passed","2026-07-31","","PendingMutationQueueImplSpec[jvm]","com.georgeci.moneysurfer.data.sync.PendingMutationQueueImplSpec",""
"","19","unknown extra entry between manifest and main DB is tolerated[jvm]","","2026-07-31","passed","2026-07-31","","BackupImporterImplJvmTest[jvm]","com.georgeci.moneysurfer.data.backup.BackupImporterImplJvmTest",""
"","1","a share is the entry's fraction of the period total[jvm]","","2026-07-31","passed","2026-07-31","","SpentByCategoryTest[jvm]","com.georgeci.moneysurfer.domain.model.SpentByCategoryTest",""
"","2","ids restart after a clear, when nothing is left to collide with[jvm]","","2026-07-31","passed","2026-07-31","","DebugLogBufferTest[jvm]","com.georgeci.moneysurfer.domain.logging.DebugLogBufferTest",""
"","1","merge keeps narrower scope when both narrow[jvm]","","2026-07-31","passed","2026-07-31","","MergedSyncRequestSpec[jvm]","com.georgeci.moneysurfer.sync.coordinator.MergedSyncRequestSpec",""
"","20","a parent lists its children with the share each takes of the parent total[jvm]","","2026-08-02","passed","2026-08-02","","CategoryDetailsViewModelTest[jvm]","com.georgeci.moneysurfer.feature.category.details.CategoryDetailsViewModelTest",""
"","58","owner with no other members purges the workspace, subcollections before the root doc[jvm]","","2026-07-31","passed","2026-07-31","","UserAccountDeletionRepositoryImplTest[jvm]","com.georgeci.moneysurfer.data.repository.UserAccountDeletionRepositoryImplTest",""
"","524","a field error does not move the rest of the form[jvm]","","2026-08-02","passed","2026-08-02","","SignInScreenStateTest[jvm]","com.georgeci.moneysurfer.ui.SignInScreenStateTest",""
"","19","editing updates the workspace in place instead of creating a second one[jvm]","","2026-08-02","passed","2026-08-02","","WorkspaceCreationViewModelTest[jvm]","com.georgeci.moneysurfer.feature.workspace.creation.WorkspaceCreationViewModelTest",""
"","4","reset drops the filters and keeps the search text[jvm]","","2026-08-02","passed","2026-08-02","","TransactionFilterMatchingTest[jvm]","com.georgeci.moneysurfer.feature.transaction.filter.TransactionFilterMatchingTest",""
"","23","owner create blocked when clientVersionCode missing","","2026-08-02","passed","2026-08-02","","invites — write","invites — write owner create blocked when clientVersionCode missing",""
"","24","a local write leaves lastPushedAt alone, so the row reads as pending again[jvm]","","2026-07-31","passed","2026-07-31","","ConfigEntryDaoIntegrationIT[jvm]","com.georgeci.moneysurfer.integration.repository.ConfigEntryDaoIntegrationIT",""
"","5","successful deletion clears the session and keeps the overlay up[jvm]","","2026-08-02","passed","2026-08-02","","DeleteUserAccountViewModelTest[jvm]","com.georgeci.moneysurfer.feature.settings.account.DeleteUserAccountViewModelTest",""
"","1","missing workspace root document is not counted and does not fail the pull[jvm]","","2026-07-31","passed","2026-07-31","","PullRemoteChangesUseCaseImplSpec[jvm]","com.georgeci.moneysurfer.data.sync.PullRemoteChangesUseCaseImplSpec",""
"","1","writes local pointer and pushes default when Firebase uid present[jvm]","","2026-07-31","passed","2026-07-31","","SelectWorkspaceUseCaseTest[jvm]","com.georgeci.moneysurfer.domain.usecase.SelectWorkspaceUseCaseTest",""
"","1","'+5' (plus sign)[jvm]","","2026-08-02","passed","2026-08-02","","AmountInputTransformationTest[jvm]","com.georgeci.moneysurfer.utils.AmountInputTransformationTest",""
"","7","different ids spread across the palette rather than collapsing onto one colour[jvm]","","2026-07-31","passed","2026-07-31","","CategoryAppearanceTest[jvm]","com.georgeci.moneysurfer.domain.model.CategoryAppearanceTest",""
"","355","push adds the route on top[jvm]","","2026-08-02","passed","2026-08-02","","AppNavigatorTest[jvm]","com.georgeci.moneysurfer.navigation.AppNavigatorTest",""
"","20","recent transactions include the ones booked to a child[jvm]","","2026-08-02","passed","2026-08-02","","CategoryDetailsViewModelTest[jvm]","com.georgeci.moneysurfer.feature.category.details.CategoryDetailsViewModelTest",""
"","1","merge appends child and unions reasons[jvm]","","2026-07-31","passed","2026-07-31","","MergedSyncRequestSpec[jvm]","com.georgeci.moneysurfer.sync.coordinator.MergedSyncRequestSpec",""
"","23","accepts a value at exactly 1024 characters","","2026-08-02","passed","2026-08-02","","users/{uid}/config/{key}","users/{uid}/config/{key} accepts a value at exactly 1024 characters",""
"","4","drops BOM artifacts even when they are the only ones of their group[jvm]","","2026-08-02","passed","2026-08-02","","ParseOssLibrariesTest[jvm]","com.georgeci.moneysurfer.feature.settings.about.licenses.ParseOssLibrariesTest",""
"","30","ActiveWorkspace scope pulls the workspace pinned in the session[jvm]","","2026-07-31","passed","2026-07-31","","NewWorkspacePullIntegrationIT[jvm]","com.georgeci.moneysurfer.integration.sync.NewWorkspacePullIntegrationIT",""
"","25","switching the type drops split categories the new type cannot use[jvm]","","2026-08-02","passed","2026-08-02","","TransactionCreationSplitTest[jvm]","com.georgeci.moneysurfer.feature.transaction.creation.TransactionCreationSplitTest",""
"","2","rejects invalid email[jvm]","","2026-07-31","passed","2026-07-31","","SendInviteUseCaseTest[jvm]","com.georgeci.moneysurfer.domain.usecase.SendInviteUseCaseTest",""
"","12","a zero contribution is rejected[jvm]","","2026-07-31","passed","2026-07-31","","GoalContributionUseCaseTest[jvm]","com.georgeci.moneysurfer.domain.usecase.GoalContributionUseCaseTest",""
"","7","a base that only differs in case is still the one we asked for[jvm]","","2026-07-31","passed","2026-07-31","","ExchangeRateApiTest[jvm]","com.georgeci.moneysurfer.data.remote.ExchangeRateApiTest",""
"","17","the amount is the month's expense, and income in the same month is not netted off it[jvm]","","2026-07-31","passed","2026-07-31","","GetSpentMonthUseCaseTest[jvm]","com.georgeci.moneysurfer.domain.usecase.GetSpentMonthUseCaseTest",""
"","1","the largest general monthly budget sets the cap[jvm]","","2026-07-31","passed","2026-07-31","","BurnRateTest[jvm]","com.georgeci.moneysurfer.domain.model.BurnRateTest",""
"","1","ids stay unique across the whole buffer, even for identical lines[jvm]","","2026-07-31","passed","2026-07-31","","DebugLogBufferTest[jvm]","com.georgeci.moneysurfer.domain.logging.DebugLogBufferTest",""
"","9","a budget with categories only counts those categories[jvm]","","2026-07-31","passed","2026-07-31","","BudgetProgressTest[jvm]","com.georgeci.moneysurfer.domain.model.BudgetProgressTest",""
"","40","import errors are exposed with row numbers in the state report[jvm]","","2026-08-02","passed","2026-08-02","","CsvBackupViewModelTest[jvm]","com.georgeci.moneysurfer.feature.settings.csv.CsvBackupViewModelTest",""
"","4","medium width presents the rail[jvm]","","2026-08-02","passed","2026-08-02","","NavigationShellTest[jvm]","com.georgeci.moneysurfer.navigation.NavigationShellTest",""
"","7","same-currency accounts collapse into one total[jvm]","","2026-07-31","passed","2026-07-31","","AccountTotalsTest[jvm]","com.georgeci.moneysurfer.domain.model.AccountTotalsTest",""
"","1","a zero limit reads as no spend at all rather than dividing by it[jvm]","","2026-07-31","passed","2026-07-31","","SafeToSpendTest[jvm]","com.georgeci.moneysurfer.domain.model.SafeToSpendTest",""
"","21","an upsert inserts when the row is new and overwrites when it is not[jvm]","","2026-07-31","passed","2026-07-31","","UserRepositoryImplJvmTest[jvm]","com.georgeci.moneysurfer.data.repository.UserRepositoryImplJvmTest",""
"","3","only a cross-currency transfer asks for the receiving amount[jvm]","","2026-08-02","passed","2026-08-02","","TransactionCreationStateTest[jvm]","com.georgeci.moneysurfer.feature.transaction.creation.TransactionCreationStateTest",""
"","8","a whitespace-only email is reported as missing, not as malformed[jvm]","","2026-08-02","passed","2026-08-02","","SignInViewModelTest[jvm]","com.georgeci.moneysurfer.feature.login.SignInViewModelTest",""
"","58","a second run deepens the history without cloning accounts, budgets or goals[jvm]","","2026-07-31","passed","2026-07-31","","DebugDataPrefillerTest[jvm]","com.georgeci.moneysurfer.domain.debug.DebugDataPrefillerTest",""
"","1","a Sunday anchor still belongs to the week that started the previous Monday[jvm]","","2026-07-31","passed","2026-07-31","","TransactionPeriodWindowTest[jvm]","com.georgeci.moneysurfer.domain.util.TransactionPeriodWindowTest",""
"","3","does not create a second workspace when one is already pinned[jvm]","","2026-07-31","passed","2026-07-31","","SeedDefaultsUseCaseTest[jvm]","com.georgeci.moneysurfer.domain.usecase.SeedDefaultsUseCaseTest",""
"","37","an undecodable override is rejected instead of stored[jvm]","","2026-07-31","passed","2026-07-31","","DebugConfigInspectorImplSpec[jvm]","com.georgeci.moneysurfer.appconfig.DebugConfigInspectorImplSpec",""
"","74","getByTransferId returns only the legs of the requested transfer[jvm]","","2026-07-31","passed","2026-07-31","","TransferCreationIntegrationIT[jvm]","com.georgeci.moneysurfer.integration.repository.TransferCreationIntegrationIT",""
"","13","a PAUSED goal rejects new contributions[jvm]","","2026-07-31","passed","2026-07-31","","GoalContributionUseCaseTest[jvm]","com.georgeci.moneysurfer.domain.usecase.GoalContributionUseCaseTest",""
"","4","ignores REMOVED ex-members when checking duplicates[jvm]","","2026-07-31","passed","2026-07-31","","SendInviteUseCaseTest[jvm]","com.georgeci.moneysurfer.domain.usecase.SendInviteUseCaseTest",""
"","82","a headline a rate helped build carries no trend rather than one that omits the foreign half[jvm]","","2026-08-02","passed","2026-08-02","","DashboardBalanceViewModelTest[jvm]","com.georgeci.moneysurfer.feature.dashboard.DashboardBalanceViewModelTest",""
"","2670","app module graph resolves()[jvm]","","2026-08-02","passed","2026-08-02","","KoinModuleVerificationTest[jvm]","com.georgeci.moneysurfer.di.KoinModuleVerificationTest",""
"","3","DELETE operation roundtrips through the entity layer[jvm]","","2026-07-31","passed","2026-07-31","","PendingMutationQueueImplSpec[jvm]","com.georgeci.moneysurfer.sync.internal.repository.PendingMutationQueueImplSpec",""
"","22","non-owner member cannot update workspace metadata","","2026-08-02","passed","2026-08-02","","workspaces/{wid}","workspaces/{wid} non-owner member cannot update workspace metadata",""
"","19","reading a key nobody wrote stores nothing[jvm]","","2026-07-31","passed","2026-07-31","","LocalConfigSourceImplJvmTest[jvm]","com.georgeci.moneysurfer.data.config.LocalConfigSourceImplJvmTest",""
"","64","rejects a poison update of an existing category (hue as string)","","2026-08-02","passed","2026-08-02","","entity write-shape validation (issue #156)","entity write-shape validation (issue #156) rejects a poison update of an existing category (hue as string)",""
"","2","'42.50' -> '42.50'[jvm]","","2026-08-02","passed","2026-08-02","","AmountInputTransformationTest[jvm]","com.georgeci.moneysurfer.utils.AmountInputTransformationTest",""
"","157","a custom field shadowing a well-known key withdraws that key's chip[jvm]","","2026-08-02","passed","2026-08-02","","AccountCreationViewModelTest[jvm]","com.georgeci.moneysurfer.feature.account.creation.AccountCreationViewModelTest",""
"","5","a child whose parent is absent is shown as a root rather than hidden[jvm]","","2026-07-31","passed","2026-07-31","","CategoryTreeTest[jvm]","com.georgeci.moneysurfer.domain.model.CategoryTreeTest",""
"","27","goal create is blocked when clientVersionCode is missing","","2026-08-02","passed","2026-08-02","","savings goals (issue #244)","savings goals (issue #244) goal create is blocked when clientVersionCode is missing",""
"","12","no budgets means no number to show[jvm]","","2026-07-31","passed","2026-07-31","","SafeToSpendTest[jvm]","com.georgeci.moneysurfer.domain.model.SafeToSpendTest",""
"","98","a successful payload becomes the domain table[jvm]","","2026-07-31","passed","2026-07-31","","ExchangeRateApiTest[jvm]","com.georgeci.moneysurfer.data.remote.ExchangeRateApiTest",""
"","7","a blank address is not even looked up[jvm]","","2026-07-31","passed","2026-07-31","","UserRemoteRepositoryImplTest[jvm]","com.georgeci.moneysurfer.data.repository.UserRemoteRepositoryImplTest",""
"","2","reader rejects unsupported compression method[jvm]","","2026-07-31","passed","2026-07-31","","ZipStoredCodecTest[jvm]","com.georgeci.moneysurfer.data.backup.ZipStoredCodecTest",""
"","2","schedulePeriodic uses default constraints when none supplied[jvm]","","2026-07-31","passed","2026-07-31","","BackgroundSyncSchedulerSpec[jvm]","com.georgeci.moneysurfer.sync.scheduler.BackgroundSyncSchedulerSpec",""
"","182","a transfer names both accounts instead of an account and a category[jvm]","","2026-08-02","passed","2026-08-02","","TransactionDetailsScreenStateTest[jvm]","com.georgeci.moneysurfer.ui.TransactionDetailsScreenStateTest",""
"","7","shifting a month selection steps from the first, so a short month cannot accumulate[jvm]","","2026-07-31","passed","2026-07-31","","SpendInsightsTest[jvm]","com.georgeci.moneysurfer.domain.model.SpendInsightsTest",""
"","527","the sheet stops growing once the cap engages, instead of tracking the window[jvm]","","2026-08-02","passed","2026-08-02","","SignInResponsiveLayoutTest[jvm]","com.georgeci.moneysurfer.ui.SignInResponsiveLayoutTest",""
"","20","uses the workspace base currency for the accounts it creates[jvm]","","2026-07-31","passed","2026-07-31","","DebugDataPrefillerTest[jvm]","com.georgeci.moneysurfer.domain.debug.DebugDataPrefillerTest",""
"","5","delete unwinds impact and removes the row[jvm]","","2026-07-31","passed","2026-07-31","","ApplyTransactionChangeUseCaseTest[jvm]","com.georgeci.moneysurfer.domain.usecase.ApplyTransactionChangeUseCaseTest",""
"","1","fromMajor composes units and cents exactly[jvm]","","2026-07-31","passed","2026-07-31","","MoneyTest[jvm]","com.georgeci.moneysurfer.domain.primitives.MoneyTest",""
"","226","string resources use only indexed placeholders[jvm]","","2026-08-02","passed","2026-08-02","","StringResourcePlaceholderTest[jvm]","com.georgeci.moneysurfer.utils.StringResourcePlaceholderTest",""
"","40","the layer stops serving the wiped values immediately, not once Room gets around to it[jvm]","","2026-07-31","passed","2026-07-31","","LocalDataResetIntegrationIT[jvm]","com.georgeci.moneysurfer.integration.repository.LocalDataResetIntegrationIT",""
"","16","enqueue persists a row with PENDING status[jvm]","","2026-07-31","passed","2026-07-31","","PendingMutationQueueImplSpec[jvm]","com.georgeci.moneysurfer.data.sync.PendingMutationQueueImplSpec",""
"","279","a full-width widget keeps the row to itself[jvm]","","2026-08-02","passed","2026-08-02","","DashboardGridScreenTest[jvm]","com.georgeci.moneysurfer.ui.DashboardGridScreenTest",""
"","0","collapses whitespace runs left behind by separator stripping[jvm]","","2026-07-31","passed","2026-07-31","","TransactionTagsTest[jvm]","com.georgeci.moneysurfer.domain.model.TransactionTagsTest",""
"","1","two rows for one month are summed rather than one of them winning[jvm]","","2026-07-31","passed","2026-07-31","","BalanceTrendTest[jvm]","com.georgeci.moneysurfer.domain.model.BalanceTrendTest",""
"","194","the brand header and the user block are both rendered[jvm]","","2026-08-02","passed","2026-08-02","","SurferNavigationDrawerTest[jvm]","com.georgeci.moneysurfer.ui.SurferNavigationDrawerTest",""
"","25","online state with sync disabled shows profile but hides only the sync section[jvm]","","2026-08-02","passed","2026-08-02","","SettingsStateOfflineTest[jvm]","com.georgeci.moneysurfer.feature.settings.SettingsStateOfflineTest",""
"","198","while the range follows the pager, the screen says so instead of showing empty date fields[jvm]","","2026-08-02","passed","2026-08-02","","TransactionFiltersScreenStateTest[jvm]","com.georgeci.moneysurfer.ui.TransactionFiltersScreenStateTest",""
"","1","the near-limit threshold is the budget's own alert percent[jvm]","","2026-07-31","passed","2026-07-31","","SpentByCategoryTest[jvm]","com.georgeci.moneysurfer.domain.model.SpentByCategoryTest",""
"","30","a failed seed leaves the onboarding unfinished so the next launch replays it[jvm]","","2026-08-02","passed","2026-08-02","","OnboardingViewModelTest[jvm]","com.georgeci.moneysurfer.feature.login.onboarding.OnboardingViewModelTest",""
"","16","an older remote doc does not resurrect a locally deleted row[jvm]","","2026-07-31","passed","2026-07-31","","TransactionSyncPluginIT[jvm]","com.georgeci.moneysurfer.integration.plugin.TransactionSyncPluginIT",""
"","6","the unset sentinels fall back rather than resolving to a real slot[jvm]","","2026-08-02","passed","2026-08-02","","CategoryPaletteParityTest[jvm]","com.georgeci.moneysurfer.feature.category.CategoryPaletteParityTest",""
"","86","login rolls the session back and signs out when the bootstrap fails[jvm]","","2026-07-31","passed","2026-07-31","","AuthSessionRollbackTest[jvm]","com.georgeci.moneysurfer.domain.usecase.AuthSessionRollbackTest",""
"","6","a chosen account lands in the slot the chooser was opened for[jvm]","","2026-08-02","passed","2026-08-02","","TransactionCreationMappingTest[jvm]","com.georgeci.moneysurfer.feature.transaction.creation.TransactionCreationMappingTest",""
"","0","a 31st rule that skips short months waits for a long one[jvm]","","2026-07-31","passed","2026-07-31","","UpcomingRecurringTest[jvm]","com.georgeci.moneysurfer.domain.model.UpcomingRecurringTest",""
"","5","each creation generates a fresh workspace id and re-pins the newest one[jvm]","","2026-07-31","passed","2026-07-31","","CreateWorkspaceUseCaseTest[jvm]","com.georgeci.moneysurfer.domain.usecase.CreateWorkspaceUseCaseTest",""
"","4","first pull starts from cursor 0 and advances the cursor to the newest doc[jvm]","","2026-07-31","passed","2026-07-31","","PullRemoteChangesUseCaseImplSpec[jvm]","com.georgeci.moneysurfer.data.sync.PullRemoteChangesUseCaseImplSpec",""
"","9","pending honours the limit[jvm]","","2026-07-31","passed","2026-07-31","","PendingMutationQueueImplSpec[jvm]","com.georgeci.moneysurfer.sync.internal.repository.PendingMutationQueueImplSpec",""
"","160","an empty balance drops the trend rather than pairing a delta with a dash[jvm]","","2026-08-02","passed","2026-08-02","","DashboardScreenStateTest[jvm]","com.georgeci.moneysurfer.ui.DashboardScreenStateTest",""
"","9","a build at or above the floor with nothing newer published is supported[jvm]","","2026-07-31","passed","2026-07-31","","AppVersionGateImplTest[jvm]","com.georgeci.moneysurfer.data.repository.AppVersionGateImplTest",""
"","28","the backfill numbers each workspace's accounts by insertion order, independently[jvm]","","2026-07-31","passed","2026-07-31","","AccountSortOrderMigrationIT[jvm]","com.georgeci.moneysurfer.integration.repository.AccountSortOrderMigrationIT",""
"","3","manifest JSON survives serialization[jvm]","","2026-07-31","passed","2026-07-31","","ZipStoredCodecTest[jvm]","com.georgeci.moneysurfer.data.backup.ZipStoredCodecTest",""
"","32","oldest-first sorting keeps a receipt as one row[jvm]","","2026-08-02","passed","2026-08-02","","TransactionsListSplitTest[jvm]","com.georgeci.moneysurfer.feature.transaction.list.TransactionsListSplitTest",""
"","1","the tombstone round-trips through the wire format[jvm]","","2026-07-31","passed","2026-07-31","","TransactionDtoMapperSpec[jvm]","com.georgeci.moneysurfer.data.sync.TransactionDtoMapperSpec",""
"","6","a 31st rule lands on the last day of a short month[jvm]","","2026-07-31","passed","2026-07-31","","UpcomingRecurringTest[jvm]","com.georgeci.moneysurfer.domain.model.UpcomingRecurringTest",""
"","33","accepts a budget with an empty categoryIds list","","2026-08-02","passed","2026-08-02","","entity write-shape validation (issue #156)","entity write-shape validation (issue #156) accepts a budget with an empty categoryIds list",""
"","4","a budget naming exactly this category caps it[jvm]","","2026-07-31","passed","2026-07-31","","SpentByCategoryTest[jvm]","com.georgeci.moneysurfer.domain.model.SpentByCategoryTest",""
"","14","empty outbox returns zero uploads without touching in-flight state[jvm]","","2026-07-31","passed","2026-07-31","","UploadPendingChangesUseCaseImplSpec[jvm]","com.georgeci.moneysurfer.data.sync.UploadPendingChangesUseCaseImplSpec",""
"","1","redactEmail handles a domain without a dot[jvm]","","2026-07-31","passed","2026-07-31","","PiiRedactionTest[jvm]","com.georgeci.moneysurfer.domain.logging.PiiRedactionTest",""
"","36","synced settings are deleted, so the next user cannot inherit them or win LWW with them[jvm]","","2026-07-31","passed","2026-07-31","","LocalDataResetIntegrationIT[jvm]","com.georgeci.moneysurfer.integration.repository.LocalDataResetIntegrationIT",""
"","3","a budget naming only this category becomes the backing budget[jvm]","","2026-07-31","passed","2026-07-31","","CategoryCapCoverageTest[jvm]","com.georgeci.moneysurfer.domain.model.CategoryCapCoverageTest",""
"","3","the user id follows the session[jvm]","","2026-07-31","passed","2026-07-31","","CrashReportingTest[jvm]","com.georgeci.moneysurfer.domain.telemetry.CrashReportingTest",""
"","5","a leg's own category and amount stay its own[jvm]","","2026-07-31","passed","2026-07-31","","UpdateTransactionUseCaseTest[jvm]","com.georgeci.moneysurfer.domain.usecase.UpdateTransactionUseCaseTest",""
"","0","all time is unbounded and contains everything[jvm]","","2026-07-31","passed","2026-07-31","","TransactionPeriodWindowTest[jvm]","com.georgeci.moneysurfer.domain.util.TransactionPeriodWindowTest",""
"","8","the list position survives the wire, so a reorder reaches the other device[jvm]","","2026-07-31","passed","2026-07-31","","AccountDtoMapperSpec[jvm]","com.georgeci.moneysurfer.data.sync.AccountDtoMapperSpec",""
"","4","Unsupported app version short-circuits the sync with UnsupportedAppVersion[jvm]","","2026-07-31","passed","2026-07-31","","SyncCoordinatorImplSpec[jvm]","com.georgeci.moneysurfer.sync.coordinator.SyncCoordinatorImplSpec",""
"","1809","the headline total folds every currency into the workspace base currency[jvm]","","2026-08-02","passed","2026-08-02","","DashboardBalanceViewModelTest[jvm]","com.georgeci.moneysurfer.feature.dashboard.DashboardBalanceViewModelTest",""
"","7","rows that predate the column are live, not deleted[jvm]","","2026-07-31","passed","2026-07-31","","TransactionSoftDeleteMigrationIT[jvm]","com.georgeci.moneysurfer.integration.repository.TransactionSoftDeleteMigrationIT",""
"","1","an empty store means the default layout[jvm]","","2026-07-31","passed","2026-07-31","","DashboardLayoutCodecTest[jvm]","com.georgeci.moneysurfer.data.preferences.DashboardLayoutCodecTest",""
"","2457","offline app module graph resolves()[jvm]","","2026-08-02","passed","2026-08-02","","OfflineKoinModuleVerificationTest[jvm]","com.georgeci.moneysurfer.offline.di.OfflineKoinModuleVerificationTest",""
"","8","rejects when caller is not OWNER[jvm]","","2026-07-31","passed","2026-07-31","","RemoveMemberUseCaseTest[jvm]","com.georgeci.moneysurfer.domain.usecase.RemoveMemberUseCaseTest",""
"","16","the baseline never spills past the end of its own month[jvm]","","2026-07-31","passed","2026-07-31","","GenerateInsightsUseCaseTest[jvm]","com.georgeci.moneysurfer.domain.usecase.GenerateInsightsUseCaseTest",""
"","7","an overspent budget reports a negative remainder rather than flooring at zero[jvm]","","2026-07-31","passed","2026-07-31","","SafeToSpendTest[jvm]","com.georgeci.moneysurfer.domain.model.SafeToSpendTest",""
"","43","cancelling never writes the draft anywhere[jvm]","","2026-08-02","passed","2026-08-02","","TransactionFiltersViewModelTest[jvm]","com.georgeci.moneysurfer.feature.transaction.filters.TransactionFiltersViewModelTest",""
"","14","raises WorkspaceNotFound when the workspace does not exist[jvm]","","2026-07-31","passed","2026-07-31","","UpdateWorkspaceCurrencyUseCaseTest[jvm]","com.georgeci.moneysurfer.domain.usecase.UpdateWorkspaceCurrencyUseCaseTest",""
"","244","the hero donut legend keeps five rows and the compact one three[jvm]","","2026-08-02","passed","2026-08-02","","DashboardScreenStateTest[jvm]","com.georgeci.moneysurfer.ui.DashboardScreenStateTest",""
"","1","addUpload accumulates uploadedCount[jvm]","","2026-07-31","passed","2026-07-31","","SyncSummaryBuilderSpec[jvm]","com.georgeci.moneysurfer.sync.api.SyncSummaryBuilderSpec",""
"","2","summary separates income and expense and calculates a positive net[jvm]","","2026-08-02","passed","2026-08-02","","TransactionsListMappingTest[jvm]","com.georgeci.moneysurfer.feature.transaction.list.TransactionsListMappingTest",""
"","3","an invite with no resolved recipient maps without one[jvm]","","2026-07-31","passed","2026-07-31","","MembershipDtoMapperSpec[jvm]","com.georgeci.moneysurfer.data.sync.MembershipDtoMapperSpec",""
"","15","an enabled session with a Firebase uid runs the ticker for that uid[jvm]","","2026-08-02","passed","2026-08-02","","PeriodicSyncGateTest[jvm]","com.georgeci.moneysurfer.navigation.PeriodicSyncGateTest",""
"","1","'00' (double leading zero)[jvm]","","2026-08-02","passed","2026-08-02","","AmountInputTransformationTest[jvm]","com.georgeci.moneysurfer.utils.AmountInputTransformationTest",""
"","15","cancelled picker keeps the screen idle[jvm]","","2026-08-02","passed","2026-08-02","","CsvBackupViewModelTest[jvm]","com.georgeci.moneysurfer.feature.settings.csv.CsvBackupViewModelTest",""
"","80","falls back to Missing when the category is deleted under an open screen[jvm]","","2026-08-02","passed","2026-08-02","","CategoryDetailsViewModelTest[jvm]","com.georgeci.moneysurfer.feature.category.details.CategoryDetailsViewModelTest",""
"","42","an upsert for a row that is already gone writes nothing and does not fail[jvm]","","2026-07-31","passed","2026-07-31","","AccountSyncPluginIT[jvm]","com.georgeci.moneysurfer.integration.plugin.AccountSyncPluginIT",""
"","23","a goal with no contributions has saved nothing rather than no answer[jvm]","","2026-07-31","passed","2026-07-31","","GoalContributionRepositoryImplJvmTest[jvm]","com.georgeci.moneysurfer.data.repository.GoalContributionRepositoryImplJvmTest",""
"","1","SimpleCancelToken cancel is idempotent[jvm]","","2026-07-31","passed","2026-07-31","","SyncCancelTokenSpec[jvm]","com.georgeci.moneysurfer.sync.api.SyncCancelTokenSpec",""
"","2","invalid drag and destructive events are safe no-ops[jvm]","","2026-08-02","passed","2026-08-02","","AccountsManageViewModelTest[jvm]","com.georgeci.moneysurfer.feature.account.manage.AccountsManageViewModelTest",""
"","60","key groups bind as distinct classes so getAll sees all of them[jvm]","","2026-08-02","passed","2026-08-02","","OnlineConfigGraphTest[jvm]","com.georgeci.moneysurfer.di.OnlineConfigGraphTest",""
"","0","epochMillis=1700000000000[jvm]","","2026-07-31","passed","2026-07-31","","TimeFormatterTest[jvm]","com.georgeci.moneysurfer.data.repository.TimeFormatterTest",""
"","25","list across all workspaces is denied — workspace get/list both gated by isMember","","2026-08-02","passed","2026-08-02","","workspaces/{wid}","workspaces/{wid} list across all workspaces is denied — workspace get/list both gated by isMember",""
"","14","a child's share is zero rather than a division by zero when the parent booked nothing[jvm]","","2026-08-02","passed","2026-08-02","","CategoryDetailsViewModelTest[jvm]","com.georgeci.moneysurfer.feature.category.details.CategoryDetailsViewModelTest",""
"","3","expanded and large widths present the drawer[jvm]","","2026-08-02","passed","2026-08-02","","NavigationShellTest[jvm]","com.georgeci.moneysurfer.navigation.NavigationShellTest",""
"","25","the user pointer going null bounces the app back to sign-in[jvm]","","2026-08-02","passed","2026-08-02","","AppLaunchViewModelTest[jvm]","com.georgeci.moneysurfer.navigation.AppLaunchViewModelTest",""
"","138","save shows a created snackbar carrying the category name[jvm]","","2026-08-02","passed","2026-08-02","","CategoryCreationViewModelTest[jvm]","com.georgeci.moneysurfer.feature.category.creation.CategoryCreationViewModelTest",""
"","13","'5' -> '5'[jvm]","","2026-08-02","passed","2026-08-02","","AmountInputTransformationTest[jvm]","com.georgeci.moneysurfer.utils.AmountInputTransformationTest",""
"","0","IncomingInvites[jvm]","","2026-08-02","passed","2026-08-02","","RouteSerializationTest[jvm]","com.georgeci.moneysurfer.navigation.RouteSerializationTest",""
"","5","blank names cannot be saved and show an error only after being touched[jvm]","","2026-08-02","passed","2026-08-02","","CategoryCreationStateTest[jvm]","com.georgeci.moneysurfer.feature.category.creation.CategoryCreationStateTest",""
"","3","a zero limit reads as 0 % rather than dividing by zero[jvm]","","2026-07-31","passed","2026-07-31","","BudgetProgressTest[jvm]","com.georgeci.moneysurfer.domain.model.BudgetProgressTest",""
"","18","local insert failure returns LocalWriteFailed and skips remote work[jvm]","","2026-07-31","passed","2026-07-31","","CreateWorkspaceUseCaseTest[jvm]","com.georgeci.moneysurfer.domain.usecase.CreateWorkspaceUseCaseTest",""
"","16","an over-assigned remainder is not pinned onto the line that loses its place[jvm]","","2026-08-02","passed","2026-08-02","","TransactionCreationSplitTest[jvm]","com.georgeci.moneysurfer.feature.transaction.creation.TransactionCreationSplitTest",""
"","17","a leg of a split is flagged, because swiping it deletes the whole receipt[jvm]","","2026-08-02","passed","2026-08-02","","CategoryDetailsViewModelTest[jvm]","com.georgeci.moneysurfer.feature.category.details.CategoryDetailsViewModelTest",""
"","27","EXPENSE creation persists row and decreases account balance by amount[jvm]","","2026-07-31","passed","2026-07-31","","TransactionCreationIntegrationIT[jvm]","com.georgeci.moneysurfer.integration.repository.TransactionCreationIntegrationIT",""
"","3","the period on screen picks between two general budgets on different cadences[jvm]","","2026-07-31","passed","2026-07-31","","SafeToSpendTest[jvm]","com.georgeci.moneysurfer.domain.model.SafeToSpendTest",""
"","17","signup rolls the session back when the bootstrap fails[jvm]","","2026-07-31","passed","2026-07-31","","AuthSessionRollbackTest[jvm]","com.georgeci.moneysurfer.domain.usecase.AuthSessionRollbackTest",""
"","3","ActiveWorkspace scope skips the invited-workspaces phase[jvm]","","2026-07-31","passed","2026-07-31","","PullRemoteChangesUseCaseImplSpec[jvm]","com.georgeci.moneysurfer.data.sync.PullRemoteChangesUseCaseImplSpec",""
"","18","a raw value the codec rejects is kept verbatim so the panel can show it[jvm]","","2026-07-31","passed","2026-07-31","","DebugConfigSourceImplJvmTest[jvm]","com.georgeci.moneysurfer.data.config.DebugConfigSourceImplJvmTest",""
"","1","the delta is the newest month's net, not the change across the whole window[jvm]","","2026-07-31","passed","2026-07-31","","BalanceTrendTest[jvm]","com.georgeci.moneysurfer.domain.model.BalanceTrendTest",""
"","39","Back and Edit are pure navigation, carrying the transaction they were opened on[jvm]","","2026-08-02","passed","2026-08-02","","TransactionDetailsViewModelTest[jvm]","com.georgeci.moneysurfer.feature.transaction.details.TransactionDetailsViewModelTest",""
"","7","a key that comes back after being cleared starts from a fresh store[jvm]","","2026-08-02","passed","2026-08-02","","NavEntryViewModelStoreHolderTest[jvm]","com.georgeci.moneysurfer.navigation.util.NavEntryViewModelStoreHolderTest",""
"","16","insert in a demo session writes DAO but skips the outbox[jvm]","","2026-07-31","passed","2026-07-31","","GoalRepositoryDualWriteSpec[jvm]","com.georgeci.moneysurfer.data.repository.GoalRepositoryDualWriteSpec",""
"","29","the forward arrow's bound is the view model's, not just the arrow's[jvm]","","2026-08-02","passed","2026-08-02","","InsightsViewModelTest[jvm]","com.georgeci.moneysurfer.feature.insights.InsightsViewModelTest",""
"","1","Started title[jvm]","","2026-07-31","passed","2026-07-31","","SyncStepSpec[jvm]","com.georgeci.moneysurfer.sync.api.SyncStepSpec",""
"","1","an archived budget limits nothing, so a cap set now is a fresh budget[jvm]","","2026-07-31","passed","2026-07-31","","CategoryCapCoverageTest[jvm]","com.georgeci.moneysurfer.domain.model.CategoryCapCoverageTest",""
"","4","at most one rise and one fall are reported, and the biggest move in money wins[jvm]","","2026-07-31","passed","2026-07-31","","InsightRulesTest[jvm]","com.georgeci.moneysurfer.domain.insight.InsightRulesTest",""
"","0","yearly anchor on Feb 29 clamps to Feb 28 in a non-leap year[jvm]","","2026-07-31","passed","2026-07-31","","BudgetPeriodWindowTest[jvm]","com.georgeci.moneysurfer.domain.util.BudgetPeriodWindowTest",""
"","52","recipient can collection-group query by targetUserId","","2026-08-02","passed","2026-08-02","","invites — read","invites — read recipient can collection-group query by targetUserId",""
"","1","enabledItems keeps order and drops the switched-off widgets[jvm]","","2026-07-31","passed","2026-07-31","","DashboardLayoutConfigTest[jvm]","com.georgeci.moneysurfer.domain.dashboard.DashboardLayoutConfigTest",""
"","85","an unset layout falls back to the default order[jvm]","","2026-08-02","passed","2026-08-02","","DashboardViewModelTest[jvm]","com.georgeci.moneysurfer.feature.dashboard.DashboardViewModelTest",""
"","37","per-layer cells distinguish absent from undecodable[jvm]","","2026-07-31","passed","2026-07-31","","DebugConfigInspectorImplSpec[jvm]","com.georgeci.moneysurfer.appconfig.DebugConfigInspectorImplSpec",""
"","26","a rejected override surfaces the offending value instead of failing silently[jvm]","","2026-08-02","passed","2026-08-02","","DebugConfigViewModelTest[jvm]","com.georgeci.moneysurfer.feature.settings.debug.DebugConfigViewModelTest",""
"","33","a fresh database is stamped with the declared schema version[jvm]","","2026-07-31","passed","2026-07-31","","DatabaseBuilderSpec[jvm]","com.georgeci.moneysurfer.data.db.DatabaseBuilderSpec",""
"","2","history inside the window moves the curve[jvm]","","2026-07-31","passed","2026-07-31","","GetAccountBalanceSeriesUseCaseTest[jvm]","com.georgeci.moneysurfer.domain.usecase.GetAccountBalanceSeriesUseCaseTest",""
"","10","toString contains the id and entityType[jvm]","","2026-07-31","passed","2026-07-31","","PendingMutationSpec[jvm]","com.georgeci.moneysurfer.sync.repository.PendingMutationSpec",""
"","12","deleting a rule that is already gone enqueues nothing[jvm]","","2026-07-31","passed","2026-07-31","","RecurringRuleRepositoryImplJvmTest[jvm]","com.georgeci.moneysurfer.data.repository.RecurringRuleRepositoryImplJvmTest",""
"","1","debug builds keep verbose logging[jvm]","","2026-07-31","passed","2026-07-31","","LoggingConfigTest[jvm]","com.georgeci.moneysurfer.domain.logging.LoggingConfigTest",""
"","1","CompositeCancelToken throwIfCancelled when all cancelled throws[jvm]","","2026-07-31","passed","2026-07-31","","SyncCancelTokenSpec[jvm]","com.georgeci.moneysurfer.sync.api.SyncCancelTokenSpec",""
"","0","AccountChooser[jvm]","","2026-08-02","passed","2026-08-02","","RouteSerializationTest[jvm]","com.georgeci.moneysurfer.navigation.RouteSerializationTest",""
"","8","exponent notation is an invalid format[jvm]","","2026-08-02","passed","2026-08-02","","TransactionAmountInputTest[jvm]","com.georgeci.moneysurfer.feature.transaction.creation.TransactionAmountInputTest",""
"","175","each kind draws its own sentence, built from the formatted amounts[jvm]","","2026-08-02","passed","2026-08-02","","DashboardInsightsScreenTest[jvm]","com.georgeci.moneysurfer.ui.DashboardInsightsScreenTest",""
"","35","name input is truncated at the max length[jvm]","","2026-08-02","passed","2026-08-02","","CategoryCreationViewModelTest[jvm]","com.georgeci.moneysurfer.feature.category.creation.CategoryCreationViewModelTest",""
"","27","search matches merchant, note and category, and survives into the state[jvm]","","2026-08-02","passed","2026-08-02","","TransactionsByAccountFilteringTest[jvm]","com.georgeci.moneysurfer.feature.transaction.list.TransactionsByAccountFilteringTest",""
"","116","an empty workspace lands on empty Content, not on a stuck spinner[jvm]","","2026-08-02","passed","2026-08-02","","BudgetsViewModelTest[jvm]","com.georgeci.moneysurfer.feature.budget.list.BudgetsViewModelTest",""
"","236","fills the pinned workspace with accounts, a year of transactions, budgets and goals[jvm]","","2026-07-31","passed","2026-07-31","","DebugDataPrefillerTest[jvm]","com.georgeci.moneysurfer.domain.debug.DebugDataPrefillerTest",""
"","311","collapses per-platform artifacts into a handful of family rows[jvm]","","2026-08-02","passed","2026-08-02","","ParseOssLibrariesTest[jvm]","com.georgeci.moneysurfer.feature.settings.about.licenses.ParseOssLibrariesTest",""
"","0","pads ids with fewer than four hex digits[jvm]","","2026-07-31","passed","2026-07-31","","TransactionReferenceTest[jvm]","com.georgeci.moneysurfer.domain.model.TransactionReferenceTest",""
"","1","restyling to the style a widget already has, or a widget the layout lacks, changes nothing[jvm]","","2026-07-31","passed","2026-07-31","","DashboardLayoutConfigTest[jvm]","com.georgeci.moneysurfer.domain.dashboard.DashboardLayoutConfigTest",""
"","9","a device-scoped write queues nothing[jvm]","","2026-07-31","passed","2026-07-31","","LocalConfigSourceImplJvmTest[jvm]","com.georgeci.moneysurfer.data.config.LocalConfigSourceImplJvmTest",""
"","5","empty batch keeps the cursor untouched but still marks success[jvm]","","2026-07-31","passed","2026-07-31","","PullRemoteChangesUseCaseImplSpec[jvm]","com.georgeci.moneysurfer.data.sync.PullRemoteChangesUseCaseImplSpec",""
"","0","raising the target above the saved amount re-opens a completed goal[jvm]","","2026-07-31","passed","2026-07-31","","SavingsGoalUseCaseTest[jvm]","com.georgeci.moneysurfer.domain.usecase.SavingsGoalUseCaseTest",""
"","46","the pushed document carries this build's version code[jvm]","","2026-07-31","passed","2026-07-31","","AccountSyncPluginIT[jvm]","com.georgeci.moneysurfer.integration.plugin.AccountSyncPluginIT",""
"","6","a tie on account count is broken by currency code so the order is stable[jvm]","","2026-07-31","passed","2026-07-31","","AccountTotalsTest[jvm]","com.georgeci.moneysurfer.domain.model.AccountTotalsTest",""
"","20","relaunch is idempotent — no duplicate workspace and still no seeded account[jvm]","","2026-08-02","passed","2026-08-02","","OfflineFirstRunSeederTest[jvm]","com.georgeci.moneysurfer.offline.firstrun.OfflineFirstRunSeederTest",""
"","428","tampering with the sealed payload surfaces WrongPassphrase[jvm]","","2026-07-31","passed","2026-07-31","","BackupEncryptedRoundTripJvmTest[jvm]","com.georgeci.moneysurfer.data.backup.BackupEncryptedRoundTripJvmTest",""
"","12","an opening balance is unsigned and is not something to re-enter[jvm]","","2026-08-02","passed","2026-08-02","","TransactionDetailsViewModelTest[jvm]","com.georgeci.moneysurfer.feature.transaction.details.TransactionDetailsViewModelTest",""
"","24","user CANNOT self-promote their role","","2026-08-02","passed","2026-08-02","","workspaces/{wid}/members/{uid}","workspaces/{wid}/members/{uid} user CANNOT self-promote their role",""
"","8","debug builds keep collection off[jvm]","","2026-07-31","passed","2026-07-31","","CrashReportingTest[jvm]","com.georgeci.moneysurfer.domain.telemetry.CrashReportingTest",""
"","1","the most-used currency leads regardless of account order[jvm]","","2026-07-31","passed","2026-07-31","","AccountTotalsTest[jvm]","com.georgeci.moneysurfer.domain.model.AccountTotalsTest",""
"","20","update applies the edit to the stored row and leaves the rest alone[jvm]","","2026-07-31","passed","2026-07-31","","AccountWriteUseCasesTest[jvm]","com.georgeci.moneysurfer.domain.usecase.AccountWriteUseCasesTest",""
"","54","the window the panes are asserted at is an Expanded one[jvm]","","2026-08-02","passed","2026-08-02","","SurferPaneChromeTest[jvm]","com.georgeci.moneysurfer.ui.SurferPaneChromeTest",""
"","31","client cannot write the flag document (Console-only)","","2026-08-02","passed","2026-08-02","","appConfig/{docId}","appConfig/{docId} client cannot write the flag document (Console-only)",""
"","31","there is no identity band outside edit mode[jvm]","","2026-08-02","passed","2026-08-02","","TransactionCreationEditTest[jvm]","com.georgeci.moneysurfer.feature.transaction.creation.TransactionCreationEditTest",""
"","8","markInFlight excludes rows from pending() but markFailed brings them back[jvm]","","2026-07-31","passed","2026-07-31","","PendingMutationQueueIntegrationIT[jvm]","com.georgeci.moneysurfer.integration.sync.PendingMutationQueueIntegrationIT",""
"","19","clearing a pointer reads back as null, not as an empty id[jvm]","","2026-07-31","passed","2026-07-31","","SessionPointersImplJvmTest[jvm]","com.georgeci.moneysurfer.data.preferences.SessionPointersImplJvmTest",""
"","1","a blank provider email is treated as absent[jvm]","","2026-08-02","passed","2026-08-02","","ShellIdentityTest[jvm]","com.georgeci.moneysurfer.navigation.ShellIdentityTest",""
"","8","mixed comma and dot separators are an invalid format[jvm]","","2026-08-02","passed","2026-08-02","","TransactionAmountInputTest[jvm]","com.georgeci.moneysurfer.feature.transaction.creation.TransactionAmountInputTest",""
"","558","successful import stores the report in state and posts an ImportFinished notice[jvm]","","2026-08-02","passed","2026-08-02","","CsvBackupViewModelTest[jvm]","com.georgeci.moneysurfer.feature.settings.csv.CsvBackupViewModelTest",""
"","15","a weekly rule takes the next of its selected weekdays[jvm]","","2026-07-31","passed","2026-07-31","","UpcomingRecurringTest[jvm]","com.georgeci.moneysurfer.domain.model.UpcomingRecurringTest",""
"","1","workspace root document is applied before subcollection plugins[jvm]","","2026-07-31","passed","2026-07-31","","PullRemoteChangesUseCaseImplSpec[jvm]","com.georgeci.moneysurfer.data.sync.PullRemoteChangesUseCaseImplSpec",""
"","21","rejects a contribution whose goalId is a number","","2026-08-02","passed","2026-08-02","","savings goals (issue #244)","savings goals (issue #244) rejects a contribution whose goalId is a number",""
"","26","a contribution whose goal is not here is skipped rather than failing the batch[jvm]","","2026-07-31","passed","2026-07-31","","GoalSyncPluginIT[jvm]","com.georgeci.moneysurfer.integration.plugin.GoalSyncPluginIT",""
"","35","an account that a refresh cannot find leaves the slot as it was[jvm]","","2026-08-02","passed","2026-08-02","","TransactionCreationFormTest[jvm]","com.georgeci.moneysurfer.feature.transaction.creation.TransactionCreationFormTest",""
"","6","a negative amount passed to add is rejected instead of read as a withdrawal[jvm]","","2026-07-31","passed","2026-07-31","","GoalContributionUseCaseTest[jvm]","com.georgeci.moneysurfer.domain.usecase.GoalContributionUseCaseTest",""
"","21","a denied subcollection query skips the rest of that workspace[jvm]","","2026-07-31","passed","2026-07-31","","PullRemoteChangesUseCaseImplSpec[jvm]","com.georgeci.moneysurfer.data.sync.PullRemoteChangesUseCaseImplSpec",""
"","13","creating a goal in the workspace base currency succeeds[jvm]","","2026-07-31","passed","2026-07-31","","SavingsGoalUseCaseTest[jvm]","com.georgeci.moneysurfer.domain.usecase.SavingsGoalUseCaseTest",""
"","62","Undo restores the same row rather than an equal-looking new one[jvm]","","2026-07-31","passed","2026-07-31","","TransactionSoftDeleteIntegrationIT[jvm]","com.georgeci.moneysurfer.integration.repository.TransactionSoftDeleteIntegrationIT",""
"","0","a budget spanning several categories caps none of them on its own[jvm]","","2026-07-31","passed","2026-07-31","","SpentByCategoryTest[jvm]","com.georgeci.moneysurfer.domain.model.SpentByCategoryTest",""
"","47","a workspace named nothing but whitespace falls back rather than drawing an empty title[jvm]","","2026-08-02","passed","2026-08-02","","DashboardViewModelTest[jvm]","com.georgeci.moneysurfer.feature.dashboard.DashboardViewModelTest",""
"","2","a square window is not landscape[jvm]","","2026-08-02","passed","2026-08-02","","SurferWindowSizeTest[jvm]","com.georgeci.moneysurfer.uikit.window.SurferWindowSizeTest",""
"","2","SyncHandleStatus.Running carries currentStep[jvm]","","2026-07-31","passed","2026-07-31","","SyncStateSpec[jvm]","com.georgeci.moneysurfer.sync.api.SyncStateSpec",""
"","1","moving a widget up puts it in the slot of the widget it landed on[jvm]","","2026-07-31","passed","2026-07-31","","DashboardLayoutConfigTest[jvm]","com.georgeci.moneysurfer.domain.dashboard.DashboardLayoutConfigTest",""
"","156","swiping a row away removes it, and the snackbar's Undo puts it back[jvm]","","2026-08-02","passed","2026-08-02","","TransactionsByAccountDeleteTest[jvm]","com.georgeci.moneysurfer.feature.transaction.list.TransactionsByAccountDeleteTest",""
"","117","changing the period resets paging back to the first page[jvm]","","2026-08-02","passed","2026-08-02","","TransactionsByAccountPeriodTest[jvm]","com.georgeci.moneysurfer.feature.transaction.list.TransactionsByAccountPeriodTest",""
"","134","outbox rows and cursors replace their empty states, one node per row[jvm]","","2026-08-02","passed","2026-08-02","","SyncScreenStateTest[jvm]","com.georgeci.moneysurfer.ui.SyncScreenStateTest",""
"","17","back returns from the first-account step to the value step[jvm]","","2026-08-02","passed","2026-08-02","","OnboardingViewModelTest[jvm]","com.georgeci.moneysurfer.feature.login.onboarding.OnboardingViewModelTest",""
"","6","returns null when decode throws SerializationException (wrong field type)[jvm]","","2026-07-31","passed","2026-07-31","","DecodeOrNullSpec[jvm]","com.georgeci.moneysurfer.data.sync.plugin.DecodeOrNullSpec",""
"","400","wrong password surfaces WrongPassword notice and re-enables the screen[jvm]","","2026-08-02","passed","2026-08-02","","DeleteUserAccountViewModelTest[jvm]","com.georgeci.moneysurfer.feature.settings.account.DeleteUserAccountViewModelTest",""
"","1","'1 2' (spaces)[jvm]","","2026-08-02","passed","2026-08-02","","AmountInputTransformationTest[jvm]","com.georgeci.moneysurfer.utils.AmountInputTransformationTest",""
"","3","invalid-email (FIRAuth 17008) classifies as InvalidEmail, not InvalidCredentials[jvm]","","2026-07-31","passed","2026-07-31","","AuthErrorClassificationTest[jvm]","com.georgeci.moneysurfer.data.repository.AuthErrorClassificationTest",""
"","9","PUSH_MEMBERS sits between PUSH_WORKSPACE and PUSH_INVITES[jvm]","","2026-07-31","passed","2026-07-31","","SyncStepOrderTest[jvm]","com.georgeci.moneysurfer.domain.model.SyncStepOrderTest",""
"","3","moving reorders only the enabled widgets and leaves the switched-off ones behind them[jvm]","","2026-07-31","passed","2026-07-31","","DashboardLayoutConfigTest[jvm]","com.georgeci.moneysurfer.domain.dashboard.DashboardLayoutConfigTest",""
"","2","the category picker returns a category id[jvm]","","2026-08-02","passed","2026-08-02","","NavigationResultKeysTest[jvm]","com.georgeci.moneysurfer.navigation.NavigationResultKeysTest",""
"","349","well-known keys map to their localized labels[jvm]","","2026-08-02","passed","2026-08-02","","AccountExtraDetailLabelTest[jvm]","com.georgeci.moneysurfer.feature.account.AccountExtraDetailLabelTest",""
"","9","dismissing a picker changes nothing but the sheet[jvm]","","2026-08-02","passed","2026-08-02","","PreferencesViewModelTest[jvm]","com.georgeci.moneysurfer.feature.settings.preferences.PreferencesViewModelTest",""
"","2","remote cleanup failure keeps the local session so the user can retry[jvm]","","2026-07-31","passed","2026-07-31","","DeleteUserAccountUseCaseTest[jvm]","com.georgeci.moneysurfer.domain.usecase.DeleteUserAccountUseCaseTest",""
"","27","a leaf category is flagged as such and lists no subcategories[jvm]","","2026-08-02","passed","2026-08-02","","CategoryDetailsViewModelTest[jvm]","com.georgeci.moneysurfer.feature.category.details.CategoryDetailsViewModelTest",""
"","1","summary formats a negative net and ignores totals in another currency[jvm]","","2026-08-02","passed","2026-08-02","","TransactionsListMappingTest[jvm]","com.georgeci.moneysurfer.feature.transaction.list.TransactionsListMappingTest",""
"","9","DELETE mutation persists and is readable[jvm]","","2026-07-31","passed","2026-07-31","","PendingMutationQueueImplSpec[jvm]","com.georgeci.moneysurfer.data.sync.PendingMutationQueueImplSpec",""
"","1","weekly window start is inclusive and end is exclusive[jvm]","","2026-07-31","passed","2026-07-31","","BudgetPeriodWindowTest[jvm]","com.georgeci.moneysurfer.domain.util.BudgetPeriodWindowTest",""
"","1","the monthly average divides by the whole window, not by the months with spend[jvm]","","2026-07-31","passed","2026-07-31","","CategorySpendHistoryTest[jvm]","com.georgeci.moneysurfer.domain.model.CategorySpendHistoryTest",""
"","4","redactEmail never leaks the raw address[jvm]","","2026-07-31","passed","2026-07-31","","PiiRedactionTest[jvm]","com.georgeci.moneysurfer.domain.logging.PiiRedactionTest",""
"","188","a week is labelled by its range and its ISO number[jvm]","","2026-08-02","passed","2026-08-02","","TransactionsListScreenStateTest[jvm]","com.georgeci.moneysurfer.ui.TransactionsListScreenStateTest",""
"","1","normalize drops entries with a blank key or a blank value[jvm]","","2026-07-31","passed","2026-07-31","","AccountExtraDetailsTest[jvm]","com.georgeci.moneysurfer.domain.model.AccountExtraDetailsTest",""
"","1","a list pushed above an inline panel still gives the detail its back affordance[jvm]","","2026-08-02","passed","2026-08-02","","SurferPaneSceneStrategyTest[jvm]","com.georgeci.moneysurfer.navigation.SurferPaneSceneStrategyTest",""
"","11","a row whose currency differs from the account currency is rejected[jvm]","","2026-07-31","passed","2026-07-31","","ImportTransactionsValidationTest[jvm]","com.georgeci.moneysurfer.domain.csv.ImportTransactionsValidationTest",""
"","11","SettingKey can never be remote-overridable[jvm]","","2026-07-31","passed","2026-07-31","","ConfigCodecSpec[jvm]","com.georgeci.moneysurfer.appconfig.ConfigCodecSpec",""
"","32","non-member is blocked from categories","","2026-08-02","passed","2026-08-02","","member-gated entities (smoke for the rest)","member-gated entities (smoke for the rest) non-member is blocked from categories",""
"","9","a blank field shows no error but does not validate[jvm]","","2026-08-02","passed","2026-08-02","","TransactionAmountInputTest[jvm]","com.georgeci.moneysurfer.feature.transaction.creation.TransactionAmountInputTest",""
"","75","the retention window is thirty days[jvm]","","2026-07-31","passed","2026-07-31","","PurgeDeletedTransactionsUseCaseTest[jvm]","com.georgeci.moneysurfer.domain.usecase.PurgeDeletedTransactionsUseCaseTest",""
"","48","sync is enabled only when build, server and user all say yes[jvm]","","2026-07-31","passed","2026-07-31","","ConfigFacadesJvmTest[jvm]","com.georgeci.moneysurfer.data.config.ConfigFacadesJvmTest",""
"","0","CategoryChooser[jvm]","","2026-08-02","passed","2026-08-02","","RouteSerializationTest[jvm]","com.georgeci.moneysurfer.navigation.RouteSerializationTest",""
"","41","the baseline is the same stretch of the previous month, not the whole of it[jvm]","","2026-07-31","passed","2026-07-31","","GenerateInsightsUseCaseTest[jvm]","com.georgeci.moneysurfer.domain.usecase.GenerateInsightsUseCaseTest",""
"","21","an expense signs its amount and names the parent of a nested category[jvm]","","2026-08-02","passed","2026-08-02","","TransactionDetailsViewModelTest[jvm]","com.georgeci.moneysurfer.feature.transaction.details.TransactionDetailsViewModelTest",""
"","12","the reading is local, not UTC — one instant greets two zones differently[jvm]","","2026-07-31","passed","2026-07-31","","DayPartTest[jvm]","com.georgeci.moneysurfer.domain.model.DayPartTest",""
"","6","no budget at all caps nothing[jvm]","","2026-07-31","passed","2026-07-31","","BurnRateTest[jvm]","com.georgeci.moneysurfer.domain.model.BurnRateTest",""
"","1","onStepEntered is callable[jvm]","","2026-07-31","passed","2026-07-31","","SyncTelemetryNoOpSpec[jvm]","com.georgeci.moneysurfer.sync.telemetry.SyncTelemetryNoOpSpec",""
"","1","the account and category pickers narrow to what was ticked[jvm]","","2026-08-02","passed","2026-08-02","","TransactionFilterMatchingTest[jvm]","com.georgeci.moneysurfer.feature.transaction.filter.TransactionFilterMatchingTest",""
"","0","update amount expense 100 → 150 produces -50 delta[jvm]","","2026-07-31","passed","2026-07-31","","CalculateBalanceDeltaTest[jvm]","com.georgeci.moneysurfer.domain.model.CalculateBalanceDeltaTest",""
"","896","a new expense opens on the Expense segment with the category grid under it[jvm]","","2026-08-02","passed","2026-08-02","","TransactionCreationScreenStateTest[jvm]","com.georgeci.moneysurfer.ui.TransactionCreationScreenStateTest",""
"","1","balanceImpact uses abs(money) so legacy signed money still produces correct sign[jvm]","","2026-07-31","passed","2026-07-31","","BalanceImpactTest[jvm]","com.georgeci.moneysurfer.domain.model.BalanceImpactTest",""
"","6","with no budget the amount still emits, with no cap to measure it against[jvm]","","2026-07-31","passed","2026-07-31","","GetSpentMonthUseCaseTest[jvm]","com.georgeci.moneysurfer.domain.usecase.GetSpentMonthUseCaseTest",""
"","25","owner can hard-delete the workspace doc (account-deletion purge)","","2026-08-02","passed","2026-08-02","","workspaces/{wid}","workspaces/{wid} owner can hard-delete the workspace doc (account-deletion purge)",""
"","17","back is still a navigation side effect[jvm]","","2026-08-02","passed","2026-08-02","","PreferencesViewModelTest[jvm]","com.georgeci.moneysurfer.feature.settings.preferences.PreferencesViewModelTest",""
"","1884","every registered configuration key name is unique across the whole graph[jvm]","","2026-08-02","passed","2026-08-02","","OfflineConfigGraphTest[jvm]","com.georgeci.moneysurfer.offline.di.OfflineConfigGraphTest",""
"","14","the window is inclusive at the start and exclusive at the end[jvm]","","2026-07-31","passed","2026-07-31","","SpendAnalyticsRepositoryImplJvmTest[jvm]","com.georgeci.moneysurfer.data.repository.SpendAnalyticsRepositoryImplJvmTest",""
"","69","a paused rule is not listed[jvm]","","2026-08-02","passed","2026-08-02","","DashboardRecurringViewModelTest[jvm]","com.georgeci.moneysurfer.feature.dashboard.DashboardRecurringViewModelTest",""
"","104","a user-scoped plugin is never run against a workspace[jvm]","","2026-07-31","passed","2026-07-31","","PullRemoteChangesUseCaseImplSpec[jvm]","com.georgeci.moneysurfer.data.sync.PullRemoteChangesUseCaseImplSpec",""
"","1","a current record read as the pre-#260 format is rejected as an over-long row[jvm]","","2026-07-31","passed","2026-07-31","","TransactionCsvCodecTest[jvm]","com.georgeci.moneysurfer.domain.csv.TransactionCsvCodecTest",""
"","29","save EXPENSE shows a created snackbar[jvm]","","2026-08-02","passed","2026-08-02","","TransactionCreationSaveTest[jvm]","com.georgeci.moneysurfer.feature.transaction.creation.TransactionCreationSaveTest",""
"","17","an opening balance does not conjure a month into the trend[jvm]","","2026-07-31","passed","2026-07-31","","SpendAnalyticsRepositoryImplJvmTest[jvm]","com.georgeci.moneysurfer.data.repository.SpendAnalyticsRepositoryImplJvmTest",""
"","121","the budgets widget reads spend, limit and remainder off the active budget[jvm]","","2026-08-02","passed","2026-08-02","","DashboardBudgetsViewModelTest[jvm]","com.georgeci.moneysurfer.feature.dashboard.DashboardBudgetsViewModelTest",""
"","10","the switch's two entries map onto the transaction and budget spellings of the same span[jvm]","","2026-07-31","passed","2026-07-31","","DashboardPeriodTest[jvm]","com.georgeci.moneysurfer.domain.dashboard.DashboardPeriodTest",""
"","2","ProjectionSummary copy preserves equality semantics[jvm]","","2026-07-31","passed","2026-07-31","","ProjectionSpec[jvm]","com.georgeci.moneysurfer.sync.projection.ProjectionSpec",""
"","179","export then import restores seeded entities + datastore + clears sync DB[jvm]","","2026-07-31","passed","2026-07-31","","BackupRoundTripJvmTest[jvm]","com.georgeci.moneysurfer.data.backup.BackupRoundTripJvmTest",""
"","44","a weekly rule round-trips its weekday set through the CSV column[jvm]","","2026-07-31","passed","2026-07-31","","RecurringRuleRepositoryImplJvmTest[jvm]","com.georgeci.moneysurfer.data.repository.RecurringRuleRepositoryImplJvmTest",""
"","24","an empty cache still emits, so the dashboard renders before the first fetch lands[jvm]","","2026-07-31","passed","2026-07-31","","GetExchangeRatesUseCaseTest[jvm]","com.georgeci.moneysurfer.domain.usecase.GetExchangeRatesUseCaseTest",""
"","5","wipes Room and clears flag when hasUsedDemo is true[jvm]","","2026-07-31","passed","2026-07-31","","WipeDemoDataUseCaseSpec[jvm]","com.georgeci.moneysurfer.domain.usecase.WipeDemoDataUseCaseSpec",""
"","47","row referencing a missing account is reported and not inserted[jvm]","","2026-07-31","passed","2026-07-31","","CsvBackupIntegrationIT[jvm]","com.georgeci.moneysurfer.integration.repository.CsvBackupIntegrationIT",""
"","3","each currency keeps its own total instead of being summed together[jvm]","","2026-07-31","passed","2026-07-31","","AccountTotalsTest[jvm]","com.georgeci.moneysurfer.domain.model.AccountTotalsTest",""
"","41","an evicted (REMOVED) member loses access to goals","","2026-08-02","passed","2026-08-02","","savings goals (issue #244)","savings goals (issue #244) an evicted (REMOVED) member loses access to goals",""
"","1","negating Long.MIN_VALUE via times(-1) throws instead of wrapping[jvm]","","2026-07-31","passed","2026-07-31","","MoneyTest[jvm]","com.georgeci.moneysurfer.domain.primitives.MoneyTest",""
"","14","an unbounded window spans every month[jvm]","","2026-07-31","passed","2026-07-31","","SpendAnalyticsRepositoryImplJvmTest[jvm]","com.georgeci.moneysurfer.data.repository.SpendAnalyticsRepositoryImplJvmTest",""
"","18","offline build keeps sync off — there is no Firestore-backed implementation here[jvm]","","2026-08-02","passed","2026-08-02","","OfflineConfigGraphTest[jvm]","com.georgeci.moneysurfer.offline.di.OfflineConfigGraphTest",""
"","4","an empty tag list encodes as an empty cell and decodes back to no tags[jvm]","","2026-07-31","passed","2026-07-31","","TransactionCsvCodecTest[jvm]","com.georgeci.moneysurfer.domain.csv.TransactionCsvCodecTest",""
"","13","unknown frequency and policy names degrade to the defaults[jvm]","","2026-07-31","passed","2026-07-31","","RecurringRuleRepositoryImplJvmTest[jvm]","com.georgeci.moneysurfer.data.repository.RecurringRuleRepositoryImplJvmTest",""
"","0","AccountDetails[jvm]","","2026-08-02","passed","2026-08-02","","RouteSerializationTest[jvm]","com.georgeci.moneysurfer.navigation.RouteSerializationTest",""
"","2","deleting a parent keeps its children, moved up to the root[jvm]","","2026-08-02","passed","2026-08-02","","CategoriesManageViewModelTest[jvm]","com.georgeci.moneysurfer.feature.category.manage.CategoriesManageViewModelTest",""
"","277","a single account draws no quick-actions row — there is nowhere to transfer to[jvm]","","2026-08-02","passed","2026-08-02","","DashboardScreenStateTest[jvm]","com.georgeci.moneysurfer.ui.DashboardScreenStateTest",""
"","345","light scheme: text tokens clear AA on every surface they land on[jvm]","","2026-08-02","passed","2026-08-02","","ColorContrastTest[jvm]","com.georgeci.moneysurfer.uikit.theme.ColorContrastTest",""
"","3","isEnabled returns false when firebaseUid is empty string[jvm]","","2026-07-31","passed","2026-07-31","","OutboxEnqueuerSpec[jvm]","com.georgeci.moneysurfer.data.sync.OutboxEnqueuerSpec",""
"","26","member can tombstone a goal via update","","2026-08-02","passed","2026-08-02","","savings goals (issue #244)","savings goals (issue #244) member can tombstone a goal via update",""
"","3","a launch decision the stack already sits on leaves it untouched[jvm]","","2026-08-02","passed","2026-08-02","","AppNavigatorTest[jvm]","com.georgeci.moneysurfer.navigation.AppNavigatorTest",""
"","22","a cross-currency transfer needs the receiving amount too[jvm]","","2026-08-02","passed","2026-08-02","","TransactionCreationSaveGuardsTest[jvm]","com.georgeci.moneysurfer.feature.transaction.creation.TransactionCreationSaveGuardsTest",""
"","28","an unreadable config_entry degrades the layer instead of throwing[jvm]","","2026-07-31","passed","2026-07-31","","LocalConfigSourceImplJvmTest[jvm]","com.georgeci.moneysurfer.data.config.LocalConfigSourceImplJvmTest",""
"","25","a row with no operationDate is invisible to a windowed query[jvm]","","2026-07-31","passed","2026-07-31","","TransactionWindowIntegrationIT[jvm]","com.georgeci.moneysurfer.integration.repository.TransactionWindowIntegrationIT",""
"","38","the window runs whole months, ending on the last day of the current one[jvm]","","2026-07-31","passed","2026-07-31","","GetMonthlyNetHistoryUseCaseTest[jvm]","com.georgeci.moneysurfer.domain.usecase.GetMonthlyNetHistoryUseCaseTest",""
"","135","the curve ends on the headline total and walks back one month at a time[jvm]","","2026-08-02","passed","2026-08-02","","DashboardBalanceViewModelTest[jvm]","com.georgeci.moneysurfer.feature.dashboard.DashboardBalanceViewModelTest",""
"","11","a transfer leg whose pair is missing still renders as a transfer[jvm]","","2026-08-02","passed","2026-08-02","","TransactionDetailsViewModelTest[jvm]","com.georgeci.moneysurfer.feature.transaction.details.TransactionDetailsViewModelTest",""
"","19","a debug override still outranks the overlay[jvm]","","2026-07-31","passed","2026-07-31","","LayeredConfigSpec[jvm]","com.georgeci.moneysurfer.appconfig.LayeredConfigSpec",""
"","0","never returns a bare prefix for an id with no hex digits[jvm]","","2026-07-31","passed","2026-07-31","","TransactionReferenceTest[jvm]","com.georgeci.moneysurfer.domain.model.TransactionReferenceTest",""
"","22","editing an account that is gone reports a failure and stays on the screen[jvm]","","2026-08-02","passed","2026-08-02","","AccountCreationViewModelTest[jvm]","com.georgeci.moneysurfer.feature.account.creation.AccountCreationViewModelTest",""
"","6","a selected child expands exactly its parent[jvm]","","2026-08-02","passed","2026-08-02","","CategoryPickerRowsTest[jvm]","com.georgeci.moneysurfer.feature.category.picker.CategoryPickerRowsTest",""
"","5","a category that stopped entirely still counts as a saving[jvm]","","2026-07-31","passed","2026-07-31","","InsightRulesTest[jvm]","com.georgeci.moneysurfer.domain.insight.InsightRulesTest",""
"","8","every published header row resolves back to its own layout[jvm]","","2026-07-31","passed","2026-07-31","","TransactionCsvCodecTest[jvm]","com.georgeci.moneysurfer.domain.csv.TransactionCsvCodecTest",""
"","2","SyncHandleStatus.Cancelled is singleton[jvm]","","2026-07-31","passed","2026-07-31","","SyncStateSpec[jvm]","com.georgeci.moneysurfer.sync.api.SyncStateSpec",""
"","12","upsert (existing) enqueues UPDATE[jvm]","","2026-07-31","passed","2026-07-31","","WorkspaceInviteRepositoryDualWriteSpec[jvm]","com.georgeci.moneysurfer.data.repository.WorkspaceInviteRepositoryDualWriteSpec",""
"","8","search narrows the grid by name[jvm]","","2026-08-02","passed","2026-08-02","","CategoryChooserViewModelTest[jvm]","com.georgeci.moneysurfer.feature.category.picker.CategoryChooserViewModelTest",""
"","59","spending less reads as down, with the direction carrying the sign[jvm]","","2026-08-02","passed","2026-08-02","","DashboardSpentMonthViewModelTest[jvm]","com.georgeci.moneysurfer.feature.dashboard.DashboardSpentMonthViewModelTest",""
"","4","a member who left keeps both the status and the moment[jvm]","","2026-07-31","passed","2026-07-31","","MembershipDtoMapperSpec[jvm]","com.georgeci.moneysurfer.data.sync.MembershipDtoMapperSpec",""
"","22","rejects a non-integer updatedAt","","2026-08-02","passed","2026-08-02","","users/{uid}/config/{key}","users/{uid}/config/{key} rejects a non-integer updatedAt",""
"","1","the ports match the emulator suite's defaults[jvm]","","2026-07-31","passed","2026-07-31","","FirebaseConfigImplJvmTest[jvm]","com.georgeci.moneysurfer.data.remote.FirebaseConfigImplJvmTest",""
"","45","the all-accounts list has no account to prefill[jvm]","","2026-08-02","passed","2026-08-02","","TransactionsByAccountNavigationTest[jvm]","com.georgeci.moneysurfer.feature.transaction.list.TransactionsByAccountNavigationTest",""
"","5","widths at or above the Large bound are Large[jvm]","","2026-08-02","passed","2026-08-02","","SurferWindowSizeTest[jvm]","com.georgeci.moneysurfer.uikit.window.SurferWindowSizeTest",""
"","3","SettingsLicenses[jvm]","","2026-08-02","passed","2026-08-02","","RouteSerializationTest[jvm]","com.georgeci.moneysurfer.navigation.RouteSerializationTest",""
"","8","dark scheme: self-tinted amount and type pills clear AA[jvm]","","2026-08-02","passed","2026-08-02","","ColorContrastTest[jvm]","com.georgeci.moneysurfer.uikit.theme.ColorContrastTest",""
"","35","leaving the cap empty creates no budget at all[jvm]","","2026-08-02","passed","2026-08-02","","CategoryCreationViewModelTest[jvm]","com.georgeci.moneysurfer.feature.category.creation.CategoryCreationViewModelTest",""
"","128","the uncategorized bucket is named by the screen, not left blank[jvm]","","2026-08-02","passed","2026-08-02","","InsightsScreenTest[jvm]","com.georgeci.moneysurfer.ui.InsightsScreenTest",""
"","7","the trailing line holds the remainder and the ones above it hold what was typed[jvm]","","2026-08-02","passed","2026-08-02","","TransactionCreationSplitEditingTest[jvm]","com.georgeci.moneysurfer.feature.transaction.creation.TransactionCreationSplitEditingTest",""
"","27","purging drops tombstones past the retention window and leaves the rest alone[jvm]","","2026-07-31","passed","2026-07-31","","TransactionSoftDeleteIntegrationIT[jvm]","com.georgeci.moneysurfer.integration.repository.TransactionSoftDeleteIntegrationIT",""
"","7","garbage decodes to the default layout instead of an empty dashboard[jvm]","","2026-07-31","passed","2026-07-31","","DashboardLayoutCodecTest[jvm]","com.georgeci.moneysurfer.data.preferences.DashboardLayoutCodecTest",""
"","11","duplicate and blank tags are dropped before they reach the column[jvm]","","2026-07-31","passed","2026-07-31","","TransactionDetailFieldsIntegrationIT[jvm]","com.georgeci.moneysurfer.integration.repository.TransactionDetailFieldsIntegrationIT",""
"","3","a leaf category reports no subcategories[jvm]","","2026-07-31","passed","2026-07-31","","CategorySpendHistoryTest[jvm]","com.georgeci.moneysurfer.domain.model.CategorySpendHistoryTest",""
"","8","a projection that lands on the limit is still on track[jvm]","","2026-07-31","passed","2026-07-31","","BurnRateTest[jvm]","com.georgeci.moneysurfer.domain.model.BurnRateTest",""
"","11","normalize trims both halves and collapses whitespace runs in the key[jvm]","","2026-07-31","passed","2026-07-31","","AccountExtraDetailsTest[jvm]","com.georgeci.moneysurfer.domain.model.AccountExtraDetailsTest",""
"","29","the domain's hues are exactly the ones uikit has tints for[jvm]","","2026-08-02","passed","2026-08-02","","CategoryPaletteParityTest[jvm]","com.georgeci.moneysurfer.feature.category.CategoryPaletteParityTest",""
"","20","a user can delete their own setting","","2026-08-02","passed","2026-08-02","","users/{uid}/config/{key}","users/{uid}/config/{key} a user can delete their own setting",""
"","23","signed-in user can create a workspace they own","","2026-08-02","passed","2026-08-02","","workspaces/{wid}","workspaces/{wid} signed-in user can create a workspace they own",""
"","7","every field survives an encode/decode round-trip[jvm]","","2026-07-31","passed","2026-07-31","","TransactionCsvCodecTest[jvm]","com.georgeci.moneysurfer.domain.csv.TransactionCsvCodecTest",""
"","2","enqueueUpsert generates a unique id per call[jvm]","","2026-07-31","passed","2026-07-31","","OutboxEnqueuerImplSpec[jvm]","com.georgeci.moneysurfer.sync.repository.OutboxEnqueuerImplSpec",""
"","56","invite sender can append one wid to recipient invitedWorkspaceIds","","2026-08-02","passed","2026-08-02","","users/{uid} — invitedWorkspaceIds cross-user append","users/{uid} — invitedWorkspaceIds cross-user append invite sender can append one wid to recipient invitedWorkspaceIds",""
"","149","the round button reports its tap and names the action it performs[jvm]","","2026-08-02","passed","2026-08-02","","SurferFormSectionTest[jvm]","com.georgeci.moneysurfer.ui.SurferFormSectionTest",""
"","49","save persists the filled extra details and drops the ones left empty[jvm]","","2026-08-02","passed","2026-08-02","","AccountCreationViewModelTest[jvm]","com.georgeci.moneysurfer.feature.account.creation.AccountCreationViewModelTest",""
"","296","collection wire values are stable — they are persisted sync_meta cursor keys[jvm]","","2026-07-31","passed","2026-07-31","","SyncCollectionTest[jvm]","com.georgeci.moneysurfer.sync.api.SyncCollectionTest",""
"","181","every chip is a shortcut into the filter screen[jvm]","","2026-08-02","passed","2026-08-02","","TransactionsListScreenStateTest[jvm]","com.georgeci.moneysurfer.ui.TransactionsListScreenStateTest",""
"","35","save stays disabled until both a title and a positive target are entered[jvm]","","2026-08-02","passed","2026-08-02","","GoalEditViewModelTest[jvm]","com.georgeci.moneysurfer.feature.goal.edit.GoalEditViewModelTest",""
"","2","CompositeCancelToken not cancelled when no children cancelled[jvm]","","2026-07-31","passed","2026-07-31","","SyncCancelTokenSpec[jvm]","com.georgeci.moneysurfer.sync.api.SyncCancelTokenSpec",""
"","0","'-5' (negative sign)[jvm]","","2026-08-02","passed","2026-08-02","","AmountInputTransformationTest[jvm]","com.georgeci.moneysurfer.utils.AmountInputTransformationTest",""
"","4","an empty accounts table survives the backfill[jvm]","","2026-07-31","passed","2026-07-31","","AccountSortOrderMigrationIT[jvm]","com.georgeci.moneysurfer.integration.repository.AccountSortOrderMigrationIT",""
"","24","a foreign-currency expense is absent from the categories and reported as excluded[jvm]","","2026-07-31","passed","2026-07-31","","SpendAnalyticsRepositoryImplJvmTest[jvm]","com.georgeci.moneysurfer.data.repository.SpendAnalyticsRepositoryImplJvmTest",""
"","39","a signed-out user lands on sign-in[jvm]","","2026-08-02","passed","2026-08-02","","AppLaunchViewModelTest[jvm]","com.georgeci.moneysurfer.navigation.AppLaunchViewModelTest",""
"","31","a stored user document becomes the domain user, refs included[jvm]","","2026-07-31","passed","2026-07-31","","UserRemoteRepositoryImplTest[jvm]","com.georgeci.moneysurfer.data.repository.UserRemoteRepositoryImplTest",""
"","36","rejects a non-string transaction recurringRuleId","","2026-08-02","passed","2026-08-02","","entity write-shape validation (issue #156)","entity write-shape validation (issue #156) rejects a non-string transaction recurringRuleId",""
"","90","the month's spend is formatted in the workspace base currency[jvm]","","2026-08-02","passed","2026-08-02","","DashboardSpentMonthViewModelTest[jvm]","com.georgeci.moneysurfer.feature.dashboard.DashboardSpentMonthViewModelTest",""
"","3","a month that ends the day it is read has nothing left to project[jvm]","","2026-07-31","passed","2026-07-31","","BurnRateTest[jvm]","com.georgeci.moneysurfer.domain.model.BurnRateTest",""
"","164","the split editor replaces the grid with its lines and says what is left to assign[jvm]","","2026-08-02","passed","2026-08-02","","TransactionCreationScreenStateTest[jvm]","com.georgeci.moneysurfer.ui.TransactionCreationScreenStateTest",""
"","49","a set that is entirely zero still draws every column instead of dividing by zero[jvm]","","2026-08-02","passed","2026-08-02","","SurferBarColumnsTest[jvm]","com.georgeci.moneysurfer.ui.SurferBarColumnsTest",""
"","2","disabledItems is the complement of enabledItems[jvm]","","2026-07-31","passed","2026-07-31","","DashboardLayoutConfigTest[jvm]","com.georgeci.moneysurfer.domain.dashboard.DashboardLayoutConfigTest",""
"","32","a local write inserts, then updates value and updatedAt in place[jvm]","","2026-07-31","passed","2026-07-31","","ConfigEntryDaoIntegrationIT[jvm]","com.georgeci.moneysurfer.integration.repository.ConfigEntryDaoIntegrationIT",""
"","0","resuming a goal that is already past its target lands on COMPLETED[jvm]","","2026-07-31","passed","2026-07-31","","SavingsGoalUseCaseTest[jvm]","com.georgeci.moneysurfer.domain.usecase.SavingsGoalUseCaseTest",""
"","2","a cleared key is gone from disk, not just from memory[jvm]","","2026-07-31","passed","2026-07-31","","DesktopFirebasePlatformJvmTest[jvm]","com.georgeci.moneysurfer.data.remote.DesktopFirebasePlatformJvmTest",""
"","26","re-selecting the period the screen is already on changes nothing[jvm]","","2026-08-02","passed","2026-08-02","","InsightsViewModelTest[jvm]","com.georgeci.moneysurfer.feature.insights.InsightsViewModelTest",""
"","4","a selection cuts the same window periodWindow does[jvm]","","2026-07-31","passed","2026-07-31","","SpendInsightsTest[jvm]","com.georgeci.moneysurfer.domain.model.SpendInsightsTest",""
"","1","is stable for the same id[jvm]","","2026-07-31","passed","2026-07-31","","TransactionReferenceTest[jvm]","com.georgeci.moneysurfer.domain.model.TransactionReferenceTest",""
"","12","writes workspace, member, default categories and pins it as current (no Firebase session)[jvm]","","2026-07-31","passed","2026-07-31","","CreateWorkspaceUseCaseTest[jvm]","com.georgeci.moneysurfer.domain.usecase.CreateWorkspaceUseCaseTest",""
"","1","normalize preserves the order the user added the entries in[jvm]","","2026-07-31","passed","2026-07-31","","AccountExtraDetailsTest[jvm]","com.georgeci.moneysurfer.domain.model.AccountExtraDetailsTest",""
"","9","markRemoved soft-deletes: status REMOVED, removedAt set, enqueues UPDATE[jvm]","","2026-07-31","passed","2026-07-31","","WorkspaceMemberRepositoryDualWriteSpec[jvm]","com.georgeci.moneysurfer.data.repository.WorkspaceMemberRepositoryDualWriteSpec",""
"","3","a malformed value is undecodable[jvm]","","2026-07-31","passed","2026-07-31","","PaletteSourceCodecTest[jvm]","com.georgeci.moneysurfer.data.config.PaletteSourceCodecTest",""
"","1","a negative balance is allowed for a credit (card) account[jvm]","","2026-08-02","passed","2026-08-02","","InitialBalanceInputTest[jvm]","com.georgeci.moneysurfer.feature.account.creation.InitialBalanceInputTest",""
"","4127","an on-dashboard row shows the card style it is set to, and opens the picker[jvm]","","2026-08-02","passed","2026-08-02","","DashboardCustomizeScreenStateTest[jvm]","com.georgeci.moneysurfer.ui.DashboardCustomizeScreenStateTest",""
"","1","onSyncCancelled is callable[jvm]","","2026-07-31","passed","2026-07-31","","SyncTelemetryNoOpSpec[jvm]","com.georgeci.moneysurfer.sync.telemetry.SyncTelemetryNoOpSpec",""
"","138","the breakdown, the trend and the merchants all answer for the opened period[jvm]","","2026-08-02","passed","2026-08-02","","InsightsViewModelTest[jvm]","com.georgeci.moneysurfer.feature.insights.InsightsViewModelTest",""
"","10","an insert is paired with an INSERT outbox entry scoped to the workspace[jvm]","","2026-07-31","passed","2026-07-31","","RecurringRuleRepositoryImplJvmTest[jvm]","com.georgeci.moneysurfer.data.repository.RecurringRuleRepositoryImplJvmTest",""
"","2","ChangedSinceLastSync falls back to the active workspace when the provider is empty[jvm]","","2026-07-31","passed","2026-07-31","","PullRemoteChangesUseCaseImplSpec[jvm]","com.georgeci.moneysurfer.data.sync.PullRemoteChangesUseCaseImplSpec",""
"","3","DashboardCustomize[jvm]","","2026-08-02","passed","2026-08-02","","RouteSerializationTest[jvm]","com.georgeci.moneysurfer.navigation.RouteSerializationTest",""
"","110","a currency left unconverted beside the headline also stands the trend down[jvm]","","2026-08-02","passed","2026-08-02","","DashboardBalanceViewModelTest[jvm]","com.georgeci.moneysurfer.feature.dashboard.DashboardBalanceViewModelTest",""
"","5","isolated cursors per (workspace, collection)[jvm]","","2026-07-31","passed","2026-07-31","","SyncMetaRepositoryImplSpec[jvm]","com.georgeci.moneysurfer.data.sync.SyncMetaRepositoryImplSpec",""
"","2","PullingCollection title carries collection name[jvm]","","2026-07-31","passed","2026-07-31","","SyncStepSpec[jvm]","com.georgeci.moneysurfer.sync.api.SyncStepSpec",""
"","29","the category trend counts neither transfer legs nor foreign currency[jvm]","","2026-07-31","passed","2026-07-31","","SpendAnalyticsRepositoryImplJvmTest[jvm]","com.georgeci.moneysurfer.data.repository.SpendAnalyticsRepositoryImplJvmTest",""
"","7","removing a line below the minimum closes the editor rather than leaving one leg[jvm]","","2026-08-02","passed","2026-08-02","","TransactionCreationSplitEditingTest[jvm]","com.georgeci.moneysurfer.feature.transaction.creation.TransactionCreationSplitEditingTest",""
"","1","the legs are written through the change path, so the balance moves by the whole receipt[jvm]","","2026-07-31","passed","2026-07-31","","CreateSplitTransactionUseCaseTest[jvm]","com.georgeci.moneysurfer.domain.usecase.CreateSplitTransactionUseCaseTest",""
"","0","PULL order is workspace → members → invites → accounts → categories → transactions[jvm]","","2026-07-31","passed","2026-07-31","","SyncStepOrderTest[jvm]","com.georgeci.moneysurfer.domain.model.SyncStepOrderTest",""
"","2","a category that moved less than a fifth says nothing[jvm]","","2026-07-31","passed","2026-07-31","","InsightRulesTest[jvm]","com.georgeci.moneysurfer.domain.insight.InsightRulesTest",""
"","204","the account is named on a row only where the list mixes several[jvm]","","2026-08-02","passed","2026-08-02","","TransactionsListScreenStateTest[jvm]","com.georgeci.moneysurfer.ui.TransactionsListScreenStateTest",""
"","167","the upcoming card names the two nearest days rather than printing their dates[jvm]","","2026-08-02","passed","2026-08-02","","DashboardScreenStateTest[jvm]","com.georgeci.moneysurfer.ui.DashboardScreenStateTest",""
"","1","uppercases hex letters[jvm]","","2026-07-31","passed","2026-07-31","","TransactionReferenceTest[jvm]","com.georgeci.moneysurfer.domain.model.TransactionReferenceTest",""
"","19","a pulled invite is inserted, and a newer local answer is kept[jvm]","","2026-07-31","passed","2026-07-31","","WorkspaceTreeSyncPluginIT[jvm]","com.georgeci.moneysurfer.integration.plugin.WorkspaceTreeSyncPluginIT",""
"","1","'0.' -> '0.'[jvm]","","2026-08-02","passed","2026-08-02","","AmountInputTransformationTest[jvm]","com.georgeci.moneysurfer.utils.AmountInputTransformationTest",""
"","1","the uncategorized bucket is an entry with no category, and it counts towards the total[jvm]","","2026-07-31","passed","2026-07-31","","SpentByCategoryTest[jvm]","com.georgeci.moneysurfer.domain.model.SpentByCategoryTest",""
"","5","init for a workspace that is not in the store leaves the form untouched[jvm]","","2026-08-02","passed","2026-08-02","","WorkspaceCreationViewModelTest[jvm]","com.georgeci.moneysurfer.feature.workspace.creation.WorkspaceCreationViewModelTest",""
"","9","savedAmount is zero for a goal with no contributions[jvm]","","2026-07-31","passed","2026-07-31","","GoalRepositoryDualWriteSpec[jvm]","com.georgeci.moneysurfer.data.repository.GoalRepositoryDualWriteSpec",""
"","35","a cap with cents survives the round-trip through the field[jvm]","","2026-08-02","passed","2026-08-02","","CategoryCreationViewModelTest[jvm]","com.georgeci.moneysurfer.feature.category.creation.CategoryCreationViewModelTest",""
"","19","adding money records a contribution[jvm]","","2026-07-31","passed","2026-07-31","","GoalContributionUseCaseTest[jvm]","com.georgeci.moneysurfer.domain.usecase.GoalContributionUseCaseTest",""
"","23","recipient can collection-group query by email","","2026-08-02","passed","2026-08-02","","invites — read","invites — read recipient can collection-group query by email",""
"","188","online edit state shows the Members section[jvm]","","2026-08-02","passed","2026-08-02","","WorkspaceCreationStateOfflineTest[jvm]","com.georgeci.moneysurfer.feature.workspace.creation.WorkspaceCreationStateOfflineTest",""
"","59","recentTransactionsEmpty is true when no transactions are logged[jvm]","","2026-08-02","passed","2026-08-02","","DashboardViewModelTest[jvm]","com.georgeci.moneysurfer.feature.dashboard.DashboardViewModelTest",""
"","2","a tag containing the in-cell separator survives instead of splitting in two[jvm]","","2026-07-31","passed","2026-07-31","","TransactionCsvCodecTest[jvm]","com.georgeci.moneysurfer.domain.csv.TransactionCsvCodecTest",""
"","4","a withdrawal down to exactly zero is allowed[jvm]","","2026-07-31","passed","2026-07-31","","GoalContributionUseCaseTest[jvm]","com.georgeci.moneysurfer.domain.usecase.GoalContributionUseCaseTest",""
"","0","TransactionDetails[jvm]","","2026-08-02","passed","2026-08-02","","RouteSerializationTest[jvm]","com.georgeci.moneysurfer.navigation.RouteSerializationTest",""
"","339","the amount bounds and the two switches sit at the bottom of the sheet[jvm]","","2026-08-02","passed","2026-08-02","","TransactionFiltersScreenStateTest[jvm]","com.georgeci.moneysurfer.ui.TransactionFiltersScreenStateTest",""
"","25","owner can promote a member's role","","2026-08-02","passed","2026-08-02","","workspaces/{wid}/members/{uid}","workspaces/{wid}/members/{uid} owner can promote a member's role",""
"","5","a real project is assembled from the three MS_FIREBASE variables[jvm]","","2026-07-31","passed","2026-07-31","","DesktopFirebaseOptionsJvmTest[jvm]","com.georgeci.moneysurfer.data.remote.DesktopFirebaseOptionsJvmTest",""
"","15","a degraded layer stops being reported once its store recovers[jvm]","","2026-07-31","passed","2026-07-31","","LayeredConfigSpec[jvm]","com.georgeci.moneysurfer.appconfig.LayeredConfigSpec",""
"","4","lastOutcome records failure when use case returns Left[jvm]","","2026-07-31","passed","2026-07-31","","SyncCoordinatorImplSpec[jvm]","com.georgeci.moneysurfer.sync.coordinator.SyncCoordinatorImplSpec",""
"","5","missing manifest entry surfaces InvalidArchive[jvm]","","2026-07-31","passed","2026-07-31","","BackupImporterImplJvmTest[jvm]","com.georgeci.moneysurfer.data.backup.BackupImporterImplJvmTest",""
"","6","dedup does not collapse different operations or different entities[jvm]","","2026-07-31","passed","2026-07-31","","PendingMutationQueueIntegrationIT[jvm]","com.georgeci.moneysurfer.integration.sync.PendingMutationQueueIntegrationIT",""
"","0","PUSH order is workspace → members → invites → accounts → categories → transactions[jvm]","","2026-07-31","passed","2026-07-31","","SyncStepOrderTest[jvm]","com.georgeci.moneysurfer.domain.model.SyncStepOrderTest",""
"","1","empty history yields zero[jvm]","","2026-07-31","passed","2026-07-31","","RecalculateAccountBalanceUseCaseTest[jvm]","com.georgeci.moneysurfer.domain.usecase.RecalculateAccountBalanceUseCaseTest",""
"","8","ids are unique across mutations[jvm]","","2026-07-31","passed","2026-07-31","","OutboxEnqueuerSpec[jvm]","com.georgeci.moneysurfer.data.sync.OutboxEnqueuerSpec",""
"","50","a user with no stored name falls back to the provider's email[jvm]","","2026-08-02","passed","2026-08-02","","AppShellViewModelTest[jvm]","com.georgeci.moneysurfer.navigation.AppShellViewModelTest",""
"","7","an available optional update still allows sync[jvm]","","2026-07-31","passed","2026-07-31","","SyncVersionGateImplSpec[jvm]","com.georgeci.moneysurfer.data.sync.SyncVersionGateImplSpec",""
"","36","the transfer counterpart resolves to the opposite leg through real storage[jvm]","","2026-07-31","passed","2026-07-31","","TransferCreationIntegrationIT[jvm]","com.georgeci.moneysurfer.integration.repository.TransferCreationIntegrationIT",""
"","27","stranger cannot transition someone else's invite","","2026-08-02","passed","2026-08-02","","invites — update / delete","invites — update / delete stranger cannot transition someone else's invite",""
"","12","a reset cancels a running sync before wiping, so the wipe can't be overwritten[jvm]","","2026-08-02","passed","2026-08-02","","SyncViewModelTest[jvm]","com.georgeci.moneysurfer.feature.settings.sync.SyncViewModelTest",""
"","533","the confirmation dialog is rendered from state, not from a click inside the screen[jvm]","","2026-08-02","passed","2026-08-02","","SyncScreenStateTest[jvm]","com.georgeci.moneysurfer.ui.SyncScreenStateTest",""
"","45","totals over the window drop the deleted row's money and get it back on Undo[jvm]","","2026-07-31","passed","2026-07-31","","TransactionSoftDeleteIntegrationIT[jvm]","com.georgeci.moneysurfer.integration.repository.TransactionSoftDeleteIntegrationIT",""
"","2","a negative card balance remains valid[jvm]","","2026-08-02","passed","2026-08-02","","AccountCreationStateTest[jvm]","com.georgeci.moneysurfer.feature.account.creation.AccountCreationStateTest",""
"","5","no-op when role unchanged[jvm]","","2026-07-31","passed","2026-07-31","","ChangeMemberRoleUseCaseTest[jvm]","com.georgeci.moneysurfer.domain.usecase.ChangeMemberRoleUseCaseTest",""
"","105","the type segments ask the view model for the switch rather than deciding on screen[jvm]","","2026-08-02","passed","2026-08-02","","TransactionCreationScreenStateTest[jvm]","com.georgeci.moneysurfer.ui.TransactionCreationScreenStateTest",""
"","1","trailingMonths crosses a year boundary backwards[jvm]","","2026-07-31","passed","2026-07-31","","CategorySpendHistoryTest[jvm]","com.georgeci.moneysurfer.domain.model.CategorySpendHistoryTest",""
"","42","a truncated row inside a pre-#260 file is still rejected[jvm]","","2026-07-31","passed","2026-07-31","","ExportImportTransactionsUseCaseTest[jvm]","com.georgeci.moneysurfer.domain.csv.ExportImportTransactionsUseCaseTest",""
"","1","epoch zero stored as blank resolves to 1970-01-01[jvm]","","2026-07-31","passed","2026-07-31","","ResolveLegacyOperationDateTest[jvm]","com.georgeci.moneysurfer.data.repository.ResolveLegacyOperationDateTest",""
"","1","addConflicts accumulates conflictCount[jvm]","","2026-07-31","passed","2026-07-31","","SyncSummaryBuilderSpec[jvm]","com.georgeci.moneysurfer.sync.api.SyncSummaryBuilderSpec",""
"","2","restore on already-active account is a no-op success[jvm]","","2026-07-31","passed","2026-07-31","","ArchiveAccountUseCaseTest[jvm]","com.georgeci.moneysurfer.domain.usecase.ArchiveAccountUseCaseTest",""
"","2","the Expanded band runs from its lower bound up to the Large bound[jvm]","","2026-08-02","passed","2026-08-02","","SurferWindowSizeTest[jvm]","com.georgeci.moneysurfer.uikit.window.SurferWindowSizeTest",""
"","3","normalize caps the list at MAX_DETAILS[jvm]","","2026-07-31","passed","2026-07-31","","AccountExtraDetailsTest[jvm]","com.georgeci.moneysurfer.domain.model.AccountExtraDetailsTest",""
"","1","an archived duplicate does not push the control read-only[jvm]","","2026-07-31","passed","2026-07-31","","CategoryCapCoverageTest[jvm]","com.georgeci.moneysurfer.domain.model.CategoryCapCoverageTest",""
"","1","redactEmail returns a fixed marker for blank input[jvm]","","2026-07-31","passed","2026-07-31","","PiiRedactionTest[jvm]","com.georgeci.moneysurfer.domain.logging.PiiRedactionTest",""
"","5","dark scheme: paired on/container tokens clear AA[jvm]","","2026-08-02","passed","2026-08-02","","ColorContrastTest[jvm]","com.georgeci.moneysurfer.uikit.theme.ColorContrastTest",""
"","1","CompositeCancelToken cancel propagates to all children[jvm]","","2026-07-31","passed","2026-07-31","","SyncCancelTokenSpec[jvm]","com.georgeci.moneysurfer.sync.api.SyncCancelTokenSpec",""
"","1","a tag containing a literal escape character survives the round-trip[jvm]","","2026-07-31","passed","2026-07-31","","TransactionCsvCodecTest[jvm]","com.georgeci.moneysurfer.domain.csv.TransactionCsvCodecTest",""
"","26","a pulled goal this device has never seen is inserted[jvm]","","2026-07-31","passed","2026-07-31","","GoalSyncPluginIT[jvm]","com.georgeci.moneysurfer.integration.plugin.GoalSyncPluginIT",""
"","4","an empty list encodes to the column default[jvm]","","2026-07-31","passed","2026-07-31","","AccountExtraDetailsColumnTest[jvm]","com.georgeci.moneysurfer.data.db.entity.AccountExtraDetailsColumnTest",""
"","661","the balance sheet offers every treatment the widget can draw[jvm]","","2026-08-02","passed","2026-08-02","","DashboardCustomizeScreenStateTest[jvm]","com.georgeci.moneysurfer.ui.DashboardCustomizeScreenStateTest",""
"","20","a widget this build does not know is skipped, and the known ones are kept[jvm]","","2026-07-31","passed","2026-07-31","","DashboardLayoutCodecTest[jvm]","com.georgeci.moneysurfer.data.preferences.DashboardLayoutCodecTest",""
"","27","back navigates back[jvm]","","2026-08-02","passed","2026-08-02","","AccountCreationViewModelTest[jvm]","com.georgeci.moneysurfer.feature.account.creation.AccountCreationViewModelTest",""
"","43","invited user CANNOT self-create against a CANCELLED invite","","2026-08-02","passed","2026-08-02","","workspaces/{wid}/members/{uid}","workspaces/{wid}/members/{uid} invited user CANNOT self-create against a CANCELLED invite",""
"","1312","a user who has not been onboarded lands on onboarding, whatever the session says[jvm]","","2026-08-02","passed","2026-08-02","","AppLaunchViewModelTest[jvm]","com.georgeci.moneysurfer.navigation.AppLaunchViewModelTest",""
"","0","epochMillis=-1000[jvm]","","2026-07-31","passed","2026-07-31","","TimeFormatterTest[jvm]","com.georgeci.moneysurfer.data.repository.TimeFormatterTest",""
"","29","an upsert for a locally deleted row writes nothing[jvm]","","2026-07-31","passed","2026-07-31","","TransactionSyncPluginIT[jvm]","com.georgeci.moneysurfer.integration.plugin.TransactionSyncPluginIT",""
"","15","returns null when decode throws a ClassCastException (platform decoder mismatch)[jvm]","","2026-07-31","passed","2026-07-31","","DecodeOrNullSpec[jvm]","com.georgeci.moneysurfer.data.sync.plugin.DecodeOrNullSpec",""
"","4","the default category is the most used one of the type, or none at all[jvm]","","2026-08-02","passed","2026-08-02","","TransactionCreationMappingTest[jvm]","com.georgeci.moneysurfer.feature.transaction.creation.TransactionCreationMappingTest",""
"","6","the logging sink accepts a message without throwing[jvm]","","2026-07-31","passed","2026-07-31","","DesktopFirebasePlatformJvmTest[jvm]","com.georgeci.moneysurfer.data.remote.DesktopFirebasePlatformJvmTest",""
"","164","recorded entries render with the clear action[jvm]","","2026-08-02","passed","2026-08-02","","DebugLogScreenStateTest[jvm]","com.georgeci.moneysurfer.ui.DebugLogScreenStateTest",""
"","38","a category that jumped past the threshold reads as a warning[jvm]","","2026-07-31","passed","2026-07-31","","InsightRulesTest[jvm]","com.georgeci.moneysurfer.domain.insight.InsightRulesTest",""
"","5","UploadOnly scope skips pull and recalc[jvm]","","2026-07-31","passed","2026-07-31","","SyncCoordinatorImplSpec[jvm]","com.georgeci.moneysurfer.sync.coordinator.SyncCoordinatorImplSpec",""
"","27","a transfer pair with one invalid leg does not import the surviving half[jvm]","","2026-07-31","passed","2026-07-31","","ImportTransactionsValidationTest[jvm]","com.georgeci.moneysurfer.domain.csv.ImportTransactionsValidationTest",""
"","7","remote calls fire in strict order: syncWorkspace → addWorkspaceRef → setDefaultWorkspace[jvm]","","2026-07-31","passed","2026-07-31","","CreateWorkspaceUseCaseTest[jvm]","com.georgeci.moneysurfer.domain.usecase.CreateWorkspaceUseCaseTest",""
"","4","UploadOnly skips the user-scoped phase[jvm]","","2026-07-31","passed","2026-07-31","","PullRemoteChangesUseCaseImplSpec[jvm]","com.georgeci.moneysurfer.data.sync.PullRemoteChangesUseCaseImplSpec",""
"","166","the toolbar falls back to a generic title when no account owns the list[jvm]","","2026-08-02","passed","2026-08-02","","TransactionsListScreenStateTest[jvm]","com.georgeci.moneysurfer.ui.TransactionsListScreenStateTest",""
"","30","a new account is appended after the ones the workspace already has[jvm]","","2026-07-31","passed","2026-07-31","","AccountSortOrderIntegrationIT[jvm]","com.georgeci.moneysurfer.integration.repository.AccountSortOrderIntegrationIT",""
"","57","the periodic ticker stays quiet while sync is disabled[jvm]","","2026-08-02","passed","2026-08-02","","AppLaunchViewModelTest[jvm]","com.georgeci.moneysurfer.navigation.AppLaunchViewModelTest",""
"","1","transfers never count against a budget[jvm]","","2026-07-31","passed","2026-07-31","","BudgetProgressTest[jvm]","com.georgeci.moneysurfer.domain.model.BudgetProgressTest",""
"","21","non-owner member cannot hard-delete the workspace doc","","2026-08-02","passed","2026-08-02","","workspaces/{wid}","workspaces/{wid} non-owner member cannot hard-delete the workspace doc",""
"","4","unknown delete targets and confirm without pending are safe no-ops[jvm]","","2026-08-02","passed","2026-08-02","","CategoriesManageViewModelTest[jvm]","com.georgeci.moneysurfer.feature.category.manage.CategoriesManageViewModelTest",""
"","2","format zero amount[jvm]","","2026-07-31","passed","2026-07-31","","MoneyFormatterTest[jvm]","com.georgeci.moneysurfer.domain.MoneyFormatterTest",""
"","4","warnings come before wins, and both before the neutral facts[jvm]","","2026-07-31","passed","2026-07-31","","InsightRulesTest[jvm]","com.georgeci.moneysurfer.domain.insight.InsightRulesTest",""
"","22","matches the merchant column, not just the note[jvm]","","2026-07-31","passed","2026-07-31","","TransactionFtsIntegrationIT[jvm]","com.georgeci.moneysurfer.integration.repository.TransactionFtsIntegrationIT",""
"","13","the threshold is exactly one retention window behind now[jvm]","","2026-07-31","passed","2026-07-31","","PurgeDeletedTransactionsUseCaseTest[jvm]","com.georgeci.moneysurfer.domain.usecase.PurgeDeletedTransactionsUseCaseTest",""
"","6","the legs a save would write pair each line's category with its share[jvm]","","2026-08-02","passed","2026-08-02","","TransactionCreationSplitEditingTest[jvm]","com.georgeci.moneysurfer.feature.transaction.creation.TransactionCreationSplitEditingTest",""
"","3","deleting a contribution that does not exist enqueues nothing[jvm]","","2026-07-31","passed","2026-07-31","","GoalRepositoryDualWriteSpec[jvm]","com.georgeci.moneysurfer.data.repository.GoalRepositoryDualWriteSpec",""
"","14","an email is written under its normalized key, with the clock's moment[jvm]","","2026-07-31","passed","2026-07-31","","UserRemoteRepositoryImplTest[jvm]","com.georgeci.moneysurfer.data.repository.UserRemoteRepositoryImplTest",""
"","176","filters that matched nothing name the filters rather than the search[jvm]","","2026-08-02","passed","2026-08-02","","TransactionsListScreenStateTest[jvm]","com.georgeci.moneysurfer.ui.TransactionsListScreenStateTest",""
"","55","online build layer declares every host key[jvm]","","2026-08-02","passed","2026-08-02","","OnlineConfigGraphTest[jvm]","com.georgeci.moneysurfer.di.OnlineConfigGraphTest",""
"","99","a window that booked nothing draws no curve and states no delta[jvm]","","2026-08-02","passed","2026-08-02","","DashboardBalanceViewModelTest[jvm]","com.georgeci.moneysurfer.feature.dashboard.DashboardBalanceViewModelTest",""
"","156","a month that spent more than it earned reads as a fall[jvm]","","2026-08-02","passed","2026-08-02","","DashboardBalanceViewModelTest[jvm]","com.georgeci.moneysurfer.feature.dashboard.DashboardBalanceViewModelTest",""
"","12","still pins workspace when setDefaultWorkspace throws[jvm]","","2026-07-31","passed","2026-07-31","","CreateWorkspaceUseCaseTest[jvm]","com.georgeci.moneysurfer.domain.usecase.CreateWorkspaceUseCaseTest",""
"","6","pop removes the top entry[jvm]","","2026-08-02","passed","2026-08-02","","AppNavigatorTest[jvm]","com.georgeci.moneysurfer.navigation.AppNavigatorTest",""
"","6","cancel handle during pending finalizes immediately[jvm]","","2026-07-31","passed","2026-07-31","","SyncCoordinatorImplSpec[jvm]","com.georgeci.moneysurfer.sync.coordinator.SyncCoordinatorImplSpec",""
"","2","LastSyncOutcome.Cancelled carries timestamp[jvm]","","2026-07-31","passed","2026-07-31","","SyncStateSpec[jvm]","com.georgeci.moneysurfer.sync.api.SyncStateSpec",""
"","44","SimpleCancelToken starts not cancelled[jvm]","","2026-07-31","passed","2026-07-31","","SyncCancelTokenSpec[jvm]","com.georgeci.moneysurfer.sync.api.SyncCancelTokenSpec",""
"","4","a stored leg is flagged in edit mode so the delete confirmation can name the receipt[jvm]","","2026-08-02","passed","2026-08-02","","TransactionCreationSplitEditingTest[jvm]","com.georgeci.moneysurfer.feature.transaction.creation.TransactionCreationSplitEditingTest",""
"","2","mergeScope ActiveWorkspace above ChangedSinceLastSync and UploadOnly[jvm]","","2026-07-31","passed","2026-07-31","","SyncScopeSpec[jvm]","com.georgeci.moneysurfer.sync.api.SyncScopeSpec",""
"","194","paging back re-reads the previous period and lets the user page forward again[jvm]","","2026-08-02","passed","2026-08-02","","InsightsViewModelTest[jvm]","com.georgeci.moneysurfer.feature.insights.InsightsViewModelTest",""
"","0","SyncMeta carries cursor and timestamps[jvm]","","2026-07-31","passed","2026-07-31","","SyncMetaRepositorySpec[jvm]","com.georgeci.moneysurfer.sync.repository.SyncMetaRepositorySpec",""
"","6","cancelCurrent terminates running with Cancelled[jvm]","","2026-07-31","passed","2026-07-31","","SyncCoordinatorImplSpec[jvm]","com.georgeci.moneysurfer.sync.coordinator.SyncCoordinatorImplSpec",""
"","0","shifting all time is a no-op[jvm]","","2026-07-31","passed","2026-07-31","","TransactionPeriodWindowTest[jvm]","com.georgeci.moneysurfer.domain.util.TransactionPeriodWindowTest",""
"","1","normalize truncates over-long keys and values[jvm]","","2026-07-31","passed","2026-07-31","","AccountExtraDetailsTest[jvm]","com.georgeci.moneysurfer.domain.model.AccountExtraDetailsTest",""
"","0","moving expense between accounts unwinds old and applies new[jvm]","","2026-07-31","passed","2026-07-31","","ApplyTransactionChangeUseCaseTest[jvm]","com.georgeci.moneysurfer.domain.usecase.ApplyTransactionChangeUseCaseTest",""
"","26","children are listed directly under their parent, one level deep[jvm]","","2026-08-02","passed","2026-08-02","","CategoriesManageViewModelTest[jvm]","com.georgeci.moneysurfer.feature.category.manage.CategoriesManageViewModelTest",""
"","8","no two destinations share a route[jvm]","","2026-08-02","passed","2026-08-02","","NavigationShellTest[jvm]","com.georgeci.moneysurfer.navigation.NavigationShellTest",""
"","26","a write is readable through peek the moment it returns[jvm]","","2026-07-31","passed","2026-07-31","","LocalConfigSourceImplJvmTest[jvm]","com.georgeci.moneysurfer.data.config.LocalConfigSourceImplJvmTest",""
"","251","submit button stays enabled on empty input so submitting can explain what is missing[jvm]","","2026-08-02","passed","2026-08-02","","SignInScreenStateTest[jvm]","com.georgeci.moneysurfer.ui.SignInScreenStateTest",""
"","5","a parent that matches on its own name survives a search that no child matches[jvm]","","2026-08-02","passed","2026-08-02","","CategoryChooserViewModelTest[jvm]","com.georgeci.moneysurfer.feature.category.picker.CategoryChooserViewModelTest",""
"","102","an unconfigured real-project run names the missing variable[jvm]","","2026-07-31","passed","2026-07-31","","DesktopFirebaseOptionsJvmTest[jvm]","com.georgeci.moneysurfer.data.remote.DesktopFirebaseOptionsJvmTest",""
"","37","a guest session never asks for a push — demo data must not reach Firestore[jvm]","","2026-07-31","passed","2026-07-31","","DebugDataPrefillerTest[jvm]","com.georgeci.moneysurfer.domain.debug.DebugDataPrefillerTest",""
"","9","switching a widget back on returns it to the dashboard, last[jvm]","","2026-08-02","passed","2026-08-02","","DashboardCustomizeViewModelTest[jvm]","com.georgeci.moneysurfer.feature.dashboard.customize.DashboardCustomizeViewModelTest",""
"","1","creates workspace, default categories, and a Cash account on first run[jvm]","","2026-07-31","passed","2026-07-31","","SeedDefaultsUseCaseTest[jvm]","com.georgeci.moneysurfer.domain.usecase.SeedDefaultsUseCaseTest",""
"","9","archive flips archived flag[jvm]","","2026-07-31","passed","2026-07-31","","ArchiveAccountUseCaseTest[jvm]","com.georgeci.moneysurfer.domain.usecase.ArchiveAccountUseCaseTest",""
"","34","the v27 to v28 backfill derives the same UTC date the readers already do[jvm]","","2026-07-31","passed","2026-07-31","","TransactionWindowIntegrationIT[jvm]","com.georgeci.moneysurfer.integration.repository.TransactionWindowIntegrationIT",""
"","64","a build without transfers draws no Transfer segment[jvm]","","2026-08-02","passed","2026-08-02","","TransactionCreationScreenStateTest[jvm]","com.georgeci.moneysurfer.ui.TransactionCreationScreenStateTest",""
"","3","Enqueue merges into existing pending request[jvm]","","2026-07-31","passed","2026-07-31","","SyncCoordinatorImplBranchSpec[jvm]","com.georgeci.moneysurfer.sync.coordinator.SyncCoordinatorImplBranchSpec",""
"","20","workspace the pull did not hydrate is never pinned[jvm]","","2026-07-31","passed","2026-07-31","","PostAuthBootstrapUseCaseTest[jvm]","com.georgeci.moneysurfer.domain.usecase.PostAuthBootstrapUseCaseTest",""
"","45","accepts a nullable field set explicitly to null (deletedAt)","","2026-08-02","passed","2026-08-02","","entity write-shape validation (issue #156)","entity write-shape validation (issue #156) accepts a nullable field set explicitly to null (deletedAt)",""
"","10","pushAll failure keeps all local rows so a retry can re-push them[jvm]","","2026-07-31","passed","2026-07-31","","CreateWorkspaceUseCaseTest[jvm]","com.georgeci.moneysurfer.domain.usecase.CreateWorkspaceUseCaseTest",""
"","12","pending returns rows in createdAt order[jvm]","","2026-07-31","passed","2026-07-31","","PendingMutationQueueImplSpec[jvm]","com.georgeci.moneysurfer.data.sync.PendingMutationQueueImplSpec",""
"","9","normalizing keeps the stored style of a widget it re-appends nothing for[jvm]","","2026-07-31","passed","2026-07-31","","DashboardLayoutConfigTest[jvm]","com.georgeci.moneysurfer.domain.dashboard.DashboardLayoutConfigTest",""
"","15","AND-s multiple tokens[jvm]","","2026-07-31","passed","2026-07-31","","TransactionFtsIntegrationIT[jvm]","com.georgeci.moneysurfer.integration.repository.TransactionFtsIntegrationIT",""
"","12","the overlay outranks Local, so the UI keeps its value after the account wipe[jvm]","","2026-07-31","passed","2026-07-31","","LayeredConfigSpec[jvm]","com.georgeci.moneysurfer.appconfig.LayeredConfigSpec",""
"","26","the type filter narrows the list without touching the period summary[jvm]","","2026-08-02","passed","2026-08-02","","TransactionsByAccountFilteringTest[jvm]","com.georgeci.moneysurfer.feature.transaction.list.TransactionsByAccountFilteringTest",""
"","10","the base currency is a path segment, so nothing needs encoding[jvm]","","2026-07-31","passed","2026-07-31","","ExchangeRateApiTest[jvm]","com.georgeci.moneysurfer.data.remote.ExchangeRateApiTest",""
"","1239","every action stays reachable in a short landscape window[jvm]","","2026-08-02","passed","2026-08-02","","SignInResponsiveLayoutTest[jvm]","com.georgeci.moneysurfer.ui.SignInResponsiveLayoutTest",""
"","2","a quote small enough to overflow the total counts as missing, not as a clamped balance[jvm]","","2026-07-31","passed","2026-07-31","","ConvertAccountsTotalUseCaseTest[jvm]","com.georgeci.moneysurfer.domain.usecase.ConvertAccountsTotalUseCaseTest",""
"","1","split_id is absent from every layout that predates splits[jvm]","","2026-07-31","passed","2026-07-31","","TransactionCsvCodecTest[jvm]","com.georgeci.moneysurfer.domain.csv.TransactionCsvCodecTest",""
"","17","a split leg breaks the receipt down and marks the leg being viewed[jvm]","","2026-08-02","passed","2026-08-02","","TransactionDetailsViewModelTest[jvm]","com.georgeci.moneysurfer.feature.transaction.details.TransactionDetailsViewModelTest",""
"","54","the layers that can be read are still warmed when another fails[jvm]","","2026-07-31","passed","2026-07-31","","LayeredConfigSpec[jvm]","com.georgeci.moneysurfer.appconfig.LayeredConfigSpec",""
"","1703","the three toolbar actions each ask for their own destination[jvm]","","2026-08-02","passed","2026-08-02","","TransactionDetailsScreenStateTest[jvm]","com.georgeci.moneysurfer.ui.TransactionDetailsScreenStateTest",""
"","24","owner can update workspace metadata","","2026-08-02","passed","2026-08-02","","workspaces/{wid}","workspaces/{wid} owner can update workspace metadata",""
"","22","the amount bounds, the two flags and the sort all land in the draft[jvm]","","2026-08-02","passed","2026-08-02","","TransactionFiltersViewModelTest[jvm]","com.georgeci.moneysurfer.feature.transaction.filters.TransactionFiltersViewModelTest",""
"","3","normalizing appends widgets a stored layout has never heard of[jvm]","","2026-07-31","passed","2026-07-31","","DashboardLayoutConfigTest[jvm]","com.georgeci.moneysurfer.domain.dashboard.DashboardLayoutConfigTest",""
"","7","an unparseable amount counts as nothing rather than breaking the arithmetic[jvm]","","2026-08-02","passed","2026-08-02","","TransactionCreationSplitEditingTest[jvm]","com.georgeci.moneysurfer.feature.transaction.creation.TransactionCreationSplitEditingTest",""
"","2","ConflictResolution.TakeRemote carries the remote value[jvm]","","2026-07-31","passed","2026-07-31","","ConflictResolverSpec[jvm]","com.georgeci.moneysurfer.sync.repository.ConflictResolverSpec",""
"","1545","a concurrent reader never observes a partially written store[jvm]","","2026-07-31","passed","2026-07-31","","DesktopFirebasePlatformJvmTest[jvm]","com.georgeci.moneysurfer.data.remote.DesktopFirebasePlatformJvmTest",""
"","38","unauthenticated user cannot read userEmails (auth required)","","2026-08-02","passed","2026-08-02","","userEmails/{email}","userEmails/{email} unauthenticated user cannot read userEmails (auth required)",""
"","23","a budget change arriving while the user types does not overwrite the cap field[jvm]","","2026-08-02","passed","2026-08-02","","CategoryCreationViewModelTest[jvm]","com.georgeci.moneysurfer.feature.category.creation.CategoryCreationViewModelTest",""
"","40","an evicted (REMOVED) member CANNOT self-resurrect to ACTIVE","","2026-08-02","passed","2026-08-02","","workspaces/{wid}/members/{uid}","workspaces/{wid}/members/{uid} an evicted (REMOVED) member CANNOT self-resurrect to ACTIVE",""
"","14","leftAt path keeps role unchanged and status flipped to LEFT[jvm]","","2026-07-31","passed","2026-07-31","","WorkspaceMemberRepositoryIntegrationIT[jvm]","com.georgeci.moneysurfer.integration.repository.WorkspaceMemberRepositoryIntegrationIT",""
"","4","a route pushed with no arguments restores with its defaults[jvm]","","2026-08-02","passed","2026-08-02","","RouteSerializationTest[jvm]","com.georgeci.moneysurfer.navigation.RouteSerializationTest",""
"","102","the selected destination is the only one marked selected[jvm]","","2026-08-02","passed","2026-08-02","","SurferNavigationDrawerTest[jvm]","com.georgeci.moneysurfer.ui.SurferNavigationDrawerTest",""
"","1","an overspent budget reports zero per-day remaining instead of a negative allowance[jvm]","","2026-07-31","passed","2026-07-31","","BudgetProgressTest[jvm]","com.georgeci.moneysurfer.domain.model.BudgetProgressTest",""
"","1","respanning to the span a widget already has, or a widget the layout lacks, changes nothing[jvm]","","2026-07-31","passed","2026-07-31","","DashboardLayoutConfigTest[jvm]","com.georgeci.moneysurfer.domain.dashboard.DashboardLayoutConfigTest",""
"","9","java.util.zip.ZipInputStream reads our stored archive[jvm]","","2026-07-31","passed","2026-07-31","","ZipStoredInteropJvmTest[jvm]","com.georgeci.moneysurfer.data.backup.ZipStoredInteropJvmTest",""
"","91","the recent list is capped at five rows[jvm]","","2026-08-02","passed","2026-08-02","","DashboardViewModelTest[jvm]","com.georgeci.moneysurfer.feature.dashboard.DashboardViewModelTest",""
"","22","the window follows the calendar instead of freezing at subscription time[jvm]","","2026-07-31","passed","2026-07-31","","GetMonthlyNetHistoryUseCaseTest[jvm]","com.georgeci.moneysurfer.domain.usecase.GetMonthlyNetHistoryUseCaseTest",""
"","20","the net of a month is its income less its expense[jvm]","","2026-07-31","passed","2026-07-31","","SpendAnalyticsRepositoryImplJvmTest[jvm]","com.georgeci.moneysurfer.data.repository.SpendAnalyticsRepositoryImplJvmTest",""
"","0","Goals[jvm]","","2026-08-02","passed","2026-08-02","","RouteSerializationTest[jvm]","com.georgeci.moneysurfer.navigation.RouteSerializationTest",""
"","6","a window of no months is rejected rather than queried between missing ends[jvm]","","2026-07-31","passed","2026-07-31","","GetMonthlyNetHistoryUseCaseTest[jvm]","com.georgeci.moneysurfer.domain.usecase.GetMonthlyNetHistoryUseCaseTest",""
"","4","each earlier point backs its own month's net out of the one after it[jvm]","","2026-07-31","passed","2026-07-31","","BalanceTrendTest[jvm]","com.georgeci.moneysurfer.domain.model.BalanceTrendTest",""
"","5","fractional cap input follows Money rounding[jvm]","","2026-08-02","passed","2026-08-02","","CategoryCreationStateTest[jvm]","com.georgeci.moneysurfer.feature.category.creation.CategoryCreationStateTest",""
"","105","an overspent category states the cap it passed rather than reading as headroom[jvm]","","2026-08-02","passed","2026-08-02","","DashboardScreenStateTest[jvm]","com.georgeci.moneysurfer.ui.DashboardScreenStateTest",""
"","0","all PUSH steps precede all PULL steps[jvm]","","2026-07-31","passed","2026-07-31","","SyncStepOrderTest[jvm]","com.georgeci.moneysurfer.domain.model.SyncStepOrderTest",""
"","23","user can read their own document","","2026-08-02","passed","2026-08-02","","users/{uid}","users/{uid} user can read their own document",""
"","3","ConflictResolution.Skip is a singleton[jvm]","","2026-07-31","passed","2026-07-31","","ConflictResolverSpec[jvm]","com.georgeci.moneysurfer.sync.repository.ConflictResolverSpec",""
"","72","widths below the Medium bound are Compact[jvm]","","2026-08-02","passed","2026-08-02","","SurferWindowSizeTest[jvm]","com.georgeci.moneysurfer.uikit.window.SurferWindowSizeTest",""
"","40","opening as a transfer lands on the Transfer tab with both slots already seeded[jvm]","","2026-08-02","passed","2026-08-02","","TransactionCreationSaveTest[jvm]","com.georgeci.moneysurfer.feature.transaction.creation.TransactionCreationSaveTest",""
"","100","the pager names the month and refuses to page past the current one[jvm]","","2026-08-02","passed","2026-08-02","","TransactionsListScreenStateTest[jvm]","com.georgeci.moneysurfer.ui.TransactionsListScreenStateTest",""
"","0","a 29 February rule that skips short years waits for the leap one[jvm]","","2026-07-31","passed","2026-07-31","","UpcomingRecurringTest[jvm]","com.georgeci.moneysurfer.domain.model.UpcomingRecurringTest",""
"","1","switching a widget to the state it already has changes nothing[jvm]","","2026-07-31","passed","2026-07-31","","DashboardLayoutConfigTest[jvm]","com.georgeci.moneysurfer.domain.dashboard.DashboardLayoutConfigTest",""
"","288","at expanded width the pill is offered for the widths alone, card styles switched off or not[jvm]","","2026-08-02","passed","2026-08-02","","DashboardCustomizeScreenStateTest[jvm]","com.georgeci.moneysurfer.ui.DashboardCustomizeScreenStateTest",""
"","6","a key this build does not know is stored rather than dropped[jvm]","","2026-07-31","passed","2026-07-31","","UserConfigSyncPluginSpec[jvm]","com.georgeci.moneysurfer.data.sync.plugin.UserConfigSyncPluginSpec",""
"","3","normalizing drops duplicate entries for the same widget, keeping the first[jvm]","","2026-07-31","passed","2026-07-31","","DashboardLayoutConfigTest[jvm]","com.georgeci.moneysurfer.domain.dashboard.DashboardLayoutConfigTest",""
"","18","online state with sync enabled shows profile, sync, logout, members and pending invites rows[jvm]","","2026-08-02","passed","2026-08-02","","SettingsStateOfflineTest[jvm]","com.georgeci.moneysurfer.feature.settings.SettingsStateOfflineTest",""
"","45","multiple decimal separators are an invalid format[jvm]","","2026-08-02","passed","2026-08-02","","TransactionAmountInputTest[jvm]","com.georgeci.moneysurfer.feature.transaction.creation.TransactionAmountInputTest",""
"","123","an overspent budget row says how far over it is, not how much is left[jvm]","","2026-08-02","passed","2026-08-02","","DashboardScreenStateTest[jvm]","com.georgeci.moneysurfer.ui.DashboardScreenStateTest",""
"","46","safe-to-spend ignores archived budgets[jvm]","","2026-08-02","passed","2026-08-02","","DashboardSafeToSpendViewModelTest[jvm]","com.georgeci.moneysurfer.feature.dashboard.DashboardSafeToSpendViewModelTest",""
"","13","picking a From date is itself the switch to a custom range[jvm]","","2026-08-02","passed","2026-08-02","","TransactionFiltersViewModelTest[jvm]","com.georgeci.moneysurfer.feature.transaction.filters.TransactionFiltersViewModelTest",""
"","40","the budgets widget lists the budgets nearest their limit first, capped at three[jvm]","","2026-08-02","passed","2026-08-02","","DashboardBudgetsViewModelTest[jvm]","com.georgeci.moneysurfer.feature.dashboard.DashboardBudgetsViewModelTest",""
"","17","a healthy refresh reports the layer as not degraded[jvm]","","2026-07-31","passed","2026-07-31","","RemoteGlobalConfigSourceImplSpec[jvm]","com.georgeci.moneysurfer.appconfig.remote.RemoteGlobalConfigSourceImplSpec",""
"","23","user cannot map a foreign uid to their own email","","2026-08-02","passed","2026-08-02","","userEmails/{email}","userEmails/{email} user cannot map a foreign uid to their own email",""
"","38","a general monthly budget becomes the caption and fills the bar[jvm]","","2026-08-02","passed","2026-08-02","","DashboardSpentMonthViewModelTest[jvm]","com.georgeci.moneysurfer.feature.dashboard.DashboardSpentMonthViewModelTest",""
"","3","a hand-typed code is trimmed and upcased[jvm]","","2026-07-31","passed","2026-07-31","","CurrencyCodeCodecTest[jvm]","com.georgeci.moneysurfer.data.config.CurrencyCodeCodecTest",""
"","22","duplicating carries the merchant and tags but not the pairing, schedule or planned state[jvm]","","2026-08-02","passed","2026-08-02","","TransactionCreationEditTest[jvm]","com.georgeci.moneysurfer.feature.transaction.creation.TransactionCreationEditTest",""
"","0","SignIn[jvm]","","2026-08-02","passed","2026-08-02","","RouteSerializationTest[jvm]","com.georgeci.moneysurfer.navigation.RouteSerializationTest",""
"","6","the active list is shown in sortOrder, not in the order the repository happens to hold[jvm]","","2026-08-02","passed","2026-08-02","","AccountsManageViewModelTest[jvm]","com.georgeci.moneysurfer.feature.account.manage.AccountsManageViewModelTest",""
"","71","the rendered layout comes from the persisted config, not a fixed list[jvm]","","2026-08-02","passed","2026-08-02","","DashboardViewModelTest[jvm]","com.georgeci.moneysurfer.feature.dashboard.DashboardViewModelTest",""
"","16","sign-up with a short password reports PasswordTooShort instead of silently doing nothing[jvm]","","2026-08-02","passed","2026-08-02","","SignInViewModelTest[jvm]","com.georgeci.moneysurfer.feature.login.SignInViewModelTest",""
"","139","neither leg of a pair offers Duplicate[jvm]","","2026-08-02","passed","2026-08-02","","TransactionDetailsScreenStateTest[jvm]","com.georgeci.moneysurfer.ui.TransactionDetailsScreenStateTest",""
"","46","init loads the existing workspace and switches the form to editing[jvm]","","2026-08-02","passed","2026-08-02","","WorkspaceCreationViewModelTest[jvm]","com.georgeci.moneysurfer.feature.workspace.creation.WorkspaceCreationViewModelTest",""
"","1","redactUid keeps a short prefix and drops the rest[jvm]","","2026-07-31","passed","2026-07-31","","PiiRedactionTest[jvm]","com.georgeci.moneysurfer.domain.logging.PiiRedactionTest",""
"","1","the unset sentinels are not mistaken for stored values[jvm]","","2026-07-31","passed","2026-07-31","","CategoryAppearanceTest[jvm]","com.georgeci.moneysurfer.domain.model.CategoryAppearanceTest",""
"","630","an available row can be dragged too, and reports the row it lands on[jvm]","","2026-08-02","passed","2026-08-02","","DashboardCustomizeScreenStateTest[jvm]","com.georgeci.moneysurfer.ui.DashboardCustomizeScreenStateTest",""
"","135","the carousel reaches the insights a compact list would have dropped[jvm]","","2026-08-02","passed","2026-08-02","","DashboardInsightsScreenTest[jvm]","com.georgeci.moneysurfer.ui.DashboardInsightsScreenTest",""
"","0","negating Long.MIN_VALUE throws instead of wrapping back to itself[jvm]","","2026-07-31","passed","2026-07-31","","MoneyTest[jvm]","com.georgeci.moneysurfer.domain.primitives.MoneyTest",""
"","9","a device-scoped key never reaches config_entry[jvm]","","2026-07-31","passed","2026-07-31","","LocalConfigSourceImplJvmTest[jvm]","com.georgeci.moneysurfer.data.config.LocalConfigSourceImplJvmTest",""
"","20","setActive on a budget that is gone is a no-op rather than a failure[jvm]","","2026-07-31","passed","2026-07-31","","BudgetRepositoryImplJvmTest[jvm]","com.georgeci.moneysurfer.data.repository.BudgetRepositoryImplJvmTest",""
"","1","an unknown seed is undecodable rather than silently Brand[jvm]","","2026-07-31","passed","2026-07-31","","PaletteSourceCodecTest[jvm]","com.georgeci.moneysurfer.data.config.PaletteSourceCodecTest",""
"","28","rejects a category whose iconKey is a number","","2026-08-02","passed","2026-08-02","","entity write-shape validation (issue #156)","entity write-shape validation (issue #156) rejects a category whose iconKey is a number",""
"","716","the grid-width section is offered only where a grid exists to apply it[jvm]","","2026-08-02","passed","2026-08-02","","DashboardCustomizeScreenStateTest[jvm]","com.georgeci.moneysurfer.ui.DashboardCustomizeScreenStateTest",""
"","3","a DELETE is ignored — settings are overwritten, never deleted[jvm]","","2026-07-31","passed","2026-07-31","","UserConfigSyncPluginSpec[jvm]","com.georgeci.moneysurfer.data.sync.plugin.UserConfigSyncPluginSpec",""
"","20","only transactions inside the period reach the list[jvm]","","2026-08-02","passed","2026-08-02","","TransactionsByAccountPeriodTest[jvm]","com.georgeci.moneysurfer.feature.transaction.list.TransactionsByAccountPeriodTest",""
"","45","Week cuts the ISO week containing the day, Monday to Sunday[jvm]","","2026-07-31","passed","2026-07-31","","DashboardPeriodTest[jvm]","com.georgeci.moneysurfer.domain.dashboard.DashboardPeriodTest",""
"","3","delete on a missing account returns AccountNotFound[jvm]","","2026-07-31","passed","2026-07-31","","AccountWriteUseCasesTest[jvm]","com.georgeci.moneysurfer.domain.usecase.AccountWriteUseCasesTest",""
"","8","enqueueing the same change twice queues one push[jvm]","","2026-07-31","passed","2026-07-31","","PendingMutationQueueIntegrationIT[jvm]","com.georgeci.moneysurfer.integration.sync.PendingMutationQueueIntegrationIT",""
"","8","the pinned workspace is preselected so Confirm works without touching a row[jvm]","","2026-08-02","passed","2026-08-02","","WorkspaceSelectorViewModelTest[jvm]","com.georgeci.moneysurfer.feature.workspace.selector.WorkspaceSelectorViewModelTest",""
"","4","every tag in the cell is guarded on its own not just the first[jvm]","","2026-07-31","passed","2026-07-31","","TransactionCsvCodecTest[jvm]","com.georgeci.moneysurfer.domain.csv.TransactionCsvCodecTest",""
"","22","OnDeleteCancel keeps the budget[jvm]","","2026-08-02","passed","2026-08-02","","BudgetsViewModelTest[jvm]","com.georgeci.moneysurfer.feature.budget.list.BudgetsViewModelTest",""
"","1","arbitrary throwable maps to Unknown carrying the cause[jvm]","","2026-07-31","passed","2026-07-31","","SyncErrorClassifierSpec[jvm]","com.georgeci.moneysurfer.sync.internal.SyncErrorClassifierSpec",""
"","6","updating a missing goal is rejected[jvm]","","2026-07-31","passed","2026-07-31","","SavingsGoalUseCaseTest[jvm]","com.georgeci.moneysurfer.domain.usecase.SavingsGoalUseCaseTest",""
"","1580","each coordinator step maps to its own label, so a copy-pasted branch shows up here[jvm]","","2026-08-02","passed","2026-08-02","","SyncScreenStateTest[jvm]","com.georgeci.moneysurfer.ui.SyncScreenStateTest",""
"","17","opening balances never appear in the list, under either spelling[jvm]","","2026-07-31","passed","2026-07-31","","TransactionWindowIntegrationIT[jvm]","com.georgeci.moneysurfer.integration.repository.TransactionWindowIntegrationIT",""
"","181","a budget past its alert threshold is still headroom, not an overspend[jvm]","","2026-08-02","passed","2026-08-02","","DashboardScreenStateTest[jvm]","com.georgeci.moneysurfer.ui.DashboardScreenStateTest",""
"","1","opening_balance behaves as a regular ACTUAL for cache[jvm]","","2026-07-31","passed","2026-07-31","","ApplyTransactionChangeUseCaseTest[jvm]","com.georgeci.moneysurfer.domain.usecase.ApplyTransactionChangeUseCaseTest",""
"","2","the newest layout writes every known column[jvm]","","2026-07-31","passed","2026-07-31","","TransactionCsvCodecTest[jvm]","com.georgeci.moneysurfer.domain.csv.TransactionCsvCodecTest",""
"","170","a chip names the one thing that is picked and counts the rest[jvm]","","2026-08-02","passed","2026-08-02","","TransactionsListScreenStateTest[jvm]","com.georgeci.moneysurfer.ui.TransactionsListScreenStateTest",""
"","281","deleting from edit mode removes the row, refunds the balance and offers undo[jvm]","","2026-08-02","passed","2026-08-02","","TransactionCreationEditTest[jvm]","com.georgeci.moneysurfer.feature.transaction.creation.TransactionCreationEditTest",""
"","721","OnTermsClick emits a NavigateToLegal side effect[jvm]","","2026-08-02","passed","2026-08-02","","SignInViewModelTest[jvm]","com.georgeci.moneysurfer.feature.login.SignInViewModelTest",""
"","87","Loading renders the chrome and nothing under it[jvm]","","2026-08-02","passed","2026-08-02","","InsightsScreenTest[jvm]","com.georgeci.moneysurfer.ui.InsightsScreenTest",""
"","1","blank ids in a remote list are dropped instead of becoming empty CSV segments[jvm]","","2026-07-31","passed","2026-07-31","","WorkspaceScopedDtoMapperSpec[jvm]","com.georgeci.moneysurfer.data.sync.WorkspaceScopedDtoMapperSpec",""
"","1","ConflictResolution.Merged carries the merged value[jvm]","","2026-07-31","passed","2026-07-31","","ConflictResolverSpec[jvm]","com.georgeci.moneysurfer.sync.repository.ConflictResolverSpec",""
"","3","a third decimal digit is rejected, keeping two[jvm]","","2026-08-02","passed","2026-08-02","","AmountInputTransformationTest[jvm]","com.georgeci.moneysurfer.utils.AmountInputTransformationTest",""
"","6","no accounts means no totals[jvm]","","2026-07-31","passed","2026-07-31","","AccountTotalsTest[jvm]","com.georgeci.moneysurfer.domain.model.AccountTotalsTest",""
"","24","invitee accept via full set() (mirrors outbox upload path)","","2026-08-02","passed","2026-08-02","","invites — update / delete","invites — update / delete invitee accept via full set() (mirrors outbox upload path)",""
"","11","picking a type swaps it on the form[jvm]","","2026-08-02","passed","2026-08-02","","AccountCreationViewModelTest[jvm]","com.georgeci.moneysurfer.feature.account.creation.AccountCreationViewModelTest",""
"","2","deleting one leg of a split takes the whole receipt with it[jvm]","","2026-07-31","passed","2026-07-31","","DeleteTransactionUseCaseTest[jvm]","com.georgeci.moneysurfer.domain.usecase.DeleteTransactionUseCaseTest",""
"","5","email user with a password reaches the confirmation dialog[jvm]","","2026-08-02","passed","2026-08-02","","DeleteUserAccountViewModelTest[jvm]","com.georgeci.moneysurfer.feature.settings.account.DeleteUserAccountViewModelTest",""
"","73","an unavailable panel offers no controls at all, only an explanation[jvm]","","2026-08-02","passed","2026-08-02","","DebugConfigScreenStateTest[jvm]","com.georgeci.moneysurfer.ui.DebugConfigScreenStateTest",""
"","494","export writes a header plus one record per transaction and returns the count[jvm]","","2026-07-31","passed","2026-07-31","","ExportImportTransactionsUseCaseTest[jvm]","com.georgeci.moneysurfer.domain.csv.ExportImportTransactionsUseCaseTest",""
"","17","a recovered server clears the degraded flag[jvm]","","2026-07-31","passed","2026-07-31","","RemoteGlobalConfigSourceImplSpec[jvm]","com.georgeci.moneysurfer.appconfig.remote.RemoteGlobalConfigSourceImplSpec",""
"","68","a detail pane opened from another detail keeps its back arrow[jvm]","","2026-08-02","passed","2026-08-02","","SurferPaneScaffoldTest[jvm]","com.georgeci.moneysurfer.ui.SurferPaneScaffoldTest",""
"","0","'00.5' (leading zeros with decimal)[jvm]","","2026-08-02","passed","2026-08-02","","AmountInputTransformationTest[jvm]","com.georgeci.moneysurfer.utils.AmountInputTransformationTest",""
"","1","a monthly rule rolls into next month once its day has passed[jvm]","","2026-07-31","passed","2026-07-31","","UpcomingRecurringTest[jvm]","com.georgeci.moneysurfer.domain.model.UpcomingRecurringTest",""
"","1","ProjectionSummary carries the recalculated count[jvm]","","2026-07-31","passed","2026-07-31","","ProjectionSpec[jvm]","com.georgeci.moneysurfer.sync.projection.ProjectionSpec",""
"","100","only the nothing-logged-yet empty state carries an add CTA, so only then is the FAB dropped[jvm]","","2026-08-02","passed","2026-08-02","","TransactionsByAccountFilteringTest[jvm]","com.georgeci.moneysurfer.feature.transaction.list.TransactionsByAccountFilteringTest",""
"","24","the cap control is hidden for income categories and a switch to income drops the budget[jvm]","","2026-08-02","passed","2026-08-02","","CategoryCreationViewModelTest[jvm]","com.georgeci.moneysurfer.feature.category.creation.CategoryCreationViewModelTest",""
"","13","insert writes both DAO and outbox when signed in[jvm]","","2026-07-31","passed","2026-07-31","","WorkspaceMemberRepositoryDualWriteSpec[jvm]","com.georgeci.moneysurfer.data.repository.WorkspaceMemberRepositoryDualWriteSpec",""
"","8","an archived account is not offered as a filter[jvm]","","2026-08-02","passed","2026-08-02","","TransactionFiltersViewModelTest[jvm]","com.georgeci.moneysurfer.feature.transaction.filters.TransactionFiltersViewModelTest",""
"","1","an archived budget caps nothing[jvm]","","2026-07-31","passed","2026-07-31","","SpentByCategoryTest[jvm]","com.georgeci.moneysurfer.domain.model.SpentByCategoryTest",""
"","22","owner can create a member row for someone else (no invite reference needed)","","2026-08-02","passed","2026-08-02","","workspaces/{wid}/members/{uid}","workspaces/{wid}/members/{uid} owner can create a member row for someone else (no invite reference needed)",""
"","25","a pulled workspace stubs its owner so the foreign key holds on a fresh device[jvm]","","2026-07-31","passed","2026-07-31","","WorkspaceTreeSyncPluginIT[jvm]","com.georgeci.moneysurfer.integration.plugin.WorkspaceTreeSyncPluginIT",""
"","20","list/scan is denied — prevents email enumeration","","2026-08-02","passed","2026-08-02","","userEmails/{email}","userEmails/{email} list/scan is denied — prevents email enumeration",""
"","29","rejects a non-string transaction splitId","","2026-08-02","passed","2026-08-02","","entity write-shape validation (issue #156)","entity write-shape validation (issue #156) rejects a non-string transaction splitId",""
"","23","a cancelled save picker is not reported as a failure[jvm]","","2026-08-02","passed","2026-08-02","","BackupViewModelTest[jvm]","com.georgeci.moneysurfer.feature.settings.backup.BackupViewModelTest",""
"","19","picking a value writes it through — it is still there for the next screen instance[jvm]","","2026-08-02","passed","2026-08-02","","PreferencesViewModelTest[jvm]","com.georgeci.moneysurfer.feature.settings.preferences.PreferencesViewModelTest",""
"","6","a salary paid in every month is a schedule, not a subscription[jvm]","","2026-07-31","passed","2026-07-31","","GenerateInsightsUseCaseTest[jvm]","com.georgeci.moneysurfer.domain.usecase.GenerateInsightsUseCaseTest",""
"","4","a missing workspace doc is skipped without touching anything[jvm]","","2026-07-31","passed","2026-07-31","","UserAccountDeletionRepositoryImplTest[jvm]","com.georgeci.moneysurfer.data.repository.UserAccountDeletionRepositoryImplTest",""
"","26","a fresh store holds nothing, so the layer resolves absent for every key[jvm]","","2026-07-31","passed","2026-07-31","","DebugConfigSourceImplJvmTest[jvm]","com.georgeci.moneysurfer.data.config.DebugConfigSourceImplJvmTest",""
"","255","the reset-all row asks to drop every override[jvm]","","2026-08-02","passed","2026-08-02","","DebugConfigScreenStateTest[jvm]","com.georgeci.moneysurfer.ui.DebugConfigScreenStateTest",""
"","20","back navigates away[jvm]","","2026-08-02","passed","2026-08-02","","DebugConfigViewModelTest[jvm]","com.georgeci.moneysurfer.feature.settings.debug.DebugConfigViewModelTest",""
"","18","a 1360 dp desktop window at 2x density reports Large[jvm]","","2026-08-02","passed","2026-08-02","","SurferWindowSizeCompositionTest[jvm]","com.georgeci.moneysurfer.ui.SurferWindowSizeCompositionTest",""
"","0","'42.' -> '42.'[jvm]","","2026-08-02","passed","2026-08-02","","AmountInputTransformationTest[jvm]","com.georgeci.moneysurfer.utils.AmountInputTransformationTest",""
"","22","round-trip: merchant tags and recurring rule id survive export and import[jvm]","","2026-07-31","passed","2026-07-31","","ExportImportTransactionsUseCaseTest[jvm]","com.georgeci.moneysurfer.domain.csv.ExportImportTransactionsUseCaseTest",""
"","12","an unset environment leaves the desktop build pointed at the real project[jvm]","","2026-07-31","passed","2026-07-31","","FirebaseConfigImplJvmTest[jvm]","com.georgeci.moneysurfer.data.remote.FirebaseConfigImplJvmTest",""
"","34","rejects a nullable field with a wrong non-null type (deletedAt as string)","","2026-08-02","passed","2026-08-02","","entity write-shape validation (issue #156)","entity write-shape validation (issue #156) rejects a nullable field with a wrong non-null type (deletedAt as string)",""
"","6","every period is bounded — the dashboard offers no all-time span[jvm]","","2026-07-31","passed","2026-07-31","","DashboardPeriodTest[jvm]","com.georgeci.moneysurfer.domain.dashboard.DashboardPeriodTest",""
"","0","a weekly or yearly limit is a different quantity, so neither caps a month[jvm]","","2026-07-31","passed","2026-07-31","","BurnRateTest[jvm]","com.georgeci.moneysurfer.domain.model.BurnRateTest",""
"","37","a refresh that lands while one is in flight is dropped, not queued[jvm]","","2026-07-31","passed","2026-07-31","","RemoteGlobalConfigSourceImplSpec[jvm]","com.georgeci.moneysurfer.appconfig.remote.RemoteGlobalConfigSourceImplSpec",""
"","22","a goal pointing at an account this device does not have keeps everything but the pointer[jvm]","","2026-07-31","passed","2026-07-31","","GoalSyncPluginIT[jvm]","com.georgeci.moneysurfer.integration.plugin.GoalSyncPluginIT",""
"","29","authenticated user can read the flag document","","2026-08-02","passed","2026-08-02","","appConfig/{docId}","appConfig/{docId} authenticated user can read the flag document",""
"","47","an insert writes the row under the workspace's categories collection[jvm]","","2026-07-31","passed","2026-07-31","","CategorySyncPluginIT[jvm]","com.georgeci.moneysurfer.integration.plugin.CategorySyncPluginIT",""
"","39","each effect reaches exactly one destination[jvm]","","2026-08-02","passed","2026-08-02","","DashboardNavigationTest[jvm]","com.georgeci.moneysurfer.feature.dashboard.DashboardNavigationTest",""
"","0","a pinned workspace that is not in the list yet leaves the line blank[jvm]","","2026-08-02","passed","2026-08-02","","ShellIdentityTest[jvm]","com.georgeci.moneysurfer.navigation.ShellIdentityTest",""
"","29","rejects when no current user[jvm]","","2026-07-31","passed","2026-07-31","","AcceptInviteUseCaseTest[jvm]","com.georgeci.moneysurfer.domain.usecase.AcceptInviteUseCaseTest",""
"","16","a member tombstone removes the row[jvm]","","2026-07-31","passed","2026-07-31","","WorkspaceTreeSyncPluginIT[jvm]","com.georgeci.moneysurfer.integration.plugin.WorkspaceTreeSyncPluginIT",""
"","13","resetting cursors asks first[jvm]","","2026-08-02","passed","2026-08-02","","SyncViewModelTest[jvm]","com.georgeci.moneysurfer.feature.settings.sync.SyncViewModelTest",""
"","144","a caption sits closer to its own control than to the next block[jvm]","","2026-08-02","passed","2026-08-02","","SurferFormSectionTest[jvm]","com.georgeci.moneysurfer.ui.SurferFormSectionTest",""
"","23","income and expense totals sum only their own direction, ignoring the opening balance[jvm]","","2026-08-02","passed","2026-08-02","","AccountDetailsViewModelTest[jvm]","com.georgeci.moneysurfer.feature.account.details.AccountDetailsViewModelTest",""
"","61","a layer that cannot be hydrated degrades instead of taking startup down[jvm]","","2026-07-31","passed","2026-07-31","","LayeredConfigSpec[jvm]","com.georgeci.moneysurfer.appconfig.LayeredConfigSpec",""
"","21","an update keeps the stored createdAt and stamps updatedAt from the clock[jvm]","","2026-07-31","passed","2026-07-31","","GoalContributionRepositoryImplJvmTest[jvm]","com.georgeci.moneysurfer.data.repository.GoalContributionRepositoryImplJvmTest",""
"","15","push sends the row as it stands now and records it as pushed[jvm]","","2026-07-31","passed","2026-07-31","","UserConfigSyncPluginSpec[jvm]","com.georgeci.moneysurfer.data.sync.plugin.UserConfigSyncPluginSpec",""
"","16","an account or a category is toggled on, then off again[jvm]","","2026-08-02","passed","2026-08-02","","TransactionFiltersViewModelTest[jvm]","com.georgeci.moneysurfer.feature.transaction.filters.TransactionFiltersViewModelTest",""
"","1","with only category budgets the largest limit speaks[jvm]","","2026-07-31","passed","2026-07-31","","SafeToSpendTest[jvm]","com.georgeci.moneysurfer.domain.model.SafeToSpendTest",""
"","22","assigning more than the amount blocks the save[jvm]","","2026-08-02","passed","2026-08-02","","TransactionCreationSplitTest[jvm]","com.georgeci.moneysurfer.feature.transaction.creation.TransactionCreationSplitTest",""
"","4","offline edit state hides the Members section[jvm]","","2026-08-02","passed","2026-08-02","","WorkspaceCreationStateOfflineTest[jvm]","com.georgeci.moneysurfer.feature.workspace.creation.WorkspaceCreationStateOfflineTest",""
"","33","back navigates away[jvm]","","2026-08-02","passed","2026-08-02","","SyncViewModelTest[jvm]","com.georgeci.moneysurfer.feature.settings.sync.SyncViewModelTest",""
"","312","the categories section counts what is ticked against what there is[jvm]","","2026-08-02","passed","2026-08-02","","TransactionFiltersScreenStateTest[jvm]","com.georgeci.moneysurfer.ui.TransactionFiltersScreenStateTest",""
"","46","an operationDate that is unpadded is counted by no aggregate[jvm]","","2026-07-31","passed","2026-07-31","","SpendAnalyticsRepositoryImplJvmTest[jvm]","com.georgeci.moneysurfer.data.repository.SpendAnalyticsRepositoryImplJvmTest",""
"","0","an interval below one is read as every step rather than looping[jvm]","","2026-07-31","passed","2026-07-31","","UpcomingRecurringTest[jvm]","com.georgeci.moneysurfer.domain.model.UpcomingRecurringTest",""
"","12","the migration adds a nullable deletedAt column to transactions[jvm]","","2026-07-31","passed","2026-07-31","","TransactionSoftDeleteMigrationIT[jvm]","com.georgeci.moneysurfer.integration.repository.TransactionSoftDeleteMigrationIT",""
"","2","PullingCollection defaults current and total to null[jvm]","","2026-07-31","passed","2026-07-31","","SyncStepSpec[jvm]","com.georgeci.moneysurfer.sync.api.SyncStepSpec",""
"","23","an upsert for a category that is already gone writes nothing[jvm]","","2026-07-31","passed","2026-07-31","","CategorySyncPluginIT[jvm]","com.georgeci.moneysurfer.integration.plugin.CategorySyncPluginIT",""
"","13","a lone separator is an invalid format[jvm]","","2026-08-02","passed","2026-08-02","","TransactionAmountInputTest[jvm]","com.georgeci.moneysurfer.feature.transaction.creation.TransactionAmountInputTest",""
"","33","UploadingEntity title carries entity, current, total[jvm]","","2026-07-31","passed","2026-07-31","","SyncStepSpec[jvm]","com.georgeci.moneysurfer.sync.api.SyncStepSpec",""
"","5","case-insensitive email match[jvm]","","2026-07-31","passed","2026-07-31","","AcceptInviteUseCaseTest[jvm]","com.georgeci.moneysurfer.domain.usecase.AcceptInviteUseCaseTest",""
"","15","tapping Undo on the archive snackbar restores the account[jvm]","","2026-08-02","passed","2026-08-02","","AccountsManageViewModelTest[jvm]","com.georgeci.moneysurfer.feature.account.manage.AccountsManageViewModelTest",""
"","1","blank -> null[jvm]","","2026-07-31","passed","2026-07-31","","TimeFormatterTest[jvm]","com.georgeci.moneysurfer.data.repository.TimeFormatterTest",""
"","24","an explicit seed still reproduces a plan exactly, which is what screenshot runs need[jvm]","","2026-07-31","passed","2026-07-31","","DemoDataBlueprintTest[jvm]","com.georgeci.moneysurfer.domain.debug.DemoDataBlueprintTest",""
"","6","a monthly rule round-trips its month-day set and missing-day policy[jvm]","","2026-07-31","passed","2026-07-31","","RecurringRuleRepositoryImplJvmTest[jvm]","com.georgeci.moneysurfer.data.repository.RecurringRuleRepositoryImplJvmTest",""
"","149","the user block is inert without a handler[jvm]","","2026-08-02","passed","2026-08-02","","SurferNavigationDrawerTest[jvm]","com.georgeci.moneysurfer.ui.SurferNavigationDrawerTest",""
"","40","future format version surfaces FormatMismatch[jvm]","","2026-07-31","passed","2026-07-31","","BackupImporterImplJvmTest[jvm]","com.georgeci.moneysurfer.data.backup.BackupImporterImplJvmTest",""
"","11","a second write sees the first one's value rather than the state it replaced[jvm]","","2026-07-31","passed","2026-07-31","","PreferencesMirrorJvmTest[jvm]","com.georgeci.moneysurfer.data.config.PreferencesMirrorJvmTest",""
"","85","the burn rate is judged against a general monthly budget when there is one[jvm]","","2026-08-02","passed","2026-08-02","","DashboardBurnRateViewModelTest[jvm]","com.georgeci.moneysurfer.feature.dashboard.DashboardBurnRateViewModelTest",""
"","30","a card carries the spend of the current window, transfers excluded[jvm]","","2026-08-02","passed","2026-08-02","","BudgetsViewModelTest[jvm]","com.georgeci.moneysurfer.feature.budget.list.BudgetsViewModelTest",""
"","14","a written value round-trips after hydrate[jvm]","","2026-07-31","passed","2026-07-31","","LocalConfigSourceImplJvmTest[jvm]","com.georgeci.moneysurfer.data.config.LocalConfigSourceImplJvmTest",""
"","26","demo session (no Firebase uid) writes local rows but keeps the outbox empty[jvm]","","2026-07-31","passed","2026-07-31","","WorkspaceCreationSyncIntegrationIT[jvm]","com.georgeci.moneysurfer.integration.sync.WorkspaceCreationSyncIntegrationIT",""
"","66","the screen opens on the stored values, not on the defaults[jvm]","","2026-08-02","passed","2026-08-02","","PreferencesViewModelTest[jvm]","com.georgeci.moneysurfer.feature.settings.preferences.PreferencesViewModelTest",""
"","40","invitee can re-push the same terminal status (idempotent)","","2026-08-02","passed","2026-08-02","","invites — update / delete","invites — update / delete invitee can re-push the same terminal status (idempotent)",""
"","18","a running sync outranks the last outcome in the hero[jvm]","","2026-08-02","passed","2026-08-02","","SyncViewModelTest[jvm]","com.georgeci.moneysurfer.feature.settings.sync.SyncViewModelTest",""
"","40","an unwritable mirror marks the layer degraded[jvm]","","2026-07-31","passed","2026-07-31","","RemoteGlobalConfigSourceImplSpec[jvm]","com.georgeci.moneysurfer.appconfig.remote.RemoteGlobalConfigSourceImplSpec",""
"","697","auth error renders a dialog instead of field or form text[jvm]","","2026-08-02","passed","2026-08-02","","SignInScreenStateTest[jvm]","com.georgeci.moneysurfer.ui.SignInScreenStateTest",""
"","1","bars are scaled to the busiest day of the week[jvm]","","2026-07-31","passed","2026-07-31","","BurnRateTest[jvm]","com.georgeci.moneysurfer.domain.model.BurnRateTest",""
"","1","no-op edit (same impact) yields empty delta[jvm]","","2026-07-31","passed","2026-07-31","","CalculateBalanceDeltaTest[jvm]","com.georgeci.moneysurfer.domain.model.CalculateBalanceDeltaTest",""
"","24","getByWorkspaceId only returns invites of the given workspace[jvm]","","2026-07-31","passed","2026-07-31","","WorkspaceInviteRepositoryIntegrationIT[jvm]","com.georgeci.moneysurfer.integration.repository.WorkspaceInviteRepositoryIntegrationIT",""
"","0","Warn and above are loggable[jvm]","","2026-07-31","passed","2026-07-31","","CrashReportingLogWriterTest[jvm]","com.georgeci.moneysurfer.domain.telemetry.CrashReportingLogWriterTest",""
"","3","'42.5' -> '42.5'[jvm]","","2026-08-02","passed","2026-08-02","","AmountInputTransformationTest[jvm]","com.georgeci.moneysurfer.utils.AmountInputTransformationTest",""
"","126","with nothing priceable in the base currency the headline is still a balance, not the empty state[jvm]","","2026-08-02","passed","2026-08-02","","DashboardBalanceViewModelTest[jvm]","com.georgeci.moneysurfer.feature.dashboard.DashboardBalanceViewModelTest",""
"","21","stranger cannot collection-group query by another user's targetUserId","","2026-08-02","passed","2026-08-02","","invites — read","invites — read stranger cannot collection-group query by another user's targetUserId",""
"","1","SettingsPreferences[jvm]","","2026-08-02","passed","2026-08-02","","RouteSerializationTest[jvm]","com.georgeci.moneysurfer.navigation.RouteSerializationTest",""
"","0","shifting a month backwards crosses the year boundary[jvm]","","2026-07-31","passed","2026-07-31","","TransactionPeriodWindowTest[jvm]","com.georgeci.moneysurfer.domain.util.TransactionPeriodWindowTest",""
"","69","export fails with BackupError.Io when the DataStore prefs file is missing[jvm]","","2026-07-31","passed","2026-07-31","","BackupExporterImplJvmTest[jvm]","com.georgeci.moneysurfer.data.backup.BackupExporterImplJvmTest",""
"","2","unparseable amount is rejected as invalid amount_minor[jvm]","","2026-07-31","passed","2026-07-31","","TransactionCsvCodecTest[jvm]","com.georgeci.moneysurfer.domain.csv.TransactionCsvCodecTest",""
"","5","landscape is width against height, not a band[jvm]","","2026-08-02","passed","2026-08-02","","SurferWindowSizeTest[jvm]","com.georgeci.moneysurfer.uikit.window.SurferWindowSizeTest",""
"","0","an ARCHIVED goal rejects new contributions[jvm]","","2026-07-31","passed","2026-07-31","","GoalContributionUseCaseTest[jvm]","com.georgeci.moneysurfer.domain.usecase.GoalContributionUseCaseTest",""
"","8","thrown Throwable from upload becomes SyncError.Unknown[jvm]","","2026-07-31","passed","2026-07-31","","SyncCoordinatorImplBranchSpec[jvm]","com.georgeci.moneysurfer.sync.coordinator.SyncCoordinatorImplBranchSpec",""
"","225","the currency pill resolves the stored code against the catalogue[jvm]","","2026-08-02","passed","2026-08-02","","PreferencesScreenStateTest[jvm]","com.georgeci.moneysurfer.ui.PreferencesScreenStateTest",""
"","5","the tree groups children under their parent and counts them[jvm]","","2026-08-02","passed","2026-08-02","","CategoryChooserViewModelTest[jvm]","com.georgeci.moneysurfer.feature.category.picker.CategoryChooserViewModelTest",""
"","37","create blocked when clientVersionCode missing","","2026-08-02","passed","2026-08-02","","member-gated entities (accounts)","member-gated entities (accounts) create blocked when clientVersionCode missing",""
"","657","a single flipped ciphertext byte fails the MAC[jvm]","","2026-07-31","passed","2026-07-31","","EncryptedBackupCodecTest[jvm]","com.georgeci.moneysurfer.data.backup.EncryptedBackupCodecTest",""
"","37","rejects a poison update of an existing account (balance as string)","","2026-08-02","passed","2026-08-02","","entity write-shape validation (issue #156)","entity write-shape validation (issue #156) rejects a poison update of an existing account (balance as string)",""
"","8","member insert failure returns LocalWriteFailed and skips categories, remote work and pin[jvm]","","2026-07-31","passed","2026-07-31","","CreateWorkspaceUseCaseTest[jvm]","com.georgeci.moneysurfer.domain.usecase.CreateWorkspaceUseCaseTest",""
"","10","the remote-owned fields come back empty rather than stale[jvm]","","2026-07-31","passed","2026-07-31","","UserRepositoryImplJvmTest[jvm]","com.georgeci.moneysurfer.data.repository.UserRepositoryImplJvmTest",""
"","60","the toolbar names the workspace the session points at[jvm]","","2026-08-02","passed","2026-08-02","","DashboardViewModelTest[jvm]","com.georgeci.moneysurfer.feature.dashboard.DashboardViewModelTest",""
"","35","accounts that share a position are still listed in a stable order[jvm]","","2026-07-31","passed","2026-07-31","","AccountSortOrderIntegrationIT[jvm]","com.georgeci.moneysurfer.integration.repository.AccountSortOrderIntegrationIT",""
"","60","compact width presents no navigation suite[jvm]","","2026-08-02","passed","2026-08-02","","NavigationShellTest[jvm]","com.georgeci.moneysurfer.navigation.NavigationShellTest",""
"","25","updating a tombstoned row through the repository leaves it deleted[jvm]","","2026-07-31","passed","2026-07-31","","TransactionSoftDeleteIntegrationIT[jvm]","com.georgeci.moneysurfer.integration.repository.TransactionSoftDeleteIntegrationIT",""
"","34","subcollections of the phantom workspace are denied too","","2026-08-02","passed","2026-08-02","","dangling users/{uid}.workspaceIds refs","dangling users/{uid}.workspaceIds refs subcollections of the phantom workspace are denied too",""
"","214","the balance card states the month delta as a sentence[jvm]","","2026-08-02","passed","2026-08-02","","DashboardScreenStateTest[jvm]","com.georgeci.moneysurfer.ui.DashboardScreenStateTest",""
"","18","matches a Cyrillic prefix — unicode61 tokenizer, not simple[jvm]","","2026-07-31","passed","2026-07-31","","TransactionFtsIntegrationIT[jvm]","com.georgeci.moneysurfer.integration.repository.TransactionFtsIntegrationIT",""
"","43","clearing from the empty state drops the filters and the search text together[jvm]","","2026-08-02","passed","2026-08-02","","TransactionsByAccountFilteringTest[jvm]","com.georgeci.moneysurfer.feature.transaction.list.TransactionsByAccountFilteringTest",""
"","117","a quiet period says so instead of hiding the widget[jvm]","","2026-08-02","passed","2026-08-02","","DashboardInsightsScreenTest[jvm]","com.georgeci.moneysurfer.ui.DashboardInsightsScreenTest",""
"","24","recurring-only and planned-only read the domain fields they name[jvm]","","2026-08-02","passed","2026-08-02","","TransactionsByAccountFilteringTest[jvm]","com.georgeci.moneysurfer.feature.transaction.list.TransactionsByAccountFilteringTest",""
"","15","the monthly net comes back oldest first, with the missing side folded to zero[jvm]","","2026-07-31","passed","2026-07-31","","SpendAnalyticsRepositoryImplJvmTest[jvm]","com.georgeci.moneysurfer.data.repository.SpendAnalyticsRepositoryImplJvmTest",""
"","5060","the decorator gives each entry the affordance its place on the stack allows[jvm]","","2026-08-02","passed","2026-08-02","","BackNavigationDecoratorTest[jvm]","com.georgeci.moneysurfer.ui.BackNavigationDecoratorTest",""
"","21","a user cannot list another user's settings","","2026-08-02","passed","2026-08-02","","users/{uid}/config/{key}","users/{uid}/config/{key} a user cannot list another user's settings",""
"","194","the workspace created after that sign-in stays pinned[jvm]","","2026-07-31","passed","2026-07-31","","DemoSessionHandoffIntegrationIT[jvm]","com.georgeci.moneysurfer.integration.repository.DemoSessionHandoffIntegrationIT",""
"","26","rejects a budget whose startDate is a number","","2026-08-02","passed","2026-08-02","","entity write-shape validation (issue #156)","entity write-shape validation (issue #156) rejects a budget whose startDate is a number",""
"","13","a build offering every entry point is not demo-only[jvm]","","2026-08-02","passed","2026-08-02","","SignInViewModelTest[jvm]","com.georgeci.moneysurfer.feature.login.SignInViewModelTest",""
"","55","at a phone width the cap is inert — content still spans the whole window[jvm]","","2026-08-02","passed","2026-08-02","","SurferContentContainerTest[jvm]","com.georgeci.moneysurfer.ui.SurferContentContainerTest",""
"","2","is idempotent — second invocation does not duplicate workspace or Cash account[jvm]","","2026-07-31","passed","2026-07-31","","SeedDefaultsUseCaseTest[jvm]","com.georgeci.moneysurfer.domain.usecase.SeedDefaultsUseCaseTest",""
"","15","insert with unknown workspaceId is allowed (no FK on workspace_invites.workspaceId)[jvm]","","2026-07-31","passed","2026-07-31","","WorkspaceInviteRepositoryIntegrationIT[jvm]","com.georgeci.moneysurfer.integration.repository.WorkspaceInviteRepositoryIntegrationIT",""
"","6","warnings and errors are recorded, newest first[jvm]","","2026-07-31","passed","2026-07-31","","DebugLogBufferTest[jvm]","com.georgeci.moneysurfer.domain.logging.DebugLogBufferTest",""
"","1","weak-password classifies as WeakPassword[jvm]","","2026-07-31","passed","2026-07-31","","AuthErrorClassificationTest[jvm]","com.georgeci.moneysurfer.data.repository.AuthErrorClassificationTest",""
"","16","peek is absent before hydrate, so a pre-hydration snapshot cannot see this layer[jvm]","","2026-07-31","passed","2026-07-31","","RemoteGlobalConfigSourceImplSpec[jvm]","com.georgeci.moneysurfer.appconfig.remote.RemoteGlobalConfigSourceImplSpec",""
"","26","a pulled value is stamped as already pushed[jvm]","","2026-07-31","passed","2026-07-31","","ConfigEntryDaoIntegrationIT[jvm]","com.georgeci.moneysurfer.integration.repository.ConfigEntryDaoIntegrationIT",""
"","59","a build with transfers switched off says so, so the quick-actions row can stand down[jvm]","","2026-08-02","passed","2026-08-02","","DashboardViewModelTest[jvm]","com.georgeci.moneysurfer.feature.dashboard.DashboardViewModelTest",""
"","18","a pulled tombstone hides the row locally without dropping it[jvm]","","2026-07-31","passed","2026-07-31","","TransactionTombstoneSyncIntegrationIT[jvm]","com.georgeci.moneysurfer.integration.sync.TransactionTombstoneSyncIntegrationIT",""
"","108","the period switch sits above the widgets with the current span selected[jvm]","","2026-08-02","passed","2026-08-02","","DashboardScreenStateTest[jvm]","com.georgeci.moneysurfer.ui.DashboardScreenStateTest",""
"","148","the pointers are on disk, so the next cold start does not route back to sign in[jvm]","","2026-07-31","passed","2026-07-31","","DemoSessionHandoffIntegrationIT[jvm]","com.georgeci.moneysurfer.integration.repository.DemoSessionHandoffIntegrationIT",""
"","1","'1.2.3' (multiple dots)[jvm]","","2026-08-02","passed","2026-08-02","","AmountInputTransformationTest[jvm]","com.georgeci.moneysurfer.utils.AmountInputTransformationTest",""
"","71","a split line's chooser opens on that line's category rather than on the form's[jvm]","","2026-08-02","passed","2026-08-02","","TransactionCreationFormTest[jvm]","com.georgeci.moneysurfer.feature.transaction.creation.TransactionCreationFormTest",""
"","6326","the loaded screen splits widgets into the on-dashboard and available sections[jvm]","","2026-08-02","passed","2026-08-02","","DashboardCustomizeScreenStateTest[jvm]","com.georgeci.moneysurfer.ui.DashboardCustomizeScreenStateTest",""
"","30","a recurring rule round-trips through the wire format[jvm]","","2026-07-31","passed","2026-07-31","","RecurringRuleDtoMapperSpec[jvm]","com.georgeci.moneysurfer.data.sync.RecurringRuleDtoMapperSpec",""
"","13","schema-version mismatch surfaces SchemaMismatch[jvm]","","2026-07-31","passed","2026-07-31","","BackupImporterImplJvmTest[jvm]","com.georgeci.moneysurfer.data.backup.BackupImporterImplJvmTest",""
"","1","a window with no days in it reads as fully elapsed, never as a division by zero[jvm]","","2026-07-31","passed","2026-07-31","","SafeToSpendTest[jvm]","com.georgeci.moneysurfer.domain.model.SafeToSpendTest",""
"","25","the rules run over both windows and the category names are resolved[jvm]","","2026-07-31","passed","2026-07-31","","GenerateInsightsUseCaseTest[jvm]","com.georgeci.moneysurfer.domain.usecase.GenerateInsightsUseCaseTest",""
"","101","a key that is not remoteOverridable is ignored and never mirrored[jvm]","","2026-07-31","passed","2026-07-31","","RemoteGlobalConfigSourceImplSpec[jvm]","com.georgeci.moneysurfer.appconfig.remote.RemoteGlobalConfigSourceImplSpec",""
"","23","a zero amount blocks save and exposes an inline error[jvm]","","2026-08-02","passed","2026-08-02","","TransactionCreationSaveTest[jvm]","com.georgeci.moneysurfer.feature.transaction.creation.TransactionCreationSaveTest",""
"","28","rejects a budget whose amount is a string","","2026-08-02","passed","2026-08-02","","entity write-shape validation (issue #156)","entity write-shape validation (issue #156) rejects a budget whose amount is a string",""
"","61","non-member cannot read or create a contribution","","2026-08-02","passed","2026-08-02","","savings goals (issue #244)","savings goals (issue #244) non-member cannot read or create a contribution",""
"","48","nothing is decided until the first refresh[jvm]","","2026-07-31","passed","2026-07-31","","AppVersionGateImplTest[jvm]","com.georgeci.moneysurfer.data.repository.AppVersionGateImplTest",""
"","23","each picker writes to its own preference and to no other[jvm]","","2026-08-02","passed","2026-08-02","","PreferencesViewModelTest[jvm]","com.georgeci.moneysurfer.feature.settings.preferences.PreferencesViewModelTest",""
"","12","pendingCount Flow reflects active row count[jvm]","","2026-07-31","passed","2026-07-31","","PendingMutationQueueIntegrationIT[jvm]","com.georgeci.moneysurfer.integration.sync.PendingMutationQueueIntegrationIT",""
"","0","SettingsAppearance[jvm]","","2026-08-02","passed","2026-08-02","","RouteSerializationTest[jvm]","com.georgeci.moneysurfer.navigation.RouteSerializationTest",""
"","8","addWorkspaceRef failure does not block setDefaultWorkspace[jvm]","","2026-07-31","passed","2026-07-31","","CreateWorkspaceUseCaseTest[jvm]","com.georgeci.moneysurfer.domain.usecase.CreateWorkspaceUseCaseTest",""
"","34","a setting written while signed out is queued at the next sign-in[jvm]","","2026-07-31","passed","2026-07-31","","SyncedSettingsSessionImplJvmTest[jvm]","com.georgeci.moneysurfer.data.config.SyncedSettingsSessionImplJvmTest",""
"","18","savedAmount is the signed sum of contributions[jvm]","","2026-07-31","passed","2026-07-31","","GoalRepositoryDualWriteSpec[jvm]","com.georgeci.moneysurfer.data.repository.GoalRepositoryDualWriteSpec",""
"","7","a zero or non-finite quote counts as missing rather than as an infinite balance[jvm]","","2026-07-31","passed","2026-07-31","","ConvertAccountsTotalUseCaseTest[jvm]","com.georgeci.moneysurfer.domain.usecase.ConvertAccountsTotalUseCaseTest",""
"","1","an ordinary transaction is a group of one and is not a split[jvm]","","2026-07-31","passed","2026-07-31","","TransactionSplitGroupTest[jvm]","com.georgeci.moneysurfer.domain.model.TransactionSplitGroupTest",""
"","52","transfer auto-seeds Transfer category with systemKind=TRANSFER on first call and reuses it on subsequent calls[jvm]","","2026-07-31","passed","2026-07-31","","TransferCreationIntegrationIT[jvm]","com.georgeci.moneysurfer.integration.repository.TransferCreationIntegrationIT",""
"","15","supported app versions allow sync[jvm]","","2026-07-31","passed","2026-07-31","","SyncVersionGateImplSpec[jvm]","com.georgeci.moneysurfer.data.sync.SyncVersionGateImplSpec",""
"","15","a pulled member is inserted and their user row stubbed[jvm]","","2026-07-31","passed","2026-07-31","","WorkspaceTreeSyncPluginIT[jvm]","com.georgeci.moneysurfer.integration.plugin.WorkspaceTreeSyncPluginIT",""
"","45","download opens the export options, and confirming asks for a save target[jvm]","","2026-08-02","passed","2026-08-02","","BackupViewModelTest[jvm]","com.georgeci.moneysurfer.feature.settings.backup.BackupViewModelTest",""
"","6","the throwable travels with its entry[jvm]","","2026-07-31","passed","2026-07-31","","DebugLogBufferTest[jvm]","com.georgeci.moneysurfer.domain.logging.DebugLogBufferTest",""
"","6","an invite doc with no status is read as pending rather than as a blank[jvm]","","2026-07-31","passed","2026-07-31","","MembershipDtoMapperSpec[jvm]","com.georgeci.moneysurfer.data.sync.MembershipDtoMapperSpec",""
"","7","reports progress with entityType and running position[jvm]","","2026-07-31","passed","2026-07-31","","UploadPendingChangesUseCaseImplSpec[jvm]","com.georgeci.moneysurfer.data.sync.UploadPendingChangesUseCaseImplSpec",""
"","8","the workspace-ref writers pass the raw ids through[jvm]","","2026-07-31","passed","2026-07-31","","UserRemoteRepositoryImplTest[jvm]","com.georgeci.moneysurfer.data.repository.UserRemoteRepositoryImplTest",""
"","41","a budget tombstone drops the row[jvm]","","2026-07-31","passed","2026-07-31","","BudgetAndRecurringRuleSyncPluginIT[jvm]","com.georgeci.moneysurfer.integration.plugin.BudgetAndRecurringRuleSyncPluginIT",""
"","29","anonymous login rolls the session back but keeps the provider session[jvm]","","2026-07-31","passed","2026-07-31","","AuthSessionRollbackTest[jvm]","com.georgeci.moneysurfer.domain.usecase.AuthSessionRollbackTest",""
"","36","a workspace the device has not pulled yet has no currency to name the amount in[jvm]","","2026-07-31","passed","2026-07-31","","GetSpentMonthUseCaseTest[jvm]","com.georgeci.moneysurfer.domain.usecase.GetSpentMonthUseCaseTest",""
"","3","no enqueue when app-version gate denies sync[jvm]","","2026-07-31","passed","2026-07-31","","OutboxEnqueuerImplSpec[jvm]","com.georgeci.moneysurfer.sync.repository.OutboxEnqueuerImplSpec",""
"","6","writes local pointer and skips remote when no Firebase uid[jvm]","","2026-07-31","passed","2026-07-31","","SelectWorkspaceUseCaseTest[jvm]","com.georgeci.moneysurfer.domain.usecase.SelectWorkspaceUseCaseTest",""
"","0","set merge with only Indefinite reasons stays Indefinite[jvm]","","2026-07-31","passed","2026-07-31","","NetworkWaitModeSpec[jvm]","com.georgeci.moneysurfer.sync.network.NetworkWaitModeSpec",""
"","14","removing a row drops it and offers its chip again[jvm]","","2026-08-02","passed","2026-08-02","","AccountCreationViewModelTest[jvm]","com.georgeci.moneysurfer.feature.account.creation.AccountCreationViewModelTest",""
"","33","a returning user with a workspace lands on the dashboard[jvm]","","2026-08-02","passed","2026-08-02","","AppLaunchViewModelTest[jvm]","com.georgeci.moneysurfer.navigation.AppLaunchViewModelTest",""
"","28","non-invited stranger CANNOT self-create a member row","","2026-08-02","passed","2026-08-02","","workspaces/{wid}/members/{uid}","workspaces/{wid}/members/{uid} non-invited stranger CANNOT self-create a member row",""
"","3","observeOutbox honours its row limit[jvm]","","2026-07-31","passed","2026-07-31","","PendingMutationQueueImplSpec[jvm]","com.georgeci.moneysurfer.sync.internal.repository.PendingMutationQueueImplSpec",""
"","5","a caller-pinned type locks the tab row[jvm]","","2026-08-02","passed","2026-08-02","","CategoryChooserViewModelTest[jvm]","com.georgeci.moneysurfer.feature.category.picker.CategoryChooserViewModelTest",""
"","0","early January can still belong to the previous week-year[jvm]","","2026-07-31","passed","2026-07-31","","TransactionPeriodWindowTest[jvm]","com.georgeci.moneysurfer.domain.util.TransactionPeriodWindowTest",""
"","4","no workspace is pinned yet[jvm]","","2026-08-02","passed","2026-08-02","","ShellIdentityTest[jvm]","com.georgeci.moneysurfer.navigation.ShellIdentityTest",""
"","0","non-null pass-through[jvm]","","2026-07-31","passed","2026-07-31","","TimeFormatterTest[jvm]","com.georgeci.moneysurfer.data.repository.TimeFormatterTest",""
"","6","GoalDetails[jvm]","","2026-08-02","passed","2026-08-02","","RouteSerializationTest[jvm]","com.georgeci.moneysurfer.navigation.RouteSerializationTest",""
"","1","malformed stored falls back to operationAt in UTC[jvm]","","2026-07-31","passed","2026-07-31","","ResolveLegacyOperationDateTest[jvm]","com.georgeci.moneysurfer.data.repository.ResolveLegacyOperationDateTest",""
"","71","a month that booked nothing is a formatted zero, not an absent card[jvm]","","2026-08-02","passed","2026-08-02","","DashboardSpentMonthViewModelTest[jvm]","com.georgeci.moneysurfer.feature.dashboard.DashboardSpentMonthViewModelTest",""
"","7","a code the codec cannot re-decode is never produced[jvm]","","2026-07-31","passed","2026-07-31","","CurrencyCodeCodecTest[jvm]","com.georgeci.moneysurfer.data.config.CurrencyCodeCodecTest",""
"","16","toScope maps each reason[jvm]","","2026-07-31","passed","2026-07-31","","SyncScopeSpec[jvm]","com.georgeci.moneysurfer.sync.api.SyncScopeSpec",""
"","33","a 5xx from the provider reads as no answer[jvm]","","2026-07-31","passed","2026-07-31","","HttpExchangeRateRemoteSourceJvmTest[jvm]","com.georgeci.moneysurfer.data.remote.HttpExchangeRateRemoteSourceJvmTest",""
"","5","with no budget the projection still stands, it just carries no verdict[jvm]","","2026-07-31","passed","2026-07-31","","BurnRateTest[jvm]","com.georgeci.moneysurfer.domain.model.BurnRateTest",""
"","45","member can create","","2026-08-02","passed","2026-08-02","","member-gated entities (accounts)","member-gated entities (accounts) member can create",""
"","56","member can tombstone in categories","","2026-08-02","passed","2026-08-02","","tombstone update shape (push-side soft delete)","tombstone update shape (push-side soft delete) member can tombstone in categories",""
"","3","a leg's split id survives a V2 file being re-imported into the current layout[jvm]","","2026-07-31","passed","2026-07-31","","TransactionCsvCodecTest[jvm]","com.georgeci.moneysurfer.domain.csv.TransactionCsvCodecTest",""
"","1","the uncategorized bucket is a subject like any other[jvm]","","2026-07-31","passed","2026-07-31","","InsightRulesTest[jvm]","com.georgeci.moneysurfer.domain.insight.InsightRulesTest",""
"","34","an id the workspace does not know is skipped without leaving a hole in the numbering[jvm]","","2026-07-31","passed","2026-07-31","","AccountSortOrderIntegrationIT[jvm]","com.georgeci.moneysurfer.integration.repository.AccountSortOrderIntegrationIT",""
"","42","reorder rewrites the positions and reads come back in the new order[jvm]","","2026-07-31","passed","2026-07-31","","AccountSortOrderIntegrationIT[jvm]","com.georgeci.moneysurfer.integration.repository.AccountSortOrderIntegrationIT",""
"","5","a custom range may be open at either end[jvm]","","2026-08-02","passed","2026-08-02","","TransactionFilterMatchingTest[jvm]","com.georgeci.moneysurfer.feature.transaction.filter.TransactionFilterMatchingTest",""
"","16","nobody signed in means no history to fold[jvm]","","2026-07-31","passed","2026-07-31","","GetMonthlyNetHistoryUseCaseTest[jvm]","com.georgeci.moneysurfer.domain.usecase.GetMonthlyNetHistoryUseCaseTest",""
"","30","rejects an account whose string name is a number","","2026-08-02","passed","2026-08-02","","entity write-shape validation (issue #156)","entity write-shape validation (issue #156) rejects an account whose string name is a number",""
"","2","redactUid fully masks short values[jvm]","","2026-07-31","passed","2026-07-31","","PiiRedactionTest[jvm]","com.georgeci.moneysurfer.domain.logging.PiiRedactionTest",""
"","27","member can tombstone an account","","2026-08-02","passed","2026-08-02","","tombstone update shape (push-side soft delete)","tombstone update shape (push-side soft delete) member can tombstone an account",""
"","12","the dashboard opens on Month[jvm]","","2026-07-31","passed","2026-07-31","","DashboardPeriodTest[jvm]","com.georgeci.moneysurfer.domain.dashboard.DashboardPeriodTest",""
"","58","a debug build drops the tables and carries on[jvm]","","2026-07-31","passed","2026-07-31","","DatabaseBuilderSpec[jvm]","com.georgeci.moneysurfer.data.db.DatabaseBuilderSpec",""
"","15","flatten puts each child immediately after its parent[jvm]","","2026-07-31","passed","2026-07-31","","CategoryTreeTest[jvm]","com.georgeci.moneysurfer.domain.model.CategoryTreeTest",""
"","0","moving a widget onto a switched-off one switches it off, in that slot[jvm]","","2026-07-31","passed","2026-07-31","","DashboardLayoutConfigTest[jvm]","com.georgeci.moneysurfer.domain.dashboard.DashboardLayoutConfigTest",""
"","21","safe-to-spend stays null with no budget, so the widget can offer to set one[jvm]","","2026-08-02","passed","2026-08-02","","DashboardSafeToSpendViewModelTest[jvm]","com.georgeci.moneysurfer.feature.dashboard.DashboardSafeToSpendViewModelTest",""
"","1","CancellationException maps to SyncError.Cancelled[jvm]","","2026-07-31","passed","2026-07-31","","SyncErrorClassifierSpec[jvm]","com.georgeci.moneysurfer.sync.internal.SyncErrorClassifierSpec",""
"","16","an unreachable host reads as no answer rather than throwing[jvm]","","2026-07-31","passed","2026-07-31","","HttpExchangeRateRemoteSourceJvmTest[jvm]","com.georgeci.moneysurfer.data.remote.HttpExchangeRateRemoteSourceJvmTest",""
"","12","an unreachable server marks the layer degraded[jvm]","","2026-07-31","passed","2026-07-31","","RemoteGlobalConfigSourceImplSpec[jvm]","com.georgeci.moneysurfer.appconfig.remote.RemoteGlobalConfigSourceImplSpec",""
"","0","SyncMeta copy override changes targeted field only[jvm]","","2026-07-31","passed","2026-07-31","","SyncMetaRepositorySpec[jvm]","com.georgeci.moneysurfer.sync.repository.SyncMetaRepositorySpec",""
"","32","spending more than the same stretch of last month reads as up[jvm]","","2026-08-02","passed","2026-08-02","","DashboardSpentMonthViewModelTest[jvm]","com.georgeci.moneysurfer.feature.dashboard.DashboardSpentMonthViewModelTest",""
"","102","the registry receives every registered group[jvm]","","2026-08-02","passed","2026-08-02","","OnlineConfigGraphTest[jvm]","com.georgeci.moneysurfer.di.OnlineConfigGraphTest",""
"","2","per-transaction is null when nothing was booked this month[jvm]","","2026-07-31","passed","2026-07-31","","CategorySpendHistoryTest[jvm]","com.georgeci.moneysurfer.domain.model.CategorySpendHistoryTest",""
"","5","no destination matches an absent top-level route[jvm]","","2026-08-02","passed","2026-08-02","","NavigationShellTest[jvm]","com.georgeci.moneysurfer.navigation.NavigationShellTest",""
"","16","a second refresh within the day does not hit the provider again[jvm]","","2026-07-31","passed","2026-07-31","","ExchangeRateRepositoryImplJvmTest[jvm]","com.georgeci.moneysurfer.data.repository.ExchangeRateRepositoryImplJvmTest",""
"","8","restore flips archived flag back[jvm]","","2026-07-31","passed","2026-07-31","","ArchiveAccountUseCaseTest[jvm]","com.georgeci.moneysurfer.domain.usecase.ArchiveAccountUseCaseTest",""
"","26","spending more than last month reads as up, by a magnitude[jvm]","","2026-07-31","passed","2026-07-31","","GetSpentMonthUseCaseTest[jvm]","com.georgeci.moneysurfer.domain.usecase.GetSpentMonthUseCaseTest",""
"","28","an operationDate that is a day that does not exist is counted by no aggregate[jvm]","","2026-07-31","passed","2026-07-31","","SpendAnalyticsRepositoryImplJvmTest[jvm]","com.georgeci.moneysurfer.data.repository.SpendAnalyticsRepositoryImplJvmTest",""
"","7","normalize keeps the first spelling of a case-insensitively duplicate key[jvm]","","2026-07-31","passed","2026-07-31","","AccountExtraDetailsTest[jvm]","com.georgeci.moneysurfer.domain.model.AccountExtraDetailsTest",""
"","10","publishes accounts and keeps the selected id[jvm]","","2026-08-02","passed","2026-08-02","","AccountChooserViewModelTest[jvm]","com.georgeci.moneysurfer.feature.account.picker.AccountChooserViewModelTest",""
"","13","a row with no category lands in the uncategorized bucket rather than vanishing[jvm]","","2026-07-31","passed","2026-07-31","","SpendAnalyticsRepositoryImplJvmTest[jvm]","com.georgeci.moneysurfer.data.repository.SpendAnalyticsRepositoryImplJvmTest",""
"","19","adding a line keeps the amount the trailing line was showing[jvm]","","2026-08-02","passed","2026-08-02","","TransactionCreationSplitTest[jvm]","com.georgeci.moneysurfer.feature.transaction.creation.TransactionCreationSplitTest",""
"","25","a tombstoned workspace is left in Room rather than dropped[jvm]","","2026-07-31","passed","2026-07-31","","WorkspaceTreeSyncPluginIT[jvm]","com.georgeci.moneysurfer.integration.plugin.WorkspaceTreeSyncPluginIT",""
"","77","unauthenticated list/scan is denied — prevents enumerating the collection","","2026-08-02","passed","2026-08-02","","appConfig/{docId}","appConfig/{docId} unauthenticated list/scan is denied — prevents enumerating the collection",""
"","6","a stale selected id keeps the count but has no resolved name[jvm]","","2026-08-02","passed","2026-08-02","","TransactionsListMappingTest[jvm]","com.georgeci.moneysurfer.feature.transaction.list.TransactionsListMappingTest",""
"","19","a budget's CSV category column becomes a list on the wire and back again[jvm]","","2026-07-31","passed","2026-07-31","","WorkspaceScopedDtoMapperSpec[jvm]","com.georgeci.moneysurfer.data.sync.WorkspaceScopedDtoMapperSpec",""
"","222","email error renders under the email field, not as the shared error text[jvm]","","2026-08-02","passed","2026-08-02","","SignInScreenStateTest[jvm]","com.georgeci.moneysurfer.ui.SignInScreenStateTest",""
"","155","no string resource escapes an apostrophe or a quote the Android way[jvm]","","2026-08-02","passed","2026-08-02","","StringResourceEscapeTest[jvm]","com.georgeci.moneysurfer.utils.StringResourceEscapeTest",""
"","115","the same screen on its own still draws its own chrome[jvm]","","2026-08-02","passed","2026-08-02","","SurferPaneChromeTest[jvm]","com.georgeci.moneysurfer.ui.SurferPaneChromeTest",""
"","2","rejects when email already an active member[jvm]","","2026-07-31","passed","2026-07-31","","SendInviteUseCaseTest[jvm]","com.georgeci.moneysurfer.domain.usecase.SendInviteUseCaseTest",""
"","1","trims name and description before insert[jvm]","","2026-07-31","passed","2026-07-31","","CreateWorkspaceUseCaseTest[jvm]","com.georgeci.moneysurfer.domain.usecase.CreateWorkspaceUseCaseTest",""
"","20","export click requests a save file with a csv filename[jvm]","","2026-08-02","passed","2026-08-02","","CsvBackupViewModelTest[jvm]","com.georgeci.moneysurfer.feature.settings.csv.CsvBackupViewModelTest",""
"","6","planned transaction contributes nothing[jvm]","","2026-07-31","passed","2026-07-31","","BalanceImpactTest[jvm]","com.georgeci.moneysurfer.domain.model.BalanceImpactTest",""
"","14","a PLANNED row is not spend that happened[jvm]","","2026-07-31","passed","2026-07-31","","SpendAnalyticsRepositoryImplJvmTest[jvm]","com.georgeci.moneysurfer.data.repository.SpendAnalyticsRepositoryImplJvmTest",""
"","16","create and dismiss actions publish their host effects[jvm]","","2026-08-02","passed","2026-08-02","","CategoryChooserViewModelTest[jvm]","com.georgeci.moneysurfer.feature.category.picker.CategoryChooserViewModelTest",""
"","15","enum codec advertises its choices so the panel can render a picker[jvm]","","2026-07-31","passed","2026-07-31","","ConfigCodecSpec[jvm]","com.georgeci.moneysurfer.appconfig.ConfigCodecSpec",""
"","1","typing into a line touches only that line[jvm]","","2026-08-02","passed","2026-08-02","","TransactionCreationSplitEditingTest[jvm]","com.georgeci.moneysurfer.feature.transaction.creation.TransactionCreationSplitEditingTest",""
"","24","unauthenticated user cannot append to invitedWorkspaceIds","","2026-08-02","passed","2026-08-02","","users/{uid} — invitedWorkspaceIds cross-user append","users/{uid} — invitedWorkspaceIds cross-user append unauthenticated user cannot append to invitedWorkspaceIds",""
"","130","a workspace with nothing scheduled keeps the card and says so[jvm]","","2026-08-02","passed","2026-08-02","","DashboardScreenStateTest[jvm]","com.georgeci.moneysurfer.ui.DashboardScreenStateTest",""
"","21","switching to Income picks an income category and save persists INCOME[jvm]","","2026-08-02","passed","2026-08-02","","TransactionCreationSaveTest[jvm]","com.georgeci.moneysurfer.feature.transaction.creation.TransactionCreationSaveTest",""
"","582","a blank name is rejected — save is a no-op and canSave is false[jvm]","","2026-08-02","passed","2026-08-02","","CategoryCreationViewModelTest[jvm]","com.georgeci.moneysurfer.feature.category.creation.CategoryCreationViewModelTest",""
"","13","the result count promises rows the list will render, so a receipt counts once[jvm]","","2026-08-02","passed","2026-08-02","","TransactionFiltersViewModelTest[jvm]","com.georgeci.moneysurfer.feature.transaction.filters.TransactionFiltersViewModelTest",""
"","70","nobody signed in means nothing to say[jvm]","","2026-07-31","passed","2026-07-31","","GenerateInsightsUseCaseTest[jvm]","com.georgeci.moneysurfer.domain.usecase.GenerateInsightsUseCaseTest",""
"","9","switching off every period-scoped widget leaves the switch nothing to drive[jvm]","","2026-07-31","passed","2026-07-31","","DashboardLayoutConfigTest[jvm]","com.georgeci.moneysurfer.domain.dashboard.DashboardLayoutConfigTest",""
"","16","reading a user that was never stored is null, not a failure[jvm]","","2026-07-31","passed","2026-07-31","","UserRepositoryImplJvmTest[jvm]","com.georgeci.moneysurfer.data.repository.UserRepositoryImplJvmTest",""
"","187","there is nothing to delete while a transaction is still being entered[jvm]","","2026-08-02","passed","2026-08-02","","TransactionCreationScreenStateTest[jvm]","com.georgeci.moneysurfer.ui.TransactionCreationScreenStateTest",""
"","41","the saved amount is the signed sum of the goal's rows[jvm]","","2026-07-31","passed","2026-07-31","","GoalContributionRepositoryImplJvmTest[jvm]","com.georgeci.moneysurfer.data.repository.GoalContributionRepositoryImplJvmTest",""
"","8","empty input stays empty[jvm]","","2026-07-31","passed","2026-07-31","","TransactionTagsTest[jvm]","com.georgeci.moneysurfer.domain.model.TransactionTagsTest",""
"","13","enum codec resolves by name and rejects anything else[jvm]","","2026-07-31","passed","2026-07-31","","ConfigCodecSpec[jvm]","com.georgeci.moneysurfer.appconfig.ConfigCodecSpec",""
"","4","a record written by the pre-#260 format decodes with the new fields defaulted[jvm]","","2026-07-31","passed","2026-07-31","","TransactionCsvCodecTest[jvm]","com.georgeci.moneysurfer.domain.csv.TransactionCsvCodecTest",""
"","1","a split leg's group id round-trips through the wire format[jvm]","","2026-07-31","passed","2026-07-31","","TransactionDtoMapperSpec[jvm]","com.georgeci.moneysurfer.data.sync.TransactionDtoMapperSpec",""
"","4","an off-palette hue snaps to the nearest tint instead of disappearing[jvm]","","2026-08-02","passed","2026-08-02","","CategoryPaletteParityTest[jvm]","com.georgeci.moneysurfer.feature.category.CategoryPaletteParityTest",""
"","426","installing twice does not stack uid collectors[jvm]","","2026-07-31","passed","2026-07-31","","CrashReportingTest[jvm]","com.georgeci.moneysurfer.domain.telemetry.CrashReportingTest",""
"","129","a widget's span decides how much of the row it gets[jvm]","","2026-08-02","passed","2026-08-02","","DashboardGridScreenTest[jvm]","com.georgeci.moneysurfer.ui.DashboardGridScreenTest",""
"","3","the all-categories budget is not coverage[jvm]","","2026-07-31","passed","2026-07-31","","CategoryCapCoverageTest[jvm]","com.georgeci.moneysurfer.domain.model.CategoryCapCoverageTest",""
"","21","a goal tombstone drops the row[jvm]","","2026-07-31","passed","2026-07-31","","GoalSyncPluginIT[jvm]","com.georgeci.moneysurfer.integration.plugin.GoalSyncPluginIT",""
"","2","CompositeCancelToken cancelled when all children cancelled[jvm]","","2026-07-31","passed","2026-07-31","","SyncCancelTokenSpec[jvm]","com.georgeci.moneysurfer.sync.api.SyncCancelTokenSpec",""
"","246","Reset is offered only once the draft carries something to reset[jvm]","","2026-08-02","passed","2026-08-02","","TransactionFiltersScreenStateTest[jvm]","com.georgeci.moneysurfer.ui.TransactionFiltersScreenStateTest",""
"","656","each sync error maps to its own message, and the two carrying server text pass it through[jvm]","","2026-08-02","passed","2026-08-02","","SyncScreenStateTest[jvm]","com.georgeci.moneysurfer.ui.SyncScreenStateTest",""
"","44","invitee cannot flip ACCEPTED → DECLINED (terminal state immutable)","","2026-08-02","passed","2026-08-02","","invites — update / delete","invites — update / delete invitee cannot flip ACCEPTED → DECLINED (terminal state immutable)",""
"","0","Budgets[jvm]","","2026-08-02","passed","2026-08-02","","RouteSerializationTest[jvm]","com.georgeci.moneysurfer.navigation.RouteSerializationTest",""
"","2","resetTo clears everything below the new root[jvm]","","2026-08-02","passed","2026-08-02","","AppNavigatorTest[jvm]","com.georgeci.moneysurfer.navigation.AppNavigatorTest",""
"","43","member can read another member's row (roster visibility)","","2026-08-02","passed","2026-08-02","","workspaces/{wid}/members/{uid}","workspaces/{wid}/members/{uid} member can read another member's row (roster visibility)",""
"","6","isEnabled returns false when app version is Unsupported[jvm]","","2026-07-31","passed","2026-07-31","","OutboxEnqueuerSpec[jvm]","com.georgeci.moneysurfer.data.sync.OutboxEnqueuerSpec",""
"","3","Cancelled is not retryable[jvm]","","2026-07-31","passed","2026-07-31","","SyncErrorSpec[jvm]","com.georgeci.moneysurfer.sync.api.SyncErrorSpec",""
"","1","a junk day name from a remote doc never reaches Room[jvm]","","2026-07-31","passed","2026-07-31","","RecurringRuleDtoMapperSpec[jvm]","com.georgeci.moneysurfer.data.sync.RecurringRuleDtoMapperSpec",""
"","56","an expense lands in its category bucket, as a positive magnitude[jvm]","","2026-07-31","passed","2026-07-31","","SpendAnalyticsRepositoryImplJvmTest[jvm]","com.georgeci.moneysurfer.data.repository.SpendAnalyticsRepositoryImplJvmTest",""
"","14","offline build hides the Transfer segment[jvm]","","2026-08-02","passed","2026-08-02","","OfflineConfigGraphTest[jvm]","com.georgeci.moneysurfer.offline.di.OfflineConfigGraphTest",""
"","0","'0' -> '0'[jvm]","","2026-08-02","passed","2026-08-02","","AmountInputTransformationTest[jvm]","com.georgeci.moneysurfer.utils.AmountInputTransformationTest",""
"","7","over-assigning drives the remainder negative, which is not a saveable receipt[jvm]","","2026-08-02","passed","2026-08-02","","TransactionCreationSplitEditingTest[jvm]","com.georgeci.moneysurfer.feature.transaction.creation.TransactionCreationSplitEditingTest",""
"","118","OnBackClick asks the host to pop[jvm]","","2026-08-02","passed","2026-08-02","","InsightsViewModelTest[jvm]","com.georgeci.moneysurfer.feature.insights.InsightsViewModelTest",""
"","10","deleting returns the removed goal[jvm]","","2026-07-31","passed","2026-07-31","","SavingsGoalUseCaseTest[jvm]","com.georgeci.moneysurfer.domain.usecase.SavingsGoalUseCaseTest",""
"","4","SyncHandleStatus.Queued is singleton[jvm]","","2026-07-31","passed","2026-07-31","","SyncStateSpec[jvm]","com.georgeci.moneysurfer.sync.api.SyncStateSpec",""
"","5","a hand-edited tag cell is re-normalised on the way in[jvm]","","2026-07-31","passed","2026-07-31","","TransactionCsvCodecTest[jvm]","com.georgeci.moneysurfer.domain.csv.TransactionCsvCodecTest",""
"","2","observe emits empty list for a fresh workspace[jvm]","","2026-07-31","passed","2026-07-31","","SyncMetaRepositoryImplSpec[jvm]","com.georgeci.moneysurfer.sync.internal.repository.SyncMetaRepositoryImplSpec",""
"","19","dragging a widget onto a row in the other section moves it there[jvm]","","2026-08-02","passed","2026-08-02","","DashboardCustomizeViewModelTest[jvm]","com.georgeci.moneysurfer.feature.dashboard.customize.DashboardCustomizeViewModelTest",""
"","2","zero with decimals like 000.00 is not a valid transaction amount[jvm]","","2026-08-02","passed","2026-08-02","","TransactionAmountInputTest[jvm]","com.georgeci.moneysurfer.feature.transaction.creation.TransactionAmountInputTest",""
"","11","a tag containing the CSV separator does not split into two on read[jvm]","","2026-07-31","passed","2026-07-31","","TransactionDetailFieldsIntegrationIT[jvm]","com.georgeci.moneysurfer.integration.repository.TransactionDetailFieldsIntegrationIT",""
"","78","editing loads the existing budget and updates it in place[jvm]","","2026-08-02","passed","2026-08-02","","BudgetEditViewModelTest[jvm]","com.georgeci.moneysurfer.feature.budget.edit.BudgetEditViewModelTest",""
"","6","push without a Firebase session throws, so the drain requeues instead of dropping the row[jvm]","","2026-07-31","passed","2026-07-31","","UserConfigSyncPluginSpec[jvm]","com.georgeci.moneysurfer.data.sync.plugin.UserConfigSyncPluginSpec",""
"","0","iso=1970-01-01[jvm]","","2026-07-31","passed","2026-07-31","","TimeFormatterTest[jvm]","com.georgeci.moneysurfer.data.repository.TimeFormatterTest",""
"","9","a leg whose sibling is already gone deletes on its own[jvm]","","2026-07-31","passed","2026-07-31","","DeleteTransactionUseCaseTest[jvm]","com.georgeci.moneysurfer.domain.usecase.DeleteTransactionUseCaseTest",""
"","1","the badge counts filters, not the search text[jvm]","","2026-08-02","passed","2026-08-02","","TransactionFilterMatchingTest[jvm]","com.georgeci.moneysurfer.feature.transaction.filter.TransactionFilterMatchingTest",""
"","9","letters are stripped from the target field[jvm]","","2026-08-02","passed","2026-08-02","","GoalEditViewModelTest[jvm]","com.georgeci.moneysurfer.feature.goal.edit.GoalEditViewModelTest",""
"","7","sums income / expense / opening_balance for the account[jvm]","","2026-07-31","passed","2026-07-31","","RecalculateAccountBalanceUseCaseTest[jvm]","com.georgeci.moneysurfer.domain.usecase.RecalculateAccountBalanceUseCaseTest",""
"","1","a group takes the position of its first leg and the order around it is kept[jvm]","","2026-07-31","passed","2026-07-31","","TransactionSplitGroupTest[jvm]","com.georgeci.moneysurfer.domain.model.TransactionSplitGroupTest",""
"","12","OnArchiveCancel clears the pending archive without changes[jvm]","","2026-08-02","passed","2026-08-02","","AccountsManageViewModelTest[jvm]","com.georgeci.moneysurfer.feature.account.manage.AccountsManageViewModelTest",""
"","28","a receipt's legs render as one row carrying the whole payment[jvm]","","2026-08-02","passed","2026-08-02","","TransactionsListSplitTest[jvm]","com.georgeci.moneysurfer.feature.transaction.list.TransactionsListSplitTest",""
"","8","enqueue stores entity with PENDING status and roundtrips fields[jvm]","","2026-07-31","passed","2026-07-31","","PendingMutationQueueImplSpec[jvm]","com.georgeci.moneysurfer.sync.internal.repository.PendingMutationQueueImplSpec",""
"","47","hard-delete is denied for non-owner members","","2026-08-02","passed","2026-08-02","","savings goals (issue #244)","savings goals (issue #244) hard-delete is denied for non-owner members",""
"","1","PULL_INVITES sits between PULL_MEMBERS and PULL_ACCOUNTS[jvm]","","2026-07-31","passed","2026-07-31","","SyncStepOrderTest[jvm]","com.georgeci.moneysurfer.domain.model.SyncStepOrderTest",""
"","11","removes case-insensitive duplicates keeping the first spelling[jvm]","","2026-07-31","passed","2026-07-31","","TransactionTagsTest[jvm]","com.georgeci.moneysurfer.domain.model.TransactionTagsTest",""
"","15","a delete drops the row and enqueues a tombstone[jvm]","","2026-07-31","passed","2026-07-31","","GoalContributionRepositoryImplJvmTest[jvm]","com.georgeci.moneysurfer.data.repository.GoalContributionRepositoryImplJvmTest",""
"","11","rejects when invite is expired[jvm]","","2026-07-31","passed","2026-07-31","","AcceptInviteUseCaseTest[jvm]","com.georgeci.moneysurfer.domain.usecase.AcceptInviteUseCaseTest",""
"","25","member can tombstone their own row (self-leave: role and status unchanged)","","2026-08-02","passed","2026-08-02","","tombstone update shape (push-side soft delete)","tombstone update shape (push-side soft delete) member can tombstone their own row (self-leave: role and status unchanged)",""
"","19","hydrate serves mirrored values without any fetch[jvm]","","2026-07-31","passed","2026-07-31","","RemoteGlobalConfigSourceImplSpec[jvm]","com.georgeci.moneysurfer.appconfig.remote.RemoteGlobalConfigSourceImplSpec",""
"","16","a newer remote edit clears the local tombstone[jvm]","","2026-07-31","passed","2026-07-31","","TransactionSyncPluginIT[jvm]","com.georgeci.moneysurfer.integration.plugin.TransactionSyncPluginIT",""
"","0","installing twice does not stack writers[jvm]","","2026-07-31","passed","2026-07-31","","CrashReportingTest[jvm]","com.georgeci.moneysurfer.domain.telemetry.CrashReportingTest",""
"","31","a member survives the round trip; the workspace comes from the path, not the doc[jvm]","","2026-07-31","passed","2026-07-31","","MembershipDtoMapperSpec[jvm]","com.georgeci.moneysurfer.data.sync.MembershipDtoMapperSpec",""
"","10","pushes to Firestore and updates user ref + default when Firebase uid present[jvm]","","2026-07-31","passed","2026-07-31","","CreateWorkspaceUseCaseTest[jvm]","com.georgeci.moneysurfer.domain.usecase.CreateWorkspaceUseCaseTest",""
"","11","lowering the target below the saved amount completes the goal[jvm]","","2026-07-31","passed","2026-07-31","","SavingsGoalUseCaseTest[jvm]","com.georgeci.moneysurfer.domain.usecase.SavingsGoalUseCaseTest",""
"","12","a newer published build is offered, not enforced[jvm]","","2026-07-31","passed","2026-07-31","","AppVersionGateImplTest[jvm]","com.georgeci.moneysurfer.data.repository.AppVersionGateImplTest",""
"","6","a stored currency the catalogue does not stock resolves to no entry rather than the wrong one[jvm]","","2026-08-02","passed","2026-08-02","","PreferencesViewModelTest[jvm]","com.georgeci.moneysurfer.feature.settings.preferences.PreferencesViewModelTest",""
"","15","navigation follows edit mode and carries the clicked account id[jvm]","","2026-08-02","passed","2026-08-02","","AccountsManageViewModelTest[jvm]","com.georgeci.moneysurfer.feature.account.manage.AccountsManageViewModelTest",""
"","12","a delete removes the row[jvm]","","2026-07-31","passed","2026-07-31","","UserRepositoryImplJvmTest[jvm]","com.georgeci.moneysurfer.data.repository.UserRepositoryImplJvmTest",""
"","5","enqueueUpsert rejects DELETE operation[jvm]","","2026-07-31","passed","2026-07-31","","OutboxEnqueuerSpec[jvm]","com.georgeci.moneysurfer.data.sync.OutboxEnqueuerSpec",""
"","10","a section the drawer reset to has nothing to pop[jvm]","","2026-08-02","passed","2026-08-02","","BackNavigationContentKeysTest[jvm]","com.georgeci.moneysurfer.navigation.util.BackNavigationContentKeysTest",""
"","58","a retracted kill switch stops the gate, and restoring it starts a fresh ticker[jvm]","","2026-08-02","passed","2026-08-02","","PeriodicSyncGateTest[jvm]","com.georgeci.moneysurfer.navigation.PeriodicSyncGateTest",""
"","42","rules arrive dated and sorted, with the ones due today or tomorrow tinted[jvm]","","2026-08-02","passed","2026-08-02","","DashboardRecurringViewModelTest[jvm]","com.georgeci.moneysurfer.feature.dashboard.DashboardRecurringViewModelTest",""
"","230","every tap on the root screen maps to its own destination[jvm]","","2026-08-02","passed","2026-08-02","","DashboardViewModelTest[jvm]","com.georgeci.moneysurfer.feature.dashboard.DashboardViewModelTest",""
"","262","applying a launch decision roots the stack at it and reports it back[jvm]","","2026-08-02","passed","2026-08-02","","AppNavigatorTest[jvm]","com.georgeci.moneysurfer.navigation.AppNavigatorTest",""
"","1","expense contributes -amount on its account[jvm]","","2026-07-31","passed","2026-07-31","","BalanceImpactTest[jvm]","com.georgeci.moneysurfer.domain.model.BalanceImpactTest",""
"","4","a key this device has never seen is taken[jvm]","","2026-07-31","passed","2026-07-31","","UserConfigSyncPluginSpec[jvm]","com.georgeci.moneysurfer.data.sync.plugin.UserConfigSyncPluginSpec",""
"","7","pausing a goal keeps its progress[jvm]","","2026-07-31","passed","2026-07-31","","SavingsGoalUseCaseTest[jvm]","com.georgeci.moneysurfer.domain.usecase.SavingsGoalUseCaseTest",""
"","124","a period with no spend keeps the donut and says so, rather than leaving a gap[jvm]","","2026-08-02","passed","2026-08-02","","DashboardScreenStateTest[jvm]","com.georgeci.moneysurfer.ui.DashboardScreenStateTest",""
"","0","WorkspaceMembers[jvm]","","2026-08-02","passed","2026-08-02","","RouteSerializationTest[jvm]","com.georgeci.moneysurfer.navigation.RouteSerializationTest",""
"","4","creates the system Transfer category lazily when the workspace is missing it[jvm]","","2026-07-31","passed","2026-07-31","","CreateTransferUseCaseTest[jvm]","com.georgeci.moneysurfer.domain.usecase.CreateTransferUseCaseTest",""
"","273","tapping a toggle row asks for the opposite of what it currently shows[jvm]","","2026-08-02","passed","2026-08-02","","PreferencesScreenStateTest[jvm]","com.georgeci.moneysurfer.ui.PreferencesScreenStateTest",""
"","6","a mapping with an empty uid is ignored rather than trusted[jvm]","","2026-07-31","passed","2026-07-31","","UserRemoteRepositoryImplTest[jvm]","com.georgeci.moneysurfer.data.repository.UserRemoteRepositoryImplTest",""
"","315","a destination matches its own route and no other[jvm]","","2026-08-02","passed","2026-08-02","","NavigationShellTest[jvm]","com.georgeci.moneysurfer.navigation.NavigationShellTest",""
"","8","rejects same-account transfer[jvm]","","2026-07-31","passed","2026-07-31","","CreateTransferUseCaseTest[jvm]","com.georgeci.moneysurfer.domain.usecase.CreateTransferUseCaseTest",""
"","12","a confirmed reset with sync off still clears the cursors but requests no sync[jvm]","","2026-08-02","passed","2026-08-02","","SyncViewModelTest[jvm]","com.georgeci.moneysurfer.feature.settings.sync.SyncViewModelTest",""
"","243","with no budget the safe-to-spend card still draws, offering the way out of its empty state[jvm]","","2026-08-02","passed","2026-08-02","","DashboardScreenStateTest[jvm]","com.georgeci.moneysurfer.ui.DashboardScreenStateTest",""
"","1","RecalculatingProjections title[jvm]","","2026-07-31","passed","2026-07-31","","SyncStepSpec[jvm]","com.georgeci.moneysurfer.sync.api.SyncStepSpec",""
"","1","the user-scoped phase reads the whole collection under the uid[jvm]","","2026-07-31","passed","2026-07-31","","PullRemoteChangesUseCaseImplSpec[jvm]","com.georgeci.moneysurfer.data.sync.PullRemoteChangesUseCaseImplSpec",""
"","0","minus that overflows Long on the positive side throws instead of wrapping[jvm]","","2026-07-31","passed","2026-07-31","","MoneyTest[jvm]","com.georgeci.moneysurfer.domain.primitives.MoneyTest",""
"","4","ReplaceQueued cancels existing pending and replaces it[jvm]","","2026-07-31","passed","2026-07-31","","SyncCoordinatorImplBranchSpec[jvm]","com.georgeci.moneysurfer.sync.coordinator.SyncCoordinatorImplBranchSpec",""
"","23","a user can list their whole settings collection","","2026-08-02","passed","2026-08-02","","users/{uid}/config/{key}","users/{uid}/config/{key} a user can list their whole settings collection",""
"","4","the sync toggle is device-scoped, so logging out cannot silently re-enable sync[jvm]","","2026-07-31","passed","2026-07-31","","ConfigKeyScopeTest[jvm]","com.georgeci.moneysurfer.data.config.ConfigKeyScopeTest",""
"","56","toggling on seeds the minimum a split is, carrying the form's category into the first line[jvm]","","2026-08-02","passed","2026-08-02","","TransactionCreationSplitEditingTest[jvm]","com.georgeci.moneysurfer.feature.transaction.creation.TransactionCreationSplitEditingTest",""
"","11","the result count is a real count over the draft, updated as it changes[jvm]","","2026-08-02","passed","2026-08-02","","TransactionFiltersViewModelTest[jvm]","com.georgeci.moneysurfer.feature.transaction.filters.TransactionFiltersViewModelTest",""
"","24","a projection past the cap reads as off pace[jvm]","","2026-07-31","passed","2026-07-31","","GetBurnRateUseCaseTest[jvm]","com.georgeci.moneysurfer.domain.usecase.GetBurnRateUseCaseTest",""
"","2","contains covers the start date but not the end date[jvm]","","2026-07-31","passed","2026-07-31","","BudgetPeriodWindowTest[jvm]","com.georgeci.moneysurfer.domain.util.BudgetPeriodWindowTest",""
"","0","SettingsDebugLog[jvm]","","2026-08-02","passed","2026-08-02","","RouteSerializationTest[jvm]","com.georgeci.moneysurfer.navigation.RouteSerializationTest",""
"","1","the mapper leaves the invite id off the member doc[jvm]","","2026-07-31","passed","2026-07-31","","MembershipDtoMapperSpec[jvm]","com.georgeci.moneysurfer.data.sync.MembershipDtoMapperSpec",""
"","21","the layer is always Build[jvm]","","2026-07-31","passed","2026-07-31","","BuildConfigSourceSpec[jvm]","com.georgeci.moneysurfer.appconfig.BuildConfigSourceSpec",""
"","48","unauthenticated user can read the flag document","","2026-08-02","passed","2026-08-02","","appConfig/{docId}","appConfig/{docId} unauthenticated user can read the flag document",""
"","8","format from minor units correctly[jvm]","","2026-07-31","passed","2026-07-31","","MoneyFormatterTest[jvm]","com.georgeci.moneysurfer.domain.MoneyFormatterTest",""
"","7","garbage without the magic prefix is rejected as InvalidArchive[jvm]","","2026-07-31","passed","2026-07-31","","EncryptedBackupCodecTest[jvm]","com.georgeci.moneysurfer.data.backup.EncryptedBackupCodecTest",""
"","0","abs of Long.MIN_VALUE throws instead of returning a negative magnitude[jvm]","","2026-07-31","passed","2026-07-31","","MoneyTest[jvm]","com.georgeci.moneysurfer.domain.primitives.MoneyTest",""
"","28","a flag removed from the document stops being served[jvm]","","2026-07-31","passed","2026-07-31","","RemoteGlobalConfigSourceImplSpec[jvm]","com.georgeci.moneysurfer.appconfig.remote.RemoteGlobalConfigSourceImplSpec",""
"","7","empty archive surfaces InvalidArchive[jvm]","","2026-07-31","passed","2026-07-31","","BackupImporterImplJvmTest[jvm]","com.georgeci.moneysurfer.data.backup.BackupImporterImplJvmTest",""
"","70","details round-trip through the column, order included[jvm]","","2026-07-31","passed","2026-07-31","","AccountExtraDetailsColumnTest[jvm]","com.georgeci.moneysurfer.data.db.entity.AccountExtraDetailsColumnTest",""
"","12","does not leak rows from another workspace[jvm]","","2026-07-31","passed","2026-07-31","","TransactionFtsIntegrationIT[jvm]","com.georgeci.moneysurfer.integration.repository.TransactionFtsIntegrationIT",""
"","3","StorageError preserves cause and is not retryable[jvm]","","2026-07-31","passed","2026-07-31","","SyncErrorSpec[jvm]","com.georgeci.moneysurfer.sync.api.SyncErrorSpec",""
"","70","a fall maps to the saving sentence rather than the same one with a sign[jvm]","","2026-08-02","passed","2026-08-02","","DashboardInsightsViewModelTest[jvm]","com.georgeci.moneysurfer.feature.dashboard.DashboardInsightsViewModelTest",""
"","483","an override round-trips[jvm]","","2026-07-31","passed","2026-07-31","","DebugConfigSourceImplJvmTest[jvm]","com.georgeci.moneysurfer.data.config.DebugConfigSourceImplJvmTest",""
"","317","round-trip: an exported file imports every transaction into an empty database[jvm]","","2026-07-31","passed","2026-07-31","","ExportImportTransactionsUseCaseTest[jvm]","com.georgeci.moneysurfer.domain.csv.ExportImportTransactionsUseCaseTest",""
"","52","format GBP with UK locale[jvm]","","2026-07-31","passed","2026-07-31","","MoneyFormatterTest[jvm]","com.georgeci.moneysurfer.domain.MoneyFormatterTest",""
"","3","a live workspace maps to a doc with no tombstone[jvm]","","2026-07-31","passed","2026-07-31","","WorkspaceScopedDtoMapperSpec[jvm]","com.georgeci.moneysurfer.data.sync.WorkspaceScopedDtoMapperSpec",""
"","0","WorkspaceCreation[jvm]","","2026-08-02","passed","2026-08-02","","RouteSerializationTest[jvm]","com.georgeci.moneysurfer.navigation.RouteSerializationTest",""
"","17","hydrate is idempotent[jvm]","","2026-07-31","passed","2026-07-31","","LayeredConfigSpec[jvm]","com.georgeci.moneysurfer.appconfig.LayeredConfigSpec",""
"","10","SerializationException maps to Unknown[jvm]","","2026-07-31","passed","2026-07-31","","SyncErrorClassifierSpec[jvm]","com.georgeci.moneysurfer.data.sync.SyncErrorClassifierSpec",""
"","0","a month the aggregate returned no row for holds the balance flat instead of dropping a point[jvm]","","2026-07-31","passed","2026-07-31","","BalanceTrendTest[jvm]","com.georgeci.moneysurfer.domain.model.BalanceTrendTest",""
"","39","rejects a goal whose numeric target is a string","","2026-08-02","passed","2026-08-02","","savings goals (issue #244)","savings goals (issue #244) rejects a goal whose numeric target is a string",""
"","74","plain backups report isPassphraseProtected = false and import unchanged[jvm]","","2026-07-31","passed","2026-07-31","","BackupEncryptedRoundTripJvmTest[jvm]","com.georgeci.moneysurfer.data.backup.BackupEncryptedRoundTripJvmTest",""
"","1234","an insert writes the current row under the workspace's accounts collection[jvm]","","2026-07-31","passed","2026-07-31","","AccountSyncPluginIT[jvm]","com.georgeci.moneysurfer.integration.plugin.AccountSyncPluginIT",""
"","5","a fortnightly rule skips the off week[jvm]","","2026-07-31","passed","2026-07-31","","UpcomingRecurringTest[jvm]","com.georgeci.moneysurfer.domain.model.UpcomingRecurringTest",""
"","2","build returns zeros by default[jvm]","","2026-07-31","passed","2026-07-31","","SyncSummaryBuilderSpec[jvm]","com.georgeci.moneysurfer.sync.api.SyncSummaryBuilderSpec",""
"","1","tags share one cell separated by a pipe so the CSV delimiter stays untouched[jvm]","","2026-07-31","passed","2026-07-31","","TransactionCsvCodecTest[jvm]","com.georgeci.moneysurfer.domain.csv.TransactionCsvCodecTest",""
"","1","SerializationException maps to Unknown carrying the cause[jvm]","","2026-07-31","passed","2026-07-31","","SyncErrorClassifierSpec[jvm]","com.georgeci.moneysurfer.sync.internal.SyncErrorClassifierSpec",""
"","137","a workspace is pushed to its own document, not a sub-collection[jvm]","","2026-07-31","passed","2026-07-31","","WorkspaceTreeSyncPluginIT[jvm]","com.georgeci.moneysurfer.integration.plugin.WorkspaceTreeSyncPluginIT",""
"","36","rejects a malformed update of an existing document","","2026-08-02","passed","2026-08-02","","users/{uid}/config/{key}","users/{uid}/config/{key} rejects a malformed update of an existing document",""
"","175","each row carries the value kind derived from its codec[jvm]","","2026-07-31","passed","2026-07-31","","DebugConfigInspectorImplSpec[jvm]","com.georgeci.moneysurfer.appconfig.DebugConfigInspectorImplSpec",""
"","5","setCursor inserts a fresh row when none exists[jvm]","","2026-07-31","passed","2026-07-31","","SyncMetaRepositoryImplSpec[jvm]","com.georgeci.moneysurfer.sync.internal.repository.SyncMetaRepositoryImplSpec",""
"","21","stranger cannot self-create even by naming a non-existent inviteId","","2026-08-02","passed","2026-08-02","","workspaces/{wid}/members/{uid}","workspaces/{wid}/members/{uid} stranger cannot self-create even by naming a non-existent inviteId",""
"","24","a rule tombstone drops the row[jvm]","","2026-07-31","passed","2026-07-31","","BudgetAndRecurringRuleSyncPluginIT[jvm]","com.georgeci.moneysurfer.integration.plugin.BudgetAndRecurringRuleSyncPluginIT",""
"","4","an absent accountId stays null[jvm]","","2026-07-31","passed","2026-07-31","","GoalDtoMapperSpec[jvm]","com.georgeci.moneysurfer.data.sync.GoalDtoMapperSpec",""
"","28","opens on the month containing today[jvm]","","2026-08-02","passed","2026-08-02","","TransactionsByAccountPeriodTest[jvm]","com.georgeci.moneysurfer.feature.transaction.list.TransactionsByAccountPeriodTest",""
"","10","a contribution to a missing goal is rejected[jvm]","","2026-07-31","passed","2026-07-31","","GoalContributionUseCaseTest[jvm]","com.georgeci.moneysurfer.domain.usecase.GoalContributionUseCaseTest",""
"","7","delete actual income unwinds impact[jvm]","","2026-07-31","passed","2026-07-31","","CalculateBalanceDeltaTest[jvm]","com.georgeci.moneysurfer.domain.model.CalculateBalanceDeltaTest",""
"","1","a monthly rule keeps a later day in the current month[jvm]","","2026-07-31","passed","2026-07-31","","UpcomingRecurringTest[jvm]","com.georgeci.moneysurfer.domain.model.UpcomingRecurringTest",""
"","5","matches java.util.zip.CRC32 for empty input[jvm]","","2026-07-31","passed","2026-07-31","","Crc32JvmTest[jvm]","com.georgeci.moneysurfer.data.backup.Crc32JvmTest",""
"","41","editing snapshots the stored row for the identity band and keeps it while fields change[jvm]","","2026-08-02","passed","2026-08-02","","TransactionCreationEditTest[jvm]","com.georgeci.moneysurfer.feature.transaction.creation.TransactionCreationEditTest",""
"","124","clicking a destination reports that destination[jvm]","","2026-08-02","passed","2026-08-02","","SurferNavigationDrawerTest[jvm]","com.georgeci.moneysurfer.ui.SurferNavigationDrawerTest",""
"","1","another workspace's budget never caps this one's month[jvm]","","2026-07-31","passed","2026-07-31","","BurnRateTest[jvm]","com.georgeci.moneysurfer.domain.model.BurnRateTest",""
"","7","editing any field clears the error left by the previous attempt[jvm]","","2026-08-02","passed","2026-08-02","","WorkspaceCreationViewModelTest[jvm]","com.georgeci.moneysurfer.feature.workspace.creation.WorkspaceCreationViewModelTest",""
"","4","an account-scoped summary always uses the account currency[jvm]","","2026-08-02","passed","2026-08-02","","TransactionsListMappingTest[jvm]","com.georgeci.moneysurfer.feature.transaction.list.TransactionsListMappingTest",""
"","4","the split id becomes writable and reads back[jvm]","","2026-07-31","passed","2026-07-31","","TransactionSplitIdMigrationIT[jvm]","com.georgeci.moneysurfer.integration.repository.TransactionSplitIdMigrationIT",""
"","3","an error with a throwable is recorded as a non-fatal[jvm]","","2026-07-31","passed","2026-07-31","","CrashReportingLogWriterTest[jvm]","com.georgeci.moneysurfer.domain.telemetry.CrashReportingLogWriterTest",""
"","203","a build without transfers draws no quick-actions row[jvm]","","2026-08-02","passed","2026-08-02","","DashboardScreenStateTest[jvm]","com.georgeci.moneysurfer.ui.DashboardScreenStateTest",""
"","1","the system Transfer category keeps its fixed appearance whatever its id hashes to[jvm]","","2026-07-31","passed","2026-07-31","","CategoryAppearanceTest[jvm]","com.georgeci.moneysurfer.domain.model.CategoryAppearanceTest",""
"","27","the categorized list query carries the new fields too[jvm]","","2026-07-31","passed","2026-07-31","","TransactionDetailFieldsIntegrationIT[jvm]","com.georgeci.moneysurfer.integration.repository.TransactionDetailFieldsIntegrationIT",""
"","1","CompositeCancelToken with empty children treats as cancelled[jvm]","","2026-07-31","passed","2026-07-31","","SyncCancelTokenSpec[jvm]","com.georgeci.moneysurfer.sync.api.SyncCancelTokenSpec",""
"","0","missing localUpdatedAt → remote wins (treated as DISTANT_PAST)[jvm]","","2026-07-31","passed","2026-07-31","","LwwConflictResolverSpec[jvm]","com.georgeci.moneysurfer.sync.repository.LwwConflictResolverSpec",""
"","24","changes emits the current state and again after a write[jvm]","","2026-07-31","passed","2026-07-31","","LocalConfigSourceImplJvmTest[jvm]","com.georgeci.moneysurfer.data.config.LocalConfigSourceImplJvmTest",""
"","25","an unreadable workspace is skipped instead of failing the whole pull[jvm]","","2026-07-31","passed","2026-07-31","","PullRemoteChangesUseCaseImplSpec[jvm]","com.georgeci.moneysurfer.data.sync.PullRemoteChangesUseCaseImplSpec",""
"","258","a period whose spending names no merchant says so rather than showing an empty section[jvm]","","2026-08-02","passed","2026-08-02","","InsightsScreenTest[jvm]","com.georgeci.moneysurfer.ui.InsightsScreenTest",""
"","15","transition on missing row is a no-op[jvm]","","2026-07-31","passed","2026-07-31","","WorkspaceInviteRepositoryDualWriteSpec[jvm]","com.georgeci.moneysurfer.data.repository.WorkspaceInviteRepositoryDualWriteSpec",""
"","349","a desktop window puts the sheet beside the hero[jvm]","","2026-08-02","passed","2026-08-02","","SignInResponsiveLayoutTest[jvm]","com.georgeci.moneysurfer.ui.SignInResponsiveLayoutTest",""
"","0","'.99' -> '.99'[jvm]","","2026-08-02","passed","2026-08-02","","AmountInputTransformationTest[jvm]","com.georgeci.moneysurfer.utils.AmountInputTransformationTest",""
"","7","a subtree deeper than the indent cap is still rendered, just not indented further[jvm]","","2026-07-31","passed","2026-07-31","","CategoryTreeTest[jvm]","com.georgeci.moneysurfer.domain.model.CategoryTreeTest",""
"","0","times by zero is zero even for an out-of-cap magnitude[jvm]","","2026-07-31","passed","2026-07-31","","MoneyTest[jvm]","com.georgeci.moneysurfer.domain.primitives.MoneyTest",""
"","31","the last point is the current balance and the window has one point per day[jvm]","","2026-07-31","passed","2026-07-31","","AccountBalanceSeriesTest[jvm]","com.georgeci.moneysurfer.domain.model.AccountBalanceSeriesTest",""
"","5","tapping Undo on the delete snackbar restores the category[jvm]","","2026-08-02","passed","2026-08-02","","CategoriesManageViewModelTest[jvm]","com.georgeci.moneysurfer.feature.category.manage.CategoriesManageViewModelTest",""
"","40","moves account balances, so the ledger and the cached balance agree[jvm]","","2026-07-31","passed","2026-07-31","","DebugDataPrefillerTest[jvm]","com.georgeci.moneysurfer.domain.debug.DebugDataPrefillerTest",""
"","1","'42.123' (more than 2 cents)[jvm]","","2026-08-02","passed","2026-08-02","","AmountInputTransformationTest[jvm]","com.georgeci.moneysurfer.utils.AmountInputTransformationTest",""
"","21","invitee cannot transition to a terminal state other than ACCEPTED/DECLINED","","2026-08-02","passed","2026-08-02","","invites — update / delete","invites — update / delete invitee cannot transition to a terminal state other than ACCEPTED/DECLINED",""
"","0","WorkspaceSelector[jvm]","","2026-08-02","passed","2026-08-02","","RouteSerializationTest[jvm]","com.georgeci.moneysurfer.navigation.RouteSerializationTest",""
"","2","clearAll is idempotent[jvm]","","2026-07-31","passed","2026-07-31","","RemoteDataResetRepositoryImplSpec[jvm]","com.georgeci.moneysurfer.sync.repository.RemoteDataResetRepositoryImplSpec",""
"","12","push failure completes the uploaded prefix and fails the remainder[jvm]","","2026-07-31","passed","2026-07-31","","UploadPendingChangesUseCaseImplSpec[jvm]","com.georgeci.moneysurfer.data.sync.UploadPendingChangesUseCaseImplSpec",""
"","30","reports Missing when the category is not in the workspace[jvm]","","2026-08-02","passed","2026-08-02","","CategoryDetailsViewModelTest[jvm]","com.georgeci.moneysurfer.feature.category.details.CategoryDetailsViewModelTest",""
"","6","EmulatorClientSmokeSpec[jvm]","","2026-07-31","passed","2026-07-31","","Gradle Test Run :sync-surfer:jvmTest[jvm]","Gradle Test Run :sync-surfer:jvmTest",""
"","6","a pinned filter type wins over the selected category type[jvm]","","2026-08-02","passed","2026-08-02","","CategoryPickerRowsTest[jvm]","com.georgeci.moneysurfer.feature.category.picker.CategoryPickerRowsTest",""
"","1","ConflictResolver implementation can be invoked[jvm]","","2026-07-31","passed","2026-07-31","","ConflictResolverSpec[jvm]","com.georgeci.moneysurfer.sync.repository.ConflictResolverSpec",""
"","12","switching workspace re-points the answer[jvm]","","2026-07-31","passed","2026-07-31","","GetCurrentWorkspaceUseCaseTest[jvm]","com.georgeci.moneysurfer.domain.usecase.GetCurrentWorkspaceUseCaseTest",""
"","2","a move that changes nothing is not written back[jvm]","","2026-08-02","passed","2026-08-02","","DashboardCustomizeViewModelTest[jvm]","com.georgeci.moneysurfer.feature.dashboard.customize.DashboardCustomizeViewModelTest",""
"","12","a workspace survives the round trip, id included[jvm]","","2026-07-31","passed","2026-07-31","","WorkspaceScopedDtoMapperSpec[jvm]","com.georgeci.moneysurfer.data.sync.WorkspaceScopedDtoMapperSpec",""
"","32","authenticated list/scan is denied — auth buys no enumeration either","","2026-08-02","passed","2026-08-02","","appConfig/{docId}","appConfig/{docId} authenticated list/scan is denied — auth buys no enumeration either",""
"","0","'999999' -> '999999'[jvm]","","2026-08-02","passed","2026-08-02","","AmountInputTransformationTest[jvm]","com.georgeci.moneysurfer.utils.AmountInputTransformationTest",""
"","15","dismissing the guest warning cancels the logout[jvm]","","2026-08-02","passed","2026-08-02","","SettingsLogoutViewModelTest[jvm]","com.georgeci.moneysurfer.feature.settings.SettingsLogoutViewModelTest",""
"","4","the chevron toggles one parent at a time[jvm]","","2026-08-02","passed","2026-08-02","","CategoryChooserViewModelTest[jvm]","com.georgeci.moneysurfer.feature.category.picker.CategoryChooserViewModelTest",""
"","2","an ordinary merchant is not prefixed[jvm]","","2026-07-31","passed","2026-07-31","","TransactionCsvCodecTest[jvm]","com.georgeci.moneysurfer.domain.csv.TransactionCsvCodecTest",""
"","13","an anonymous user keeps its flag[jvm]","","2026-07-31","passed","2026-07-31","","UserRepositoryImplJvmTest[jvm]","com.georgeci.moneysurfer.data.repository.UserRepositoryImplJvmTest",""
"","0","month window ends on the short month's real last day[jvm]","","2026-07-31","passed","2026-07-31","","TransactionPeriodWindowTest[jvm]","com.georgeci.moneysurfer.domain.util.TransactionPeriodWindowTest",""
"","221","composition renders with no display attached[jvm]","","2026-08-02","passed","2026-08-02","","SignInScreenStateTest[jvm]","com.georgeci.moneysurfer.ui.SignInScreenStateTest",""
"","125","a month that outspent the last one is labelled as a rise[jvm]","","2026-08-02","passed","2026-08-02","","DashboardScreenStateTest[jvm]","com.georgeci.moneysurfer.ui.DashboardScreenStateTest",""
"","197","a collapsed receipt counts its categories instead of naming one of them[jvm]","","2026-08-02","passed","2026-08-02","","TransactionsListScreenStateTest[jvm]","com.georgeci.moneysurfer.ui.TransactionsListScreenStateTest",""
"","4","a custom base url is honoured, which is what makes the provider swappable[jvm]","","2026-07-31","passed","2026-07-31","","ExchangeRateApiTest[jvm]","com.georgeci.moneysurfer.data.remote.ExchangeRateApiTest",""
"","2","markFailed bumps attempts, records error and resets to PENDING[jvm]","","2026-07-31","passed","2026-07-31","","PendingMutationQueueImplSpec[jvm]","com.georgeci.moneysurfer.sync.internal.repository.PendingMutationQueueImplSpec",""
"","1194","the round button on an on-dashboard row asks to turn that widget off[jvm]","","2026-08-02","passed","2026-08-02","","DashboardCustomizeScreenStateTest[jvm]","com.georgeci.moneysurfer.ui.DashboardCustomizeScreenStateTest",""
"","1","the day count is measured from the day the list was built[jvm]","","2026-07-31","passed","2026-07-31","","UpcomingRecurringTest[jvm]","com.georgeci.moneysurfer.domain.model.UpcomingRecurringTest",""
"","1142","an empty workspace lands on empty Content, not on a stuck spinner[jvm]","","2026-08-02","passed","2026-08-02","","InsightsViewModelTest[jvm]","com.georgeci.moneysurfer.feature.insights.InsightsViewModelTest",""
"","0","'42,50' -> '42.50'[jvm]","","2026-08-02","passed","2026-08-02","","AmountInputTransformationTest[jvm]","com.georgeci.moneysurfer.utils.AmountInputTransformationTest",""
"","5","a collection larger than one batch is drained by a single pull[jvm]","","2026-07-31","passed","2026-07-31","","PullRemoteChangesUseCaseImplSpec[jvm]","com.georgeci.moneysurfer.data.sync.PullRemoteChangesUseCaseImplSpec",""
"","6","legs of one receipt become a single group holding the whole payment[jvm]","","2026-07-31","passed","2026-07-31","","TransactionSplitGroupTest[jvm]","com.georgeci.moneysurfer.domain.model.TransactionSplitGroupTest",""
"","14","a custom field is stored under the name the user typed[jvm]","","2026-08-02","passed","2026-08-02","","AccountCreationViewModelTest[jvm]","com.georgeci.moneysurfer.feature.account.creation.AccountCreationViewModelTest",""
"","24","saving under a multi-category budget adds no second overlapping limit[jvm]","","2026-08-02","passed","2026-08-02","","CategoryCreationViewModelTest[jvm]","com.georgeci.moneysurfer.feature.category.creation.CategoryCreationViewModelTest",""
"","6","PULL_MEMBERS sits between PULL_WORKSPACE and PULL_INVITES[jvm]","","2026-07-31","passed","2026-07-31","","SyncStepOrderTest[jvm]","com.georgeci.moneysurfer.domain.model.SyncStepOrderTest",""
"","4","the subscription count does not wait for the sample — it reads the schedules, not the window[jvm]","","2026-07-31","passed","2026-07-31","","InsightRulesTest[jvm]","com.georgeci.moneysurfer.domain.insight.InsightRulesTest",""
"","20","an amount with two decimal separators blocks save and exposes an inline error[jvm]","","2026-08-02","passed","2026-08-02","","TransactionCreationSaveTest[jvm]","com.georgeci.moneysurfer.feature.transaction.creation.TransactionCreationSaveTest",""
"","29","a reset whose cancel never lands still clears the cursors rather than dropping the action[jvm]","","2026-08-02","passed","2026-08-02","","SyncViewModelTest[jvm]","com.georgeci.moneysurfer.feature.settings.sync.SyncViewModelTest",""
"","36","the name required error appears only after the field was touched and left blank[jvm]","","2026-08-02","passed","2026-08-02","","CategoryCreationViewModelTest[jvm]","com.georgeci.moneysurfer.feature.category.creation.CategoryCreationViewModelTest",""
"","1","anything below Warn is not loggable[jvm]","","2026-07-31","passed","2026-07-31","","DebugLogBufferTest[jvm]","com.georgeci.moneysurfer.domain.logging.DebugLogBufferTest",""
"","7","merged writes the merged value and reports a conflict[jvm]","","2026-07-31","passed","2026-07-31","","ApplyResolutionSpec[jvm]","com.georgeci.moneysurfer.data.sync.plugin.ApplyResolutionSpec",""
"","19","a multi-category budget takes the control read-only and names the budget[jvm]","","2026-08-02","passed","2026-08-02","","CategoryCreationViewModelTest[jvm]","com.georgeci.moneysurfer.feature.category.creation.CategoryCreationViewModelTest",""
"","0","a period with nothing in it reads as zero shares rather than a NaN[jvm]","","2026-07-31","passed","2026-07-31","","SpentByCategoryTest[jvm]","com.georgeci.moneysurfer.domain.model.SpentByCategoryTest",""
"","35","asking for another page when the window is exhausted changes nothing[jvm]","","2026-08-02","passed","2026-08-02","","TransactionsByAccountNavigationTest[jvm]","com.georgeci.moneysurfer.feature.transaction.list.TransactionsByAccountNavigationTest",""
"","900","first run pins a demo user and seeds Personal without any account[jvm]","","2026-08-02","passed","2026-08-02","","OfflineFirstRunSeederTest[jvm]","com.georgeci.moneysurfer.offline.firstrun.OfflineFirstRunSeederTest",""
"","7","clearScope drops all rows for that workspace[jvm]","","2026-07-31","passed","2026-07-31","","SyncMetaRepositoryImplSpec[jvm]","com.georgeci.moneysurfer.data.sync.SyncMetaRepositoryImplSpec",""
"","258","a search that matched nothing offers the search back, not a new transaction[jvm]","","2026-08-02","passed","2026-08-02","","TransactionsListScreenStateTest[jvm]","com.georgeci.moneysurfer.ui.TransactionsListScreenStateTest",""
"","3","Supported app version lets the sync run normally[jvm]","","2026-07-31","passed","2026-07-31","","SyncCoordinatorImplSpec[jvm]","com.georgeci.moneysurfer.sync.coordinator.SyncCoordinatorImplSpec",""
"","2","enqueueDelete pushes a DELETE mutation[jvm]","","2026-07-31","passed","2026-07-31","","OutboxEnqueuerImplSpec[jvm]","com.georgeci.moneysurfer.sync.repository.OutboxEnqueuerImplSpec",""
"","24","no host key is remote-overridable[jvm]","","2026-08-02","passed","2026-08-02","","OnlineConfigGraphTest[jvm]","com.georgeci.moneysurfer.di.OnlineConfigGraphTest",""
"","4","the buffer keeps the newest 100 entries and drops the rest[jvm]","","2026-07-31","passed","2026-07-31","","DebugLogBufferTest[jvm]","com.georgeci.moneysurfer.domain.logging.DebugLogBufferTest",""
"","2","the trend keeps a column for a month nothing was booked in[jvm]","","2026-07-31","passed","2026-07-31","","SpendInsightsTest[jvm]","com.georgeci.moneysurfer.domain.model.SpendInsightsTest",""
"","0","archived budgets never speak for the headline[jvm]","","2026-07-31","passed","2026-07-31","","SafeToSpendTest[jvm]","com.georgeci.moneysurfer.domain.model.SafeToSpendTest",""
"","35","archiving stamps archivedAt and restoring clears it[jvm]","","2026-07-31","passed","2026-07-31","","AccountCreationIntegrationIT[jvm]","com.georgeci.moneysurfer.integration.repository.AccountCreationIntegrationIT",""
"","1207","a real sign-in after a demo session keeps its pointers, and the demo flag is spent[jvm]","","2026-07-31","passed","2026-07-31","","DemoSessionHandoffIntegrationIT[jvm]","com.georgeci.moneysurfer.integration.repository.DemoSessionHandoffIntegrationIT",""
"","20","owner can hard-delete a member row (account-deletion purge)","","2026-08-02","passed","2026-08-02","","workspaces/{wid}/members/{uid}","workspaces/{wid}/members/{uid} owner can hard-delete a member row (account-deletion purge)",""
"","1","the chain ends at the current schema version[jvm]","","2026-07-31","passed","2026-07-31","","MigrationChainSpec[jvm]","com.georgeci.moneysurfer.data.db.MigrationChainSpec",""
"","33","clearing an override falls back to the layer underneath[jvm]","","2026-07-31","passed","2026-07-31","","DebugConfigInspectorImplSpec[jvm]","com.georgeci.moneysurfer.appconfig.DebugConfigInspectorImplSpec",""
"","16","content-editing events received while loading are harmless no-ops[jvm]","","2026-08-02","passed","2026-08-02","","CategoryChooserViewModelTest[jvm]","com.georgeci.moneysurfer.feature.category.picker.CategoryChooserViewModelTest",""
"","227","the month delta is what this month netted, signed and formatted[jvm]","","2026-08-02","passed","2026-08-02","","DashboardBalanceViewModelTest[jvm]","com.georgeci.moneysurfer.feature.dashboard.DashboardBalanceViewModelTest",""
"","24","a tombstone unlinks the category's transactions before dropping the row[jvm]","","2026-07-31","passed","2026-07-31","","CategorySyncPluginIT[jvm]","com.georgeci.moneysurfer.integration.plugin.CategorySyncPluginIT",""
"","8","two receipts stay two groups[jvm]","","2026-07-31","passed","2026-07-31","","TransactionSplitGroupTest[jvm]","com.georgeci.moneysurfer.domain.model.TransactionSplitGroupTest",""
"","21","both legs of a transfer contribute zero, category or not[jvm]","","2026-07-31","passed","2026-07-31","","SpendAnalyticsRepositoryImplJvmTest[jvm]","com.georgeci.moneysurfer.data.repository.SpendAnalyticsRepositoryImplJvmTest",""
"","1","email is normalised before the mapping lookup[jvm]","","2026-07-31","passed","2026-07-31","","UserAccountDeletionRepositoryImplTest[jvm]","com.georgeci.moneysurfer.data.repository.UserAccountDeletionRepositoryImplTest",""
"","6","values survive the process — a fresh instance reloads them from disk[jvm]","","2026-07-31","passed","2026-07-31","","DesktopFirebasePlatformJvmTest[jvm]","com.georgeci.moneysurfer.data.remote.DesktopFirebasePlatformJvmTest",""
"","22","a stale workspace ref that denies access is skipped, deletion still completes[jvm]","","2026-07-31","passed","2026-07-31","","UserAccountDeletionRepositoryImplTest[jvm]","com.georgeci.moneysurfer.data.repository.UserAccountDeletionRepositoryImplTest",""
"","1","actual → planned unwinds full impact[jvm]","","2026-07-31","passed","2026-07-31","","CalculateBalanceDeltaTest[jvm]","com.georgeci.moneysurfer.domain.model.CalculateBalanceDeltaTest",""
"","5","existing rows keep their data and gain a null splitId[jvm]","","2026-07-31","passed","2026-07-31","","TransactionSplitIdMigrationIT[jvm]","com.georgeci.moneysurfer.integration.repository.TransactionSplitIdMigrationIT",""
"","8","back navigates back[jvm]","","2026-08-02","passed","2026-08-02","","WorkspaceCreationViewModelTest[jvm]","com.georgeci.moneysurfer.feature.workspace.creation.WorkspaceCreationViewModelTest",""
"","6","markRemoved on missing row is a no-op[jvm]","","2026-07-31","passed","2026-07-31","","WorkspaceMemberRepositoryDualWriteSpec[jvm]","com.georgeci.moneysurfer.data.repository.WorkspaceMemberRepositoryDualWriteSpec",""
"","162","first sync hydrates the new workspace root before its subcollections[jvm]","","2026-07-31","passed","2026-07-31","","NewWorkspacePullIntegrationIT[jvm]","com.georgeci.moneysurfer.integration.sync.NewWorkspacePullIntegrationIT",""
"","1","a PAUSED goal still allows a withdrawal[jvm]","","2026-07-31","passed","2026-07-31","","GoalContributionUseCaseTest[jvm]","com.georgeci.moneysurfer.domain.usecase.GoalContributionUseCaseTest",""
"","1","minus that overflows Long throws instead of wrapping[jvm]","","2026-07-31","passed","2026-07-31","","MoneyTest[jvm]","com.georgeci.moneysurfer.domain.primitives.MoneyTest",""
"","19","a general monthly budget turns the projection into a verdict[jvm]","","2026-07-31","passed","2026-07-31","","GetBurnRateUseCaseTest[jvm]","com.georgeci.moneysurfer.domain.usecase.GetBurnRateUseCaseTest",""
"","14","syncWorkspace still switches the active workspace when sync is disabled[jvm]","","2026-07-31","passed","2026-07-31","","SyncCoordinatorWorkspaceSyncerSpec[jvm]","com.georgeci.moneysurfer.data.sync.SyncCoordinatorWorkspaceSyncerSpec",""
"","1","the account picker returns an account id[jvm]","","2026-08-02","passed","2026-08-02","","NavigationResultKeysTest[jvm]","com.georgeci.moneysurfer.navigation.NavigationResultKeysTest",""
"","0","keeps only hex digits from a non-UUID id[jvm]","","2026-07-31","passed","2026-07-31","","TransactionReferenceTest[jvm]","com.georgeci.moneysurfer.domain.model.TransactionReferenceTest",""
"","37","accepts a minimal account (default-valued fields omitted)","","2026-08-02","passed","2026-08-02","","entity write-shape validation (issue #156)","entity write-shape validation (issue #156) accepts a minimal account (default-valued fields omitted)",""
"","3","totals outside the requested window do not reach the trend[jvm]","","2026-07-31","passed","2026-07-31","","CategorySpendHistoryTest[jvm]","com.georgeci.moneysurfer.domain.model.CategorySpendHistoryTest",""
"","17","markPushed ignores a row that changed after the push read it[jvm]","","2026-07-31","passed","2026-07-31","","ConfigEntryDaoIntegrationIT[jvm]","com.georgeci.moneysurfer.integration.repository.ConfigEntryDaoIntegrationIT",""
"","4","dismissing the export options asks for nothing[jvm]","","2026-08-02","passed","2026-08-02","","BackupViewModelTest[jvm]","com.georgeci.moneysurfer.feature.settings.backup.BackupViewModelTest",""
"","8","a value written after the push read it stays pending[jvm]","","2026-07-31","passed","2026-07-31","","UserConfigSyncPluginSpec[jvm]","com.georgeci.moneysurfer.data.sync.plugin.UserConfigSyncPluginSpec",""
"","9","enqueueDelete is a no-op when demo session[jvm]","","2026-07-31","passed","2026-07-31","","OutboxEnqueuerSpec[jvm]","com.georgeci.moneysurfer.data.sync.OutboxEnqueuerSpec",""
"","1","a blank status falls back to ACTIVE rather than an unparseable enum name[jvm]","","2026-07-31","passed","2026-07-31","","GoalDtoMapperSpec[jvm]","com.georgeci.moneysurfer.data.sync.GoalDtoMapperSpec",""
"","8","a half-typed amount is taken at face value while the user keeps typing[jvm]","","2026-08-02","passed","2026-08-02","","TransactionCreationSplitEditingTest[jvm]","com.georgeci.moneysurfer.feature.transaction.creation.TransactionCreationSplitEditingTest",""
"","13","manifest declaring a missing file surfaces MissingFile[jvm]","","2026-07-31","passed","2026-07-31","","BackupImporterImplJvmTest[jvm]","com.georgeci.moneysurfer.data.backup.BackupImporterImplJvmTest",""
"","37","with no budget the projection still emits, without a verdict on it[jvm]","","2026-07-31","passed","2026-07-31","","GetBurnRateUseCaseTest[jvm]","com.georgeci.moneysurfer.domain.usecase.GetBurnRateUseCaseTest",""
"","5","recalc skipped when downloadedCount == 0[jvm]","","2026-07-31","passed","2026-07-31","","SyncCoordinatorImplSpec[jvm]","com.georgeci.moneysurfer.sync.coordinator.SyncCoordinatorImplSpec",""
"","10","an update replaces the display name of an existing row[jvm]","","2026-07-31","passed","2026-07-31","","UserRepositoryImplJvmTest[jvm]","com.georgeci.moneysurfer.data.repository.UserRepositoryImplJvmTest",""
"","1","CompositeCancelToken throwIfCancelled when partial does not throw[jvm]","","2026-07-31","passed","2026-07-31","","SyncCancelTokenSpec[jvm]","com.georgeci.moneysurfer.sync.api.SyncCancelTokenSpec",""
"","10","a failed sign-in releases the spinner so the form can be retried[jvm]","","2026-08-02","passed","2026-08-02","","SignInViewModelTest[jvm]","com.georgeci.moneysurfer.feature.login.SignInViewModelTest",""
"","62","week mode windows Monday to Sunday and labels the ISO week[jvm]","","2026-08-02","passed","2026-08-02","","TransactionsByAccountPeriodTest[jvm]","com.georgeci.moneysurfer.feature.transaction.list.TransactionsByAccountPeriodTest",""
"","267","an account-scoped screen drops the accounts section entirely[jvm]","","2026-08-02","passed","2026-08-02","","TransactionFiltersScreenStateTest[jvm]","com.georgeci.moneysurfer.ui.TransactionFiltersScreenStateTest",""
"","1","an empty, blank or unparseable column reads as no details rather than throwing[jvm]","","2026-07-31","passed","2026-07-31","","AccountExtraDetailsColumnTest[jvm]","com.georgeci.moneysurfer.data.db.entity.AccountExtraDetailsColumnTest",""
"","15","resetTo bootstraps an empty stack[jvm]","","2026-08-02","passed","2026-08-02","","AppNavigatorTest[jvm]","com.georgeci.moneysurfer.navigation.AppNavigatorTest",""
"","0","TransactionFilters[jvm]","","2026-08-02","passed","2026-08-02","","RouteSerializationTest[jvm]","com.georgeci.moneysurfer.navigation.RouteSerializationTest",""
"","271","the default seed follows the clock, so a second run is not a copy of the first[jvm]","","2026-07-31","passed","2026-07-31","","DemoDataBlueprintTest[jvm]","com.georgeci.moneysurfer.domain.debug.DemoDataBlueprintTest",""
"","272","the compact spent-this-month card is shorter than the expanded one[jvm]","","2026-08-02","passed","2026-08-02","","DashboardScreenStateTest[jvm]","com.georgeci.moneysurfer.ui.DashboardScreenStateTest",""
"","10","a single-currency workspace needs no rates and claims no as-of date[jvm]","","2026-07-31","passed","2026-07-31","","ConvertAccountsTotalUseCaseTest[jvm]","com.georgeci.moneysurfer.domain.usecase.ConvertAccountsTotalUseCaseTest",""
"","44","spent-by-category formats the aggregate's rows and orders them largest first[jvm]","","2026-08-02","passed","2026-08-02","","DashboardSpentByCategoryViewModelTest[jvm]","com.georgeci.moneysurfer.feature.dashboard.DashboardSpentByCategoryViewModelTest",""
"","28","a source that reports itself degraded is named without throwing anywhere[jvm]","","2026-07-31","passed","2026-07-31","","LayeredConfigSpec[jvm]","com.georgeci.moneysurfer.appconfig.LayeredConfigSpec",""
"","40","a local row edited more recently is kept, and the clash is reported[jvm]","","2026-07-31","passed","2026-07-31","","AccountSyncPluginIT[jvm]","com.georgeci.moneysurfer.integration.plugin.AccountSyncPluginIT",""
"","2","week window runs Monday to Sunday around the anchor[jvm]","","2026-07-31","passed","2026-07-31","","TransactionPeriodWindowTest[jvm]","com.georgeci.moneysurfer.domain.util.TransactionPeriodWindowTest",""
"","12","non-JSON manifest surfaces InvalidArchive[jvm]","","2026-07-31","passed","2026-07-31","","BackupImporterImplJvmTest[jvm]","com.georgeci.moneysurfer.data.backup.BackupImporterImplJvmTest",""
"","301","a count that hit its cap is reported as a floor, not as an exact number[jvm]","","2026-08-02","passed","2026-08-02","","TransactionFiltersScreenStateTest[jvm]","com.georgeci.moneysurfer.ui.TransactionFiltersScreenStateTest",""
"","44","the trend spans whole months whichever cadence is selected[jvm]","","2026-08-02","passed","2026-08-02","","InsightsViewModelTest[jvm]","com.georgeci.moneysurfer.feature.insights.InsightsViewModelTest",""
"","20","user cannot read another user's document","","2026-08-02","passed","2026-08-02","","users/{uid}","users/{uid} user cannot read another user's document",""
"","282","an expense names its account, merchant, category and reference[jvm]","","2026-08-02","passed","2026-08-02","","TransactionDetailsScreenStateTest[jvm]","com.georgeci.moneysurfer.ui.TransactionDetailsScreenStateTest",""
"","1","clear empties the buffer[jvm]","","2026-07-31","passed","2026-07-31","","DebugLogBufferTest[jvm]","com.georgeci.moneysurfer.domain.logging.DebugLogBufferTest",""
"","7","a selection belonging to the other side is not carried into the grid[jvm]","","2026-08-02","passed","2026-08-02","","TransactionCreationMappingTest[jvm]","com.georgeci.moneysurfer.feature.transaction.creation.TransactionCreationMappingTest",""
"","140","a month with no spend keeps the card and says so, rather than leaving a gap[jvm]","","2026-08-02","passed","2026-08-02","","DashboardScreenStateTest[jvm]","com.georgeci.moneysurfer.ui.DashboardScreenStateTest",""
"","32","the goal and workspace streams both carry the stored rows[jvm]","","2026-07-31","passed","2026-07-31","","GoalContributionRepositoryImplJvmTest[jvm]","com.georgeci.moneysurfer.data.repository.GoalContributionRepositoryImplJvmTest",""
"","21","the summary covers the period, not the loaded page[jvm]","","2026-08-02","passed","2026-08-02","","TransactionsByAccountPeriodTest[jvm]","com.georgeci.moneysurfer.feature.transaction.list.TransactionsByAccountPeriodTest",""
"","6","codes are unique[jvm]","","2026-07-31","passed","2026-07-31","","CurrencyRepositoryImplTest[jvm]","com.georgeci.moneysurfer.data.repository.CurrencyRepositoryImplTest",""
"","10","all account types resolve to distinct resources[jvm]","","2026-08-02","passed","2026-08-02","","AccountTypeLabelTest[jvm]","com.georgeci.moneysurfer.feature.account.AccountTypeLabelTest",""
"","0","onSyncCompleted is callable[jvm]","","2026-07-31","passed","2026-07-31","","SyncTelemetryNoOpSpec[jvm]","com.georgeci.moneysurfer.sync.telemetry.SyncTelemetryNoOpSpec",""
"","4","markSuccess only updates the success column[jvm]","","2026-07-31","passed","2026-07-31","","SyncMetaRepositoryImplSpec[jvm]","com.georgeci.moneysurfer.sync.internal.repository.SyncMetaRepositoryImplSpec",""
"","8","the transfer shortcut returns a bare flag[jvm]","","2026-08-02","passed","2026-08-02","","NavigationResultKeysTest[jvm]","com.georgeci.moneysurfer.navigation.NavigationResultKeysTest",""
"","1","an offline workspace with no accounts returns to the first-run account screen[jvm]","","2026-08-02","passed","2026-08-02","","StartRouteTest[jvm]","com.georgeci.moneysurfer.navigation.StartRouteTest",""
"","29","a published document is mapped field for field[jvm]","","2026-07-31","passed","2026-07-31","","AppConfigRepositoryImplTest[jvm]","com.georgeci.moneysurfer.data.repository.AppConfigRepositoryImplTest",""
"","3","surfaces remote lookup failure as RemoteSyncFailed[jvm]","","2026-07-31","passed","2026-07-31","","SendInviteUseCaseTest[jvm]","com.georgeci.moneysurfer.domain.usecase.SendInviteUseCaseTest",""
"","45","the series is the week ending today, with the days the query skipped filled in[jvm]","","2026-07-31","passed","2026-07-31","","GetBurnRateUseCaseTest[jvm]","com.georgeci.moneysurfer.domain.usecase.GetBurnRateUseCaseTest",""
"","9","a push that reports nothing landed registers no ref, even with a Firebase uid[jvm]","","2026-07-31","passed","2026-07-31","","CreateWorkspaceUseCaseTest[jvm]","com.georgeci.moneysurfer.domain.usecase.CreateWorkspaceUseCaseTest",""
"","18","availability comes from the inspector, so a release build renders nothing[jvm]","","2026-08-02","passed","2026-08-02","","DebugConfigViewModelTest[jvm]","com.georgeci.moneysurfer.feature.settings.debug.DebugConfigViewModelTest",""
"","31","saving creates a goal in the workspace base currency[jvm]","","2026-08-02","passed","2026-08-02","","GoalEditViewModelTest[jvm]","com.georgeci.moneysurfer.feature.goal.edit.GoalEditViewModelTest",""
"","60","the prefill result reads its counts off the right report fields[jvm]","","2026-08-02","passed","2026-08-02","","DebugConfigScreenStateTest[jvm]","com.georgeci.moneysurfer.ui.DebugConfigScreenStateTest",""
"","43","invited user CAN self-create referencing an already-ACCEPTED invite (push-order/idempotent)","","2026-08-02","passed","2026-08-02","","workspaces/{wid}/members/{uid}","workspaces/{wid}/members/{uid} invited user CAN self-create referencing an already-ACCEPTED invite (push-order/idempotent)",""
"","2","a tag cell ending in a dangling escape keeps it as a literal character[jvm]","","2026-07-31","passed","2026-07-31","","TransactionCsvCodecTest[jvm]","com.georgeci.moneysurfer.domain.csv.TransactionCsvCodecTest",""
"","4","'.5' -> '.5'[jvm]","","2026-08-02","passed","2026-08-02","","AmountInputTransformationTest[jvm]","com.georgeci.moneysurfer.utils.AmountInputTransformationTest",""
"","2","rejects when no current user[jvm]","","2026-07-31","passed","2026-07-31","","LeaveWorkspaceUseCaseTest[jvm]","com.georgeci.moneysurfer.domain.usecase.LeaveWorkspaceUseCaseTest",""
"","25","rejects a missing value","","2026-08-02","passed","2026-08-02","","users/{uid}/config/{key}","users/{uid}/config/{key} rejects a missing value",""
"","1","happy path: marks target REMOVED[jvm]","","2026-07-31","passed","2026-07-31","","RemoveMemberUseCaseTest[jvm]","com.georgeci.moneysurfer.domain.usecase.RemoveMemberUseCaseTest",""
"","5","local pointer survives a remote failure[jvm]","","2026-07-31","passed","2026-07-31","","SelectWorkspaceUseCaseTest[jvm]","com.georgeci.moneysurfer.domain.usecase.SelectWorkspaceUseCaseTest",""
"","10","no two events share an effect[jvm]","","2026-08-02","passed","2026-08-02","","DashboardEventDestinationTest[jvm]","com.georgeci.moneysurfer.feature.dashboard.DashboardEventDestinationTest",""
"","28","a workspace that is no longer in Room is neither pushed nor registered[jvm]","","2026-07-31","passed","2026-07-31","","WorkspaceTreeSyncPluginIT[jvm]","com.georgeci.moneysurfer.integration.plugin.WorkspaceTreeSyncPluginIT",""
"","67","failed apply leaves the cursor untouched so the batch is retried on the next sync[jvm]","","2026-07-31","passed","2026-07-31","","NewWorkspacePullIntegrationIT[jvm]","com.georgeci.moneysurfer.integration.sync.NewWorkspacePullIntegrationIT",""
"","7","each account type maps to its own string resource[jvm]","","2026-08-02","passed","2026-08-02","","AccountTypeLabelTest[jvm]","com.georgeci.moneysurfer.feature.account.AccountTypeLabelTest",""
"","4","monthly cap is shown for expenses but hidden for income[jvm]","","2026-08-02","passed","2026-08-02","","CategoryCreationStateTest[jvm]","com.georgeci.moneysurfer.feature.category.creation.CategoryCreationStateTest",""
"","78","a host that says nothing is assumed to relaunch itself[jvm]","","2026-07-31","passed","2026-07-31","","AppRestarterTest[jvm]","com.georgeci.moneysurfer.domain.backup.AppRestarterTest",""
"","2","no enqueue when not signed in to Firebase (demo session)[jvm]","","2026-07-31","passed","2026-07-31","","OutboxEnqueuerImplSpec[jvm]","com.georgeci.moneysurfer.sync.repository.OutboxEnqueuerImplSpec",""
"","13","cash is the recommended starting point[jvm]","","2026-08-02","passed","2026-08-02","","OnboardingViewModelTest[jvm]","com.georgeci.moneysurfer.feature.login.onboarding.OnboardingViewModelTest",""
"","29","the healthy workspace alongside it stays readable","","2026-08-02","passed","2026-08-02","","dangling users/{uid}.workspaceIds refs","dangling users/{uid}.workspaceIds refs the healthy workspace alongside it stays readable",""
"","32","clearSession drops user, workspace and uid together[jvm]","","2026-07-31","passed","2026-07-31","","SessionPointersImplJvmTest[jvm]","com.georgeci.moneysurfer.data.preferences.SessionPointersImplJvmTest",""
"","4","the name counter appears exactly at its threshold[jvm]","","2026-08-02","passed","2026-08-02","","CategoryCreationStateTest[jvm]","com.georgeci.moneysurfer.feature.category.creation.CategoryCreationStateTest",""
"","1","redactEmail returns a fixed marker for malformed input[jvm]","","2026-07-31","passed","2026-07-31","","PiiRedactionTest[jvm]","com.georgeci.moneysurfer.domain.logging.PiiRedactionTest",""
"","27","create blocked when clientVersionCode is below floor (0)","","2026-08-02","passed","2026-08-02","","member-gated entities (accounts)","member-gated entities (accounts) create blocked when clientVersionCode is below floor (0)",""
"","28","the table covers every navigation event the screen can raise[jvm]","","2026-08-02","passed","2026-08-02","","DashboardEventDestinationTest[jvm]","com.georgeci.moneysurfer.feature.dashboard.DashboardEventDestinationTest",""
"","187","picking a period re-picks the budget the headline speaks for[jvm]","","2026-08-02","passed","2026-08-02","","DashboardPeriodViewModelTest[jvm]","com.georgeci.moneysurfer.feature.dashboard.DashboardPeriodViewModelTest",""
"","0","GoalCreation[jvm]","","2026-08-02","passed","2026-08-02","","RouteSerializationTest[jvm]","com.georgeci.moneysurfer.navigation.RouteSerializationTest",""
"","10","a picker opens on tap and closes on the pick[jvm]","","2026-08-02","passed","2026-08-02","","PreferencesViewModelTest[jvm]","com.georgeci.moneysurfer.feature.settings.preferences.PreferencesViewModelTest",""
"","0","fromMajor that overflows Long throws instead of wrapping[jvm]","","2026-07-31","passed","2026-07-31","","MoneyTest[jvm]","com.georgeci.moneysurfer.domain.primitives.MoneyTest",""
"","22","the wiped values are held in memory, so the running UI keeps its theme[jvm]","","2026-07-31","passed","2026-07-31","","LocalDataResetIntegrationIT[jvm]","com.georgeci.moneysurfer.integration.repository.LocalDataResetIntegrationIT",""
"","53","an empty account list has no total and nothing left over[jvm]","","2026-07-31","passed","2026-07-31","","ConvertAccountsTotalUseCaseTest[jvm]","com.georgeci.moneysurfer.domain.usecase.ConvertAccountsTotalUseCaseTest",""
"","1170","the round button on an available row asks to turn that widget on[jvm]","","2026-08-02","passed","2026-08-02","","DashboardCustomizeScreenStateTest[jvm]","com.georgeci.moneysurfer.ui.DashboardCustomizeScreenStateTest",""
"","71","the demo entry point signs in locally and lands on the selector[jvm]","","2026-08-02","passed","2026-08-02","","SignInViewModelTest[jvm]","com.georgeci.moneysurfer.feature.login.SignInViewModelTest",""
"","9","a document with only defaults still maps, so the gate can decide it means nothing[jvm]","","2026-07-31","passed","2026-07-31","","AppConfigRepositoryImplTest[jvm]","com.georgeci.moneysurfer.data.repository.AppConfigRepositoryImplTest",""
"","23","a transfer pair with two legs of the same type is rejected[jvm]","","2026-07-31","passed","2026-07-31","","ImportTransactionsValidationTest[jvm]","com.georgeci.moneysurfer.domain.csv.ImportTransactionsValidationTest",""
"","3","onStepEntered handles every SyncStep variant including parameterised ones[jvm]","","2026-07-31","passed","2026-07-31","","KermitSyncTelemetrySpec[jvm]","com.georgeci.moneysurfer.sync.internal.telemetry.KermitSyncTelemetrySpec",""
"","1","descendantsOf terminates on a cycle instead of looping forever[jvm]","","2026-07-31","passed","2026-07-31","","CategoryTreeTest[jvm]","com.georgeci.moneysurfer.domain.model.CategoryTreeTest",""
"","22","getBySplitId returns only the legs of the requested receipt[jvm]","","2026-07-31","passed","2026-07-31","","TransactionWindowIntegrationIT[jvm]","com.georgeci.moneysurfer.integration.repository.TransactionWindowIntegrationIT",""
"","409","loading state shows the full screen loader and blocks the mode toggle[jvm]","","2026-08-02","passed","2026-08-02","","SignInScreenStateTest[jvm]","com.georgeci.moneysurfer.ui.SignInScreenStateTest",""
"","0","'123' -> '123'[jvm]","","2026-08-02","passed","2026-08-02","","AmountInputTransformationTest[jvm]","com.georgeci.moneysurfer.utils.AmountInputTransformationTest",""
"","6","markInFlight with empty list is a no-op[jvm]","","2026-07-31","passed","2026-07-31","","PendingMutationQueueImplSpec[jvm]","com.georgeci.moneysurfer.data.sync.PendingMutationQueueImplSpec",""
"","35","a category budget caps a slice of the spend, so it is not this card's cap[jvm]","","2026-07-31","passed","2026-07-31","","GetSpentMonthUseCaseTest[jvm]","com.georgeci.moneysurfer.domain.usecase.GetSpentMonthUseCaseTest",""
"","6","init with no id leaves the blank creation form alone[jvm]","","2026-08-02","passed","2026-08-02","","WorkspaceCreationViewModelTest[jvm]","com.georgeci.moneysurfer.feature.workspace.creation.WorkspaceCreationViewModelTest",""
"","1","re-reading an unchanged document is not reported as a conflict[jvm]","","2026-07-31","passed","2026-07-31","","UserConfigSyncPluginSpec[jvm]","com.georgeci.moneysurfer.data.sync.plugin.UserConfigSyncPluginSpec",""
"","16","the panel is unavailable when no real debug layer is bound[jvm]","","2026-07-31","passed","2026-07-31","","DebugConfigInspectorImplSpec[jvm]","com.georgeci.moneysurfer.appconfig.DebugConfigInspectorImplSpec",""
"","70","recentTransactionsEmpty is true when only an opening-balance transaction exists[jvm]","","2026-08-02","passed","2026-08-02","","DashboardViewModelTest[jvm]","com.georgeci.moneysurfer.feature.dashboard.DashboardViewModelTest",""
"","1","sanitize keeps only the first decimal separator and normalises commas[jvm]","","2026-08-02","passed","2026-08-02","","InitialBalanceInputTest[jvm]","com.georgeci.moneysurfer.feature.account.creation.InitialBalanceInputTest",""
"","21","getByEmail / getByTargetUserId resolve through their indexes[jvm]","","2026-07-31","passed","2026-07-31","","WorkspaceInviteRepositoryIntegrationIT[jvm]","com.georgeci.moneysurfer.integration.repository.WorkspaceInviteRepositoryIntegrationIT",""
"","25","boolean codec round-trips and accepts either case[jvm]","","2026-07-31","passed","2026-07-31","","ConfigCodecSpec[jvm]","com.georgeci.moneysurfer.appconfig.ConfigCodecSpec",""
"","0","Onboarding[jvm]","","2026-08-02","passed","2026-08-02","","RouteSerializationTest[jvm]","com.georgeci.moneysurfer.navigation.RouteSerializationTest",""
"","35","a user cannot write into another user's settings","","2026-08-02","passed","2026-08-02","","users/{uid}/config/{key}","users/{uid}/config/{key} a user cannot write into another user's settings",""
"","0","a period nothing is budgeted on leaves the largest limit speaking[jvm]","","2026-07-31","passed","2026-07-31","","SafeToSpendTest[jvm]","com.georgeci.moneysurfer.domain.model.SafeToSpendTest",""
"","5","a member who was removed keeps both the status and the moment[jvm]","","2026-07-31","passed","2026-07-31","","MembershipDtoMapperSpec[jvm]","com.georgeci.moneysurfer.data.sync.MembershipDtoMapperSpec",""
"","2","deterministic — same input gives same output[jvm]","","2026-07-31","passed","2026-07-31","","LwwConflictResolverSpec[jvm]","com.georgeci.moneysurfer.sync.repository.LwwConflictResolverSpec",""
"","41","owner can self-create their own OWNER row on workspace creation (no invite)","","2026-08-02","passed","2026-08-02","","workspaces/{wid}/members/{uid}","workspaces/{wid}/members/{uid} owner can self-create their own OWNER row on workspace creation (no invite)",""
"","25","non-member cannot tombstone an account","","2026-08-02","passed","2026-08-02","","tombstone update shape (push-side soft delete)","tombstone update shape (push-side soft delete) non-member cannot tombstone an account",""
"","10","the tombstone survives the wire in both directions[jvm]","","2026-07-31","passed","2026-07-31","","TransactionTombstoneSyncIntegrationIT[jvm]","com.georgeci.moneysurfer.integration.sync.TransactionTombstoneSyncIntegrationIT",""
"","6","an already REMOVED member row is left untouched[jvm]","","2026-07-31","passed","2026-07-31","","UserAccountDeletionRepositoryImplTest[jvm]","com.georgeci.moneysurfer.data.repository.UserAccountDeletionRepositoryImplTest",""
"","20","a row whose category belongs to a different workspace is rejected[jvm]","","2026-07-31","passed","2026-07-31","","ImportTransactionsValidationTest[jvm]","com.georgeci.moneysurfer.domain.csv.ImportTransactionsValidationTest",""
"","14","offline build offers only the demo sign-in entry point[jvm]","","2026-08-02","passed","2026-08-02","","OfflineConfigGraphTest[jvm]","com.georgeci.moneysurfer.offline.di.OfflineConfigGraphTest",""
"","188","with sync off the outbox says it was not read — never that the queue is empty[jvm]","","2026-08-02","passed","2026-08-02","","SyncScreenStateTest[jvm]","com.georgeci.moneysurfer.ui.SyncScreenStateTest",""
"","3","a switched-off widget keeps its span for when it comes back[jvm]","","2026-07-31","passed","2026-07-31","","DashboardLayoutConfigTest[jvm]","com.georgeci.moneysurfer.domain.dashboard.DashboardLayoutConfigTest",""
"","9","a base-currency-only window reports nothing as excluded[jvm]","","2026-07-31","passed","2026-07-31","","SpendAnalyticsRepositoryImplJvmTest[jvm]","com.georgeci.moneysurfer.data.repository.SpendAnalyticsRepositoryImplJvmTest",""
"","17","a local edit that is newer than the remote one is kept[jvm]","","2026-07-31","passed","2026-07-31","","CategorySyncPluginIT[jvm]","com.georgeci.moneysurfer.integration.plugin.CategorySyncPluginIT",""
"","1623","deleting from the edit screen goes through the same confirmation the lists use[jvm]","","2026-08-02","passed","2026-08-02","","TransactionCreationScreenStateTest[jvm]","com.georgeci.moneysurfer.ui.TransactionCreationScreenStateTest",""
"","25","a shorter window asks for fewer months[jvm]","","2026-07-31","passed","2026-07-31","","GetMonthlyNetHistoryUseCaseTest[jvm]","com.georgeci.moneysurfer.domain.usecase.GetMonthlyNetHistoryUseCaseTest",""
"","734","picking a tile reports the whole card style, keeping the half that was not touched[jvm]","","2026-08-02","passed","2026-08-02","","DashboardCustomizeScreenStateTest[jvm]","com.georgeci.moneysurfer.ui.DashboardCustomizeScreenStateTest",""
"","88","recentTransactionsEmpty is false once a real transaction is logged[jvm]","","2026-08-02","passed","2026-08-02","","DashboardViewModelTest[jvm]","com.georgeci.moneysurfer.feature.dashboard.DashboardViewModelTest",""
"","51","seeds the default categories when the workspace has none, and categorizes against them[jvm]","","2026-07-31","passed","2026-07-31","","DebugDataPrefillerTest[jvm]","com.georgeci.moneysurfer.domain.debug.DebugDataPrefillerTest",""
"","187","sign-in accepts a short password — only sign-up enforces the provider's floor[jvm]","","2026-08-02","passed","2026-08-02","","SignInViewModelTest[jvm]","com.georgeci.moneysurfer.feature.login.SignInViewModelTest",""
"","3","Unknown.isRetryable is true (sync should be re-attempted on next cycle)[jvm]","","2026-07-31","passed","2026-07-31","","SyncErrorClassifierSpec[jvm]","com.georgeci.moneysurfer.sync.internal.SyncErrorClassifierSpec",""
"","105","a detail pane beside its list drops the back arrow and the FAB[jvm]","","2026-08-02","passed","2026-08-02","","SurferPaneScaffoldTest[jvm]","com.georgeci.moneysurfer.ui.SurferPaneScaffoldTest",""
"","12","fetch failure propagates as AuthError.Unknown[jvm]","","2026-07-31","passed","2026-07-31","","PostAuthBootstrapUseCaseTest[jvm]","com.georgeci.moneysurfer.domain.usecase.PostAuthBootstrapUseCaseTest",""
"","2","a withdrawal is stored as a negative contribution[jvm]","","2026-07-31","passed","2026-07-31","","GoalContributionUseCaseTest[jvm]","com.georgeci.moneysurfer.domain.usecase.GoalContributionUseCaseTest",""
"","1","income, planned and other-workspace rows are ignored[jvm]","","2026-07-31","passed","2026-07-31","","BudgetProgressTest[jvm]","com.georgeci.moneysurfer.domain.model.BudgetProgressTest",""
"","4","a declared false is Present, not Absent[jvm]","","2026-07-31","passed","2026-07-31","","BuildConfigSourceSpec[jvm]","com.georgeci.moneysurfer.appconfig.BuildConfigSourceSpec",""
"","19","promotes editor to owner[jvm]","","2026-07-31","passed","2026-07-31","","ChangeMemberRoleUseCaseTest[jvm]","com.georgeci.moneysurfer.domain.usecase.ChangeMemberRoleUseCaseTest",""
"","1","monthly anchor on the 29th clamps in a non-leap February[jvm]","","2026-07-31","passed","2026-07-31","","BudgetPeriodWindowTest[jvm]","com.georgeci.moneysurfer.domain.util.BudgetPeriodWindowTest",""
"","20","case mismatch between email claim and key is rejected","","2026-08-02","passed","2026-08-02","","userEmails/{email}","userEmails/{email} case mismatch between email claim and key is rejected",""
"","14","a manual sync reaches the coordinator as a MANUAL request[jvm]","","2026-08-02","passed","2026-08-02","","SyncViewModelTest[jvm]","com.georgeci.moneysurfer.feature.settings.sync.SyncViewModelTest",""
"","24","an unauthenticated client is denied","","2026-08-02","passed","2026-08-02","","users/{uid}/config/{key}","users/{uid}/config/{key} an unauthenticated client is denied",""
"","6","no pinned user goes to sign-in[jvm]","","2026-08-02","passed","2026-08-02","","StartRouteTest[jvm]","com.georgeci.moneysurfer.navigation.StartRouteTest",""
"","25","a soft delete enqueues one DELETE mutation, scoped to the workspace[jvm]","","2026-07-31","passed","2026-07-31","","TransactionTombstoneSyncIntegrationIT[jvm]","com.georgeci.moneysurfer.integration.sync.TransactionTombstoneSyncIntegrationIT",""
"","1","a leg carrying no money is refused[jvm]","","2026-07-31","passed","2026-07-31","","CreateSplitTransactionUseCaseTest[jvm]","com.georgeci.moneysurfer.domain.usecase.CreateSplitTransactionUseCaseTest",""
"","1","a table quoted against another base is not trusted to price this workspace[jvm]","","2026-07-31","passed","2026-07-31","","ConvertAccountsTotalUseCaseTest[jvm]","com.georgeci.moneysurfer.domain.usecase.ConvertAccountsTotalUseCaseTest",""
"","11","a detail with no list beside it stays a full screen[jvm]","","2026-08-02","passed","2026-08-02","","SurferPaneSceneStrategyTest[jvm]","com.georgeci.moneysurfer.navigation.SurferPaneSceneStrategyTest",""
"","0","SettingsDebugConfig[jvm]","","2026-08-02","passed","2026-08-02","","RouteSerializationTest[jvm]","com.georgeci.moneysurfer.navigation.RouteSerializationTest",""
"","6","update amount applies only the difference[jvm]","","2026-07-31","passed","2026-07-31","","ApplyTransactionChangeUseCaseTest[jvm]","com.georgeci.moneysurfer.domain.usecase.ApplyTransactionChangeUseCaseTest",""
"","25","rejects a non-string transaction merchant","","2026-08-02","passed","2026-08-02","","entity write-shape validation (issue #156)","entity write-shape validation (issue #156) rejects a non-string transaction merchant",""
"","17","only IBAN and BIC use monospace rendering[jvm]","","2026-08-02","passed","2026-08-02","","AccountExtraDetailLabelTest[jvm]","com.georgeci.moneysurfer.feature.account.AccountExtraDetailLabelTest",""
"","3","eligibleParents excludes the category itself and everything under it[jvm]","","2026-07-31","passed","2026-07-31","","CategoryTreeTest[jvm]","com.georgeci.moneysurfer.domain.model.CategoryTreeTest",""
"","49","malformed and invalid rows are reported with row numbers and do not stop the import[jvm]","","2026-07-31","passed","2026-07-31","","ExportImportTransactionsUseCaseTest[jvm]","com.georgeci.moneysurfer.domain.csv.ExportImportTransactionsUseCaseTest",""
"","5","SyncHandleStatus.Completed carries summary[jvm]","","2026-07-31","passed","2026-07-31","","SyncStateSpec[jvm]","com.georgeci.moneysurfer.sync.api.SyncStateSpec",""
"","257","the loading state renders no rows[jvm]","","2026-08-02","passed","2026-08-02","","DashboardCustomizeScreenStateTest[jvm]","com.georgeci.moneysurfer.ui.DashboardCustomizeScreenStateTest",""
"","1","mergeScope ChangedSinceLastSync above UploadOnly[jvm]","","2026-07-31","passed","2026-07-31","","SyncScopeSpec[jvm]","com.georgeci.moneysurfer.sync.api.SyncScopeSpec",""
"","1","a week that booked nothing draws a flat chart rather than dividing by zero[jvm]","","2026-07-31","passed","2026-07-31","","BurnRateTest[jvm]","com.georgeci.moneysurfer.domain.model.BurnRateTest",""
"","10","a rejected save keeps the user on the screen with their input[jvm]","","2026-08-02","passed","2026-08-02","","GoalEditViewModelTest[jvm]","com.georgeci.moneysurfer.feature.goal.edit.GoalEditViewModelTest",""
"","8","each refresh re-reads the domain gate instead of caching the first result[jvm]","","2026-07-31","passed","2026-07-31","","SyncVersionGateImplSpec[jvm]","com.georgeci.moneysurfer.data.sync.SyncVersionGateImplSpec",""
"","8","CRC corruption is rejected[jvm]","","2026-07-31","passed","2026-07-31","","BackupImporterImplJvmTest[jvm]","com.georgeci.moneysurfer.data.backup.BackupImporterImplJvmTest",""
"","3","amount_minor at the domain cap is accepted[jvm]","","2026-07-31","passed","2026-07-31","","TransactionCsvCodecTest[jvm]","com.georgeci.moneysurfer.domain.csv.TransactionCsvCodecTest",""
"","434","a day's rows sit under a relative header, with the day's net beside it[jvm]","","2026-08-02","passed","2026-08-02","","TransactionsListScreenStateTest[jvm]","com.georgeci.moneysurfer.ui.TransactionsListScreenStateTest",""
"","11","replaceAll drops keys the new payload omits[jvm]","","2026-07-31","passed","2026-07-31","","RemoteConfigMirrorImplJvmTest[jvm]","com.georgeci.moneysurfer.data.config.RemoteConfigMirrorImplJvmTest",""
"","219","refuses to invent a workspace when none is pinned[jvm]","","2026-07-31","passed","2026-07-31","","DebugDataPrefillerTest[jvm]","com.georgeci.moneysurfer.domain.debug.DebugDataPrefillerTest",""
"","10","take remote writes the remote value without reporting a conflict[jvm]","","2026-07-31","passed","2026-07-31","","ApplyResolutionSpec[jvm]","com.georgeci.moneysurfer.data.sync.plugin.ApplyResolutionSpec",""
"","50","swiping a transaction away removes it, and the snackbar's Undo puts it back[jvm]","","2026-08-02","passed","2026-08-02","","CategoryDetailsViewModelTest[jvm]","com.georgeci.moneysurfer.feature.category.details.CategoryDetailsViewModelTest",""
"","25","a user can read one of their own settings","","2026-08-02","passed","2026-08-02","","users/{uid}/config/{key}","users/{uid}/config/{key} a user can read one of their own settings",""
"","44","invitee can accept by targetUserId match","","2026-08-02","passed","2026-08-02","","invites — update / delete","invites — update / delete invitee can accept by targetUserId match",""
"","149","the message line under a field is reserved, so an error does not move what follows[jvm]","","2026-08-02","passed","2026-08-02","","SurferFormFieldTest[jvm]","com.georgeci.moneysurfer.ui.SurferFormFieldTest",""
"","7","onSyncCompleted formats counts[jvm]","","2026-07-31","passed","2026-07-31","","KermitSyncTelemetrySpec[jvm]","com.georgeci.moneysurfer.sync.internal.telemetry.KermitSyncTelemetrySpec",""
"","3","a repository emission mid-drag does not snap the rows back[jvm]","","2026-08-02","passed","2026-08-02","","AccountsManageViewModelTest[jvm]","com.georgeci.moneysurfer.feature.account.manage.AccountsManageViewModelTest",""
"","2","sanitize preserves an empty field[jvm]","","2026-08-02","passed","2026-08-02","","InitialBalanceInputTest[jvm]","com.georgeci.moneysurfer.feature.account.creation.InitialBalanceInputTest",""
"","17","UnsupportedAppVersion preserves message and is not retryable[jvm]","","2026-07-31","passed","2026-07-31","","SyncErrorSpec[jvm]","com.georgeci.moneysurfer.sync.api.SyncErrorSpec",""
"","1","a receipt is not saveable until every line has a category and a positive share[jvm]","","2026-08-02","passed","2026-08-02","","TransactionCreationStateTest[jvm]","com.georgeci.moneysurfer.feature.transaction.creation.TransactionCreationStateTest",""
"","3","pending excludes IN_FLIGHT rows after markInFlight[jvm]","","2026-07-31","passed","2026-07-31","","PendingMutationQueueImplSpec[jvm]","com.georgeci.moneysurfer.sync.internal.repository.PendingMutationQueueImplSpec",""
"","0","SettingsCsv[jvm]","","2026-08-02","passed","2026-08-02","","RouteSerializationTest[jvm]","com.georgeci.moneysurfer.navigation.RouteSerializationTest",""
"","1","offline state hides the Members row action[jvm]","","2026-08-02","passed","2026-08-02","","WorkspaceSelectorStateOfflineTest[jvm]","com.georgeci.moneysurfer.feature.workspace.selector.WorkspaceSelectorStateOfflineTest",""
"","1","addRecalculated accumulates recalculatedCount[jvm]","","2026-07-31","passed","2026-07-31","","SyncSummaryBuilderSpec[jvm]","com.georgeci.moneysurfer.sync.api.SyncSummaryBuilderSpec",""
"","29","a cap zeroed out on an existing category deletes the backing budget[jvm]","","2026-08-02","passed","2026-08-02","","CategoryCreationViewModelTest[jvm]","com.georgeci.moneysurfer.feature.category.creation.CategoryCreationViewModelTest",""
"","1","monthly window is anchored on the start date's day of month[jvm]","","2026-07-31","passed","2026-07-31","","BudgetPeriodWindowTest[jvm]","com.georgeci.moneysurfer.domain.util.BudgetPeriodWindowTest",""
"","21","stranger cannot read someone else's invite by direct id","","2026-08-02","passed","2026-08-02","","invites — read","invites — read stranger cannot read someone else's invite by direct id",""
"","583","export then import restores a deleted transaction and skips the surviving one[jvm]","","2026-07-31","passed","2026-07-31","","CsvBackupIntegrationIT[jvm]","com.georgeci.moneysurfer.integration.repository.CsvBackupIntegrationIT",""
"","21","returns the decoded value when the document is well-formed[jvm]","","2026-07-31","passed","2026-07-31","","DecodeOrNullSpec[jvm]","com.georgeci.moneysurfer.data.sync.plugin.DecodeOrNullSpec",""
"","1","the provider email stands in when the local row has no name[jvm]","","2026-08-02","passed","2026-08-02","","ShellIdentityTest[jvm]","com.georgeci.moneysurfer.navigation.ShellIdentityTest",""
"","9","search keeps a matching child visible under its parent[jvm]","","2026-08-02","passed","2026-08-02","","CategoryChooserViewModelTest[jvm]","com.georgeci.moneysurfer.feature.category.picker.CategoryChooserViewModelTest",""
"","15","create surfaces a repository failure instead of throwing[jvm]","","2026-07-31","passed","2026-07-31","","AccountWriteUseCasesTest[jvm]","com.georgeci.moneysurfer.domain.usecase.AccountWriteUseCasesTest",""
"","15","a mirrored value survives a cold start[jvm]","","2026-07-31","passed","2026-07-31","","RemoteConfigMirrorImplJvmTest[jvm]","com.georgeci.moneysurfer.data.config.RemoteConfigMirrorImplJvmTest",""
"","1","a slot reports what it currently holds[jvm]","","2026-08-02","passed","2026-08-02","","TransactionCreationSplitEditingTest[jvm]","com.georgeci.moneysurfer.feature.transaction.creation.TransactionCreationSplitEditingTest",""
"","25","rejects the issue scenario: transaction amount as a string","","2026-08-02","passed","2026-08-02","","entity write-shape validation (issue #156)","entity write-shape validation (issue #156) rejects the issue scenario: transaction amount as a string",""
"","0","AccountCreation[jvm]","","2026-08-02","passed","2026-08-02","","RouteSerializationTest[jvm]","com.georgeci.moneysurfer.navigation.RouteSerializationTest",""
"","13","restoring a row that was never deleted pushes nothing[jvm]","","2026-07-31","passed","2026-07-31","","TransactionTombstoneSyncIntegrationIT[jvm]","com.georgeci.moneysurfer.integration.sync.TransactionTombstoneSyncIntegrationIT",""
"","8","answers null while the pointed-at row has not been pulled yet[jvm]","","2026-07-31","passed","2026-07-31","","GetCurrentWorkspaceUseCaseTest[jvm]","com.georgeci.moneysurfer.domain.usecase.GetCurrentWorkspaceUseCaseTest",""
"","1","create expense → -impact[jvm]","","2026-07-31","passed","2026-07-31","","CalculateBalanceDeltaTest[jvm]","com.georgeci.moneysurfer.domain.model.CalculateBalanceDeltaTest",""
"","177","picking the other span asks the view model for it rather than deciding on screen[jvm]","","2026-08-02","passed","2026-08-02","","DashboardScreenStateTest[jvm]","com.georgeci.moneysurfer.ui.DashboardScreenStateTest",""
"","11","a double tap on Save creates the workspace only once[jvm]","","2026-08-02","passed","2026-08-02","","WorkspaceCreationViewModelTest[jvm]","com.georgeci.moneysurfer.feature.workspace.creation.WorkspaceCreationViewModelTest",""
"","1","PermissionDenied is not retryable[jvm]","","2026-07-31","passed","2026-07-31","","SyncErrorSpec[jvm]","com.georgeci.moneysurfer.sync.api.SyncErrorSpec",""
"","1","SettingsSync[jvm]","","2026-08-02","passed","2026-08-02","","RouteSerializationTest[jvm]","com.georgeci.moneysurfer.navigation.RouteSerializationTest",""
"","11","the list pane of a two-pane section keeps no affordance while its detail gets one[jvm]","","2026-08-02","passed","2026-08-02","","BackNavigationContentKeysTest[jvm]","com.georgeci.moneysurfer.navigation.util.BackNavigationContentKeysTest",""
"","9","an empty store reports nothing rather than failing[jvm]","","2026-07-31","passed","2026-07-31","","PreferencesMirrorJvmTest[jvm]","com.georgeci.moneysurfer.data.config.PreferencesMirrorJvmTest",""
"","76","a cross-currency transfer asks for the receiving amount as well[jvm]","","2026-08-02","passed","2026-08-02","","TransactionCreationScreenStateTest[jvm]","com.georgeci.moneysurfer.ui.TransactionCreationScreenStateTest",""
"","5","uses the trailing hex digits of the id[jvm]","","2026-07-31","passed","2026-07-31","","TransactionReferenceTest[jvm]","com.georgeci.moneysurfer.domain.model.TransactionReferenceTest",""
"","84","OnRemoveCategoryClick stages a pending delete[jvm]","","2026-08-02","passed","2026-08-02","","CategoriesManageViewModelTest[jvm]","com.georgeci.moneysurfer.feature.category.manage.CategoriesManageViewModelTest",""
"","8","SQLite header with a corrupted structure fails the integrity check[jvm]","","2026-07-31","passed","2026-07-31","","BackupImporterImplJvmTest[jvm]","com.georgeci.moneysurfer.data.backup.BackupImporterImplJvmTest",""
"","15","workspace pull failure aborts bootstrap with AuthError[jvm]","","2026-07-31","passed","2026-07-31","","PostAuthBootstrapUseCaseTest[jvm]","com.georgeci.moneysurfer.domain.usecase.PostAuthBootstrapUseCaseTest",""
"","8","a plugin failure in the user-scoped phase fails the pull[jvm]","","2026-07-31","passed","2026-07-31","","PullRemoteChangesUseCaseImplSpec[jvm]","com.georgeci.moneysurfer.data.sync.PullRemoteChangesUseCaseImplSpec",""
"","29","rejects an account whose numeric balance is a string","","2026-08-02","passed","2026-08-02","","entity write-shape validation (issue #156)","entity write-shape validation (issue #156) rejects an account whose numeric balance is a string",""
"","9","names a family the export does not map after the artifacts it bundles[jvm]","","2026-08-02","passed","2026-08-02","","ParseOssLibrariesTest[jvm]","com.georgeci.moneysurfer.feature.settings.about.licenses.ParseOssLibrariesTest",""
"","24","each base currency keeps its own cache and its own staleness clock[jvm]","","2026-07-31","passed","2026-07-31","","ExchangeRateRepositoryImplJvmTest[jvm]","com.georgeci.moneysurfer.data.repository.ExchangeRateRepositoryImplJvmTest",""
"","24","a goal round-trips through the wire format[jvm]","","2026-07-31","passed","2026-07-31","","GoalDtoMapperSpec[jvm]","com.georgeci.moneysurfer.data.sync.GoalDtoMapperSpec",""
"","20","the flows actually carry id: selectors, so the gate above cannot pass vacuously[jvm]","","2026-08-02","passed","2026-08-02","","MaestroFlowSelectorTest[jvm]","com.georgeci.moneysurfer.utils.MaestroFlowSelectorTest",""
"","4","the widest span is the whole row, and it is what a widget gets by default[jvm]","","2026-07-31","passed","2026-07-31","","DashboardLayoutConfigTest[jvm]","com.georgeci.moneysurfer.domain.dashboard.DashboardLayoutConfigTest",""
"","42","a contribution whose goal is here is applied[jvm]","","2026-07-31","passed","2026-07-31","","GoalSyncPluginIT[jvm]","com.georgeci.moneysurfer.integration.plugin.GoalSyncPluginIT",""
"","24","the limit bounds an all-time query[jvm]","","2026-07-31","passed","2026-07-31","","TransactionWindowIntegrationIT[jvm]","com.georgeci.moneysurfer.integration.repository.TransactionWindowIntegrationIT",""
"","9","clearing the overlay at session start stops it shadowing the next user's pull[jvm]","","2026-07-31","passed","2026-07-31","","LayeredConfigSpec[jvm]","com.georgeci.moneysurfer.appconfig.LayeredConfigSpec",""
"","0","spend past the limit reports a fraction over 1 — the bar caps it, the maths does not[jvm]","","2026-07-31","passed","2026-07-31","","SafeToSpendTest[jvm]","com.georgeci.moneysurfer.domain.model.SafeToSpendTest",""
"","4","tolerates DECLINED/CANCELLED past invites for the email[jvm]","","2026-07-31","passed","2026-07-31","","SendInviteUseCaseTest[jvm]","com.georgeci.moneysurfer.domain.usecase.SendInviteUseCaseTest",""
"","5","unrecognized message returns null so the caller falls back to Unknown[jvm]","","2026-07-31","passed","2026-07-31","","AuthErrorClassificationTest[jvm]","com.georgeci.moneysurfer.data.repository.AuthErrorClassificationTest",""
"","10","rejects when last OWNER tries to leave[jvm]","","2026-07-31","passed","2026-07-31","","LeaveWorkspaceUseCaseTest[jvm]","com.georgeci.moneysurfer.domain.usecase.LeaveWorkspaceUseCaseTest",""
"","17","a synced write stamps updatedAt and queues exactly one push[jvm]","","2026-07-31","passed","2026-07-31","","LocalConfigSourceImplJvmTest[jvm]","com.georgeci.moneysurfer.data.config.LocalConfigSourceImplJvmTest",""
"","2","picking the style a widget already has is not written back[jvm]","","2026-08-02","passed","2026-08-02","","DashboardCustomizeViewModelTest[jvm]","com.georgeci.moneysurfer.feature.dashboard.customize.DashboardCustomizeViewModelTest",""
"","43","cancelAllQueued cancels queued requests but keeps the running one[jvm]","","2026-07-31","passed","2026-07-31","","SyncCoordinatorImplBranchSpec[jvm]","com.georgeci.moneysurfer.sync.coordinator.SyncCoordinatorImplBranchSpec",""
"","5","owner can leave when another owner remains[jvm]","","2026-07-31","passed","2026-07-31","","LeaveWorkspaceUseCaseTest[jvm]","com.georgeci.moneysurfer.domain.usecase.LeaveWorkspaceUseCaseTest",""
"","24","an unauthenticated client cannot write","","2026-08-02","passed","2026-08-02","","users/{uid}/config/{key}","users/{uid}/config/{key} an unauthenticated client cannot write",""
"","198","with a budget the card shows the remainder and drops the set-a-budget link[jvm]","","2026-08-02","passed","2026-08-02","","DashboardScreenStateTest[jvm]","com.georgeci.moneysurfer.ui.DashboardScreenStateTest",""
"","22","user can update their own document","","2026-08-02","passed","2026-08-02","","users/{uid}","users/{uid} user can update their own document",""
"","30","tapping the selected preset again returns the window to the pager[jvm]","","2026-08-02","passed","2026-08-02","","TransactionFiltersViewModelTest[jvm]","com.georgeci.moneysurfer.feature.transaction.filters.TransactionFiltersViewModelTest",""
"","2","Completed title[jvm]","","2026-07-31","passed","2026-07-31","","SyncStepSpec[jvm]","com.georgeci.moneysurfer.sync.api.SyncStepSpec",""
"","18","a stale first emission cannot be published over a write that beat it[jvm]","","2026-07-31","passed","2026-07-31","","PreferencesMirrorJvmTest[jvm]","com.georgeci.moneysurfer.data.config.PreferencesMirrorJvmTest",""
"","10","create planned produces empty delta[jvm]","","2026-07-31","passed","2026-07-31","","CalculateBalanceDeltaTest[jvm]","com.georgeci.moneysurfer.domain.model.CalculateBalanceDeltaTest",""
"","83","each navigation event asks for exactly its own effect[jvm]","","2026-08-02","passed","2026-08-02","","DashboardEventDestinationTest[jvm]","com.georgeci.moneysurfer.feature.dashboard.DashboardEventDestinationTest",""
"","27","hard-delete is denied for non-owner members","","2026-08-02","passed","2026-08-02","","member-gated entities (accounts)","member-gated entities (accounts) hard-delete is denied for non-owner members",""
"","4","respanning a widget leaves its slot, its style and its neighbours alone[jvm]","","2026-07-31","passed","2026-07-31","","DashboardLayoutConfigTest[jvm]","com.georgeci.moneysurfer.domain.dashboard.DashboardLayoutConfigTest",""
"","0","repairs missing Cash account when workspace was pinned without one[jvm]","","2026-07-31","passed","2026-07-31","","SeedDefaultsUseCaseTest[jvm]","com.georgeci.moneysurfer.domain.usecase.SeedDefaultsUseCaseTest",""
"","4","picking the grid width a widget already has is not written back[jvm]","","2026-08-02","passed","2026-08-02","","DashboardCustomizeViewModelTest[jvm]","com.georgeci.moneysurfer.feature.dashboard.customize.DashboardCustomizeViewModelTest",""
"","4","retrying the same mutation produces an identical patch[jvm]","","2026-07-31","passed","2026-07-31","","TombstonePatchSpec[jvm]","com.georgeci.moneysurfer.data.sync.plugin.TombstonePatchSpec",""
"","5","used well-known keys disappear from the add-field choices case-insensitively[jvm]","","2026-08-02","passed","2026-08-02","","AccountCreationStateTest[jvm]","com.georgeci.moneysurfer.feature.account.creation.AccountCreationStateTest",""
"","24","accepts a transaction carrying a splitId","","2026-08-02","passed","2026-08-02","","entity write-shape validation (issue #156)","entity write-shape validation (issue #156) accepts a transaction carrying a splitId",""
"","25","spending less than last month reads as down, and the percent stays positive[jvm]","","2026-07-31","passed","2026-07-31","","GetSpentMonthUseCaseTest[jvm]","com.georgeci.moneysurfer.domain.usecase.GetSpentMonthUseCaseTest",""
"","89","an existing user whose workspace hydrated is a plain success too[jvm]","","2026-08-02","passed","2026-08-02","","SignInViewModelTest[jvm]","com.georgeci.moneysurfer.feature.login.SignInViewModelTest",""
"","228","splits budgets into active and archived[jvm]","","2026-08-02","passed","2026-08-02","","BudgetsViewModelTest[jvm]","com.georgeci.moneysurfer.feature.budget.list.BudgetsViewModelTest",""
"","29","setActive flips the flag, stamps the clock and enqueues an update[jvm]","","2026-07-31","passed","2026-07-31","","BudgetRepositoryImplJvmTest[jvm]","com.georgeci.moneysurfer.data.repository.BudgetRepositoryImplJvmTest",""
"","16","selecting a category publishes it back to the caller[jvm]","","2026-08-02","passed","2026-08-02","","CategoryChooserViewModelTest[jvm]","com.georgeci.moneysurfer.feature.category.picker.CategoryChooserViewModelTest",""
"","2","a widget at the default span writes no span field, and a narrower one writes both trailing fields[jvm]","","2026-07-31","passed","2026-07-31","","DashboardLayoutCodecTest[jvm]","com.georgeci.moneysurfer.data.preferences.DashboardLayoutCodecTest",""
"","30","the identity band calls a transfer leg a transfer and leaves its amount unsigned[jvm]","","2026-08-02","passed","2026-08-02","","TransactionCreationEditTest[jvm]","com.georgeci.moneysurfer.feature.transaction.creation.TransactionCreationEditTest",""
"","7","isEnabled returns false when firebaseUid is null (demo session)[jvm]","","2026-07-31","passed","2026-07-31","","OutboxEnqueuerSpec[jvm]","com.georgeci.moneysurfer.data.sync.OutboxEnqueuerSpec",""
"","313","a stored budget reads back with every field intact[jvm]","","2026-07-31","passed","2026-07-31","","BudgetRepositoryImplJvmTest[jvm]","com.georgeci.moneysurfer.data.repository.BudgetRepositoryImplJvmTest",""
"","367","the prefill row is clickable while idle and inert while a run is writing[jvm]","","2026-08-02","passed","2026-08-02","","DebugConfigScreenStateTest[jvm]","com.georgeci.moneysurfer.ui.DebugConfigScreenStateTest",""
"","3","NoOpNetworkMonitor reports always-online[jvm]","","2026-07-31","passed","2026-07-31","","NoOpNetworkMonitorSpec[jvm]","com.georgeci.moneysurfer.sync.internal.network.NoOpNetworkMonitorSpec",""
"","25","an unknown key name is rejected[jvm]","","2026-07-31","passed","2026-07-31","","DebugConfigInspectorImplSpec[jvm]","com.georgeci.moneysurfer.appconfig.DebugConfigInspectorImplSpec",""
"","50","the workspace stream carries the workspace's budgets and the global one carries all[jvm]","","2026-07-31","passed","2026-07-31","","BudgetRepositoryImplJvmTest[jvm]","com.georgeci.moneysurfer.data.repository.BudgetRepositoryImplJvmTest",""
"","3216","every widget renders a sample of itself in both size tiles[jvm]","","2026-08-02","passed","2026-08-02","","DashboardCustomizeScreenStateTest[jvm]","com.georgeci.moneysurfer.ui.DashboardCustomizeScreenStateTest",""
"","17","a route applied late does not clear a newer decision[jvm]","","2026-08-02","passed","2026-08-02","","AppLaunchViewModelTest[jvm]","com.georgeci.moneysurfer.navigation.AppLaunchViewModelTest",""
"","4","a single leg is not a split[jvm]","","2026-07-31","passed","2026-07-31","","CreateSplitTransactionUseCaseTest[jvm]","com.georgeci.moneysurfer.domain.usecase.CreateSplitTransactionUseCaseTest",""
"","9","picking categories narrows the budget, and All categories clears it again[jvm]","","2026-08-02","passed","2026-08-02","","BudgetEditViewModelTest[jvm]","com.georgeci.moneysurfer.feature.budget.edit.BudgetEditViewModelTest",""
"","3","every input category comes out exactly once, whatever shape it is in[jvm]","","2026-07-31","passed","2026-07-31","","CategoryTreeTest[jvm]","com.georgeci.moneysurfer.domain.model.CategoryTreeTest",""
"","54","switching cadence narrows the window to the ISO week without moving the anchor[jvm]","","2026-08-02","passed","2026-08-02","","InsightsViewModelTest[jvm]","com.georgeci.moneysurfer.feature.insights.InsightsViewModelTest",""
"","2","AuthRequired is not retryable[jvm]","","2026-07-31","passed","2026-07-31","","SyncErrorSpec[jvm]","com.georgeci.moneysurfer.sync.api.SyncErrorSpec",""
"","301","no error state renders no error text[jvm]","","2026-08-02","passed","2026-08-02","","SignInScreenStateTest[jvm]","com.georgeci.moneysurfer.ui.SignInScreenStateTest",""
"","179","a free-text key is inspect-only[jvm]","","2026-08-02","passed","2026-08-02","","DebugConfigScreenStateTest[jvm]","com.georgeci.moneysurfer.ui.DebugConfigScreenStateTest",""
"","9","neither leg of a pair can be duplicated on its own[jvm]","","2026-08-02","passed","2026-08-02","","TransactionDetailsViewModelTest[jvm]","com.georgeci.moneysurfer.feature.transaction.details.TransactionDetailsViewModelTest",""
"","11","submitting with a malformed email reports EmailInvalid[jvm]","","2026-08-02","passed","2026-08-02","","SignInViewModelTest[jvm]","com.georgeci.moneysurfer.feature.login.SignInViewModelTest",""
"","6","a gate document that was never published reads as no config[jvm]","","2026-07-31","passed","2026-07-31","","AppConfigRepositoryImplTest[jvm]","com.georgeci.moneysurfer.data.repository.AppConfigRepositoryImplTest",""
"","0","drops blank entries[jvm]","","2026-07-31","passed","2026-07-31","","TransactionTagsTest[jvm]","com.georgeci.moneysurfer.domain.model.TransactionTagsTest",""
"","1","onSyncStarted is callable[jvm]","","2026-07-31","passed","2026-07-31","","SyncTelemetryNoOpSpec[jvm]","com.georgeci.moneysurfer.sync.telemetry.SyncTelemetryNoOpSpec",""
"","6","Generic exception maps to Unknown[jvm]","","2026-07-31","passed","2026-07-31","","SyncErrorClassifierSpec[jvm]","com.georgeci.moneysurfer.data.sync.SyncErrorClassifierSpec",""
"","32","nothing is emitted while sync is disabled[jvm]","","2026-08-02","passed","2026-08-02","","PeriodicSyncGateTest[jvm]","com.georgeci.moneysurfer.navigation.PeriodicSyncGateTest",""
"","18","RemoteGlobal cannot seed a user setting the user never wrote[jvm]","","2026-07-31","passed","2026-07-31","","LayeredConfigSpec[jvm]","com.georgeci.moneysurfer.appconfig.LayeredConfigSpec",""
"","9","a contribution round-trips, keeping a negative amount signed[jvm]","","2026-07-31","passed","2026-07-31","","GoalDtoMapperSpec[jvm]","com.georgeci.moneysurfer.data.sync.GoalDtoMapperSpec",""
"","2","budgets that do not name this category are ignored[jvm]","","2026-07-31","passed","2026-07-31","","CategoryCapCoverageTest[jvm]","com.georgeci.moneysurfer.domain.model.CategoryCapCoverageTest",""
"","164","online build is a single step that continues into sign-in and marks onboarding completed[jvm]","","2026-08-02","passed","2026-08-02","","OnboardingViewModelTest[jvm]","com.georgeci.moneysurfer.feature.login.onboarding.OnboardingViewModelTest",""
"","48","an account created while the form was open is resolved by a refresh[jvm]","","2026-08-02","passed","2026-08-02","","TransactionCreationFormTest[jvm]","com.georgeci.moneysurfer.feature.transaction.creation.TransactionCreationFormTest",""
"","15","a failing signOut still leaves the pointers cleared[jvm]","","2026-07-31","passed","2026-07-31","","AuthSessionRollbackTest[jvm]","com.georgeci.moneysurfer.domain.usecase.AuthSessionRollbackTest",""
"","39","deleting one leg of a transfer removes both and the undo brings both balances back[jvm]","","2026-07-31","passed","2026-07-31","","DeleteUndoIntegrationIT[jvm]","com.georgeci.moneysurfer.integration.repository.DeleteUndoIntegrationIT",""
"","0","WorkspaceInvite[jvm]","","2026-08-02","passed","2026-08-02","","RouteSerializationTest[jvm]","com.georgeci.moneysurfer.navigation.RouteSerializationTest",""
"","31","tombstone with clientVersionCode below floor is denied","","2026-08-02","passed","2026-08-02","","tombstone update shape (push-side soft delete)","tombstone update shape (push-side soft delete) tombstone with clientVersionCode below floor is denied",""
"","16","a 840 dp tablet window at 2x density reports Expanded[jvm]","","2026-08-02","passed","2026-08-02","","SurferWindowSizeCompositionTest[jvm]","com.georgeci.moneysurfer.ui.SurferWindowSizeCompositionTest",""
"","5","awaitNetwork indefinite proceeds when network returns[jvm]","","2026-07-31","passed","2026-07-31","","SyncCoordinatorImplSpec[jvm]","com.georgeci.moneysurfer.sync.coordinator.SyncCoordinatorImplSpec",""
"","12","asks the repository for the budget's current window, closed at its last day[jvm]","","2026-07-31","passed","2026-07-31","","GetBudgetTransactionsUseCaseTest[jvm]","com.georgeci.moneysurfer.domain.usecase.GetBudgetTransactionsUseCaseTest",""
"","457","a failure with no handler escalates to the global error boundary[jvm]","","2026-08-02","passed","2026-08-02","","MviViewModelTest[jvm]","com.georgeci.moneysurfer.utils.MviViewModelTest",""
"","9","registers the pushed workspace under the signed-in user[jvm]","","2026-07-31","passed","2026-07-31","","WorkspaceRefRegistrarSpec[jvm]","com.georgeci.moneysurfer.data.sync.WorkspaceRefRegistrarSpec",""
"","26","accepts a minimal goal with default-valued fields omitted","","2026-08-02","passed","2026-08-02","","savings goals (issue #244)","savings goals (issue #244) accepts a minimal goal with default-valued fields omitted",""
"","10","undoing a parent delete re-attaches the children it had[jvm]","","2026-08-02","passed","2026-08-02","","CategoriesManageViewModelTest[jvm]","com.georgeci.moneysurfer.feature.category.manage.CategoriesManageViewModelTest",""
"","3","the bounds compare against the magnitude and stay inclusive[jvm]","","2026-08-02","passed","2026-08-02","","TransactionFilterMatchingTest[jvm]","com.georgeci.moneysurfer.feature.transaction.filter.TransactionFilterMatchingTest",""
"","3","stamps targetUserId from userEmails mapping[jvm]","","2026-07-31","passed","2026-07-31","","SendInviteUseCaseTest[jvm]","com.georgeci.moneysurfer.domain.usecase.SendInviteUseCaseTest",""
"","7","upsert in demo session writes DAO but skips outbox[jvm]","","2026-07-31","passed","2026-07-31","","WorkspaceInviteRepositoryDualWriteSpec[jvm]","com.georgeci.moneysurfer.data.repository.WorkspaceInviteRepositoryDualWriteSpec",""
"","20","a user cannot read another user's settings","","2026-08-02","passed","2026-08-02","","users/{uid}/config/{key}","users/{uid}/config/{key} a user cannot read another user's settings",""
"","18","the logs row navigates without touching the inspector[jvm]","","2026-08-02","passed","2026-08-02","","DebugConfigViewModelTest[jvm]","com.georgeci.moneysurfer.feature.settings.debug.DebugConfigViewModelTest",""
"","98","a list pane keeps its back arrow and its FAB[jvm]","","2026-08-02","passed","2026-08-02","","SurferPaneScaffoldTest[jvm]","com.georgeci.moneysurfer.ui.SurferPaneScaffoldTest",""
"","43","a transfer leg is filterable and marked as a transfer on the row[jvm]","","2026-08-02","passed","2026-08-02","","TransactionsByAccountFilteringTest[jvm]","com.georgeci.moneysurfer.feature.transaction.list.TransactionsByAccountFilteringTest",""
"","572","wrong passphrase is rejected before decryption[jvm]","","2026-07-31","passed","2026-07-31","","EncryptedBackupCodecTest[jvm]","com.georgeci.moneysurfer.data.backup.EncryptedBackupCodecTest",""
"","11","the defaults read back as empty rather than null or a blank tag[jvm]","","2026-07-31","passed","2026-07-31","","TransactionDetailFieldsIntegrationIT[jvm]","com.georgeci.moneysurfer.integration.repository.TransactionDetailFieldsIntegrationIT",""
"","1","a widget dragged across sections keeps its span[jvm]","","2026-07-31","passed","2026-07-31","","DashboardLayoutConfigTest[jvm]","com.georgeci.moneysurfer.domain.dashboard.DashboardLayoutConfigTest",""
"","35","an unfiltered invites query on a phantom workspace is denied","","2026-08-02","passed","2026-08-02","","dangling users/{uid}.workspaceIds refs","dangling users/{uid}.workspaceIds refs an unfiltered invites query on a phantom workspace is denied",""
"","20","insert + getById round-trips snapshots and timestamps[jvm]","","2026-07-31","passed","2026-07-31","","WorkspaceMemberRepositoryIntegrationIT[jvm]","com.georgeci.moneysurfer.integration.repository.WorkspaceMemberRepositoryIntegrationIT",""
"","71","a file with a foreign header posts InvalidFile and returns to Idle[jvm]","","2026-08-02","passed","2026-08-02","","CsvBackupViewModelTest[jvm]","com.georgeci.moneysurfer.feature.settings.csv.CsvBackupViewModelTest",""
"","33","a backup written by the pre-#260 build imports with the new fields defaulted[jvm]","","2026-07-31","passed","2026-07-31","","ExportImportTransactionsUseCaseTest[jvm]","com.georgeci.moneysurfer.domain.csv.ExportImportTransactionsUseCaseTest",""
"","325","a tablet in portrait stays stacked even though it is expanded-width[jvm]","","2026-08-02","passed","2026-08-02","","SignInResponsiveLayoutTest[jvm]","com.georgeci.moneysurfer.ui.SignInResponsiveLayoutTest",""
"","16","Debug beats Local[jvm]","","2026-07-31","passed","2026-07-31","","LayeredConfigSpec[jvm]","com.georgeci.moneysurfer.appconfig.LayeredConfigSpec",""
"","6","deleting a goal that does not exist is a no-op[jvm]","","2026-07-31","passed","2026-07-31","","GoalRepositoryDualWriteSpec[jvm]","com.georgeci.moneysurfer.data.repository.GoalRepositoryDualWriteSpec",""
"","0","an archived budget does not cap the month[jvm]","","2026-07-31","passed","2026-07-31","","BurnRateTest[jvm]","com.georgeci.moneysurfer.domain.model.BurnRateTest",""
"","56","the greeting follows the device clock[jvm]","","2026-08-02","passed","2026-08-02","","DashboardViewModelTest[jvm]","com.georgeci.moneysurfer.feature.dashboard.DashboardViewModelTest",""
"","49","owner can hard-delete a goal and a contribution (purge path)","","2026-08-02","passed","2026-08-02","","savings goals (issue #244)","savings goals (issue #244) owner can hard-delete a goal and a contribution (purge path)",""
"","8","creating a goal in another currency is rejected[jvm]","","2026-07-31","passed","2026-07-31","","SavingsGoalUseCaseTest[jvm]","com.georgeci.moneysurfer.domain.usecase.SavingsGoalUseCaseTest",""
"","53","existing user with explicit defaultWorkspaceId is preserved[jvm]","","2026-07-31","passed","2026-07-31","","PostAuthBootstrapUseCaseTest[jvm]","com.georgeci.moneysurfer.domain.usecase.PostAuthBootstrapUseCaseTest",""
"","8","OnDeleteConfirm removes the category and shows an undo snackbar[jvm]","","2026-08-02","passed","2026-08-02","","CategoriesManageViewModelTest[jvm]","com.georgeci.moneysurfer.feature.category.manage.CategoriesManageViewModelTest",""
"","1","a negative balance is blocked for non-credit account types[jvm]","","2026-08-02","passed","2026-08-02","","InitialBalanceInputTest[jvm]","com.georgeci.moneysurfer.feature.account.creation.InitialBalanceInputTest",""
"","23","operator keywords and quotes from user input do not break MATCH[jvm]","","2026-07-31","passed","2026-07-31","","TransactionFtsIntegrationIT[jvm]","com.georgeci.moneysurfer.integration.repository.TransactionFtsIntegrationIT",""
"","1","an older remote value loses and the local one is left alone[jvm]","","2026-07-31","passed","2026-07-31","","UserConfigSyncPluginSpec[jvm]","com.georgeci.moneysurfer.data.sync.plugin.UserConfigSyncPluginSpec",""
"","3","a category with nothing behind it is not 'up infinity'[jvm]","","2026-07-31","passed","2026-07-31","","InsightRulesTest[jvm]","com.georgeci.moneysurfer.domain.insight.InsightRulesTest",""
"","2","ignores a cancel token that is already cancelled (NoOp does no work)[jvm]","","2026-07-31","passed","2026-07-31","","NoOpRecalculateLocalProjectionsUseCaseSpec[jvm]","com.georgeci.moneysurfer.sync.internal.usecase.NoOpRecalculateLocalProjectionsUseCaseSpec",""
"","10","LastSyncOutcome.Success carries summary and timestamp[jvm]","","2026-07-31","passed","2026-07-31","","SyncStateSpec[jvm]","com.georgeci.moneysurfer.sync.api.SyncStateSpec",""
"","21","owner can tombstone the workspace root doc","","2026-08-02","passed","2026-08-02","","tombstone update shape (push-side soft delete)","tombstone update shape (push-side soft delete) owner can tombstone the workspace root doc",""
"","40","an update keeps the stored createdAt and stamps updatedAt from the clock[jvm]","","2026-07-31","passed","2026-07-31","","BudgetRepositoryImplJvmTest[jvm]","com.georgeci.moneysurfer.data.repository.BudgetRepositoryImplJvmTest",""
"","2","an ordinary transaction's edit touches nothing else[jvm]","","2026-07-31","passed","2026-07-31","","UpdateTransactionUseCaseTest[jvm]","com.georgeci.moneysurfer.domain.usecase.UpdateTransactionUseCaseTest",""
"","8","no launch decision leaves the restored stack alone[jvm]","","2026-08-02","passed","2026-08-02","","AppNavigatorTest[jvm]","com.georgeci.moneysurfer.navigation.AppNavigatorTest",""
"","9","an ordinary row is removed on its own and returned for the undo[jvm]","","2026-07-31","passed","2026-07-31","","DeleteTransactionUseCaseTest[jvm]","com.georgeci.moneysurfer.domain.usecase.DeleteTransactionUseCaseTest",""
"","1","reorder surfaces a repository failure instead of throwing[jvm]","","2026-07-31","passed","2026-07-31","","AccountWriteUseCasesTest[jvm]","com.georgeci.moneysurfer.domain.usecase.AccountWriteUseCasesTest",""
"","6","what is not an amount stays not an amount[jvm]","","2026-08-02","passed","2026-08-02","","TransactionFilterMatchingTest[jvm]","com.georgeci.moneysurfer.feature.transaction.filter.TransactionFilterMatchingTest",""
"","1","each preset resolves the span its label promises[jvm]","","2026-08-02","passed","2026-08-02","","TransactionFilterMatchingTest[jvm]","com.georgeci.moneysurfer.feature.transaction.filter.TransactionFilterMatchingTest",""
"","10","pending returns empty when queue is empty[jvm]","","2026-07-31","passed","2026-07-31","","PendingMutationQueueImplSpec[jvm]","com.georgeci.moneysurfer.data.sync.PendingMutationQueueImplSpec",""
"","38","an overspent month reports past the limit rather than flooring at the cap[jvm]","","2026-08-02","passed","2026-08-02","","DashboardSpentMonthViewModelTest[jvm]","com.georgeci.moneysurfer.feature.dashboard.DashboardSpentMonthViewModelTest",""
"","3","a blank display name falls through to the email rather than rendering empty[jvm]","","2026-08-02","passed","2026-08-02","","ShellIdentityTest[jvm]","com.georgeci.moneysurfer.navigation.ShellIdentityTest",""
"","31","a build without transfers offers no shortcut either[jvm]","","2026-08-02","passed","2026-08-02","","TransactionCreationFormTest[jvm]","com.georgeci.moneysurfer.feature.transaction.creation.TransactionCreationFormTest",""
"","4","moving a widget onto itself changes nothing[jvm]","","2026-07-31","passed","2026-07-31","","DashboardLayoutConfigTest[jvm]","com.georgeci.moneysurfer.domain.dashboard.DashboardLayoutConfigTest",""
"","27","a non-blank name enables save[jvm]","","2026-08-02","passed","2026-08-02","","CategoryCreationViewModelTest[jvm]","com.georgeci.moneysurfer.feature.category.creation.CategoryCreationViewModelTest",""
"","7","malformed -> null[jvm]","","2026-07-31","passed","2026-07-31","","TimeFormatterTest[jvm]","com.georgeci.moneysurfer.data.repository.TimeFormatterTest",""
"","30","deleteAll empties the table — the account-scoped wipe[jvm]","","2026-07-31","passed","2026-07-31","","ConfigEntryDaoIntegrationIT[jvm]","com.georgeci.moneysurfer.integration.repository.ConfigEntryDaoIntegrationIT",""
"","1","a non-positive window is a programming error[jvm]","","2026-07-31","passed","2026-07-31","","AccountBalanceSeriesTest[jvm]","com.georgeci.moneysurfer.domain.model.AccountBalanceSeriesTest",""
"","1","'007' (leading zeros)[jvm]","","2026-08-02","passed","2026-08-02","","AmountInputTransformationTest[jvm]","com.georgeci.moneysurfer.utils.AmountInputTransformationTest",""
"","6","dragging a widget onto another one persists the new order[jvm]","","2026-08-02","passed","2026-08-02","","DashboardCustomizeViewModelTest[jvm]","com.georgeci.moneysurfer.feature.dashboard.customize.DashboardCustomizeViewModelTest",""
"","17","markAccepted transitions status and stamps respondedAt[jvm]","","2026-07-31","passed","2026-07-31","","WorkspaceInviteRepositoryDualWriteSpec[jvm]","com.georgeci.moneysurfer.data.repository.WorkspaceInviteRepositoryDualWriteSpec",""
"","115","offline build resolves isOffline true[jvm]","","2026-08-02","passed","2026-08-02","","OfflineConfigGraphTest[jvm]","com.georgeci.moneysurfer.offline.di.OfflineConfigGraphTest",""
"","24","an insert is paired with an INSERT outbox entry scoped to the workspace[jvm]","","2026-07-31","passed","2026-07-31","","BudgetRepositoryImplJvmTest[jvm]","com.georgeci.moneysurfer.data.repository.BudgetRepositoryImplJvmTest",""
"","78","editing an existing row is not a way into a transfer, so its chooser offers no shortcut[jvm]","","2026-08-02","passed","2026-08-02","","TransactionCreationFormTest[jvm]","com.georgeci.moneysurfer.feature.transaction.creation.TransactionCreationFormTest",""
"","1","ConflictMetadata exposes its fields[jvm]","","2026-07-31","passed","2026-07-31","","ConflictResolverSpec[jvm]","com.georgeci.moneysurfer.sync.repository.ConflictResolverSpec",""
"","21","non-owner cannot edit another member's row","","2026-08-02","passed","2026-08-02","","workspaces/{wid}/members/{uid}","workspaces/{wid}/members/{uid} non-owner cannot edit another member's row",""
"","11","a write is readable synchronously the moment edit returns[jvm]","","2026-07-31","passed","2026-07-31","","PreferencesMirrorJvmTest[jvm]","com.georgeci.moneysurfer.data.config.PreferencesMirrorJvmTest",""
"","2","a name of nothing but spaces counts as blank[jvm]","","2026-08-02","passed","2026-08-02","","WorkspaceCreationViewModelTest[jvm]","com.georgeci.moneysurfer.feature.workspace.creation.WorkspaceCreationViewModelTest",""
"","7","trims surrounding whitespace[jvm]","","2026-07-31","passed","2026-07-31","","TransactionTagsTest[jvm]","com.georgeci.moneysurfer.domain.model.TransactionTagsTest",""
"","55","paging forward again returns to the period the list opened on[jvm]","","2026-08-02","passed","2026-08-02","","TransactionsByAccountNavigationTest[jvm]","com.georgeci.moneysurfer.feature.transaction.list.TransactionsByAccountNavigationTest",""
"","31","an installed reporter receives logged errors[jvm]","","2026-07-31","passed","2026-07-31","","CrashReportingTest[jvm]","com.georgeci.moneysurfer.domain.telemetry.CrashReportingTest",""
"","12","a synced key is stored in config_entry, not in the preferences file[jvm]","","2026-07-31","passed","2026-07-31","","LocalConfigSourceImplJvmTest[jvm]","com.georgeci.moneysurfer.data.config.LocalConfigSourceImplJvmTest",""
"","22","the months come back oldest first, ending at the current one[jvm]","","2026-07-31","passed","2026-07-31","","GetMonthlyNetHistoryUseCaseTest[jvm]","com.georgeci.moneysurfer.domain.usecase.GetMonthlyNetHistoryUseCaseTest",""
"","68","a throw releases the row instead of stranding it on 'Writing…' forever[jvm]","","2026-08-02","passed","2026-08-02","","DebugConfigViewModelTest[jvm]","com.georgeci.moneysurfer.feature.settings.debug.DebugConfigViewModelTest",""
"","59","a request that started while sync was enabled is not retried once it is disabled[jvm]","","2026-07-31","passed","2026-07-31","","SyncCoordinatorWorkspaceSyncerSpec[jvm]","com.georgeci.moneysurfer.data.sync.SyncCoordinatorWorkspaceSyncerSpec",""
"","6","no active session returns NotSignedIn without touching anything[jvm]","","2026-07-31","passed","2026-07-31","","DeleteUserAccountUseCaseTest[jvm]","com.georgeci.moneysurfer.domain.usecase.DeleteUserAccountUseCaseTest",""
"","1","setting the status of a missing goal is rejected[jvm]","","2026-07-31","passed","2026-07-31","","SavingsGoalUseCaseTest[jvm]","com.georgeci.moneysurfer.domain.usecase.SavingsGoalUseCaseTest",""
"","64","cross-currency transfer stores fromMoney/toMoney on respective legs with each account's currencyCode[jvm]","","2026-07-31","passed","2026-07-31","","TransferCreationIntegrationIT[jvm]","com.georgeci.moneysurfer.integration.repository.TransferCreationIntegrationIT",""
"","1","email-already-in-use classifies as EmailAlreadyInUse[jvm]","","2026-07-31","passed","2026-07-31","","AuthErrorClassificationTest[jvm]","com.georgeci.moneysurfer.data.repository.AuthErrorClassificationTest",""
"","18","rejects when invite already accepted[jvm]","","2026-07-31","passed","2026-07-31","","AcceptInviteUseCaseTest[jvm]","com.georgeci.moneysurfer.domain.usecase.AcceptInviteUseCaseTest",""
"","4","a display name wins over the provider email[jvm]","","2026-08-02","passed","2026-08-02","","ShellIdentityTest[jvm]","com.georgeci.moneysurfer.navigation.ShellIdentityTest",""
"","16","a purged row leaves nothing behind in the index[jvm]","","2026-07-31","passed","2026-07-31","","TransactionFtsIntegrationIT[jvm]","com.georgeci.moneysurfer.integration.repository.TransactionFtsIntegrationIT",""
"","1","is idempotent[jvm]","","2026-07-31","passed","2026-07-31","","TransactionTagsTest[jvm]","com.georgeci.moneysurfer.domain.model.TransactionTagsTest",""
"","98","the goals widget shows two rows at most[jvm]","","2026-08-02","passed","2026-08-02","","DashboardViewModelTest[jvm]","com.georgeci.moneysurfer.feature.dashboard.DashboardViewModelTest",""
"","84","pushing a workspace registers its ref on the user document[jvm]","","2026-07-31","passed","2026-07-31","","WorkspaceTreeSyncPluginIT[jvm]","com.georgeci.moneysurfer.integration.plugin.WorkspaceTreeSyncPluginIT",""
"","29","rejects a category whose hue is a string","","2026-08-02","passed","2026-08-02","","entity write-shape validation (issue #156)","entity write-shape validation (issue #156) rejects a category whose hue is a string",""
"","22","a replaced value is readable through raw the moment replaceAll returns[jvm]","","2026-07-31","passed","2026-07-31","","RemoteConfigMirrorImplJvmTest[jvm]","com.georgeci.moneysurfer.data.config.RemoteConfigMirrorImplJvmTest",""
"","546","encrypted import with the wrong passphrase surfaces WrongPassphrase[jvm]","","2026-07-31","passed","2026-07-31","","BackupEncryptedRoundTripJvmTest[jvm]","com.georgeci.moneysurfer.data.backup.BackupEncryptedRoundTripJvmTest",""
"","160","an accepted edit is left alone[jvm]","","2026-08-02","passed","2026-08-02","","AmountInputTransformationTest[jvm]","com.georgeci.moneysurfer.utils.AmountInputTransformationTest",""
"","63","clearing one override leaves the others alone[jvm]","","2026-07-31","passed","2026-07-31","","DebugConfigSourceImplJvmTest[jvm]","com.georgeci.moneysurfer.data.config.DebugConfigSourceImplJvmTest",""
"","659","the reorder hint appears only once there are two widgets to reorder[jvm]","","2026-08-02","passed","2026-08-02","","DashboardCustomizeScreenStateTest[jvm]","com.georgeci.moneysurfer.ui.DashboardCustomizeScreenStateTest",""
"","1","create expense decrements cache by amount[jvm]","","2026-07-31","passed","2026-07-31","","ApplyTransactionChangeUseCaseTest[jvm]","com.georgeci.moneysurfer.domain.usecase.ApplyTransactionChangeUseCaseTest",""
"","22","January reads its baseline out of the previous year[jvm]","","2026-07-31","passed","2026-07-31","","GetSpentMonthUseCaseTest[jvm]","com.georgeci.moneysurfer.domain.usecase.GetSpentMonthUseCaseTest",""
"","1","a re-emission resolves a previously stale selected category name[jvm]","","2026-08-02","passed","2026-08-02","","CategoryChooserViewModelTest[jvm]","com.georgeci.moneysurfer.feature.category.picker.CategoryChooserViewModelTest",""
"","2","amount_minor beyond the domain cap is rejected as invalid amount_minor[jvm]","","2026-07-31","passed","2026-07-31","","TransactionCsvCodecTest[jvm]","com.georgeci.moneysurfer.domain.csv.TransactionCsvCodecTest",""
"","23","the daily series sums a day's rows and skips the days without any[jvm]","","2026-07-31","passed","2026-07-31","","SpendAnalyticsRepositoryImplJvmTest[jvm]","com.georgeci.moneysurfer.data.repository.SpendAnalyticsRepositoryImplJvmTest",""
"","4","upload progress emits UploadingEntity into running state[jvm]","","2026-07-31","passed","2026-07-31","","SyncCoordinatorImplBranchSpec[jvm]","com.georgeci.moneysurfer.sync.coordinator.SyncCoordinatorImplBranchSpec",""
"","8","reader rejects truncated entry body[jvm]","","2026-07-31","passed","2026-07-31","","ZipStoredCodecTest[jvm]","com.georgeci.moneysurfer.data.backup.ZipStoredCodecTest",""
"","1","an id names the finding and the period, never the numbers[jvm]","","2026-07-31","passed","2026-07-31","","InsightRulesTest[jvm]","com.georgeci.moneysurfer.domain.insight.InsightRulesTest",""
"","6","a blank title never reaches the repository[jvm]","","2026-08-02","passed","2026-08-02","","GoalEditViewModelTest[jvm]","com.georgeci.moneysurfer.feature.goal.edit.GoalEditViewModelTest",""
"","76","a stored value reads back[jvm]","","2026-07-31","passed","2026-07-31","","DesktopFirebasePlatformJvmTest[jvm]","com.georgeci.moneysurfer.data.remote.DesktopFirebasePlatformJvmTest",""
"","22","user can create their own document","","2026-08-02","passed","2026-08-02","","users/{uid}","users/{uid} user can create their own document",""
"","46","deleting a category then re-inserting it restores the row[jvm]","","2026-07-31","passed","2026-07-31","","DeleteUndoIntegrationIT[jvm]","com.georgeci.moneysurfer.integration.repository.DeleteUndoIntegrationIT",""
"","4","single account and category selections resolve their chip names[jvm]","","2026-08-02","passed","2026-08-02","","TransactionsListMappingTest[jvm]","com.georgeci.moneysurfer.feature.transaction.list.TransactionsListMappingTest",""
"","17","a canonical operationDate on the same day still counts[jvm]","","2026-07-31","passed","2026-07-31","","SpendAnalyticsRepositoryImplJvmTest[jvm]","com.georgeci.moneysurfer.data.repository.SpendAnalyticsRepositoryImplJvmTest",""
"","21","recipient without email claim can still query by targetUserId","","2026-08-02","passed","2026-08-02","","invites — read","invites — read recipient without email claim can still query by targetUserId",""
"","1","the first days of a month are too small a sample to compare[jvm]","","2026-07-31","passed","2026-07-31","","InsightRulesTest[jvm]","com.georgeci.moneysurfer.domain.insight.InsightRulesTest",""
"","2","unparseable operation instant is rejected as invalid operation_at[jvm]","","2026-07-31","passed","2026-07-31","","TransactionCsvCodecTest[jvm]","com.georgeci.moneysurfer.domain.csv.TransactionCsvCodecTest",""
"","39","rejects a poison update of an existing goal (target as string)","","2026-08-02","passed","2026-08-02","","savings goals (issue #244)","savings goals (issue #244) rejects a poison update of an existing goal (target as string)",""
"","15","typed precision is the tolerance[jvm]","","2026-08-02","passed","2026-08-02","","TransactionFilterMatchingTest[jvm]","com.georgeci.moneysurfer.feature.transaction.filter.TransactionFilterMatchingTest",""
"","7","editing one leg's date moves the whole receipt[jvm]","","2026-07-31","passed","2026-07-31","","UpdateTransactionUseCaseTest[jvm]","com.georgeci.moneysurfer.domain.usecase.UpdateTransactionUseCaseTest",""
"","2","descendantsOf walks the whole subtree[jvm]","","2026-07-31","passed","2026-07-31","","CategoryTreeTest[jvm]","com.georgeci.moneysurfer.domain.model.CategoryTreeTest",""
"","6","a user that has no remote document reads as null[jvm]","","2026-07-31","passed","2026-07-31","","UserRemoteRepositoryImplTest[jvm]","com.georgeci.moneysurfer.data.repository.UserRemoteRepositoryImplTest",""
"","1","equals and hashCode treat identical fields as equal[jvm]","","2026-07-31","passed","2026-07-31","","PendingMutationSpec[jvm]","com.georgeci.moneysurfer.sync.repository.PendingMutationSpec",""
"","32","the server kill switch is registered and remote-overridable[jvm]","","2026-08-02","passed","2026-08-02","","OnlineConfigGraphTest[jvm]","com.georgeci.moneysurfer.di.OnlineConfigGraphTest",""
"","4","rejects when no registered user for email[jvm]","","2026-07-31","passed","2026-07-31","","SendInviteUseCaseTest[jvm]","com.georgeci.moneysurfer.domain.usecase.SendInviteUseCaseTest",""
"","7","a newer remote value is adopted and stamped as already pushed[jvm]","","2026-07-31","passed","2026-07-31","","UserConfigSyncPluginSpec[jvm]","com.georgeci.moneysurfer.data.sync.plugin.UserConfigSyncPluginSpec",""
"","8","the invite row stays inert until a members feed is wired up[jvm]","","2026-08-02","passed","2026-08-02","","WorkspaceCreationViewModelTest[jvm]","com.georgeci.moneysurfer.feature.workspace.creation.WorkspaceCreationViewModelTest",""
"","37","format RUB with US locale[jvm]","","2026-07-31","passed","2026-07-31","","MoneyFormatterTest[jvm]","com.georgeci.moneysurfer.domain.MoneyFormatterTest",""
"","79","on the 1st the comparison is a single day, so the card shows the amount without a delta[jvm]","","2026-08-02","passed","2026-08-02","","DashboardSpentMonthViewModelTest[jvm]","com.georgeci.moneysurfer.feature.dashboard.DashboardSpentMonthViewModelTest",""
"","16","the locally-owned fields survive a round trip[jvm]","","2026-07-31","passed","2026-07-31","","UserRepositoryImplJvmTest[jvm]","com.georgeci.moneysurfer.data.repository.UserRepositoryImplJvmTest",""
"","18","cancel transitions status to CANCELLED[jvm]","","2026-07-31","passed","2026-07-31","","WorkspaceInviteRepositoryDualWriteSpec[jvm]","com.georgeci.moneysurfer.data.repository.WorkspaceInviteRepositoryDualWriteSpec",""
"","6","clearing an override delegates the key name[jvm]","","2026-08-02","passed","2026-08-02","","DebugConfigViewModelTest[jvm]","com.georgeci.moneysurfer.feature.settings.debug.DebugConfigViewModelTest",""
"","21","rejects a goal whose title is a number","","2026-08-02","passed","2026-08-02","","savings goals (issue #244)","savings goals (issue #244) rejects a goal whose title is a number",""
"","4","an anonymous session names nobody, and the drawer supplies the placeholder[jvm]","","2026-08-02","passed","2026-08-02","","ShellIdentityTest[jvm]","com.georgeci.moneysurfer.navigation.ShellIdentityTest",""
"","4","the Medium band runs from its lower bound up to the Expanded bound[jvm]","","2026-08-02","passed","2026-08-02","","SurferWindowSizeTest[jvm]","com.georgeci.moneysurfer.uikit.window.SurferWindowSizeTest",""
"","10","the window reaches back to whichever is earlier, the chart's first day or the 1st[jvm]","","2026-07-31","passed","2026-07-31","","BurnRateTest[jvm]","com.georgeci.moneysurfer.domain.model.BurnRateTest",""
"","4","the rest of a budget survives the round trip[jvm]","","2026-07-31","passed","2026-07-31","","WorkspaceScopedDtoMapperSpec[jvm]","com.georgeci.moneysurfer.data.sync.WorkspaceScopedDtoMapperSpec",""
"","119","an oversized source is rejected without being fully read into memory[jvm]","","2026-07-31","passed","2026-07-31","","ImportTransactionsValidationTest[jvm]","com.georgeci.moneysurfer.domain.csv.ImportTransactionsValidationTest",""
"","51","clearing the view model tears the startup work down without changing the decision[jvm]","","2026-08-02","passed","2026-08-02","","AppLaunchViewModelTest[jvm]","com.georgeci.moneysurfer.navigation.AppLaunchViewModelTest",""
"","2","pendingCount excludes IN_FLIGHT rows[jvm]","","2026-07-31","passed","2026-07-31","","PendingMutationQueueImplSpec[jvm]","com.georgeci.moneysurfer.sync.internal.repository.PendingMutationQueueImplSpec",""
"","54","the first refresh fetches and caches the provider's table[jvm]","","2026-07-31","passed","2026-07-31","","ExchangeRateRepositoryImplJvmTest[jvm]","com.georgeci.moneysurfer.data.repository.ExchangeRateRepositoryImplJvmTest",""
"","1","weekly window is the 7 days anchored on the start date's weekday[jvm]","","2026-07-31","passed","2026-07-31","","BudgetPeriodWindowTest[jvm]","com.georgeci.moneysurfer.domain.util.BudgetPeriodWindowTest",""
"","34","transaction rows expose fallback titles transfer and split identity[jvm]","","2026-08-02","passed","2026-08-02","","AccountDetailsViewModelTest[jvm]","com.georgeci.moneysurfer.feature.account.details.AccountDetailsViewModelTest",""
"","1","BudgetCreation[jvm]","","2026-08-02","passed","2026-08-02","","RouteSerializationTest[jvm]","com.georgeci.moneysurfer.navigation.RouteSerializationTest",""
"","6","matches by targetUserId when email differs[jvm]","","2026-07-31","passed","2026-07-31","","AcceptInviteUseCaseTest[jvm]","com.georgeci.moneysurfer.domain.usecase.AcceptInviteUseCaseTest",""
"","349","the switch asks for the opposite of the value that resolved, in both directions[jvm]","","2026-08-02","passed","2026-08-02","","DebugConfigScreenStateTest[jvm]","com.georgeci.moneysurfer.ui.DebugConfigScreenStateTest",""
"","23","an unknown key name is ignored and never mirrored[jvm]","","2026-07-31","passed","2026-07-31","","RemoteGlobalConfigSourceImplSpec[jvm]","com.georgeci.moneysurfer.appconfig.remote.RemoteGlobalConfigSourceImplSpec",""
"","4","a payload with no publication timestamp is refused[jvm]","","2026-07-31","passed","2026-07-31","","ExchangeRateApiTest[jvm]","com.georgeci.moneysurfer.data.remote.ExchangeRateApiTest",""
"","5","a blank FIREBASE_PROJECT_ID falls back rather than yielding an empty project[jvm]","","2026-07-31","passed","2026-07-31","","DesktopFirebaseOptionsJvmTest[jvm]","com.georgeci.moneysurfer.data.remote.DesktopFirebaseOptionsJvmTest",""
"","15","returns NoCurrentUser error when no current user[jvm]","","2026-07-31","passed","2026-07-31","","CreateWorkspaceUseCaseTest[jvm]","com.georgeci.moneysurfer.domain.usecase.CreateWorkspaceUseCaseTest",""
"","183","edit mode names the row being edited and drops the way into a transfer[jvm]","","2026-08-02","passed","2026-08-02","","TransactionCreationScreenStateTest[jvm]","com.georgeci.moneysurfer.ui.TransactionCreationScreenStateTest",""
"","96","the two queries are the month to date and the same stretch of the month before[jvm]","","2026-07-31","passed","2026-07-31","","GetSpentMonthUseCaseTest[jvm]","com.georgeci.moneysurfer.domain.usecase.GetSpentMonthUseCaseTest",""
"","23","rejects a missing clientVersionCode","","2026-08-02","passed","2026-08-02","","users/{uid}/config/{key}","users/{uid}/config/{key} rejects a missing clientVersionCode",""
"","4","a new Category defaults to the same appearance the backfill would have written[jvm]","","2026-07-31","passed","2026-07-31","","CategoryAppearanceTest[jvm]","com.georgeci.moneysurfer.domain.model.CategoryAppearanceTest",""
"","21","owner can hard-delete an invite (account-deletion purge)","","2026-08-02","passed","2026-08-02","","invites — update / delete","invites — update / delete owner can hard-delete an invite (account-deletion purge)",""
"","27","user without an email claim (e.g. anonymous) cannot write","","2026-08-02","passed","2026-08-02","","userEmails/{email}","userEmails/{email} user without an email claim (e.g. anonymous) cannot write",""
"","9","COMPLETED cannot be set by hand[jvm]","","2026-07-31","passed","2026-07-31","","SavingsGoalUseCaseTest[jvm]","com.georgeci.moneysurfer.domain.usecase.SavingsGoalUseCaseTest",""
"","13","credits the developers when the artifact declares no organization[jvm]","","2026-08-02","passed","2026-08-02","","ParseOssLibrariesTest[jvm]","com.georgeci.moneysurfer.feature.settings.about.licenses.ParseOssLibrariesTest",""
"","18","no-such-user (FIRAuth 17011) classifies as InvalidCredentials[jvm]","","2026-07-31","passed","2026-07-31","","AuthErrorClassificationTest[jvm]","com.georgeci.moneysurfer.data.repository.AuthErrorClassificationTest",""
"","5","a pending id with no matching row resolves to no active workspace[jvm]","","2026-08-02","passed","2026-08-02","","WorkspaceSelectorViewModelTest[jvm]","com.georgeci.moneysurfer.feature.workspace.selector.WorkspaceSelectorViewModelTest",""
"","35","an Undo built from nothing but the deleted id restores the row and the balance[jvm]","","2026-07-31","passed","2026-07-31","","DeleteUndoIntegrationIT[jvm]","com.georgeci.moneysurfer.integration.repository.DeleteUndoIntegrationIT",""
"","5","an account whose currency has no rate is listed, never dropped[jvm]","","2026-07-31","passed","2026-07-31","","ConvertAccountsTotalUseCaseTest[jvm]","com.georgeci.moneysurfer.domain.usecase.ConvertAccountsTotalUseCaseTest",""
"","81","same-currency transfer creates two paired legs with equal amounts[jvm]","","2026-08-02","passed","2026-08-02","","TransactionCreationSaveTest[jvm]","com.georgeci.moneysurfer.feature.transaction.creation.TransactionCreationSaveTest",""
"","3","blob shorter than header + MAC is rejected as InvalidArchive[jvm]","","2026-07-31","passed","2026-07-31","","EncryptedBackupCodecTest[jvm]","com.georgeci.moneysurfer.data.backup.EncryptedBackupCodecTest",""
"","146","a boolean key gets a switch and nothing to type into[jvm]","","2026-08-02","passed","2026-08-02","","DebugConfigScreenStateTest[jvm]","com.georgeci.moneysurfer.ui.DebugConfigScreenStateTest",""
"","51","a FAB the screen named itself keeps its own tag[jvm]","","2026-08-02","passed","2026-08-02","","SurferPaneChromeTest[jvm]","com.georgeci.moneysurfer.ui.SurferPaneChromeTest",""
"","17","a pulled tombstone marks the row deleted rather than dropping it[jvm]","","2026-07-31","passed","2026-07-31","","TransactionSyncPluginIT[jvm]","com.georgeci.moneysurfer.integration.plugin.TransactionSyncPluginIT",""
"","25","export posts ExportSuccess with the exported count[jvm]","","2026-08-02","passed","2026-08-02","","CsvBackupViewModelTest[jvm]","com.georgeci.moneysurfer.feature.settings.csv.CsvBackupViewModelTest",""
"","17","online build keeps the extra details section visible[jvm]","","2026-08-02","passed","2026-08-02","","AccountCreationViewModelTest[jvm]","com.georgeci.moneysurfer.feature.account.creation.AccountCreationViewModelTest",""
"","1512","clicking submit and toggle emits the matching events[jvm]","","2026-08-02","passed","2026-08-02","","SignInScreenStateTest[jvm]","com.georgeci.moneysurfer.ui.SignInScreenStateTest",""
"","4","blank email skips the mapping lookup entirely[jvm]","","2026-07-31","passed","2026-07-31","","UserAccountDeletionRepositoryImplTest[jvm]","com.georgeci.moneysurfer.data.repository.UserAccountDeletionRepositoryImplTest",""
"","337","an account with nothing logged yet is offered the first transaction[jvm]","","2026-08-02","passed","2026-08-02","","TransactionsListScreenStateTest[jvm]","com.georgeci.moneysurfer.ui.TransactionsListScreenStateTest",""
"","70","the stored palette keeps Dynamic while the effective one clamps it[jvm]","","2026-07-31","passed","2026-07-31","","ConfigFacadesJvmTest[jvm]","com.georgeci.moneysurfer.data.config.ConfigFacadesJvmTest",""
"","221","a transfer swaps the category grid for two account slots[jvm]","","2026-08-02","passed","2026-08-02","","TransactionCreationScreenStateTest[jvm]","com.georgeci.moneysurfer.ui.TransactionCreationScreenStateTest",""
"","1","ConflictResolution.TakeLocal carries the local value[jvm]","","2026-07-31","passed","2026-07-31","","ConflictResolverSpec[jvm]","com.georgeci.moneysurfer.sync.repository.ConflictResolverSpec",""
"","24","every toggle reaches the store, so navigating away and back does not reset it[jvm]","","2026-08-02","passed","2026-08-02","","PreferencesViewModelTest[jvm]","com.georgeci.moneysurfer.feature.settings.preferences.PreferencesViewModelTest",""
"","20","an update keeps the stored createdAt and stamps updatedAt from the clock[jvm]","","2026-07-31","passed","2026-07-31","","RecurringRuleRepositoryImplJvmTest[jvm]","com.georgeci.moneysurfer.data.repository.RecurringRuleRepositoryImplJvmTest",""
"","13","shutdown is idempotent — repeated calls keep cancelling[jvm]","","2026-07-31","passed","2026-07-31","","SessionShutdownGateImplSpec[jvm]","com.georgeci.moneysurfer.data.sync.SessionShutdownGateImplSpec",""
"","1","a group the page cut in half renders as its legs rather than a short total[jvm]","","2026-08-02","passed","2026-08-02","","TransactionsListSplitTest[jvm]","com.georgeci.moneysurfer.feature.transaction.list.TransactionsListSplitTest",""
"","1","quoted field with embedded newline advances the row number by one record[jvm]","","2026-07-31","passed","2026-07-31","","TransactionCsvCodecTest[jvm]","com.georgeci.moneysurfer.domain.csv.TransactionCsvCodecTest",""
"","6","magic constant is stable (backup format compatibility)[jvm]","","2026-07-31","passed","2026-07-31","","EncryptedBackupCodecTest[jvm]","com.georgeci.moneysurfer.data.backup.EncryptedBackupCodecTest",""
"","10","Either.Left(Cancelled) returned from upload completes as cancelled[jvm]","","2026-07-31","passed","2026-07-31","","SyncCoordinatorImplBranchSpec[jvm]","com.georgeci.moneysurfer.sync.coordinator.SyncCoordinatorImplBranchSpec",""
"","24","a user can create a setting of their own","","2026-08-02","passed","2026-08-02","","users/{uid}/config/{key}","users/{uid}/config/{key} a user can create a setting of their own",""
"","1","the series is always seven days ending today, with the quiet ones filled in[jvm]","","2026-07-31","passed","2026-07-31","","BurnRateTest[jvm]","com.georgeci.moneysurfer.domain.model.BurnRateTest",""
"","25","accepts a goal with nullable targetDate/accountId set to null","","2026-08-02","passed","2026-08-02","","savings goals (issue #244)","savings goals (issue #244) accepts a goal with nullable targetDate/accountId set to null",""
"","29","each prefill failure keeps its own shape, because they call for different actions[jvm]","","2026-08-02","passed","2026-08-02","","DebugConfigViewModelTest[jvm]","com.georgeci.moneysurfer.feature.settings.debug.DebugConfigViewModelTest",""
"","671","a truncated blob fails the MAC[jvm]","","2026-07-31","passed","2026-07-31","","EncryptedBackupCodecTest[jvm]","com.georgeci.moneysurfer.data.backup.EncryptedBackupCodecTest",""
"","104","every column is announced as its label and its value[jvm]","","2026-08-02","passed","2026-08-02","","SurferBarColumnsTest[jvm]","com.georgeci.moneysurfer.ui.SurferBarColumnsTest",""
"","2","calling twice on a single demo session wipes once and stays cleared[jvm]","","2026-07-31","passed","2026-07-31","","WipeDemoDataUseCaseSpec[jvm]","com.georgeci.moneysurfer.domain.usecase.WipeDemoDataUseCaseSpec",""
"","177","excluded currencies are still named beside a period that does have spend[jvm]","","2026-08-02","passed","2026-08-02","","InsightsScreenTest[jvm]","com.georgeci.moneysurfer.ui.InsightsScreenTest",""
"","2","different entries get different stores[jvm]","","2026-08-02","passed","2026-08-02","","NavEntryViewModelStoreHolderTest[jvm]","com.georgeci.moneysurfer.navigation.util.NavEntryViewModelStoreHolderTest",""
"","18","signing out clears the session and returns to sign-in[jvm]","","2026-08-02","passed","2026-08-02","","WorkspaceSelectorViewModelTest[jvm]","com.georgeci.moneysurfer.feature.workspace.selector.WorkspaceSelectorViewModelTest",""
"","35","a foreign CSV header fails the whole import[jvm]","","2026-07-31","passed","2026-07-31","","ImportTransactionsValidationTest[jvm]","com.georgeci.moneysurfer.domain.csv.ImportTransactionsValidationTest",""
"","2","the chain is contiguous from the release baseline to the current schema[jvm]","","2026-07-31","passed","2026-07-31","","MigrationChainSpec[jvm]","com.georgeci.moneysurfer.data.db.MigrationChainSpec",""
"","218","the pager states the ISO week and its week-year in Week cadence[jvm]","","2026-08-02","passed","2026-08-02","","InsightsScreenTest[jvm]","com.georgeci.moneysurfer.ui.InsightsScreenTest",""
"","16","transitions to Content when categories arrive[jvm]","","2026-08-02","passed","2026-08-02","","CategoriesManageViewModelTest[jvm]","com.georgeci.moneysurfer.feature.category.manage.CategoriesManageViewModelTest",""
"","120","OnArchiveAccountClick stages pendingArchive without mutating the account[jvm]","","2026-08-02","passed","2026-08-02","","AccountsManageViewModelTest[jvm]","com.georgeci.moneysurfer.feature.account.manage.AccountsManageViewModelTest",""
"","38","imported expense adjusts the cached account balance[jvm]","","2026-07-31","passed","2026-07-31","","CsvBackupIntegrationIT[jvm]","com.georgeci.moneysurfer.integration.repository.CsvBackupIntegrationIT",""
"","55","an override applies and marks the row as overridden[jvm]","","2026-07-31","passed","2026-07-31","","DebugConfigInspectorImplSpec[jvm]","com.georgeci.moneysurfer.appconfig.DebugConfigInspectorImplSpec",""
"","4","rows for other accounts and non-actual rows leave the curve flat[jvm]","","2026-07-31","passed","2026-07-31","","AccountBalanceSeriesTest[jvm]","com.georgeci.moneysurfer.domain.model.AccountBalanceSeriesTest",""
"","4","the type segments partition the list, transfer legs included[jvm]","","2026-08-02","passed","2026-08-02","","TransactionFilterMatchingTest[jvm]","com.georgeci.moneysurfer.feature.transaction.filter.TransactionFilterMatchingTest",""
"","221","drops BOM artifacts, which ship version constraints and no code[jvm]","","2026-08-02","passed","2026-08-02","","ParseOssLibrariesTest[jvm]","com.georgeci.moneysurfer.feature.settings.about.licenses.ParseOssLibrariesTest",""
"","1","a detail opened from another detail keeps a back affordance[jvm]","","2026-08-02","passed","2026-08-02","","SurferPaneSceneStrategyTest[jvm]","com.georgeci.moneysurfer.navigation.SurferPaneSceneStrategyTest",""
"","9","the server's own wording is used when it sends one[jvm]","","2026-07-31","passed","2026-07-31","","AppVersionGateImplTest[jvm]","com.georgeci.moneysurfer.data.repository.AppVersionGateImplTest",""
"","0","the extra pane draws no section chrome[jvm]","","2026-08-02","passed","2026-08-02","","SurferPaneSceneStrategyTest[jvm]","com.georgeci.moneysurfer.navigation.SurferPaneSceneStrategyTest",""
"","120","content stays composed underneath the error state[jvm]","","2026-08-02","passed","2026-08-02","","GlobalErrorBoundaryTest[jvm]","com.georgeci.moneysurfer.ui.GlobalErrorBoundaryTest",""
"","137","an offline user with a workspace but no accounts resumes first-run account creation[jvm]","","2026-08-02","passed","2026-08-02","","AppLaunchViewModelTest[jvm]","com.georgeci.moneysurfer.navigation.AppLaunchViewModelTest",""
"","104","the dashboard opens on Month with the switch shown over the default layout[jvm]","","2026-08-02","passed","2026-08-02","","DashboardPeriodViewModelTest[jvm]","com.georgeci.moneysurfer.feature.dashboard.DashboardPeriodViewModelTest",""
"","340","tapping a preset asks for it rather than applying it on the spot[jvm]","","2026-08-02","passed","2026-08-02","","TransactionFiltersScreenStateTest[jvm]","com.georgeci.moneysurfer.ui.TransactionFiltersScreenStateTest",""
"","1","fields are exposed[jvm]","","2026-07-31","passed","2026-07-31","","PendingMutationSpec[jvm]","com.georgeci.moneysurfer.sync.repository.PendingMutationSpec",""
"","22","reset clears the draft's filters but keeps the search the list is showing[jvm]","","2026-08-02","passed","2026-08-02","","TransactionFiltersViewModelTest[jvm]","com.georgeci.moneysurfer.feature.transaction.filters.TransactionFiltersViewModelTest",""
"","31","an unreachable server reads as no config rather than throwing[jvm]","","2026-07-31","passed","2026-07-31","","AppConfigRepositoryImplTest[jvm]","com.georgeci.moneysurfer.data.repository.AppConfigRepositoryImplTest",""
"","4","lower-case currency codes from the provider are normalized[jvm]","","2026-07-31","passed","2026-07-31","","ExchangeRateApiTest[jvm]","com.georgeci.moneysurfer.data.remote.ExchangeRateApiTest",""
"","1","archive on missing account returns AccountNotFound[jvm]","","2026-07-31","passed","2026-07-31","","ArchiveAccountUseCaseTest[jvm]","com.georgeci.moneysurfer.domain.usecase.ArchiveAccountUseCaseTest",""
"","33","email user with blank password gets a field error instead of the dialog[jvm]","","2026-08-02","passed","2026-08-02","","DeleteUserAccountViewModelTest[jvm]","com.georgeci.moneysurfer.feature.settings.account.DeleteUserAccountViewModelTest",""
"","28","RequiresRecentLogin degrades to the generic failure[jvm]","","2026-08-02","passed","2026-08-02","","SignInViewModelTest[jvm]","com.georgeci.moneysurfer.feature.login.SignInViewModelTest",""
"","2","clearAll clears every entry at once[jvm]","","2026-08-02","passed","2026-08-02","","NavEntryViewModelStoreHolderTest[jvm]","com.georgeci.moneysurfer.navigation.util.NavEntryViewModelStoreHolderTest",""
"","20","a transfer leg without its pair row is rejected[jvm]","","2026-07-31","passed","2026-07-31","","ImportTransactionsValidationTest[jvm]","com.georgeci.moneysurfer.domain.csv.ImportTransactionsValidationTest",""
"","65","a budget is pushed to the workspace's budgets collection[jvm]","","2026-07-31","passed","2026-07-31","","BudgetAndRecurringRuleSyncPluginIT[jvm]","com.georgeci.moneysurfer.integration.plugin.BudgetAndRecurringRuleSyncPluginIT",""
"","18","merchant, tags and recurringRuleId survive a write/read cycle[jvm]","","2026-07-31","passed","2026-07-31","","TransactionDetailFieldsIntegrationIT[jvm]","com.georgeci.moneysurfer.integration.repository.TransactionDetailFieldsIntegrationIT",""
"","60","member can read and create a contribution","","2026-08-02","passed","2026-08-02","","savings goals (issue #244)","savings goals (issue #244) member can read and create a contribution",""
"","18","save is blocked with an inline error when a non-credit account has a negative balance[jvm]","","2026-08-02","passed","2026-08-02","","AccountCreationViewModelTest[jvm]","com.georgeci.moneysurfer.feature.account.creation.AccountCreationViewModelTest",""
"","189","a row with no override of its own has nothing to clear[jvm]","","2026-08-02","passed","2026-08-02","","DebugConfigScreenStateTest[jvm]","com.georgeci.moneysurfer.ui.DebugConfigScreenStateTest",""
"","5","default constructor builds an active scope[jvm]","","2026-07-31","passed","2026-07-31","","ApplicationScopeSpec[jvm]","com.georgeci.moneysurfer.sync.runtime.ApplicationScopeSpec",""
"","27","user cannot create a workspace owned by someone else","","2026-08-02","passed","2026-08-02","","workspaces/{wid}","workspaces/{wid} user cannot create a workspace owned by someone else",""
"","21","a category that does not exist yet is never covered[jvm]","","2026-07-31","passed","2026-07-31","","CategoryCapCoverageTest[jvm]","com.georgeci.moneysurfer.domain.model.CategoryCapCoverageTest",""
"","37","opening a category with a single-category budget prefills the cap field[jvm]","","2026-08-02","passed","2026-08-02","","CategoryCreationViewModelTest[jvm]","com.georgeci.moneysurfer.feature.category.creation.CategoryCreationViewModelTest",""
"","149","the forward arrow is inert on the period containing today[jvm]","","2026-08-02","passed","2026-08-02","","InsightsScreenTest[jvm]","com.georgeci.moneysurfer.ui.InsightsScreenTest",""
"","251","the form opens on the currency list with the first entry preselected[jvm]","","2026-08-02","passed","2026-08-02","","WorkspaceCreationViewModelTest[jvm]","com.georgeci.moneysurfer.feature.workspace.creation.WorkspaceCreationViewModelTest",""
"","7","markCompleted removes rows from pending()[jvm]","","2026-07-31","passed","2026-07-31","","PendingMutationQueueIntegrationIT[jvm]","com.georgeci.moneysurfer.integration.sync.PendingMutationQueueIntegrationIT",""
"","1","restyling a widget leaves its slot and its neighbours alone[jvm]","","2026-07-31","passed","2026-07-31","","DashboardLayoutConfigTest[jvm]","com.georgeci.moneysurfer.domain.dashboard.DashboardLayoutConfigTest",""
"","22","clearing the cap deletes the backing budget[jvm]","","2026-08-02","passed","2026-08-02","","CategoryCreationViewModelTest[jvm]","com.georgeci.moneysurfer.feature.category.creation.CategoryCreationViewModelTest",""
"","47","member can create + read in budgets","","2026-08-02","passed","2026-08-02","","member-gated entities (smoke for the rest)","member-gated entities (smoke for the rest) member can create + read in budgets",""
"","6","a parent's total rolls up its whole subtree[jvm]","","2026-07-31","passed","2026-07-31","","CategorySpendHistoryTest[jvm]","com.georgeci.moneysurfer.domain.model.CategorySpendHistoryTest",""
"","1","transactions dated after today are backed out of the anchor[jvm]","","2026-07-31","passed","2026-07-31","","AccountBalanceSeriesTest[jvm]","com.georgeci.moneysurfer.domain.model.AccountBalanceSeriesTest",""
"","273","submit button is enabled once the state can be submitted[jvm]","","2026-08-02","passed","2026-08-02","","SignInScreenStateTest[jvm]","com.georgeci.moneysurfer.ui.SignInScreenStateTest",""
"","14","releasing one key leaves the others held[jvm]","","2026-07-31","passed","2026-07-31","","LayeredConfigSpec[jvm]","com.georgeci.moneysurfer.appconfig.LayeredConfigSpec",""
"","4","the parent holding the selection starts expanded[jvm]","","2026-08-02","passed","2026-08-02","","CategoryChooserViewModelTest[jvm]","com.georgeci.moneysurfer.feature.category.picker.CategoryChooserViewModelTest",""
"","24","rejects an unknown field","","2026-08-02","passed","2026-08-02","","users/{uid}/config/{key}","users/{uid}/config/{key} rejects an unknown field",""
"","0","'.' -> '.'[jvm]","","2026-08-02","passed","2026-08-02","","AmountInputTransformationTest[jvm]","com.georgeci.moneysurfer.utils.AmountInputTransformationTest",""
"","8","wrong password aborts before shutdown and cleanup[jvm]","","2026-07-31","passed","2026-07-31","","DeleteUserAccountUseCaseTest[jvm]","com.georgeci.moneysurfer.domain.usecase.DeleteUserAccountUseCaseTest",""
"","10","a daily rule fires on the day it lands on its own step[jvm]","","2026-07-31","passed","2026-07-31","","UpcomingRecurringTest[jvm]","com.georgeci.moneysurfer.domain.model.UpcomingRecurringTest",""
"","24","rejects a goal whose hue is a string","","2026-08-02","passed","2026-08-02","","savings goals (issue #244)","savings goals (issue #244) rejects a goal whose hue is a string",""
"","1","onSyncCancelled runs without error[jvm]","","2026-07-31","passed","2026-07-31","","KermitSyncTelemetrySpec[jvm]","com.georgeci.moneysurfer.sync.internal.telemetry.KermitSyncTelemetrySpec",""
"","7","a withdrawal that drops below the target flips COMPLETED back to ACTIVE[jvm]","","2026-07-31","passed","2026-07-31","","GoalContributionUseCaseTest[jvm]","com.georgeci.moneysurfer.domain.usecase.GoalContributionUseCaseTest",""
"","10","falls back to the group id when the export carries no names at all[jvm]","","2026-08-02","passed","2026-08-02","","ParseOssLibrariesTest[jvm]","com.georgeci.moneysurfer.feature.settings.about.licenses.ParseOssLibrariesTest",""
"","103","copy with override[jvm]","","2026-07-31","passed","2026-07-31","","PendingMutationSpec[jvm]","com.georgeci.moneysurfer.sync.repository.PendingMutationSpec",""
"","140","an explicit date range takes the window over, so the pager is not drawn[jvm]","","2026-08-02","passed","2026-08-02","","TransactionsListScreenStateTest[jvm]","com.georgeci.moneysurfer.ui.TransactionsListScreenStateTest",""
"","3","repeat delete (null/null) is a no-op[jvm]","","2026-07-31","passed","2026-07-31","","ApplyTransactionChangeUseCaseTest[jvm]","com.georgeci.moneysurfer.domain.usecase.ApplyTransactionChangeUseCaseTest",""
"","37","uuid generates unique values[jvm]","","2026-07-31","passed","2026-07-31","","SyncRequestIdSpec[jvm]","com.georgeci.moneysurfer.sync.api.SyncRequestIdSpec",""
"","14","merchant, tags and recurringRuleId round-trip through the wire format[jvm]","","2026-07-31","passed","2026-07-31","","TransactionDtoMapperSpec[jvm]","com.georgeci.moneysurfer.data.sync.TransactionDtoMapperSpec",""
"","185","an overspent budget says so in the caption rather than reading as headroom[jvm]","","2026-08-02","passed","2026-08-02","","DashboardScreenStateTest[jvm]","com.georgeci.moneysurfer.ui.DashboardScreenStateTest",""
"","19","a confirmed reset clears the scope and re-syncs, because the cursors alone change nothing[jvm]","","2026-08-02","passed","2026-08-02","","SyncViewModelTest[jvm]","com.georgeci.moneysurfer.feature.settings.sync.SyncViewModelTest",""
"","4","a yearly rule takes its own day next year once it has passed[jvm]","","2026-07-31","passed","2026-07-31","","UpcomingRecurringTest[jvm]","com.georgeci.moneysurfer.domain.model.UpcomingRecurringTest",""
"","21","an idle coordinator reports the last outcome, and a cancelled one reports nothing[jvm]","","2026-08-02","passed","2026-08-02","","SyncViewModelTest[jvm]","com.georgeci.moneysurfer.feature.settings.sync.SyncViewModelTest",""
"","18","patch stamps deletedAt and updatedAt from the mutation enqueue time[jvm]","","2026-07-31","passed","2026-07-31","","TombstonePatchSpec[jvm]","com.georgeci.moneysurfer.data.sync.plugin.TombstonePatchSpec",""
"","13","deleting a contribution that is already gone enqueues nothing[jvm]","","2026-07-31","passed","2026-07-31","","GoalContributionRepositoryImplJvmTest[jvm]","com.georgeci.moneysurfer.data.repository.GoalContributionRepositoryImplJvmTest",""
"","1","an inactive budget stays inactive across the wire[jvm]","","2026-07-31","passed","2026-07-31","","WorkspaceScopedDtoMapperSpec[jvm]","com.georgeci.moneysurfer.data.sync.WorkspaceScopedDtoMapperSpec",""
"","2","Unknown preserves cause and is retryable[jvm]","","2026-07-31","passed","2026-07-31","","SyncErrorSpec[jvm]","com.georgeci.moneysurfer.sync.api.SyncErrorSpec",""
"","16","merchants come back biggest first, bounded by the limit[jvm]","","2026-07-31","passed","2026-07-31","","SpendAnalyticsRepositoryImplJvmTest[jvm]","com.georgeci.moneysurfer.data.repository.SpendAnalyticsRepositoryImplJvmTest",""
"","561","the reset-cursors row asks before clearing anything[jvm]","","2026-08-02","passed","2026-08-02","","SyncScreenStateTest[jvm]","com.georgeci.moneysurfer.ui.SyncScreenStateTest",""
"","638","the footer's two buttons are the only way the draft leaves this screen[jvm]","","2026-08-02","passed","2026-08-02","","TransactionFiltersScreenStateTest[jvm]","com.georgeci.moneysurfer.ui.TransactionFiltersScreenStateTest",""
"","24","only the rows the window covers are handed back[jvm]","","2026-07-31","passed","2026-07-31","","GetMonthlyNetHistoryUseCaseTest[jvm]","com.georgeci.moneysurfer.domain.usecase.GetMonthlyNetHistoryUseCaseTest",""
"","7","editing a workspace that vanished underneath the form reports the generic error[jvm]","","2026-08-02","passed","2026-08-02","","WorkspaceCreationViewModelTest[jvm]","com.georgeci.moneysurfer.feature.workspace.creation.WorkspaceCreationViewModelTest",""
"","21","rejects a contribution whose nullable transferId has a wrong non-null type","","2026-08-02","passed","2026-08-02","","savings goals (issue #244)","savings goals (issue #244) rejects a contribution whose nullable transferId has a wrong non-null type",""
"","8","Idle is a singleton object[jvm]","","2026-07-31","passed","2026-07-31","","SyncStateSpec[jvm]","com.georgeci.moneysurfer.sync.api.SyncStateSpec",""
"","20","a pulled category this device has never seen is inserted[jvm]","","2026-07-31","passed","2026-07-31","","CategorySyncPluginIT[jvm]","com.georgeci.moneysurfer.integration.plugin.CategorySyncPluginIT",""
"","26","a pulled transaction this device has never seen is inserted[jvm]","","2026-07-31","passed","2026-07-31","","TransactionSyncPluginIT[jvm]","com.georgeci.moneysurfer.integration.plugin.TransactionSyncPluginIT",""
"","129","an empty period says so without blaming the currency filter[jvm]","","2026-08-02","passed","2026-08-02","","InsightsScreenTest[jvm]","com.georgeci.moneysurfer.ui.InsightsScreenTest",""
"","10","AllUserData pulls every workspace the remote lists for the user[jvm]","","2026-07-31","passed","2026-07-31","","PullRemoteChangesUseCaseImplSpec[jvm]","com.georgeci.moneysurfer.data.sync.PullRemoteChangesUseCaseImplSpec",""
"","417","the merchant list names who took the most, and how often[jvm]","","2026-08-02","passed","2026-08-02","","InsightsScreenTest[jvm]","com.georgeci.moneysurfer.ui.InsightsScreenTest",""
"","90","pointers round-trip through the store[jvm]","","2026-07-31","passed","2026-07-31","","SessionPointersImplJvmTest[jvm]","com.georgeci.moneysurfer.data.preferences.SessionPointersImplJvmTest",""
"","24","uuid generates non-empty value[jvm]","","2026-07-31","passed","2026-07-31","","SyncRequestIdSpec[jvm]","com.georgeci.moneysurfer.sync.api.SyncRequestIdSpec",""
"","8","an empty currency list still promotes the form out of Loading[jvm]","","2026-08-02","passed","2026-08-02","","WorkspaceCreationViewModelTest[jvm]","com.georgeci.moneysurfer.feature.workspace.creation.WorkspaceCreationViewModelTest",""
"","161","an empty period answers once, not three times over[jvm]","","2026-08-02","passed","2026-08-02","","InsightsScreenTest[jvm]","com.georgeci.moneysurfer.ui.InsightsScreenTest",""
"","32","OnDeleteConfirm removes the account and shows a snackbar[jvm]","","2026-08-02","passed","2026-08-02","","AccountsManageViewModelTest[jvm]","com.georgeci.moneysurfer.feature.account.manage.AccountsManageViewModelTest",""
"","2","creation state never shows the Members section[jvm]","","2026-08-02","passed","2026-08-02","","WorkspaceCreationStateOfflineTest[jvm]","com.georgeci.moneysurfer.feature.workspace.creation.WorkspaceCreationStateOfflineTest",""
"","209","a planned transaction says so in the hero band[jvm]","","2026-08-02","passed","2026-08-02","","TransactionDetailsScreenStateTest[jvm]","com.georgeci.moneysurfer.ui.TransactionDetailsScreenStateTest",""
"","13","every concrete Route is registered in navKeySerializersModule[jvm]","","2026-08-02","passed","2026-08-02","","RouteSerializerRegistryTest[jvm]","com.georgeci.moneysurfer.navigation.RouteSerializerRegistryTest",""
"","5","format single cent[jvm]","","2026-07-31","passed","2026-07-31","","MoneyFormatterTest[jvm]","com.georgeci.moneysurfer.domain.MoneyFormatterTest",""
"","84","the online build surfaces the account's extra details in the order they were saved[jvm]","","2026-08-02","passed","2026-08-02","","AccountDetailsViewModelTest[jvm]","com.georgeci.moneysurfer.feature.account.details.AccountDetailsViewModelTest",""
"","6","a variant carrying the separators round-trips instead of splitting the layout[jvm]","","2026-07-31","passed","2026-07-31","","DashboardLayoutCodecTest[jvm]","com.georgeci.moneysurfer.data.preferences.DashboardLayoutCodecTest",""
"","5","occurrences come back soonest first, capped at the limit[jvm]","","2026-07-31","passed","2026-07-31","","UpcomingRecurringTest[jvm]","com.georgeci.moneysurfer.domain.model.UpcomingRecurringTest",""
"","6","a layout written before spans existed reads as full width, not as a dropped widget[jvm]","","2026-07-31","passed","2026-07-31","","DashboardLayoutCodecTest[jvm]","com.georgeci.moneysurfer.data.preferences.DashboardLayoutCodecTest",""
"","5","sync stays off with nothing configured, because the build term defaults to false[jvm]","","2026-07-31","passed","2026-07-31","","ConfigFacadesJvmTest[jvm]","com.georgeci.moneysurfer.data.config.ConfigFacadesJvmTest",""
"","11","prefers the longest matching group prefix[jvm]","","2026-08-02","passed","2026-08-02","","ParseOssLibrariesTest[jvm]","com.georgeci.moneysurfer.feature.settings.about.licenses.ParseOssLibrariesTest",""
"","255","with no workspace the reset row is inert — there is no scope to clear[jvm]","","2026-08-02","passed","2026-08-02","","SyncScreenStateTest[jvm]","com.georgeci.moneysurfer.ui.SyncScreenStateTest",""
"","29","renaming the category carries an untouched backing budget's name along[jvm]","","2026-08-02","passed","2026-08-02","","CategoryCreationViewModelTest[jvm]","com.georgeci.moneysurfer.feature.category.creation.CategoryCreationViewModelTest",""
"","7","keeps only the rows the budget counts[jvm]","","2026-07-31","passed","2026-07-31","","GetBudgetTransactionsUseCaseTest[jvm]","com.georgeci.moneysurfer.domain.usecase.GetBudgetTransactionsUseCaseTest",""
"","525","on a phone the pill follows the host's card-style build key[jvm]","","2026-08-02","passed","2026-08-02","","DashboardCustomizeScreenStateTest[jvm]","com.georgeci.moneysurfer.ui.DashboardCustomizeScreenStateTest",""
"","12","update on a missing account returns AccountNotFound and writes nothing[jvm]","","2026-07-31","passed","2026-07-31","","AccountWriteUseCasesTest[jvm]","com.georgeci.moneysurfer.domain.usecase.AccountWriteUseCasesTest",""
"","48","the picked icon, colour and parent are persisted[jvm]","","2026-08-02","passed","2026-08-02","","CategoryCreationViewModelTest[jvm]","com.georgeci.moneysurfer.feature.category.creation.CategoryCreationViewModelTest",""
"","11","income signs its amount with a plus and carries no transfer[jvm]","","2026-08-02","passed","2026-08-02","","TransactionDetailsViewModelTest[jvm]","com.georgeci.moneysurfer.feature.transaction.details.TransactionDetailsViewModelTest",""
"","38","safe-to-spend reads the active budget's remainder, pace and days left[jvm]","","2026-08-02","passed","2026-08-02","","DashboardSafeToSpendViewModelTest[jvm]","com.georgeci.moneysurfer.feature.dashboard.DashboardSafeToSpendViewModelTest",""
"","1","the desktop host reaches the emulator over loopback[jvm]","","2026-07-31","passed","2026-07-31","","FirebaseConfigImplJvmTest[jvm]","com.georgeci.moneysurfer.data.remote.FirebaseConfigImplJvmTest",""
"","46","an operationDate that is never written, from before the column existed is counted by no aggregate[jvm]","","2026-07-31","passed","2026-07-31","","SpendAnalyticsRepositoryImplJvmTest[jvm]","com.georgeci.moneysurfer.data.repository.SpendAnalyticsRepositoryImplJvmTest",""
"","183","the user block reports a click when it is given a handler[jvm]","","2026-08-02","passed","2026-08-02","","SurferNavigationDrawerTest[jvm]","com.georgeci.moneysurfer.ui.SurferNavigationDrawerTest",""
"","107","re-initing on the id already on screen does not clobber an edit in progress[jvm]","","2026-08-02","passed","2026-08-02","","WorkspaceCreationViewModelTest[jvm]","com.georgeci.moneysurfer.feature.workspace.creation.WorkspaceCreationViewModelTest",""
"","5","no-op when hasUsedDemo is false (real-account-only flow)[jvm]","","2026-07-31","passed","2026-07-31","","WipeDemoDataUseCaseSpec[jvm]","com.georgeci.moneysurfer.domain.usecase.WipeDemoDataUseCaseSpec",""
"","3","setCursor preserves attempt and success timestamps on existing row[jvm]","","2026-07-31","passed","2026-07-31","","SyncMetaRepositoryImplSpec[jvm]","com.georgeci.moneysurfer.sync.internal.repository.SyncMetaRepositoryImplSpec",""
"","7","a general budget outranks a category one, whatever their limits[jvm]","","2026-07-31","passed","2026-07-31","","SafeToSpendTest[jvm]","com.georgeci.moneysurfer.domain.model.SafeToSpendTest",""
"","2","blank CSV segments drop out of the wire lists[jvm]","","2026-07-31","passed","2026-07-31","","RecurringRuleDtoMapperSpec[jvm]","com.georgeci.moneysurfer.data.sync.RecurringRuleDtoMapperSpec",""
"","38","every EN string key has a RU counterpart and vice-versa[jvm]","","2026-08-02","passed","2026-08-02","","StringResourceParityTest[jvm]","com.georgeci.moneysurfer.utils.StringResourceParityTest",""
"","10","category seed failure returns LocalWriteFailed and skips remote work and pin[jvm]","","2026-07-31","passed","2026-07-31","","CreateWorkspaceUseCaseTest[jvm]","com.georgeci.moneysurfer.domain.usecase.CreateWorkspaceUseCaseTest",""
"","57","member can create + read in recurringRules","","2026-08-02","passed","2026-08-02","","member-gated entities (smoke for the rest)","member-gated entities (smoke for the rest) member can create + read in recurringRules",""
"","23","non-member cannot get the workspace doc","","2026-08-02","passed","2026-08-02","","workspaces/{wid}","workspaces/{wid} non-member cannot get the workspace doc",""
"","920","unicode passphrases round-trip and are distinct from lookalikes[jvm]","","2026-07-31","passed","2026-07-31","","EncryptedBackupCodecTest[jvm]","com.georgeci.moneysurfer.data.backup.EncryptedBackupCodecTest",""
"","16","switching the type drops a parent that belongs to the other type[jvm]","","2026-08-02","passed","2026-08-02","","CategoryCreationViewModelTest[jvm]","com.georgeci.moneysurfer.feature.category.creation.CategoryCreationViewModelTest",""
"","35","an overspent budget keeps a positive remainder and says it is over[jvm]","","2026-08-02","passed","2026-08-02","","DashboardBudgetsViewModelTest[jvm]","com.georgeci.moneysurfer.feature.dashboard.DashboardBudgetsViewModelTest",""
"","26","owner with another ACTIVE member keeps the workspace and only leaves it[jvm]","","2026-07-31","passed","2026-07-31","","UserAccountDeletionRepositoryImplTest[jvm]","com.georgeci.moneysurfer.data.repository.UserAccountDeletionRepositoryImplTest",""
"","8","creating a goal in an unknown workspace is rejected[jvm]","","2026-07-31","passed","2026-07-31","","SavingsGoalUseCaseTest[jvm]","com.georgeci.moneysurfer.domain.usecase.SavingsGoalUseCaseTest",""
"","14","results keep the newest-first ordering of the list queries[jvm]","","2026-07-31","passed","2026-07-31","","TransactionFtsIntegrationIT[jvm]","com.georgeci.moneysurfer.integration.repository.TransactionFtsIntegrationIT",""
"","10","All categories drops the selection rather than adding one more chip[jvm]","","2026-08-02","passed","2026-08-02","","TransactionFiltersViewModelTest[jvm]","com.georgeci.moneysurfer.feature.transaction.filters.TransactionFiltersViewModelTest",""
"","3","a preset ignores where the pager was left[jvm]","","2026-08-02","passed","2026-08-02","","TransactionFilterMatchingTest[jvm]","com.georgeci.moneysurfer.feature.transaction.filter.TransactionFilterMatchingTest",""
"","48","parses the bundled aboutlibraries export[jvm]","","2026-08-02","passed","2026-08-02","","ParseOssLibrariesTest[jvm]","com.georgeci.moneysurfer.feature.settings.about.licenses.ParseOssLibrariesTest",""
"","27","a corrupt file degrades the layer instead of throwing out of hydrate or of the change flow[jvm]","","2026-07-31","passed","2026-07-31","","LocalConfigSourceImplJvmTest[jvm]","com.georgeci.moneysurfer.data.config.LocalConfigSourceImplJvmTest",""
"","1","opening_balance contributes +amount on its account[jvm]","","2026-07-31","passed","2026-07-31","","BalanceImpactTest[jvm]","com.georgeci.moneysurfer.domain.model.BalanceImpactTest",""
"","1","the default layout has something for the period switch to drive[jvm]","","2026-07-31","passed","2026-07-31","","DashboardLayoutConfigTest[jvm]","com.georgeci.moneysurfer.domain.dashboard.DashboardLayoutConfigTest",""
"","2","reads the outbox with the default batch limit[jvm]","","2026-07-31","passed","2026-07-31","","UploadPendingChangesUseCaseImplSpec[jvm]","com.georgeci.moneysurfer.data.sync.UploadPendingChangesUseCaseImplSpec",""
"","21","the overlay re-emits changes so an observer sees the held value[jvm]","","2026-07-31","passed","2026-07-31","","LayeredConfigSpec[jvm]","com.georgeci.moneysurfer.appconfig.LayeredConfigSpec",""
"","19","getByWorkspaceId returns ACTIVE and soft-deleted rows alike (UI filters by status)[jvm]","","2026-07-31","passed","2026-07-31","","WorkspaceMemberRepositoryIntegrationIT[jvm]","com.georgeci.moneysurfer.integration.repository.WorkspaceMemberRepositoryIntegrationIT",""
"","374","encrypted import without a passphrase surfaces PassphraseRequired[jvm]","","2026-07-31","passed","2026-07-31","","BackupEncryptedRoundTripJvmTest[jvm]","com.georgeci.moneysurfer.data.backup.BackupEncryptedRoundTripJvmTest",""
"","41","attacker CANNOT self-create by pointing at an invite addressed to someone else","","2026-08-02","passed","2026-08-02","","workspaces/{wid}/members/{uid}","workspaces/{wid}/members/{uid} attacker CANNOT self-create by pointing at an invite addressed to someone else",""
"","4","no schedules at all means no sentence about them[jvm]","","2026-07-31","passed","2026-07-31","","InsightRulesTest[jvm]","com.georgeci.moneysurfer.domain.insight.InsightRulesTest",""
"","7","setCursor stores Instant — cursor returns the same value back[jvm]","","2026-07-31","passed","2026-07-31","","SyncMetaRepositoryImplSpec[jvm]","com.georgeci.moneysurfer.data.sync.SyncMetaRepositoryImplSpec",""
"","1","a week selection covers the ISO week containing the anchor[jvm]","","2026-07-31","passed","2026-07-31","","SpendInsightsTest[jvm]","com.georgeci.moneysurfer.domain.model.SpendInsightsTest",""
"","8","syncAll is a no-op when sync is disabled[jvm]","","2026-07-31","passed","2026-07-31","","SyncCoordinatorWorkspaceSyncerSpec[jvm]","com.georgeci.moneysurfer.data.sync.SyncCoordinatorWorkspaceSyncerSpec",""
"","30","user cannot update another user's document","","2026-08-02","passed","2026-08-02","","users/{uid}","users/{uid} user cannot update another user's document",""
"","246","an exception below the ViewModel renders the global error state[jvm]","","2026-08-02","passed","2026-08-02","","GlobalErrorBoundaryTest[jvm]","com.georgeci.moneysurfer.ui.GlobalErrorBoundaryTest",""
"","26","accepts a null recurringRuleId","","2026-08-02","passed","2026-08-02","","entity write-shape validation (issue #156)","entity write-shape validation (issue #156) accepts a null recurringRuleId",""
"","60","accepts a budget tombstone update (deletedAt set)","","2026-08-02","passed","2026-08-02","","entity write-shape validation (issue #156)","entity write-shape validation (issue #156) accepts a budget tombstone update (deletedAt set)",""
"","3","the window ends on the clock's today and defaults to a month[jvm]","","2026-07-31","passed","2026-07-31","","GetAccountBalanceSeriesUseCaseTest[jvm]","com.georgeci.moneysurfer.domain.usecase.GetAccountBalanceSeriesUseCaseTest",""
"","159","a sparse search keeps loading until deep matches surface, not showing nothing[jvm]","","2026-08-02","passed","2026-08-02","","TransactionsByAccountFilteringTest[jvm]","com.georgeci.moneysurfer.feature.transaction.list.TransactionsByAccountFilteringTest",""
"","9","a code round-trips unchanged[jvm]","","2026-07-31","passed","2026-07-31","","CurrencyCodeCodecTest[jvm]","com.georgeci.moneysurfer.data.config.CurrencyCodeCodecTest",""
"","12","plus that overflows Long throws instead of wrapping[jvm]","","2026-07-31","passed","2026-07-31","","MoneyTest[jvm]","com.georgeci.moneysurfer.domain.primitives.MoneyTest",""
"","14","a comma is accepted as the decimal separator[jvm]","","2026-08-02","passed","2026-08-02","","TransactionAmountInputTest[jvm]","com.georgeci.moneysurfer.feature.transaction.creation.TransactionAmountInputTest",""
"","16","a transfer leg pairs with its duplicate counterpart already in the database[jvm]","","2026-07-31","passed","2026-07-31","","ImportTransactionsValidationTest[jvm]","com.georgeci.moneysurfer.domain.csv.ImportTransactionsValidationTest",""
"","29","accepts a category carrying the new iconKey + hue fields","","2026-08-02","passed","2026-08-02","","entity write-shape validation (issue #156)","entity write-shape validation (issue #156) accepts a category carrying the new iconKey + hue fields",""
"","1","CompositeCancelToken not cancelled when only some children cancelled[jvm]","","2026-07-31","passed","2026-07-31","","SyncCancelTokenSpec[jvm]","com.georgeci.moneysurfer.sync.api.SyncCancelTokenSpec",""
"","1","a member doc with no status is read as active rather than as a blank[jvm]","","2026-07-31","passed","2026-07-31","","MembershipDtoMapperSpec[jvm]","com.georgeci.moneysurfer.data.sync.MembershipDtoMapperSpec",""
"","3","the release baseline never runs ahead of the schema it is a floor for[jvm]","","2026-07-31","passed","2026-07-31","","DatabaseBuilderSpec[jvm]","com.georgeci.moneysurfer.data.db.DatabaseBuilderSpec",""
"","38","non-member cannot read","","2026-08-02","passed","2026-08-02","","member-gated entities (accounts)","member-gated entities (accounts) non-member cannot read",""
"","7","observe maps rows to domain SyncMeta[jvm]","","2026-07-31","passed","2026-07-31","","SyncMetaRepositoryImplSpec[jvm]","com.georgeci.moneysurfer.sync.internal.repository.SyncMetaRepositoryImplSpec",""
"","28","a member push stamps the invite that admits them[jvm]","","2026-07-31","passed","2026-07-31","","WorkspaceTreeSyncPluginIT[jvm]","com.georgeci.moneysurfer.integration.plugin.WorkspaceTreeSyncPluginIT",""
"","5","cancellation mid-batch completes the pushed prefix and re-queues the rest as cancelled[jvm]","","2026-07-31","passed","2026-07-31","","UploadPendingChangesUseCaseImplSpec[jvm]","com.georgeci.moneysurfer.data.sync.UploadPendingChangesUseCaseImplSpec",""
"","5","a layer that failed to load is carried into state so the panel can say so[jvm]","","2026-08-02","passed","2026-08-02","","DebugConfigViewModelTest[jvm]","com.georgeci.moneysurfer.feature.settings.debug.DebugConfigViewModelTest",""
"","1","the delta counts the oldest day's own transactions[jvm]","","2026-07-31","passed","2026-07-31","","AccountBalanceSeriesTest[jvm]","com.georgeci.moneysurfer.domain.model.AccountBalanceSeriesTest",""
"","65","failed push keeps the mutation pending with bumped attempts and a retry drains it[jvm]","","2026-07-31","passed","2026-07-31","","WorkspaceCreationSyncIntegrationIT[jvm]","com.georgeci.moneysurfer.integration.sync.WorkspaceCreationSyncIntegrationIT",""
"","66","drain pushes every queued mutation through its plugin and empties the outbox[jvm]","","2026-07-31","passed","2026-07-31","","WorkspaceCreationSyncIntegrationIT[jvm]","com.georgeci.moneysurfer.integration.sync.WorkspaceCreationSyncIntegrationIT",""
"","38","day headers are relative for today and yesterday and exact otherwise[jvm]","","2026-08-02","passed","2026-08-02","","TransactionsByAccountPeriodTest[jvm]","com.georgeci.moneysurfer.feature.transaction.list.TransactionsByAccountPeriodTest",""
"","13","a category survives the round trip, appearance and system marker included[jvm]","","2026-07-31","passed","2026-07-31","","WorkspaceScopedDtoMapperSpec[jvm]","com.georgeci.moneysurfer.data.sync.WorkspaceScopedDtoMapperSpec",""
"","31","user cannot create a document under another uid","","2026-08-02","passed","2026-08-02","","users/{uid}","users/{uid} user cannot create a document under another uid",""
"","32","tapping Duplicate asks to open the creation screen for this transaction[jvm]","","2026-08-02","passed","2026-08-02","","TransactionDetailsViewModelTest[jvm]","com.georgeci.moneysurfer.feature.transaction.details.TransactionDetailsViewModelTest",""
"","125","format EUR with German locale[jvm]","","2026-07-31","passed","2026-07-31","","MoneyFormatterTest[jvm]","com.georgeci.moneysurfer.domain.MoneyFormatterTest",""
"","2","WaitingForNetwork title[jvm]","","2026-07-31","passed","2026-07-31","","SyncStepSpec[jvm]","com.georgeci.moneysurfer.sync.api.SyncStepSpec",""
"","16","Month cuts the calendar month containing the day[jvm]","","2026-07-31","passed","2026-07-31","","DashboardPeriodTest[jvm]","com.georgeci.moneysurfer.domain.dashboard.DashboardPeriodTest",""
"","12","the offline build renders as demo-only[jvm]","","2026-08-02","passed","2026-08-02","","SignInViewModelTest[jvm]","com.georgeci.moneysurfer.feature.login.SignInViewModelTest",""
"","5","recalc runs when downloadedCount > 0[jvm]","","2026-07-31","passed","2026-07-31","","SyncCoordinatorImplSpec[jvm]","com.georgeci.moneysurfer.sync.coordinator.SyncCoordinatorImplSpec",""
"","15","awaitNetwork bounded timeout fails with NetworkUnavailable[jvm]","","2026-07-31","passed","2026-07-31","","SyncCoordinatorImplSpec[jvm]","com.georgeci.moneysurfer.sync.coordinator.SyncCoordinatorImplSpec",""
"","26","reorder syncs only the accounts that actually moved[jvm]","","2026-07-31","passed","2026-07-31","","AccountSortOrderIntegrationIT[jvm]","com.georgeci.moneysurfer.integration.repository.AccountSortOrderIntegrationIT",""
"","0","contains is inclusive on both ends[jvm]","","2026-07-31","passed","2026-07-31","","TransactionPeriodWindowTest[jvm]","com.georgeci.moneysurfer.domain.util.TransactionPeriodWindowTest",""
"","3","PullingRemoteChanges title[jvm]","","2026-07-31","passed","2026-07-31","","SyncStepSpec[jvm]","com.georgeci.moneysurfer.sync.api.SyncStepSpec",""
"","16","a corrupt file is replaced instead of failing every read for the life of the install[jvm]","","2026-07-31","passed","2026-07-31","","RemoteConfigMirrorImplJvmTest[jvm]","com.georgeci.moneysurfer.data.config.RemoteConfigMirrorImplJvmTest",""
"","9","no remote calls when no Firebase uid (demo session)[jvm]","","2026-07-31","passed","2026-07-31","","CreateWorkspaceUseCaseTest[jvm]","com.georgeci.moneysurfer.domain.usecase.CreateWorkspaceUseCaseTest",""
"","23","create blocked when clientVersionCode missing","","2026-08-02","passed","2026-08-02","","workspaces/{wid}","workspaces/{wid} create blocked when clientVersionCode missing",""
"","122","a delete writes a tombstone patch stamped with the enqueue time[jvm]","","2026-07-31","passed","2026-07-31","","AccountSyncPluginIT[jvm]","com.georgeci.moneysurfer.integration.plugin.AccountSyncPluginIT",""
"","2","every hour of the day resolves to exactly one greeting[jvm]","","2026-07-31","passed","2026-07-31","","DayPartTest[jvm]","com.georgeci.moneysurfer.domain.model.DayPartTest",""
"","47","authenticated user can read app config","","2026-08-02","passed","2026-08-02","","appConfig/{docId}","appConfig/{docId} authenticated user can read app config",""
"","53","a workspace the device has not pulled yet has no currency to name the numbers in[jvm]","","2026-07-31","passed","2026-07-31","","GetBurnRateUseCaseTest[jvm]","com.georgeci.moneysurfer.domain.usecase.GetBurnRateUseCaseTest",""
"","111","an archived account neither blocks its seed name nor collects any rows[jvm]","","2026-07-31","passed","2026-07-31","","DemoDataBlueprintTest[jvm]","com.georgeci.moneysurfer.domain.debug.DemoDataBlueprintTest",""
"","19","an account without extra details reports an empty list rather than a blank section[jvm]","","2026-08-02","passed","2026-08-02","","AccountDetailsViewModelTest[jvm]","com.georgeci.moneysurfer.feature.account.details.AccountDetailsViewModelTest",""
"","30","adding to a paused goal surfaces the paused error[jvm]","","2026-08-02","passed","2026-08-02","","GoalContributionViewModelTest[jvm]","com.georgeci.moneysurfer.feature.goal.contribution.GoalContributionViewModelTest",""
"","16","exposes id, status, steps, result via the SyncHandle interface[jvm]","","2026-07-31","passed","2026-07-31","","SyncHandleImplSpec[jvm]","com.georgeci.moneysurfer.sync.coordinator.SyncHandleImplSpec",""
"","27","an uncategorized slice keeps its money and leaves the label to the screen[jvm]","","2026-08-02","passed","2026-08-02","","DashboardSpentByCategoryViewModelTest[jvm]","com.georgeci.moneysurfer.feature.dashboard.DashboardSpentByCategoryViewModelTest",""
"","24","accepts a negative contribution amount (a withdrawal)","","2026-08-02","passed","2026-08-02","","savings goals (issue #244)","savings goals (issue #244) accepts a negative contribution amount (a withdrawal)",""
"","4","matches java.util.zip.CRC32 across diverse byte sequences[jvm]","","2026-07-31","passed","2026-07-31","","Crc32JvmTest[jvm]","com.georgeci.moneysurfer.data.backup.Crc32JvmTest",""
"","750","every id: selector in a Maestro flow resolves to a testTag declared in Kotlin[jvm]","","2026-08-02","passed","2026-08-02","","MaestroFlowSelectorTest[jvm]","com.georgeci.moneysurfer.utils.MaestroFlowSelectorTest",""
"","74","the single-account chooser offers the transfer shortcut; the transfer slots exclude each other[jvm]","","2026-08-02","passed","2026-08-02","","TransactionCreationFormTest[jvm]","com.georgeci.moneysurfer.feature.transaction.creation.TransactionCreationFormTest",""
"","1","Cancelled.isRetryable is false[jvm]","","2026-07-31","passed","2026-07-31","","SyncErrorClassifierSpec[jvm]","com.georgeci.moneysurfer.sync.internal.SyncErrorClassifierSpec",""
"","18","save shows a created snackbar carrying the account name[jvm]","","2026-08-02","passed","2026-08-02","","AccountCreationViewModelTest[jvm]","com.georgeci.moneysurfer.feature.account.creation.AccountCreationViewModelTest",""
"","7","an overspent previous window carries nothing — the debt is not doubled[jvm]","","2026-07-31","passed","2026-07-31","","BudgetProgressTest[jvm]","com.georgeci.moneysurfer.domain.model.BudgetProgressTest",""
"","1","no-ops when CreateWorkspaceUseCase has no current user (offline build pre-login)[jvm]","","2026-07-31","passed","2026-07-31","","SeedDefaultsUseCaseTest[jvm]","com.georgeci.moneysurfer.domain.usecase.SeedDefaultsUseCaseTest",""
"","8","an offline workspace that already has an account goes to the dashboard[jvm]","","2026-08-02","passed","2026-08-02","","StartRouteTest[jvm]","com.georgeci.moneysurfer.navigation.StartRouteTest",""
"","0","epochMillis=4611686018427387903[jvm]","","2026-07-31","passed","2026-07-31","","TimeFormatterTest[jvm]","com.georgeci.moneysurfer.data.repository.TimeFormatterTest",""
"","6","a budget whose workspace has no base currency yields nothing to format[jvm]","","2026-07-31","passed","2026-07-31","","SafeToSpendTest[jvm]","com.georgeci.moneysurfer.domain.model.SafeToSpendTest",""
"","37","non-member is blocked from recurringRules","","2026-08-02","passed","2026-08-02","","member-gated entities (smoke for the rest)","member-gated entities (smoke for the rest) non-member is blocked from recurringRules",""
"","3","a half-typed bound reads as the digits so far, and nonsense is ignored[jvm]","","2026-08-02","passed","2026-08-02","","TransactionFilterMatchingTest[jvm]","com.georgeci.moneysurfer.feature.transaction.filter.TransactionFilterMatchingTest",""
"","106","with no budgets the card still draws, pointing at the budgets screen[jvm]","","2026-08-02","passed","2026-08-02","","DashboardScreenStateTest[jvm]","com.georgeci.moneysurfer.ui.DashboardScreenStateTest",""
"","44","rejected payload never replaces the live DB and leaves no temp files[jvm]","","2026-07-31","passed","2026-07-31","","BackupImporterImplJvmTest[jvm]","com.georgeci.moneysurfer.data.backup.BackupImporterImplJvmTest",""
"","1","an ordinary note is not prefixed[jvm]","","2026-07-31","passed","2026-07-31","","TransactionCsvCodecTest[jvm]","com.georgeci.moneysurfer.domain.csv.TransactionCsvCodecTest",""
"","28","emits null while no workspace is selected[jvm]","","2026-07-31","passed","2026-07-31","","GetExchangeRatesUseCaseTest[jvm]","com.georgeci.moneysurfer.domain.usecase.GetExchangeRatesUseCaseTest",""
"","9","a fresh store reports no session[jvm]","","2026-07-31","passed","2026-07-31","","SessionPointersImplJvmTest[jvm]","com.georgeci.moneysurfer.data.preferences.SessionPointersImplJvmTest",""
"","40","the pager stops at the current period but always allows going back[jvm]","","2026-08-02","passed","2026-08-02","","TransactionsByAccountPeriodTest[jvm]","com.georgeci.moneysurfer.feature.transaction.list.TransactionsByAccountPeriodTest",""
"","16","opens on the type of the currently selected category[jvm]","","2026-08-02","passed","2026-08-02","","CategoryChooserViewModelTest[jvm]","com.georgeci.moneysurfer.feature.category.picker.CategoryChooserViewModelTest",""
"","8","the online build never takes the first-run account branch — and never queries accounts[jvm]","","2026-08-02","passed","2026-08-02","","StartRouteTest[jvm]","com.georgeci.moneysurfer.navigation.StartRouteTest",""
"","23","early in the month the comparison is too short to be honest, so it is left off[jvm]","","2026-07-31","passed","2026-07-31","","GetSpentMonthUseCaseTest[jvm]","com.georgeci.moneysurfer.domain.usecase.GetSpentMonthUseCaseTest",""
"","0","AccountsManage[jvm]","","2026-08-02","passed","2026-08-02","","RouteSerializationTest[jvm]","com.georgeci.moneysurfer.navigation.RouteSerializationTest",""
"","2","null message returns null[jvm]","","2026-07-31","passed","2026-07-31","","AuthErrorClassificationTest[jvm]","com.georgeci.moneysurfer.data.repository.AuthErrorClassificationTest",""
"","10","failure on the first mutation fails the whole batch and completes nothing[jvm]","","2026-07-31","passed","2026-07-31","","UploadPendingChangesUseCaseImplSpec[jvm]","com.georgeci.moneysurfer.data.sync.UploadPendingChangesUseCaseImplSpec",""
"","20","cursor returns null for unknown (workspace, collection)[jvm]","","2026-07-31","passed","2026-07-31","","SyncMetaRepositoryImplSpec[jvm]","com.georgeci.moneysurfer.data.sync.SyncMetaRepositoryImplSpec",""
"","1","an error without a throwable only leaves a breadcrumb[jvm]","","2026-07-31","passed","2026-07-31","","CrashReportingLogWriterTest[jvm]","com.georgeci.moneysurfer.domain.telemetry.CrashReportingLogWriterTest",""
"","17","session start drops the overlay the account wipe filled[jvm]","","2026-07-31","passed","2026-07-31","","SyncedSettingsSessionImplJvmTest[jvm]","com.georgeci.moneysurfer.data.config.SyncedSettingsSessionImplJvmTest",""
"","5","a payload whose every quote is unusable maps to an empty table rather than a wrong one[jvm]","","2026-07-31","passed","2026-07-31","","ExchangeRateApiTest[jvm]","com.georgeci.moneysurfer.data.remote.ExchangeRateApiTest",""
"","5","a percentage jump on pocket change is filtered out, the one beside it is not[jvm]","","2026-07-31","passed","2026-07-31","","InsightRulesTest[jvm]","com.georgeci.moneysurfer.domain.insight.InsightRulesTest",""
"","9","each style writes itself out the way the Preferences pill shows it[jvm]","","2026-07-31","passed","2026-07-31","","NumberFormatStyleTest[jvm]","com.georgeci.moneysurfer.domain.preferences.NumberFormatStyleTest",""
"","22","non-owner cannot hard-delete an invite","","2026-08-02","passed","2026-08-02","","invites — update / delete","invites — update / delete non-owner cannot hard-delete an invite",""
"","2122","a phone in portrait stacks the sheet under the hero[jvm]","","2026-08-02","passed","2026-08-02","","SignInResponsiveLayoutTest[jvm]","com.georgeci.moneysurfer.ui.SignInResponsiveLayoutTest",""
"","1","a weekly rule with no weekday keeps the one it started on[jvm]","","2026-07-31","passed","2026-07-31","","UpcomingRecurringTest[jvm]","com.georgeci.moneysurfer.domain.model.UpcomingRecurringTest",""
"","73","a cap typed on a new category creates a monthly budget naming only that category[jvm]","","2026-08-02","passed","2026-08-02","","CategoryCreationViewModelTest[jvm]","com.georgeci.moneysurfer.feature.category.creation.CategoryCreationViewModelTest",""
"","54","an evicted (REMOVED) member can no longer write","","2026-08-02","passed","2026-08-02","","member-gated entities (accounts)","member-gated entities (accounts) an evicted (REMOVED) member can no longer write",""
"","1","the opening balance is what the curve rises from[jvm]","","2026-07-31","passed","2026-07-31","","AccountBalanceSeriesTest[jvm]","com.georgeci.moneysurfer.domain.model.AccountBalanceSeriesTest",""
"","16","save with a blank name is a no-op — the Save button is the only way in[jvm]","","2026-08-02","passed","2026-08-02","","WorkspaceCreationViewModelTest[jvm]","com.georgeci.moneysurfer.feature.workspace.creation.WorkspaceCreationViewModelTest",""
"","296","the clear row reports back to the caller[jvm]","","2026-08-02","passed","2026-08-02","","DebugLogScreenStateTest[jvm]","com.georgeci.moneysurfer.ui.DebugLogScreenStateTest",""
"","26","an upsert for a rule that is already gone writes nothing[jvm]","","2026-07-31","passed","2026-07-31","","BudgetAndRecurringRuleSyncPluginIT[jvm]","com.georgeci.moneysurfer.integration.plugin.BudgetAndRecurringRuleSyncPluginIT",""
"","1","an amount the field cannot parse counts as nothing rather than breaking the arithmetic[jvm]","","2026-08-02","passed","2026-08-02","","TransactionCreationStateTest[jvm]","com.georgeci.moneysurfer.feature.transaction.creation.TransactionCreationStateTest",""
"","7","AllUserData additionally pulls invites from workspaces the user is invited to[jvm]","","2026-07-31","passed","2026-07-31","","PullRemoteChangesUseCaseImplSpec[jvm]","com.georgeci.moneysurfer.data.sync.PullRemoteChangesUseCaseImplSpec",""
"","9","preserves the order the user typed[jvm]","","2026-07-31","passed","2026-07-31","","TransactionTagsTest[jvm]","com.georgeci.moneysurfer.domain.model.TransactionTagsTest",""
"","19","a manual sync is dropped while sync is disabled[jvm]","","2026-08-02","passed","2026-08-02","","SyncViewModelTest[jvm]","com.georgeci.moneysurfer.feature.settings.sync.SyncViewModelTest",""
"","14","an unservable name is still rejected on every refresh, not only the first[jvm]","","2026-07-31","passed","2026-07-31","","RemoteGlobalConfigSourceImplSpec[jvm]","com.georgeci.moneysurfer.appconfig.remote.RemoteGlobalConfigSourceImplSpec",""
"","1","the offline build carries its flag onto the form[jvm]","","2026-08-02","passed","2026-08-02","","WorkspaceCreationViewModelTest[jvm]","com.georgeci.moneysurfer.feature.workspace.creation.WorkspaceCreationViewModelTest",""
"","4","does nothing without a Firebase session[jvm]","","2026-07-31","passed","2026-07-31","","WorkspaceRefRegistrarSpec[jvm]","com.georgeci.moneysurfer.data.sync.WorkspaceRefRegistrarSpec",""
"","4","a full batch of same-timestamp documents terminates the loop rather than re-reading itself[jvm]","","2026-07-31","passed","2026-07-31","","PullRemoteChangesUseCaseImplSpec[jvm]","com.georgeci.moneysurfer.data.sync.PullRemoteChangesUseCaseImplSpec",""
"","2","AllUserData does NOT fall back to the local workspace when the provider is empty[jvm]","","2026-07-31","passed","2026-07-31","","PullRemoteChangesUseCaseImplSpec[jvm]","com.georgeci.moneysurfer.data.sync.PullRemoteChangesUseCaseImplSpec",""
"","22","dismissing the restore confirmation leaves the data alone[jvm]","","2026-08-02","passed","2026-08-02","","BackupViewModelTest[jvm]","com.georgeci.moneysurfer.feature.settings.backup.BackupViewModelTest",""
"","1","re-running the migration is a no-op rather than an error[jvm]","","2026-07-31","passed","2026-07-31","","ConfigEntryMigrationIT[jvm]","com.georgeci.moneysurfer.integration.repository.ConfigEntryMigrationIT",""
"","177","patch fields overlaid on each entity doc decode as a pull-side tombstone[jvm]","","2026-07-31","passed","2026-07-31","","TombstonePatchSpec[jvm]","com.georgeci.moneysurfer.data.sync.plugin.TombstonePatchSpec",""
"","2","every reporting call is a no-op, including the nullable user id[jvm]","","2026-07-31","passed","2026-07-31","","NoOpCrashReporterJvmTest[jvm]","com.georgeci.moneysurfer.data.repository.NoOpCrashReporterJvmTest",""
"","48","invited user CAN self-create when the doc points at their PENDING invite","","2026-08-02","passed","2026-08-02","","workspaces/{wid}/members/{uid}","workspaces/{wid}/members/{uid} invited user CAN self-create when the doc points at their PENDING invite",""
"","5","submitting a valid email with no password reports PasswordRequired[jvm]","","2026-08-02","passed","2026-08-02","","SignInViewModelTest[jvm]","com.georgeci.moneysurfer.feature.login.SignInViewModelTest",""
"","6","TransactionCreation[jvm]","","2026-08-02","passed","2026-08-02","","RouteSerializationTest[jvm]","com.georgeci.moneysurfer.navigation.RouteSerializationTest",""
"","0","an empty all-account summary falls back to USD[jvm]","","2026-08-02","passed","2026-08-02","","TransactionsListMappingTest[jvm]","com.georgeci.moneysurfer.feature.transaction.list.TransactionsListMappingTest",""
"","7","the catalogue is not empty[jvm]","","2026-07-31","passed","2026-07-31","","CurrencyRepositoryImplTest[jvm]","com.georgeci.moneysurfer.data.repository.CurrencyRepositoryImplTest",""
"","16","the name required error appears only after the field was touched and left blank[jvm]","","2026-08-02","passed","2026-08-02","","AccountCreationViewModelTest[jvm]","com.georgeci.moneysurfer.feature.account.creation.AccountCreationViewModelTest",""
"","44","the picked account kind is handed to account creation[jvm]","","2026-08-02","passed","2026-08-02","","OnboardingViewModelTest[jvm]","com.georgeci.moneysurfer.feature.login.onboarding.OnboardingViewModelTest",""
"","26","observe re-resolves when a layer changes[jvm]","","2026-07-31","passed","2026-07-31","","LayeredConfigSpec[jvm]","com.georgeci.moneysurfer.appconfig.LayeredConfigSpec",""
"","8","a default pointing outside workspaceIds is not pinned just because it is the server's choice[jvm]","","2026-07-31","passed","2026-07-31","","PostAuthBootstrapUseCaseTest[jvm]","com.georgeci.moneysurfer.domain.usecase.PostAuthBootstrapUseCaseTest",""
"","27","the baseline window is clamped to a short previous month rather than overflowing it[jvm]","","2026-07-31","passed","2026-07-31","","GetSpentMonthUseCaseTest[jvm]","com.georgeci.moneysurfer.domain.usecase.GetSpentMonthUseCaseTest",""
"","7","the same section pushed from another one has[jvm]","","2026-08-02","passed","2026-08-02","","BackNavigationContentKeysTest[jvm]","com.georgeci.moneysurfer.navigation.util.BackNavigationContentKeysTest",""
"","40","enqueue then pending() returns the row in createdAt order[jvm]","","2026-07-31","passed","2026-07-31","","PendingMutationQueueIntegrationIT[jvm]","com.georgeci.moneysurfer.integration.sync.PendingMutationQueueIntegrationIT",""
"","9","re-currencies accounts still on the previous workspace currency[jvm]","","2026-07-31","passed","2026-07-31","","UpdateWorkspaceCurrencyUseCaseTest[jvm]","com.georgeci.moneysurfer.domain.usecase.UpdateWorkspaceCurrencyUseCaseTest",""
"","48","a rule is pushed to the workspace's recurringRules collection[jvm]","","2026-07-31","passed","2026-07-31","","BudgetAndRecurringRuleSyncPluginIT[jvm]","com.georgeci.moneysurfer.integration.plugin.BudgetAndRecurringRuleSyncPluginIT",""
"","11","every type but income files under the expense side[jvm]","","2026-08-02","passed","2026-08-02","","TransactionCreationMappingTest[jvm]","com.georgeci.moneysurfer.feature.transaction.creation.TransactionCreationMappingTest",""
"","17","picking a category for a line leaves the form's own category alone[jvm]","","2026-08-02","passed","2026-08-02","","TransactionCreationSplitTest[jvm]","com.georgeci.moneysurfer.feature.transaction.creation.TransactionCreationSplitTest",""
"","6","a value written into config_entry by the pull becomes visible to peek[jvm]","","2026-07-31","passed","2026-07-31","","LocalConfigSourceImplJvmTest[jvm]","com.georgeci.moneysurfer.data.config.LocalConfigSourceImplJvmTest",""
"","8","an answered invite keeps its status and the moment it was answered[jvm]","","2026-07-31","passed","2026-07-31","","MembershipDtoMapperSpec[jvm]","com.georgeci.moneysurfer.data.sync.MembershipDtoMapperSpec",""
"","18","unauthenticated user is denied","","2026-08-02","passed","2026-08-02","","workspaces/{wid}/members/{uid}","workspaces/{wid}/members/{uid} unauthenticated user is denied",""
"","19","dark scheme: text tokens clear AA on every surface they land on[jvm]","","2026-08-02","passed","2026-08-02","","ColorContrastTest[jvm]","com.georgeci.moneysurfer.uikit.theme.ColorContrastTest",""
"","29","confirming the guest warning logs out and closes the dialog[jvm]","","2026-08-02","passed","2026-08-02","","SettingsLogoutViewModelTest[jvm]","com.georgeci.moneysurfer.feature.settings.SettingsLogoutViewModelTest",""
"","3","a comma is rewritten in place[jvm]","","2026-08-02","passed","2026-08-02","","AmountInputTransformationTest[jvm]","com.georgeci.moneysurfer.utils.AmountInputTransformationTest",""
"","2096","every registered configuration key name is unique across the whole graph[jvm]","","2026-08-02","passed","2026-08-02","","OnlineConfigGraphTest[jvm]","com.georgeci.moneysurfer.di.OnlineConfigGraphTest",""
"","8","trailingMonths ends at the anchor and runs oldest first[jvm]","","2026-07-31","passed","2026-07-31","","CategorySpendHistoryTest[jvm]","com.georgeci.moneysurfer.domain.model.CategorySpendHistoryTest",""
"","1","WorkspaceManage[jvm]","","2026-08-02","passed","2026-08-02","","RouteSerializationTest[jvm]","com.georgeci.moneysurfer.navigation.RouteSerializationTest",""
"","13","OnRestoreAccountClick moves an archived account back to active[jvm]","","2026-08-02","passed","2026-08-02","","AccountsManageViewModelTest[jvm]","com.georgeci.moneysurfer.feature.account.manage.AccountsManageViewModelTest",""
"","106","the budgets widget draws a row per budget, with its status and what is left[jvm]","","2026-08-02","passed","2026-08-02","","DashboardScreenStateTest[jvm]","com.georgeci.moneysurfer.ui.DashboardScreenStateTest",""
"","1","previousWindow is the window immediately before the given one[jvm]","","2026-07-31","passed","2026-07-31","","BudgetPeriodWindowTest[jvm]","com.georgeci.moneysurfer.domain.util.BudgetPeriodWindowTest",""
"","30","editing saves the changed icon, colour and parent back onto the existing category[jvm]","","2026-08-02","passed","2026-08-02","","CategoryCreationViewModelTest[jvm]","com.georgeci.moneysurfer.feature.category.creation.CategoryCreationViewModelTest",""
"","19","deleting an id that names no row enqueues nothing[jvm]","","2026-07-31","passed","2026-07-31","","TransactionTombstoneSyncIntegrationIT[jvm]","com.georgeci.moneysurfer.integration.sync.TransactionTombstoneSyncIntegrationIT",""
"","109","UploadOnly scope pulls nothing[jvm]","","2026-07-31","passed","2026-07-31","","PullRemoteChangesUseCaseImplSpec[jvm]","com.georgeci.moneysurfer.data.sync.PullRemoteChangesUseCaseImplSpec",""
"","46","invitee can accept even if parent workspace doc is missing on Firestore","","2026-08-02","passed","2026-08-02","","invites — update / delete","invites — update / delete invitee can accept even if parent workspace doc is missing on Firestore",""
"","0","SettingsBackup[jvm]","","2026-08-02","passed","2026-08-02","","RouteSerializationTest[jvm]","com.georgeci.moneysurfer.navigation.RouteSerializationTest",""
"","50","member can tombstone in transactions","","2026-08-02","passed","2026-08-02","","tombstone update shape (push-side soft delete)","tombstone update shape (push-side soft delete) member can tombstone in transactions",""
"","23","a customised layout survives a round trip[jvm]","","2026-07-31","passed","2026-07-31","","DashboardLayoutCodecTest[jvm]","com.georgeci.moneysurfer.data.preferences.DashboardLayoutCodecTest",""
"","2","consolidated invalid-login-credentials classifies as InvalidCredentials[jvm]","","2026-07-31","passed","2026-07-31","","AuthErrorClassificationTest[jvm]","com.georgeci.moneysurfer.data.repository.AuthErrorClassificationTest",""
"","14","offline build advances to the first-account step before finishing[jvm]","","2026-08-02","passed","2026-08-02","","OnboardingViewModelTest[jvm]","com.georgeci.moneysurfer.feature.login.onboarding.OnboardingViewModelTest",""
"","59","a slice with no category is named on the screen, not left blank[jvm]","","2026-08-02","passed","2026-08-02","","DashboardScreenStateTest[jvm]","com.georgeci.moneysurfer.ui.DashboardScreenStateTest",""
"","11","offline build hides the extra details section[jvm]","","2026-08-02","passed","2026-08-02","","AccountCreationViewModelTest[jvm]","com.georgeci.moneysurfer.feature.account.creation.AccountCreationViewModelTest",""
"","17","dismissing the delete confirmation leaves the transaction alone[jvm]","","2026-08-02","passed","2026-08-02","","TransactionCreationEditTest[jvm]","com.georgeci.moneysurfer.feature.transaction.creation.TransactionCreationEditTest",""
"","12","more tags than MAX_TAGS are capped at the storage boundary[jvm]","","2026-07-31","passed","2026-07-31","","TransactionDetailFieldsIntegrationIT[jvm]","com.georgeci.moneysurfer.integration.repository.TransactionDetailFieldsIntegrationIT",""
"","31","a tombstone for a document that never reached the server is skipped[jvm]","","2026-07-31","passed","2026-07-31","","AccountSyncPluginIT[jvm]","com.georgeci.moneysurfer.integration.plugin.AccountSyncPluginIT",""
"","4","the temp file used for the atomic rename is not left behind[jvm]","","2026-07-31","passed","2026-07-31","","DesktopFirebasePlatformJvmTest[jvm]","com.georgeci.moneysurfer.data.remote.DesktopFirebasePlatformJvmTest",""
"","74","getting the phantom workspace is DENIED, not an empty snapshot","","2026-08-02","passed","2026-08-02","","dangling users/{uid}.workspaceIds refs","dangling users/{uid}.workspaceIds refs getting the phantom workspace is DENIED, not an empty snapshot",""
"","1","two budgets with the same limit resolve the same way every time[jvm]","","2026-07-31","passed","2026-07-31","","SafeToSpendTest[jvm]","com.georgeci.moneysurfer.domain.model.SafeToSpendTest",""
"","237","save creates an expense category in the current workspace and trims the name[jvm]","","2026-08-02","passed","2026-08-02","","CategoryCreationViewModelTest[jvm]","com.georgeci.moneysurfer.feature.category.creation.CategoryCreationViewModelTest",""
"","14","rows referencing unknown workspace account or category are reported per row[jvm]","","2026-07-31","passed","2026-07-31","","ImportTransactionsValidationTest[jvm]","com.georgeci.moneysurfer.domain.csv.ImportTransactionsValidationTest",""
"","7","a transfer needs two different accounts and drops the category requirement[jvm]","","2026-08-02","passed","2026-08-02","","TransactionCreationStateTest[jvm]","com.georgeci.moneysurfer.feature.transaction.creation.TransactionCreationStateTest",""
"","119","a list pane the drawer reset to draws no back arrow either[jvm]","","2026-08-02","passed","2026-08-02","","SurferPaneScaffoldTest[jvm]","com.georgeci.moneysurfer.ui.SurferPaneScaffoldTest",""
"","1","blank id is rejected as invalid id[jvm]","","2026-07-31","passed","2026-07-31","","TransactionCsvCodecTest[jvm]","com.georgeci.moneysurfer.domain.csv.TransactionCsvCodecTest",""
"","1","GoalContribution[jvm]","","2026-08-02","passed","2026-08-02","","RouteSerializationTest[jvm]","com.georgeci.moneysurfer.navigation.RouteSerializationTest",""
"","121","one collection of the store serves every observer[jvm]","","2026-07-31","passed","2026-07-31","","PreferencesMirrorJvmTest[jvm]","com.georgeci.moneysurfer.data.config.PreferencesMirrorJvmTest",""
"","4","OnDeleteCancel clears pending without deleting[jvm]","","2026-08-02","passed","2026-08-02","","CategoriesManageViewModelTest[jvm]","com.georgeci.moneysurfer.feature.category.manage.CategoriesManageViewModelTest",""
"","7","fresh repository starts empty[jvm]","","2026-07-31","passed","2026-07-31","","SyncMetaRepositoryImplSpec[jvm]","com.georgeci.moneysurfer.data.sync.SyncMetaRepositoryImplSpec",""
"","17","offline finish seeds the workspace before handing off to account creation[jvm]","","2026-08-02","passed","2026-08-02","","OnboardingViewModelTest[jvm]","com.georgeci.moneysurfer.feature.login.onboarding.OnboardingViewModelTest",""
"","11","values are stored under the bare key name — the file is dedicated, nothing to namespace against[jvm]","","2026-07-31","passed","2026-07-31","","DebugConfigSourceImplJvmTest[jvm]","com.georgeci.moneysurfer.data.config.DebugConfigSourceImplJvmTest",""
"","26","online finish does not touch the first-run seed[jvm]","","2026-08-02","passed","2026-08-02","","OnboardingViewModelTest[jvm]","com.georgeci.moneysurfer.feature.login.onboarding.OnboardingViewModelTest",""
"","32","a transfer into the account the money leaves is not a transfer[jvm]","","2026-08-02","passed","2026-08-02","","TransactionCreationSaveGuardsTest[jvm]","com.georgeci.moneysurfer.feature.transaction.creation.TransactionCreationSaveGuardsTest",""
"","0","CategoriesManage[jvm]","","2026-08-02","passed","2026-08-02","","RouteSerializationTest[jvm]","com.georgeci.moneysurfer.navigation.RouteSerializationTest",""
"","22","saving a split writes one leg per line, sharing a split id[jvm]","","2026-08-02","passed","2026-08-02","","TransactionCreationSplitTest[jvm]","com.georgeci.moneysurfer.feature.transaction.creation.TransactionCreationSplitTest",""
"","335","every spent-by-category variant draws its rows rather than any of them measuring to nothing[jvm]","","2026-08-02","passed","2026-08-02","","DashboardScreenStateTest[jvm]","com.georgeci.moneysurfer.ui.DashboardScreenStateTest",""
"","1","reason mapping for BACKGROUND is Bounded(5m)[jvm]","","2026-07-31","passed","2026-07-31","","NetworkWaitModeSpec[jvm]","com.georgeci.moneysurfer.sync.network.NetworkWaitModeSpec",""
"","1","AccountTransactionCreation[jvm]","","2026-08-02","passed","2026-08-02","","RouteSerializationTest[jvm]","com.georgeci.moneysurfer.navigation.RouteSerializationTest",""
"","6","encode normalizes, so blanks and duplicates never reach the column[jvm]","","2026-07-31","passed","2026-07-31","","AccountExtraDetailsColumnTest[jvm]","com.georgeci.moneysurfer.data.db.entity.AccountExtraDetailsColumnTest",""
"","15","a failed write leaves the held value in place rather than dropping to the default[jvm]","","2026-07-31","passed","2026-07-31","","LayeredConfigSpec[jvm]","com.georgeci.moneysurfer.appconfig.LayeredConfigSpec",""
"","33","non-member cannot read the roster","","2026-08-02","passed","2026-08-02","","workspaces/{wid}/members/{uid}","workspaces/{wid}/members/{uid} non-member cannot read the roster",""
"","696","the two shortcuts ask for the plain form and the transfer form respectively[jvm]","","2026-08-02","passed","2026-08-02","","DashboardScreenStateTest[jvm]","com.georgeci.moneysurfer.ui.DashboardScreenStateTest",""
"","41","the outbox is truncated only when the queue held more rows than the screen shows[jvm]","","2026-08-02","passed","2026-08-02","","SyncViewModelTest[jvm]","com.georgeci.moneysurfer.feature.settings.sync.SyncViewModelTest",""
"","23","applyDelta updates balance without touching currency[jvm]","","2026-07-31","passed","2026-07-31","","AccountCreationIntegrationIT[jvm]","com.georgeci.moneysurfer.integration.repository.AccountCreationIntegrationIT",""
"","194","an error replaces the helper text under the same field[jvm]","","2026-08-02","passed","2026-08-02","","SurferFormFieldTest[jvm]","com.georgeci.moneysurfer.ui.SurferFormFieldTest",""
"","789","picking a width reports the span alone, leaving the card style to its own picker[jvm]","","2026-08-02","passed","2026-08-02","","DashboardCustomizeScreenStateTest[jvm]","com.georgeci.moneysurfer.ui.DashboardCustomizeScreenStateTest",""
"","2","note with commas quotes and newlines survives a full CSV round-trip[jvm]","","2026-07-31","passed","2026-07-31","","TransactionCsvCodecTest[jvm]","com.georgeci.moneysurfer.domain.csv.TransactionCsvCodecTest",""
"","12","existing user with null defaultWorkspaceId falls back to the first workspace[jvm]","","2026-07-31","passed","2026-07-31","","PostAuthBootstrapUseCaseTest[jvm]","com.georgeci.moneysurfer.domain.usecase.PostAuthBootstrapUseCaseTest",""
"","690","every hero variant renders — queued and running also drive the live section[jvm]","","2026-08-02","passed","2026-08-02","","SyncScreenStateTest[jvm]","com.georgeci.moneysurfer.ui.SyncScreenStateTest",""
"","21","stranger cannot hard-delete the workspace doc","","2026-08-02","passed","2026-08-02","","workspaces/{wid}","workspaces/{wid} stranger cannot hard-delete the workspace doc",""
"","1","default constraints disable network/charging gates and require non-low battery[jvm]","","2026-07-31","passed","2026-07-31","","SyncConstraintsSpec[jvm]","com.georgeci.moneysurfer.sync.scheduler.SyncConstraintsSpec",""
"","2","markAttempt only updates the attempt column[jvm]","","2026-07-31","passed","2026-07-31","","SyncMetaRepositoryImplSpec[jvm]","com.georgeci.moneysurfer.sync.internal.repository.SyncMetaRepositoryImplSpec",""
"","23","a workspace with no account has nothing to save against[jvm]","","2026-08-02","passed","2026-08-02","","TransactionCreationSaveGuardsTest[jvm]","com.georgeci.moneysurfer.feature.transaction.creation.TransactionCreationSaveGuardsTest",""
"","83","paging forward is allowed once there is a period to page into[jvm]","","2026-08-02","passed","2026-08-02","","InsightsViewModelTest[jvm]","com.georgeci.moneysurfer.feature.insights.InsightsViewModelTest",""
"","2","a touched blank name shows the required error[jvm]","","2026-08-02","passed","2026-08-02","","AccountCreationStateTest[jvm]","com.georgeci.moneysurfer.feature.account.creation.AccountCreationStateTest",""
"","4","shutdown cancels coordinator first, then scheduler[jvm]","","2026-07-31","passed","2026-07-31","","SessionShutdownGateImplSpec[jvm]","com.georgeci.moneysurfer.sync.internal.SessionShutdownGateImplSpec",""
"","4","progress is reported per document with collection name and position[jvm]","","2026-07-31","passed","2026-07-31","","PullRemoteChangesUseCaseImplSpec[jvm]","com.georgeci.moneysurfer.data.sync.PullRemoteChangesUseCaseImplSpec",""
"","2","a padded day name from a remote doc is trimmed rather than dropped[jvm]","","2026-07-31","passed","2026-07-31","","RecurringRuleDtoMapperSpec[jvm]","com.georgeci.moneysurfer.data.sync.RecurringRuleDtoMapperSpec",""
"","25","a write on a store whose read side has died still lands and clears the degraded flag[jvm]","","2026-07-31","passed","2026-07-31","","PreferencesMirrorJvmTest[jvm]","com.georgeci.moneysurfer.data.config.PreferencesMirrorJvmTest",""
"","8","the period total is compared whichever way it moved[jvm]","","2026-07-31","passed","2026-07-31","","InsightRulesTest[jvm]","com.georgeci.moneysurfer.domain.insight.InsightRulesTest",""
"","198","turning the split editor on is one row's job[jvm]","","2026-08-02","passed","2026-08-02","","TransactionCreationScreenStateTest[jvm]","com.georgeci.moneysurfer.ui.TransactionCreationScreenStateTest",""
"","43","a workspace the device has not pulled yet has no currency the query could filter on[jvm]","","2026-07-31","passed","2026-07-31","","GetMonthlyNetHistoryUseCaseTest[jvm]","com.georgeci.moneysurfer.domain.usecase.GetMonthlyNetHistoryUseCaseTest",""
"","6","a month with nothing booked is a real zero, not a missing figure[jvm]","","2026-07-31","passed","2026-07-31","","GetSpentMonthUseCaseTest[jvm]","com.georgeci.moneysurfer.domain.usecase.GetSpentMonthUseCaseTest",""
"","0","cancelAll is callable[jvm]","","2026-07-31","passed","2026-07-31","","BackgroundSyncSchedulerSpec[jvm]","com.georgeci.moneysurfer.sync.scheduler.BackgroundSyncSchedulerSpec",""
"","18","empty invalid zero and negative caps mean no category cap[jvm]","","2026-08-02","passed","2026-08-02","","CategoryCreationStateTest[jvm]","com.georgeci.moneysurfer.feature.category.creation.CategoryCreationStateTest",""
"","114","all time drops the date bounds but stays paged[jvm]","","2026-08-02","passed","2026-08-02","","TransactionsByAccountPeriodTest[jvm]","com.georgeci.moneysurfer.feature.transaction.list.TransactionsByAccountPeriodTest",""
"","646","the grid-width section offers every span, on the one the widget already has[jvm]","","2026-08-02","passed","2026-08-02","","DashboardCustomizeScreenStateTest[jvm]","com.georgeci.moneysurfer.ui.DashboardCustomizeScreenStateTest",""
"","4","a dashboard period and a transactions list on the same mode cut the same dates[jvm]","","2026-07-31","passed","2026-07-31","","DashboardPeriodTest[jvm]","com.georgeci.moneysurfer.domain.dashboard.DashboardPeriodTest",""
"","2","a re-emission from sync keeps the type, query and expansion the user chose[jvm]","","2026-08-02","passed","2026-08-02","","CategoryChooserViewModelTest[jvm]","com.georgeci.moneysurfer.feature.category.picker.CategoryChooserViewModelTest",""
"","57","member can create + read in categories","","2026-08-02","passed","2026-08-02","","member-gated entities (smoke for the rest)","member-gated entities (smoke for the rest) member can create + read in categories",""
"","10","an engine assembled without an overlay behaves as it did before[jvm]","","2026-07-31","passed","2026-07-31","","LayeredConfigSpec[jvm]","com.georgeci.moneysurfer.appconfig.LayeredConfigSpec",""
"","7","a non-permission failure aborts and surfaces RemoteDataCleanupFailed[jvm]","","2026-07-31","passed","2026-07-31","","UserAccountDeletionRepositoryImplTest[jvm]","com.georgeci.moneysurfer.data.repository.UserAccountDeletionRepositoryImplTest",""
"","15","an insert is paired with an INSERT outbox entry scoped to the workspace[jvm]","","2026-07-31","passed","2026-07-31","","GoalContributionRepositoryImplJvmTest[jvm]","com.georgeci.moneysurfer.data.repository.GoalContributionRepositoryImplJvmTest",""
"","3","BudgetDetails[jvm]","","2026-08-02","passed","2026-08-02","","RouteSerializationTest[jvm]","com.georgeci.moneysurfer.navigation.RouteSerializationTest",""
"","2","clearing the field is always allowed[jvm]","","2026-08-02","passed","2026-08-02","","AmountInputTransformationTest[jvm]","com.georgeci.moneysurfer.utils.AmountInputTransformationTest",""
"","1","collapsed tree parents hide children but retain the complete child count[jvm]","","2026-08-02","passed","2026-08-02","","CategoryPickerRowsTest[jvm]","com.georgeci.moneysurfer.feature.category.picker.CategoryPickerRowsTest",""
"","4","a preferred period never promotes a category budget over a general one[jvm]","","2026-07-31","passed","2026-07-31","","SafeToSpendTest[jvm]","com.georgeci.moneysurfer.domain.model.SafeToSpendTest",""
"","44","deleting a goal enqueues a delete for the goal AND each cascaded contribution[jvm]","","2026-07-31","passed","2026-07-31","","GoalRepositoryDualWriteSpec[jvm]","com.georgeci.moneysurfer.data.repository.GoalRepositoryDualWriteSpec",""
"","1","a user id with no matching row still falls back to the email[jvm]","","2026-08-02","passed","2026-08-02","","ShellIdentityTest[jvm]","com.georgeci.moneysurfer.navigation.ShellIdentityTest",""
"","190","a section caption is rendered uppercase[jvm]","","2026-08-02","passed","2026-08-02","","SurferNavigationDrawerTest[jvm]","com.georgeci.moneysurfer.ui.SurferNavigationDrawerTest",""
"","73","deleting a split takes every leg out of the group lookup and the leg count[jvm]","","2026-07-31","passed","2026-07-31","","TransactionSoftDeleteIntegrationIT[jvm]","com.georgeci.moneysurfer.integration.repository.TransactionSoftDeleteIntegrationIT",""
"","9","editing mode is derived from the account id for loading and content states[jvm]","","2026-08-02","passed","2026-08-02","","AccountCreationStateTest[jvm]","com.georgeci.moneysurfer.feature.account.creation.AccountCreationStateTest",""
"","17","a local apply failure still aborts the pull[jvm]","","2026-07-31","passed","2026-07-31","","PullRemoteChangesUseCaseImplSpec[jvm]","com.georgeci.moneysurfer.data.sync.PullRemoteChangesUseCaseImplSpec",""
"","4","a scopeless row still dedupes against another scopeless row[jvm]","","2026-07-31","passed","2026-07-31","","PendingMutationQueueIntegrationIT[jvm]","com.georgeci.moneysurfer.integration.sync.PendingMutationQueueIntegrationIT",""
"","655","a well-formed response becomes the domain table[jvm]","","2026-07-31","passed","2026-07-31","","HttpExchangeRateRemoteSourceJvmTest[jvm]","com.georgeci.moneysurfer.data.remote.HttpExchangeRateRemoteSourceJvmTest",""
"","104","a remote push failure keeps the user on the form with a retryable error[jvm]","","2026-08-02","passed","2026-08-02","","WorkspaceCreationViewModelTest[jvm]","com.georgeci.moneysurfer.feature.workspace.creation.WorkspaceCreationViewModelTest",""
"","2","the icon and hue catalogues are the same length, so a slot always resolves both[jvm]","","2026-07-31","passed","2026-07-31","","CategoryAppearanceTest[jvm]","com.georgeci.moneysurfer.domain.model.CategoryAppearanceTest",""
"","77","a goal is pushed to the workspace's goals collection[jvm]","","2026-07-31","passed","2026-07-31","","GoalSyncPluginIT[jvm]","com.georgeci.moneysurfer.integration.plugin.GoalSyncPluginIT",""
"","22","OnTransactionClick opens the transaction it was raised for[jvm]","","2026-08-02","passed","2026-08-02","","CategoryDetailsViewModelTest[jvm]","com.georgeci.moneysurfer.feature.category.details.CategoryDetailsViewModelTest",""
"","0","Dashboard[jvm]","","2026-08-02","passed","2026-08-02","","RouteSerializationTest[jvm]","com.georgeci.moneysurfer.navigation.RouteSerializationTest",""
"","29","a 411 dp phone window at 2x density reports Compact[jvm]","","2026-08-02","passed","2026-08-02","","SurferWindowSizeCompositionTest[jvm]","com.georgeci.moneysurfer.ui.SurferWindowSizeCompositionTest",""
"","45","a tombstone deletes the account and its transactions[jvm]","","2026-07-31","passed","2026-07-31","","AccountSyncPluginIT[jvm]","com.georgeci.moneysurfer.integration.plugin.AccountSyncPluginIT",""
"","4","preserves the repository's newest-first order[jvm]","","2026-07-31","passed","2026-07-31","","GetBudgetTransactionsUseCaseTest[jvm]","com.georgeci.moneysurfer.domain.usecase.GetBudgetTransactionsUseCaseTest",""
"","66","the quick-actions Transfer button asks for the transfer form, not the plain creation one[jvm]","","2026-08-02","passed","2026-08-02","","DashboardViewModelTest[jvm]","com.georgeci.moneysurfer.feature.dashboard.DashboardViewModelTest",""
"","185","a widget with no variants gets a size-only sheet[jvm]","","2026-08-02","passed","2026-08-02","","DashboardCustomizeScreenStateTest[jvm]","com.georgeci.moneysurfer.ui.DashboardCustomizeScreenStateTest",""
"","123","a failing first-run seed is logged and the route decision still happens[jvm]","","2026-08-02","passed","2026-08-02","","AppLaunchViewModelTest[jvm]","com.georgeci.moneysurfer.navigation.AppLaunchViewModelTest",""
"","52","the launch decision is cleared once the host has applied it[jvm]","","2026-08-02","passed","2026-08-02","","AppLaunchViewModelTest[jvm]","com.georgeci.moneysurfer.navigation.AppLaunchViewModelTest",""
"","1","the dashboard layout stays device-scoped — a phone layout is wrong on a tablet[jvm]","","2026-07-31","passed","2026-07-31","","ConfigKeyScopeTest[jvm]","com.georgeci.moneysurfer.data.config.ConfigKeyScopeTest",""
"","10","writer + reader round-trip preserves entry names and bytes[jvm]","","2026-07-31","passed","2026-07-31","","ZipStoredCodecTest[jvm]","com.georgeci.moneysurfer.data.backup.ZipStoredCodecTest",""
"","71","a compact budgets card keeps only the most pressing budget[jvm]","","2026-08-02","passed","2026-08-02","","DashboardScreenStateTest[jvm]","com.georgeci.moneysurfer.ui.DashboardScreenStateTest",""
"","82","the demo user's local rows are gone, but the signed-in user's row is not[jvm]","","2026-07-31","passed","2026-07-31","","DemoSessionHandoffIntegrationIT[jvm]","com.georgeci.moneysurfer.integration.repository.DemoSessionHandoffIntegrationIT",""
"","109","a stored contribution reads back with every field intact[jvm]","","2026-07-31","passed","2026-07-31","","GoalContributionRepositoryImplJvmTest[jvm]","com.georgeci.moneysurfer.data.repository.GoalContributionRepositoryImplJvmTest",""
"","12","income contributes +amount on its account[jvm]","","2026-07-31","passed","2026-07-31","","BalanceImpactTest[jvm]","com.georgeci.moneysurfer.domain.model.BalanceImpactTest",""
"","39","owner can remove entries from their own invitedWorkspaceIds","","2026-08-02","passed","2026-08-02","","users/{uid} — invitedWorkspaceIds cross-user append","users/{uid} — invitedWorkspaceIds cross-user append owner can remove entries from their own invitedWorkspaceIds",""
"","4","rows are mirrored into state as the inspector re-resolves them[jvm]","","2026-08-02","passed","2026-08-02","","DebugConfigViewModelTest[jvm]","com.georgeci.moneysurfer.feature.settings.debug.DebugConfigViewModelTest",""
"","16","a refresh a day later fetches again[jvm]","","2026-07-31","passed","2026-07-31","","ExchangeRateRepositoryImplJvmTest[jvm]","com.georgeci.moneysurfer.data.repository.ExchangeRateRepositoryImplJvmTest",""
"","69","live coordinator state and the last outcome both reach the screen[jvm]","","2026-08-02","passed","2026-08-02","","SyncViewModelTest[jvm]","com.georgeci.moneysurfer.feature.settings.sync.SyncViewModelTest",""
"","23","member cannot tombstone another member's row","","2026-08-02","passed","2026-08-02","","tombstone update shape (push-side soft delete)","tombstone update shape (push-side soft delete) member cannot tombstone another member's row",""
"","43","an undecodable stored value is absent-in-that-layer, so resolution continues downwards[jvm]","","2026-07-31","passed","2026-07-31","","LayeredConfigSpec[jvm]","com.georgeci.moneysurfer.appconfig.LayeredConfigSpec",""
"","5","emulator runs follow FIREBASE_PROJECT_ID so they track the booted emulator[jvm]","","2026-07-31","passed","2026-07-31","","DesktopFirebaseOptionsJvmTest[jvm]","com.georgeci.moneysurfer.data.remote.DesktopFirebaseOptionsJvmTest",""
"","26","a second Undo is a no-op rather than a second refund[jvm]","","2026-07-31","passed","2026-07-31","","TransactionSoftDeleteIntegrationIT[jvm]","com.georgeci.moneysurfer.integration.repository.TransactionSoftDeleteIntegrationIT",""
"","74","offline build layer declares every host key[jvm]","","2026-08-02","passed","2026-08-02","","OfflineConfigGraphTest[jvm]","com.georgeci.moneysurfer.offline.di.OfflineConfigGraphTest",""
"","1","mergeScope picks widest — AllUserData dominates[jvm]","","2026-07-31","passed","2026-07-31","","SyncScopeSpec[jvm]","com.georgeci.moneysurfer.sync.api.SyncScopeSpec",""
"","21","rejects a non-string value","","2026-08-02","passed","2026-08-02","","users/{uid}/config/{key}","users/{uid}/config/{key} rejects a non-string value",""
"","21","user cannot squat on someone else's email key (mapping to own uid)","","2026-08-02","passed","2026-08-02","","userEmails/{email}","userEmails/{email} user cannot squat on someone else's email key (mapping to own uid)",""
"","4","extra fields stop being addable at the storage limit[jvm]","","2026-08-02","passed","2026-08-02","","AccountCreationStateTest[jvm]","com.georgeci.moneysurfer.feature.account.creation.AccountCreationStateTest",""
"","41","a single-category budget reaches the row it caps as a formatted limit and a status[jvm]","","2026-08-02","passed","2026-08-02","","DashboardSpentByCategoryViewModelTest[jvm]","com.georgeci.moneysurfer.feature.dashboard.DashboardSpentByCategoryViewModelTest",""
"","126","a slice with no category is named rather than left blank[jvm]","","2026-08-02","passed","2026-08-02","","DashboardInsightsScreenTest[jvm]","com.georgeci.moneysurfer.ui.DashboardInsightsScreenTest",""
"","20","sync being switched off reads as success, not as a sync failure[jvm]","","2026-08-02","passed","2026-08-02","","WorkspaceCreationViewModelTest[jvm]","com.georgeci.moneysurfer.feature.workspace.creation.WorkspaceCreationViewModelTest",""
"","0","'999999.99' -> '999999.99'[jvm]","","2026-08-02","passed","2026-08-02","","AmountInputTransformationTest[jvm]","com.georgeci.moneysurfer.utils.AmountInputTransformationTest",""
"","7","a lookup normalizes the address the same way the write did[jvm]","","2026-07-31","passed","2026-07-31","","UserRemoteRepositoryImplTest[jvm]","com.georgeci.moneysurfer.data.repository.UserRemoteRepositoryImplTest",""
"","35","a filter that matches one leg shows that leg, not the receipt[jvm]","","2026-08-02","passed","2026-08-02","","TransactionsListSplitTest[jvm]","com.georgeci.moneysurfer.feature.transaction.list.TransactionsListSplitTest",""
"","17","with nothing stored the key default wins and no layer is named[jvm]","","2026-07-31","passed","2026-07-31","","LayeredConfigSpec[jvm]","com.georgeci.moneysurfer.appconfig.LayeredConfigSpec",""
"","15","save keeps a negative opening balance for a credit (card) account[jvm]","","2026-08-02","passed","2026-08-02","","AccountCreationViewModelTest[jvm]","com.georgeci.moneysurfer.feature.account.creation.AccountCreationViewModelTest",""
"","0","scheduleOneShot uses default constraints when none supplied[jvm]","","2026-07-31","passed","2026-07-31","","BackgroundSyncSchedulerSpec[jvm]","com.georgeci.moneysurfer.sync.scheduler.BackgroundSyncSchedulerSpec",""
"","90","export writes manifest first followed by main DB and DataStore entries[jvm]","","2026-07-31","passed","2026-07-31","","BackupExporterImplJvmTest[jvm]","com.georgeci.moneysurfer.data.backup.BackupExporterImplJvmTest",""
"","149","an inline panel beside the two panes adds no chrome of its own[jvm]","","2026-08-02","passed","2026-08-02","","SurferPaneChromeTest[jvm]","com.georgeci.moneysurfer.ui.SurferPaneChromeTest",""
"","4","times that overflows Long throws instead of wrapping[jvm]","","2026-07-31","passed","2026-07-31","","MoneyTest[jvm]","com.georgeci.moneysurfer.domain.primitives.MoneyTest",""
"","330","at expanded width the default layout's first band is a hero beside the shortcuts[jvm]","","2026-08-02","passed","2026-08-02","","DashboardGridScreenTest[jvm]","com.georgeci.moneysurfer.ui.DashboardGridScreenTest",""
"","1355","duplicating prefills the fields but saves a brand-new transaction[jvm]","","2026-08-02","passed","2026-08-02","","TransactionCreationEditTest[jvm]","com.georgeci.moneysurfer.feature.transaction.creation.TransactionCreationEditTest",""
"","40","a transfer leg resolves the counterpart account and leaves the amount unsigned[jvm]","","2026-08-02","passed","2026-08-02","","TransactionDetailsViewModelTest[jvm]","com.georgeci.moneysurfer.feature.transaction.details.TransactionDetailsViewModelTest",""
"","4","rejects when no current user[jvm]","","2026-07-31","passed","2026-07-31","","SendInviteUseCaseTest[jvm]","com.georgeci.moneysurfer.domain.usecase.SendInviteUseCaseTest",""
"","6","release builds mute everything below Warn[jvm]","","2026-07-31","passed","2026-07-31","","LoggingConfigTest[jvm]","com.georgeci.moneysurfer.domain.logging.LoggingConfigTest",""
"","35","accepts a transaction with merchant, tags and recurringRuleId","","2026-08-02","passed","2026-08-02","","entity write-shape validation (issue #156)","entity write-shape validation (issue #156) accepts a transaction with merchant, tags and recurringRuleId",""
"","84","an undecodable document is skipped rather than taking the pull down[jvm]","","2026-07-31","passed","2026-07-31","","AccountSyncPluginIT[jvm]","com.georgeci.moneysurfer.integration.plugin.AccountSyncPluginIT",""
"","19","both streams see the stored rules[jvm]","","2026-07-31","passed","2026-07-31","","RecurringRuleRepositoryImplJvmTest[jvm]","com.georgeci.moneysurfer.data.repository.RecurringRuleRepositoryImplJvmTest",""
"","9","enqueueDelete writes DELETE mutation[jvm]","","2026-07-31","passed","2026-07-31","","OutboxEnqueuerSpec[jvm]","com.georgeci.moneysurfer.data.sync.OutboxEnqueuerSpec",""
"","49","withdrawing more than the goal holds surfaces the below-zero error[jvm]","","2026-08-02","passed","2026-08-02","","GoalContributionViewModelTest[jvm]","com.georgeci.moneysurfer.feature.goal.contribution.GoalContributionViewModelTest",""
"","4","an empty quote set is refused[jvm]","","2026-07-31","passed","2026-07-31","","ExchangeRateApiTest[jvm]","com.georgeci.moneysurfer.data.remote.ExchangeRateApiTest",""
"","1","the space-grouped style uses a non-breaking space[jvm]","","2026-07-31","passed","2026-07-31","","NumberFormatStyleTest[jvm]","com.georgeci.moneysurfer.domain.preferences.NumberFormatStyleTest",""
"","2","a goal contribution defaults to adding money[jvm]","","2026-08-02","passed","2026-08-02","","RouteSerializationTest[jvm]","com.georgeci.moneysurfer.navigation.RouteSerializationTest",""
"","51","an accepted override reaches the inspector and posts no message[jvm]","","2026-08-02","passed","2026-08-02","","DebugConfigViewModelTest[jvm]","com.georgeci.moneysurfer.feature.settings.debug.DebugConfigViewModelTest",""
"","2","anonymous user goes straight to the confirmation dialog[jvm]","","2026-08-02","passed","2026-08-02","","DeleteUserAccountViewModelTest[jvm]","com.georgeci.moneysurfer.feature.settings.account.DeleteUserAccountViewModelTest",""
"","23","a row that is already gone deletes nothing and offers no Undo[jvm]","","2026-08-02","passed","2026-08-02","","TransactionsByAccountDeleteTest[jvm]","com.georgeci.moneysurfer.feature.transaction.list.TransactionsByAccountDeleteTest",""
"","7","a zero cap reads as no progress rather than a divide by zero[jvm]","","2026-07-31","passed","2026-07-31","","SpentByCategoryTest[jvm]","com.georgeci.moneysurfer.domain.model.SpentByCategoryTest",""
"","100","before the month's figure resolves the card claims nothing about a budget[jvm]","","2026-08-02","passed","2026-08-02","","DashboardScreenStateTest[jvm]","com.georgeci.moneysurfer.ui.DashboardScreenStateTest",""
"","7","reset-all delegates once[jvm]","","2026-08-02","passed","2026-08-02","","DebugConfigViewModelTest[jvm]","com.georgeci.moneysurfer.feature.settings.debug.DebugConfigViewModelTest",""
"","1","a budget on another cadence is not a figure for this window, so it caps nothing here[jvm]","","2026-07-31","passed","2026-07-31","","SpentByCategoryTest[jvm]","com.georgeci.moneysurfer.domain.model.SpentByCategoryTest",""
"","1","a child whose parent is a different type is drawn at the top level[jvm]","","2026-08-02","passed","2026-08-02","","CategoryChooserViewModelTest[jvm]","com.georgeci.moneysurfer.feature.category.picker.CategoryChooserViewModelTest",""
"","142","inserts account with USD and round-trips currency + balance[jvm]","","2026-07-31","passed","2026-07-31","","AccountCreationIntegrationIT[jvm]","com.georgeci.moneysurfer.integration.repository.AccountCreationIntegrationIT",""
"","29","accepts a category nested under a parent","","2026-08-02","passed","2026-08-02","","entity write-shape validation (issue #156)","entity write-shape validation (issue #156) accepts a category nested under a parent",""
"","115","a layout with no period-scoped widget draws no period switch[jvm]","","2026-08-02","passed","2026-08-02","","DashboardScreenStateTest[jvm]","com.georgeci.moneysurfer.ui.DashboardScreenStateTest",""
"","5","cancellation between batches aborts the pull[jvm]","","2026-07-31","passed","2026-07-31","","PullRemoteChangesUseCaseImplSpec[jvm]","com.georgeci.moneysurfer.data.sync.PullRemoteChangesUseCaseImplSpec",""
"","66","only the final column prints its value, so phone-width numerals cannot collide[jvm]","","2026-08-02","passed","2026-08-02","","SurferBarColumnsTest[jvm]","com.georgeci.moneysurfer.ui.SurferBarColumnsTest",""
"","139","online build layer keeps the full surface, sync included[jvm]","","2026-08-02","passed","2026-08-02","","OnlineConfigGraphTest[jvm]","com.georgeci.moneysurfer.di.OnlineConfigGraphTest",""
"","13","save with blank name is a no-op (Save button is wired to require a name)[jvm]","","2026-08-02","passed","2026-08-02","","AccountCreationViewModelTest[jvm]","com.georgeci.moneysurfer.feature.account.creation.AccountCreationViewModelTest",""
"","4","pending returns rows sorted by createdAt ascending[jvm]","","2026-07-31","passed","2026-07-31","","PendingMutationQueueImplSpec[jvm]","com.georgeci.moneysurfer.sync.internal.repository.PendingMutationQueueImplSpec",""
"","6","the user-scoped phase runs for a workspace-scoped sync too[jvm]","","2026-07-31","passed","2026-07-31","","PullRemoteChangesUseCaseImplSpec[jvm]","com.georgeci.moneysurfer.data.sync.PullRemoteChangesUseCaseImplSpec",""
"","61","a missing workspace with a surviving member row reads back empty instead","","2026-08-02","passed","2026-08-02","","dangling users/{uid}.workspaceIds refs","dangling users/{uid}.workspaceIds refs a missing workspace with a surviving member row reads back empty instead",""
"","2","happy path: persists PENDING invite with TTL and lowercase email[jvm]","","2026-07-31","passed","2026-07-31","","SendInviteUseCaseTest[jvm]","com.georgeci.moneysurfer.domain.usecase.SendInviteUseCaseTest",""
"","1","a week in, the comparison rules speak again[jvm]","","2026-07-31","passed","2026-07-31","","InsightRulesTest[jvm]","com.georgeci.moneysurfer.domain.insight.InsightRulesTest",""
"","20","unauthenticated user cannot delete a user document","","2026-08-02","passed","2026-08-02","","users/{uid}","users/{uid} unauthenticated user cannot delete a user document",""
"","19","the outbox stays unobserved while sync is off, and fills in when the switch flips[jvm]","","2026-08-02","passed","2026-08-02","","SyncViewModelTest[jvm]","com.georgeci.moneysurfer.feature.settings.sync.SyncViewModelTest",""
"","21","user can delete their own document","","2026-08-02","passed","2026-08-02","","users/{uid}","users/{uid} user can delete their own document",""
"","30","navigation effects carry the selected category id[jvm]","","2026-08-02","passed","2026-08-02","","CategoriesManageViewModelTest[jvm]","com.georgeci.moneysurfer.feature.category.manage.CategoriesManageViewModelTest",""
"","24","a sign-in whose cloud workspaces never reached the device says so on the way out[jvm]","","2026-08-02","passed","2026-08-02","","SignInViewModelTest[jvm]","com.georgeci.moneysurfer.feature.login.SignInViewModelTest",""
"","30","the same key keeps the same store, so a recomposition does not reset the screen[jvm]","","2026-08-02","passed","2026-08-02","","NavEntryViewModelStoreHolderTest[jvm]","com.georgeci.moneysurfer.navigation.util.NavEntryViewModelStoreHolderTest",""
"","55","an invite is pushed to the workspace's invites collection[jvm]","","2026-07-31","passed","2026-07-31","","WorkspaceTreeSyncPluginIT[jvm]","com.georgeci.moneysurfer.integration.plugin.WorkspaceTreeSyncPluginIT",""
"","35","an exception thrown by the edit write lands on the form rather than the error boundary[jvm]","","2026-08-02","passed","2026-08-02","","WorkspaceCreationViewModelTest[jvm]","com.georgeci.moneysurfer.feature.workspace.creation.WorkspaceCreationViewModelTest",""
"","7","a burst of moves persists the layout the last one produced[jvm]","","2026-08-02","passed","2026-08-02","","DashboardCustomizeViewModelTest[jvm]","com.georgeci.moneysurfer.feature.dashboard.customize.DashboardCustomizeViewModelTest",""
"","1","missing local row → take remote[jvm]","","2026-07-31","passed","2026-07-31","","LwwConflictResolverSpec[jvm]","com.georgeci.moneysurfer.sync.repository.LwwConflictResolverSpec",""
"","6","excludes the transfer source account from both rows and totals[jvm]","","2026-08-02","passed","2026-08-02","","AccountChooserViewModelTest[jvm]","com.georgeci.moneysurfer.feature.account.picker.AccountChooserViewModelTest",""
"","150","inline form-level error renders the shared error text[jvm]","","2026-08-02","passed","2026-08-02","","SignInScreenStateTest[jvm]","com.georgeci.moneysurfer.ui.SignInScreenStateTest",""
"","9","transfer with from == to throws IllegalArgumentException[jvm]","","2026-07-31","passed","2026-07-31","","TransferCreationIntegrationIT[jvm]","com.georgeci.moneysurfer.integration.repository.TransferCreationIntegrationIT",""
"","178","the dummy emulator API key keeps the format FirebaseInstallations demands[jvm]","","2026-07-31","passed","2026-07-31","","DesktopFirebaseOptionsJvmTest[jvm]","com.georgeci.moneysurfer.data.remote.DesktopFirebaseOptionsJvmTest",""
"","12","live activity still outranks a missing workspace — a running sync is the more useful answer[jvm]","","2026-08-02","passed","2026-08-02","","SyncViewModelTest[jvm]","com.georgeci.moneysurfer.feature.settings.sync.SyncViewModelTest",""
"","4","rollover off ignores the previous window entirely[jvm]","","2026-07-31","passed","2026-07-31","","BudgetProgressTest[jvm]","com.georgeci.moneysurfer.domain.model.BudgetProgressTest",""
"","3","month-to-date leaves out the days the window reached back into the previous month[jvm]","","2026-07-31","passed","2026-07-31","","BurnRateTest[jvm]","com.georgeci.moneysurfer.domain.model.BurnRateTest",""
"","7","the receipt's last line holds whatever the ones above it left[jvm]","","2026-08-02","passed","2026-08-02","","TransactionCreationStateTest[jvm]","com.georgeci.moneysurfer.feature.transaction.creation.TransactionCreationStateTest",""
"","7","a mapping is not written for a blank address or a blank uid[jvm]","","2026-07-31","passed","2026-07-31","","UserRemoteRepositoryImplTest[jvm]","com.georgeci.moneysurfer.data.repository.UserRemoteRepositoryImplTest",""
"","25","a transfer needs a positive amount on the side the money leaves[jvm]","","2026-08-02","passed","2026-08-02","","TransactionCreationSaveGuardsTest[jvm]","com.georgeci.moneysurfer.feature.transaction.creation.TransactionCreationSaveGuardsTest",""
"","1","second pull passes the stored cursor to the reader[jvm]","","2026-07-31","passed","2026-07-31","","PullRemoteChangesUseCaseImplSpec[jvm]","com.georgeci.moneysurfer.data.sync.PullRemoteChangesUseCaseImplSpec",""
"","10","the identity band falls back to the merchant, and survives a category it cannot resolve[jvm]","","2026-08-02","passed","2026-08-02","","TransactionCreationMappingTest[jvm]","com.georgeci.moneysurfer.feature.transaction.creation.TransactionCreationMappingTest",""
"","206","the toolbar's back control reports one event[jvm]","","2026-08-02","passed","2026-08-02","","InsightsScreenTest[jvm]","com.georgeci.moneysurfer.ui.InsightsScreenTest",""
"","55","deleting a transaction then re-applying it restores the row and the balance[jvm]","","2026-07-31","passed","2026-07-31","","DeleteUndoIntegrationIT[jvm]","com.georgeci.moneysurfer.integration.repository.DeleteUndoIntegrationIT",""
"","37","Confirm pins the pending workspace and heads to the dashboard[jvm]","","2026-08-02","passed","2026-08-02","","WorkspaceSelectorViewModelTest[jvm]","com.georgeci.moneysurfer.feature.workspace.selector.WorkspaceSelectorViewModelTest",""
"","7","no months means no curve[jvm]","","2026-07-31","passed","2026-07-31","","BalanceTrendTest[jvm]","com.georgeci.moneysurfer.domain.model.BalanceTrendTest",""
"","15","a blank accountId decodes to null[jvm]","","2026-07-31","passed","2026-07-31","","GoalDtoMapperSpec[jvm]","com.georgeci.moneysurfer.data.sync.GoalDtoMapperSpec",""
"","22","an unreachable provider leaves the cached table in place[jvm]","","2026-07-31","passed","2026-07-31","","ExchangeRateRepositoryImplJvmTest[jvm]","com.georgeci.moneysurfer.data.repository.ExchangeRateRepositoryImplJvmTest",""
"","188","emulator runs default to the shared demo project[jvm]","","2026-07-31","passed","2026-07-31","","DesktopFirebaseOptionsJvmTest[jvm]","com.georgeci.moneysurfer.data.remote.DesktopFirebaseOptionsJvmTest",""
"","1","DEFAULT_BATCH_LIMIT is 100[jvm]","","2026-07-31","passed","2026-07-31","","PendingMutationQueueSpec[jvm]","com.georgeci.moneysurfer.sync.repository.PendingMutationQueueSpec",""
"","113","the two period sentences the samples do not cover still draw[jvm]","","2026-08-02","passed","2026-08-02","","DashboardInsightsScreenTest[jvm]","com.georgeci.moneysurfer.ui.DashboardInsightsScreenTest",""
"","7","defaultWorkspaceId that did not hydrate falls back to one that did[jvm]","","2026-07-31","passed","2026-07-31","","PostAuthBootstrapUseCaseTest[jvm]","com.georgeci.moneysurfer.domain.usecase.PostAuthBootstrapUseCaseTest",""
"","42","save EXPENSE persists a transaction with the account's currency and updates balance[jvm]","","2026-08-02","passed","2026-08-02","","TransactionCreationSaveTest[jvm]","com.georgeci.moneysurfer.feature.transaction.creation.TransactionCreationSaveTest",""
"","2","ProjectionScope.All is a singleton[jvm]","","2026-07-31","passed","2026-07-31","","ProjectionSpec[jvm]","com.georgeci.moneysurfer.sync.projection.ProjectionSpec",""
"","0","yearly clamping does not accumulate — Feb 29 returns in the next leap year[jvm]","","2026-07-31","passed","2026-07-31","","BudgetPeriodWindowTest[jvm]","com.georgeci.moneysurfer.domain.util.BudgetPeriodWindowTest",""
"","19","unauthenticated user is denied","","2026-08-02","passed","2026-08-02","","workspaces/{wid}","workspaces/{wid} unauthenticated user is denied",""
"","23","a workspace that has not landed yet leaves the trend empty, then fills it in[jvm]","","2026-08-02","passed","2026-08-02","","CategoryDetailsViewModelTest[jvm]","com.georgeci.moneysurfer.feature.category.details.CategoryDetailsViewModelTest",""
"","25","deleting a budget that is already gone enqueues nothing[jvm]","","2026-07-31","passed","2026-07-31","","BudgetRepositoryImplJvmTest[jvm]","com.georgeci.moneysurfer.data.repository.BudgetRepositoryImplJvmTest",""
"","78","upsert (new) writes both DAO and outbox as INSERT when signed in[jvm]","","2026-07-31","passed","2026-07-31","","WorkspaceInviteRepositoryDualWriteSpec[jvm]","com.georgeci.moneysurfer.data.repository.WorkspaceInviteRepositoryDualWriteSpec",""
"","3","mid-pipeline cancel surfaces SyncCancelledException to the worker catch[jvm]","","2026-07-31","passed","2026-07-31","","SyncCoordinatorImplBranchSpec[jvm]","com.georgeci.moneysurfer.sync.coordinator.SyncCoordinatorImplBranchSpec",""
"","5","an extra field resolves only canonical well-known key spellings[jvm]","","2026-08-02","passed","2026-08-02","","AccountCreationStateTest[jvm]","com.georgeci.moneysurfer.feature.account.creation.AccountCreationStateTest",""
"","236","sign-up against a taken address shows a dialog and switches to sign-in[jvm]","","2026-08-02","passed","2026-08-02","","SignInViewModelTest[jvm]","com.georgeci.moneysurfer.feature.login.SignInViewModelTest",""
"","21","a user can update a setting of their own","","2026-08-02","passed","2026-08-02","","users/{uid}/config/{key}","users/{uid}/config/{key} a user can update a setting of their own",""
"","13","changing the base currency re-points the trend at the rows that now count[jvm]","","2026-08-02","passed","2026-08-02","","CategoryDetailsViewModelTest[jvm]","com.georgeci.moneysurfer.feature.category.details.CategoryDetailsViewModelTest",""
"","34","paging back a month re-queries the previous window[jvm]","","2026-08-02","passed","2026-08-02","","TransactionsByAccountPeriodTest[jvm]","com.georgeci.moneysurfer.feature.transaction.list.TransactionsByAccountPeriodTest",""
"","1","Failed title carries error[jvm]","","2026-07-31","passed","2026-07-31","","SyncStepSpec[jvm]","com.georgeci.moneysurfer.sync.api.SyncStepSpec",""
"","37","user cannot delete a mapping pointing at another uid","","2026-08-02","passed","2026-08-02","","userEmails/{email}","userEmails/{email} user cannot delete a mapping pointing at another uid",""
"","67","cancelAllQueued with empty queue is a no-op[jvm]","","2026-07-31","passed","2026-07-31","","SyncCoordinatorImplBranchSpec[jvm]","com.georgeci.moneysurfer.sync.coordinator.SyncCoordinatorImplBranchSpec",""
"","94","a list on its own is the list pane, with nothing to go back to inside it[jvm]","","2026-08-02","passed","2026-08-02","","SurferPaneSceneStrategyTest[jvm]","com.georgeci.moneysurfer.navigation.SurferPaneSceneStrategyTest",""
"","71","concurrent writers keep every key[jvm]","","2026-07-31","passed","2026-07-31","","DesktopFirebasePlatformJvmTest[jvm]","com.georgeci.moneysurfer.data.remote.DesktopFirebasePlatformJvmTest",""
"","3","isEnabled returns true when firebaseUid is non-empty[jvm]","","2026-07-31","passed","2026-07-31","","OutboxEnqueuerSpec[jvm]","com.georgeci.moneysurfer.data.sync.OutboxEnqueuerSpec",""
"","2","'1.999' (three decimal digits)[jvm]","","2026-08-02","passed","2026-08-02","","AmountInputTransformationTest[jvm]","com.georgeci.moneysurfer.utils.AmountInputTransformationTest",""
"","0","two budgets created at the same instant break the tie by id, so the notice is stable[jvm]","","2026-07-31","passed","2026-07-31","","CategoryCapCoverageTest[jvm]","com.georgeci.moneysurfer.domain.model.CategoryCapCoverageTest",""
"","2","unparseable operation date is rejected as invalid operation_date[jvm]","","2026-07-31","passed","2026-07-31","","TransactionCsvCodecTest[jvm]","com.georgeci.moneysurfer.domain.csv.TransactionCsvCodecTest",""
"","27","unauthenticated user is denied","","2026-08-02","passed","2026-08-02","","invites — read","invites — read unauthenticated user is denied",""
"","49","invitee accept regression: real uid + gmail+alias email, full set()","","2026-08-02","passed","2026-08-02","","invites — update / delete","invites — update / delete invitee accept regression: real uid + gmail+alias email, full set()",""
"","29","a split with no account to charge writes no legs[jvm]","","2026-08-02","passed","2026-08-02","","TransactionCreationSaveGuardsTest[jvm]","com.georgeci.moneysurfer.feature.transaction.creation.TransactionCreationSaveGuardsTest",""
"","3","negative balances convert too — an overdraft is still part of the total[jvm]","","2026-07-31","passed","2026-07-31","","ConvertAccountsTotalUseCaseTest[jvm]","com.georgeci.moneysurfer.domain.usecase.ConvertAccountsTotalUseCaseTest",""
"","4","last month is the whole previous month, not thirty days back[jvm]","","2026-08-02","passed","2026-08-02","","TransactionFilterMatchingTest[jvm]","com.georgeci.moneysurfer.feature.transaction.filter.TransactionFilterMatchingTest",""
"","1854","deleting goes through a confirmation that names the transaction[jvm]","","2026-08-02","passed","2026-08-02","","TransactionDetailsScreenStateTest[jvm]","com.georgeci.moneysurfer.ui.TransactionDetailsScreenStateTest",""
"","5","enqueueUpsert pushes a PendingMutation when signed in and gate allows[jvm]","","2026-07-31","passed","2026-07-31","","OutboxEnqueuerImplSpec[jvm]","com.georgeci.moneysurfer.sync.repository.OutboxEnqueuerImplSpec",""
"","23","create blocked when clientVersionCode is below floor","","2026-08-02","passed","2026-08-02","","workspaces/{wid}","workspaces/{wid} create blocked when clientVersionCode is below floor",""
"","52","a workspace row the device has not pulled yet leaves the toolbar to its fallback[jvm]","","2026-08-02","passed","2026-08-02","","DashboardViewModelTest[jvm]","com.georgeci.moneysurfer.feature.dashboard.DashboardViewModelTest",""
"","32","aborts without seeding when the demo login fails[jvm]","","2026-08-02","passed","2026-08-02","","OfflineFirstRunSeederTest[jvm]","com.georgeci.moneysurfer.offline.firstrun.OfflineFirstRunSeederTest",""
"","26","dispatches each mutation to the plugin matching its entityType[jvm]","","2026-07-31","passed","2026-07-31","","UploadPendingChangesUseCaseImplSpec[jvm]","com.georgeci.moneysurfer.data.sync.UploadPendingChangesUseCaseImplSpec",""
"","69","an override the codec can no longer read is still clearable per row[jvm]","","2026-07-31","passed","2026-07-31","","DebugConfigInspectorImplSpec[jvm]","com.georgeci.moneysurfer.appconfig.DebugConfigInspectorImplSpec",""
"","1","windows before the start date extend backwards so the first period has a predecessor[jvm]","","2026-07-31","passed","2026-07-31","","BudgetPeriodWindowTest[jvm]","com.georgeci.moneysurfer.domain.util.BudgetPeriodWindowTest",""
"","130","an expanded card drops none of what the engine produced[jvm]","","2026-08-02","passed","2026-08-02","","DashboardInsightsScreenTest[jvm]","com.georgeci.moneysurfer.ui.DashboardInsightsScreenTest",""
"","1","redactUid never leaks the full identifier[jvm]","","2026-07-31","passed","2026-07-31","","PiiRedactionTest[jvm]","com.georgeci.moneysurfer.domain.logging.PiiRedactionTest",""
"","26","member can get the workspace doc","","2026-08-02","passed","2026-08-02","","workspaces/{wid}","workspaces/{wid} member can get the workspace doc",""
"","1","archive on already-archived account is a no-op success[jvm]","","2026-07-31","passed","2026-07-31","","ArchiveAccountUseCaseTest[jvm]","com.georgeci.moneysurfer.domain.usecase.ArchiveAccountUseCaseTest",""
"","84","save with non-zero balance also creates an OPENING_BALANCE transaction in the selected currency[jvm]","","2026-08-02","passed","2026-08-02","","AccountCreationViewModelTest[jvm]","com.georgeci.moneysurfer.feature.account.creation.AccountCreationViewModelTest",""
"","11","a write racing another writer on the same file still returns[jvm]","","2026-07-31","passed","2026-07-31","","PreferencesMirrorJvmTest[jvm]","com.georgeci.moneysurfer.data.config.PreferencesMirrorJvmTest",""
"","33","RemoteGlobal cannot override a host fact even when it names one[jvm]","","2026-07-31","passed","2026-07-31","","LayeredConfigSpec[jvm]","com.georgeci.moneysurfer.appconfig.LayeredConfigSpec",""
"","3","the selected category type is used when the caller did not pin one[jvm]","","2026-08-02","passed","2026-08-02","","CategoryPickerRowsTest[jvm]","com.georgeci.moneysurfer.feature.category.picker.CategoryPickerRowsTest",""
"","0","empty set is Indefinite[jvm]","","2026-07-31","passed","2026-07-31","","NetworkWaitModeSpec[jvm]","com.georgeci.moneysurfer.sync.network.NetworkWaitModeSpec",""
"","8","the identity band signs an expense and an income, and leaves a transfer leg unsigned[jvm]","","2026-08-02","passed","2026-08-02","","TransactionCreationMappingTest[jvm]","com.georgeci.moneysurfer.feature.transaction.creation.TransactionCreationMappingTest",""
"","335","sealed blob does not contain the plaintext[jvm]","","2026-07-31","passed","2026-07-31","","EncryptedBackupCodecTest[jvm]","com.georgeci.moneysurfer.data.backup.EncryptedBackupCodecTest",""
"","4","null in -> null out[jvm]","","2026-07-31","passed","2026-07-31","","TimeFormatterTest[jvm]","com.georgeci.moneysurfer.data.repository.TimeFormatterTest",""
"","94","events that arrive before the form has loaded are ignored[jvm]","","2026-08-02","passed","2026-08-02","","TransactionCreationFormTest[jvm]","com.georgeci.moneysurfer.feature.transaction.creation.TransactionCreationFormTest",""
"","45","swiping a transaction away removes it, and the snackbar's Undo puts it back[jvm]","","2026-08-02","passed","2026-08-02","","AccountDetailsViewModelTest[jvm]","com.georgeci.moneysurfer.feature.account.details.AccountDetailsViewModelTest",""
"","22","Transfer is unreachable when the host disables it[jvm]","","2026-08-02","passed","2026-08-02","","TransactionCreationSaveTest[jvm]","com.georgeci.moneysurfer.feature.transaction.creation.TransactionCreationSaveTest",""
"","163","an unset chip is its bare label, and the date chip is not drawn at all[jvm]","","2026-08-02","passed","2026-08-02","","TransactionsListScreenStateTest[jvm]","com.georgeci.moneysurfer.ui.TransactionsListScreenStateTest",""
"","4","redactUid returns a fixed marker for blank input[jvm]","","2026-07-31","passed","2026-07-31","","PiiRedactionTest[jvm]","com.georgeci.moneysurfer.domain.logging.PiiRedactionTest",""
"","14","a failing settings session start does not fail the sign-in[jvm]","","2026-07-31","passed","2026-07-31","","PostAuthBootstrapUseCaseTest[jvm]","com.georgeci.moneysurfer.domain.usecase.PostAuthBootstrapUseCaseTest",""
"","16","the window reports each row's split group size, and zero for rows outside a split[jvm]","","2026-07-31","passed","2026-07-31","","TransactionWindowIntegrationIT[jvm]","com.georgeci.moneysurfer.integration.repository.TransactionWindowIntegrationIT",""
"","1","an absent nextRunAt stays null[jvm]","","2026-07-31","passed","2026-07-31","","RecurringRuleDtoMapperSpec[jvm]","com.georgeci.moneysurfer.data.sync.RecurringRuleDtoMapperSpec",""
"","9","dangerous notes survive a full CSV round-trip unchanged[jvm]","","2026-07-31","passed","2026-07-31","","TransactionCsvCodecTest[jvm]","com.georgeci.moneysurfer.domain.csv.TransactionCsvCodecTest",""
"","89","a workspace row the device has not pulled yet emits nothing rather than a wrong total[jvm]","","2026-07-31","passed","2026-07-31","","GenerateInsightsUseCaseTest[jvm]","com.georgeci.moneysurfer.domain.usecase.GenerateInsightsUseCaseTest",""
"","12","popping the last entry leaves the stack empty rather than failing[jvm]","","2026-08-02","passed","2026-08-02","","AppNavigatorTest[jvm]","com.georgeci.moneysurfer.navigation.AppNavigatorTest",""
"","42","a value the codec rejects stays visible as undecodable rather than being dropped[jvm]","","2026-07-31","passed","2026-07-31","","RemoteGlobalConfigSourceImplSpec[jvm]","com.georgeci.moneysurfer.appconfig.remote.RemoteGlobalConfigSourceImplSpec",""
"","4","the header toggle flips between the two variants[jvm]","","2026-08-02","passed","2026-08-02","","CategoryChooserViewModelTest[jvm]","com.georgeci.moneysurfer.feature.category.picker.CategoryChooserViewModelTest",""
"","2","opened from Settings the screen has a back entry, so it offers no sign-out[jvm]","","2026-08-02","passed","2026-08-02","","WorkspaceSelectorViewModelTest[jvm]","com.georgeci.moneysurfer.feature.workspace.selector.WorkspaceSelectorViewModelTest",""
"","1","deleting a missing goal returns null[jvm]","","2026-07-31","passed","2026-07-31","","SavingsGoalUseCaseTest[jvm]","com.georgeci.moneysurfer.domain.usecase.SavingsGoalUseCaseTest",""
"","18","a refresh replaces the table rather than merging into it[jvm]","","2026-07-31","passed","2026-07-31","","ExchangeRateRepositoryImplJvmTest[jvm]","com.georgeci.moneysurfer.data.repository.ExchangeRateRepositoryImplJvmTest",""
"","2","zero alone is not a valid transaction amount[jvm]","","2026-08-02","passed","2026-08-02","","TransactionAmountInputTest[jvm]","com.georgeci.moneysurfer.feature.transaction.creation.TransactionAmountInputTest",""
"","5","login keeps the session when the bootstrap succeeds[jvm]","","2026-07-31","passed","2026-07-31","","AuthSessionRollbackTest[jvm]","com.georgeci.moneysurfer.domain.usecase.AuthSessionRollbackTest",""
"","1217","a remoteOverridable flag is mirrored and served[jvm]","","2026-07-31","passed","2026-07-31","","RemoteGlobalConfigSourceImplSpec[jvm]","com.georgeci.moneysurfer.appconfig.remote.RemoteGlobalConfigSourceImplSpec",""
"","0","a category the workspace no longer names still carries its spend[jvm]","","2026-07-31","passed","2026-07-31","","SpentByCategoryTest[jvm]","com.georgeci.moneysurfer.domain.model.SpentByCategoryTest",""
"","183","a month in line with the last one says so instead of printing a zero[jvm]","","2026-08-02","passed","2026-08-02","","DashboardScreenStateTest[jvm]","com.georgeci.moneysurfer.ui.DashboardScreenStateTest",""
"","23","a workspace whose base currency could not be read reports no trend rather than a wrong one[jvm]","","2026-07-31","passed","2026-07-31","","SpendAnalyticsRepositoryImplJvmTest[jvm]","com.georgeci.moneysurfer.data.repository.SpendAnalyticsRepositoryImplJvmTest",""
"","5","null category transfer and recurring rule ids round-trip as empty fields[jvm]","","2026-07-31","passed","2026-07-31","","TransactionCsvCodecTest[jvm]","com.georgeci.moneysurfer.domain.csv.TransactionCsvCodecTest",""
"","165","format positive amount in USD with US locale[jvm]","","2026-07-31","passed","2026-07-31","","MoneyFormatterTest[jvm]","com.georgeci.moneysurfer.domain.MoneyFormatterTest",""
"","6","an unsupported app version blocks sync with the domain message[jvm]","","2026-07-31","passed","2026-07-31","","SyncVersionGateImplSpec[jvm]","com.georgeci.moneysurfer.data.sync.SyncVersionGateImplSpec",""
"","0","planned → actual applies impact[jvm]","","2026-07-31","passed","2026-07-31","","ApplyTransactionChangeUseCaseTest[jvm]","com.georgeci.moneysurfer.domain.usecase.ApplyTransactionChangeUseCaseTest",""
"","30","rejects a budget whose categoryIds is a CSV string instead of a list","","2026-08-02","passed","2026-08-02","","entity write-shape validation (issue #156)","entity write-shape validation (issue #156) rejects a budget whose categoryIds is a CSV string instead of a list",""
"","12","happy path runs steps in order and clears the local session[jvm]","","2026-07-31","passed","2026-07-31","","DeleteUserAccountUseCaseTest[jvm]","com.georgeci.moneysurfer.domain.usecase.DeleteUserAccountUseCaseTest",""
"","65","a release build opens a database already at the current schema and keeps its rows[jvm]","","2026-07-31","passed","2026-07-31","","DatabaseBuilderSpec[jvm]","com.georgeci.moneysurfer.data.db.DatabaseBuilderSpec",""
"","69","a signed-in session drains the outbox rather than waiting for the next tick[jvm]","","2026-07-31","passed","2026-07-31","","DebugDataPrefillerTest[jvm]","com.georgeci.moneysurfer.domain.debug.DebugDataPrefillerTest",""
"","18","clearSession leaves hasUsedDemo alone[jvm]","","2026-07-31","passed","2026-07-31","","SessionPointersImplJvmTest[jvm]","com.georgeci.moneysurfer.data.preferences.SessionPointersImplJvmTest",""
"","24","rows come back newest first[jvm]","","2026-07-31","passed","2026-07-31","","TransactionWindowIntegrationIT[jvm]","com.georgeci.moneysurfer.integration.repository.TransactionWindowIntegrationIT",""
"","11","a negative non-card balance disables save[jvm]","","2026-08-02","passed","2026-08-02","","AccountCreationStateTest[jvm]","com.georgeci.moneysurfer.feature.account.creation.AccountCreationStateTest",""
"","806","below expanded width every widget still gets the whole row, whatever its span says[jvm]","","2026-08-02","passed","2026-08-02","","DashboardGridScreenTest[jvm]","com.georgeci.moneysurfer.ui.DashboardGridScreenTest",""
"","14","picking a card style persists it without moving the widget[jvm]","","2026-08-02","passed","2026-08-02","","DashboardCustomizeViewModelTest[jvm]","com.georgeci.moneysurfer.feature.dashboard.customize.DashboardCustomizeViewModelTest",""
"","8","ignores planned rows[jvm]","","2026-07-31","passed","2026-07-31","","RecalculateAccountBalanceUseCaseTest[jvm]","com.georgeci.moneysurfer.domain.usecase.RecalculateAccountBalanceUseCaseTest",""
"","1","a category written before the appearance fields existed keeps its not-written sentinels[jvm]","","2026-07-31","passed","2026-07-31","","WorkspaceScopedDtoMapperSpec[jvm]","com.georgeci.moneysurfer.data.sync.WorkspaceScopedDtoMapperSpec",""
"","134","the burn-rate card draws its pace and projection, and says so when a budget judges them[jvm]","","2026-08-02","passed","2026-08-02","","DashboardScreenStateTest[jvm]","com.georgeci.moneysurfer.ui.DashboardScreenStateTest",""
"","162","oversized manifest entry is rejected before parsing[jvm]","","2026-07-31","passed","2026-07-31","","BackupImporterImplJvmTest[jvm]","com.georgeci.moneysurfer.data.backup.BackupImporterImplJvmTest",""
"","7","every hue sits on the wheel[jvm]","","2026-07-31","passed","2026-07-31","","CategoryAppearanceTest[jvm]","com.georgeci.moneysurfer.domain.model.CategoryAppearanceTest",""
"","13","valid stored ISO is preserved[jvm]","","2026-07-31","passed","2026-07-31","","ResolveLegacyOperationDateTest[jvm]","com.georgeci.moneysurfer.data.repository.ResolveLegacyOperationDateTest",""
"","174","a list and detail pane side by side render one top app bar and one FAB[jvm]","","2026-08-02","passed","2026-08-02","","SurferPaneChromeTest[jvm]","com.georgeci.moneysurfer.ui.SurferPaneChromeTest",""
"","0","MutationOperation enumerates INSERT, UPDATE, DELETE[jvm]","","2026-07-31","passed","2026-07-31","","PendingMutationSpec[jvm]","com.georgeci.moneysurfer.sync.repository.PendingMutationSpec",""
"","3","propagates a failure so the outbox retries the push[jvm]","","2026-07-31","passed","2026-07-31","","WorkspaceRefRegistrarSpec[jvm]","com.georgeci.moneysurfer.data.sync.WorkspaceRefRegistrarSpec",""
"","1","set merge with Indefinite and Bounded picks Bounded[jvm]","","2026-07-31","passed","2026-07-31","","NetworkWaitModeSpec[jvm]","com.georgeci.moneysurfer.sync.network.NetworkWaitModeSpec",""
"","32","second sync resumes from the Room-persisted cursor and pulls only newer documents[jvm]","","2026-07-31","passed","2026-07-31","","NewWorkspacePullIntegrationIT[jvm]","com.georgeci.moneysurfer.integration.sync.NewWorkspacePullIntegrationIT",""
"","8","the offline build is carried into the state so the hero can say so[jvm]","","2026-08-02","passed","2026-08-02","","BackupViewModelTest[jvm]","com.georgeci.moneysurfer.feature.settings.backup.BackupViewModelTest",""
"","300","a declared key resolves to its typed value[jvm]","","2026-07-31","passed","2026-07-31","","BuildConfigSourceSpec[jvm]","com.georgeci.moneysurfer.appconfig.BuildConfigSourceSpec",""
"","35","a comma decimal separator is accepted and the parsed amount is persisted[jvm]","","2026-08-02","passed","2026-08-02","","TransactionCreationSaveTest[jvm]","com.georgeci.moneysurfer.feature.transaction.creation.TransactionCreationSaveTest",""
"","35","an account or a category handed straight to the form replaces its selection[jvm]","","2026-08-02","passed","2026-08-02","","TransactionCreationFormTest[jvm]","com.georgeci.moneysurfer.feature.transaction.creation.TransactionCreationFormTest",""
"","4","the same entity id under two workspaces queues both[jvm]","","2026-07-31","passed","2026-07-31","","PendingMutationQueueIntegrationIT[jvm]","com.georgeci.moneysurfer.integration.sync.PendingMutationQueueIntegrationIT",""
"","0","ProjectionScope.Workspace exposes key[jvm]","","2026-07-31","passed","2026-07-31","","ProjectionSpec[jvm]","com.georgeci.moneysurfer.sync.projection.ProjectionSpec",""
"","57","a month with no spend behind it gets no delta rather than an infinite one[jvm]","","2026-08-02","passed","2026-08-02","","DashboardSpentMonthViewModelTest[jvm]","com.georgeci.moneysurfer.feature.dashboard.DashboardSpentMonthViewModelTest",""
"","45","a category created while the form was open is resolved by a refresh[jvm]","","2026-08-02","passed","2026-08-02","","TransactionCreationFormTest[jvm]","com.georgeci.moneysurfer.feature.transaction.creation.TransactionCreationFormTest",""
"","2","sections are declared as contiguous blocks[jvm]","","2026-08-02","passed","2026-08-02","","NavigationShellTest[jvm]","com.georgeci.moneysurfer.navigation.NavigationShellTest",""
"","5","a merchant starting with a formula trigger is neutralised on encode[jvm]","","2026-07-31","passed","2026-07-31","","TransactionCsvCodecTest[jvm]","com.georgeci.moneysurfer.domain.csv.TransactionCsvCodecTest",""
"","24","the anonymous entry point runs its own auth and lands on the selector[jvm]","","2026-08-02","passed","2026-08-02","","SignInViewModelTest[jvm]","com.georgeci.moneysurfer.feature.login.SignInViewModelTest",""
"","38","owner can create a PENDING invite stamped with their uid","","2026-08-02","passed","2026-08-02","","invites — write","invites — write owner can create a PENDING invite stamped with their uid",""
"","19","an ordinary row is not a split leg[jvm]","","2026-08-02","passed","2026-08-02","","TransactionsListSplitTest[jvm]","com.georgeci.moneysurfer.feature.transaction.list.TransactionsListSplitTest",""
"","10","hydrate publishes the stored state[jvm]","","2026-07-31","passed","2026-07-31","","PreferencesMirrorJvmTest[jvm]","com.georgeci.moneysurfer.data.config.PreferencesMirrorJvmTest",""
"","41","invited user CAN self-create via an email-only invite (legacy, no targetUserId)","","2026-08-02","passed","2026-08-02","","workspaces/{wid}/members/{uid}","workspaces/{wid}/members/{uid} invited user CAN self-create via an email-only invite (legacy, no targetUserId)",""
"","3","exhaustive enumeration — no orphan steps[jvm]","","2026-07-31","passed","2026-07-31","","SyncStepOrderTest[jvm]","com.georgeci.moneysurfer.domain.model.SyncStepOrderTest",""
"","5","pull progress emits PullingCollection into running state[jvm]","","2026-07-31","passed","2026-07-31","","SyncCoordinatorImplBranchSpec[jvm]","com.georgeci.moneysurfer.sync.coordinator.SyncCoordinatorImplBranchSpec",""
"","7","forecast tiles extrapolate the elapsed days across the nominal period[jvm]","","2026-07-31","passed","2026-07-31","","BudgetProgressTest[jvm]","com.georgeci.moneysurfer.domain.model.BudgetProgressTest",""
"","3","the grid flattens parents and children of the selected type into one list[jvm]","","2026-08-02","passed","2026-08-02","","CategoryChooserViewModelTest[jvm]","com.georgeci.moneysurfer.feature.category.picker.CategoryChooserViewModelTest",""
"","257","tapping a budget row opens that budget, not the list[jvm]","","2026-08-02","passed","2026-08-02","","DashboardBudgetsViewModelTest[jvm]","com.georgeci.moneysurfer.feature.dashboard.DashboardBudgetsViewModelTest",""
"","16","hydrate does not wait on an in-flight write[jvm]","","2026-07-31","passed","2026-07-31","","PreferencesMirrorJvmTest[jvm]","com.georgeci.moneysurfer.data.config.PreferencesMirrorJvmTest",""
"","262","the index the list query relies on is created with the column[jvm]","","2026-07-31","passed","2026-07-31","","TransactionSplitIdMigrationIT[jvm]","com.georgeci.moneysurfer.integration.repository.TransactionSplitIdMigrationIT",""
"","6","insert in demo session writes DAO but skips outbox[jvm]","","2026-07-31","passed","2026-07-31","","WorkspaceMemberRepositoryDualWriteSpec[jvm]","com.georgeci.moneysurfer.data.repository.WorkspaceMemberRepositoryDualWriteSpec",""
"","5","handle cancel on the only running request cancels the worker job[jvm]","","2026-07-31","passed","2026-07-31","","SyncCoordinatorImplBranchSpec[jvm]","com.georgeci.moneysurfer.sync.coordinator.SyncCoordinatorImplBranchSpec",""
"","25","contribution create is blocked when clientVersionCode is below the floor","","2026-08-02","passed","2026-08-02","","savings goals (issue #244)","savings goals (issue #244) contribution create is blocked when clientVersionCode is below the floor",""
"","57","the user can read their own document and does see the phantom ref","","2026-08-02","passed","2026-08-02","","dangling users/{uid}.workspaceIds refs","dangling users/{uid}.workspaceIds refs the user can read their own document and does see the phantom ref",""
"","1","SettingsAbout[jvm]","","2026-08-02","passed","2026-08-02","","RouteSerializationTest[jvm]","com.georgeci.moneysurfer.navigation.RouteSerializationTest",""
"","20","an invite survives the round trip, expiry included[jvm]","","2026-07-31","passed","2026-07-31","","MembershipDtoMapperSpec[jvm]","com.georgeci.moneysurfer.data.sync.MembershipDtoMapperSpec",""
"","2","an inline panel is the extra pane and stays dismissable[jvm]","","2026-08-02","passed","2026-08-02","","SurferPaneSceneStrategyTest[jvm]","com.georgeci.moneysurfer.navigation.SurferPaneSceneStrategyTest",""
"","4","the appearance settings are the ones that follow the account[jvm]","","2026-07-31","passed","2026-07-31","","ConfigKeyScopeTest[jvm]","com.georgeci.moneysurfer.data.config.ConfigKeyScopeTest",""
"","59","deleting a parent category moves its children to the root, and undo re-attaches them[jvm]","","2026-07-31","passed","2026-07-31","","DeleteUndoIntegrationIT[jvm]","com.georgeci.moneysurfer.integration.repository.DeleteUndoIntegrationIT",""
"","250","a layer holding nothing reads differently from one whose value the codec rejects[jvm]","","2026-08-02","passed","2026-08-02","","DebugConfigScreenStateTest[jvm]","com.georgeci.moneysurfer.ui.DebugConfigScreenStateTest",""
"","3","default newRequestId factory generates uuid-shaped ids[jvm]","","2026-07-31","passed","2026-07-31","","SyncCoordinatorImplBranchSpec[jvm]","com.georgeci.moneysurfer.sync.coordinator.SyncCoordinatorImplBranchSpec",""
"","22","an empty cache reads as no table at all, not an empty one[jvm]","","2026-07-31","passed","2026-07-31","","ExchangeRateRepositoryImplJvmTest[jvm]","com.georgeci.moneysurfer.data.repository.ExchangeRateRepositoryImplJvmTest",""
"","2","no enqueue when uid is empty string[jvm]","","2026-07-31","passed","2026-07-31","","OutboxEnqueuerImplSpec[jvm]","com.georgeci.moneysurfer.sync.repository.OutboxEnqueuerImplSpec",""
"","9","the base-currency filter is only blamed when it is the reason nothing is drawn[jvm]","","2026-07-31","passed","2026-07-31","","SpendInsightsTest[jvm]","com.georgeci.moneysurfer.domain.model.SpendInsightsTest",""
"","28","a workspace with no category of this type has nothing to file the row under[jvm]","","2026-08-02","passed","2026-08-02","","TransactionCreationSaveGuardsTest[jvm]","com.georgeci.moneysurfer.feature.transaction.creation.TransactionCreationSaveGuardsTest",""
"","61","sender cannot append when list is already at cap (100)","","2026-08-02","passed","2026-08-02","","users/{uid} — invitedWorkspaceIds cross-user append","users/{uid} — invitedWorkspaceIds cross-user append sender cannot append when list is already at cap (100)",""
"","7","foreign-currency expenses are skipped and raise the mixed-currency flag[jvm]","","2026-07-31","passed","2026-07-31","","BudgetProgressTest[jvm]","com.georgeci.moneysurfer.domain.model.BudgetProgressTest",""
"","32","totals sum magnitudes per type over the whole window, not per page[jvm]","","2026-07-31","passed","2026-07-31","","TransactionWindowIntegrationIT[jvm]","com.georgeci.moneysurfer.integration.repository.TransactionWindowIntegrationIT",""
"","5","actual → planned unwinds impact[jvm]","","2026-07-31","passed","2026-07-31","","ApplyTransactionChangeUseCaseTest[jvm]","com.georgeci.moneysurfer.domain.usecase.ApplyTransactionChangeUseCaseTest",""
"","17","snapshot before hydrate throws in debug builds[jvm]","","2026-07-31","passed","2026-07-31","","LayeredConfigSpec[jvm]","com.georgeci.moneysurfer.appconfig.LayeredConfigSpec",""
"","97","a release build refuses to open a database it has no migration path to[jvm]","","2026-07-31","passed","2026-07-31","","DatabaseBuilderSpec[jvm]","com.georgeci.moneysurfer.data.db.DatabaseBuilderSpec",""
"","49","resolution takes the first non-absent layer[jvm]","","2026-07-31","passed","2026-07-31","","LayeredConfigSpec[jvm]","com.georgeci.moneysurfer.appconfig.LayeredConfigSpec",""
"","1","a category that is not in the list yields an empty trend rather than throwing[jvm]","","2026-07-31","passed","2026-07-31","","CategorySpendHistoryTest[jvm]","com.georgeci.moneysurfer.domain.model.CategorySpendHistoryTest",""
"","120","with no budget the burn-rate card still draws the projection, minus the verdict[jvm]","","2026-08-02","passed","2026-08-02","","DashboardScreenStateTest[jvm]","com.georgeci.moneysurfer.ui.DashboardScreenStateTest",""
"","41","writes two linked legs sharing transferId, tagged with the workspace's Transfer category[jvm]","","2026-07-31","passed","2026-07-31","","CreateTransferUseCaseTest[jvm]","com.georgeci.moneysurfer.domain.usecase.CreateTransferUseCaseTest",""
"","2","cancelCurrent with no running sync is a no-op[jvm]","","2026-07-31","passed","2026-07-31","","SyncCoordinatorImplBranchSpec[jvm]","com.georgeci.moneysurfer.sync.coordinator.SyncCoordinatorImplBranchSpec",""
"","1","legs left uncategorized count as one category between them[jvm]","","2026-07-31","passed","2026-07-31","","TransactionSplitGroupTest[jvm]","com.georgeci.moneysurfer.domain.model.TransactionSplitGroupTest",""
"","23","a month window keeps the boundary days and drops the neighbours[jvm]","","2026-07-31","passed","2026-07-31","","TransactionWindowIntegrationIT[jvm]","com.georgeci.moneysurfer.integration.repository.TransactionWindowIntegrationIT",""
"","11","the follow-period count uses the anchor the list was paged to, not today[jvm]","","2026-08-02","passed","2026-08-02","","TransactionFiltersViewModelTest[jvm]","com.georgeci.moneysurfer.feature.transaction.filters.TransactionFiltersViewModelTest",""
"","11","letters are an invalid format[jvm]","","2026-08-02","passed","2026-08-02","","TransactionAmountInputTest[jvm]","com.georgeci.moneysurfer.feature.transaction.creation.TransactionAmountInputTest",""
"","14","a missing workspace outranks any earlier outcome once nothing is running[jvm]","","2026-08-02","passed","2026-08-02","","SyncViewModelTest[jvm]","com.georgeci.moneysurfer.feature.settings.sync.SyncViewModelTest",""
"","5","a key whose row the account wipe removed is not resurrected on the server[jvm]","","2026-07-31","passed","2026-07-31","","UserConfigSyncPluginSpec[jvm]","com.georgeci.moneysurfer.data.sync.plugin.UserConfigSyncPluginSpec",""
"","1","an empty category column maps to an empty list rather than one blank id[jvm]","","2026-07-31","passed","2026-07-31","","WorkspaceScopedDtoMapperSpec[jvm]","com.georgeci.moneysurfer.data.sync.WorkspaceScopedDtoMapperSpec",""
"","7","two budgets on one category take the control read-only, naming the older one[jvm]","","2026-07-31","passed","2026-07-31","","CategoryCapCoverageTest[jvm]","com.georgeci.moneysurfer.domain.model.CategoryCapCoverageTest",""
"","5","TransactionsByAccount[jvm]","","2026-08-02","passed","2026-08-02","","RouteSerializationTest[jvm]","com.georgeci.moneysurfer.navigation.RouteSerializationTest",""
"","280","an oversized file posts FileTooLarge and returns to Idle[jvm]","","2026-08-02","passed","2026-08-02","","CsvBackupViewModelTest[jvm]","com.georgeci.moneysurfer.feature.settings.csv.CsvBackupViewModelTest",""
"","33","content is capped and centred once the window is wider than the cap[jvm]","","2026-08-02","passed","2026-08-02","","SurferContentContainerTest[jvm]","com.georgeci.moneysurfer.ui.SurferContentContainerTest",""
"","29","selection and sheet actions publish their corresponding effects[jvm]","","2026-08-02","passed","2026-08-02","","AccountChooserViewModelTest[jvm]","com.georgeci.moneysurfer.feature.account.picker.AccountChooserViewModelTest",""
"","17","a purged row can no longer be restored — the Undo simply finds nothing[jvm]","","2026-07-31","passed","2026-07-31","","TransactionSoftDeleteIntegrationIT[jvm]","com.georgeci.moneysurfer.integration.repository.TransactionSoftDeleteIntegrationIT",""
"","7","markFailed returns row to PENDING with attempts incremented[jvm]","","2026-07-31","passed","2026-07-31","","PendingMutationQueueImplSpec[jvm]","com.georgeci.moneysurfer.data.sync.PendingMutationQueueImplSpec",""
"","23","user CANNOT self-set status to REMOVED","","2026-08-02","passed","2026-08-02","","workspaces/{wid}/members/{uid}","workspaces/{wid}/members/{uid} user CANNOT self-set status to REMOVED",""
"","1","caps at MAX_TAGS[jvm]","","2026-07-31","passed","2026-07-31","","TransactionTagsTest[jvm]","com.georgeci.moneysurfer.domain.model.TransactionTagsTest",""
"","1","sync is allowed before the first refresh, so a cold start is never blocked on the network[jvm]","","2026-07-31","passed","2026-07-31","","AppVersionGateImplTest[jvm]","com.georgeci.moneysurfer.data.repository.AppVersionGateImplTest",""
"","168","a row with no merchant and no note is named rather than left blank[jvm]","","2026-08-02","passed","2026-08-02","","TransactionsListScreenStateTest[jvm]","com.georgeci.moneysurfer.ui.TransactionsListScreenStateTest",""
"","272","extra details round-trip through the wire format, order included[jvm]","","2026-07-31","passed","2026-07-31","","AccountDtoMapperSpec[jvm]","com.georgeci.moneysurfer.data.sync.AccountDtoMapperSpec",""
"","10","negative amounts are an invalid format — the type toggle carries the sign[jvm]","","2026-08-02","passed","2026-08-02","","TransactionAmountInputTest[jvm]","com.georgeci.moneysurfer.feature.transaction.creation.TransactionAmountInputTest",""
"","8","dangerous merchants and tags survive a full CSV round-trip unchanged[jvm]","","2026-07-31","passed","2026-07-31","","TransactionCsvCodecTest[jvm]","com.georgeci.moneysurfer.domain.csv.TransactionCsvCodecTest",""
"","10","a selected category outside the top seven takes the last slot rather than disappearing[jvm]","","2026-08-02","passed","2026-08-02","","TransactionCreationMappingTest[jvm]","com.georgeci.moneysurfer.feature.transaction.creation.TransactionCreationMappingTest",""
"","4","a trailing empty variant field reads as no variant at all[jvm]","","2026-07-31","passed","2026-07-31","","DashboardLayoutCodecTest[jvm]","com.georgeci.moneysurfer.data.preferences.DashboardLayoutCodecTest",""
"","26","the trailing line always carries what is left of the amount[jvm]","","2026-08-02","passed","2026-08-02","","TransactionCreationSplitTest[jvm]","com.georgeci.moneysurfer.feature.transaction.creation.TransactionCreationSplitTest",""
"","76","a failed flag write leaves the screen retryable instead of navigating on[jvm]","","2026-08-02","passed","2026-08-02","","OnboardingViewModelTest[jvm]","com.georgeci.moneysurfer.feature.login.onboarding.OnboardingViewModelTest",""
"","628","two seals of the same plaintext differ (fresh salt + IV)[jvm]","","2026-07-31","passed","2026-07-31","","EncryptedBackupCodecTest[jvm]","com.georgeci.moneysurfer.data.backup.EncryptedBackupCodecTest",""
"","23","editing an account loads its extra details and saves them back[jvm]","","2026-08-02","passed","2026-08-02","","AccountCreationViewModelTest[jvm]","com.georgeci.moneysurfer.feature.account.creation.AccountCreationViewModelTest",""
"","13","changes emits the current state and again after a replace[jvm]","","2026-07-31","passed","2026-07-31","","RemoteConfigMirrorImplJvmTest[jvm]","com.georgeci.moneysurfer.data.config.RemoteConfigMirrorImplJvmTest",""
"","32","rejects transaction tags sent as a string instead of a list","","2026-08-02","passed","2026-08-02","","entity write-shape validation (issue #156)","entity write-shape validation (issue #156) rejects transaction tags sent as a string instead of a list",""
"","3","grid search trims whitespace and ignores case[jvm]","","2026-08-02","passed","2026-08-02","","CategoryPickerRowsTest[jvm]","com.georgeci.moneysurfer.feature.category.picker.CategoryPickerRowsTest",""
"","7","a workspace full of budgets that miss this category still leaves the control free[jvm]","","2026-07-31","passed","2026-07-31","","CategoryCapCoverageTest[jvm]","com.georgeci.moneysurfer.domain.model.CategoryCapCoverageTest",""
"","23","a cap of zero creates no budget[jvm]","","2026-08-02","passed","2026-08-02","","CategoryCreationViewModelTest[jvm]","com.georgeci.moneysurfer.feature.category.creation.CategoryCreationViewModelTest",""
"","5","the legs share one split id and differ only in category and amount[jvm]","","2026-07-31","passed","2026-07-31","","CreateSplitTransactionUseCaseTest[jvm]","com.georgeci.moneysurfer.domain.usecase.CreateSplitTransactionUseCaseTest",""
"","6","a pulled value is not echoed back to the server[jvm]","","2026-07-31","passed","2026-07-31","","SyncedSettingsSessionImplJvmTest[jvm]","com.georgeci.moneysurfer.data.config.SyncedSettingsSessionImplJvmTest",""
"","10","the projection adds the average for every day still ahead, today excluded[jvm]","","2026-07-31","passed","2026-07-31","","BurnRateTest[jvm]","com.georgeci.moneysurfer.domain.model.BurnRateTest",""
"","308","the near-limit alert renders one percent sign per percentage, not two[jvm]","","2026-08-02","passed","2026-08-02","","PercentFormattingTest[jvm]","com.georgeci.moneysurfer.ui.PercentFormattingTest",""
"","40","stays loading and preserves the initial selection until accounts arrive[jvm]","","2026-08-02","passed","2026-08-02","","AccountChooserViewModelTest[jvm]","com.georgeci.moneysurfer.feature.account.picker.AccountChooserViewModelTest",""
"","28","cross-currency transfer uses separate fromMoney and toMoney with each account's currency[jvm]","","2026-08-02","passed","2026-08-02","","TransactionCreationSaveTest[jvm]","com.georgeci.moneysurfer.feature.transaction.creation.TransactionCreationSaveTest",""
"","9","host capabilities read straight through to the engine[jvm]","","2026-07-31","passed","2026-07-31","","ConfigFacadesJvmTest[jvm]","com.georgeci.moneysurfer.data.config.ConfigFacadesJvmTest",""
"","24","totals stay split by currency rather than adding minor units together[jvm]","","2026-07-31","passed","2026-07-31","","TransactionWindowIntegrationIT[jvm]","com.georgeci.moneysurfer.integration.repository.TransactionWindowIntegrationIT",""
"","0","CategoryDetails[jvm]","","2026-08-02","passed","2026-08-02","","RouteSerializationTest[jvm]","com.georgeci.moneysurfer.navigation.RouteSerializationTest",""
"","6","the number of purged rows is reported back to the caller[jvm]","","2026-07-31","passed","2026-07-31","","PurgeDeletedTransactionsUseCaseTest[jvm]","com.georgeci.moneysurfer.domain.usecase.PurgeDeletedTransactionsUseCaseTest",""
"","4","LastSyncOutcome.None is singleton[jvm]","","2026-07-31","passed","2026-07-31","","SyncStateSpec[jvm]","com.georgeci.moneysurfer.sync.api.SyncStateSpec",""
"","8","geometry reports the width band, same as ofWidth[jvm]","","2026-08-02","passed","2026-08-02","","SurferWindowSizeTest[jvm]","com.georgeci.moneysurfer.uikit.window.SurferWindowSizeTest",""
"","0","shifting a week steps seven days from the week start[jvm]","","2026-07-31","passed","2026-07-31","","TransactionPeriodWindowTest[jvm]","com.georgeci.moneysurfer.domain.util.TransactionPeriodWindowTest",""
"","241","password error renders under the password field[jvm]","","2026-08-02","passed","2026-08-02","","SignInScreenStateTest[jvm]","com.georgeci.moneysurfer.ui.SignInScreenStateTest",""
"","24","a config that could not be read leaves the build supported[jvm]","","2026-07-31","passed","2026-07-31","","AppVersionGateImplTest[jvm]","com.georgeci.moneysurfer.data.repository.AppVersionGateImplTest",""
"","20","a created user starts with no workspace refs[jvm]","","2026-07-31","passed","2026-07-31","","UserRemoteRepositoryImplTest[jvm]","com.georgeci.moneysurfer.data.repository.UserRemoteRepositoryImplTest",""
"","42","handle writes to the Local layer and the flow sees it[jvm]","","2026-07-31","passed","2026-07-31","","LayeredConfigSpec[jvm]","com.georgeci.moneysurfer.appconfig.LayeredConfigSpec",""
"","20","RemoteGlobal serves a remoteOverridable key[jvm]","","2026-07-31","passed","2026-07-31","","LayeredConfigSpec[jvm]","com.georgeci.moneysurfer.appconfig.LayeredConfigSpec",""
"","239","tapping a row asks for that row's picker[jvm]","","2026-08-02","passed","2026-08-02","","PreferencesScreenStateTest[jvm]","com.georgeci.moneysurfer.ui.PreferencesScreenStateTest",""
"","392","save is blocked until a name and a positive limit are entered[jvm]","","2026-08-02","passed","2026-08-02","","BudgetEditViewModelTest[jvm]","com.georgeci.moneysurfer.feature.budget.edit.BudgetEditViewModelTest",""
"","23","user can write their own email mapping","","2026-08-02","passed","2026-08-02","","userEmails/{email}","userEmails/{email} user can write their own email mapping",""
"","47","the query covers the chart's week and the month behind it in one window[jvm]","","2026-07-31","passed","2026-07-31","","GetBurnRateUseCaseTest[jvm]","com.georgeci.moneysurfer.domain.usecase.GetBurnRateUseCaseTest",""
"","461","a period with spend draws the donut, the trend and the merchants[jvm]","","2026-08-02","passed","2026-08-02","","InsightsScreenTest[jvm]","com.georgeci.moneysurfer.ui.InsightsScreenTest",""
"","10","markCompleted removes rows[jvm]","","2026-07-31","passed","2026-07-31","","PendingMutationQueueImplSpec[jvm]","com.georgeci.moneysurfer.data.sync.PendingMutationQueueImplSpec",""
"","32","an operationDate that is a timestamp, not a date is counted by no aggregate[jvm]","","2026-07-31","passed","2026-07-31","","SpendAnalyticsRepositoryImplJvmTest[jvm]","com.georgeci.moneysurfer.data.repository.SpendAnalyticsRepositoryImplJvmTest",""
"","199","with card styles switched off the sheet offers the widths and nothing else[jvm]","","2026-08-02","passed","2026-08-02","","DashboardCustomizeScreenStateTest[jvm]","com.georgeci.moneysurfer.ui.DashboardCustomizeScreenStateTest",""
"","11","hides the version when the artifacts of a family disagree on it[jvm]","","2026-08-02","passed","2026-08-02","","ParseOssLibrariesTest[jvm]","com.georgeci.moneysurfer.feature.settings.about.licenses.ParseOssLibrariesTest",""
"","12","an undeclared key is absent, so resolution falls through to the key default[jvm]","","2026-07-31","passed","2026-07-31","","BuildConfigSourceSpec[jvm]","com.georgeci.moneysurfer.appconfig.BuildConfigSourceSpec",""
"","18","duplicating an income row fills the form without any of the original's identity[jvm]","","2026-08-02","passed","2026-08-02","","TransactionCreationMappingTest[jvm]","com.georgeci.moneysurfer.feature.transaction.creation.TransactionCreationMappingTest",""
"","1","older layouts keep their own field count when a newer one exists[jvm]","","2026-07-31","passed","2026-07-31","","TransactionCsvCodecTest[jvm]","com.georgeci.moneysurfer.domain.csv.TransactionCsvCodecTest",""
"","2","every migration declares the versions its name promises[jvm]","","2026-07-31","passed","2026-07-31","","MigrationChainSpec[jvm]","com.georgeci.moneysurfer.data.db.MigrationChainSpec",""
"","19","first-run save adopts the picked currency as the workspace base currency and lands on Dashboard[jvm]","","2026-08-02","passed","2026-08-02","","AccountCreationViewModelTest[jvm]","com.georgeci.moneysurfer.feature.account.creation.AccountCreationViewModelTest",""
"","19","the offline build still carries an edited account's extra details through a save[jvm]","","2026-08-02","passed","2026-08-02","","AccountCreationViewModelTest[jvm]","com.georgeci.moneysurfer.feature.account.creation.AccountCreationViewModelTest",""
"","0","copy preserves equality[jvm]","","2026-07-31","passed","2026-07-31","","SyncConstraintsSpec[jvm]","com.georgeci.moneysurfer.sync.scheduler.SyncConstraintsSpec",""
"","65","a top bar the screen tagged through its modifier keeps that tag[jvm]","","2026-08-02","passed","2026-08-02","","SurferPaneChromeTest[jvm]","com.georgeci.moneysurfer.ui.SurferPaneChromeTest",""
"","11","an undecodable value is left on disk rather than overwritten by the fallback[jvm]","","2026-07-31","passed","2026-07-31","","LocalConfigSourceImplJvmTest[jvm]","com.georgeci.moneysurfer.data.config.LocalConfigSourceImplJvmTest",""
"","52","income counts in the monthly net and nowhere else[jvm]","","2026-07-31","passed","2026-07-31","","SpendAnalyticsRepositoryImplJvmTest[jvm]","com.georgeci.moneysurfer.data.repository.SpendAnalyticsRepositoryImplJvmTest",""
"","61","a zero amount says what is wrong with it rather than only refusing[jvm]","","2026-08-02","passed","2026-08-02","","TransactionCreationScreenStateTest[jvm]","com.georgeci.moneysurfer.ui.TransactionCreationScreenStateTest",""
"","705","the screen opens on its sections, with the applied type already selected[jvm]","","2026-08-02","passed","2026-08-02","","TransactionFiltersScreenStateTest[jvm]","com.georgeci.moneysurfer.ui.TransactionFiltersScreenStateTest",""
"","1","the workspace name comes from the pinned workspace, not the first one[jvm]","","2026-08-02","passed","2026-08-02","","ShellIdentityTest[jvm]","com.georgeci.moneysurfer.navigation.ShellIdentityTest",""
"","7","an already-pushed setting is not queued again[jvm]","","2026-07-31","passed","2026-07-31","","SyncedSettingsSessionImplJvmTest[jvm]","com.georgeci.moneysurfer.data.config.SyncedSettingsSessionImplJvmTest",""
"","1","eligibleParents excludes the other type and system categories[jvm]","","2026-07-31","passed","2026-07-31","","CategoryTreeTest[jvm]","com.georgeci.moneysurfer.domain.model.CategoryTreeTest",""
"","24","the migration creates config_entry with the columns the entity declares[jvm]","","2026-07-31","passed","2026-07-31","","ConfigEntryMigrationIT[jvm]","com.georgeci.moneysurfer.integration.repository.ConfigEntryMigrationIT",""
"","1","NetworkUnavailable is retryable[jvm]","","2026-07-31","passed","2026-07-31","","SyncErrorSpec[jvm]","com.georgeci.moneysurfer.sync.api.SyncErrorSpec",""
"","2","deleting one leg of a transfer takes the other with it[jvm]","","2026-07-31","passed","2026-07-31","","DeleteTransactionUseCaseTest[jvm]","com.georgeci.moneysurfer.domain.usecase.DeleteTransactionUseCaseTest",""
"","34","a transfer with only one side filled writes neither leg[jvm]","","2026-08-02","passed","2026-08-02","","TransactionCreationSaveGuardsTest[jvm]","com.georgeci.moneysurfer.feature.transaction.creation.TransactionCreationSaveGuardsTest",""
"","170","a real debug source is active, which is what surfaces the QA panel at all[jvm]","","2026-07-31","passed","2026-07-31","","DebugConfigSourceImplJvmTest[jvm]","com.georgeci.moneysurfer.data.config.DebugConfigSourceImplJvmTest",""
"","0","repeat delete (null/null) is empty delta[jvm]","","2026-07-31","passed","2026-07-31","","CalculateBalanceDeltaTest[jvm]","com.georgeci.moneysurfer.domain.model.CalculateBalanceDeltaTest",""
"","4","no two migrations start from the same version[jvm]","","2026-07-31","passed","2026-07-31","","MigrationChainSpec[jvm]","com.georgeci.moneysurfer.data.db.MigrationChainSpec",""
"","11","starts in Loading before categories arrive[jvm]","","2026-08-02","passed","2026-08-02","","CategoryChooserViewModelTest[jvm]","com.georgeci.moneysurfer.feature.category.picker.CategoryChooserViewModelTest",""
"","19","happy path: creates ACTIVE member with invite role + marks invite ACCEPTED[jvm]","","2026-07-31","passed","2026-07-31","","AcceptInviteUseCaseTest[jvm]","com.georgeci.moneysurfer.domain.usecase.AcceptInviteUseCaseTest",""
"","4","cancellation between documents aborts the pull[jvm]","","2026-07-31","passed","2026-07-31","","PullRemoteChangesUseCaseImplSpec[jvm]","com.georgeci.moneysurfer.data.sync.PullRemoteChangesUseCaseImplSpec",""
"","5","release builds enable collection[jvm]","","2026-07-31","passed","2026-07-31","","CrashReportingTest[jvm]","com.georgeci.moneysurfer.domain.telemetry.CrashReportingTest",""
"","16","save is disabled while the amount is empty[jvm]","","2026-08-02","passed","2026-08-02","","GoalContributionViewModelTest[jvm]","com.georgeci.moneysurfer.feature.goal.contribution.GoalContributionViewModelTest",""
"","26","an empty amount is not a transaction[jvm]","","2026-08-02","passed","2026-08-02","","TransactionCreationSaveGuardsTest[jvm]","com.georgeci.moneysurfer.feature.transaction.creation.TransactionCreationSaveGuardsTest",""
"","80","the form's two plain navigation actions leave the state alone[jvm]","","2026-08-02","passed","2026-08-02","","TransactionCreationFormTest[jvm]","com.georgeci.moneysurfer.feature.transaction.creation.TransactionCreationFormTest",""
"","8","enqueueUpsert is a no-op when app version is Unsupported[jvm]","","2026-07-31","passed","2026-07-31","","OutboxEnqueuerSpec[jvm]","com.georgeci.moneysurfer.data.sync.OutboxEnqueuerSpec",""
"","23","invitee cannot tombstone a PENDING invite (known limitation: only status transitions)","","2026-08-02","passed","2026-08-02","","tombstone update shape (push-side soft delete)","tombstone update shape (push-side soft delete) invitee cannot tombstone a PENDING invite (known limitation: only status transitions)",""
"","113","format negative amount[jvm]","","2026-07-31","passed","2026-07-31","","MoneyFormatterTest[jvm]","com.georgeci.moneysurfer.domain.MoneyFormatterTest",""
"","7","a selection whose category was deleted is dropped rather than saved as a dangling id[jvm]","","2026-08-02","passed","2026-08-02","","BudgetEditViewModelTest[jvm]","com.georgeci.moneysurfer.feature.budget.edit.BudgetEditViewModelTest",""
"","33","the amount bounds compare against the magnitude, not the sign[jvm]","","2026-08-02","passed","2026-08-02","","TransactionsByAccountFilteringTest[jvm]","com.georgeci.moneysurfer.feature.transaction.list.TransactionsByAccountFilteringTest",""
"","7","value kind enumerates every choice so the panel never needs free-text entry[jvm]","","2026-07-31","passed","2026-07-31","","PaletteSourceCodecTest[jvm]","com.georgeci.moneysurfer.data.config.PaletteSourceCodecTest",""
"","16","blank stored falls back to operationAt in UTC[jvm]","","2026-07-31","passed","2026-07-31","","ResolveLegacyOperationDateTest[jvm]","com.georgeci.moneysurfer.data.repository.ResolveLegacyOperationDateTest",""
"","3","enqueueUpsert writes a PendingMutation when signed in[jvm]","","2026-07-31","passed","2026-07-31","","OutboxEnqueuerSpec[jvm]","com.georgeci.moneysurfer.data.sync.OutboxEnqueuerSpec",""
"","8","a plain transaction needs an amount, an account and a category[jvm]","","2026-08-02","passed","2026-08-02","","TransactionCreationStateTest[jvm]","com.georgeci.moneysurfer.feature.transaction.creation.TransactionCreationStateTest",""
"","7","rejects when removing the last OWNER[jvm]","","2026-07-31","passed","2026-07-31","","RemoveMemberUseCaseTest[jvm]","com.georgeci.moneysurfer.domain.usecase.RemoveMemberUseCaseTest",""
"","275","the period switch spans the whole grid rather than taking a cell[jvm]","","2026-08-02","passed","2026-08-02","","DashboardGridScreenTest[jvm]","com.georgeci.moneysurfer.ui.DashboardGridScreenTest",""
"","29","sums every currency into the base once rates cover them[jvm]","","2026-07-31","passed","2026-07-31","","ConvertAccountsTotalUseCaseTest[jvm]","com.georgeci.moneysurfer.domain.usecase.ConvertAccountsTotalUseCaseTest",""
"","19","OnAccountMoveEnd persists the order the drag built up[jvm]","","2026-08-02","passed","2026-08-02","","AccountsManageViewModelTest[jvm]","com.georgeci.moneysurfer.feature.account.manage.AccountsManageViewModelTest",""
"","1","expense is the safe default when the selection is absent or stale[jvm]","","2026-08-02","passed","2026-08-02","","CategoryPickerRowsTest[jvm]","com.georgeci.moneysurfer.feature.category.picker.CategoryPickerRowsTest",""
"","1","round-trips every variant in the pre-engine wire format[jvm]","","2026-07-31","passed","2026-07-31","","PaletteSourceCodecTest[jvm]","com.georgeci.moneysurfer.data.config.PaletteSourceCodecTest",""
"","152","the base-currency filter is named as the reason, and nothing else is drawn[jvm]","","2026-08-02","passed","2026-08-02","","InsightsScreenTest[jvm]","com.georgeci.moneysurfer.ui.InsightsScreenTest",""
"","5","a config_entry row named after a host or server key is never served[jvm]","","2026-07-31","passed","2026-07-31","","LocalConfigSourceImplJvmTest[jvm]","com.georgeci.moneysurfer.data.config.LocalConfigSourceImplJvmTest",""
"","20","the character counter appears once the name reaches the threshold[jvm]","","2026-08-02","passed","2026-08-02","","CategoryCreationViewModelTest[jvm]","com.georgeci.moneysurfer.feature.category.creation.CategoryCreationViewModelTest",""
"","2","UploadingPendingChanges title[jvm]","","2026-07-31","passed","2026-07-31","","SyncStepSpec[jvm]","com.georgeci.moneysurfer.sync.api.SyncStepSpec",""
"","27","a consistent transfer pair imports both legs[jvm]","","2026-07-31","passed","2026-07-31","","ImportTransactionsValidationTest[jvm]","com.georgeci.moneysurfer.domain.csv.ImportTransactionsValidationTest",""
"","1","parse returns null for incomplete input and a number otherwise[jvm]","","2026-08-02","passed","2026-08-02","","InitialBalanceInputTest[jvm]","com.georgeci.moneysurfer.feature.account.creation.InitialBalanceInputTest",""
"","2","sanitize drops letters and other stray characters[jvm]","","2026-08-02","passed","2026-08-02","","InitialBalanceInputTest[jvm]","com.georgeci.moneysurfer.feature.account.creation.InitialBalanceInputTest",""
"","28","a failed local write reports the generic error[jvm]","","2026-08-02","passed","2026-08-02","","WorkspaceCreationViewModelTest[jvm]","com.georgeci.moneysurfer.feature.workspace.creation.WorkspaceCreationViewModelTest",""
"","6","a warning with a throwable becomes a breadcrumb and a non-fatal[jvm]","","2026-07-31","passed","2026-07-31","","CrashReportingLogWriterTest[jvm]","com.georgeci.moneysurfer.domain.telemetry.CrashReportingLogWriterTest",""
"","8","toggling off discards the lines and leaves the rest of the form alone[jvm]","","2026-08-02","passed","2026-08-02","","TransactionCreationSplitEditingTest[jvm]","com.georgeci.moneysurfer.feature.transaction.creation.TransactionCreationSplitEditingTest",""
"","19","a non-denial failure in the user-scoped phase still fails the pull[jvm]","","2026-07-31","passed","2026-07-31","","PullRemoteChangesUseCaseImplSpec[jvm]","com.georgeci.moneysurfer.data.sync.PullRemoteChangesUseCaseImplSpec",""
"","12","an active account of the same name is reused rather than duplicated[jvm]","","2026-07-31","passed","2026-07-31","","DemoDataBlueprintTest[jvm]","com.georgeci.moneysurfer.domain.debug.DemoDataBlueprintTest",""
"","8","balance input strips letters and collapses extra decimal separators[jvm]","","2026-08-02","passed","2026-08-02","","AccountCreationViewModelTest[jvm]","com.georgeci.moneysurfer.feature.account.creation.AccountCreationViewModelTest",""
"","124","submitting with no email reports EmailRequired against the email field[jvm]","","2026-08-02","passed","2026-08-02","","SignInViewModelTest[jvm]","com.georgeci.moneysurfer.feature.login.SignInViewModelTest",""
"","0","distinguishes ids differing in their trailing digits[jvm]","","2026-07-31","passed","2026-07-31","","TransactionReferenceTest[jvm]","com.georgeci.moneysurfer.domain.model.TransactionReferenceTest",""
"","28","create stores the account[jvm]","","2026-07-31","passed","2026-07-31","","AccountWriteUseCasesTest[jvm]","com.georgeci.moneysurfer.domain.usecase.AccountWriteUseCasesTest",""
"","32","the period mode is persisted, not held in the screen state[jvm]","","2026-08-02","passed","2026-08-02","","TransactionsByAccountPeriodTest[jvm]","com.georgeci.moneysurfer.feature.transaction.list.TransactionsByAccountPeriodTest",""
"","4","clearing a key that was never used is a no-op[jvm]","","2026-08-02","passed","2026-08-02","","NavEntryViewModelStoreHolderTest[jvm]","com.georgeci.moneysurfer.navigation.util.NavEntryViewModelStoreHolderTest",""
"","0","'0,99' -> '0.99'[jvm]","","2026-08-02","passed","2026-08-02","","AmountInputTransformationTest[jvm]","com.georgeci.moneysurfer.utils.AmountInputTransformationTest",""
"","5","a well-known key resolves to its enum entry and a custom label does not[jvm]","","2026-07-31","passed","2026-07-31","","AccountExtraDetailsTest[jvm]","com.georgeci.moneysurfer.domain.model.AccountExtraDetailsTest",""
"","9","writing a key releases its overlay entry, so the new value is what resolves[jvm]","","2026-07-31","passed","2026-07-31","","LayeredConfigSpec[jvm]","com.georgeci.moneysurfer.appconfig.LayeredConfigSpec",""
"","6","ISO week numbering matches the calendar[jvm]","","2026-07-31","passed","2026-07-31","","TransactionPeriodWindowTest[jvm]","com.georgeci.moneysurfer.domain.util.TransactionPeriodWindowTest",""
"","16","the toolbar back action pops the screen[jvm]","","2026-08-02","passed","2026-08-02","","WorkspaceSelectorViewModelTest[jvm]","com.georgeci.moneysurfer.feature.workspace.selector.WorkspaceSelectorViewModelTest",""
"","26","entries are ordered narrow to wide, so comparisons read as at-least[jvm]","","2026-08-02","passed","2026-08-02","","SurferWindowSizeTest[jvm]","com.georgeci.moneysurfer.uikit.window.SurferWindowSizeTest",""
"","54","adding a transaction from an account's list prefills that account[jvm]","","2026-08-02","passed","2026-08-02","","TransactionsByAccountNavigationTest[jvm]","com.georgeci.moneysurfer.feature.transaction.list.TransactionsByAccountNavigationTest",""
"","23","user can self-update status to LEFT","","2026-08-02","passed","2026-08-02","","workspaces/{wid}/members/{uid}","workspaces/{wid}/members/{uid} user can self-update status to LEFT",""
"","46","saving an edit to a row deleted underneath it restores the row instead of colliding[jvm]","","2026-07-31","passed","2026-07-31","","TransactionSoftDeleteIntegrationIT[jvm]","com.georgeci.moneysurfer.integration.repository.TransactionSoftDeleteIntegrationIT",""
"","25","a stringified console boolean decodes whatever its casing[jvm]","","2026-07-31","passed","2026-07-31","","RemoteGlobalConfigSourceImplSpec[jvm]","com.georgeci.moneysurfer.appconfig.remote.RemoteGlobalConfigSourceImplSpec",""
"","44","the greeting is resolved even when no workspace names the toolbar[jvm]","","2026-08-02","passed","2026-08-02","","DashboardViewModelTest[jvm]","com.georgeci.moneysurfer.feature.dashboard.DashboardViewModelTest",""
"","216","loadCurrencies populates available list and emits NavigateBack on save[jvm]","","2026-08-02","passed","2026-08-02","","AccountCreationViewModelTest[jvm]","com.georgeci.moneysurfer.feature.account.creation.AccountCreationViewModelTest",""
"","7","answers null while nobody is signed in[jvm]","","2026-07-31","passed","2026-07-31","","GetCurrentWorkspaceUseCaseTest[jvm]","com.georgeci.moneysurfer.domain.usecase.GetCurrentWorkspaceUseCaseTest",""
"","447","the domain's icon keys are exactly the ones uikit can render[jvm]","","2026-08-02","passed","2026-08-02","","CategoryPaletteParityTest[jvm]","com.georgeci.moneysurfer.feature.category.CategoryPaletteParityTest",""
"","30","an insert writes the row under the workspace's transactions collection[jvm]","","2026-07-31","passed","2026-07-31","","TransactionSyncPluginIT[jvm]","com.georgeci.moneysurfer.integration.plugin.TransactionSyncPluginIT",""
"","1","a category that fell past the threshold reads as a saving[jvm]","","2026-07-31","passed","2026-07-31","","InsightRulesTest[jvm]","com.georgeci.moneysurfer.domain.insight.InsightRulesTest",""
"","1","defuses FTS operators by wildcarding them[jvm]","","2026-07-31","passed","2026-07-31","","FtsQueryTest[jvm]","com.georgeci.moneysurfer.data.db.FtsQueryTest",""
"","4","a note starting with a formula trigger is neutralised on encode[jvm]","","2026-07-31","passed","2026-07-31","","TransactionCsvCodecTest[jvm]","com.georgeci.moneysurfer.domain.csv.TransactionCsvCodecTest",""
"","12","update preserves createdAt and enqueues UPDATE[jvm]","","2026-07-31","passed","2026-07-31","","GoalRepositoryDualWriteSpec[jvm]","com.georgeci.moneysurfer.data.repository.GoalRepositoryDualWriteSpec",""
"","59","an emoji-led name keeps its whole glyph in the avatar bubble[jvm]","","2026-08-02","passed","2026-08-02","","DashboardViewModelTest[jvm]","com.georgeci.moneysurfer.feature.dashboard.DashboardViewModelTest",""
"","272","a root-collection outbox row and a truncated queue both render their own wording[jvm]","","2026-08-02","passed","2026-08-02","","SyncScreenStateTest[jvm]","com.georgeci.moneysurfer.ui.SyncScreenStateTest",""
"","1","an empty back stack has nothing to pop[jvm]","","2026-08-02","passed","2026-08-02","","BackNavigationContentKeysTest[jvm]","com.georgeci.moneysurfer.navigation.util.BackNavigationContentKeysTest",""
"","0","GoalEdit[jvm]","","2026-08-02","passed","2026-08-02","","RouteSerializationTest[jvm]","com.georgeci.moneysurfer.navigation.RouteSerializationTest",""
"","42","requestSync completes with success for noop use cases[jvm]","","2026-07-31","passed","2026-07-31","","SyncCoordinatorImplSpec[jvm]","com.georgeci.moneysurfer.sync.coordinator.SyncCoordinatorImplSpec",""
"","66","the windows follow the calendar instead of freezing at subscription time[jvm]","","2026-07-31","passed","2026-07-31","","GenerateInsightsUseCaseTest[jvm]","com.georgeci.moneysurfer.domain.usecase.GenerateInsightsUseCaseTest",""
"","1","a rule that has not started yet is dated from its start[jvm]","","2026-07-31","passed","2026-07-31","","UpcomingRecurringTest[jvm]","com.georgeci.moneysurfer.domain.model.UpcomingRecurringTest",""
"","140","a closed-set key gets one chip per choice, with the effective value marked[jvm]","","2026-08-02","passed","2026-08-02","","DebugConfigScreenStateTest[jvm]","com.georgeci.moneysurfer.ui.DebugConfigScreenStateTest",""
"","8","Running carries id, reasons, scope, currentStep[jvm]","","2026-07-31","passed","2026-07-31","","SyncStateSpec[jvm]","com.georgeci.moneysurfer.sync.api.SyncStateSpec",""
"","3","sanitize keeps a single leading minus and ignores later ones[jvm]","","2026-08-02","passed","2026-08-02","","InitialBalanceInputTest[jvm]","com.georgeci.moneysurfer.feature.account.creation.InitialBalanceInputTest",""
"","3","an empty repository produces content with no total[jvm]","","2026-08-02","passed","2026-08-02","","AccountChooserViewModelTest[jvm]","com.georgeci.moneysurfer.feature.account.picker.AccountChooserViewModelTest",""
"","0","late December can already belong to the next week-year[jvm]","","2026-07-31","passed","2026-07-31","","TransactionPeriodWindowTest[jvm]","com.georgeci.moneysurfer.domain.util.TransactionPeriodWindowTest",""
"","28","offline state hides profile, sync, logout, members and pending invites rows[jvm]","","2026-08-02","passed","2026-08-02","","SettingsStateOfflineTest[jvm]","com.georgeci.moneysurfer.feature.settings.SettingsStateOfflineTest",""
"","9","spending past the cap reads OVER, and the fraction is allowed past one[jvm]","","2026-07-31","passed","2026-07-31","","SpentByCategoryTest[jvm]","com.georgeci.moneysurfer.domain.model.SpentByCategoryTest",""
"","1","rows outside the window cannot bend the curve[jvm]","","2026-07-31","passed","2026-07-31","","BalanceTrendTest[jvm]","com.georgeci.moneysurfer.domain.model.BalanceTrendTest",""
"","2","the average is the week's total over seven days, whatever the query left out[jvm]","","2026-07-31","passed","2026-07-31","","BurnRateTest[jvm]","com.georgeci.moneysurfer.domain.model.BurnRateTest",""
"","39","a contribution is pushed to the workspace's goalContributions collection[jvm]","","2026-07-31","passed","2026-07-31","","GoalSyncPluginIT[jvm]","com.georgeci.moneysurfer.integration.plugin.GoalSyncPluginIT",""
"","15","merchant edits follow the content table like note edits do[jvm]","","2026-07-31","passed","2026-07-31","","TransactionFtsIntegrationIT[jvm]","com.georgeci.moneysurfer.integration.repository.TransactionFtsIntegrationIT",""
"","344","a tablet in landscape puts the sheet beside the hero[jvm]","","2026-08-02","passed","2026-08-02","","SignInResponsiveLayoutTest[jvm]","com.georgeci.moneysurfer.ui.SignInResponsiveLayoutTest",""
"","4","a workspace created elsewhere shows up without reopening the screen[jvm]","","2026-08-02","passed","2026-08-02","","WorkspaceSelectorViewModelTest[jvm]","com.georgeci.moneysurfer.feature.workspace.selector.WorkspaceSelectorViewModelTest",""
"","1","every decoded code survives a re-encode[jvm]","","2026-07-31","passed","2026-07-31","","CurrencyCodeCodecTest[jvm]","com.georgeci.moneysurfer.data.config.CurrencyCodeCodecTest",""
"","5","an unreadable span falls back to full width, keeping the rest of the item[jvm]","","2026-07-31","passed","2026-07-31","","DashboardLayoutCodecTest[jvm]","com.georgeci.moneysurfer.data.preferences.DashboardLayoutCodecTest",""
"","12","forceUpdate cuts off a build that is otherwise current[jvm]","","2026-07-31","passed","2026-07-31","","AppVersionGateImplTest[jvm]","com.georgeci.moneysurfer.data.repository.AppVersionGateImplTest",""
"","9","archive missing the DataStore entry surfaces MissingFile[jvm]","","2026-07-31","passed","2026-07-31","","BackupImporterImplJvmTest[jvm]","com.georgeci.moneysurfer.data.backup.BackupImporterImplJvmTest",""
"","16","an empty file fails the whole import[jvm]","","2026-07-31","passed","2026-07-31","","ImportTransactionsValidationTest[jvm]","com.georgeci.moneysurfer.domain.csv.ImportTransactionsValidationTest",""
"","154","starts in Loading before anything is emitted[jvm]","","2026-08-02","passed","2026-08-02","","CategoryDetailsViewModelTest[jvm]","com.georgeci.moneysurfer.feature.category.details.CategoryDetailsViewModelTest",""
"","0","previousWindow ends exactly where the given window starts — no gap, no overlap[jvm]","","2026-07-31","passed","2026-07-31","","BudgetPeriodWindowTest[jvm]","com.georgeci.moneysurfer.domain.util.BudgetPeriodWindowTest",""
"","63","a rename reaches the toolbar without the screen re-subscribing[jvm]","","2026-08-02","passed","2026-08-02","","DashboardViewModelTest[jvm]","com.georgeci.moneysurfer.feature.dashboard.DashboardViewModelTest",""
"","44","an evicted (REMOVED) member can no longer read the roster","","2026-08-02","passed","2026-08-02","","workspaces/{wid}/members/{uid}","workspaces/{wid}/members/{uid} an evicted (REMOVED) member can no longer read the roster",""
"","4","unusable individual quotes are dropped, and the rest of the table stands[jvm]","","2026-07-31","passed","2026-07-31","","ExchangeRateApiTest[jvm]","com.georgeci.moneysurfer.data.remote.ExchangeRateApiTest",""
"","41","Today puts the form back on the current date and unpins the stored one[jvm]","","2026-08-02","passed","2026-08-02","","TransactionCreationFormTest[jvm]","com.georgeci.moneysurfer.feature.transaction.creation.TransactionCreationFormTest",""
"","8","appends a prefix wildcard to every token[jvm]","","2026-07-31","passed","2026-07-31","","FtsQueryTest[jvm]","com.georgeci.moneysurfer.data.db.FtsQueryTest",""
"","37","save emits NavigateBack[jvm]","","2026-08-02","passed","2026-08-02","","CategoryCreationViewModelTest[jvm]","com.georgeci.moneysurfer.feature.category.creation.CategoryCreationViewModelTest",""
"","111","a converted total shows both its trend and how old the rates behind it are[jvm]","","2026-08-02","passed","2026-08-02","","DashboardScreenStateTest[jvm]","com.georgeci.moneysurfer.ui.DashboardScreenStateTest",""
"","19","a line left without a category blocks the save[jvm]","","2026-08-02","passed","2026-08-02","","TransactionCreationSplitTest[jvm]","com.georgeci.moneysurfer.feature.transaction.creation.TransactionCreationSplitTest",""
"","7","an account with no extra details maps to the empty column and back to an empty list[jvm]","","2026-07-31","passed","2026-07-31","","AccountDtoMapperSpec[jvm]","com.georgeci.moneysurfer.data.sync.AccountDtoMapperSpec",""
"","11","is a no-op when the requested currency already matches[jvm]","","2026-07-31","passed","2026-07-31","","UpdateWorkspaceCurrencyUseCaseTest[jvm]","com.georgeci.moneysurfer.domain.usecase.UpdateWorkspaceCurrencyUseCaseTest",""
"","9","tapping a row moves the pending selection without committing it[jvm]","","2026-08-02","passed","2026-08-02","","WorkspaceSelectorViewModelTest[jvm]","com.georgeci.moneysurfer.feature.workspace.selector.WorkspaceSelectorViewModelTest",""
"","17","picking a grid width persists it without touching the widget's card style or slot[jvm]","","2026-08-02","passed","2026-08-02","","DashboardCustomizeViewModelTest[jvm]","com.georgeci.moneysurfer.feature.dashboard.customize.DashboardCustomizeViewModelTest",""
"","3689","encrypted export advertises the scheme and hides the data entries[jvm]","","2026-07-31","passed","2026-07-31","","BackupEncryptedRoundTripJvmTest[jvm]","com.georgeci.moneysurfer.data.backup.BackupEncryptedRoundTripJvmTest",""
"","5","a regular save leaves the workspace base currency untouched[jvm]","","2026-08-02","passed","2026-08-02","","AccountCreationViewModelTest[jvm]","com.georgeci.moneysurfer.feature.account.creation.AccountCreationViewModelTest",""
"","35","the CSV backup exports live rows only, and exports the row again once it is restored[jvm]","","2026-07-31","passed","2026-07-31","","TransactionSoftDeleteIntegrationIT[jvm]","com.georgeci.moneysurfer.integration.repository.TransactionSoftDeleteIntegrationIT",""
"","20","the currency picker is fed from the catalogue, and the pill resolves against it[jvm]","","2026-08-02","passed","2026-08-02","","PreferencesViewModelTest[jvm]","com.georgeci.moneysurfer.feature.settings.preferences.PreferencesViewModelTest",""
"","2","editing one leg's account moves the whole receipt, balances included[jvm]","","2026-07-31","passed","2026-07-31","","UpdateTransactionUseCaseTest[jvm]","com.georgeci.moneysurfer.domain.usecase.UpdateTransactionUseCaseTest",""
"","3","everything below Warn is dropped[jvm]","","2026-07-31","passed","2026-07-31","","CrashReportingLogWriterTest[jvm]","com.georgeci.moneysurfer.domain.telemetry.CrashReportingLogWriterTest",""
"","15","a row with no merchant is not a merchant[jvm]","","2026-07-31","passed","2026-07-31","","SpendAnalyticsRepositoryImplJvmTest[jvm]","com.georgeci.moneysurfer.data.repository.SpendAnalyticsRepositoryImplJvmTest",""
"","23","a never-pushed row is pending[jvm]","","2026-07-31","passed","2026-07-31","","ConfigEntryDaoIntegrationIT[jvm]","com.georgeci.moneysurfer.integration.repository.ConfigEntryDaoIntegrationIT",""
"","11","Reset is offered only once something is set[jvm]","","2026-08-02","passed","2026-08-02","","TransactionFiltersViewModelTest[jvm]","com.georgeci.moneysurfer.feature.transaction.filters.TransactionFiltersViewModelTest",""
"","3","a doc with no deletedAt decodes to a live row[jvm]","","2026-07-31","passed","2026-07-31","","TransactionDtoMapperSpec[jvm]","com.georgeci.moneysurfer.data.sync.TransactionDtoMapperSpec",""
"","100","retry dismisses the error state and returns to the content[jvm]","","2026-08-02","passed","2026-08-02","","GlobalErrorBoundaryTest[jvm]","com.georgeci.moneysurfer.ui.GlobalErrorBoundaryTest",""
"","13","a remote doc from a client we do not control is normalized on the way in[jvm]","","2026-07-31","passed","2026-07-31","","AccountDtoMapperSpec[jvm]","com.georgeci.moneysurfer.data.sync.AccountDtoMapperSpec",""
"","64","create workspace persists local rows and enqueues one outbox mutation per row[jvm]","","2026-07-31","passed","2026-07-31","","WorkspaceCreationSyncIntegrationIT[jvm]","com.georgeci.moneysurfer.integration.sync.WorkspaceCreationSyncIntegrationIT",""
"","16","the signed-in user's workspaces land in Content[jvm]","","2026-08-02","passed","2026-08-02","","WorkspaceSelectorViewModelTest[jvm]","com.georgeci.moneysurfer.feature.workspace.selector.WorkspaceSelectorViewModelTest",""
"","0","iso=2026-05-05[jvm]","","2026-07-31","passed","2026-07-31","","TimeFormatterTest[jvm]","com.georgeci.moneysurfer.data.repository.TimeFormatterTest",""
"","4","a first period has nothing to compare against[jvm]","","2026-07-31","passed","2026-07-31","","InsightRulesTest[jvm]","com.georgeci.moneysurfer.domain.insight.InsightRulesTest",""
"","41","a pulled budget is inserted, and a newer local edit is kept[jvm]","","2026-07-31","passed","2026-07-31","","BudgetAndRecurringRuleSyncPluginIT[jvm]","com.georgeci.moneysurfer.integration.plugin.BudgetAndRecurringRuleSyncPluginIT",""
"","2","search reaches everything the row shows, and the amount numerically[jvm]","","2026-08-02","passed","2026-08-02","","TransactionFilterMatchingTest[jvm]","com.georgeci.moneysurfer.feature.transaction.filter.TransactionFilterMatchingTest",""
"","3","totals for categories outside the subtree are ignored[jvm]","","2026-07-31","passed","2026-07-31","","CategorySpendHistoryTest[jvm]","com.georgeci.moneysurfer.domain.model.CategorySpendHistoryTest",""
"","33","non-member cannot create","","2026-08-02","passed","2026-08-02","","member-gated entities (accounts)","member-gated entities (accounts) non-member cannot create",""
"","28","sender cannot touch any other field alongside invitedWorkspaceIds","","2026-08-02","passed","2026-08-02","","users/{uid} — invitedWorkspaceIds cross-user append","users/{uid} — invitedWorkspaceIds cross-user append sender cannot touch any other field alongside invitedWorkspaceIds",""
"","143","a currency no cached rate covers is shown beside the headline, never dropped[jvm]","","2026-08-02","passed","2026-08-02","","DashboardBalanceViewModelTest[jvm]","com.georgeci.moneysurfer.feature.dashboard.DashboardBalanceViewModelTest",""
"","410","dragging a grip upward past the row above asks to swap the two[jvm]","","2026-08-02","passed","2026-08-02","","DashboardCustomizeScreenStateTest[jvm]","com.georgeci.moneysurfer.ui.DashboardCustomizeScreenStateTest",""
"","112","OnArchiveClick archives the budget and offers an undo[jvm]","","2026-08-02","passed","2026-08-02","","BudgetsViewModelTest[jvm]","com.georgeci.moneysurfer.feature.budget.list.BudgetsViewModelTest",""
"","23","a signed-out or demo session never starts the ticker[jvm]","","2026-08-02","passed","2026-08-02","","PeriodicSyncGateTest[jvm]","com.georgeci.moneysurfer.navigation.PeriodicSyncGateTest",""
"","9","a transaction that is already gone leaves the screen loading rather than drawing a blank one[jvm]","","2026-08-02","passed","2026-08-02","","TransactionDetailsViewModelTest[jvm]","com.georgeci.moneysurfer.feature.transaction.details.TransactionDetailsViewModelTest",""
"","7","running twice queues nothing new — the outbox itself dedupes, and so does this[jvm]","","2026-07-31","passed","2026-07-31","","SyncedSettingsSessionImplJvmTest[jvm]","com.georgeci.moneysurfer.data.config.SyncedSettingsSessionImplJvmTest",""
"","1","'12a' (mixed letters and digits)[jvm]","","2026-08-02","passed","2026-08-02","","AmountInputTransformationTest[jvm]","com.georgeci.moneysurfer.utils.AmountInputTransformationTest",""
"","2","reason mapping for user-initiated reasons is Indefinite[jvm]","","2026-07-31","passed","2026-07-31","","NetworkWaitModeSpec[jvm]","com.georgeci.moneysurfer.sync.network.NetworkWaitModeSpec",""
"","20","a general monthly budget becomes the cap the bar is drawn against[jvm]","","2026-07-31","passed","2026-07-31","","GetSpentMonthUseCaseTest[jvm]","com.georgeci.moneysurfer.domain.usecase.GetSpentMonthUseCaseTest",""
"","191","a split leg breaks the receipt down and marks the leg being read[jvm]","","2026-08-02","passed","2026-08-02","","TransactionDetailsScreenStateTest[jvm]","com.georgeci.moneysurfer.ui.TransactionDetailsScreenStateTest",""
"","29","insert + getById round-trips all columns including snapshots[jvm]","","2026-07-31","passed","2026-07-31","","WorkspaceInviteRepositoryIntegrationIT[jvm]","com.georgeci.moneysurfer.integration.repository.WorkspaceInviteRepositoryIntegrationIT",""
"","9","ActiveWorkspace pulls only the current workspace even when the provider knows more[jvm]","","2026-07-31","passed","2026-07-31","","PullRemoteChangesUseCaseImplSpec[jvm]","com.georgeci.moneysurfer.data.sync.PullRemoteChangesUseCaseImplSpec",""
"","617","save inserts an account in the selected currency without an opening-balance transaction when balance is blank[jvm]","","2026-08-02","passed","2026-08-02","","AccountCreationViewModelTest[jvm]","com.georgeci.moneysurfer.feature.account.creation.AccountCreationViewModelTest",""
"","3","LastSyncOutcome.Failed carries error and timestamp[jvm]","","2026-07-31","passed","2026-07-31","","SyncStateSpec[jvm]","com.georgeci.moneysurfer.sync.api.SyncStateSpec",""
"","19","a custom field that duplicates a field already on the form is ignored[jvm]","","2026-08-02","passed","2026-08-02","","AccountCreationViewModelTest[jvm]","com.georgeci.moneysurfer.feature.account.creation.AccountCreationViewModelTest",""
"","5","invited-workspaces phase is skipped without a Firebase uid[jvm]","","2026-07-31","passed","2026-07-31","","PullRemoteChangesUseCaseImplSpec[jvm]","com.georgeci.moneysurfer.data.sync.PullRemoteChangesUseCaseImplSpec",""
"","48","sender cannot remove entries from invitedWorkspaceIds","","2026-08-02","passed","2026-08-02","","users/{uid} — invitedWorkspaceIds cross-user append","users/{uid} — invitedWorkspaceIds cross-user append sender cannot remove entries from invitedWorkspaceIds",""
"","25","a budget with no categories means every expense category, not a phantom one[jvm]","","2026-07-31","passed","2026-07-31","","BudgetRepositoryImplJvmTest[jvm]","com.georgeci.moneysurfer.data.repository.BudgetRepositoryImplJvmTest",""
"","82","swapping the transfer accounts carries each side's amount with it[jvm]","","2026-08-02","passed","2026-08-02","","TransactionCreationFormTest[jvm]","com.georgeci.moneysurfer.feature.transaction.creation.TransactionCreationFormTest",""
"","52","a failed account write is reported and leaves no half-made account behind[jvm]","","2026-08-02","passed","2026-08-02","","AccountCreationViewModelTest[jvm]","com.georgeci.moneysurfer.feature.account.creation.AccountCreationViewModelTest",""
"","1","a zero or positive balance is always accepted[jvm]","","2026-08-02","passed","2026-08-02","","InitialBalanceInputTest[jvm]","com.georgeci.moneysurfer.feature.account.creation.InitialBalanceInputTest",""
"","18","snapshot before hydrate resolves Build and defaults only[jvm]","","2026-07-31","passed","2026-07-31","","LayeredConfigSpec[jvm]","com.georgeci.moneysurfer.appconfig.LayeredConfigSpec",""
"","1","every stale key is queued, not just the first[jvm]","","2026-07-31","passed","2026-07-31","","SyncedSettingsSessionImplJvmTest[jvm]","com.georgeci.moneysurfer.data.config.SyncedSettingsSessionImplJvmTest",""
"","73","a stored code outside the catalogue is shown bare rather than as a neighbour[jvm]","","2026-08-02","passed","2026-08-02","","PreferencesScreenStateTest[jvm]","com.georgeci.moneysurfer.ui.PreferencesScreenStateTest",""
"","679","empty plaintext round-trips[jvm]","","2026-07-31","passed","2026-07-31","","EncryptedBackupCodecTest[jvm]","com.georgeci.moneysurfer.data.backup.EncryptedBackupCodecTest",""
"","12","a denied user-scoped collection is skipped instead of failing the pull[jvm]","","2026-07-31","passed","2026-07-31","","PullRemoteChangesUseCaseImplSpec[jvm]","com.georgeci.moneysurfer.data.sync.PullRemoteChangesUseCaseImplSpec",""
"","51","signed-in user can read a userEmails doc by exact key","","2026-08-02","passed","2026-08-02","","userEmails/{email}","userEmails/{email} signed-in user can read a userEmails doc by exact key",""
"","71","the message under a field starts at the field's own left edge[jvm]","","2026-08-02","passed","2026-08-02","","SurferFormFieldTest[jvm]","com.georgeci.moneysurfer.ui.SurferFormFieldTest",""
"","6","status is OK below the alert threshold, WARN at it and OVER past the limit[jvm]","","2026-07-31","passed","2026-07-31","","BudgetProgressTest[jvm]","com.georgeci.moneysurfer.domain.model.BudgetProgressTest",""
"","2","a value containing quotes, commas and newlines survives the round trip[jvm]","","2026-07-31","passed","2026-07-31","","AccountExtraDetailsColumnTest[jvm]","com.georgeci.moneysurfer.data.db.entity.AccountExtraDetailsColumnTest",""
"","29","skipping keeps the recommended cash default and still completes the onboarding[jvm]","","2026-08-02","passed","2026-08-02","","OnboardingViewModelTest[jvm]","com.georgeci.moneysurfer.feature.login.onboarding.OnboardingViewModelTest",""
"","28","rejects a budget whose rollover flag is a string","","2026-08-02","passed","2026-08-02","","entity write-shape validation (issue #156)","entity write-shape validation (issue #156) rejects a budget whose rollover flag is a string",""
"","3","a doc from an older client decodes to empty merchant, no tags and no rule[jvm]","","2026-07-31","passed","2026-07-31","","TransactionDtoMapperSpec[jvm]","com.georgeci.moneysurfer.data.sync.TransactionDtoMapperSpec",""
"","29","epochMillis=0[jvm]","","2026-07-31","passed","2026-07-31","","TimeFormatterTest[jvm]","com.georgeci.moneysurfer.data.repository.TimeFormatterTest",""
"","3","an inactive rule is left out[jvm]","","2026-07-31","passed","2026-07-31","","UpcomingRecurringTest[jvm]","com.georgeci.moneysurfer.domain.model.UpcomingRecurringTest",""
"","3","collapses punctuation and repeated separators into token boundaries[jvm]","","2026-07-31","passed","2026-07-31","","FtsQueryTest[jvm]","com.georgeci.moneysurfer.data.db.FtsQueryTest",""
"","50","a departed (LEFT) member can no longer read","","2026-08-02","passed","2026-08-02","","member-gated entities (accounts)","member-gated entities (accounts) a departed (LEFT) member can no longer read",""
"","8","a multi-pop never empties the stack[jvm]","","2026-08-02","passed","2026-08-02","","AppNavigatorTest[jvm]","com.georgeci.moneysurfer.navigation.AppNavigatorTest",""
"","51","a second submit while one is in flight is ignored[jvm]","","2026-08-02","passed","2026-08-02","","SignInViewModelTest[jvm]","com.georgeci.moneysurfer.feature.login.SignInViewModelTest",""
"","108","the pager states the month and its year[jvm]","","2026-08-02","passed","2026-08-02","","InsightsScreenTest[jvm]","com.georgeci.moneysurfer.ui.InsightsScreenTest",""
"","1","a widget dragged across sections keeps its card style[jvm]","","2026-07-31","passed","2026-07-31","","DashboardLayoutConfigTest[jvm]","com.georgeci.moneysurfer.domain.dashboard.DashboardLayoutConfigTest",""
"","1","mergeScope UploadOnly with UploadOnly stays UploadOnly[jvm]","","2026-07-31","passed","2026-07-31","","SyncScopeSpec[jvm]","com.georgeci.moneysurfer.sync.api.SyncScopeSpec",""
"","72","rejects a poison update of an existing budget (alertPercent as string)","","2026-08-02","passed","2026-08-02","","entity write-shape validation (issue #156)","entity write-shape validation (issue #156) rejects a poison update of an existing budget (alertPercent as string)",""
"","15","restore confirms first, then asks for a file to open[jvm]","","2026-08-02","passed","2026-08-02","","BackupViewModelTest[jvm]","com.georgeci.moneysurfer.feature.settings.backup.BackupViewModelTest",""
"","32","non-owner cannot create an invite","","2026-08-02","passed","2026-08-02","","invites — write","invites — write non-owner cannot create an invite",""
"","0","'abc' (letters)[jvm]","","2026-08-02","passed","2026-08-02","","AmountInputTransformationTest[jvm]","com.georgeci.moneysurfer.utils.AmountInputTransformationTest",""
"","4","a picked category lands in the slot the chooser was opened for[jvm]","","2026-08-02","passed","2026-08-02","","TransactionCreationSplitEditingTest[jvm]","com.georgeci.moneysurfer.feature.transaction.creation.TransactionCreationSplitEditingTest",""
"","9","an absent key reads back as null rather than throwing[jvm]","","2026-07-31","passed","2026-07-31","","DesktopFirebasePlatformJvmTest[jvm]","com.georgeci.moneysurfer.data.remote.DesktopFirebasePlatformJvmTest",""
"","0","onSyncFailed is callable[jvm]","","2026-07-31","passed","2026-07-31","","SyncTelemetryNoOpSpec[jvm]","com.georgeci.moneysurfer.sync.telemetry.SyncTelemetryNoOpSpec",""
"","6","transitions to empty Content when categories are removed[jvm]","","2026-08-02","passed","2026-08-02","","CategoriesManageViewModelTest[jvm]","com.georgeci.moneysurfer.feature.category.manage.CategoriesManageViewModelTest",""
"","7","addWorkspaceRef fires with the new workspace id so users/{uid}.workspaceIds is filled[jvm]","","2026-07-31","passed","2026-07-31","","CreateWorkspaceUseCaseTest[jvm]","com.georgeci.moneysurfer.domain.usecase.CreateWorkspaceUseCaseTest",""
"","22","rejects a value over 1024 characters","","2026-08-02","passed","2026-08-02","","users/{uid}/config/{key}","users/{uid}/config/{key} rejects a value over 1024 characters",""
"","34","non-member is blocked from transactions","","2026-08-02","passed","2026-08-02","","member-gated entities (smoke for the rest)","member-gated entities (smoke for the rest) non-member is blocked from transactions",""
"","0","set merge picks smallest bounded timeout[jvm]","","2026-07-31","passed","2026-07-31","","NetworkWaitModeSpec[jvm]","com.georgeci.moneysurfer.sync.network.NetworkWaitModeSpec",""
"","37","every catalogue key resolves to an icon and every catalogue hue to a tint[jvm]","","2026-08-02","passed","2026-08-02","","CategoryPaletteParityTest[jvm]","com.georgeci.moneysurfer.feature.category.CategoryPaletteParityTest",""
"","9","an undecodable document is skipped instead of taking the pull down[jvm]","","2026-07-31","passed","2026-07-31","","UserConfigSyncPluginSpec[jvm]","com.georgeci.moneysurfer.data.sync.plugin.UserConfigSyncPluginSpec",""
"","25","searching an amount tolerates the cents the user did not type[jvm]","","2026-08-02","passed","2026-08-02","","TransactionsByAccountFilteringTest[jvm]","com.georgeci.moneysurfer.feature.transaction.list.TransactionsByAccountFilteringTest",""
"","100","an exception past the wrapped use cases lands on the screen, not the global error boundary[jvm]","","2026-08-02","passed","2026-08-02","","AccountCreationViewModelTest[jvm]","com.georgeci.moneysurfer.feature.account.creation.AccountCreationViewModelTest",""
"","55","there is nowhere to page in all-time mode, so the anchor stays put[jvm]","","2026-08-02","passed","2026-08-02","","TransactionsByAccountNavigationTest[jvm]","com.georgeci.moneysurfer.feature.transaction.list.TransactionsByAccountNavigationTest",""
"","12","an unparseable boolean is undecodable, not false[jvm]","","2026-07-31","passed","2026-07-31","","ConfigCodecSpec[jvm]","com.georgeci.moneysurfer.appconfig.ConfigCodecSpec",""
"","3","onboarding stays device-scoped, so a logout cannot replay it[jvm]","","2026-07-31","passed","2026-07-31","","ConfigKeyScopeTest[jvm]","com.georgeci.moneysurfer.data.config.ConfigKeyScopeTest",""
"","25","updates the workspace baseCurrency column in Room[jvm]","","2026-07-31","passed","2026-07-31","","WorkspaceCurrencyIntegrationIT[jvm]","com.georgeci.moneysurfer.integration.repository.WorkspaceCurrencyIntegrationIT",""
"","3","running state emits step progression and reaches Completed[jvm]","","2026-07-31","passed","2026-07-31","","SyncCoordinatorImplSpec[jvm]","com.georgeci.moneysurfer.sync.coordinator.SyncCoordinatorImplSpec",""
"","8","editing a field clears the pending error[jvm]","","2026-08-02","passed","2026-08-02","","SignInViewModelTest[jvm]","com.georgeci.moneysurfer.feature.login.SignInViewModelTest",""
"","13","a stale emission mid-stream cannot be published over a write either[jvm]","","2026-07-31","passed","2026-07-31","","PreferencesMirrorJvmTest[jvm]","com.georgeci.moneysurfer.data.config.PreferencesMirrorJvmTest",""
"","1","SimpleCancelToken cancel flips state[jvm]","","2026-07-31","passed","2026-07-31","","SyncCancelTokenSpec[jvm]","com.georgeci.moneysurfer.sync.api.SyncCancelTokenSpec",""
"","23","owner can hard-delete an entity doc (account-deletion purge)","","2026-08-02","passed","2026-08-02","","member-gated entities (accounts)","member-gated entities (accounts) owner can hard-delete an entity doc (account-deletion purge)",""
"","863","rows list every registered key with its winning layer[jvm]","","2026-07-31","passed","2026-07-31","","DebugConfigInspectorImplSpec[jvm]","com.georgeci.moneysurfer.appconfig.DebugConfigInspectorImplSpec",""
"","1","two budgets both naming only this category leave it uncapped rather than picking one[jvm]","","2026-07-31","passed","2026-07-31","","SpentByCategoryTest[jvm]","com.georgeci.moneysurfer.domain.model.SpentByCategoryTest",""
"","2","switching a widget on appends it after the last enabled one, before the still-off ones[jvm]","","2026-07-31","passed","2026-07-31","","DashboardLayoutConfigTest[jvm]","com.georgeci.moneysurfer.domain.dashboard.DashboardLayoutConfigTest",""
"","45","clearing an entry clears its view models[jvm]","","2026-08-02","passed","2026-08-02","","NavEntryViewModelStoreHolderTest[jvm]","com.georgeci.moneysurfer.navigation.util.NavEntryViewModelStoreHolderTest",""
"","147","editing the draft leaves the applied filters alone until Apply[jvm]","","2026-08-02","passed","2026-08-02","","TransactionFiltersViewModelTest[jvm]","com.georgeci.moneysurfer.feature.transaction.filters.TransactionFiltersViewModelTest",""
"","76","tapping a row opens that transaction, and Back leaves the list[jvm]","","2026-08-02","passed","2026-08-02","","TransactionsByAccountNavigationTest[jvm]","com.georgeci.moneysurfer.feature.transaction.list.TransactionsByAccountNavigationTest",""
"","31","accepts a fully-populated, correctly-typed budget","","2026-08-02","passed","2026-08-02","","entity write-shape validation (issue #156)","entity write-shape validation (issue #156) accepts a fully-populated, correctly-typed budget",""
"","2","clearScope removes only rows for the requested workspace[jvm]","","2026-07-31","passed","2026-07-31","","SyncMetaRepositoryImplSpec[jvm]","com.georgeci.moneysurfer.sync.internal.repository.SyncMetaRepositoryImplSpec",""
"","1","stale auth session surfaces RequiresRecentLogin after cleanup[jvm]","","2026-07-31","passed","2026-07-31","","DeleteUserAccountUseCaseTest[jvm]","com.georgeci.moneysurfer.domain.usecase.DeleteUserAccountUseCaseTest",""
"","29","a first-time sign-in sends the selector on with nothing to warn about[jvm]","","2026-08-02","passed","2026-08-02","","SignInViewModelTest[jvm]","com.georgeci.moneysurfer.feature.login.SignInViewModelTest",""
"","7","an empty back stack has no panes[jvm]","","2026-08-02","passed","2026-08-02","","SurferPaneSceneStrategyTest[jvm]","com.georgeci.moneysurfer.navigation.SurferPaneSceneStrategyTest",""
"","14","searching an amount finds the cents the user did not type[jvm]","","2026-08-02","passed","2026-08-02","","TransactionFilterMatchingTest[jvm]","com.georgeci.moneysurfer.feature.transaction.filter.TransactionFilterMatchingTest",""
"","26","rejects an account whose boolean archived flag is a string","","2026-08-02","passed","2026-08-02","","entity write-shape validation (issue #156)","entity write-shape validation (issue #156) rejects an account whose boolean archived flag is a string",""
"","3","rethrows CancellationException instead of swallowing it[jvm]","","2026-07-31","passed","2026-07-31","","DecodeOrNullSpec[jvm]","com.georgeci.moneysurfer.data.sync.plugin.DecodeOrNullSpec",""
"","205","the list and panel panes ask for the widths the design specifies[jvm]","","2026-08-02","passed","2026-08-02","","SurferPaneSceneStrategyTest[jvm]","com.georgeci.moneysurfer.navigation.SurferPaneSceneStrategyTest",""
"","11","a split leg whose siblings never arrived renders as an ordinary transaction[jvm]","","2026-08-02","passed","2026-08-02","","TransactionDetailsViewModelTest[jvm]","com.georgeci.moneysurfer.feature.transaction.details.TransactionDetailsViewModelTest",""
"","82","navigation events publish destinations with the current account id[jvm]","","2026-08-02","passed","2026-08-02","","AccountDetailsViewModelTest[jvm]","com.georgeci.moneysurfer.feature.account.details.AccountDetailsViewModelTest",""
"","105","loading more appends the next page and stops when the window is exhausted[jvm]","","2026-08-02","passed","2026-08-02","","TransactionsByAccountPeriodTest[jvm]","com.georgeci.moneysurfer.feature.transaction.list.TransactionsByAccountPeriodTest",""
"","17","import skips rows whose id already exists locally[jvm]","","2026-07-31","passed","2026-07-31","","ExportImportTransactionsUseCaseTest[jvm]","com.georgeci.moneysurfer.domain.csv.ExportImportTransactionsUseCaseTest",""
"","2","rejects when caller is not OWNER[jvm]","","2026-07-31","passed","2026-07-31","","SendInviteUseCaseTest[jvm]","com.georgeci.moneysurfer.domain.usecase.SendInviteUseCaseTest",""
"","1","take local neither writes nor reports the remote value as applied[jvm]","","2026-07-31","passed","2026-07-31","","ApplyResolutionSpec[jvm]","com.georgeci.moneysurfer.data.sync.plugin.ApplyResolutionSpec",""
"","52","member can create + read in transactions","","2026-08-02","passed","2026-08-02","","member-gated entities (smoke for the rest)","member-gated entities (smoke for the rest) member can create + read in transactions",""
"","1","the pace tick is the share of the window already behind us, today excluded[jvm]","","2026-07-31","passed","2026-07-31","","SafeToSpendTest[jvm]","com.georgeci.moneysurfer.domain.model.SafeToSpendTest",""
"","19","a user cannot delete another user's setting","","2026-08-02","passed","2026-08-02","","users/{uid}/config/{key}","users/{uid}/config/{key} a user cannot delete another user's setting",""
"","839","insert writes both DAO and outbox as INSERT when signed in[jvm]","","2026-07-31","passed","2026-07-31","","GoalRepositoryDualWriteSpec[jvm]","com.georgeci.moneysurfer.data.repository.GoalRepositoryDualWriteSpec",""
"","68","the avatar letter is taken off the trimmed name, not the raw one[jvm]","","2026-08-02","passed","2026-08-02","","DashboardViewModelTest[jvm]","com.georgeci.moneysurfer.feature.dashboard.DashboardViewModelTest",""
"","20","tapping Undo restores the deleted transaction[jvm]","","2026-08-02","passed","2026-08-02","","TransactionDetailsViewModelTest[jvm]","com.georgeci.moneysurfer.feature.transaction.details.TransactionDetailsViewModelTest",""
"","3","Queued carries count[jvm]","","2026-07-31","passed","2026-07-31","","SyncStateSpec[jvm]","com.georgeci.moneysurfer.sync.api.SyncStateSpec",""
"","0","a signed-out session names neither line[jvm]","","2026-08-02","passed","2026-08-02","","ShellIdentityTest[jvm]","com.georgeci.moneysurfer.navigation.ShellIdentityTest",""
"","1","with no rates cached only the base-currency accounts fold in[jvm]","","2026-07-31","passed","2026-07-31","","ConvertAccountsTotalUseCaseTest[jvm]","com.georgeci.moneysurfer.domain.usecase.ConvertAccountsTotalUseCaseTest",""
"","54","the offline build carries its flag onto the dashboard[jvm]","","2026-08-02","passed","2026-08-02","","DashboardViewModelTest[jvm]","com.georgeci.moneysurfer.feature.dashboard.DashboardViewModelTest",""
"","1","re-registering an already listed workspace is harmless[jvm]","","2026-07-31","passed","2026-07-31","","WorkspaceRefRegistrarSpec[jvm]","com.georgeci.moneysurfer.data.sync.WorkspaceRefRegistrarSpec",""
"","8","the database path is a file whose parent exists, not a directory[jvm]","","2026-07-31","passed","2026-07-31","","DesktopFirebasePlatformJvmTest[jvm]","com.georgeci.moneysurfer.data.remote.DesktopFirebasePlatformJvmTest",""
"","39","a rules rejection surfaces as PermissionDenied in a dialog[jvm]","","2026-08-02","passed","2026-08-02","","SignInViewModelTest[jvm]","com.georgeci.moneysurfer.feature.login.SignInViewModelTest",""
"","75","member can read and create a goal","","2026-08-02","passed","2026-08-02","","savings goals (issue #244)","savings goals (issue #244) member can read and create a goal",""
"","6","light scheme: paired on/container tokens clear AA[jvm]","","2026-08-02","passed","2026-08-02","","ColorContrastTest[jvm]","com.georgeci.moneysurfer.uikit.theme.ColorContrastTest",""
"","43","user cannot create another user's member row (only self)","","2026-08-02","passed","2026-08-02","","workspaces/{wid}/members/{uid}","workspaces/{wid}/members/{uid} user cannot create another user's member row (only self)",""
"","28","a window that booked nothing is an empty history, not a missing one[jvm]","","2026-07-31","passed","2026-07-31","","GetMonthlyNetHistoryUseCaseTest[jvm]","com.georgeci.moneysurfer.domain.usecase.GetMonthlyNetHistoryUseCaseTest",""
"","3","amounts are read however they are written[jvm]","","2026-08-02","passed","2026-08-02","","TransactionFilterMatchingTest[jvm]","com.georgeci.moneysurfer.feature.transaction.filter.TransactionFilterMatchingTest",""
"","5","the keys are the provider's content keys, not the routes[jvm]","","2026-08-02","passed","2026-08-02","","BackNavigationContentKeysTest[jvm]","com.georgeci.moneysurfer.navigation.util.BackNavigationContentKeysTest",""
"","22","matches a whole word in the middle of a note[jvm]","","2026-07-31","passed","2026-07-31","","TransactionFtsIntegrationIT[jvm]","com.georgeci.moneysurfer.integration.repository.TransactionFtsIntegrationIT",""
"","25","there is nothing to delete while a transaction is still being entered[jvm]","","2026-08-02","passed","2026-08-02","","TransactionCreationSaveGuardsTest[jvm]","com.georgeci.moneysurfer.feature.transaction.creation.TransactionCreationSaveGuardsTest",""
"","27","reason mapping for APP_START is Bounded(30s)[jvm]","","2026-07-31","passed","2026-07-31","","NetworkWaitModeSpec[jvm]","com.georgeci.moneysurfer.sync.network.NetworkWaitModeSpec",""
"","24","import skips duplicate ids inside the same file[jvm]","","2026-07-31","passed","2026-07-31","","ExportImportTransactionsUseCaseTest[jvm]","com.georgeci.moneysurfer.domain.csv.ExportImportTransactionsUseCaseTest",""
"","14","spent sums the expenses inside the window and leaves the rest out[jvm]","","2026-07-31","passed","2026-07-31","","BudgetProgressTest[jvm]","com.georgeci.moneysurfer.domain.model.BudgetProgressTest",""
"","267","each account type maps to its semantic icon[jvm]","","2026-08-02","passed","2026-08-02","","AccountTypeLabelTest[jvm]","com.georgeci.moneysurfer.feature.account.AccountTypeLabelTest",""
"","98","a capped category says what its meter measures, and an uncapped one says the share instead[jvm]","","2026-08-02","passed","2026-08-02","","DashboardScreenStateTest[jvm]","com.georgeci.moneysurfer.ui.DashboardScreenStateTest",""
"","85","a period that barely moved is neutral, not a win[jvm]","","2026-08-02","passed","2026-08-02","","DashboardInsightsViewModelTest[jvm]","com.georgeci.moneysurfer.feature.dashboard.DashboardInsightsViewModelTest",""
"","9","only live schedules are counted, and each is converted to a month[jvm]","","2026-07-31","passed","2026-07-31","","InsightRulesTest[jvm]","com.georgeci.moneysurfer.domain.insight.InsightRulesTest",""
"","6","the trend ignores a row for a month it was not asked about[jvm]","","2026-07-31","passed","2026-07-31","","SpendInsightsTest[jvm]","com.georgeci.moneysurfer.domain.model.SpendInsightsTest",""
"","17","a row whose account belongs to a different workspace is rejected[jvm]","","2026-07-31","passed","2026-07-31","","ImportTransactionsValidationTest[jvm]","com.georgeci.moneysurfer.domain.csv.ImportTransactionsValidationTest",""
"","25","oldest first reverses the whole list, day groups included[jvm]","","2026-08-02","passed","2026-08-02","","TransactionsByAccountFilteringTest[jvm]","com.georgeci.moneysurfer.feature.transaction.list.TransactionsByAccountFilteringTest",""
"","0","multiple selections expose counts but no misleading single name[jvm]","","2026-08-02","passed","2026-08-02","","TransactionsListMappingTest[jvm]","com.georgeci.moneysurfer.feature.transaction.list.TransactionsListMappingTest",""
"","5","existing user with empty workspaceIds returns null default and leaves pointer untouched[jvm]","","2026-07-31","passed","2026-07-31","","PostAuthBootstrapUseCaseTest[jvm]","com.georgeci.moneysurfer.domain.usecase.PostAuthBootstrapUseCaseTest",""
"","13","a delete drops the row and enqueues a tombstone[jvm]","","2026-07-31","passed","2026-07-31","","RecurringRuleRepositoryImplJvmTest[jvm]","com.georgeci.moneysurfer.data.repository.RecurringRuleRepositoryImplJvmTest",""
"","0","Legal[jvm]","","2026-08-02","passed","2026-08-02","","RouteSerializationTest[jvm]","com.georgeci.moneysurfer.navigation.RouteSerializationTest",""
"","8","clearSynced empties config_entry and the snapshot behind peek, but not the preferences[jvm]","","2026-07-31","passed","2026-07-31","","LocalConfigSourceImplJvmTest[jvm]","com.georgeci.moneysurfer.data.config.LocalConfigSourceImplJvmTest",""
"","11","a valid name and balance enable save[jvm]","","2026-08-02","passed","2026-08-02","","AccountCreationStateTest[jvm]","com.georgeci.moneysurfer.feature.account.creation.AccountCreationStateTest",""
"","9","anything that is not three A-Z letters is undecodable, not a default[jvm]","","2026-07-31","passed","2026-07-31","","CurrencyCodeCodecTest[jvm]","com.georgeci.moneysurfer.data.config.CurrencyCodeCodecTest",""
"","36","rejects demoting last OWNER[jvm]","","2026-07-31","passed","2026-07-31","","ChangeMemberRoleUseCaseTest[jvm]","com.georgeci.moneysurfer.domain.usecase.ChangeMemberRoleUseCaseTest",""
"","1","conflicts and skipped docs are reflected in the summary[jvm]","","2026-07-31","passed","2026-07-31","","PullRemoteChangesUseCaseImplSpec[jvm]","com.georgeci.moneysurfer.data.sync.PullRemoteChangesUseCaseImplSpec",""
"","0","the default is drawn from the catalogue, never invented[jvm]","","2026-07-31","passed","2026-07-31","","CategoryAppearanceTest[jvm]","com.georgeci.moneysurfer.domain.model.CategoryAppearanceTest",""
"","9","a pristine blank form is invalid without showing a premature required error[jvm]","","2026-08-02","passed","2026-08-02","","AccountCreationStateTest[jvm]","com.georgeci.moneysurfer.feature.account.creation.AccountCreationStateTest",""
"","0","local newer than remote → take local[jvm]","","2026-07-31","passed","2026-07-31","","LwwConflictResolverSpec[jvm]","com.georgeci.moneysurfer.sync.repository.LwwConflictResolverSpec",""
"","16","a key the user never set is not materialised into the overlay[jvm]","","2026-07-31","passed","2026-07-31","","LocalDataResetIntegrationIT[jvm]","com.georgeci.moneysurfer.integration.repository.LocalDataResetIntegrationIT",""
"","4","non-owner never purges someone else's workspace, even when alone in it[jvm]","","2026-07-31","passed","2026-07-31","","UserAccountDeletionRepositoryImplTest[jvm]","com.georgeci.moneysurfer.data.repository.UserAccountDeletionRepositoryImplTest",""
"","1","delegate constructor preserves the supplied context[jvm]","","2026-07-31","passed","2026-07-31","","ApplicationScopeSpec[jvm]","com.georgeci.moneysurfer.sync.runtime.ApplicationScopeSpec",""
"","242","unauthenticated user can read app config (force-update gate)","","2026-08-02","passed","2026-08-02","","appConfig/{docId}","appConfig/{docId} unauthenticated user can read app config (force-update gate)",""
"","35","a refresh of the remote config does not block the splash[jvm]","","2026-08-02","passed","2026-08-02","","AppLaunchViewModelTest[jvm]","com.georgeci.moneysurfer.navigation.AppLaunchViewModelTest",""
"","27","only expense categories are offered[jvm]","","2026-08-02","passed","2026-08-02","","BudgetEditViewModelTest[jvm]","com.georgeci.moneysurfer.feature.budget.edit.BudgetEditViewModelTest",""
"","7","markCompleted with empty list is a no-op[jvm]","","2026-07-31","passed","2026-07-31","","PendingMutationQueueImplSpec[jvm]","com.georgeci.moneysurfer.data.sync.PendingMutationQueueImplSpec",""
"","1","only the pre-#260 layout is missing the fields #260 added[jvm]","","2026-07-31","passed","2026-07-31","","TransactionCsvCodecTest[jvm]","com.georgeci.moneysurfer.domain.csv.TransactionCsvCodecTest",""
"","8","ignores licenses the export does not describe[jvm]","","2026-08-02","passed","2026-08-02","","ParseOssLibrariesTest[jvm]","com.georgeci.moneysurfer.feature.settings.about.licenses.ParseOssLibrariesTest",""
"","30","accepts a correctly-typed transaction","","2026-08-02","passed","2026-08-02","","entity write-shape validation (issue #156)","entity write-shape validation (issue #156) accepts a correctly-typed transaction",""
"","57","an unwritable mirror does not propagate out of refresh[jvm]","","2026-07-31","passed","2026-07-31","","RemoteGlobalConfigSourceImplSpec[jvm]","com.georgeci.moneysurfer.appconfig.remote.RemoteGlobalConfigSourceImplSpec",""
"","2","Submit stays live while loading is off — a dead button explains nothing[jvm]","","2026-08-02","passed","2026-08-02","","SignInViewModelTest[jvm]","com.georgeci.moneysurfer.feature.login.SignInViewModelTest",""
"","23","a payload the provider marked as failed reads as no answer[jvm]","","2026-07-31","passed","2026-07-31","","HttpExchangeRateRemoteSourceJvmTest[jvm]","com.georgeci.moneysurfer.data.remote.HttpExchangeRateRemoteSourceJvmTest",""
"","2","Cancelled title and default summary[jvm]","","2026-07-31","passed","2026-07-31","","SyncStepSpec[jvm]","com.georgeci.moneysurfer.sync.api.SyncStepSpec",""
"","9","the offline build shows no extra details, matching the hidden creation section[jvm]","","2026-08-02","passed","2026-08-02","","AccountDetailsViewModelTest[jvm]","com.georgeci.moneysurfer.feature.account.details.AccountDetailsViewModelTest",""
"","52","dropping a row back where it started writes nothing[jvm]","","2026-07-31","passed","2026-07-31","","AccountSortOrderIntegrationIT[jvm]","com.georgeci.moneysurfer.integration.repository.AccountSortOrderIntegrationIT",""
"","3","skip neither writes nor reports the remote value as applied[jvm]","","2026-07-31","passed","2026-07-31","","ApplyResolutionSpec[jvm]","com.georgeci.moneysurfer.data.sync.plugin.ApplyResolutionSpec",""
"","4","SyncHandleStatus.Failed carries error[jvm]","","2026-07-31","passed","2026-07-31","","SyncStateSpec[jvm]","com.georgeci.moneysurfer.sync.api.SyncStateSpec",""
"","5","blank enum names fall back to the repository's parse defaults[jvm]","","2026-07-31","passed","2026-07-31","","RecurringRuleDtoMapperSpec[jvm]","com.georgeci.moneysurfer.data.sync.RecurringRuleDtoMapperSpec",""
"","10","sync stays allowed while an update is merely available[jvm]","","2026-07-31","passed","2026-07-31","","AppVersionGateImplTest[jvm]","com.georgeci.moneysurfer.data.repository.AppVersionGateImplTest",""
"","36","a budget delete writes a tombstone once the document exists[jvm]","","2026-07-31","passed","2026-07-31","","BudgetAndRecurringRuleSyncPluginIT[jvm]","com.georgeci.moneysurfer.integration.plugin.BudgetAndRecurringRuleSyncPluginIT",""
"","41","user can delete the mapping pointing at their own uid","","2026-08-02","passed","2026-08-02","","userEmails/{email}","userEmails/{email} user can delete the mapping pointing at their own uid",""
"","21","a stored appearance lands on its own slot, and the id-hash fallback agrees with domain[jvm]","","2026-08-02","passed","2026-08-02","","CategoryPaletteParityTest[jvm]","com.georgeci.moneysurfer.feature.category.CategoryPaletteParityTest",""
"","0","the default for an id is stable across calls[jvm]","","2026-07-31","passed","2026-07-31","","CategoryAppearanceTest[jvm]","com.georgeci.moneysurfer.domain.model.CategoryAppearanceTest",""
"","300","Apply carries the live count of what the list will show[jvm]","","2026-08-02","passed","2026-08-02","","TransactionFiltersScreenStateTest[jvm]","com.georgeci.moneysurfer.ui.TransactionFiltersScreenStateTest",""
"","6","the onboarding's pre-selected type is what the screen opens on[jvm]","","2026-08-02","passed","2026-08-02","","AccountCreationViewModelTest[jvm]","com.georgeci.moneysurfer.feature.account.creation.AccountCreationViewModelTest",""
"","22","non-owner member cannot tombstone the workspace root doc","","2026-08-02","passed","2026-08-02","","tombstone update shape (push-side soft delete)","tombstone update shape (push-side soft delete) non-owner member cannot tombstone the workspace root doc",""
"","218","an empty workspace still renders every section, with explicit empty states[jvm]","","2026-08-02","passed","2026-08-02","","SyncScreenStateTest[jvm]","com.georgeci.moneysurfer.ui.SyncScreenStateTest",""
"","26","rejects a contribution whose amount is a string","","2026-08-02","passed","2026-08-02","","savings goals (issue #244)","savings goals (issue #244) rejects a contribution whose amount is a string",""
"","230","a month column names both its figures, since the bars carry no numerals[jvm]","","2026-08-02","passed","2026-08-02","","InsightsScreenTest[jvm]","com.georgeci.moneysurfer.ui.InsightsScreenTest",""
"","8","only the manage section is captioned[jvm]","","2026-08-02","passed","2026-08-02","","NavigationShellTest[jvm]","com.georgeci.moneysurfer.navigation.NavigationShellTest",""
"","19","a member with no joinable invite is pushed without one[jvm]","","2026-07-31","passed","2026-07-31","","WorkspaceTreeSyncPluginIT[jvm]","com.georgeci.moneysurfer.integration.plugin.WorkspaceTreeSyncPluginIT",""
"","128","with no budget the spent-this-month card says so rather than inventing a limit[jvm]","","2026-08-02","passed","2026-08-02","","DashboardScreenStateTest[jvm]","com.georgeci.moneysurfer.ui.DashboardScreenStateTest",""
"","16","an account-scoped screen hides the account picker[jvm]","","2026-08-02","passed","2026-08-02","","TransactionFiltersViewModelTest[jvm]","com.georgeci.moneysurfer.feature.transaction.filters.TransactionFiltersViewModelTest",""
"","105","a state the view model pushes back redraws the form it is already showing[jvm]","","2026-08-02","passed","2026-08-02","","TransactionCreationScreenStateTest[jvm]","com.georgeci.moneysurfer.ui.TransactionCreationScreenStateTest",""
"","41","starts in Loading before categories are emitted[jvm]","","2026-08-02","passed","2026-08-02","","CategoriesManageViewModelTest[jvm]","com.georgeci.moneysurfer.feature.category.manage.CategoriesManageViewModelTest",""
"","9","values are namespaced so they cannot clash with the legacy typed preferences[jvm]","","2026-07-31","passed","2026-07-31","","LocalConfigSourceImplJvmTest[jvm]","com.georgeci.moneysurfer.data.config.LocalConfigSourceImplJvmTest",""
"","15","Transfer is reachable when the host enables it[jvm]","","2026-08-02","passed","2026-08-02","","TransactionCreationSaveTest[jvm]","com.georgeci.moneysurfer.feature.transaction.creation.TransactionCreationSaveTest",""
"","7","setCursor preserves earlier markAttempt / markSuccess timestamps[jvm]","","2026-07-31","passed","2026-07-31","","SyncMetaRepositoryImplSpec[jvm]","com.georgeci.moneysurfer.data.sync.SyncMetaRepositoryImplSpec",""
"","185","a deleted transaction leaves every read path, and Undo puts it back in all of them[jvm]","","2026-07-31","passed","2026-07-31","","TransactionSoftDeleteIntegrationIT[jvm]","com.georgeci.moneysurfer.integration.repository.TransactionSoftDeleteIntegrationIT",""
"","28","a provider-rejected address keeps its specific copy in the dialog[jvm]","","2026-08-02","passed","2026-08-02","","SignInViewModelTest[jvm]","com.georgeci.moneysurfer.feature.login.SignInViewModelTest",""
"","2","isEnabled is true when signed in and gate allows[jvm]","","2026-07-31","passed","2026-07-31","","OutboxEnqueuerImplSpec[jvm]","com.georgeci.moneysurfer.sync.repository.OutboxEnqueuerImplSpec",""
"","206","saving a new budget writes the entered values[jvm]","","2026-08-02","passed","2026-08-02","","BudgetEditViewModelTest[jvm]","com.georgeci.moneysurfer.feature.budget.edit.BudgetEditViewModelTest",""
"","1","every row of the default grid is filled exactly, leaving no gap to pack around[jvm]","","2026-07-31","passed","2026-07-31","","DashboardLayoutConfigTest[jvm]","com.georgeci.moneysurfer.domain.dashboard.DashboardLayoutConfigTest",""
"","13","pushAll failure surfaces as RemoteSyncFailed and skips addRef + pin[jvm]","","2026-07-31","passed","2026-07-31","","CreateWorkspaceUseCaseTest[jvm]","com.georgeci.moneysurfer.domain.usecase.CreateWorkspaceUseCaseTest",""
"","3","the first day of a window divides by one, not by zero[jvm]","","2026-07-31","passed","2026-07-31","","BudgetProgressTest[jvm]","com.georgeci.moneysurfer.domain.model.BudgetProgressTest",""
"","166","an over-assigned receipt says so instead of reporting a negative remainder[jvm]","","2026-08-02","passed","2026-08-02","","TransactionCreationScreenStateTest[jvm]","com.georgeci.moneysurfer.ui.TransactionCreationScreenStateTest",""
"","2","a doc from a client that predates sortOrder lands at the front rather than nowhere[jvm]","","2026-07-31","passed","2026-07-31","","AccountDtoMapperSpec[jvm]","com.georgeci.moneysurfer.data.sync.AccountDtoMapperSpec",""
"","30","a month with no spend behind it is no baseline, so no delta is claimed[jvm]","","2026-07-31","passed","2026-07-31","","GetSpentMonthUseCaseTest[jvm]","com.georgeci.moneysurfer.domain.usecase.GetSpentMonthUseCaseTest",""
"","2","keeps Cyrillic and digits intact[jvm]","","2026-07-31","passed","2026-07-31","","FtsQueryTest[jvm]","com.georgeci.moneysurfer.data.db.FtsQueryTest",""
"","1","the kill switch is not a SettingKey, so no client can write it[jvm]","","2026-07-31","passed","2026-07-31","","ConfigKeyScopeTest[jvm]","com.georgeci.moneysurfer.data.config.ConfigKeyScopeTest",""
"","90","the filter screen is opened on the period the list is paged to, not on today's[jvm]","","2026-08-02","passed","2026-08-02","","TransactionsByAccountNavigationTest[jvm]","com.georgeci.moneysurfer.feature.transaction.list.TransactionsByAccountNavigationTest",""
"","1","walking back re-adds an expense before the day it was booked on[jvm]","","2026-07-31","passed","2026-07-31","","AccountBalanceSeriesTest[jvm]","com.georgeci.moneysurfer.domain.model.AccountBalanceSeriesTest",""
"","48","the logout bounce still reaches the host after the launch decision was applied[jvm]","","2026-08-02","passed","2026-08-02","","AppLaunchViewModelTest[jvm]","com.georgeci.moneysurfer.navigation.AppLaunchViewModelTest",""
"","33","first-time user creates remote doc and returns FirstTime[jvm]","","2026-07-31","passed","2026-07-31","","PostAuthBootstrapUseCaseTest[jvm]","com.georgeci.moneysurfer.domain.usecase.PostAuthBootstrapUseCaseTest",""
"","3","removing one of three keeps the other two[jvm]","","2026-08-02","passed","2026-08-02","","TransactionCreationSplitEditingTest[jvm]","com.georgeci.moneysurfer.feature.transaction.creation.TransactionCreationSplitEditingTest",""
"","11","a blank variable is treated as missing rather than passed through[jvm]","","2026-07-31","passed","2026-07-31","","DesktopFirebaseOptionsJvmTest[jvm]","com.georgeci.moneysurfer.data.remote.DesktopFirebaseOptionsJvmTest",""
"","42","accepts a fully-populated, correctly-typed account","","2026-08-02","passed","2026-08-02","","entity write-shape validation (issue #156)","entity write-shape validation (issue #156) accepts a fully-populated, correctly-typed account",""
"","27","the back action leaves the screen[jvm]","","2026-08-02","passed","2026-08-02","","DashboardCustomizeViewModelTest[jvm]","com.georgeci.moneysurfer.feature.dashboard.customize.DashboardCustomizeViewModelTest",""
"","4","goal details emit null once the goal is gone[jvm]","","2026-07-31","passed","2026-07-31","","SavingsGoalUseCaseTest[jvm]","com.georgeci.moneysurfer.domain.usecase.SavingsGoalUseCaseTest",""
"","8","no signed-in user degrades to the generic error instead of navigating on[jvm]","","2026-08-02","passed","2026-08-02","","WorkspaceCreationViewModelTest[jvm]","com.georgeci.moneysurfer.feature.workspace.creation.WorkspaceCreationViewModelTest",""
"","52","an evicted (REMOVED) member can no longer read","","2026-08-02","passed","2026-08-02","","member-gated entities (accounts)","member-gated entities (accounts) an evicted (REMOVED) member can no longer read",""
"","3","shutdown is safe to call repeatedly (idempotent)[jvm]","","2026-07-31","passed","2026-07-31","","SessionShutdownGateImplSpec[jvm]","com.georgeci.moneysurfer.sync.internal.SessionShutdownGateImplSpec",""
"","3","online state shows the Members row action[jvm]","","2026-08-02","passed","2026-08-02","","WorkspaceSelectorStateOfflineTest[jvm]","com.georgeci.moneysurfer.feature.workspace.selector.WorkspaceSelectorStateOfflineTest",""
"","20","INCOME creation persists row and increases account balance by amount[jvm]","","2026-07-31","passed","2026-07-31","","TransactionCreationIntegrationIT[jvm]","com.georgeci.moneysurfer.integration.repository.TransactionCreationIntegrationIT",""
"","16","a finished prefill reports what it wrote[jvm]","","2026-08-02","passed","2026-08-02","","DebugConfigViewModelTest[jvm]","com.georgeci.moneysurfer.feature.settings.debug.DebugConfigViewModelTest",""
"","55","a headline that fell back to an unconvertible bucket carries no trend[jvm]","","2026-08-02","passed","2026-08-02","","DashboardBalanceViewModelTest[jvm]","com.georgeci.moneysurfer.feature.dashboard.DashboardBalanceViewModelTest",""
"","4","localized composeResources string files are discovered[jvm]","","2026-08-02","passed","2026-08-02","","StringResourceParityTest[jvm]","com.georgeci.moneysurfer.utils.StringResourceParityTest",""
"","86","a screen at the bottom of the back stack draws no back arrow[jvm]","","2026-08-02","passed","2026-08-02","","SurferPaneScaffoldTest[jvm]","com.georgeci.moneysurfer.ui.SurferPaneScaffoldTest",""
"","13","a network failure aborts the pull instead of passing as a stale ref[jvm]","","2026-07-31","passed","2026-07-31","","PullRemoteChangesUseCaseImplSpec[jvm]","com.georgeci.moneysurfer.data.sync.PullRemoteChangesUseCaseImplSpec",""
"","27","spent-by-category stays empty with no spend, so the widget can say the month is bare[jvm]","","2026-08-02","passed","2026-08-02","","DashboardSpentByCategoryViewModelTest[jvm]","com.georgeci.moneysurfer.feature.dashboard.DashboardSpentByCategoryViewModelTest",""
"","74","an empty buffer explains itself instead of offering a clear action[jvm]","","2026-08-02","passed","2026-08-02","","DebugLogScreenStateTest[jvm]","com.georgeci.moneysurfer.ui.DebugLogScreenStateTest",""
"","21","an absent document clears the mirror[jvm]","","2026-07-31","passed","2026-07-31","","RemoteGlobalConfigSourceImplSpec[jvm]","com.georgeci.moneysurfer.appconfig.remote.RemoteGlobalConfigSourceImplSpec",""
"","4","rollover carries the previous window's leftover into the effective limit[jvm]","","2026-07-31","passed","2026-07-31","","BudgetProgressTest[jvm]","com.georgeci.moneysurfer.domain.model.BudgetProgressTest",""
"","25","a category that a refresh cannot find leaves the form's own category selected[jvm]","","2026-08-02","passed","2026-08-02","","TransactionCreationFormTest[jvm]","com.georgeci.moneysurfer.feature.transaction.creation.TransactionCreationFormTest",""
"","22","owner cannot create an invite stamped with a different invitedByUserId","","2026-08-02","passed","2026-08-02","","invites — write","invites — write owner cannot create an invite stamped with a different invitedByUserId",""
"","296","a successful create persists the trimmed form and navigates back[jvm]","","2026-08-02","passed","2026-08-02","","WorkspaceCreationViewModelTest[jvm]","com.georgeci.moneysurfer.feature.workspace.creation.WorkspaceCreationViewModelTest",""
"","1","a list pushed on top of a detail leaves that detail its back affordance[jvm]","","2026-08-02","passed","2026-08-02","","SurferPaneSceneStrategyTest[jvm]","com.georgeci.moneysurfer.navigation.SurferPaneSceneStrategyTest",""
"","26","cleanup failure surfaces CleanupFailed notice[jvm]","","2026-08-02","passed","2026-08-02","","DeleteUserAccountViewModelTest[jvm]","com.georgeci.moneysurfer.feature.settings.account.DeleteUserAccountViewModelTest",""
"","28","the default layout covers every widget type, enabled, in Variant A order[jvm]","","2026-07-31","passed","2026-07-31","","DashboardLayoutConfigTest[jvm]","com.georgeci.moneysurfer.domain.dashboard.DashboardLayoutConfigTest",""
"","3","a warning without a throwable only leaves a breadcrumb[jvm]","","2026-07-31","passed","2026-07-31","","CrashReportingLogWriterTest[jvm]","com.georgeci.moneysurfer.domain.telemetry.CrashReportingLogWriterTest",""
"","19","positive cap text is converted from major units into Money[jvm]","","2026-08-02","passed","2026-08-02","","CategoryCreationStateTest[jvm]","com.georgeci.moneysurfer.feature.category.creation.CategoryCreationStateTest",""
"","16","round-trip preserves all fields[jvm]","","2026-07-31","passed","2026-07-31","","PendingMutationQueueImplSpec[jvm]","com.georgeci.moneysurfer.data.sync.PendingMutationQueueImplSpec",""
"","11","permission-denied during fetch maps to AuthError.PermissionDenied[jvm]","","2026-07-31","passed","2026-07-31","","PostAuthBootstrapUseCaseTest[jvm]","com.georgeci.moneysurfer.domain.usecase.PostAuthBootstrapUseCaseTest",""
"","11","soft-delete via upsert sets status REMOVED and stamps removedAt without erasing the row[jvm]","","2026-07-31","passed","2026-07-31","","WorkspaceMemberRepositoryIntegrationIT[jvm]","com.georgeci.moneysurfer.integration.repository.WorkspaceMemberRepositoryIntegrationIT",""
"","102","an unusable amount is flagged under the field and blocks Save[jvm]","","2026-08-02","passed","2026-08-02","","TransactionCreationScreenStateTest[jvm]","com.georgeci.moneysurfer.ui.TransactionCreationScreenStateTest",""
"","43","plugin failure surfaces as a sync error and leaves the cursor untouched[jvm]","","2026-07-31","passed","2026-07-31","","PullRemoteChangesUseCaseImplSpec[jvm]","com.georgeci.moneysurfer.data.sync.PullRemoteChangesUseCaseImplSpec",""
"","7","observeOutbox keeps in-flight rows, oldest first — a stuck push must not read as an empty outbox[jvm]","","2026-07-31","passed","2026-07-31","","PendingMutationQueueImplSpec[jvm]","com.georgeci.moneysurfer.sync.internal.repository.PendingMutationQueueImplSpec",""
"","4","strips the CSV separator instead of splitting or rejecting[jvm]","","2026-07-31","passed","2026-07-31","","TransactionTagsTest[jvm]","com.georgeci.moneysurfer.domain.model.TransactionTagsTest",""
"","11","markInFlight excludes rows from the next pending batch[jvm]","","2026-07-31","passed","2026-07-31","","PendingMutationQueueImplSpec[jvm]","com.georgeci.moneysurfer.data.sync.PendingMutationQueueImplSpec",""
"","4","a trailing comma left by an older client decodes to the ids that are actually there[jvm]","","2026-07-31","passed","2026-07-31","","WorkspaceScopedDtoMapperSpec[jvm]","com.georgeci.moneysurfer.data.sync.WorkspaceScopedDtoMapperSpec",""
"","10","still pins workspace and succeeds when addWorkspaceRef throws[jvm]","","2026-07-31","passed","2026-07-31","","CreateWorkspaceUseCaseTest[jvm]","com.georgeci.moneysurfer.domain.usecase.CreateWorkspaceUseCaseTest",""
"","6","a renderable palette passes through untouched[jvm]","","2026-07-31","passed","2026-07-31","","ConfigFacadesJvmTest[jvm]","com.georgeci.moneysurfer.data.config.ConfigFacadesJvmTest",""
"","40","changing the cap updates the backing budget instead of creating a second one[jvm]","","2026-08-02","passed","2026-08-02","","CategoryCreationViewModelTest[jvm]","com.georgeci.moneysurfer.feature.category.creation.CategoryCreationViewModelTest",""
"","0","explicit overrides are exposed[jvm]","","2026-07-31","passed","2026-07-31","","SyncConstraintsSpec[jvm]","com.georgeci.moneysurfer.sync.scheduler.SyncConstraintsSpec",""
"","13","both themes carry a tint for every hue in the catalogue[jvm]","","2026-08-02","passed","2026-08-02","","CategoryPaletteParityTest[jvm]","com.georgeci.moneysurfer.feature.category.CategoryPaletteParityTest",""
"","80","the category chooser opens on the form's own category, filtered to the type's side[jvm]","","2026-08-02","passed","2026-08-02","","TransactionCreationFormTest[jvm]","com.georgeci.moneysurfer.feature.transaction.creation.TransactionCreationFormTest",""
"","464","the top bar's two actions are Close and Save[jvm]","","2026-08-02","passed","2026-08-02","","TransactionCreationScreenStateTest[jvm]","com.georgeci.moneysurfer.ui.TransactionCreationScreenStateTest",""
"","415","a plain positive amount is valid with no error[jvm]","","2026-08-02","passed","2026-08-02","","TransactionAmountInputTest[jvm]","com.georgeci.moneysurfer.feature.transaction.creation.TransactionAmountInputTest",""
"","5","as a dead end from sign-in the online build offers a way out[jvm]","","2026-08-02","passed","2026-08-02","","WorkspaceSelectorViewModelTest[jvm]","com.georgeci.moneysurfer.feature.workspace.selector.WorkspaceSelectorViewModelTest",""
"","4","a payload quoted against a different base is refused[jvm]","","2026-07-31","passed","2026-07-31","","ExchangeRateApiTest[jvm]","com.georgeci.moneysurfer.data.remote.ExchangeRateApiTest",""
"","6","cancelAll cancels running and queued[jvm]","","2026-07-31","passed","2026-07-31","","SyncCoordinatorImplSpec[jvm]","com.georgeci.moneysurfer.sync.coordinator.SyncCoordinatorImplSpec",""
"","1","a rule the calendar cannot place is dropped rather than listed undated[jvm]","","2026-07-31","passed","2026-07-31","","UpcomingRecurringTest[jvm]","com.georgeci.moneysurfer.domain.model.UpcomingRecurringTest",""
"","2","a pre-#260 record read as the current format is rejected as a short row[jvm]","","2026-07-31","passed","2026-07-31","","TransactionCsvCodecTest[jvm]","com.georgeci.moneysurfer.domain.csv.TransactionCsvCodecTest",""
"","10","goal details carry progress and history[jvm]","","2026-07-31","passed","2026-07-31","","SavingsGoalUseCaseTest[jvm]","com.georgeci.moneysurfer.domain.usecase.SavingsGoalUseCaseTest",""
"","8","rejects when invite not found[jvm]","","2026-07-31","passed","2026-07-31","","AcceptInviteUseCaseTest[jvm]","com.georgeci.moneysurfer.domain.usecase.AcceptInviteUseCaseTest",""
"","1","deleting an id that is not there returns nothing, so no Undo is offered[jvm]","","2026-07-31","passed","2026-07-31","","DeleteTransactionUseCaseTest[jvm]","com.georgeci.moneysurfer.domain.usecase.DeleteTransactionUseCaseTest",""
"","26","offline build binds the empty RemoteGlobal layer[jvm]","","2026-08-02","passed","2026-08-02","","OfflineConfigGraphTest[jvm]","com.georgeci.moneysurfer.offline.di.OfflineConfigGraphTest",""
"","11","CancellationException maps to Cancelled[jvm]","","2026-07-31","passed","2026-07-31","","SyncErrorClassifierSpec[jvm]","com.georgeci.moneysurfer.data.sync.SyncErrorClassifierSpec",""
"","152","a compact card keeps only the first insight[jvm]","","2026-08-02","passed","2026-08-02","","DashboardInsightsScreenTest[jvm]","com.georgeci.moneysurfer.ui.DashboardInsightsScreenTest",""
"","2","returns Right for a Workspace scope[jvm]","","2026-07-31","passed","2026-07-31","","NoOpRecalculateLocalProjectionsUseCaseSpec[jvm]","com.georgeci.moneysurfer.sync.internal.usecase.NoOpRecalculateLocalProjectionsUseCaseSpec",""
"","5","icon and hue come from the same slot, so a backfilled row keeps its old pairing[jvm]","","2026-07-31","passed","2026-07-31","","CategoryAppearanceTest[jvm]","com.georgeci.moneysurfer.domain.model.CategoryAppearanceTest",""
"","4","the offline build never offers sign-out — there is no account to sign out of[jvm]","","2026-08-02","passed","2026-08-02","","WorkspaceSelectorViewModelTest[jvm]","com.georgeci.moneysurfer.feature.workspace.selector.WorkspaceSelectorViewModelTest",""
"","342","a drag that never leaves the row it started on asks for nothing[jvm]","","2026-08-02","passed","2026-08-02","","DashboardCustomizeScreenStateTest[jvm]","com.georgeci.moneysurfer.ui.DashboardCustomizeScreenStateTest",""
"","6","reaching the target flips ACTIVE to COMPLETED[jvm]","","2026-07-31","passed","2026-07-31","","GoalContributionUseCaseTest[jvm]","com.georgeci.moneysurfer.domain.usecase.GoalContributionUseCaseTest",""
"","13","a tombstone for a row this device never had creates nothing[jvm]","","2026-07-31","passed","2026-07-31","","TransactionTombstoneSyncIntegrationIT[jvm]","com.georgeci.moneysurfer.integration.sync.TransactionTombstoneSyncIntegrationIT",""
"","921","password is masked until the reveal toggle is tapped[jvm]","","2026-08-02","passed","2026-08-02","","SignInScreenStateTest[jvm]","com.georgeci.moneysurfer.ui.SignInScreenStateTest",""
"","1","addDownload accumulates downloadedCount[jvm]","","2026-07-31","passed","2026-07-31","","SyncSummaryBuilderSpec[jvm]","com.georgeci.moneysurfer.sync.api.SyncSummaryBuilderSpec",""
"","1","cancel invokes the supplied cancelAction once[jvm]","","2026-07-31","passed","2026-07-31","","SyncHandleImplSpec[jvm]","com.georgeci.moneysurfer.sync.coordinator.SyncHandleImplSpec",""
"","2","a remote tag containing the CSV separator is normalized, not split[jvm]","","2026-07-31","passed","2026-07-31","","TransactionDtoMapperSpec[jvm]","com.georgeci.moneysurfer.data.sync.TransactionDtoMapperSpec",""
"","7","switching a widget off keeps its card style and parks it after the enabled ones[jvm]","","2026-07-31","passed","2026-07-31","","DashboardLayoutConfigTest[jvm]","com.georgeci.moneysurfer.domain.dashboard.DashboardLayoutConfigTest",""
"","8","reorder numbers the accounts in the order it was given[jvm]","","2026-07-31","passed","2026-07-31","","AccountWriteUseCasesTest[jvm]","com.georgeci.moneysurfer.domain.usecase.AccountWriteUseCasesTest",""
"","0","abs of an ordinary negative amount is its magnitude[jvm]","","2026-07-31","passed","2026-07-31","","MoneyTest[jvm]","com.georgeci.moneysurfer.domain.primitives.MoneyTest",""
"","32","every month in the window is emitted, including the ones with no spend[jvm]","","2026-07-31","passed","2026-07-31","","CategorySpendHistoryTest[jvm]","com.georgeci.moneysurfer.domain.model.CategorySpendHistoryTest",""
"","1","',5' -> '.5'[jvm]","","2026-08-02","passed","2026-08-02","","AmountInputTransformationTest[jvm]","com.georgeci.moneysurfer.utils.AmountInputTransformationTest",""
"","59","archived budgets never reach the budgets widget[jvm]","","2026-08-02","passed","2026-08-02","","DashboardBudgetsViewModelTest[jvm]","com.georgeci.moneysurfer.feature.dashboard.DashboardBudgetsViewModelTest",""
"","27","an unknown period on the row falls back to monthly rather than failing the read[jvm]","","2026-07-31","passed","2026-07-31","","BudgetRepositoryImplJvmTest[jvm]","com.georgeci.moneysurfer.data.repository.BudgetRepositoryImplJvmTest",""
"","3","rejects when target is not a member[jvm]","","2026-07-31","passed","2026-07-31","","RemoveMemberUseCaseTest[jvm]","com.georgeci.moneysurfer.domain.usecase.RemoveMemberUseCaseTest",""
"","3","day sets convert between CSV columns and wire lists[jvm]","","2026-07-31","passed","2026-07-31","","RecurringRuleDtoMapperSpec[jvm]","com.georgeci.moneysurfer.data.sync.RecurringRuleDtoMapperSpec",""
"","4","returns null when nothing searchable is left[jvm]","","2026-07-31","passed","2026-07-31","","FtsQueryTest[jvm]","com.georgeci.moneysurfer.data.db.FtsQueryTest",""
"","41","member can read the workspace invite roster","","2026-08-02","passed","2026-08-02","","invites — read","invites — read member can read the workspace invite roster",""
"","113","the donut names its segments and states the period total in the middle[jvm]","","2026-08-02","passed","2026-08-02","","DashboardScreenStateTest[jvm]","com.georgeci.moneysurfer.ui.DashboardScreenStateTest",""
"","3","a reset without an active workspace touches nothing[jvm]","","2026-08-02","passed","2026-08-02","","SyncViewModelTest[jvm]","com.georgeci.moneysurfer.feature.settings.sync.SyncViewModelTest",""
"","36","an account-scoped list ignores an account picked on the filter screen[jvm]","","2026-08-02","passed","2026-08-02","","TransactionsByAccountFilteringTest[jvm]","com.georgeci.moneysurfer.feature.transaction.list.TransactionsByAccountFilteringTest",""
"","10","the goals list folds in saved amounts and hides archived goals[jvm]","","2026-07-31","passed","2026-07-31","","SavingsGoalUseCaseTest[jvm]","com.georgeci.moneysurfer.domain.usecase.SavingsGoalUseCaseTest",""
"","15","currency symbol comes from the catalogue and otherwise falls back to its code[jvm]","","2026-08-02","passed","2026-08-02","","AccountCreationStateTest[jvm]","com.georgeci.moneysurfer.feature.account.creation.AccountCreationStateTest",""
"","22","switching workspace re-emits the footer[jvm]","","2026-08-02","passed","2026-08-02","","AppShellViewModelTest[jvm]","com.georgeci.moneysurfer.navigation.AppShellViewModelTest",""
"","12","the forward arrow is inert on the period containing today[jvm]","","2026-08-02","passed","2026-08-02","","InsightsViewModelTest[jvm]","com.georgeci.moneysurfer.feature.insights.InsightsViewModelTest",""
"","27","owner can tombstone an invite","","2026-08-02","passed","2026-08-02","","tombstone update shape (push-side soft delete)","tombstone update shape (push-side soft delete) owner can tombstone an invite",""
"","29","accepts a null splitId","","2026-08-02","passed","2026-08-02","","entity write-shape validation (issue #156)","entity write-shape validation (issue #156) accepts a null splitId",""
"","15","a pull overwrites a local row and clears its pending state[jvm]","","2026-07-31","passed","2026-07-31","","ConfigEntryDaoIntegrationIT[jvm]","com.georgeci.moneysurfer.integration.repository.ConfigEntryDaoIntegrationIT",""
"","11","the screen opens on what is currently applied, not on a blank slate[jvm]","","2026-08-02","passed","2026-08-02","","TransactionFiltersViewModelTest[jvm]","com.georgeci.moneysurfer.feature.transaction.filters.TransactionFiltersViewModelTest",""
"","31","non-member is blocked from budgets","","2026-08-02","passed","2026-08-02","","member-gated entities (smoke for the rest)","member-gated entities (smoke for the rest) non-member is blocked from budgets",""
"","2","every migration moves exactly one version forward[jvm]","","2026-07-31","passed","2026-07-31","","MigrationChainSpec[jvm]","com.georgeci.moneysurfer.data.db.MigrationChainSpec",""
"","90","light scheme: self-tinted amount and type pills clear AA[jvm]","","2026-08-02","passed","2026-08-02","","ColorContrastTest[jvm]","com.georgeci.moneysurfer.uikit.theme.ColorContrastTest",""
"","14","the pushed doc carries the tombstone while the row is deleted[jvm]","","2026-07-31","passed","2026-07-31","","TransactionTombstoneSyncIntegrationIT[jvm]","com.georgeci.moneysurfer.integration.sync.TransactionTombstoneSyncIntegrationIT",""
"","12","the user-scoped read is capped, so a grown collection cannot be pulled whole[jvm]","","2026-07-31","passed","2026-07-31","","PullRemoteChangesUseCaseImplSpec[jvm]","com.georgeci.moneysurfer.data.sync.PullRemoteChangesUseCaseImplSpec",""
"","1","PUSH_INVITES sits between PUSH_MEMBERS and PUSH_ACCOUNTS[jvm]","","2026-07-31","passed","2026-07-31","","SyncStepOrderTest[jvm]","com.georgeci.moneysurfer.domain.model.SyncStepOrderTest",""
"","76","same-currency transfer creates two legs sharing transferId, EXPENSE on source and INCOME on destination[jvm]","","2026-07-31","passed","2026-07-31","","TransferCreationIntegrationIT[jvm]","com.georgeci.moneysurfer.integration.repository.TransferCreationIntegrationIT",""
"","350","the number-format pill renders the stored style, not a fixed sample[jvm]","","2026-08-02","passed","2026-08-02","","PreferencesScreenStateTest[jvm]","com.georgeci.moneysurfer.ui.PreferencesScreenStateTest",""
"","46","a device-scoped setting is neither wiped nor held[jvm]","","2026-07-31","passed","2026-07-31","","LocalDataResetIntegrationIT[jvm]","com.georgeci.moneysurfer.integration.repository.LocalDataResetIntegrationIT",""
"","6","sync is refused once the build is unsupported[jvm]","","2026-07-31","passed","2026-07-31","","AppVersionGateImplTest[jvm]","com.georgeci.moneysurfer.data.repository.AppVersionGateImplTest",""
"","18","opening as a transfer is ignored by a build that has no transfers[jvm]","","2026-08-02","passed","2026-08-02","","TransactionCreationSaveTest[jvm]","com.georgeci.moneysurfer.feature.transaction.creation.TransactionCreationSaveTest",""
"","94","a full-window screen keeps its back arrow and its FAB[jvm]","","2026-08-02","passed","2026-08-02","","SurferPaneScaffoldTest[jvm]","com.georgeci.moneysurfer.ui.SurferPaneScaffoldTest",""
"","19","the all-accounts summary currency is the dominant one, not the newest row's[jvm]","","2026-08-02","passed","2026-08-02","","TransactionsByAccountPeriodTest[jvm]","com.georgeci.moneysurfer.feature.transaction.list.TransactionsByAccountPeriodTest",""
"","9","a failed select releases the spinner so the user can try again[jvm]","","2026-08-02","passed","2026-08-02","","WorkspaceSelectorViewModelTest[jvm]","com.georgeci.moneysurfer.feature.workspace.selector.WorkspaceSelectorViewModelTest",""
"","26","updates the workspace base currency[jvm]","","2026-07-31","passed","2026-07-31","","UpdateWorkspaceCurrencyUseCaseTest[jvm]","com.georgeci.moneysurfer.domain.usecase.UpdateWorkspaceCurrencyUseCaseTest",""
"","675","seal + open round-trips with the right passphrase[jvm]","","2026-07-31","passed","2026-07-31","","EncryptedBackupCodecTest[jvm]","com.georgeci.moneysurfer.data.backup.EncryptedBackupCodecTest",""
"","0","iso=2025-01-31[jvm]","","2026-07-31","passed","2026-07-31","","TimeFormatterTest[jvm]","com.georgeci.moneysurfer.data.repository.TimeFormatterTest",""
"","22","a budget the user renamed on the Budgets screen keeps its own name[jvm]","","2026-08-02","passed","2026-08-02","","CategoryCreationViewModelTest[jvm]","com.georgeci.moneysurfer.feature.category.creation.CategoryCreationViewModelTest",""
"","27","the row actions each navigate to their own screen[jvm]","","2026-08-02","passed","2026-08-02","","WorkspaceSelectorViewModelTest[jvm]","com.georgeci.moneysurfer.feature.workspace.selector.WorkspaceSelectorViewModelTest",""
"","26","a lone leg still declares itself part of a receipt, so the delete dialog can say so[jvm]","","2026-08-02","passed","2026-08-02","","TransactionsListSplitTest[jvm]","com.georgeci.moneysurfer.feature.transaction.list.TransactionsListSplitTest",""
"","51","replaceTop swaps the current destination without growing the stack[jvm]","","2026-08-02","passed","2026-08-02","","AppNavigatorTest[jvm]","com.georgeci.moneysurfer.navigation.AppNavigatorTest",""
"","16","a rename reaches a live collector — nothing has to re-subscribe[jvm]","","2026-07-31","passed","2026-07-31","","GetCurrentWorkspaceUseCaseTest[jvm]","com.georgeci.moneysurfer.domain.usecase.GetCurrentWorkspaceUseCaseTest",""
"","18","the day's net counts every leg, not just the one standing for the group[jvm]","","2026-08-02","passed","2026-08-02","","TransactionsListSplitTest[jvm]","com.georgeci.moneysurfer.feature.transaction.list.TransactionsListSplitTest",""
"","47","member can read","","2026-08-02","passed","2026-08-02","","member-gated entities (accounts)","member-gated entities (accounts) member can read",""
"","8","markDeclined transitions status to DECLINED[jvm]","","2026-07-31","passed","2026-07-31","","WorkspaceInviteRepositoryDualWriteSpec[jvm]","com.georgeci.moneysurfer.data.repository.WorkspaceInviteRepositoryDualWriteSpec",""
"","2","out-of-range days of month are filtered in both directions[jvm]","","2026-07-31","passed","2026-07-31","","RecurringRuleDtoMapperSpec[jvm]","com.georgeci.moneysurfer.data.sync.RecurringRuleDtoMapperSpec",""
"","2","a legacy note starting with a literal apostrophe decodes unchanged[jvm]","","2026-07-31","passed","2026-07-31","","TransactionCsvCodecTest[jvm]","com.georgeci.moneysurfer.domain.csv.TransactionCsvCodecTest",""
"","3","clearAll wipes outbox before sync_meta[jvm]","","2026-07-31","passed","2026-07-31","","RemoteDataResetRepositoryImplSpec[jvm]","com.georgeci.moneysurfer.sync.repository.RemoteDataResetRepositoryImplSpec",""
"","0","equal timestamps → take local (stable, no-op re-pull)[jvm]","","2026-07-31","passed","2026-07-31","","LwwConflictResolverSpec[jvm]","com.georgeci.moneysurfer.sync.repository.LwwConflictResolverSpec",""
"","794","the style sheet offers both sizes and, for the balance card, its variants[jvm]","","2026-08-02","passed","2026-08-02","","DashboardCustomizeScreenStateTest[jvm]","com.georgeci.moneysurfer.ui.DashboardCustomizeScreenStateTest",""
"","109","spend with no category is a segment of the donut with a name, not a gap[jvm]","","2026-08-02","passed","2026-08-02","","DashboardScreenStateTest[jvm]","com.georgeci.moneysurfer.ui.DashboardScreenStateTest",""
"","0","a category budget covers a slice of the spend, so it never judges the whole month[jvm]","","2026-07-31","passed","2026-07-31","","BurnRateTest[jvm]","com.georgeci.moneysurfer.domain.model.BurnRateTest",""
"","0","anonymous flow (null password) skips re-auth[jvm]","","2026-07-31","passed","2026-07-31","","DeleteUserAccountUseCaseTest[jvm]","com.georgeci.moneysurfer.domain.usecase.DeleteUserAccountUseCaseTest",""
"","41","update blocked when clientVersionCode is missing on the resulting doc","","2026-08-02","passed","2026-08-02","","invites — update / delete","invites — update / delete update blocked when clientVersionCode is missing on the resulting doc",""
"","5","email mapping pointing at a different uid is preserved[jvm]","","2026-07-31","passed","2026-07-31","","UserAccountDeletionRepositoryImplTest[jvm]","com.georgeci.moneysurfer.data.repository.UserAccountDeletionRepositoryImplTest",""
"","54","opening an existing category restores its icon, colour and parent[jvm]","","2026-08-02","passed","2026-08-02","","CategoryCreationViewModelTest[jvm]","com.georgeci.moneysurfer.feature.category.creation.CategoryCreationViewModelTest",""
"","50","a split entered on the Income tab writes income legs[jvm]","","2026-08-02","passed","2026-08-02","","TransactionCreationSaveGuardsTest[jvm]","com.georgeci.moneysurfer.feature.transaction.creation.TransactionCreationSaveGuardsTest",""
"","6","keeps the shared version when every artifact of a family agrees[jvm]","","2026-08-02","passed","2026-08-02","","ParseOssLibrariesTest[jvm]","com.georgeci.moneysurfer.feature.settings.about.licenses.ParseOssLibrariesTest",""
"","25","a category budget leaves the verdict off rather than judging every expense by it[jvm]","","2026-07-31","passed","2026-07-31","","GetBurnRateUseCaseTest[jvm]","com.georgeci.moneysurfer.domain.usecase.GetBurnRateUseCaseTest",""
"","2","throwIfCancelled throws when cancelled[jvm]","","2026-07-31","passed","2026-07-31","","SyncCancelTokenSpec[jvm]","com.georgeci.moneysurfer.sync.api.SyncCancelTokenSpec",""
"","1","under a weekly period it is the weekly cap that speaks, and the monthly one that does not[jvm]","","2026-07-31","passed","2026-07-31","","SpentByCategoryTest[jvm]","com.georgeci.moneysurfer.domain.model.SpentByCategoryTest",""
"","8","creating a goal with a non-positive target is rejected[jvm]","","2026-07-31","passed","2026-07-31","","SavingsGoalUseCaseTest[jvm]","com.georgeci.moneysurfer.domain.usecase.SavingsGoalUseCaseTest",""
"","20","pushAll reports that nothing landed when sync is disabled[jvm]","","2026-07-31","passed","2026-07-31","","SyncCoordinatorWorkspaceSyncerSpec[jvm]","com.georgeci.moneysurfer.data.sync.SyncCoordinatorWorkspaceSyncerSpec",""
"","0","SettingsDeleteAccount[jvm]","","2026-08-02","passed","2026-08-02","","RouteSerializationTest[jvm]","com.georgeci.moneysurfer.navigation.RouteSerializationTest",""
"","0","SyncMeta supports null timestamps for fresh workspaces[jvm]","","2026-07-31","passed","2026-07-31","","SyncMetaRepositorySpec[jvm]","com.georgeci.moneysurfer.sync.repository.SyncMetaRepositorySpec",""
"","1","eligibleParents refuses a category that is already a child — the tree stays one level deep[jvm]","","2026-07-31","passed","2026-07-31","","CategoryTreeTest[jvm]","com.georgeci.moneysurfer.domain.model.CategoryTreeTest",""
"","2","the headline carries the remainder, the per-day pace and the days left[jvm]","","2026-07-31","passed","2026-07-31","","SafeToSpendTest[jvm]","com.georgeci.moneysurfer.domain.model.SafeToSpendTest",""
"","0","monthly anchor on the 31st clamps to the last day of a short month[jvm]","","2026-07-31","passed","2026-07-31","","BudgetPeriodWindowTest[jvm]","com.georgeci.moneysurfer.domain.util.BudgetPeriodWindowTest",""
"","94","delete removes the transaction and shows an undo snackbar[jvm]","","2026-08-02","passed","2026-08-02","","TransactionDetailsViewModelTest[jvm]","com.georgeci.moneysurfer.feature.transaction.details.TransactionDetailsViewModelTest",""
"","70","non-member cannot read or create a goal","","2026-08-02","passed","2026-08-02","","savings goals (issue #244)","savings goals (issue #244) non-member cannot read or create a goal",""
"","4","shifting a month steps whole months without short-month drift[jvm]","","2026-07-31","passed","2026-07-31","","TransactionPeriodWindowTest[jvm]","com.georgeci.moneysurfer.domain.util.TransactionPeriodWindowTest",""
"","17","an Undo enqueues an UPDATE that clears the tombstone remotely[jvm]","","2026-07-31","passed","2026-07-31","","TransactionTombstoneSyncIntegrationIT[jvm]","com.georgeci.moneysurfer.integration.sync.TransactionTombstoneSyncIntegrationIT",""
"","233","an overridden row clears its override when tapped[jvm]","","2026-08-02","passed","2026-08-02","","DebugConfigScreenStateTest[jvm]","com.georgeci.moneysurfer.ui.DebugConfigScreenStateTest",""
"","33","owner can cancel a PENDING invite","","2026-08-02","passed","2026-08-02","","invites — update / delete","invites — update / delete owner can cancel a PENDING invite",""
"","89","picking a date replaces the business date the edited row was pinned to[jvm]","","2026-08-02","passed","2026-08-02","","TransactionCreationFormTest[jvm]","com.georgeci.moneysurfer.feature.transaction.creation.TransactionCreationFormTest",""
"","40","a preset owns the window, and only while it is set[jvm]","","2026-08-02","passed","2026-08-02","","TransactionFilterMatchingTest[jvm]","com.georgeci.moneysurfer.feature.transaction.filter.TransactionFilterMatchingTest",""
"","1","an amount is flagged inline only once there is something to complain about[jvm]","","2026-08-02","passed","2026-08-02","","TransactionCreationStateTest[jvm]","com.georgeci.moneysurfer.feature.transaction.creation.TransactionCreationStateTest",""
"","21","owner can mark a member as REMOVED","","2026-08-02","passed","2026-08-02","","workspaces/{wid}/members/{uid}","workspaces/{wid}/members/{uid} owner can mark a member as REMOVED",""
"","31","a month that barely moved is flat rather than a percentage nobody would act on[jvm]","","2026-07-31","passed","2026-07-31","","GetSpentMonthUseCaseTest[jvm]","com.georgeci.moneysurfer.domain.usecase.GetSpentMonthUseCaseTest",""
"","18","a multi-pop removes exactly that many entries[jvm]","","2026-08-02","passed","2026-08-02","","AppNavigatorTest[jvm]","com.georgeci.moneysurfer.navigation.AppNavigatorTest",""
"","1","all counters compose into one summary[jvm]","","2026-07-31","passed","2026-07-31","","SyncSummaryBuilderSpec[jvm]","com.georgeci.moneysurfer.sync.api.SyncSummaryBuilderSpec",""
"","29","the screen opens on the stored layout, normalized[jvm]","","2026-08-02","passed","2026-08-02","","DashboardCustomizeViewModelTest[jvm]","com.georgeci.moneysurfer.feature.dashboard.customize.DashboardCustomizeViewModelTest",""
"","1","a parent cycle is shown at the top level rather than vanishing[jvm]","","2026-07-31","passed","2026-07-31","","CategoryTreeTest[jvm]","com.georgeci.moneysurfer.domain.model.CategoryTreeTest",""
"","879","adding money records a positive contribution[jvm]","","2026-08-02","passed","2026-08-02","","GoalContributionViewModelTest[jvm]","com.georgeci.moneysurfer.feature.goal.contribution.GoalContributionViewModelTest",""
"","18","transaction stores its own currencyCode independent of the account's currency[jvm]","","2026-07-31","passed","2026-07-31","","TransactionCreationIntegrationIT[jvm]","com.georgeci.moneysurfer.integration.repository.TransactionCreationIntegrationIT",""
"","5","the card-style picker follows the host's build flag[jvm]","","2026-08-02","passed","2026-08-02","","DashboardCustomizeViewModelTest[jvm]","com.georgeci.moneysurfer.feature.dashboard.customize.DashboardCustomizeViewModelTest",""
"","43","with no budget the card says so and leaves the bar empty[jvm]","","2026-08-02","passed","2026-08-02","","DashboardSpentMonthViewModelTest[jvm]","com.georgeci.moneysurfer.feature.dashboard.DashboardSpentMonthViewModelTest",""
"","24","each picker writes under its own key[jvm]","","2026-08-02","passed","2026-08-02","","NavigationResultKeysTest[jvm]","com.georgeci.moneysurfer.navigation.NavigationResultKeysTest",""
"","4","ActiveWorkspace with no current workspace pulls nothing[jvm]","","2026-07-31","passed","2026-07-31","","PullRemoteChangesUseCaseImplSpec[jvm]","com.georgeci.moneysurfer.data.sync.PullRemoteChangesUseCaseImplSpec",""
"","3","markInFlight is a no-op for empty list[jvm]","","2026-07-31","passed","2026-07-31","","PendingMutationQueueImplSpec[jvm]","com.georgeci.moneysurfer.sync.internal.repository.PendingMutationQueueImplSpec",""
"","6","no budgets at all leaves the control editable with nothing behind it[jvm]","","2026-07-31","passed","2026-07-31","","CategoryCapCoverageTest[jvm]","com.georgeci.moneysurfer.domain.model.CategoryCapCoverageTest",""
"","29","owner create blocked when status != PENDING","","2026-08-02","passed","2026-08-02","","invites — write","invites — write owner create blocked when status != PENDING",""
"","438","editing hands back the fields the form has no input for[jvm]","","2026-08-02","passed","2026-08-02","","TransactionCreationEditTest[jvm]","com.georgeci.moneysurfer.feature.transaction.creation.TransactionCreationEditTest",""
"","142","strings.xml files are discovered[jvm]","","2026-08-02","passed","2026-08-02","","StringResourcePlaceholderTest[jvm]","com.georgeci.moneysurfer.utils.StringResourcePlaceholderTest",""
"","6","a row whose account or category is not loaded keeps the form's current selection[jvm]","","2026-08-02","passed","2026-08-02","","TransactionCreationMappingTest[jvm]","com.georgeci.moneysurfer.feature.transaction.creation.TransactionCreationMappingTest",""
"","20","OnArchiveConfirm archives the account, clears pending, and shows an undo snackbar[jvm]","","2026-08-02","passed","2026-08-02","","AccountsManageViewModelTest[jvm]","com.georgeci.moneysurfer.feature.account.manage.AccountsManageViewModelTest",""
"","24","member cannot hard-delete a member row (not even their own)","","2026-08-02","passed","2026-08-02","","workspaces/{wid}/members/{uid}","workspaces/{wid}/members/{uid} member cannot hard-delete a member row (not even their own)",""
"","3","enqueueUpsert rejects DELETE — must call enqueueDelete instead[jvm]","","2026-07-31","passed","2026-07-31","","OutboxEnqueuerImplSpec[jvm]","com.georgeci.moneysurfer.sync.repository.OutboxEnqueuerImplSpec",""
"","14","an unreachable server leaves the mirrored values in place[jvm]","","2026-07-31","passed","2026-07-31","","RemoteGlobalConfigSourceImplSpec[jvm]","com.georgeci.moneysurfer.appconfig.remote.RemoteGlobalConfigSourceImplSpec",""
"","37","member can update","","2026-08-02","passed","2026-08-02","","member-gated entities (accounts)","member-gated entities (accounts) member can update",""
"","0","Settings[jvm]","","2026-08-02","passed","2026-08-02","","RouteSerializationTest[jvm]","com.georgeci.moneysurfer.navigation.RouteSerializationTest",""
"","2","the user-scoped phase is skipped without a Firebase uid[jvm]","","2026-07-31","passed","2026-07-31","","PullRemoteChangesUseCaseImplSpec[jvm]","com.georgeci.moneysurfer.data.sync.PullRemoteChangesUseCaseImplSpec",""
"","3","enqueueUpsert is a no-op when demo session[jvm]","","2026-07-31","passed","2026-07-31","","OutboxEnqueuerSpec[jvm]","com.georgeci.moneysurfer.data.sync.OutboxEnqueuerSpec",""
"","64","opening balances are dropped before the cap, not counted against it[jvm]","","2026-08-02","passed","2026-08-02","","DashboardViewModelTest[jvm]","com.georgeci.moneysurfer.feature.dashboard.DashboardViewModelTest",""
"","43","a body that is not the payload we expect reads as no answer[jvm]","","2026-07-31","passed","2026-07-31","","HttpExchangeRateRemoteSourceJvmTest[jvm]","com.georgeci.moneysurfer.data.remote.HttpExchangeRateRemoteSourceJvmTest",""
"","25","a pulled rule is inserted with its schedule[jvm]","","2026-07-31","passed","2026-07-31","","BudgetAndRecurringRuleSyncPluginIT[jvm]","com.georgeci.moneysurfer.integration.plugin.BudgetAndRecurringRuleSyncPluginIT",""
"","19","reset-all drops every override[jvm]","","2026-07-31","passed","2026-07-31","","DebugConfigSourceImplJvmTest[jvm]","com.georgeci.moneysurfer.data.config.DebugConfigSourceImplJvmTest",""
"","10","a settings key queues one push however often it is toggled[jvm]","","2026-07-31","passed","2026-07-31","","PendingMutationQueueIntegrationIT[jvm]","com.georgeci.moneysurfer.integration.sync.PendingMutationQueueIntegrationIT",""
"","10","spend in the base currency is not blamed on the filter, even beside excluded rows[jvm]","","2026-08-02","passed","2026-08-02","","InsightsViewModelTest[jvm]","com.georgeci.moneysurfer.feature.insights.InsightsViewModelTest",""
"","13","a build below the minimum supported version is cut off[jvm]","","2026-07-31","passed","2026-07-31","","AppVersionGateImplTest[jvm]","com.georgeci.moneysurfer.data.repository.AppVersionGateImplTest",""
"","24","shutdown cancels coordinator and scheduler[jvm]","","2026-07-31","passed","2026-07-31","","SessionShutdownGateImplSpec[jvm]","com.georgeci.moneysurfer.data.sync.SessionShutdownGateImplSpec",""
"","2","blank category id decodes to null instead of failing[jvm]","","2026-07-31","passed","2026-07-31","","TransactionCsvCodecTest[jvm]","com.georgeci.moneysurfer.domain.csv.TransactionCsvCodecTest",""
"","5","redactEmail masks local part and domain but keeps a correlation hint[jvm]","","2026-07-31","passed","2026-07-31","","PiiRedactionTest[jvm]","com.georgeci.moneysurfer.domain.logging.PiiRedactionTest",""
"","11","the tab row switches both variants over to the picked type[jvm]","","2026-08-02","passed","2026-08-02","","CategoryChooserViewModelTest[jvm]","com.georgeci.moneysurfer.feature.category.picker.CategoryChooserViewModelTest",""
"","9","repairs lagging accounts when the workspace currency already matches (retry path)[jvm]","","2026-07-31","passed","2026-07-31","","UpdateWorkspaceCurrencyUseCaseTest[jvm]","com.georgeci.moneysurfer.domain.usecase.UpdateWorkspaceCurrencyUseCaseTest",""
"","315","the resolution summary names the effective value and the layer that won[jvm]","","2026-08-02","passed","2026-08-02","","DebugConfigScreenStateTest[jvm]","com.georgeci.moneysurfer.ui.DebugConfigScreenStateTest",""
"","25","nobody signed in means no figure to print[jvm]","","2026-07-31","passed","2026-07-31","","GetSpentMonthUseCaseTest[jvm]","com.georgeci.moneysurfer.domain.usecase.GetSpentMonthUseCaseTest",""
"","1","throwIfCancelled does nothing when active[jvm]","","2026-07-31","passed","2026-07-31","","SyncCancelTokenSpec[jvm]","com.georgeci.moneysurfer.sync.api.SyncCancelTokenSpec",""
"","199","a rise maps to the warning sentence, with both amounts formatted in the base currency[jvm]","","2026-08-02","passed","2026-08-02","","DashboardInsightsViewModelTest[jvm]","com.georgeci.moneysurfer.feature.dashboard.DashboardInsightsViewModelTest",""
"","21","the base-currency filter is named as the reason when it hides everything[jvm]","","2026-08-02","passed","2026-08-02","","InsightsViewModelTest[jvm]","com.georgeci.moneysurfer.feature.insights.InsightsViewModelTest",""
"","29","the footer starts blank, so the drawer renders before the session resolves[jvm]","","2026-08-02","passed","2026-08-02","","AppShellViewModelTest[jvm]","com.georgeci.moneysurfer.navigation.AppShellViewModelTest",""
"","36","a failure with a handler is left to the screen[jvm]","","2026-08-02","passed","2026-08-02","","MviViewModelTest[jvm]","com.georgeci.moneysurfer.utils.MviViewModelTest",""
"","36","the delete confirmation opens and closes without touching the transaction[jvm]","","2026-08-02","passed","2026-08-02","","TransactionDetailsViewModelTest[jvm]","com.georgeci.moneysurfer.feature.transaction.details.TransactionDetailsViewModelTest",""
"","4","yearly window is anchored on the start date's month and day[jvm]","","2026-07-31","passed","2026-07-31","","BudgetPeriodWindowTest[jvm]","com.georgeci.moneysurfer.domain.util.BudgetPeriodWindowTest",""
"","3","wrong-password (FIRAuth 17009) classifies as InvalidCredentials[jvm]","","2026-07-31","passed","2026-07-31","","AuthErrorClassificationTest[jvm]","com.georgeci.moneysurfer.data.repository.AuthErrorClassificationTest",""
"","36","client cannot write app config (Console-only)","","2026-08-02","passed","2026-08-02","","appConfig/{docId}","appConfig/{docId} client cannot write app config (Console-only)",""
"","29","OnEditClick asks to open the editor for this category[jvm]","","2026-08-02","passed","2026-08-02","","CategoryDetailsViewModelTest[jvm]","com.georgeci.moneysurfer.feature.category.details.CategoryDetailsViewModelTest",""
"","1","'0.99' -> '0.99'[jvm]","","2026-08-02","passed","2026-08-02","","AmountInputTransformationTest[jvm]","com.georgeci.moneysurfer.utils.AmountInputTransformationTest",""
"","6","the amount field spells a whole number without its trailing zeros[jvm]","","2026-08-02","passed","2026-08-02","","TransactionCreationMappingTest[jvm]","com.georgeci.moneysurfer.feature.transaction.creation.TransactionCreationMappingTest",""
"","9","OnAccountMove reorders the list on screen and writes nothing until the row is dropped[jvm]","","2026-08-02","passed","2026-08-02","","AccountsManageViewModelTest[jvm]","com.georgeci.moneysurfer.feature.account.manage.AccountsManageViewModelTest",""
"","3","handle cancel of unknown id is a no-op[jvm]","","2026-07-31","passed","2026-07-31","","SyncCoordinatorImplBranchSpec[jvm]","com.georgeci.moneysurfer.sync.coordinator.SyncCoordinatorImplBranchSpec",""
"","0","an all-account summary chooses the currency with the largest magnitude[jvm]","","2026-08-02","passed","2026-08-02","","TransactionsListMappingTest[jvm]","com.georgeci.moneysurfer.feature.transaction.list.TransactionsListMappingTest",""
"","273","main DB payload without the SQLite header surfaces CorruptDatabase[jvm]","","2026-07-31","passed","2026-07-31","","BackupImporterImplJvmTest[jvm]","com.georgeci.moneysurfer.data.backup.BackupImporterImplJvmTest",""
"","8","an unreadable size falls back to Hero rather than dropping the widget[jvm]","","2026-07-31","passed","2026-07-31","","DashboardLayoutCodecTest[jvm]","com.georgeci.moneysurfer.data.preferences.DashboardLayoutCodecTest",""
"","18","a second tap while a run is in flight is ignored rather than doubling the batch[jvm]","","2026-08-02","passed","2026-08-02","","DebugConfigViewModelTest[jvm]","com.georgeci.moneysurfer.feature.settings.debug.DebugConfigViewModelTest",""
"","15","wrong column count is rejected with expected and actual sizes[jvm]","","2026-07-31","passed","2026-07-31","","TransactionCsvCodecTest[jvm]","com.georgeci.moneysurfer.domain.csv.TransactionCsvCodecTest",""
"","1","move expense from A to B unwinds A and applies B[jvm]","","2026-07-31","passed","2026-07-31","","CalculateBalanceDeltaTest[jvm]","com.georgeci.moneysurfer.domain.model.CalculateBalanceDeltaTest",""
"","47","swiping one leg of a transfer takes both, and Undo restores the pair[jvm]","","2026-08-02","passed","2026-08-02","","TransactionsByAccountDeleteTest[jvm]","com.georgeci.moneysurfer.feature.transaction.list.TransactionsByAccountDeleteTest",""
"","6","arithmetic within the domain cap stays exact[jvm]","","2026-07-31","passed","2026-07-31","","MoneyTest[jvm]","com.georgeci.moneysurfer.domain.primitives.MoneyTest",""
"","128","the spent-this-month card draws the amount, the cap it is under and the month before it[jvm]","","2026-08-02","passed","2026-08-02","","DashboardScreenStateTest[jvm]","com.georgeci.moneysurfer.ui.DashboardScreenStateTest",""
"","0","monthly clamping does not accumulate — the 31st returns after a short month[jvm]","","2026-07-31","passed","2026-07-31","","BudgetPeriodWindowTest[jvm]","com.georgeci.moneysurfer.domain.util.BudgetPeriodWindowTest",""
"","2","parser handles CRLF line endings a UTF-8 BOM and blank lines[jvm]","","2026-07-31","passed","2026-07-31","","TransactionCsvCodecTest[jvm]","com.georgeci.moneysurfer.domain.csv.TransactionCsvCodecTest",""
"","22","OnSubcategoryClick drills into the child rather than replacing this screen[jvm]","","2026-08-02","passed","2026-08-02","","CategoryDetailsViewModelTest[jvm]","com.georgeci.moneysurfer.feature.category.details.CategoryDetailsViewModelTest",""
"","4","create income → +impact[jvm]","","2026-07-31","passed","2026-07-31","","CalculateBalanceDeltaTest[jvm]","com.georgeci.moneysurfer.domain.model.CalculateBalanceDeltaTest",""
"","12","nothing is degraded on the happy path[jvm]","","2026-07-31","passed","2026-07-31","","LayeredConfigSpec[jvm]","com.georgeci.moneysurfer.appconfig.LayeredConfigSpec",""
"","6","a host can declare that the user has to reopen the app[jvm]","","2026-07-31","passed","2026-07-31","","AppRestarterTest[jvm]","com.georgeci.moneysurfer.domain.backup.AppRestarterTest",""
"","389","inserts accounts with USD, EUR, RUB in same workspace and getByWorkspaceId returns all three[jvm]","","2026-07-31","passed","2026-07-31","","AccountCreationIntegrationIT[jvm]","com.georgeci.moneysurfer.integration.repository.AccountCreationIntegrationIT",""
"","191","a custom range opens the two date fields, each with its own empty label[jvm]","","2026-08-02","passed","2026-08-02","","TransactionFiltersScreenStateTest[jvm]","com.georgeci.moneysurfer.ui.TransactionFiltersScreenStateTest",""
"","4","a line with no category is not a saveable receipt either[jvm]","","2026-08-02","passed","2026-08-02","","TransactionCreationSplitEditingTest[jvm]","com.georgeci.moneysurfer.feature.transaction.creation.TransactionCreationSplitEditingTest",""
"","12","a malformed base url reads as no answer rather than throwing[jvm]","","2026-07-31","passed","2026-07-31","","HttpExchangeRateRemoteSourceJvmTest[jvm]","com.georgeci.moneysurfer.data.remote.HttpExchangeRateRemoteSourceJvmTest",""
"","163","the summary strip states income, expenses and the net of the period[jvm]","","2026-08-02","passed","2026-08-02","","TransactionsListScreenStateTest[jvm]","com.georgeci.moneysurfer.ui.TransactionsListScreenStateTest",""
"","1627","encrypted round-trip restores data with the right passphrase[jvm]","","2026-07-31","passed","2026-07-31","","BackupEncryptedRoundTripJvmTest[jvm]","com.georgeci.moneysurfer.data.backup.BackupEncryptedRoundTripJvmTest",""
"","25","saving an edit to a row that was already purged inserts it fresh[jvm]","","2026-07-31","passed","2026-07-31","","TransactionSoftDeleteIntegrationIT[jvm]","com.georgeci.moneysurfer.integration.repository.TransactionSoftDeleteIntegrationIT",""
"","11","create income increments cache by +amount[jvm]","","2026-07-31","passed","2026-07-31","","ApplyTransactionChangeUseCaseTest[jvm]","com.georgeci.moneysurfer.domain.usecase.ApplyTransactionChangeUseCaseTest",""
"","31","invitee without email claim can accept via targetUserId branch","","2026-08-02","passed","2026-08-02","","invites — update / delete","invites — update / delete invitee without email claim can accept via targetUserId branch",""
"","5","onSyncFailed branches across every SyncError variant[jvm]","","2026-07-31","passed","2026-07-31","","KermitSyncTelemetrySpec[jvm]","com.georgeci.moneysurfer.sync.internal.telemetry.KermitSyncTelemetrySpec",""
"","13","a real user logs out immediately without a warning[jvm]","","2026-08-02","passed","2026-08-02","","SettingsLogoutViewModelTest[jvm]","com.georgeci.moneysurfer.feature.settings.SettingsLogoutViewModelTest",""
"","104","the burn rate formats the week's pace and the projection it implies[jvm]","","2026-08-02","passed","2026-08-02","","DashboardBurnRateViewModelTest[jvm]","com.georgeci.moneysurfer.feature.dashboard.DashboardBurnRateViewModelTest",""
"","24","the income toggle is reflected in the saved category type[jvm]","","2026-08-02","passed","2026-08-02","","CategoryCreationViewModelTest[jvm]","com.georgeci.moneysurfer.feature.category.creation.CategoryCreationViewModelTest",""
"","9","toggling swaps the mode and drops the error the other mode produced[jvm]","","2026-08-02","passed","2026-08-02","","SignInViewModelTest[jvm]","com.georgeci.moneysurfer.feature.login.SignInViewModelTest",""
"","34","a 600 dp small tablet window at 2x density reports Medium[jvm]","","2026-08-02","passed","2026-08-02","","SurferWindowSizeCompositionTest[jvm]","com.georgeci.moneysurfer.ui.SurferWindowSizeCompositionTest",""
"","237","tapping a chip asks for that choice[jvm]","","2026-08-02","passed","2026-08-02","","DebugConfigScreenStateTest[jvm]","com.georgeci.moneysurfer.ui.DebugConfigScreenStateTest",""
"","35","an undecodable document is skipped rather than taking the pull down[jvm]","","2026-07-31","passed","2026-07-31","","CategorySyncPluginIT[jvm]","com.georgeci.moneysurfer.integration.plugin.CategorySyncPluginIT",""
"","7","the general budget is the envelope above per-category caps, not a cap on each of them[jvm]","","2026-07-31","passed","2026-07-31","","SpentByCategoryTest[jvm]","com.georgeci.moneysurfer.domain.model.SpentByCategoryTest",""
"","1","remote newer than local → take remote[jvm]","","2026-07-31","passed","2026-07-31","","LwwConflictResolverSpec[jvm]","com.georgeci.moneysurfer.sync.repository.LwwConflictResolverSpec",""
"","10","moving a switched-off widget onto an enabled one switches it on, in that slot[jvm]","","2026-07-31","passed","2026-07-31","","DashboardLayoutConfigTest[jvm]","com.georgeci.moneysurfer.domain.dashboard.DashboardLayoutConfigTest",""
"","10","no account priceable in the base leaves no headline at all[jvm]","","2026-07-31","passed","2026-07-31","","ConvertAccountsTotalUseCaseTest[jvm]","com.georgeci.moneysurfer.domain.usecase.ConvertAccountsTotalUseCaseTest",""
"","24","user cannot delete another user's document","","2026-08-02","passed","2026-08-02","","users/{uid}","users/{uid} user cannot delete another user's document",""
"","27","dismissing an auth error clears the dialog[jvm]","","2026-08-02","passed","2026-08-02","","SignInViewModelTest[jvm]","com.georgeci.moneysurfer.feature.login.SignInViewModelTest",""
"","23","the newest point is the balance the caller anchored on[jvm]","","2026-07-31","passed","2026-07-31","","BalanceTrendTest[jvm]","com.georgeci.moneysurfer.domain.model.BalanceTrendTest",""
"","10","shows one total per currency instead of mixing minor units[jvm]","","2026-08-02","passed","2026-08-02","","AccountChooserViewModelTest[jvm]","com.georgeci.moneysurfer.feature.account.picker.AccountChooserViewModelTest",""
"","191","nobody signed in means no series to draw[jvm]","","2026-07-31","passed","2026-07-31","","GetBurnRateUseCaseTest[jvm]","com.georgeci.moneysurfer.domain.usecase.GetBurnRateUseCaseTest",""
"","13","tapping Custom a second time hands the window back to the pager[jvm]","","2026-08-02","passed","2026-08-02","","TransactionFiltersViewModelTest[jvm]","com.georgeci.moneysurfer.feature.transaction.filters.TransactionFiltersViewModelTest",""
"","41","invitee can decline by email match (no targetUserId on doc)","","2026-08-02","passed","2026-08-02","","invites — update / delete","invites — update / delete invitee can decline by email match (no targetUserId on doc)",""
"","151","resource files are discovered[jvm]","","2026-08-02","passed","2026-08-02","","StringResourceEscapeTest[jvm]","com.georgeci.moneysurfer.utils.StringResourceEscapeTest",""
"","54","keeps every non-BOM artifact of the export attributed[jvm]","","2026-08-02","passed","2026-08-02","","ParseOssLibrariesTest[jvm]","com.georgeci.moneysurfer.feature.settings.about.licenses.ParseOssLibrariesTest",""
"","1","moving a widget down puts it in the slot of the widget it landed on[jvm]","","2026-07-31","passed","2026-07-31","","DashboardLayoutConfigTest[jvm]","com.georgeci.moneysurfer.domain.dashboard.DashboardLayoutConfigTest",""
"","35","host-identity keys are flagged so the panel can say they are not ordinary flags[jvm]","","2026-07-31","passed","2026-07-31","","DebugConfigInspectorImplSpec[jvm]","com.georgeci.moneysurfer.appconfig.DebugConfigInspectorImplSpec",""
"","6","format large amount[jvm]","","2026-07-31","passed","2026-07-31","","MoneyFormatterTest[jvm]","com.georgeci.moneysurfer.domain.MoneyFormatterTest",""
"","20","unauthenticated user is denied","","2026-08-02","passed","2026-08-02","","users/{uid}","users/{uid} unauthenticated user is denied",""
"","21","index follows the content table on update, and search drops soft-deleted rows[jvm]","","2026-07-31","passed","2026-07-31","","TransactionFtsIntegrationIT[jvm]","com.georgeci.moneysurfer.integration.repository.TransactionFtsIntegrationIT",""
"","6","cursors are scoped to the active workspace and ordered by collection[jvm]","","2026-08-02","passed","2026-08-02","","SyncViewModelTest[jvm]","com.georgeci.moneysurfer.feature.settings.sync.SyncViewModelTest",""
"","1","CategoryCreation[jvm]","","2026-08-02","passed","2026-08-02","","RouteSerializationTest[jvm]","com.georgeci.moneysurfer.navigation.RouteSerializationTest",""
"","6","delete removes the account[jvm]","","2026-07-31","passed","2026-07-31","","AccountWriteUseCasesTest[jvm]","com.georgeci.moneysurfer.domain.usecase.AccountWriteUseCasesTest",""
"","2","staging a delete counts the children the confirmation has to warn about[jvm]","","2026-08-02","passed","2026-08-02","","CategoriesManageViewModelTest[jvm]","com.georgeci.moneysurfer.feature.category.manage.CategoriesManageViewModelTest",""
"","11","a signed-out session promotes to an empty Content rather than spinning forever[jvm]","","2026-08-02","passed","2026-08-02","","WorkspaceSelectorViewModelTest[jvm]","com.georgeci.moneysurfer.feature.workspace.selector.WorkspaceSelectorViewModelTest",""
"","61","filter changes are retained in content state[jvm]","","2026-08-02","passed","2026-08-02","","AccountDetailsViewModelTest[jvm]","com.georgeci.moneysurfer.feature.account.details.AccountDetailsViewModelTest",""
"","38","an explicit date range replaces the pager window and hides the pager[jvm]","","2026-08-02","passed","2026-08-02","","TransactionsByAccountFilteringTest[jvm]","com.georgeci.moneysurfer.feature.transaction.list.TransactionsByAccountFilteringTest",""
"","5","cursor returns null when no row exists[jvm]","","2026-07-31","passed","2026-07-31","","SyncMetaRepositoryImplSpec[jvm]","com.georgeci.moneysurfer.sync.internal.repository.SyncMetaRepositoryImplSpec",""
"","29","cancelling the view model is not reported as an error[jvm]","","2026-08-02","passed","2026-08-02","","MviViewModelTest[jvm]","com.georgeci.moneysurfer.utils.MviViewModelTest",""
"","2","the last minute of a part still belongs to it[jvm]","","2026-07-31","passed","2026-07-31","","DayPartTest[jvm]","com.georgeci.moneysurfer.domain.model.DayPartTest",""
"","26","dropping back below two lines leaves the split editor[jvm]","","2026-08-02","passed","2026-08-02","","TransactionCreationSplitTest[jvm]","com.georgeci.moneysurfer.feature.transaction.creation.TransactionCreationSplitTest",""
"","2","a detail opened from its list drops its own chrome[jvm]","","2026-08-02","passed","2026-08-02","","SurferPaneSceneStrategyTest[jvm]","com.georgeci.moneysurfer.navigation.SurferPaneSceneStrategyTest",""
"","99","tapping a budget row asks for that budget[jvm]","","2026-08-02","passed","2026-08-02","","DashboardScreenStateTest[jvm]","com.georgeci.moneysurfer.ui.DashboardScreenStateTest",""
"","16","the trend always spans the full six-month window[jvm]","","2026-08-02","passed","2026-08-02","","CategoryDetailsViewModelTest[jvm]","com.georgeci.moneysurfer.feature.category.details.CategoryDetailsViewModelTest",""
"","48","pairs the workspace base currency with the cached table and asks for a refresh[jvm]","","2026-07-31","passed","2026-07-31","","GetExchangeRatesUseCaseTest[jvm]","com.georgeci.moneysurfer.domain.usecase.GetExchangeRatesUseCaseTest",""
"","7","transactionsIn returns the spend behind the number, newest first[jvm]","","2026-07-31","passed","2026-07-31","","BudgetProgressTest[jvm]","com.georgeci.moneysurfer.domain.model.BudgetProgressTest",""
"","6","entries below the first non-pane route are not part of the scaffold[jvm]","","2026-08-02","passed","2026-08-02","","SurferPaneSceneStrategyTest[jvm]","com.georgeci.moneysurfer.navigation.SurferPaneSceneStrategyTest",""
"","9","a rejected edit puts the previous text back[jvm]","","2026-08-02","passed","2026-08-02","","AmountInputTransformationTest[jvm]","com.georgeci.moneysurfer.utils.AmountInputTransformationTest",""
"","126","an account this device has never seen is inserted from the document[jvm]","","2026-07-31","passed","2026-07-31","","AccountSyncPluginIT[jvm]","com.georgeci.moneysurfer.integration.plugin.AccountSyncPluginIT",""
"","3","every SyncScope variant currently uses null workspace filter (cross-workspace push)[jvm]","","2026-07-31","passed","2026-07-31","","PendingMutationQueueImplSpec[jvm]","com.georgeci.moneysurfer.sync.internal.repository.PendingMutationQueueImplSpec",""
"","9","every currency carries a code, a symbol and a display name[jvm]","","2026-07-31","passed","2026-07-31","","CurrencyRepositoryImplTest[jvm]","com.georgeci.moneysurfer.data.repository.CurrencyRepositoryImplTest",""
"","9","an address nobody has registered reads as no user[jvm]","","2026-07-31","passed","2026-07-31","","UserRemoteRepositoryImplTest[jvm]","com.georgeci.moneysurfer.data.repository.UserRemoteRepositoryImplTest",""
"","5","mutation without a matching plugin is skipped but still completed[jvm]","","2026-07-31","passed","2026-07-31","","UploadPendingChangesUseCaseImplSpec[jvm]","com.georgeci.moneysurfer.data.sync.UploadPendingChangesUseCaseImplSpec",""
"","2","a named idle form can save but a loading form cannot[jvm]","","2026-08-02","passed","2026-08-02","","CategoryCreationStateTest[jvm]","com.georgeci.moneysurfer.feature.category.creation.CategoryCreationStateTest",""
"","2","existing data is untouched — the migration is a pure addition[jvm]","","2026-07-31","passed","2026-07-31","","ConfigEntryMigrationIT[jvm]","com.georgeci.moneysurfer.integration.repository.ConfigEntryMigrationIT",""
"","214","the quick-actions row draws both shortcuts once a transfer is possible[jvm]","","2026-08-02","passed","2026-08-02","","DashboardScreenStateTest[jvm]","com.georgeci.moneysurfer.ui.DashboardScreenStateTest",""
"","77","the period switch stands down when nothing on the layout reads it[jvm]","","2026-08-02","passed","2026-08-02","","DashboardPeriodViewModelTest[jvm]","com.georgeci.moneysurfer.feature.dashboard.DashboardPeriodViewModelTest",""
"","5","markLeft soft-deletes: status LEFT, leftAt set, enqueues UPDATE[jvm]","","2026-07-31","passed","2026-07-31","","WorkspaceMemberRepositoryDualWriteSpec[jvm]","com.georgeci.moneysurfer.data.repository.WorkspaceMemberRepositoryDualWriteSpec",""
"","3","markCompleted deletes rows; empty list is a no-op[jvm]","","2026-07-31","passed","2026-07-31","","PendingMutationQueueImplSpec[jvm]","com.georgeci.moneysurfer.sync.internal.repository.PendingMutationQueueImplSpec",""
"","90","each prefill failure gets its own message, since they call for different actions[jvm]","","2026-08-02","passed","2026-08-02","","DebugConfigScreenStateTest[jvm]","com.georgeci.moneysurfer.ui.DebugConfigScreenStateTest",""
"","21","upsert applies status transition and respondedAt without losing snapshot fields[jvm]","","2026-07-31","passed","2026-07-31","","WorkspaceInviteRepositoryIntegrationIT[jvm]","com.georgeci.moneysurfer.integration.repository.WorkspaceInviteRepositoryIntegrationIT",""
"","1","rejects when a PENDING invite for the email already exists[jvm]","","2026-07-31","passed","2026-07-31","","SendInviteUseCaseTest[jvm]","com.georgeci.moneysurfer.domain.usecase.SendInviteUseCaseTest",""
"","26","observeAll re-emits after every write, including one made by the pull[jvm]","","2026-07-31","passed","2026-07-31","","ConfigEntryDaoIntegrationIT[jvm]","com.georgeci.moneysurfer.integration.repository.ConfigEntryDaoIntegrationIT",""
"","4","a baseline shorter than the window is not a comparison[jvm]","","2026-07-31","passed","2026-07-31","","InsightRulesTest[jvm]","com.georgeci.moneysurfer.domain.insight.InsightRulesTest",""
"","54","invites are the exception: a targetUserId-filtered query succeeds and comes back empty","","2026-08-02","passed","2026-08-02","","dangling users/{uid}.workspaceIds refs","dangling users/{uid}.workspaceIds refs invites are the exception: a targetUserId-filtered query succeeds and comes back empty",""
"","5","a grandchild's spend lands on the direct child's breakdown row, not on its own[jvm]","","2026-07-31","passed","2026-07-31","","CategorySpendHistoryTest[jvm]","com.georgeci.moneysurfer.domain.model.CategorySpendHistoryTest",""
"","23","an edit shows the updated snackbar, not the created one[jvm]","","2026-08-02","passed","2026-08-02","","AccountCreationViewModelTest[jvm]","com.georgeci.moneysurfer.feature.account.creation.AccountCreationViewModelTest",""
"","9","a rule with no day sets reads back empty rather than as a blank day[jvm]","","2026-07-31","passed","2026-07-31","","RecurringRuleRepositoryImplJvmTest[jvm]","com.georgeci.moneysurfer.data.repository.RecurringRuleRepositoryImplJvmTest",""
"","6","an empty editor is not a split at all[jvm]","","2026-08-02","passed","2026-08-02","","TransactionCreationStateTest[jvm]","com.georgeci.moneysurfer.feature.transaction.creation.TransactionCreationStateTest",""
"","1","owner whose co-members all LEFT or were REMOVED still purges[jvm]","","2026-07-31","passed","2026-07-31","","UserAccountDeletionRepositoryImplTest[jvm]","com.georgeci.moneysurfer.data.repository.UserAccountDeletionRepositoryImplTest",""
"","21","a tombstone for an account this device never had is applied without failing[jvm]","","2026-07-31","passed","2026-07-31","","AccountSyncPluginIT[jvm]","com.georgeci.moneysurfer.integration.plugin.AccountSyncPluginIT",""
"","14","deleting an already-tombstoned row enqueues nothing further[jvm]","","2026-07-31","passed","2026-07-31","","TransactionTombstoneSyncIntegrationIT[jvm]","com.georgeci.moneysurfer.integration.sync.TransactionTombstoneSyncIntegrationIT",""
"","16","a budget naming other categories too takes the control read-only[jvm]","","2026-07-31","passed","2026-07-31","","CategoryCapCoverageTest[jvm]","com.georgeci.moneysurfer.domain.model.CategoryCapCoverageTest",""
"","1","asking for no particular period leaves the pre-period order untouched[jvm]","","2026-07-31","passed","2026-07-31","","SafeToSpendTest[jvm]","com.georgeci.moneysurfer.domain.model.SafeToSpendTest",""
"","25","a delete drops the row and enqueues a tombstone[jvm]","","2026-07-31","passed","2026-07-31","","BudgetRepositoryImplJvmTest[jvm]","com.georgeci.moneysurfer.data.repository.BudgetRepositoryImplJvmTest",""
"","119","income turns the two counterparty rows around[jvm]","","2026-08-02","passed","2026-08-02","","TransactionDetailsScreenStateTest[jvm]","com.georgeci.moneysurfer.ui.TransactionDetailsScreenStateTest",""
"","141","a period in line with the last one names that, without a percentage[jvm]","","2026-08-02","passed","2026-08-02","","DashboardInsightsScreenTest[jvm]","com.georgeci.moneysurfer.ui.DashboardInsightsScreenTest",""
"","2","unknown transaction type is rejected as invalid type[jvm]","","2026-07-31","passed","2026-07-31","","TransactionCsvCodecTest[jvm]","com.georgeci.moneysurfer.domain.csv.TransactionCsvCodecTest",""
"","9","markSuccess preserves cursor[jvm]","","2026-07-31","passed","2026-07-31","","SyncMetaRepositoryImplSpec[jvm]","com.georgeci.moneysurfer.data.sync.SyncMetaRepositoryImplSpec",""
"","26","re-currencies the seeded account so the Dashboard total follows the choice[jvm]","","2026-07-31","passed","2026-07-31","","WorkspaceCurrencyIntegrationIT[jvm]","com.georgeci.moneysurfer.integration.repository.WorkspaceCurrencyIntegrationIT",""
"","7","a withdrawal cannot take the saved amount below zero[jvm]","","2026-07-31","passed","2026-07-31","","GoalContributionUseCaseTest[jvm]","com.georgeci.moneysurfer.domain.usecase.GoalContributionUseCaseTest",""
"","16","resolves the row the session points at[jvm]","","2026-07-31","passed","2026-07-31","","GetCurrentWorkspaceUseCaseTest[jvm]","com.georgeci.moneysurfer.domain.usecase.GetCurrentWorkspaceUseCaseTest",""
"","6","entries come out largest first, whatever order the query answered in[jvm]","","2026-07-31","passed","2026-07-31","","SpentByCategoryTest[jvm]","com.georgeci.moneysurfer.domain.model.SpentByCategoryTest",""
"","45","rows name their account only where the list mixes several[jvm]","","2026-08-02","passed","2026-08-02","","TransactionsByAccountFilteringTest[jvm]","com.georgeci.moneysurfer.feature.transaction.list.TransactionsByAccountFilteringTest",""
