"DESCRIPTION","DURATION IN MS","NAME","PARENT SUITE","START TIME","STATUS","STOP TIME","SUB SUITE","SUITE","TEST CLASS","TEST METHOD"
"","2","keeps Cyrillic and digits intact[jvm]","","2026-07-22","passed","2026-07-22","","FtsQueryTest[jvm]","com.georgeci.moneysurfer.data.db.FtsQueryTest",""
"","2","no enqueue when app-version gate denies sync[jvm]","","2026-07-22","passed","2026-07-22","","OutboxEnqueuerImplSpec[jvm]","com.georgeci.moneysurfer.sync.repository.OutboxEnqueuerImplSpec",""
"","7","blank email skips the mapping lookup entirely[jvm]","","2026-07-22","passed","2026-07-22","","UserAccountDeletionRepositoryImplTest[jvm]","com.georgeci.moneysurfer.data.repository.UserAccountDeletionRepositoryImplTest",""
"","26","format GBP with UK locale[jvm]","","2026-07-21","passed","2026-07-21","","MoneyFormatterTest[jvm]","com.georgeci.moneysurfer.domain.MoneyFormatterTest",""
"","4","negating Long.MIN_VALUE via times(-1) throws instead of wrapping[jvm]","","2026-07-21","passed","2026-07-21","","MoneyTest[jvm]","com.georgeci.moneysurfer.domain.primitives.MoneyTest",""
"","13","java.util.zip.ZipInputStream reads our stored archive[jvm]","","2026-07-22","passed","2026-07-22","","ZipStoredInteropJvmTest[jvm]","com.georgeci.moneysurfer.data.backup.ZipStoredInteropJvmTest",""
"","23","shutdown cancels coordinator and scheduler[jvm]","","2026-07-22","passed","2026-07-22","","SessionShutdownGateImplSpec[jvm]","com.georgeci.moneysurfer.data.sync.SessionShutdownGateImplSpec",""
"","1361","encrypted round-trip restores data with the right passphrase[jvm]","","2026-07-22","passed","2026-07-22","","BackupEncryptedRoundTripJvmTest[jvm]","com.georgeci.moneysurfer.data.backup.BackupEncryptedRoundTripJvmTest",""
"","24","every field survives an encode/decode round-trip[jvm]","","2026-07-21","passed","2026-07-21","","TransactionCsvCodecTest[jvm]","com.georgeci.moneysurfer.domain.csv.TransactionCsvCodecTest",""
"","34","user cannot delete a mapping pointing at another uid","","2026-07-22","passed","2026-07-22","","userEmails/{email}","userEmails/{email} user cannot delete a mapping pointing at another uid",""
"","9","first pull starts from cursor 0 and advances the cursor to the newest doc[jvm]","","2026-07-22","passed","2026-07-22","","PullRemoteChangesUseCaseImplSpec[jvm]","com.georgeci.moneysurfer.data.sync.PullRemoteChangesUseCaseImplSpec",""
"","3","no enqueue when uid is empty string[jvm]","","2026-07-22","passed","2026-07-22","","OutboxEnqueuerImplSpec[jvm]","com.georgeci.moneysurfer.sync.repository.OutboxEnqueuerImplSpec",""
"","5","awaitNetwork indefinite proceeds when network returns[jvm]","","2026-07-22","passed","2026-07-22","","SyncCoordinatorImplSpec[jvm]","com.georgeci.moneysurfer.sync.coordinator.SyncCoordinatorImplSpec",""
"","2","mergeScope ChangedSinceLastSync above UploadOnly[jvm]","","2026-07-22","passed","2026-07-22","","SyncScopeSpec[jvm]","com.georgeci.moneysurfer.sync.api.SyncScopeSpec",""
"","58","cancel transitions status to CANCELLED[jvm]","","2026-07-22","passed","2026-07-22","","WorkspaceInviteRepositoryDualWriteSpec[jvm]","com.georgeci.moneysurfer.data.repository.WorkspaceInviteRepositoryDualWriteSpec",""
"","7","existing user with null defaultWorkspaceId falls back to the first workspace[jvm]","","2026-07-21","passed","2026-07-21","","PostAuthBootstrapUseCaseTest[jvm]","com.georgeci.moneysurfer.domain.usecase.PostAuthBootstrapUseCaseTest",""
"","3","ignores a cancel token that is already cancelled (NoOp does no work)[jvm]","","2026-07-22","passed","2026-07-22","","NoOpRecalculateLocalProjectionsUseCaseSpec[jvm]","com.georgeci.moneysurfer.sync.internal.usecase.NoOpRecalculateLocalProjectionsUseCaseSpec",""
"","1","no-ops when CreateWorkspaceUseCase has no current user (offline build pre-login)[jvm]","","2026-07-21","passed","2026-07-21","","SeedDefaultsUseCaseTest[jvm]","com.georgeci.moneysurfer.domain.usecase.SeedDefaultsUseCaseTest",""
"","33","invitee accept via full set() (mirrors outbox upload path)","","2026-07-22","passed","2026-07-22","","invites — update / delete","invites — update / delete invitee accept via full set() (mirrors outbox upload path)",""
"","4","no-op edit (same impact) yields empty delta[jvm]","","2026-07-21","passed","2026-07-21","","CalculateBalanceDeltaTest[jvm]","com.georgeci.moneysurfer.domain.model.CalculateBalanceDeltaTest",""
"","21","a row whose currency differs from the account currency is rejected[jvm]","","2026-07-21","passed","2026-07-21","","ExportImportTransactionsUseCaseTest[jvm]","com.georgeci.moneysurfer.domain.csv.ExportImportTransactionsUseCaseTest",""
"","23","owner can hard-delete an entity doc (account-deletion purge)","","2026-07-22","passed","2026-07-22","","member-gated entities (accounts)","member-gated entities (accounts) owner can hard-delete an entity doc (account-deletion purge)",""
"","13","markInFlight excludes rows from the next pending batch[jvm]","","2026-07-22","passed","2026-07-22","","PendingMutationQueueImplSpec[jvm]","com.georgeci.moneysurfer.data.sync.PendingMutationQueueImplSpec",""
"","5","planned → actual applies impact[jvm]","","2026-07-21","passed","2026-07-21","","ApplyTransactionChangeUseCaseTest[jvm]","com.georgeci.moneysurfer.domain.usecase.ApplyTransactionChangeUseCaseTest",""
"","9","minus that overflows Long throws instead of wrapping[jvm]","","2026-07-21","passed","2026-07-21","","MoneyTest[jvm]","com.georgeci.moneysurfer.domain.primitives.MoneyTest",""
"","33","happy path: creates ACTIVE member with invite role + marks invite ACCEPTED[jvm]","","2026-07-21","passed","2026-07-21","","AcceptInviteUseCaseTest[jvm]","com.georgeci.moneysurfer.domain.usecase.AcceptInviteUseCaseTest",""
"","92","create workspace persists local rows and enqueues one outbox mutation per row[jvm]","","2026-07-22","passed","2026-07-22","","WorkspaceCreationSyncIntegrationIT[jvm]","com.georgeci.moneysurfer.integration.sync.WorkspaceCreationSyncIntegrationIT",""
"","74","tombstone with clientVersionCode below floor is denied","","2026-07-22","passed","2026-07-22","","tombstone update shape (push-side soft delete)","tombstone update shape (push-side soft delete) tombstone with clientVersionCode below floor is denied",""
"","52","invited user CAN self-create referencing an already-ACCEPTED invite (push-order/idempotent)","","2026-07-22","passed","2026-07-22","","workspaces/{wid}/members/{uid}","workspaces/{wid}/members/{uid} invited user CAN self-create referencing an already-ACCEPTED invite (push-order/idempotent)",""
"","29","non-member cannot read the roster","","2026-07-22","passed","2026-07-22","","workspaces/{wid}/members/{uid}","workspaces/{wid}/members/{uid} non-member cannot read the roster",""
"","69","rejected payload never replaces the live DB and leaves no temp files[jvm]","","2026-07-22","passed","2026-07-22","","BackupImporterImplJvmTest[jvm]","com.georgeci.moneysurfer.data.backup.BackupImporterImplJvmTest",""
"","10","LastSyncOutcome.None is singleton[jvm]","","2026-07-22","passed","2026-07-22","","SyncStateSpec[jvm]","com.georgeci.moneysurfer.sync.api.SyncStateSpec",""
"","19","workspace pull failure aborts bootstrap with AuthError[jvm]","","2026-07-21","passed","2026-07-21","","PostAuthBootstrapUseCaseTest[jvm]","com.georgeci.moneysurfer.domain.usecase.PostAuthBootstrapUseCaseTest",""
"","7","cancel handle during pending finalizes immediately[jvm]","","2026-07-22","passed","2026-07-22","","SyncCoordinatorImplSpec[jvm]","com.georgeci.moneysurfer.sync.coordinator.SyncCoordinatorImplSpec",""
"","2","Started title[jvm]","","2026-07-22","passed","2026-07-22","","SyncStepSpec[jvm]","com.georgeci.moneysurfer.sync.api.SyncStepSpec",""
"","42","invitee can re-push the same terminal status (idempotent)","","2026-07-22","passed","2026-07-22","","invites — update / delete","invites — update / delete invitee can re-push the same terminal status (idempotent)",""
"","85","imported expense adjusts the cached account balance[jvm]","","2026-07-22","passed","2026-07-22","","CsvBackupIntegrationIT[jvm]","com.georgeci.moneysurfer.integration.repository.CsvBackupIntegrationIT",""
"","503","wrong passphrase is rejected before decryption[jvm]","","2026-07-22","passed","2026-07-22","","EncryptedBackupCodecTest[jvm]","com.georgeci.moneysurfer.data.backup.EncryptedBackupCodecTest",""
"","21","owner can hard-delete the workspace doc (account-deletion purge)","","2026-07-22","passed","2026-07-22","","workspaces/{wid}","workspaces/{wid} owner can hard-delete the workspace doc (account-deletion purge)",""
"","4","opening_balance behaves as a regular ACTUAL for cache[jvm]","","2026-07-21","passed","2026-07-21","","ApplyTransactionChangeUseCaseTest[jvm]","com.georgeci.moneysurfer.domain.usecase.ApplyTransactionChangeUseCaseTest",""
"","17","does not leak rows from another workspace[jvm]","","2026-07-22","passed","2026-07-22","","TransactionFtsIntegrationIT[jvm]","com.georgeci.moneysurfer.integration.repository.TransactionFtsIntegrationIT",""
"","21","amount_minor at the domain cap is accepted[jvm]","","2026-07-21","passed","2026-07-21","","TransactionCsvCodecTest[jvm]","com.georgeci.moneysurfer.domain.csv.TransactionCsvCodecTest",""
"","17","pull progress emits PullingCollection into running state[jvm]","","2026-07-22","passed","2026-07-22","","SyncCoordinatorImplBranchSpec[jvm]","com.georgeci.moneysurfer.sync.coordinator.SyncCoordinatorImplBranchSpec",""
"","61","owner can self-create their own OWNER row on workspace creation (no invite)","","2026-07-22","passed","2026-07-22","","workspaces/{wid}/members/{uid}","workspaces/{wid}/members/{uid} owner can self-create their own OWNER row on workspace creation (no invite)",""
"","113","archive flips archived flag[jvm]","","2026-07-21","passed","2026-07-21","","ArchiveAccountUseCaseTest[jvm]","com.georgeci.moneysurfer.domain.usecase.ArchiveAccountUseCaseTest",""
"","13","setCursor stores Instant — cursor returns the same value back[jvm]","","2026-07-22","passed","2026-07-22","","SyncMetaRepositoryImplSpec[jvm]","com.georgeci.moneysurfer.data.sync.SyncMetaRepositoryImplSpec",""
"","20","rejects when no registered user for email[jvm]","","2026-07-21","passed","2026-07-21","","SendInviteUseCaseTest[jvm]","com.georgeci.moneysurfer.domain.usecase.SendInviteUseCaseTest",""
"","6","SyncHandleStatus.Failed carries error[jvm]","","2026-07-22","passed","2026-07-22","","SyncStateSpec[jvm]","com.georgeci.moneysurfer.sync.api.SyncStateSpec",""
"","54","requestSync completes with success for noop use cases[jvm]","","2026-07-22","passed","2026-07-22","","SyncCoordinatorImplSpec[jvm]","com.georgeci.moneysurfer.sync.coordinator.SyncCoordinatorImplSpec",""
"","11","surfaces remote lookup failure as RemoteSyncFailed[jvm]","","2026-07-21","passed","2026-07-21","","SendInviteUseCaseTest[jvm]","com.georgeci.moneysurfer.domain.usecase.SendInviteUseCaseTest",""
"","23","member insert failure returns LocalWriteFailed and skips categories, remote work and pin[jvm]","","2026-07-21","passed","2026-07-21","","CreateWorkspaceUseCaseTest[jvm]","com.georgeci.moneysurfer.domain.usecase.CreateWorkspaceUseCaseTest",""
"","22","upsert (existing) enqueues UPDATE[jvm]","","2026-07-22","passed","2026-07-22","","WorkspaceInviteRepositoryDualWriteSpec[jvm]","com.georgeci.moneysurfer.data.repository.WorkspaceInviteRepositoryDualWriteSpec",""
"","21","user can create their own document","","2026-07-22","passed","2026-07-22","","users/{uid}","users/{uid} user can create their own document",""
"","68","patch stamps deletedAt and updatedAt from the mutation enqueue time[jvm]","","2026-07-22","passed","2026-07-22","","TombstonePatchSpec[jvm]","com.georgeci.moneysurfer.data.sync.plugin.TombstonePatchSpec",""
"","36","upsert in demo session writes DAO but skips outbox[jvm]","","2026-07-22","passed","2026-07-22","","WorkspaceInviteRepositoryDualWriteSpec[jvm]","com.georgeci.moneysurfer.data.repository.WorkspaceInviteRepositoryDualWriteSpec",""
"","0","'0.99' -> '0.99'[jvm]","","2026-07-22","passed","2026-07-22","","AmountInputTransformationTest[jvm]","com.georgeci.moneysurfer.utils.AmountInputTransformationTest",""
"","139","demoOnly is true only when demo is the single enabled entry point()[jvm]","","2026-07-22","passed","2026-07-22","","SignInFeatureConfigTest[jvm]","com.georgeci.moneysurfer.feature.login.SignInFeatureConfigTest",""
"","22","LastSyncOutcome.Success carries summary and timestamp[jvm]","","2026-07-22","passed","2026-07-22","","SyncStateSpec[jvm]","com.georgeci.moneysurfer.sync.api.SyncStateSpec",""
"","6","default constructor builds an active scope[jvm]","","2026-07-22","passed","2026-07-22","","ApplicationScopeSpec[jvm]","com.georgeci.moneysurfer.sync.runtime.ApplicationScopeSpec",""
"","39","push failure completes the uploaded prefix and fails the remainder[jvm]","","2026-07-22","passed","2026-07-22","","UploadPendingChangesUseCaseImplSpec[jvm]","com.georgeci.moneysurfer.data.sync.UploadPendingChangesUseCaseImplSpec",""
"","8","markCompleted removes rows[jvm]","","2026-07-22","passed","2026-07-22","","PendingMutationQueueImplSpec[jvm]","com.georgeci.moneysurfer.data.sync.PendingMutationQueueImplSpec",""
"","22","invitee cannot transition to a terminal state other than ACCEPTED/DECLINED","","2026-07-22","passed","2026-07-22","","invites — update / delete","invites — update / delete invitee cannot transition to a terminal state other than ACCEPTED/DECLINED",""
"","683","OnTermsClick emits a NavigateToLegal side effect[jvm]","","2026-07-22","passed","2026-07-22","","SignInViewModelTest[jvm]","com.georgeci.moneysurfer.feature.login.SignInViewModelTest",""
"","1","default constraints disable network/charging gates and require non-low battery[jvm]","","2026-07-22","passed","2026-07-22","","SyncConstraintsSpec[jvm]","com.georgeci.moneysurfer.sync.scheduler.SyncConstraintsSpec",""
"","2","garbage without the magic prefix is rejected as InvalidArchive[jvm]","","2026-07-22","passed","2026-07-22","","EncryptedBackupCodecTest[jvm]","com.georgeci.moneysurfer.data.backup.EncryptedBackupCodecTest",""
"","9","Failed title carries error[jvm]","","2026-07-22","passed","2026-07-22","","SyncStepSpec[jvm]","com.georgeci.moneysurfer.sync.api.SyncStepSpec",""
"","9","rethrows CancellationException instead of swallowing it[jvm]","","2026-07-22","passed","2026-07-22","","DecodeOrNullSpec[jvm]","com.georgeci.moneysurfer.data.sync.plugin.DecodeOrNullSpec",""
"","0","epochMillis=1700000000000[jvm]","","2026-07-22","passed","2026-07-22","","TimeFormatterTest[jvm]","com.georgeci.moneysurfer.data.repository.TimeFormatterTest",""
"","10","markSuccess preserves cursor[jvm]","","2026-07-22","passed","2026-07-22","","SyncMetaRepositoryImplSpec[jvm]","com.georgeci.moneysurfer.data.sync.SyncMetaRepositoryImplSpec",""
"","19","list/scan is denied — prevents email enumeration","","2026-07-22","passed","2026-07-22","","userEmails/{email}","userEmails/{email} list/scan is denied — prevents email enumeration",""
"","1","'12a' (mixed letters and digits)[jvm]","","2026-07-22","passed","2026-07-22","","AmountInputTransformationTest[jvm]","com.georgeci.moneysurfer.utils.AmountInputTransformationTest",""
"","13","PUSH_MEMBERS sits between PUSH_WORKSPACE and PUSH_INVITES[jvm]","","2026-07-21","passed","2026-07-21","","SyncStepOrderTest[jvm]","com.georgeci.moneysurfer.domain.model.SyncStepOrderTest",""
"","0","'42.123' (more than 2 cents)[jvm]","","2026-07-22","passed","2026-07-22","","AmountInputTransformationTest[jvm]","com.georgeci.moneysurfer.utils.AmountInputTransformationTest",""
"","60","from wraps single request as merged with one child[jvm]","","2026-07-22","passed","2026-07-22","","MergedSyncRequestSpec[jvm]","com.georgeci.moneysurfer.sync.coordinator.MergedSyncRequestSpec",""
"","230","unauthenticated user can read app config (force-update gate)","","2026-07-22","passed","2026-07-22","","appConfig/{docId}","appConfig/{docId} unauthenticated user can read app config (force-update gate)",""
"","31","owner can create a PENDING invite stamped with their uid","","2026-07-22","passed","2026-07-22","","invites — write","invites — write owner can create a PENDING invite stamped with their uid",""
"","3","rejects when caller is not OWNER[jvm]","","2026-07-21","passed","2026-07-21","","SendInviteUseCaseTest[jvm]","com.georgeci.moneysurfer.domain.usecase.SendInviteUseCaseTest",""
"","7","collapses punctuation and repeated separators into token boundaries[jvm]","","2026-07-22","passed","2026-07-22","","FtsQueryTest[jvm]","com.georgeci.moneysurfer.data.db.FtsQueryTest",""
"","18","rejects when invite not found[jvm]","","2026-07-21","passed","2026-07-21","","AcceptInviteUseCaseTest[jvm]","com.georgeci.moneysurfer.domain.usecase.AcceptInviteUseCaseTest",""
"","33","unauthenticated user cannot read userEmails (auth required)","","2026-07-22","passed","2026-07-22","","userEmails/{email}","userEmails/{email} unauthenticated user cannot read userEmails (auth required)",""
"","4","markFailed returns row to PENDING with attempts incremented[jvm]","","2026-07-22","passed","2026-07-22","","PendingMutationQueueImplSpec[jvm]","com.georgeci.moneysurfer.data.sync.PendingMutationQueueImplSpec",""
"","50","invitee accept regression: real uid + gmail+alias email, full set()","","2026-07-22","passed","2026-07-22","","invites — update / delete","invites — update / delete invitee accept regression: real uid + gmail+alias email, full set()",""
"","32","uuid generates non-empty value[jvm]","","2026-07-22","passed","2026-07-22","","SyncRequestIdSpec[jvm]","com.georgeci.moneysurfer.sync.api.SyncRequestIdSpec",""
"","8","rejects when last OWNER tries to leave[jvm]","","2026-07-21","passed","2026-07-21","","LeaveWorkspaceUseCaseTest[jvm]","com.georgeci.moneysurfer.domain.usecase.LeaveWorkspaceUseCaseTest",""
"","3","',5' -> '.5'[jvm]","","2026-07-22","passed","2026-07-22","","AmountInputTransformationTest[jvm]","com.georgeci.moneysurfer.utils.AmountInputTransformationTest",""
"","18","existing install with a pinned workspace keeps the user's currency choice and does not re-login[jvm]","","2026-07-22","passed","2026-07-22","","OfflineFirstRunSeederTest[jvm]","com.georgeci.moneysurfer.offline.firstrun.OfflineFirstRunSeederTest",""
"","21","returns null when decode throws a ClassCastException (platform decoder mismatch)[jvm]","","2026-07-22","passed","2026-07-22","","DecodeOrNullSpec[jvm]","com.georgeci.moneysurfer.data.sync.plugin.DecodeOrNullSpec",""
"","2","matches by targetUserId when email differs[jvm]","","2026-07-21","passed","2026-07-21","","AcceptInviteUseCaseTest[jvm]","com.georgeci.moneysurfer.domain.usecase.AcceptInviteUseCaseTest",""
"","24","rejects an account whose string name is a number","","2026-07-22","passed","2026-07-22","","entity write-shape validation (issue #156)","entity write-shape validation (issue #156) rejects an account whose string name is a number",""
"","8","null in -> null out[jvm]","","2026-07-22","passed","2026-07-22","","TimeFormatterTest[jvm]","com.georgeci.moneysurfer.data.repository.TimeFormatterTest",""
"","6","cursor returns null when no row exists[jvm]","","2026-07-22","passed","2026-07-22","","SyncMetaRepositoryImplSpec[jvm]","com.georgeci.moneysurfer.sync.internal.repository.SyncMetaRepositoryImplSpec",""
"","21","round-trip preserves all fields[jvm]","","2026-07-22","passed","2026-07-22","","PendingMutationQueueImplSpec[jvm]","com.georgeci.moneysurfer.data.sync.PendingMutationQueueImplSpec",""
"","77","export writes manifest first followed by main DB and DataStore entries[jvm]","","2026-07-22","passed","2026-07-22","","BackupExporterImplJvmTest[jvm]","com.georgeci.moneysurfer.data.backup.BackupExporterImplJvmTest",""
"","2","addUpload accumulates uploadedCount[jvm]","","2026-07-22","passed","2026-07-22","","SyncSummaryBuilderSpec[jvm]","com.georgeci.moneysurfer.sync.api.SyncSummaryBuilderSpec",""
"","3","CompositeCancelToken cancel propagates to all children[jvm]","","2026-07-22","passed","2026-07-22","","SyncCancelTokenSpec[jvm]","com.georgeci.moneysurfer.sync.api.SyncCancelTokenSpec",""
"","22","owner can hard-delete a member row (account-deletion purge)","","2026-07-22","passed","2026-07-22","","workspaces/{wid}/members/{uid}","workspaces/{wid}/members/{uid} owner can hard-delete a member row (account-deletion purge)",""
"","40","owner can cancel a PENDING invite","","2026-07-22","passed","2026-07-22","","invites — update / delete","invites — update / delete owner can cancel a PENDING invite",""
"","32","invitee without email claim can accept via targetUserId branch","","2026-07-22","passed","2026-07-22","","invites — update / delete","invites — update / delete invitee without email claim can accept via targetUserId branch",""
"","27","owner cannot create an invite stamped with a different invitedByUserId","","2026-07-22","passed","2026-07-22","","invites — write","invites — write owner cannot create an invite stamped with a different invitedByUserId",""
"","4","abs of an ordinary negative amount is its magnitude[jvm]","","2026-07-21","passed","2026-07-21","","MoneyTest[jvm]","com.georgeci.moneysurfer.domain.primitives.MoneyTest",""
"","12","enqueueUpsert writes a PendingMutation when signed in[jvm]","","2026-07-22","passed","2026-07-22","","OutboxEnqueuerSpec[jvm]","com.georgeci.moneysurfer.data.sync.OutboxEnqueuerSpec",""
"","9","enqueueUpsert pushes a PendingMutation when signed in and gate allows[jvm]","","2026-07-22","passed","2026-07-22","","OutboxEnqueuerImplSpec[jvm]","com.georgeci.moneysurfer.sync.repository.OutboxEnqueuerImplSpec",""
"","0","copy preserves equality[jvm]","","2026-07-22","passed","2026-07-22","","SyncConstraintsSpec[jvm]","com.georgeci.moneysurfer.sync.scheduler.SyncConstraintsSpec",""
"","35","user can delete the mapping pointing at their own uid","","2026-07-22","passed","2026-07-22","","userEmails/{email}","userEmails/{email} user can delete the mapping pointing at their own uid",""
"","5","enqueueDelete pushes a DELETE mutation[jvm]","","2026-07-22","passed","2026-07-22","","OutboxEnqueuerImplSpec[jvm]","com.georgeci.moneysurfer.sync.repository.OutboxEnqueuerImplSpec",""
"","21","owner can tombstone the workspace root doc","","2026-07-22","passed","2026-07-22","","tombstone update shape (push-side soft delete)","tombstone update shape (push-side soft delete) owner can tombstone the workspace root doc",""
"","31","existing user with explicit defaultWorkspaceId is preserved[jvm]","","2026-07-21","passed","2026-07-21","","PostAuthBootstrapUseCaseTest[jvm]","com.georgeci.moneysurfer.domain.usecase.PostAuthBootstrapUseCaseTest",""
"","20","insert with unknown workspaceId is allowed (no FK on workspace_invites.workspaceId)[jvm]","","2026-07-22","passed","2026-07-22","","WorkspaceInviteRepositoryIntegrationIT[jvm]","com.georgeci.moneysurfer.integration.repository.WorkspaceInviteRepositoryIntegrationIT",""
"","0","'1.2.3' (multiple dots)[jvm]","","2026-07-22","passed","2026-07-22","","AmountInputTransformationTest[jvm]","com.georgeci.moneysurfer.utils.AmountInputTransformationTest",""
"","40","demo session (no Firebase uid) writes local rows but keeps the outbox empty[jvm]","","2026-07-22","passed","2026-07-22","","WorkspaceCreationSyncIntegrationIT[jvm]","com.georgeci.moneysurfer.integration.sync.WorkspaceCreationSyncIntegrationIT",""
"","8","retrying the same mutation produces an identical patch[jvm]","","2026-07-22","passed","2026-07-22","","TombstonePatchSpec[jvm]","com.georgeci.moneysurfer.data.sync.plugin.TombstonePatchSpec",""
"","6","isEnabled returns true when firebaseUid is non-empty[jvm]","","2026-07-22","passed","2026-07-22","","OutboxEnqueuerSpec[jvm]","com.georgeci.moneysurfer.data.sync.OutboxEnqueuerSpec",""
"","4","'42,123' (comma with three cents)[jvm]","","2026-07-22","passed","2026-07-22","","AmountInputTransformationTest[jvm]","com.georgeci.moneysurfer.utils.AmountInputTransformationTest",""
"","5","planned → actual applies full impact[jvm]","","2026-07-21","passed","2026-07-21","","CalculateBalanceDeltaTest[jvm]","com.georgeci.moneysurfer.domain.model.CalculateBalanceDeltaTest",""
"","24","hard-delete is denied for non-owner members","","2026-07-22","passed","2026-07-22","","member-gated entities (accounts)","member-gated entities (accounts) hard-delete is denied for non-owner members",""
"","7","consolidated invalid-login-credentials classifies as InvalidCredentials[jvm]","","2026-07-22","passed","2026-07-22","","AuthErrorClassificationTest[jvm]","com.georgeci.moneysurfer.data.repository.AuthErrorClassificationTest",""
"","3","addDownload accumulates downloadedCount[jvm]","","2026-07-22","passed","2026-07-22","","SyncSummaryBuilderSpec[jvm]","com.georgeci.moneysurfer.sync.api.SyncSummaryBuilderSpec",""
"","7","enqueueUpsert generates a unique id per call[jvm]","","2026-07-22","passed","2026-07-22","","OutboxEnqueuerImplSpec[jvm]","com.georgeci.moneysurfer.sync.repository.OutboxEnqueuerImplSpec",""
"","4","NetworkUnavailable is retryable[jvm]","","2026-07-22","passed","2026-07-22","","SyncErrorSpec[jvm]","com.georgeci.moneysurfer.sync.api.SyncErrorSpec",""
"","5","null message returns null[jvm]","","2026-07-22","passed","2026-07-22","","AuthErrorClassificationTest[jvm]","com.georgeci.moneysurfer.data.repository.AuthErrorClassificationTest",""
"","26","empty outbox returns zero uploads without touching in-flight state[jvm]","","2026-07-22","passed","2026-07-22","","UploadPendingChangesUseCaseImplSpec[jvm]","com.georgeci.moneysurfer.data.sync.UploadPendingChangesUseCaseImplSpec",""
"","20","owner can mark a member as REMOVED","","2026-07-22","passed","2026-07-22","","workspaces/{wid}/members/{uid}","workspaces/{wid}/members/{uid} owner can mark a member as REMOVED",""
"","114","online build registers SignInFeatureConfig with every entry point enabled()[jvm]","","2026-07-22","passed","2026-07-22","","OnlineSignInModuleTest[jvm]","com.georgeci.moneysurfer.di.OnlineSignInModuleTest",""
"","17","CancellationException maps to Cancelled[jvm]","","2026-07-22","passed","2026-07-22","","SyncErrorClassifierSpec[jvm]","com.georgeci.moneysurfer.data.sync.SyncErrorClassifierSpec",""
"","4","StorageError preserves cause and is not retryable[jvm]","","2026-07-22","passed","2026-07-22","","SyncErrorSpec[jvm]","com.georgeci.moneysurfer.sync.api.SyncErrorSpec",""
"","26","owner create blocked when status != PENDING","","2026-07-22","passed","2026-07-22","","invites — write","invites — write owner create blocked when status != PENDING",""
"","8","empty list yields zero totals[jvm]","","2026-07-21","passed","2026-07-21","","PeriodTotalsTest[jvm]","com.georgeci.moneysurfer.domain.model.PeriodTotalsTest",""
"","31","upsert applies status transition and respondedAt without losing snapshot fields[jvm]","","2026-07-22","passed","2026-07-22","","WorkspaceInviteRepositoryIntegrationIT[jvm]","com.georgeci.moneysurfer.integration.repository.WorkspaceInviteRepositoryIntegrationIT",""
"","20","still pins workspace and succeeds when addWorkspaceRef throws[jvm]","","2026-07-21","passed","2026-07-21","","CreateWorkspaceUseCaseTest[jvm]","com.georgeci.moneysurfer.domain.usecase.CreateWorkspaceUseCaseTest",""
"","51","still pins workspace when setDefaultWorkspace throws[jvm]","","2026-07-21","passed","2026-07-21","","CreateWorkspaceUseCaseTest[jvm]","com.georgeci.moneysurfer.domain.usecase.CreateWorkspaceUseCaseTest",""
"","3","'42.50' -> '42.50'[jvm]","","2026-07-22","passed","2026-07-22","","AmountInputTransformationTest[jvm]","com.georgeci.moneysurfer.utils.AmountInputTransformationTest",""
"","29","unauthenticated user cannot append to invitedWorkspaceIds","","2026-07-22","passed","2026-07-22","","users/{uid} — invitedWorkspaceIds cross-user append","users/{uid} — invitedWorkspaceIds cross-user append unauthenticated user cannot append to invitedWorkspaceIds",""
"","3","'999999.99' -> '999999.99'[jvm]","","2026-07-22","passed","2026-07-22","","AmountInputTransformationTest[jvm]","com.georgeci.moneysurfer.utils.AmountInputTransformationTest",""
"","1","ConflictResolution.TakeRemote carries the remote value[jvm]","","2026-07-22","passed","2026-07-22","","ConflictResolverSpec[jvm]","com.georgeci.moneysurfer.sync.repository.ConflictResolverSpec",""
"","33","non-member cannot read","","2026-07-22","passed","2026-07-22","","member-gated entities (accounts)","member-gated entities (accounts) non-member cannot read",""
"","69","index follows the content table on update and delete[jvm]","","2026-07-22","passed","2026-07-22","","TransactionFtsIntegrationIT[jvm]","com.georgeci.moneysurfer.integration.repository.TransactionFtsIntegrationIT",""
"","6","moving expense between accounts unwinds old and applies new[jvm]","","2026-07-21","passed","2026-07-21","","ApplyTransactionChangeUseCaseTest[jvm]","com.georgeci.moneysurfer.domain.usecase.ApplyTransactionChangeUseCaseTest",""
"","8","remote calls fire in strict order: syncWorkspace → addWorkspaceRef → setDefaultWorkspace[jvm]","","2026-07-21","passed","2026-07-21","","CreateWorkspaceUseCaseTest[jvm]","com.georgeci.moneysurfer.domain.usecase.CreateWorkspaceUseCaseTest",""
"","9","happy path: marks target REMOVED[jvm]","","2026-07-21","passed","2026-07-21","","RemoveMemberUseCaseTest[jvm]","com.georgeci.moneysurfer.domain.usecase.RemoveMemberUseCaseTest",""
"","9","observe maps rows to domain SyncMeta[jvm]","","2026-07-22","passed","2026-07-22","","SyncMetaRepositoryImplSpec[jvm]","com.georgeci.moneysurfer.sync.internal.repository.SyncMetaRepositoryImplSpec",""
"","6","'999999' -> '999999'[jvm]","","2026-07-22","passed","2026-07-22","","AmountInputTransformationTest[jvm]","com.georgeci.moneysurfer.utils.AmountInputTransformationTest",""
"","32","rejects the issue scenario: transaction amount as a string","","2026-07-22","passed","2026-07-22","","entity write-shape validation (issue #156)","entity write-shape validation (issue #156) rejects the issue scenario: transaction amount as a string",""
"","20","create blocked when clientVersionCode missing","","2026-07-22","passed","2026-07-22","","workspaces/{wid}","workspaces/{wid} create blocked when clientVersionCode missing",""
"","57","SimpleCancelToken starts not cancelled[jvm]","","2026-07-22","passed","2026-07-22","","SyncCancelTokenSpec[jvm]","com.georgeci.moneysurfer.sync.api.SyncCancelTokenSpec",""
"","14","redactUid keeps a short prefix and drops the rest[jvm]","","2026-07-21","passed","2026-07-21","","PiiRedactionTest[jvm]","com.georgeci.moneysurfer.domain.logging.PiiRedactionTest",""
"","11","redactUid never leaks the full identifier[jvm]","","2026-07-21","passed","2026-07-21","","PiiRedactionTest[jvm]","com.georgeci.moneysurfer.domain.logging.PiiRedactionTest",""
"","8","'123' -> '123'[jvm]","","2026-07-22","passed","2026-07-22","","AmountInputTransformationTest[jvm]","com.georgeci.moneysurfer.utils.AmountInputTransformationTest",""
"","3","pendingCount excludes IN_FLIGHT rows[jvm]","","2026-07-22","passed","2026-07-22","","PendingMutationQueueImplSpec[jvm]","com.georgeci.moneysurfer.sync.internal.repository.PendingMutationQueueImplSpec",""
"","11","markCompleted removes rows from pending()[jvm]","","2026-07-22","passed","2026-07-22","","PendingMutationQueueIntegrationIT[jvm]","com.georgeci.moneysurfer.integration.sync.PendingMutationQueueIntegrationIT",""
"","2","happy path: editor can leave[jvm]","","2026-07-21","passed","2026-07-21","","LeaveWorkspaceUseCaseTest[jvm]","com.georgeci.moneysurfer.domain.usecase.LeaveWorkspaceUseCaseTest",""
"","21","addWorkspaceRef failure does not block setDefaultWorkspace[jvm]","","2026-07-21","passed","2026-07-21","","CreateWorkspaceUseCaseTest[jvm]","com.georgeci.moneysurfer.domain.usecase.CreateWorkspaceUseCaseTest",""
"","20","non-owner member cannot tombstone the workspace root doc","","2026-07-22","passed","2026-07-22","","tombstone update shape (push-side soft delete)","tombstone update shape (push-side soft delete) non-owner member cannot tombstone the workspace root doc",""
"","21","non-owner cannot hard-delete an invite","","2026-07-22","passed","2026-07-22","","invites — update / delete","invites — update / delete non-owner cannot hard-delete an invite",""
"","3","markCompleted deletes rows; empty list is a no-op[jvm]","","2026-07-22","passed","2026-07-22","","PendingMutationQueueImplSpec[jvm]","com.georgeci.moneysurfer.sync.internal.repository.PendingMutationQueueImplSpec",""
"","25","rows referencing unknown workspace account or category are reported per row[jvm]","","2026-07-21","passed","2026-07-21","","ExportImportTransactionsUseCaseTest[jvm]","com.georgeci.moneysurfer.domain.csv.ExportImportTransactionsUseCaseTest",""
"","14","transfer with from == to throws IllegalArgumentException[jvm]","","2026-07-22","passed","2026-07-22","","TransferCreationIntegrationIT[jvm]","com.georgeci.moneysurfer.integration.repository.TransferCreationIntegrationIT",""
"","15","a row whose category belongs to a different workspace is rejected[jvm]","","2026-07-21","passed","2026-07-21","","ExportImportTransactionsUseCaseTest[jvm]","com.georgeci.moneysurfer.domain.csv.ExportImportTransactionsUseCaseTest",""
"","6","enqueueDelete is a no-op when demo session[jvm]","","2026-07-22","passed","2026-07-22","","OutboxEnqueuerSpec[jvm]","com.georgeci.moneysurfer.data.sync.OutboxEnqueuerSpec",""
"","38","member can tombstone in categories","","2026-07-22","passed","2026-07-22","","tombstone update shape (push-side soft delete)","tombstone update shape (push-side soft delete) member can tombstone in categories",""
"","3","markSuccess only updates the success column[jvm]","","2026-07-22","passed","2026-07-22","","SyncMetaRepositoryImplSpec[jvm]","com.georgeci.moneysurfer.sync.internal.repository.SyncMetaRepositoryImplSpec",""
"","1","'+5' (plus sign)[jvm]","","2026-07-22","passed","2026-07-22","","AmountInputTransformationTest[jvm]","com.georgeci.moneysurfer.utils.AmountInputTransformationTest",""
"","2","deterministic — same input gives same output[jvm]","","2026-07-22","passed","2026-07-22","","LwwConflictResolverSpec[jvm]","com.georgeci.moneysurfer.sync.repository.LwwConflictResolverSpec",""
"","4","merge keeps narrower scope when both narrow[jvm]","","2026-07-22","passed","2026-07-22","","MergedSyncRequestSpec[jvm]","com.georgeci.moneysurfer.sync.coordinator.MergedSyncRequestSpec",""
"","1","equal timestamps → take local (stable, no-op re-pull)[jvm]","","2026-07-22","passed","2026-07-22","","LwwConflictResolverSpec[jvm]","com.georgeci.moneysurfer.sync.repository.LwwConflictResolverSpec",""
"","324","format positive amount in USD with US locale[jvm]","","2026-07-21","passed","2026-07-21","","MoneyFormatterTest[jvm]","com.georgeci.moneysurfer.domain.MoneyFormatterTest",""
"","15","CRC corruption is rejected[jvm]","","2026-07-22","passed","2026-07-22","","BackupImporterImplJvmTest[jvm]","com.georgeci.moneysurfer.data.backup.BackupImporterImplJvmTest",""
"","54","UploadingEntity title carries entity, current, total[jvm]","","2026-07-22","passed","2026-07-22","","SyncStepSpec[jvm]","com.georgeci.moneysurfer.sync.api.SyncStepSpec",""
"","4","'0' -> '0'[jvm]","","2026-07-22","passed","2026-07-22","","AmountInputTransformationTest[jvm]","com.georgeci.moneysurfer.utils.AmountInputTransformationTest",""
"","4","PullingCollection defaults current and total to null[jvm]","","2026-07-22","passed","2026-07-22","","SyncStepSpec[jvm]","com.georgeci.moneysurfer.sync.api.SyncStepSpec",""
"","47","future format version surfaces FormatMismatch[jvm]","","2026-07-22","passed","2026-07-22","","BackupImporterImplJvmTest[jvm]","com.georgeci.moneysurfer.data.backup.BackupImporterImplJvmTest",""
"","11","reports progress with entityType and running position[jvm]","","2026-07-22","passed","2026-07-22","","UploadPendingChangesUseCaseImplSpec[jvm]","com.georgeci.moneysurfer.data.sync.UploadPendingChangesUseCaseImplSpec",""
"","21","owner can update workspace metadata","","2026-07-22","passed","2026-07-22","","workspaces/{wid}","workspaces/{wid} owner can update workspace metadata",""
"","10","progress is reported per document with collection name and position[jvm]","","2026-07-22","passed","2026-07-22","","PullRemoteChangesUseCaseImplSpec[jvm]","com.georgeci.moneysurfer.data.sync.PullRemoteChangesUseCaseImplSpec",""
"","8","planned rows feed plannedIncome/plannedExpense[jvm]","","2026-07-21","passed","2026-07-21","","PeriodTotalsTest[jvm]","com.georgeci.moneysurfer.domain.model.PeriodTotalsTest",""
"","2","ConflictResolution.Merged carries the merged value[jvm]","","2026-07-22","passed","2026-07-22","","ConflictResolverSpec[jvm]","com.georgeci.moneysurfer.sync.repository.ConflictResolverSpec",""
"","13","create income increments cache by +amount[jvm]","","2026-07-21","passed","2026-07-21","","ApplyTransactionChangeUseCaseTest[jvm]","com.georgeci.moneysurfer.domain.usecase.ApplyTransactionChangeUseCaseTest",""
"","0","remote newer than local → take remote[jvm]","","2026-07-22","passed","2026-07-22","","LwwConflictResolverSpec[jvm]","com.georgeci.moneysurfer.sync.repository.LwwConflictResolverSpec",""
"","6","case-insensitive email match[jvm]","","2026-07-21","passed","2026-07-21","","AcceptInviteUseCaseTest[jvm]","com.georgeci.moneysurfer.domain.usecase.AcceptInviteUseCaseTest",""
"","8","PULL_INVITES sits between PULL_MEMBERS and PULL_ACCOUNTS[jvm]","","2026-07-21","passed","2026-07-21","","SyncStepOrderTest[jvm]","com.georgeci.moneysurfer.domain.model.SyncStepOrderTest",""
"","18","returns null when decode throws SerializationException (wrong field type)[jvm]","","2026-07-22","passed","2026-07-22","","DecodeOrNullSpec[jvm]","com.georgeci.moneysurfer.data.sync.plugin.DecodeOrNullSpec",""
"","455","patch fields overlaid on each entity doc decode as a pull-side tombstone[jvm]","","2026-07-22","passed","2026-07-22","","TombstonePatchSpec[jvm]","com.georgeci.moneysurfer.data.sync.plugin.TombstonePatchSpec",""
"","11","raises WorkspaceNotFound when the workspace does not exist[jvm]","","2026-07-21","passed","2026-07-21","","UpdateWorkspaceCurrencyUseCaseTest[jvm]","com.georgeci.moneysurfer.domain.usecase.UpdateWorkspaceCurrencyUseCaseTest",""
"","4","shutdown cancels coordinator first, then scheduler[jvm]","","2026-07-22","passed","2026-07-22","","SessionShutdownGateImplSpec[jvm]","com.georgeci.moneysurfer.sync.internal.SessionShutdownGateImplSpec",""
"","24","a non-permission failure aborts and surfaces RemoteDataCleanupFailed[jvm]","","2026-07-22","passed","2026-07-22","","UserAccountDeletionRepositoryImplTest[jvm]","com.georgeci.moneysurfer.data.repository.UserAccountDeletionRepositoryImplTest",""
"","8","magic constant is stable (backup format compatibility)[jvm]","","2026-07-22","passed","2026-07-22","","EncryptedBackupCodecTest[jvm]","com.georgeci.moneysurfer.data.backup.EncryptedBackupCodecTest",""
"","35","non-member is blocked from categories","","2026-07-22","passed","2026-07-22","","member-gated entities (smoke for the rest)","member-gated entities (smoke for the rest) non-member is blocked from categories",""
"","19","signed-in user can create a workspace they own","","2026-07-22","passed","2026-07-22","","workspaces/{wid}","workspaces/{wid} signed-in user can create a workspace they own",""
"","43","update blocked when clientVersionCode is missing on the resulting doc","","2026-07-22","passed","2026-07-22","","invites — update / delete","invites — update / delete update blocked when clientVersionCode is missing on the resulting doc",""
"","5","format from minor units correctly[jvm]","","2026-07-21","passed","2026-07-21","","MoneyFormatterTest[jvm]","com.georgeci.moneysurfer.domain.MoneyFormatterTest",""
"","165","export then import restores seeded entities + datastore + clears sync DB[jvm]","","2026-07-22","passed","2026-07-22","","BackupRoundTripJvmTest[jvm]","com.georgeci.moneysurfer.data.backup.BackupRoundTripJvmTest",""
"","48","attacker CANNOT self-create by pointing at an invite addressed to someone else","","2026-07-22","passed","2026-07-22","","workspaces/{wid}/members/{uid}","workspaces/{wid}/members/{uid} attacker CANNOT self-create by pointing at an invite addressed to someone else",""
"","13","clearScope drops all rows for that workspace[jvm]","","2026-07-22","passed","2026-07-22","","SyncMetaRepositoryImplSpec[jvm]","com.georgeci.moneysurfer.data.sync.SyncMetaRepositoryImplSpec",""
"","3","ProjectionScope.All is a singleton[jvm]","","2026-07-22","passed","2026-07-22","","ProjectionSpec[jvm]","com.georgeci.moneysurfer.sync.projection.ProjectionSpec",""
"","1","'00.5' (leading zeros with decimal)[jvm]","","2026-07-22","passed","2026-07-22","","AmountInputTransformationTest[jvm]","com.georgeci.moneysurfer.utils.AmountInputTransformationTest",""
"","4","'0.' -> '0.'[jvm]","","2026-07-22","passed","2026-07-22","","AmountInputTransformationTest[jvm]","com.georgeci.moneysurfer.utils.AmountInputTransformationTest",""
"","800","a truncated blob fails the MAC[jvm]","","2026-07-22","passed","2026-07-22","","EncryptedBackupCodecTest[jvm]","com.georgeci.moneysurfer.data.backup.EncryptedBackupCodecTest",""
"","75","plugin failure surfaces as a sync error and leaves the cursor untouched[jvm]","","2026-07-22","passed","2026-07-22","","PullRemoteChangesUseCaseImplSpec[jvm]","com.georgeci.moneysurfer.data.sync.PullRemoteChangesUseCaseImplSpec",""
"","8","mutation without a matching plugin is skipped but still completed[jvm]","","2026-07-22","passed","2026-07-22","","UploadPendingChangesUseCaseImplSpec[jvm]","com.georgeci.moneysurfer.data.sync.UploadPendingChangesUseCaseImplSpec",""
"","9","SyncHandleStatus.Cancelled is singleton[jvm]","","2026-07-22","passed","2026-07-22","","SyncStateSpec[jvm]","com.georgeci.moneysurfer.sync.api.SyncStateSpec",""
"","3","online build registers SyncFeatureFlag disabled by default()[jvm]","","2026-07-22","passed","2026-07-22","","OnlineSignInModuleTest[jvm]","com.georgeci.moneysurfer.di.OnlineSignInModuleTest",""
"","7","cancelCurrent terminates running with Cancelled[jvm]","","2026-07-22","passed","2026-07-22","","SyncCoordinatorImplSpec[jvm]","com.georgeci.moneysurfer.sync.coordinator.SyncCoordinatorImplSpec",""
"","7","redactEmail returns a fixed marker for blank input[jvm]","","2026-07-21","passed","2026-07-21","","PiiRedactionTest[jvm]","com.georgeci.moneysurfer.domain.logging.PiiRedactionTest",""
"","1","onStepEntered is callable[jvm]","","2026-07-22","passed","2026-07-22","","SyncTelemetryNoOpSpec[jvm]","com.georgeci.moneysurfer.sync.telemetry.SyncTelemetryNoOpSpec",""
"","6","online build registers OfflineBuildFlags with isOffline false()[jvm]","","2026-07-22","passed","2026-07-22","","OnlineSignInModuleTest[jvm]","com.georgeci.moneysurfer.di.OnlineSignInModuleTest",""
"","0","epochMillis=4611686018427387903[jvm]","","2026-07-22","passed","2026-07-22","","TimeFormatterTest[jvm]","com.georgeci.moneysurfer.data.repository.TimeFormatterTest",""
"","21","import skips duplicate ids inside the same file[jvm]","","2026-07-21","passed","2026-07-21","","ExportImportTransactionsUseCaseTest[jvm]","com.georgeci.moneysurfer.domain.csv.ExportImportTransactionsUseCaseTest",""
"","12","redactEmail handles a domain without a dot[jvm]","","2026-07-21","passed","2026-07-21","","PiiRedactionTest[jvm]","com.georgeci.moneysurfer.domain.logging.PiiRedactionTest",""
"","2","LastSyncOutcome.Cancelled carries timestamp[jvm]","","2026-07-22","passed","2026-07-22","","SyncStateSpec[jvm]","com.georgeci.moneysurfer.sync.api.SyncStateSpec",""
"","39","returns the decoded value when the document is well-formed[jvm]","","2026-07-22","passed","2026-07-22","","DecodeOrNullSpec[jvm]","com.georgeci.moneysurfer.data.sync.plugin.DecodeOrNullSpec",""
"","11","shutdown is idempotent — repeated calls keep cancelling[jvm]","","2026-07-22","passed","2026-07-22","","SessionShutdownGateImplSpec[jvm]","com.georgeci.moneysurfer.data.sync.SessionShutdownGateImplSpec",""
"","14","AllUserData additionally pulls invites from workspaces the user is invited to[jvm]","","2026-07-22","passed","2026-07-22","","PullRemoteChangesUseCaseImplSpec[jvm]","com.georgeci.moneysurfer.data.sync.PullRemoteChangesUseCaseImplSpec",""
"","40","applyDelta updates balance without touching currency[jvm]","","2026-07-22","passed","2026-07-22","","AccountCreationIntegrationIT[jvm]","com.georgeci.moneysurfer.integration.repository.AccountCreationIntegrationIT",""
"","38","invitee cannot flip ACCEPTED → DECLINED (terminal state immutable)","","2026-07-22","passed","2026-07-22","","invites — update / delete","invites — update / delete invitee cannot flip ACCEPTED → DECLINED (terminal state immutable)",""
"","1915","offline app module graph resolves()[jvm]","","2026-07-22","passed","2026-07-22","","OfflineKoinModuleVerificationTest[jvm]","com.georgeci.moneysurfer.offline.di.OfflineKoinModuleVerificationTest",""
"","8","fresh repository starts empty[jvm]","","2026-07-22","passed","2026-07-22","","SyncMetaRepositoryImplSpec[jvm]","com.georgeci.moneysurfer.data.sync.SyncMetaRepositoryImplSpec",""
"","1","Cancelled.isRetryable is false[jvm]","","2026-07-22","passed","2026-07-22","","SyncErrorClassifierSpec[jvm]","com.georgeci.moneysurfer.sync.internal.SyncErrorClassifierSpec",""
"","7","defuses FTS operators by wildcarding them[jvm]","","2026-07-22","passed","2026-07-22","","FtsQueryTest[jvm]","com.georgeci.moneysurfer.data.db.FtsQueryTest",""
"","7","stale auth session surfaces RequiresRecentLogin after cleanup[jvm]","","2026-07-21","passed","2026-07-21","","DeleteUserAccountUseCaseTest[jvm]","com.georgeci.moneysurfer.domain.usecase.DeleteUserAccountUseCaseTest",""
"","28","accepts a nullable field set explicitly to null (deletedAt)","","2026-07-22","passed","2026-07-22","","entity write-shape validation (issue #156)","entity write-shape validation (issue #156) accepts a nullable field set explicitly to null (deletedAt)",""
"","9","writer + reader round-trip preserves entry names and bytes[jvm]","","2026-07-22","passed","2026-07-22","","ZipStoredCodecTest[jvm]","com.georgeci.moneysurfer.data.backup.ZipStoredCodecTest",""
"","548","first run pins a demo user, seeds Personal + Cash, and defers the currency choice[jvm]","","2026-07-22","passed","2026-07-22","","OfflineFirstRunSeederTest[jvm]","com.georgeci.moneysurfer.offline.firstrun.OfflineFirstRunSeederTest",""
"","6","fromMajor composes units and cents exactly[jvm]","","2026-07-21","passed","2026-07-21","","MoneyTest[jvm]","com.georgeci.moneysurfer.domain.primitives.MoneyTest",""
"","13","wrong password aborts before shutdown and cleanup[jvm]","","2026-07-21","passed","2026-07-21","","DeleteUserAccountUseCaseTest[jvm]","com.georgeci.moneysurfer.domain.usecase.DeleteUserAccountUseCaseTest",""
"","81","recipient can collection-group query by targetUserId","","2026-07-22","passed","2026-07-22","","invites — read","invites — read recipient can collection-group query by targetUserId",""
"","41","AllUserData pulls every workspace the remote lists for the user[jvm]","","2026-07-22","passed","2026-07-22","","PullRemoteChangesUseCaseImplSpec[jvm]","com.georgeci.moneysurfer.data.sync.PullRemoteChangesUseCaseImplSpec",""
"","2","mergeScope UploadOnly with UploadOnly stays UploadOnly[jvm]","","2026-07-22","passed","2026-07-22","","SyncScopeSpec[jvm]","com.georgeci.moneysurfer.sync.api.SyncScopeSpec",""
"","1","missing localUpdatedAt → remote wins (treated as DISTANT_PAST)[jvm]","","2026-07-22","passed","2026-07-22","","LwwConflictResolverSpec[jvm]","com.georgeci.moneysurfer.sync.repository.LwwConflictResolverSpec",""
"","22","sums income / expense / opening_balance for the account[jvm]","","2026-07-21","passed","2026-07-21","","RecalculateAccountBalanceUseCaseTest[jvm]","com.georgeci.moneysurfer.domain.usecase.RecalculateAccountBalanceUseCaseTest",""
"","1","set merge with Indefinite and Bounded picks Bounded[jvm]","","2026-07-22","passed","2026-07-22","","NetworkWaitModeSpec[jvm]","com.georgeci.moneysurfer.sync.network.NetworkWaitModeSpec",""
"","10","pending honours the limit[jvm]","","2026-07-22","passed","2026-07-22","","PendingMutationQueueImplSpec[jvm]","com.georgeci.moneysurfer.sync.internal.repository.PendingMutationQueueImplSpec",""
"","1","'.99' -> '.99'[jvm]","","2026-07-22","passed","2026-07-22","","AmountInputTransformationTest[jvm]","com.georgeci.moneysurfer.utils.AmountInputTransformationTest",""
"","0","local newer than remote → take local[jvm]","","2026-07-22","passed","2026-07-22","","LwwConflictResolverSpec[jvm]","com.georgeci.moneysurfer.sync.repository.LwwConflictResolverSpec",""
"","30","invitee can accept by targetUserId match","","2026-07-22","passed","2026-07-22","","invites — update / delete","invites — update / delete invitee can accept by targetUserId match",""
"","6","cancelAll cancels running and queued[jvm]","","2026-07-22","passed","2026-07-22","","SyncCoordinatorImplSpec[jvm]","com.georgeci.moneysurfer.sync.coordinator.SyncCoordinatorImplSpec",""
"","195","oversized manifest entry is rejected before parsing[jvm]","","2026-07-22","passed","2026-07-22","","BackupImporterImplJvmTest[jvm]","com.georgeci.moneysurfer.data.backup.BackupImporterImplJvmTest",""
"","1","writes local pointer and pushes default when Firebase uid present[jvm]","","2026-07-21","passed","2026-07-21","","SelectWorkspaceUseCaseTest[jvm]","com.georgeci.moneysurfer.domain.usecase.SelectWorkspaceUseCaseTest",""
"","5","NoOpNetworkMonitor reports always-online[jvm]","","2026-07-22","passed","2026-07-22","","NoOpNetworkMonitorSpec[jvm]","com.georgeci.moneysurfer.sync.internal.network.NoOpNetworkMonitorSpec",""
"","0","'1 2' (spaces)[jvm]","","2026-07-22","passed","2026-07-22","","AmountInputTransformationTest[jvm]","com.georgeci.moneysurfer.utils.AmountInputTransformationTest",""
"","6","actual → planned unwinds full impact[jvm]","","2026-07-21","passed","2026-07-21","","CalculateBalanceDeltaTest[jvm]","com.georgeci.moneysurfer.domain.model.CalculateBalanceDeltaTest",""
"","3","SyncHandleStatus.Running carries currentStep[jvm]","","2026-07-22","passed","2026-07-22","","SyncStateSpec[jvm]","com.georgeci.moneysurfer.sync.api.SyncStateSpec",""
"","7","SyncHandleStatus.Queued is singleton[jvm]","","2026-07-22","passed","2026-07-22","","SyncStateSpec[jvm]","com.georgeci.moneysurfer.sync.api.SyncStateSpec",""
"","8","format RUB with US locale[jvm]","","2026-07-21","passed","2026-07-21","","MoneyFormatterTest[jvm]","com.georgeci.moneysurfer.domain.MoneyFormatterTest",""
"","21","case mismatch between email claim and key is rejected","","2026-07-22","passed","2026-07-22","","userEmails/{email}","userEmails/{email} case mismatch between email claim and key is rejected",""
"","14","parser handles CRLF line endings a UTF-8 BOM and blank lines[jvm]","","2026-07-21","passed","2026-07-21","","TransactionCsvCodecTest[jvm]","com.georgeci.moneysurfer.domain.csv.TransactionCsvCodecTest",""
"","20","a transfer pair with two legs of the same type is rejected[jvm]","","2026-07-21","passed","2026-07-21","","ExportImportTransactionsUseCaseTest[jvm]","com.georgeci.moneysurfer.domain.csv.ExportImportTransactionsUseCaseTest",""
"","43","authenticated user can read app config","","2026-07-22","passed","2026-07-22","","appConfig/{docId}","appConfig/{docId} authenticated user can read app config",""
"","2","redactUid returns a fixed marker for blank input[jvm]","","2026-07-21","passed","2026-07-21","","PiiRedactionTest[jvm]","com.georgeci.moneysurfer.domain.logging.PiiRedactionTest",""
"","4","pending excludes IN_FLIGHT rows after markInFlight[jvm]","","2026-07-22","passed","2026-07-22","","PendingMutationQueueImplSpec[jvm]","com.georgeci.moneysurfer.sync.internal.repository.PendingMutationQueueImplSpec",""
"","12","SQLite header with a corrupted structure fails the integrity check[jvm]","","2026-07-22","passed","2026-07-22","","BackupImporterImplJvmTest[jvm]","com.georgeci.moneysurfer.data.backup.BackupImporterImplJvmTest",""
"","33","user can read their own document","","2026-07-22","passed","2026-07-22","","users/{uid}","users/{uid} user can read their own document",""
"","21","leftAt path keeps role unchanged and status flipped to LEFT[jvm]","","2026-07-22","passed","2026-07-22","","WorkspaceMemberRepositoryIntegrationIT[jvm]","com.georgeci.moneysurfer.integration.repository.WorkspaceMemberRepositoryIntegrationIT",""
"","19","archive missing the main DB entry surfaces MissingFile[jvm]","","2026-07-22","passed","2026-07-22","","BackupImporterImplJvmTest[jvm]","com.georgeci.moneysurfer.data.backup.BackupImporterImplJvmTest",""
"","31","rejects when invite email does not match the current user[jvm]","","2026-07-21","passed","2026-07-21","","AcceptInviteUseCaseTest[jvm]","com.georgeci.moneysurfer.domain.usecase.AcceptInviteUseCaseTest",""
"","1","CompositeCancelToken throwIfCancelled when partial does not throw[jvm]","","2026-07-22","passed","2026-07-22","","SyncCancelTokenSpec[jvm]","com.georgeci.moneysurfer.sync.api.SyncCancelTokenSpec",""
"","21","owner whose co-members all LEFT or were REMOVED still purges[jvm]","","2026-07-22","passed","2026-07-22","","UserAccountDeletionRepositoryImplTest[jvm]","com.georgeci.moneysurfer.data.repository.UserAccountDeletionRepositoryImplTest",""
"","11","blank category id decodes to null instead of failing[jvm]","","2026-07-21","passed","2026-07-21","","TransactionCsvCodecTest[jvm]","com.georgeci.moneysurfer.domain.csv.TransactionCsvCodecTest",""
"","19","user cannot delete another user's document","","2026-07-22","passed","2026-07-22","","users/{uid}","users/{uid} user cannot delete another user's document",""
"","8","ReplaceQueued cancels existing pending and replaces it[jvm]","","2026-07-22","passed","2026-07-22","","SyncCoordinatorImplBranchSpec[jvm]","com.georgeci.moneysurfer.sync.coordinator.SyncCoordinatorImplBranchSpec",""
"","24","permission-denied during fetch maps to AuthError.PermissionDenied[jvm]","","2026-07-21","passed","2026-07-21","","PostAuthBootstrapUseCaseTest[jvm]","com.georgeci.moneysurfer.domain.usecase.PostAuthBootstrapUseCaseTest",""
"","4","returns Right for a Workspace scope[jvm]","","2026-07-22","passed","2026-07-22","","NoOpRecalculateLocalProjectionsUseCaseSpec[jvm]","com.georgeci.moneysurfer.sync.internal.usecase.NoOpRecalculateLocalProjectionsUseCaseSpec",""
"","2","unknown transaction type is rejected as invalid type[jvm]","","2026-07-21","passed","2026-07-21","","TransactionCsvCodecTest[jvm]","com.georgeci.moneysurfer.domain.csv.TransactionCsvCodecTest",""
"","1","SyncMeta copy override changes targeted field only[jvm]","","2026-07-22","passed","2026-07-22","","SyncMetaRepositorySpec[jvm]","com.georgeci.moneysurfer.sync.repository.SyncMetaRepositorySpec",""
"","20","syncAll is a no-op when the sync feature flag is disabled[jvm]","","2026-07-22","passed","2026-07-22","","SyncCoordinatorWorkspaceSyncerSpec[jvm]","com.georgeci.moneysurfer.data.sync.SyncCoordinatorWorkspaceSyncerSpec",""
"","1","explicit overrides are exposed[jvm]","","2026-07-22","passed","2026-07-22","","SyncConstraintsSpec[jvm]","com.georgeci.moneysurfer.sync.scheduler.SyncConstraintsSpec",""
"","43","create blocked when clientVersionCode missing","","2026-07-22","passed","2026-07-22","","member-gated entities (accounts)","member-gated entities (accounts) create blocked when clientVersionCode missing",""
"","93","non-member cannot tombstone an account","","2026-07-22","passed","2026-07-22","","tombstone update shape (push-side soft delete)","tombstone update shape (push-side soft delete) non-member cannot tombstone an account",""
"","28","rejects a nullable field with a wrong non-null type (deletedAt as string)","","2026-07-22","passed","2026-07-22","","entity write-shape validation (issue #156)","entity write-shape validation (issue #156) rejects a nullable field with a wrong non-null type (deletedAt as string)",""
"","0","'42,50' -> '42.50'[jvm]","","2026-07-22","passed","2026-07-22","","AmountInputTransformationTest[jvm]","com.georgeci.moneysurfer.utils.AmountInputTransformationTest",""
"","33","dispatches each mutation to the plugin matching its entityType[jvm]","","2026-07-22","passed","2026-07-22","","UploadPendingChangesUseCaseImplSpec[jvm]","com.georgeci.moneysurfer.data.sync.UploadPendingChangesUseCaseImplSpec",""
"","57","an evicted (REMOVED) member can no longer write","","2026-07-22","passed","2026-07-22","","member-gated entities (accounts)","member-gated entities (accounts) an evicted (REMOVED) member can no longer write",""
"","73","cancelAllQueued cancels queued requests but keeps the running one[jvm]","","2026-07-22","passed","2026-07-22","","SyncCoordinatorImplBranchSpec[jvm]","com.georgeci.moneysurfer.sync.coordinator.SyncCoordinatorImplBranchSpec",""
"","7","enqueue stores entity with PENDING status and roundtrips fields[jvm]","","2026-07-22","passed","2026-07-22","","PendingMutationQueueImplSpec[jvm]","com.georgeci.moneysurfer.sync.internal.repository.PendingMutationQueueImplSpec",""
"","8","blank id is rejected as invalid id[jvm]","","2026-07-21","passed","2026-07-21","","TransactionCsvCodecTest[jvm]","com.georgeci.moneysurfer.domain.csv.TransactionCsvCodecTest",""
"","202","string resources use only indexed placeholders[jvm]","","2026-07-22","passed","2026-07-22","","StringResourcePlaceholderTest[jvm]","com.georgeci.moneysurfer.utils.StringResourcePlaceholderTest",""
"","16","pending respects limit[jvm]","","2026-07-22","passed","2026-07-22","","PendingMutationQueueImplSpec[jvm]","com.georgeci.moneysurfer.data.sync.PendingMutationQueueImplSpec",""
"","2","'42.' -> '42.'[jvm]","","2026-07-22","passed","2026-07-22","","AmountInputTransformationTest[jvm]","com.georgeci.moneysurfer.utils.AmountInputTransformationTest",""
"","1","defaults enable every entry point()[jvm]","","2026-07-22","passed","2026-07-22","","SignInFeatureConfigTest[jvm]","com.georgeci.moneysurfer.feature.login.SignInFeatureConfigTest",""
"","20","non-JSON manifest surfaces InvalidArchive[jvm]","","2026-07-22","passed","2026-07-22","","BackupImporterImplJvmTest[jvm]","com.georgeci.moneysurfer.data.backup.BackupImporterImplJvmTest",""
"","1371","unicode passphrases round-trip and are distinct from lookalikes[jvm]","","2026-07-22","passed","2026-07-22","","EncryptedBackupCodecTest[jvm]","com.georgeci.moneysurfer.data.backup.EncryptedBackupCodecTest",""
"","1","CompositeCancelToken with empty children treats as cancelled[jvm]","","2026-07-22","passed","2026-07-22","","SyncCancelTokenSpec[jvm]","com.georgeci.moneysurfer.sync.api.SyncCancelTokenSpec",""
"","13","markInFlight with empty list is a no-op[jvm]","","2026-07-22","passed","2026-07-22","","PendingMutationQueueImplSpec[jvm]","com.georgeci.moneysurfer.data.sync.PendingMutationQueueImplSpec",""
"","2","weak-password classifies as WeakPassword[jvm]","","2026-07-22","passed","2026-07-22","","AuthErrorClassificationTest[jvm]","com.georgeci.moneysurfer.data.repository.AuthErrorClassificationTest",""
"","14","no active session returns NotSignedIn without touching anything[jvm]","","2026-07-21","passed","2026-07-21","","DeleteUserAccountUseCaseTest[jvm]","com.georgeci.moneysurfer.domain.usecase.DeleteUserAccountUseCaseTest",""
"","3","shutdown is safe to call repeatedly (idempotent)[jvm]","","2026-07-22","passed","2026-07-22","","SessionShutdownGateImplSpec[jvm]","com.georgeci.moneysurfer.sync.internal.SessionShutdownGateImplSpec",""
"","14","insert in demo session writes DAO but skips outbox[jvm]","","2026-07-22","passed","2026-07-22","","WorkspaceMemberRepositoryDualWriteSpec[jvm]","com.georgeci.moneysurfer.data.repository.WorkspaceMemberRepositoryDualWriteSpec",""
"","4","enqueueUpsert rejects DELETE operation[jvm]","","2026-07-22","passed","2026-07-22","","OutboxEnqueuerSpec[jvm]","com.georgeci.moneysurfer.data.sync.OutboxEnqueuerSpec",""
"","5","ActiveWorkspace with no current workspace pulls nothing[jvm]","","2026-07-22","passed","2026-07-22","","PullRemoteChangesUseCaseImplSpec[jvm]","com.georgeci.moneysurfer.data.sync.PullRemoteChangesUseCaseImplSpec",""
"","8","format large amount[jvm]","","2026-07-21","passed","2026-07-21","","MoneyFormatterTest[jvm]","com.georgeci.moneysurfer.domain.MoneyFormatterTest",""
"","3","empty history yields zero[jvm]","","2026-07-21","passed","2026-07-21","","RecalculateAccountBalanceUseCaseTest[jvm]","com.georgeci.moneysurfer.domain.usecase.RecalculateAccountBalanceUseCaseTest",""
"","24","stranger cannot read someone else's invite by direct id","","2026-07-22","passed","2026-07-22","","invites — read","invites — read stranger cannot read someone else's invite by direct id",""
"","54","member can create + read in recurringRules","","2026-07-22","passed","2026-07-22","","member-gated entities (smoke for the rest)","member-gated entities (smoke for the rest) member can create + read in recurringRules",""
"","35","release builds mute everything below Warn[jvm]","","2026-07-21","passed","2026-07-21","","LoggingConfigTest[jvm]","com.georgeci.moneysurfer.domain.logging.LoggingConfigTest",""
"","26","failure on the first mutation fails the whole batch and completes nothing[jvm]","","2026-07-22","passed","2026-07-22","","UploadPendingChangesUseCaseImplSpec[jvm]","com.georgeci.moneysurfer.data.sync.UploadPendingChangesUseCaseImplSpec",""
"","251","online build registers TransactionCreationFeatureConfig with transfer enabled[jvm]","","2026-07-22","passed","2026-07-22","","OnlineTransactionCreationModuleTest[jvm]","com.georgeci.moneysurfer.di.OnlineTransactionCreationModuleTest",""
"","6","manifest JSON survives serialization[jvm]","","2026-07-22","passed","2026-07-22","","ZipStoredCodecTest[jvm]","com.georgeci.moneysurfer.data.backup.ZipStoredCodecTest",""
"","7","returns null when nothing searchable is left[jvm]","","2026-07-22","passed","2026-07-22","","FtsQueryTest[jvm]","com.georgeci.moneysurfer.data.db.FtsQueryTest",""
"","8","income contributes +amount on its account[jvm]","","2026-07-21","passed","2026-07-21","","BalanceImpactTest[jvm]","com.georgeci.moneysurfer.domain.model.BalanceImpactTest",""
"","16","category seed failure returns LocalWriteFailed and skips remote work and pin[jvm]","","2026-07-21","passed","2026-07-21","","CreateWorkspaceUseCaseTest[jvm]","com.georgeci.moneysurfer.domain.usecase.CreateWorkspaceUseCaseTest",""
"","409","sealed blob does not contain the plaintext[jvm]","","2026-07-22","passed","2026-07-22","","EncryptedBackupCodecTest[jvm]","com.georgeci.moneysurfer.data.backup.EncryptedBackupCodecTest",""
"","44","an evicted (REMOVED) member can no longer read","","2026-07-22","passed","2026-07-22","","member-gated entities (accounts)","member-gated entities (accounts) an evicted (REMOVED) member can no longer read",""
"","15","'5' -> '5'[jvm]","","2026-07-22","passed","2026-07-22","","AmountInputTransformationTest[jvm]","com.georgeci.moneysurfer.utils.AmountInputTransformationTest",""
"","22","each creation generates a fresh workspace id and re-pins the newest one[jvm]","","2026-07-21","passed","2026-07-21","","CreateWorkspaceUseCaseTest[jvm]","com.georgeci.moneysurfer.domain.usecase.CreateWorkspaceUseCaseTest",""
"","10","reader rejects unsupported compression method[jvm]","","2026-07-22","passed","2026-07-22","","ZipStoredCodecTest[jvm]","com.georgeci.moneysurfer.data.backup.ZipStoredCodecTest",""
"","4","DELETE operation roundtrips through the entity layer[jvm]","","2026-07-22","passed","2026-07-22","","PendingMutationQueueImplSpec[jvm]","com.georgeci.moneysurfer.sync.internal.repository.PendingMutationQueueImplSpec",""
"","7","opening_balance contributes +amount on its account[jvm]","","2026-07-21","passed","2026-07-21","","BalanceImpactTest[jvm]","com.georgeci.moneysurfer.domain.model.BalanceImpactTest",""
"","2","SerializationException maps to Unknown carrying the cause[jvm]","","2026-07-22","passed","2026-07-22","","SyncErrorClassifierSpec[jvm]","com.georgeci.moneysurfer.sync.internal.SyncErrorClassifierSpec",""
"","2","mergeScope ActiveWorkspace above ChangedSinceLastSync and UploadOnly[jvm]","","2026-07-22","passed","2026-07-22","","SyncScopeSpec[jvm]","com.georgeci.moneysurfer.sync.api.SyncScopeSpec",""
"","3","clearScope removes only rows for the requested workspace[jvm]","","2026-07-22","passed","2026-07-22","","SyncMetaRepositoryImplSpec[jvm]","com.georgeci.moneysurfer.sync.internal.repository.SyncMetaRepositoryImplSpec",""
"","155","strings.xml files are discovered[jvm]","","2026-07-22","passed","2026-07-22","","StringResourcePlaceholderTest[jvm]","com.georgeci.moneysurfer.utils.StringResourcePlaceholderTest",""
"","5","malformed stored falls back to operationAt in UTC[jvm]","","2026-07-22","passed","2026-07-22","","ResolveLegacyOperationDateTest[jvm]","com.georgeci.moneysurfer.data.repository.ResolveLegacyOperationDateTest",""
"","26","owner can create a member row for someone else (no invite reference needed)","","2026-07-22","passed","2026-07-22","","workspaces/{wid}/members/{uid}","workspaces/{wid}/members/{uid} owner can create a member row for someone else (no invite reference needed)",""
"","1","SimpleCancelToken cancel is idempotent[jvm]","","2026-07-22","passed","2026-07-22","","SyncCancelTokenSpec[jvm]","com.georgeci.moneysurfer.sync.api.SyncCancelTokenSpec",""
"","11","redactEmail never leaks the raw address[jvm]","","2026-07-21","passed","2026-07-21","","PiiRedactionTest[jvm]","com.georgeci.moneysurfer.domain.logging.PiiRedactionTest",""
"","4","times that overflows Long throws instead of wrapping[jvm]","","2026-07-21","passed","2026-07-21","","MoneyTest[jvm]","com.georgeci.moneysurfer.domain.primitives.MoneyTest",""
"","1","arbitrary throwable maps to Unknown carrying the cause[jvm]","","2026-07-22","passed","2026-07-22","","SyncErrorClassifierSpec[jvm]","com.georgeci.moneysurfer.sync.internal.SyncErrorClassifierSpec",""
"","42","a departed (LEFT) member can no longer read","","2026-07-22","passed","2026-07-22","","member-gated entities (accounts)","member-gated entities (accounts) a departed (LEFT) member can no longer read",""
"","2","ConflictResolver implementation can be invoked[jvm]","","2026-07-22","passed","2026-07-22","","ConflictResolverSpec[jvm]","com.georgeci.moneysurfer.sync.repository.ConflictResolverSpec",""
"","9","archive missing the DataStore entry surfaces MissingFile[jvm]","","2026-07-22","passed","2026-07-22","","BackupImporterImplJvmTest[jvm]","com.georgeci.moneysurfer.data.backup.BackupImporterImplJvmTest",""
"","287","valid stored ISO is preserved[jvm]","","2026-07-22","passed","2026-07-22","","ResolveLegacyOperationDateTest[jvm]","com.georgeci.moneysurfer.data.repository.ResolveLegacyOperationDateTest",""
"","1","scheduleOneShot uses default constraints when none supplied[jvm]","","2026-07-22","passed","2026-07-22","","BackgroundSyncSchedulerSpec[jvm]","com.georgeci.moneysurfer.sync.scheduler.BackgroundSyncSchedulerSpec",""
"","23","member cannot hard-delete a member row (not even their own)","","2026-07-22","passed","2026-07-22","","workspaces/{wid}/members/{uid}","workspaces/{wid}/members/{uid} member cannot hard-delete a member row (not even their own)",""
"","14","a legacy note starting with a literal apostrophe decodes unchanged[jvm]","","2026-07-21","passed","2026-07-21","","TransactionCsvCodecTest[jvm]","com.georgeci.moneysurfer.domain.csv.TransactionCsvCodecTest",""
"","447","offline build resolves TransactionCreationFeatureConfig with transfer disabled[jvm]","","2026-07-22","passed","2026-07-22","","OfflineTransactionCreationFeatureConfigTest[jvm]","com.georgeci.moneysurfer.offline.di.OfflineTransactionCreationFeatureConfigTest",""
"","25","recipient without email claim can still query by targetUserId","","2026-07-22","passed","2026-07-22","","invites — read","invites — read recipient without email claim can still query by targetUserId",""
"","50","sender cannot remove entries from invitedWorkspaceIds","","2026-07-22","passed","2026-07-22","","users/{uid} — invitedWorkspaceIds cross-user append","users/{uid} — invitedWorkspaceIds cross-user append sender cannot remove entries from invitedWorkspaceIds",""
"","3","minus that overflows Long on the positive side throws instead of wrapping[jvm]","","2026-07-21","passed","2026-07-21","","MoneyTest[jvm]","com.georgeci.moneysurfer.domain.primitives.MoneyTest",""
"","0","'0,99' -> '0.99'[jvm]","","2026-07-22","passed","2026-07-22","","AmountInputTransformationTest[jvm]","com.georgeci.moneysurfer.utils.AmountInputTransformationTest",""
"","18","cursor returns null for unknown (workspace, collection)[jvm]","","2026-07-22","passed","2026-07-22","","SyncMetaRepositoryImplSpec[jvm]","com.georgeci.moneysurfer.data.sync.SyncMetaRepositoryImplSpec",""
"","3","archive on already-archived account is a no-op success[jvm]","","2026-07-21","passed","2026-07-21","","ArchiveAccountUseCaseTest[jvm]","com.georgeci.moneysurfer.domain.usecase.ArchiveAccountUseCaseTest",""
"","0","epochMillis=0[jvm]","","2026-07-22","passed","2026-07-22","","TimeFormatterTest[jvm]","com.georgeci.moneysurfer.data.repository.TimeFormatterTest",""
"","27","non-owner cannot edit another member's row","","2026-07-22","passed","2026-07-22","","workspaces/{wid}/members/{uid}","workspaces/{wid}/members/{uid} non-owner cannot edit another member's row",""
"","12","pushAll failure keeps all local rows so a retry can re-push them[jvm]","","2026-07-21","passed","2026-07-21","","CreateWorkspaceUseCaseTest[jvm]","com.georgeci.moneysurfer.domain.usecase.CreateWorkspaceUseCaseTest",""
"","27","user cannot update another user's document","","2026-07-22","passed","2026-07-22","","users/{uid}","users/{uid} user cannot update another user's document",""
"","35","owner with another ACTIVE member keeps the workspace and only leaves it[jvm]","","2026-07-22","passed","2026-07-22","","UserAccountDeletionRepositoryImplTest[jvm]","com.georgeci.moneysurfer.data.repository.UserAccountDeletionRepositoryImplTest",""
"","21","stranger cannot self-create even by naming a non-existent inviteId","","2026-07-22","passed","2026-07-22","","workspaces/{wid}/members/{uid}","workspaces/{wid}/members/{uid} stranger cannot self-create even by naming a non-existent inviteId",""
"","9","quoted field with embedded newline advances the row number by one record[jvm]","","2026-07-21","passed","2026-07-21","","TransactionCsvCodecTest[jvm]","com.georgeci.moneysurfer.domain.csv.TransactionCsvCodecTest",""
"","31","owner create blocked when clientVersionCode missing","","2026-07-22","passed","2026-07-22","","invites — write","invites — write owner create blocked when clientVersionCode missing",""
"","9","format zero amount[jvm]","","2026-07-21","passed","2026-07-21","","MoneyFormatterTest[jvm]","com.georgeci.moneysurfer.domain.MoneyFormatterTest",""
"","1","cancelAll is callable[jvm]","","2026-07-22","passed","2026-07-22","","BackgroundSyncSchedulerSpec[jvm]","com.georgeci.moneysurfer.sync.scheduler.BackgroundSyncSchedulerSpec",""
"","37","cross-currency transfer stores fromMoney/toMoney on respective legs with each account's currencyCode[jvm]","","2026-07-22","passed","2026-07-22","","TransferCreationIntegrationIT[jvm]","com.georgeci.moneysurfer.integration.repository.TransferCreationIntegrationIT",""
"","1","reason mapping for BACKGROUND is Bounded(5m)[jvm]","","2026-07-22","passed","2026-07-22","","NetworkWaitModeSpec[jvm]","com.georgeci.moneysurfer.sync.network.NetworkWaitModeSpec",""
"","18","non-member cannot get the workspace doc","","2026-07-22","passed","2026-07-22","","workspaces/{wid}","workspaces/{wid} non-member cannot get the workspace doc",""
"","60","markAccepted transitions status and stamps respondedAt[jvm]","","2026-07-22","passed","2026-07-22","","WorkspaceInviteRepositoryDualWriteSpec[jvm]","com.georgeci.moneysurfer.data.repository.WorkspaceInviteRepositoryDualWriteSpec",""
"","4","repeat delete (null/null) is a no-op[jvm]","","2026-07-21","passed","2026-07-21","","ApplyTransactionChangeUseCaseTest[jvm]","com.georgeci.moneysurfer.domain.usecase.ApplyTransactionChangeUseCaseTest",""
"","21","soft-delete via upsert sets status REMOVED and stamps removedAt without erasing the row[jvm]","","2026-07-22","passed","2026-07-22","","WorkspaceMemberRepositoryIntegrationIT[jvm]","com.georgeci.moneysurfer.integration.repository.WorkspaceMemberRepositoryIntegrationIT",""
"","4","second pull passes the stored cursor to the reader[jvm]","","2026-07-22","passed","2026-07-22","","PullRemoteChangesUseCaseImplSpec[jvm]","com.georgeci.moneysurfer.data.sync.PullRemoteChangesUseCaseImplSpec",""
"","2","addConflicts accumulates conflictCount[jvm]","","2026-07-22","passed","2026-07-22","","SyncSummaryBuilderSpec[jvm]","com.georgeci.moneysurfer.sync.api.SyncSummaryBuilderSpec",""
"","110","an oversized source is rejected without being fully read into memory[jvm]","","2026-07-21","passed","2026-07-21","","ExportImportTransactionsUseCaseTest[jvm]","com.georgeci.moneysurfer.domain.csv.ExportImportTransactionsUseCaseTest",""
"","1","set merge with only Indefinite reasons stays Indefinite[jvm]","","2026-07-22","passed","2026-07-22","","NetworkWaitModeSpec[jvm]","com.georgeci.moneysurfer.sync.network.NetworkWaitModeSpec",""
"","696","empty plaintext round-trips[jvm]","","2026-07-22","passed","2026-07-22","","EncryptedBackupCodecTest[jvm]","com.georgeci.moneysurfer.data.backup.EncryptedBackupCodecTest",""
"","17","local pointer survives a remote failure[jvm]","","2026-07-21","passed","2026-07-21","","SelectWorkspaceUseCaseTest[jvm]","com.georgeci.moneysurfer.domain.usecase.SelectWorkspaceUseCaseTest",""
"","7","SerializationException maps to Unknown[jvm]","","2026-07-22","passed","2026-07-22","","SyncErrorClassifierSpec[jvm]","com.georgeci.moneysurfer.data.sync.SyncErrorClassifierSpec",""
"","7","UploadOnly scope skips pull and recalc[jvm]","","2026-07-22","passed","2026-07-22","","SyncCoordinatorImplSpec[jvm]","com.georgeci.moneysurfer.sync.coordinator.SyncCoordinatorImplSpec",""
"","264","inserts accounts with USD, EUR, RUB in same workspace and getByWorkspaceId returns all three[jvm]","","2026-07-22","passed","2026-07-22","","AccountCreationIntegrationIT[jvm]","com.georgeci.moneysurfer.integration.repository.AccountCreationIntegrationIT",""
"","1","demoOnly is false when anonymous is also enabled()[jvm]","","2026-07-22","passed","2026-07-22","","SignInFeatureConfigTest[jvm]","com.georgeci.moneysurfer.feature.login.SignInFeatureConfigTest",""
"","7","create planned produces empty delta[jvm]","","2026-07-21","passed","2026-07-21","","CalculateBalanceDeltaTest[jvm]","com.georgeci.moneysurfer.domain.model.CalculateBalanceDeltaTest",""
"","31","happy path runs steps in order and clears the local session[jvm]","","2026-07-21","passed","2026-07-21","","DeleteUserAccountUseCaseTest[jvm]","com.georgeci.moneysurfer.domain.usecase.DeleteUserAccountUseCaseTest",""
"","8","note with commas quotes and newlines survives a full CSV round-trip[jvm]","","2026-07-21","passed","2026-07-21","","TransactionCsvCodecTest[jvm]","com.georgeci.moneysurfer.domain.csv.TransactionCsvCodecTest",""
"","5","Generic exception maps to Unknown[jvm]","","2026-07-22","passed","2026-07-22","","SyncErrorClassifierSpec[jvm]","com.georgeci.moneysurfer.data.sync.SyncErrorClassifierSpec",""
"","2","missing local row → take remote[jvm]","","2026-07-22","passed","2026-07-22","","LwwConflictResolverSpec[jvm]","com.georgeci.moneysurfer.sync.repository.LwwConflictResolverSpec",""
"","21","isEnabled returns false when firebaseUid is null (demo session)[jvm]","","2026-07-22","passed","2026-07-22","","OutboxEnqueuerSpec[jvm]","com.georgeci.moneysurfer.data.sync.OutboxEnqueuerSpec",""
"","2","create expense decrements cache by amount[jvm]","","2026-07-21","passed","2026-07-21","","ApplyTransactionChangeUseCaseTest[jvm]","com.georgeci.moneysurfer.domain.usecase.ApplyTransactionChangeUseCaseTest",""
"","5","a missing workspace doc is skipped without touching anything[jvm]","","2026-07-22","passed","2026-07-22","","UserAccountDeletionRepositoryImplTest[jvm]","com.georgeci.moneysurfer.data.repository.UserAccountDeletionRepositoryImplTest",""
"","26","owner can tombstone an invite","","2026-07-22","passed","2026-07-22","","tombstone update shape (push-side soft delete)","tombstone update shape (push-side soft delete) owner can tombstone an invite",""
"","9","PULL order is workspace → members → invites → accounts → categories → transactions[jvm]","","2026-07-21","passed","2026-07-21","","SyncStepOrderTest[jvm]","com.georgeci.moneysurfer.domain.model.SyncStepOrderTest",""
"","5","demoOnly is false when email-password is also enabled()[jvm]","","2026-07-22","passed","2026-07-22","","SignInFeatureConfigTest[jvm]","com.georgeci.moneysurfer.feature.login.SignInFeatureConfigTest",""
"","50","transfer auto-seeds Transfer category with systemKind=TRANSFER on first call and reuses it on subsequent calls[jvm]","","2026-07-22","passed","2026-07-22","","TransferCreationIntegrationIT[jvm]","com.georgeci.moneysurfer.integration.repository.TransferCreationIntegrationIT",""
"","57","failed apply leaves the cursor untouched so the batch is retried on the next sync[jvm]","","2026-07-22","passed","2026-07-22","","NewWorkspacePullIntegrationIT[jvm]","com.georgeci.moneysurfer.integration.sync.NewWorkspacePullIntegrationIT",""
"","20","user cannot create a document under another uid","","2026-07-22","passed","2026-07-22","","users/{uid}","users/{uid} user cannot create a document under another uid",""
"","73","rejects when invite already accepted[jvm]","","2026-07-21","passed","2026-07-21","","AcceptInviteUseCaseTest[jvm]","com.georgeci.moneysurfer.domain.usecase.AcceptInviteUseCaseTest",""
"","5","demoOnly is false when demo itself is disabled()[jvm]","","2026-07-22","passed","2026-07-22","","SignInFeatureConfigTest[jvm]","com.georgeci.moneysurfer.feature.login.SignInFeatureConfigTest",""
"","27","rejects an account whose boolean archived flag is a string","","2026-07-22","passed","2026-07-22","","entity write-shape validation (issue #156)","entity write-shape validation (issue #156) rejects an account whose boolean archived flag is a string",""
"","19","pushAll is a no-op when the sync feature flag is disabled[jvm]","","2026-07-22","passed","2026-07-22","","SyncCoordinatorWorkspaceSyncerSpec[jvm]","com.georgeci.moneysurfer.data.sync.SyncCoordinatorWorkspaceSyncerSpec",""
"","12","getByWorkspaceId returns ACTIVE and soft-deleted rows alike (UI filters by status)[jvm]","","2026-07-22","passed","2026-07-22","","WorkspaceMemberRepositoryIntegrationIT[jvm]","com.georgeci.moneysurfer.integration.repository.WorkspaceMemberRepositoryIntegrationIT",""
"","0","'42.5' -> '42.5'[jvm]","","2026-07-22","passed","2026-07-22","","AmountInputTransformationTest[jvm]","com.georgeci.moneysurfer.utils.AmountInputTransformationTest",""
"","7","markCompleted with empty list is a no-op[jvm]","","2026-07-22","passed","2026-07-22","","PendingMutationQueueImplSpec[jvm]","com.georgeci.moneysurfer.data.sync.PendingMutationQueueImplSpec",""
"","4","explicit value is preserved[jvm]","","2026-07-22","passed","2026-07-22","","SyncRequestIdSpec[jvm]","com.georgeci.moneysurfer.sync.api.SyncRequestIdSpec",""
"","0","iso=2025-01-31[jvm]","","2026-07-22","passed","2026-07-22","","TimeFormatterTest[jvm]","com.georgeci.moneysurfer.data.repository.TimeFormatterTest",""
"","3","merge appends child and unions reasons[jvm]","","2026-07-22","passed","2026-07-22","","MergedSyncRequestSpec[jvm]","com.georgeci.moneysurfer.sync.coordinator.MergedSyncRequestSpec",""
"","13","missing manifest entry surfaces InvalidArchive[jvm]","","2026-07-22","passed","2026-07-22","","BackupImporterImplJvmTest[jvm]","com.georgeci.moneysurfer.data.backup.BackupImporterImplJvmTest",""
"","3","blob shorter than header + MAC is rejected as InvalidArchive[jvm]","","2026-07-22","passed","2026-07-22","","EncryptedBackupCodecTest[jvm]","com.georgeci.moneysurfer.data.backup.EncryptedBackupCodecTest",""
"","3","Unknown.isRetryable is true (sync should be re-attempted on next cycle)[jvm]","","2026-07-22","passed","2026-07-22","","SyncErrorClassifierSpec[jvm]","com.georgeci.moneysurfer.sync.internal.SyncErrorClassifierSpec",""
"","8","enqueueUpsert is a no-op when demo session[jvm]","","2026-07-22","passed","2026-07-22","","OutboxEnqueuerSpec[jvm]","com.georgeci.moneysurfer.data.sync.OutboxEnqueuerSpec",""
"","5","pending returns rows sorted by createdAt ascending[jvm]","","2026-07-22","passed","2026-07-22","","PendingMutationQueueImplSpec[jvm]","com.georgeci.moneysurfer.sync.internal.repository.PendingMutationQueueImplSpec",""
"","23","user can write their own email mapping","","2026-07-22","passed","2026-07-22","","userEmails/{email}","userEmails/{email} user can write their own email mapping",""
"","26","reason mapping for APP_START is Bounded(30s)[jvm]","","2026-07-22","passed","2026-07-22","","NetworkWaitModeSpec[jvm]","com.georgeci.moneysurfer.sync.network.NetworkWaitModeSpec",""
"","5","Cancelled is not retryable[jvm]","","2026-07-22","passed","2026-07-22","","SyncErrorSpec[jvm]","com.georgeci.moneysurfer.sync.api.SyncErrorSpec",""
"","5","repeat delete (null/null) is empty delta[jvm]","","2026-07-21","passed","2026-07-21","","CalculateBalanceDeltaTest[jvm]","com.georgeci.moneysurfer.domain.model.CalculateBalanceDeltaTest",""
"","8","create income → +impact[jvm]","","2026-07-21","passed","2026-07-21","","CalculateBalanceDeltaTest[jvm]","com.georgeci.moneysurfer.domain.model.CalculateBalanceDeltaTest",""
"","19","re-currencies accounts still on the previous workspace currency[jvm]","","2026-07-21","passed","2026-07-21","","UpdateWorkspaceCurrencyUseCaseTest[jvm]","com.georgeci.moneysurfer.domain.usecase.UpdateWorkspaceCurrencyUseCaseTest",""
"","5","reads the outbox with the default batch limit[jvm]","","2026-07-22","passed","2026-07-22","","UploadPendingChangesUseCaseImplSpec[jvm]","com.georgeci.moneysurfer.data.sync.UploadPendingChangesUseCaseImplSpec",""
"","3","UploadingPendingChanges title[jvm]","","2026-07-22","passed","2026-07-22","","SyncStepSpec[jvm]","com.georgeci.moneysurfer.sync.api.SyncStepSpec",""
"","15","returns NoCurrentUser error when no current user[jvm]","","2026-07-21","passed","2026-07-21","","CreateWorkspaceUseCaseTest[jvm]","com.georgeci.moneysurfer.domain.usecase.CreateWorkspaceUseCaseTest",""
"","12","creates the system Transfer category lazily when the workspace is missing it[jvm]","","2026-07-21","passed","2026-07-21","","CreateTransferUseCaseTest[jvm]","com.georgeci.moneysurfer.domain.usecase.CreateTransferUseCaseTest",""
"","17","exposes id, status, steps, result via the SyncHandle interface[jvm]","","2026-07-22","passed","2026-07-22","","SyncHandleImplSpec[jvm]","com.georgeci.moneysurfer.sync.coordinator.SyncHandleImplSpec",""
"","132","row referencing a missing account is reported and not inserted[jvm]","","2026-07-22","passed","2026-07-22","","CsvBackupIntegrationIT[jvm]","com.georgeci.moneysurfer.integration.repository.CsvBackupIntegrationIT",""
"","19","user cannot squat on someone else's email key (mapping to own uid)","","2026-07-22","passed","2026-07-22","","userEmails/{email}","userEmails/{email} user cannot squat on someone else's email key (mapping to own uid)",""
"","10","a note starting with a formula trigger is neutralised on encode[jvm]","","2026-07-21","passed","2026-07-21","","TransactionCsvCodecTest[jvm]","com.georgeci.moneysurfer.domain.csv.TransactionCsvCodecTest",""
"","3","markFailed bumps attempts, records error and resets to PENDING[jvm]","","2026-07-22","passed","2026-07-22","","PendingMutationQueueImplSpec[jvm]","com.georgeci.moneysurfer.sync.internal.repository.PendingMutationQueueImplSpec",""
"","18","user cannot read another user's document","","2026-07-22","passed","2026-07-22","","users/{uid}","users/{uid} user cannot read another user's document",""
"","114","plain backups report isPassphraseProtected = false and import unchanged[jvm]","","2026-07-22","passed","2026-07-22","","BackupEncryptedRoundTripJvmTest[jvm]","com.georgeci.moneysurfer.data.backup.BackupEncryptedRoundTripJvmTest",""
"","5","Queued carries count[jvm]","","2026-07-22","passed","2026-07-22","","SyncStateSpec[jvm]","com.georgeci.moneysurfer.sync.api.SyncStateSpec",""
"","1","cancel invokes the supplied cancelAction once[jvm]","","2026-07-22","passed","2026-07-22","","SyncHandleImplSpec[jvm]","com.georgeci.moneysurfer.sync.coordinator.SyncHandleImplSpec",""
"","1","no-op when role unchanged[jvm]","","2026-07-21","passed","2026-07-21","","ChangeMemberRoleUseCaseTest[jvm]","com.georgeci.moneysurfer.domain.usecase.ChangeMemberRoleUseCaseTest",""
"","2","CompositeCancelToken not cancelled when only some children cancelled[jvm]","","2026-07-22","passed","2026-07-22","","SyncCancelTokenSpec[jvm]","com.georgeci.moneysurfer.sync.api.SyncCancelTokenSpec",""
"","6","conflicts and skipped docs are reflected in the summary[jvm]","","2026-07-22","passed","2026-07-22","","PullRemoteChangesUseCaseImplSpec[jvm]","com.georgeci.moneysurfer.data.sync.PullRemoteChangesUseCaseImplSpec",""
"","4","wrong-password (FIRAuth 17009) classifies as InvalidCredentials[jvm]","","2026-07-22","passed","2026-07-22","","AuthErrorClassificationTest[jvm]","com.georgeci.moneysurfer.data.repository.AuthErrorClassificationTest",""
"","22","member can get the workspace doc","","2026-07-22","passed","2026-07-22","","workspaces/{wid}","workspaces/{wid} member can get the workspace doc",""
"","0","'-5' (negative sign)[jvm]","","2026-07-22","passed","2026-07-22","","AmountInputTransformationTest[jvm]","com.georgeci.moneysurfer.utils.AmountInputTransformationTest",""
"","21","user without an email claim (e.g. anonymous) cannot write","","2026-07-22","passed","2026-07-22","","userEmails/{email}","userEmails/{email} user without an email claim (e.g. anonymous) cannot write",""
"","5","transactions outside the period are skipped[jvm]","","2026-07-21","passed","2026-07-21","","PeriodTotalsTest[jvm]","com.georgeci.moneysurfer.domain.model.PeriodTotalsTest",""
"","4","setCursor preserves attempt and success timestamps on existing row[jvm]","","2026-07-22","passed","2026-07-22","","SyncMetaRepositoryImplSpec[jvm]","com.georgeci.moneysurfer.sync.internal.repository.SyncMetaRepositoryImplSpec",""
"","2","CancellationException maps to SyncError.Cancelled[jvm]","","2026-07-22","passed","2026-07-22","","SyncErrorClassifierSpec[jvm]","com.georgeci.moneysurfer.sync.internal.SyncErrorClassifierSpec",""
"","7","redactEmail returns a fixed marker for malformed input[jvm]","","2026-07-21","passed","2026-07-21","","PiiRedactionTest[jvm]","com.georgeci.moneysurfer.domain.logging.PiiRedactionTest",""
"","34","local insert failure returns LocalWriteFailed and skips remote work[jvm]","","2026-07-21","passed","2026-07-21","","CreateWorkspaceUseCaseTest[jvm]","com.georgeci.moneysurfer.domain.usecase.CreateWorkspaceUseCaseTest",""
"","8","DELETE mutation persists and is readable[jvm]","","2026-07-22","passed","2026-07-22","","PendingMutationQueueImplSpec[jvm]","com.georgeci.moneysurfer.data.sync.PendingMutationQueueImplSpec",""
"","2","opening_balance is excluded from income/expense[jvm]","","2026-07-21","passed","2026-07-21","","PeriodTotalsTest[jvm]","com.georgeci.moneysurfer.domain.model.PeriodTotalsTest",""
"","21","empty archive surfaces InvalidArchive[jvm]","","2026-07-22","passed","2026-07-22","","BackupImporterImplJvmTest[jvm]","com.georgeci.moneysurfer.data.backup.BackupImporterImplJvmTest",""
"","19","markRemoved on missing row is a no-op[jvm]","","2026-07-22","passed","2026-07-22","","WorkspaceMemberRepositoryDualWriteSpec[jvm]","com.georgeci.moneysurfer.data.repository.WorkspaceMemberRepositoryDualWriteSpec",""
"","2","balanceImpact uses abs(money) so legacy signed money still produces correct sign[jvm]","","2026-07-21","passed","2026-07-21","","BalanceImpactTest[jvm]","com.georgeci.moneysurfer.domain.model.BalanceImpactTest",""
"","26","recipient can collection-group query by email","","2026-07-22","passed","2026-07-22","","invites — read","invites — read recipient can collection-group query by email",""
"","161","writes two linked legs sharing transferId, tagged with the workspace's Transfer category[jvm]","","2026-07-21","passed","2026-07-21","","CreateTransferUseCaseTest[jvm]","com.georgeci.moneysurfer.domain.usecase.CreateTransferUseCaseTest",""
"","6","abs of Long.MIN_VALUE throws instead of returning a negative magnitude[jvm]","","2026-07-21","passed","2026-07-21","","MoneyTest[jvm]","com.georgeci.moneysurfer.domain.primitives.MoneyTest",""
"","9","no-op when hasUsedDemo is false (real-account-only flow)[jvm]","","2026-07-21","passed","2026-07-21","","WipeDemoDataUseCaseSpec[jvm]","com.georgeci.moneysurfer.domain.usecase.WipeDemoDataUseCaseSpec",""
"","9","calling twice on a single demo session wipes once and stays cleared[jvm]","","2026-07-21","passed","2026-07-21","","WipeDemoDataUseCaseSpec[jvm]","com.georgeci.moneysurfer.domain.usecase.WipeDemoDataUseCaseSpec",""
"","1","CompositeCancelToken throwIfCancelled when all cancelled throws[jvm]","","2026-07-22","passed","2026-07-22","","SyncCancelTokenSpec[jvm]","com.georgeci.moneysurfer.sync.api.SyncCancelTokenSpec",""
"","14","rejects when no current user[jvm]","","2026-07-21","passed","2026-07-21","","SendInviteUseCaseTest[jvm]","com.georgeci.moneysurfer.domain.usecase.SendInviteUseCaseTest",""
"","60","member can create + read in categories","","2026-07-22","passed","2026-07-22","","member-gated entities (smoke for the rest)","member-gated entities (smoke for the rest) member can create + read in categories",""
"","21","getByWorkspaceId only returns invites of the given workspace[jvm]","","2026-07-22","passed","2026-07-22","","WorkspaceInviteRepositoryIntegrationIT[jvm]","com.georgeci.moneysurfer.integration.repository.WorkspaceInviteRepositoryIntegrationIT",""
"","4","AuthRequired is not retryable[jvm]","","2026-07-22","passed","2026-07-22","","SyncErrorSpec[jvm]","com.georgeci.moneysurfer.sync.api.SyncErrorSpec",""
"","11","rejects when caller is not OWNER[jvm]","","2026-07-21","passed","2026-07-21","","RemoveMemberUseCaseTest[jvm]","com.georgeci.moneysurfer.domain.usecase.RemoveMemberUseCaseTest",""
"","35","non-owner cannot create an invite","","2026-07-22","passed","2026-07-22","","invites — write","invites — write non-owner cannot create an invite",""
"","21","owner can promote a member's role","","2026-07-22","passed","2026-07-22","","workspaces/{wid}/members/{uid}","workspaces/{wid}/members/{uid} owner can promote a member's role",""
"","24","user CANNOT self-promote their role","","2026-07-22","passed","2026-07-22","","workspaces/{wid}/members/{uid}","workspaces/{wid}/members/{uid} user CANNOT self-promote their role",""
"","0","iso=1970-01-01[jvm]","","2026-07-22","passed","2026-07-22","","TimeFormatterTest[jvm]","com.georgeci.moneysurfer.data.repository.TimeFormatterTest",""
"","5","RecalculatingProjections title[jvm]","","2026-07-22","passed","2026-07-22","","SyncStepSpec[jvm]","com.georgeci.moneysurfer.sync.api.SyncStepSpec",""
"","3","clearAll is idempotent[jvm]","","2026-07-22","passed","2026-07-22","","RemoteDataResetRepositoryImplSpec[jvm]","com.georgeci.moneysurfer.sync.repository.RemoteDataResetRepositoryImplSpec",""
"","54","writes workspace, member, default categories and pins it as current (no Firebase session)[jvm]","","2026-07-21","passed","2026-07-21","","CreateWorkspaceUseCaseTest[jvm]","com.georgeci.moneysurfer.domain.usecase.CreateWorkspaceUseCaseTest",""
"","4","boundary dates are inclusive[jvm]","","2026-07-21","passed","2026-07-21","","PeriodTotalsTest[jvm]","com.georgeci.moneysurfer.domain.model.PeriodTotalsTest",""
"","4","returns ProjectionSummary with zero recalculations for All scope[jvm]","","2026-07-22","passed","2026-07-22","","NoOpRecalculateLocalProjectionsUseCaseSpec[jvm]","com.georgeci.moneysurfer.sync.internal.usecase.NoOpRecalculateLocalProjectionsUseCaseSpec",""
"","1","SyncMeta supports null timestamps for fresh workspaces[jvm]","","2026-07-22","passed","2026-07-22","","SyncMetaRepositorySpec[jvm]","com.georgeci.moneysurfer.sync.repository.SyncMetaRepositorySpec",""
"","20","create blocked when clientVersionCode is below floor","","2026-07-22","passed","2026-07-22","","workspaces/{wid}","workspaces/{wid} create blocked when clientVersionCode is below floor",""
"","14","unparseable amount is rejected as invalid amount_minor[jvm]","","2026-07-21","passed","2026-07-21","","TransactionCsvCodecTest[jvm]","com.georgeci.moneysurfer.domain.csv.TransactionCsvCodecTest",""
"","10","LastSyncOutcome.Failed carries error and timestamp[jvm]","","2026-07-22","passed","2026-07-22","","SyncStateSpec[jvm]","com.georgeci.moneysurfer.sync.api.SyncStateSpec",""
"","18","user cannot create a workspace owned by someone else","","2026-07-22","passed","2026-07-22","","workspaces/{wid}","workspaces/{wid} user cannot create a workspace owned by someone else",""
"","41","an evicted (REMOVED) member CANNOT self-resurrect to ACTIVE","","2026-07-22","passed","2026-07-22","","workspaces/{wid}/members/{uid}","workspaces/{wid}/members/{uid} an evicted (REMOVED) member CANNOT self-resurrect to ACTIVE",""
"","3","pending() default limit forwards DEFAULT_BATCH_LIMIT[jvm]","","2026-07-22","passed","2026-07-22","","PendingMutationQueueSpec[jvm]","com.georgeci.moneysurfer.sync.repository.PendingMutationQueueSpec",""
"","3","ConflictResolution.Skip is a singleton[jvm]","","2026-07-22","passed","2026-07-22","","ConflictResolverSpec[jvm]","com.georgeci.moneysurfer.sync.repository.ConflictResolverSpec",""
"","10","rejects when no current user[jvm]","","2026-07-21","passed","2026-07-21","","LeaveWorkspaceUseCaseTest[jvm]","com.georgeci.moneysurfer.domain.usecase.LeaveWorkspaceUseCaseTest",""
"","591","seal + open round-trips with the right passphrase[jvm]","","2026-07-22","passed","2026-07-22","","EncryptedBackupCodecTest[jvm]","com.georgeci.moneysurfer.data.backup.EncryptedBackupCodecTest",""
"","45","sender cannot append when list is already at cap (100)","","2026-07-22","passed","2026-07-22","","users/{uid} — invitedWorkspaceIds cross-user append","users/{uid} — invitedWorkspaceIds cross-user append sender cannot append when list is already at cap (100)",""
"","29","transition on missing row is a no-op[jvm]","","2026-07-22","passed","2026-07-22","","WorkspaceInviteRepositoryDualWriteSpec[jvm]","com.georgeci.moneysurfer.data.repository.WorkspaceInviteRepositoryDualWriteSpec",""
"","66","malformed and invalid rows are reported with row numbers and do not stop the import[jvm]","","2026-07-21","passed","2026-07-21","","ExportImportTransactionsUseCaseTest[jvm]","com.georgeci.moneysurfer.domain.csv.ExportImportTransactionsUseCaseTest",""
"","9","fetch failure propagates as AuthError.Unknown[jvm]","","2026-07-21","passed","2026-07-21","","PostAuthBootstrapUseCaseTest[jvm]","com.georgeci.moneysurfer.domain.usecase.PostAuthBootstrapUseCaseTest",""
"","21","user can self-update status to LEFT","","2026-07-22","passed","2026-07-22","","workspaces/{wid}/members/{uid}","workspaces/{wid}/members/{uid} user can self-update status to LEFT",""
"","156","rejects when no current user[jvm]","","2026-07-21","passed","2026-07-21","","AcceptInviteUseCaseTest[jvm]","com.georgeci.moneysurfer.domain.usecase.AcceptInviteUseCaseTest",""
"","12","toString contains the id and entityType[jvm]","","2026-07-22","passed","2026-07-22","","PendingMutationSpec[jvm]","com.georgeci.moneysurfer.sync.repository.PendingMutationSpec",""
"","23","wrong column count is rejected with expected and actual sizes[jvm]","","2026-07-21","passed","2026-07-21","","TransactionCsvCodecTest[jvm]","com.georgeci.moneysurfer.domain.csv.TransactionCsvCodecTest",""
"","4","email is normalised before the mapping lookup[jvm]","","2026-07-22","passed","2026-07-22","","UserAccountDeletionRepositoryImplTest[jvm]","com.georgeci.moneysurfer.data.repository.UserAccountDeletionRepositoryImplTest",""
"","12","is idempotent — second invocation does not duplicate workspace or Cash account[jvm]","","2026-07-21","passed","2026-07-21","","SeedDefaultsUseCaseTest[jvm]","com.georgeci.moneysurfer.domain.usecase.SeedDefaultsUseCaseTest",""
"","43","second sync resumes from the Room-persisted cursor and pulls only newer documents[jvm]","","2026-07-22","passed","2026-07-22","","NewWorkspacePullIntegrationIT[jvm]","com.georgeci.moneysurfer.integration.sync.NewWorkspacePullIntegrationIT",""
"","36","syncWorkspace still switches the active workspace when sync is disabled[jvm]","","2026-07-22","passed","2026-07-22","","SyncCoordinatorWorkspaceSyncerSpec[jvm]","com.georgeci.moneysurfer.data.sync.SyncCoordinatorWorkspaceSyncerSpec",""
"","4","create expense → -impact[jvm]","","2026-07-21","passed","2026-07-21","","CalculateBalanceDeltaTest[jvm]","com.georgeci.moneysurfer.domain.model.CalculateBalanceDeltaTest",""
"","7","ignores planned rows[jvm]","","2026-07-21","passed","2026-07-21","","RecalculateAccountBalanceUseCaseTest[jvm]","com.georgeci.moneysurfer.domain.usecase.RecalculateAccountBalanceUseCaseTest",""
"","45","invitee can accept even if parent workspace doc is missing on Firestore","","2026-07-22","passed","2026-07-22","","invites — update / delete","invites — update / delete invitee can accept even if parent workspace doc is missing on Firestore",""
"","37","accepts a fully-populated, correctly-typed account","","2026-07-22","passed","2026-07-22","","entity write-shape validation (issue #156)","entity write-shape validation (issue #156) accepts a fully-populated, correctly-typed account",""
"","4","isEnabled returns false when app version is Unsupported[jvm]","","2026-07-22","passed","2026-07-22","","OutboxEnqueuerSpec[jvm]","com.georgeci.moneysurfer.data.sync.OutboxEnqueuerSpec",""
"","21","unauthenticated user cannot delete a user document","","2026-07-22","passed","2026-07-22","","users/{uid}","users/{uid} unauthenticated user cannot delete a user document",""
"","4","all PUSH steps precede all PULL steps[jvm]","","2026-07-21","passed","2026-07-21","","SyncStepOrderTest[jvm]","com.georgeci.moneysurfer.domain.model.SyncStepOrderTest",""
"","56","rejects demoting last OWNER[jvm]","","2026-07-21","passed","2026-07-21","","ChangeMemberRoleUseCaseTest[jvm]","com.georgeci.moneysurfer.domain.usecase.ChangeMemberRoleUseCaseTest",""
"","5","recalc skipped when downloadedCount == 0[jvm]","","2026-07-22","passed","2026-07-22","","SyncCoordinatorImplSpec[jvm]","com.georgeci.moneysurfer.sync.coordinator.SyncCoordinatorImplSpec",""
"","8","exhaustive enumeration — no orphan steps[jvm]","","2026-07-21","passed","2026-07-21","","SyncStepOrderTest[jvm]","com.georgeci.moneysurfer.domain.model.SyncStepOrderTest",""
"","6","isEnabled returns false when firebaseUid is empty string[jvm]","","2026-07-22","passed","2026-07-22","","OutboxEnqueuerSpec[jvm]","com.georgeci.moneysurfer.data.sync.OutboxEnqueuerSpec",""
"","39","blank stored falls back to operationAt in UTC[jvm]","","2026-07-22","passed","2026-07-22","","ResolveLegacyOperationDateTest[jvm]","com.georgeci.moneysurfer.data.repository.ResolveLegacyOperationDateTest",""
"","6","AllUserData does NOT fall back to the local workspace when the provider is empty[jvm]","","2026-07-22","passed","2026-07-22","","PullRemoteChangesUseCaseImplSpec[jvm]","com.georgeci.moneysurfer.data.sync.PullRemoteChangesUseCaseImplSpec",""
"","18","mid-pipeline cancel surfaces SyncCancelledException to the worker catch[jvm]","","2026-07-22","passed","2026-07-22","","SyncCoordinatorImplBranchSpec[jvm]","com.georgeci.moneysurfer.sync.coordinator.SyncCoordinatorImplBranchSpec",""
"","44","non-member is blocked from recurringRules","","2026-07-22","passed","2026-07-22","","member-gated entities (smoke for the rest)","member-gated entities (smoke for the rest) non-member is blocked from recurringRules",""
"","6","recalc runs when downloadedCount > 0[jvm]","","2026-07-22","passed","2026-07-22","","SyncCoordinatorImplSpec[jvm]","com.georgeci.moneysurfer.sync.coordinator.SyncCoordinatorImplSpec",""
"","42","an evicted (REMOVED) member can no longer read the roster","","2026-07-22","passed","2026-07-22","","workspaces/{wid}/members/{uid}","workspaces/{wid}/members/{uid} an evicted (REMOVED) member can no longer read the roster",""
"","365","export then import restores a deleted transaction and skips the surviving one[jvm]","","2026-07-22","passed","2026-07-22","","CsvBackupIntegrationIT[jvm]","com.georgeci.moneysurfer.integration.repository.CsvBackupIntegrationIT",""
"","239","every EN string key has a RU counterpart and vice-versa[jvm]","","2026-07-22","passed","2026-07-22","","StringResourceParityTest[jvm]","com.georgeci.moneysurfer.utils.StringResourceParityTest",""
"","5","lastOutcome records failure when use case returns Left[jvm]","","2026-07-22","passed","2026-07-22","","SyncCoordinatorImplSpec[jvm]","com.georgeci.moneysurfer.sync.coordinator.SyncCoordinatorImplSpec",""
"","8","enqueueDelete writes DELETE mutation[jvm]","","2026-07-22","passed","2026-07-22","","OutboxEnqueuerSpec[jvm]","com.georgeci.moneysurfer.data.sync.OutboxEnqueuerSpec",""
"","1","throwIfCancelled does nothing when active[jvm]","","2026-07-22","passed","2026-07-22","","SyncCancelTokenSpec[jvm]","com.georgeci.moneysurfer.sync.api.SyncCancelTokenSpec",""
"","110","member can read","","2026-07-22","passed","2026-07-22","","member-gated entities (accounts)","member-gated entities (accounts) member can read",""
"","9","'.' -> '.'[jvm]","","2026-07-22","passed","2026-07-22","","AmountInputTransformationTest[jvm]","com.georgeci.moneysurfer.utils.AmountInputTransformationTest",""
"","12","cancellation between documents aborts the pull[jvm]","","2026-07-22","passed","2026-07-22","","PullRemoteChangesUseCaseImplSpec[jvm]","com.georgeci.moneysurfer.data.sync.PullRemoteChangesUseCaseImplSpec",""
"","13","owner can leave when another owner remains[jvm]","","2026-07-21","passed","2026-07-21","","LeaveWorkspaceUseCaseTest[jvm]","com.georgeci.moneysurfer.domain.usecase.LeaveWorkspaceUseCaseTest",""
"","8","repairs missing Cash account when workspace was pinned without one[jvm]","","2026-07-21","passed","2026-07-21","","SeedDefaultsUseCaseTest[jvm]","com.georgeci.moneysurfer.domain.usecase.SeedDefaultsUseCaseTest",""
"","5","'007' (leading zeros)[jvm]","","2026-07-22","passed","2026-07-22","","AmountInputTransformationTest[jvm]","com.georgeci.moneysurfer.utils.AmountInputTransformationTest",""
"","1","ConflictResolution.TakeLocal carries the local value[jvm]","","2026-07-22","passed","2026-07-22","","ConflictResolverSpec[jvm]","com.georgeci.moneysurfer.sync.repository.ConflictResolverSpec",""
"","3","PUSH order is workspace → members → invites → accounts → categories → transactions[jvm]","","2026-07-21","passed","2026-07-21","","SyncStepOrderTest[jvm]","com.georgeci.moneysurfer.domain.model.SyncStepOrderTest",""
"","3","Unknown preserves cause and is retryable[jvm]","","2026-07-22","passed","2026-07-22","","SyncErrorSpec[jvm]","com.georgeci.moneysurfer.sync.api.SyncErrorSpec",""
"","9","rejects invalid email[jvm]","","2026-07-21","passed","2026-07-21","","SendInviteUseCaseTest[jvm]","com.georgeci.moneysurfer.domain.usecase.SendInviteUseCaseTest",""
"","7","setCursor inserts a fresh row when none exists[jvm]","","2026-07-22","passed","2026-07-22","","SyncMetaRepositoryImplSpec[jvm]","com.georgeci.moneysurfer.sync.internal.repository.SyncMetaRepositoryImplSpec",""
"","6","ignores REMOVED ex-members when checking duplicates[jvm]","","2026-07-21","passed","2026-07-21","","SendInviteUseCaseTest[jvm]","com.georgeci.moneysurfer.domain.usecase.SendInviteUseCaseTest",""
"","24","unauthenticated user is denied","","2026-07-22","passed","2026-07-22","","invites — read","invites — read unauthenticated user is denied",""
"","9","isolated cursors per (workspace, collection)[jvm]","","2026-07-22","passed","2026-07-22","","SyncMetaRepositoryImplSpec[jvm]","com.georgeci.moneysurfer.data.sync.SyncMetaRepositoryImplSpec",""
"","23","enqueue then pending() returns the row in createdAt order[jvm]","","2026-07-22","passed","2026-07-22","","PendingMutationQueueIntegrationIT[jvm]","com.georgeci.moneysurfer.integration.sync.PendingMutationQueueIntegrationIT",""
"","22","owner can tombstone a member row","","2026-07-22","passed","2026-07-22","","tombstone update shape (push-side soft delete)","tombstone update shape (push-side soft delete) owner can tombstone a member row",""
"","22","unauthenticated user is denied","","2026-07-22","passed","2026-07-22","","workspaces/{wid}/members/{uid}","workspaces/{wid}/members/{uid} unauthenticated user is denied",""
"","335","round-trip: an exported file imports every transaction into an empty database[jvm]","","2026-07-21","passed","2026-07-21","","ExportImportTransactionsUseCaseTest[jvm]","com.georgeci.moneysurfer.domain.csv.ExportImportTransactionsUseCaseTest",""
"","161","format negative amount[jvm]","","2026-07-21","passed","2026-07-21","","MoneyFormatterTest[jvm]","com.georgeci.moneysurfer.domain.MoneyFormatterTest",""
"","32","aborts without seeding when the demo login fails[jvm]","","2026-07-22","passed","2026-07-22","","OfflineFirstRunSeederTest[jvm]","com.georgeci.moneysurfer.offline.firstrun.OfflineFirstRunSeederTest",""
"","10","is a no-op when the requested currency already matches[jvm]","","2026-07-21","passed","2026-07-21","","UpdateWorkspaceCurrencyUseCaseTest[jvm]","com.georgeci.moneysurfer.domain.usecase.UpdateWorkspaceCurrencyUseCaseTest",""
"","21","a foreign CSV header fails the whole import[jvm]","","2026-07-21","passed","2026-07-21","","ExportImportTransactionsUseCaseTest[jvm]","com.georgeci.moneysurfer.domain.csv.ExportImportTransactionsUseCaseTest",""
"","58","uuid generates unique values[jvm]","","2026-07-22","passed","2026-07-22","","SyncRequestIdSpec[jvm]","com.georgeci.moneysurfer.sync.api.SyncRequestIdSpec",""
"","48","non-member is blocked from budgets","","2026-07-22","passed","2026-07-22","","member-gated entities (smoke for the rest)","member-gated entities (smoke for the rest) non-member is blocked from budgets",""
"","29","invitee cannot tombstone a PENDING invite (known limitation: only status transitions)","","2026-07-22","passed","2026-07-22","","tombstone update shape (push-side soft delete)","tombstone update shape (push-side soft delete) invitee cannot tombstone a PENDING invite (known limitation: only status transitions)",""
"","4","clearAll wipes outbox before sync_meta[jvm]","","2026-07-22","passed","2026-07-22","","RemoteDataResetRepositoryImplSpec[jvm]","com.georgeci.moneysurfer.sync.repository.RemoteDataResetRepositoryImplSpec",""
"","3","missing workspace root document is not counted and does not fail the pull[jvm]","","2026-07-22","passed","2026-07-22","","PullRemoteChangesUseCaseImplSpec[jvm]","com.georgeci.moneysurfer.data.sync.PullRemoteChangesUseCaseImplSpec",""
"","51","signed-in user can read a userEmails doc by exact key","","2026-07-22","passed","2026-07-22","","userEmails/{email}","userEmails/{email} signed-in user can read a userEmails doc by exact key",""
"","34","member can read another member's row (roster visibility)","","2026-07-22","passed","2026-07-22","","workspaces/{wid}/members/{uid}","workspaces/{wid}/members/{uid} member can read another member's row (roster visibility)",""
"","9","malformed -> null[jvm]","","2026-07-22","passed","2026-07-22","","TimeFormatterTest[jvm]","com.georgeci.moneysurfer.data.repository.TimeFormatterTest",""
"","28","a consistent transfer pair imports both legs[jvm]","","2026-07-21","passed","2026-07-21","","ExportImportTransactionsUseCaseTest[jvm]","com.georgeci.moneysurfer.domain.csv.ExportImportTransactionsUseCaseTest",""
"","47","getByEmail / getByTargetUserId resolve through their indexes[jvm]","","2026-07-22","passed","2026-07-22","","WorkspaceInviteRepositoryIntegrationIT[jvm]","com.georgeci.moneysurfer.integration.repository.WorkspaceInviteRepositoryIntegrationIT",""
"","4","no enqueue when not signed in to Firebase (demo session)[jvm]","","2026-07-22","passed","2026-07-22","","OutboxEnqueuerImplSpec[jvm]","com.georgeci.moneysurfer.sync.repository.OutboxEnqueuerImplSpec",""
"","109","copy with override[jvm]","","2026-07-22","passed","2026-07-22","","PendingMutationSpec[jvm]","com.georgeci.moneysurfer.sync.repository.PendingMutationSpec",""
"","1","empty set is Indefinite[jvm]","","2026-07-22","passed","2026-07-22","","NetworkWaitModeSpec[jvm]","com.georgeci.moneysurfer.sync.network.NetworkWaitModeSpec",""
"","65","first-time user creates remote doc and returns FirstTime[jvm]","","2026-07-21","passed","2026-07-21","","PostAuthBootstrapUseCaseTest[jvm]","com.georgeci.moneysurfer.domain.usecase.PostAuthBootstrapUseCaseTest",""
"","23","addWorkspaceRef fires with the new workspace id so users/{uid}.workspaceIds is filled[jvm]","","2026-07-21","passed","2026-07-21","","CreateWorkspaceUseCaseTest[jvm]","com.georgeci.moneysurfer.domain.usecase.CreateWorkspaceUseCaseTest",""
"","6","blank -> null[jvm]","","2026-07-22","passed","2026-07-22","","TimeFormatterTest[jvm]","com.georgeci.moneysurfer.data.repository.TimeFormatterTest",""
"","16","update bumps updatedAt and enqueues UPDATE[jvm]","","2026-07-22","passed","2026-07-22","","WorkspaceMemberRepositoryDualWriteSpec[jvm]","com.georgeci.moneysurfer.data.repository.WorkspaceMemberRepositoryDualWriteSpec",""
"","13","pending returns empty when queue is empty[jvm]","","2026-07-22","passed","2026-07-22","","PendingMutationQueueImplSpec[jvm]","com.georgeci.moneysurfer.data.sync.PendingMutationQueueImplSpec",""
"","21","toScope maps each reason[jvm]","","2026-07-22","passed","2026-07-22","","SyncScopeSpec[jvm]","com.georgeci.moneysurfer.sync.api.SyncScopeSpec",""
"","3","all counters compose into one summary[jvm]","","2026-07-22","passed","2026-07-22","","SyncSummaryBuilderSpec[jvm]","com.georgeci.moneysurfer.sync.api.SyncSummaryBuilderSpec",""
"","11","tolerates DECLINED/CANCELLED past invites for the email[jvm]","","2026-07-21","passed","2026-07-21","","SendInviteUseCaseTest[jvm]","com.georgeci.moneysurfer.domain.usecase.SendInviteUseCaseTest",""
"","2","rejects when target is not a member[jvm]","","2026-07-21","passed","2026-07-21","","RemoveMemberUseCaseTest[jvm]","com.georgeci.moneysurfer.domain.usecase.RemoveMemberUseCaseTest",""
"","2","arithmetic within the domain cap stays exact[jvm]","","2026-07-21","passed","2026-07-21","","MoneyTest[jvm]","com.georgeci.moneysurfer.domain.primitives.MoneyTest",""
"","0","'.5' -> '.5'[jvm]","","2026-07-22","passed","2026-07-22","","AmountInputTransformationTest[jvm]","com.georgeci.moneysurfer.utils.AmountInputTransformationTest",""
"","16","an empty file fails the whole import[jvm]","","2026-07-21","passed","2026-07-21","","ExportImportTransactionsUseCaseTest[jvm]","com.georgeci.moneysurfer.domain.csv.ExportImportTransactionsUseCaseTest",""
"","54","member can create + read in transactions","","2026-07-22","passed","2026-07-22","","member-gated entities (smoke for the rest)","member-gated entities (smoke for the rest) member can create + read in transactions",""
"","90","EXPENSE creation persists row and decreases account balance by amount[jvm]","","2026-07-22","passed","2026-07-22","","TransactionCreationIntegrationIT[jvm]","com.georgeci.moneysurfer.integration.repository.TransactionCreationIntegrationIT",""
"","24","schema-version mismatch surfaces SchemaMismatch[jvm]","","2026-07-22","passed","2026-07-22","","BackupImporterImplJvmTest[jvm]","com.georgeci.moneysurfer.data.backup.BackupImporterImplJvmTest",""
"","4","fromMajor that overflows Long throws instead of wrapping[jvm]","","2026-07-21","passed","2026-07-21","","MoneyTest[jvm]","com.georgeci.moneysurfer.domain.primitives.MoneyTest",""
"","5","ids are unique across mutations[jvm]","","2026-07-22","passed","2026-07-22","","OutboxEnqueuerSpec[jvm]","com.georgeci.moneysurfer.data.sync.OutboxEnqueuerSpec",""
"","33","localized composeResources string files are discovered[jvm]","","2026-07-22","passed","2026-07-22","","StringResourceParityTest[jvm]","com.georgeci.moneysurfer.utils.StringResourceParityTest",""
"","7","PullingCollection title carries collection name[jvm]","","2026-07-22","passed","2026-07-22","","SyncStepSpec[jvm]","com.georgeci.moneysurfer.sync.api.SyncStepSpec",""
"","3738","encrypted export advertises the scheme and hides the data entries[jvm]","","2026-07-22","passed","2026-07-22","","BackupEncryptedRoundTripJvmTest[jvm]","com.georgeci.moneysurfer.data.backup.BackupEncryptedRoundTripJvmTest",""
"","0","epochMillis=-1000[jvm]","","2026-07-22","passed","2026-07-22","","TimeFormatterTest[jvm]","com.georgeci.moneysurfer.data.repository.TimeFormatterTest",""
"","30","pushes to Firestore and updates user ref + default when Firebase uid present[jvm]","","2026-07-21","passed","2026-07-21","","CreateWorkspaceUseCaseTest[jvm]","com.georgeci.moneysurfer.domain.usecase.CreateWorkspaceUseCaseTest",""
"","6","enqueueUpsert rejects DELETE — must call enqueueDelete instead[jvm]","","2026-07-22","passed","2026-07-22","","OutboxEnqueuerImplSpec[jvm]","com.georgeci.moneysurfer.sync.repository.OutboxEnqueuerImplSpec",""
"","2","SimpleCancelToken cancel flips state[jvm]","","2026-07-22","passed","2026-07-22","","SyncCancelTokenSpec[jvm]","com.georgeci.moneysurfer.sync.api.SyncCancelTokenSpec",""
"","45","invited user CAN self-create when the doc points at their PENDING invite","","2026-07-22","passed","2026-07-22","","workspaces/{wid}/members/{uid}","workspaces/{wid}/members/{uid} invited user CAN self-create when the doc points at their PENDING invite",""
"","3","default newRequestId factory generates uuid-shaped ids[jvm]","","2026-07-22","passed","2026-07-22","","SyncCoordinatorImplBranchSpec[jvm]","com.georgeci.moneysurfer.sync.coordinator.SyncCoordinatorImplBranchSpec",""
"","5","enqueueUpsert is a no-op when app version is Unsupported[jvm]","","2026-07-22","passed","2026-07-22","","OutboxEnqueuerSpec[jvm]","com.georgeci.moneysurfer.data.sync.OutboxEnqueuerSpec",""
"","17","a transfer pair with one invalid leg does not import the surviving half[jvm]","","2026-07-21","passed","2026-07-21","","ExportImportTransactionsUseCaseTest[jvm]","com.georgeci.moneysurfer.domain.csv.ExportImportTransactionsUseCaseTest",""
"","6","PUSH_INVITES sits between PUSH_MEMBERS and PUSH_ACCOUNTS[jvm]","","2026-07-21","passed","2026-07-21","","SyncStepOrderTest[jvm]","com.georgeci.moneysurfer.domain.model.SyncStepOrderTest",""
"","7","onSyncCompleted formats counts[jvm]","","2026-07-22","passed","2026-07-22","","KermitSyncTelemetrySpec[jvm]","com.georgeci.moneysurfer.sync.internal.telemetry.KermitSyncTelemetrySpec",""
"","18","list across all workspaces is denied — workspace get/list both gated by isMember","","2026-07-22","passed","2026-07-22","","workspaces/{wid}","workspaces/{wid} list across all workspaces is denied — workspace get/list both gated by isMember",""
"","35","deleting a transaction then re-applying it restores the row and the balance[jvm]","","2026-07-22","passed","2026-07-22","","DeleteUndoIntegrationIT[jvm]","com.georgeci.moneysurfer.integration.repository.DeleteUndoIntegrationIT",""
"","37","accepts a correctly-typed transaction","","2026-07-22","passed","2026-07-22","","entity write-shape validation (issue #156)","entity write-shape validation (issue #156) accepts a correctly-typed transaction",""
"","78","member can create","","2026-07-22","passed","2026-07-22","","member-gated entities (accounts)","member-gated entities (accounts) member can create",""
"","394","a single flipped ciphertext byte fails the MAC[jvm]","","2026-07-22","passed","2026-07-22","","EncryptedBackupCodecTest[jvm]","com.georgeci.moneysurfer.data.backup.EncryptedBackupCodecTest",""
"","23","plus that overflows Long throws instead of wrapping[jvm]","","2026-07-21","passed","2026-07-21","","MoneyTest[jvm]","com.georgeci.moneysurfer.domain.primitives.MoneyTest",""
"","90","same-currency transfer creates two legs sharing transferId, EXPENSE on source and INCOME on destination[jvm]","","2026-07-22","passed","2026-07-22","","TransferCreationIntegrationIT[jvm]","com.georgeci.moneysurfer.integration.repository.TransferCreationIntegrationIT",""
"","8","onSyncStarted runs without error[jvm]","","2026-07-22","passed","2026-07-22","","KermitSyncTelemetrySpec[jvm]","com.georgeci.moneysurfer.sync.internal.telemetry.KermitSyncTelemetrySpec",""
"","3","onStepEntered handles every SyncStep variant including parameterised ones[jvm]","","2026-07-22","passed","2026-07-22","","KermitSyncTelemetrySpec[jvm]","com.georgeci.moneysurfer.sync.internal.telemetry.KermitSyncTelemetrySpec",""
"","34","Either.Left(Cancelled) returned from upload completes as cancelled[jvm]","","2026-07-22","passed","2026-07-22","","SyncCoordinatorImplBranchSpec[jvm]","com.georgeci.moneysurfer.sync.coordinator.SyncCoordinatorImplBranchSpec",""
"","3","reader rejects truncated entry body[jvm]","","2026-07-22","passed","2026-07-22","","ZipStoredCodecTest[jvm]","com.georgeci.moneysurfer.data.backup.ZipStoredCodecTest",""
"","4","every SyncScope variant currently uses null workspace filter (cross-workspace push)[jvm]","","2026-07-22","passed","2026-07-22","","PendingMutationQueueImplSpec[jvm]","com.georgeci.moneysurfer.sync.internal.repository.PendingMutationQueueImplSpec",""
"","8","workspace root document is applied before subcollection plugins[jvm]","","2026-07-22","passed","2026-07-22","","PullRemoteChangesUseCaseImplSpec[jvm]","com.georgeci.moneysurfer.data.sync.PullRemoteChangesUseCaseImplSpec",""
"","42","UnsupportedAppVersion preserves message and is not retryable[jvm]","","2026-07-22","passed","2026-07-22","","SyncErrorSpec[jvm]","com.georgeci.moneysurfer.sync.api.SyncErrorSpec",""
"","1","ProjectionSummary carries the recalculated count[jvm]","","2026-07-22","passed","2026-07-22","","ProjectionSpec[jvm]","com.georgeci.moneysurfer.sync.projection.ProjectionSpec",""
"","4","rejects same-account transfer[jvm]","","2026-07-21","passed","2026-07-21","","CreateTransferUseCaseTest[jvm]","com.georgeci.moneysurfer.domain.usecase.CreateTransferUseCaseTest",""
"","4","update amount expense 100 → 150 produces -50 delta[jvm]","","2026-07-21","passed","2026-07-21","","CalculateBalanceDeltaTest[jvm]","com.georgeci.moneysurfer.domain.model.CalculateBalanceDeltaTest",""
"","10","cancellation mid-batch completes the pushed prefix and re-queues the rest as cancelled[jvm]","","2026-07-22","passed","2026-07-22","","UploadPendingChangesUseCaseImplSpec[jvm]","com.georgeci.moneysurfer.data.sync.UploadPendingChangesUseCaseImplSpec",""
"","54","invited user CAN self-create via an email-only invite (legacy, no targetUserId)","","2026-07-22","passed","2026-07-22","","workspaces/{wid}/members/{uid}","workspaces/{wid}/members/{uid} invited user CAN self-create via an email-only invite (legacy, no targetUserId)",""
"","3","isEnabled is true when signed in and gate allows[jvm]","","2026-07-22","passed","2026-07-22","","OutboxEnqueuerImplSpec[jvm]","com.georgeci.moneysurfer.sync.repository.OutboxEnqueuerImplSpec",""
"","205","UploadOnly scope pulls nothing[jvm]","","2026-07-22","passed","2026-07-22","","PullRemoteChangesUseCaseImplSpec[jvm]","com.georgeci.moneysurfer.data.sync.PullRemoteChangesUseCaseImplSpec",""
"","5","epoch zero stored as blank resolves to 1970-01-01[jvm]","","2026-07-22","passed","2026-07-22","","ResolveLegacyOperationDateTest[jvm]","com.georgeci.moneysurfer.data.repository.ResolveLegacyOperationDateTest",""
"","28","user cannot map a foreign uid to their own email","","2026-07-22","passed","2026-07-22","","userEmails/{email}","userEmails/{email} user cannot map a foreign uid to their own email",""
"","8","negating Long.MIN_VALUE throws instead of wrapping back to itself[jvm]","","2026-07-21","passed","2026-07-21","","MoneyTest[jvm]","com.georgeci.moneysurfer.domain.primitives.MoneyTest",""
"","6","an already REMOVED member row is left untouched[jvm]","","2026-07-22","passed","2026-07-22","","UserAccountDeletionRepositoryImplTest[jvm]","com.georgeci.moneysurfer.data.repository.UserAccountDeletionRepositoryImplTest",""
"","13","restore flips archived flag back[jvm]","","2026-07-21","passed","2026-07-21","","ArchiveAccountUseCaseTest[jvm]","com.georgeci.moneysurfer.domain.usecase.ArchiveAccountUseCaseTest",""
"","15","does not create a second workspace when one is already pinned[jvm]","","2026-07-21","passed","2026-07-21","","SeedDefaultsUseCaseTest[jvm]","com.georgeci.moneysurfer.domain.usecase.SeedDefaultsUseCaseTest",""
"","34","member cannot tombstone another member's row","","2026-07-22","passed","2026-07-22","","tombstone update shape (push-side soft delete)","tombstone update shape (push-side soft delete) member cannot tombstone another member's row",""
"","30","create blocked when clientVersionCode is below floor (0)","","2026-07-22","passed","2026-07-22","","member-gated entities (accounts)","member-gated entities (accounts) create blocked when clientVersionCode is below floor (0)",""
"","32","accepts a minimal account (default-valued fields omitted)","","2026-07-22","passed","2026-07-22","","entity write-shape validation (issue #156)","entity write-shape validation (issue #156) accepts a minimal account (default-valued fields omitted)",""
"","2","schedulePeriodic uses default constraints when none supplied[jvm]","","2026-07-22","passed","2026-07-22","","BackgroundSyncSchedulerSpec[jvm]","com.georgeci.moneysurfer.sync.scheduler.BackgroundSyncSchedulerSpec",""
"","12","Running carries id, reasons, scope, currentStep[jvm]","","2026-07-22","passed","2026-07-22","","SyncStateSpec[jvm]","com.georgeci.moneysurfer.sync.api.SyncStateSpec",""
"","13","setCursor preserves earlier markAttempt / markSuccess timestamps[jvm]","","2026-07-22","passed","2026-07-22","","SyncMetaRepositoryImplSpec[jvm]","com.georgeci.moneysurfer.data.sync.SyncMetaRepositoryImplSpec",""
"","15","trims name and description before insert[jvm]","","2026-07-21","passed","2026-07-21","","CreateWorkspaceUseCaseTest[jvm]","com.georgeci.moneysurfer.domain.usecase.CreateWorkspaceUseCaseTest",""
"","64","client cannot write app config (Console-only)","","2026-07-22","passed","2026-07-22","","appConfig/{docId}","appConfig/{docId} client cannot write app config (Console-only)",""
"","2","mergeScope picks widest — AllUserData dominates[jvm]","","2026-07-22","passed","2026-07-22","","SyncScopeSpec[jvm]","com.georgeci.moneysurfer.sync.api.SyncScopeSpec",""
"","3201","app module graph resolves()[jvm]","","2026-07-22","passed","2026-07-22","","KoinModuleVerificationTest[jvm]","com.georgeci.moneysurfer.di.KoinModuleVerificationTest",""
"","1","onSyncStarted is callable[jvm]","","2026-07-22","passed","2026-07-22","","SyncTelemetryNoOpSpec[jvm]","com.georgeci.moneysurfer.sync.telemetry.SyncTelemetryNoOpSpec",""
"","9","EmulatorClientSmokeSpec[jvm]","","2026-07-22","passed","2026-07-22","","Gradle Test Run :sync-surfer:jvmTest[jvm]","Gradle Test Run :sync-surfer:jvmTest",""
"","17","writes local pointer and skips remote when no Firebase uid[jvm]","","2026-07-21","passed","2026-07-21","","SelectWorkspaceUseCaseTest[jvm]","com.georgeci.moneysurfer.domain.usecase.SelectWorkspaceUseCaseTest",""
"","3","build returns zeros by default[jvm]","","2026-07-22","passed","2026-07-22","","SyncSummaryBuilderSpec[jvm]","com.georgeci.moneysurfer.sync.api.SyncSummaryBuilderSpec",""
"","20","markLeft soft-deletes: status LEFT, leftAt set, enqueues UPDATE[jvm]","","2026-07-22","passed","2026-07-22","","WorkspaceMemberRepositoryDualWriteSpec[jvm]","com.georgeci.moneysurfer.data.repository.WorkspaceMemberRepositoryDualWriteSpec",""
"","22","no remote calls when no Firebase uid (demo session)[jvm]","","2026-07-21","passed","2026-07-21","","CreateWorkspaceUseCaseTest[jvm]","com.georgeci.moneysurfer.domain.usecase.CreateWorkspaceUseCaseTest",""
"","24","stranger cannot transition someone else's invite","","2026-07-22","passed","2026-07-22","","invites — update / delete","invites — update / delete stranger cannot transition someone else's invite",""
"","458","encrypted import without a passphrase surfaces PassphraseRequired[jvm]","","2026-07-22","passed","2026-07-22","","BackupEncryptedRoundTripJvmTest[jvm]","com.georgeci.moneysurfer.data.backup.BackupEncryptedRoundTripJvmTest",""
"","1","SyncMeta carries cursor and timestamps[jvm]","","2026-07-22","passed","2026-07-22","","SyncMetaRepositorySpec[jvm]","com.georgeci.moneysurfer.sync.repository.SyncMetaRepositorySpec",""
"","42","a stale workspace ref that denies access is skipped, deletion still completes[jvm]","","2026-07-22","passed","2026-07-22","","UserAccountDeletionRepositoryImplTest[jvm]","com.georgeci.moneysurfer.data.repository.UserAccountDeletionRepositoryImplTest",""
"","2","email mapping pointing at a different uid is preserved[jvm]","","2026-07-22","passed","2026-07-22","","UserAccountDeletionRepositoryImplTest[jvm]","com.georgeci.moneysurfer.data.repository.UserAccountDeletionRepositoryImplTest",""
"","1","ProjectionScope.Workspace exposes key[jvm]","","2026-07-22","passed","2026-07-22","","ProjectionSpec[jvm]","com.georgeci.moneysurfer.sync.projection.ProjectionSpec",""
"","25","rejects an account whose numeric balance is a string","","2026-07-22","passed","2026-07-22","","entity write-shape validation (issue #156)","entity write-shape validation (issue #156) rejects an account whose numeric balance is a string",""
"","8","Cancelled title and default summary[jvm]","","2026-07-22","passed","2026-07-22","","SyncStepSpec[jvm]","com.georgeci.moneysurfer.sync.api.SyncStepSpec",""
"","28","rejects when invite is expired[jvm]","","2026-07-21","passed","2026-07-21","","AcceptInviteUseCaseTest[jvm]","com.georgeci.moneysurfer.domain.usecase.AcceptInviteUseCaseTest",""
"","9","wipes Room and clears flag when hasUsedDemo is true[jvm]","","2026-07-21","passed","2026-07-21","","WipeDemoDataUseCaseSpec[jvm]","com.georgeci.moneysurfer.domain.usecase.WipeDemoDataUseCaseSpec",""
"","13","manifest declaring a missing file surfaces MissingFile[jvm]","","2026-07-22","passed","2026-07-22","","BackupImporterImplJvmTest[jvm]","com.georgeci.moneysurfer.data.backup.BackupImporterImplJvmTest",""
"","25","owner can hard-delete an invite (account-deletion purge)","","2026-07-22","passed","2026-07-22","","invites — update / delete","invites — update / delete owner can hard-delete an invite (account-deletion purge)",""
"","37","results keep the newest-first ordering of the list queries[jvm]","","2026-07-22","passed","2026-07-22","","TransactionFtsIntegrationIT[jvm]","com.georgeci.moneysurfer.integration.repository.TransactionFtsIntegrationIT",""
"","5","actual → planned unwinds impact[jvm]","","2026-07-21","passed","2026-07-21","","ApplyTransactionChangeUseCaseTest[jvm]","com.georgeci.moneysurfer.domain.usecase.ApplyTransactionChangeUseCaseTest",""
"","4","Unsupported app version short-circuits the sync with UnsupportedAppVersion[jvm]","","2026-07-22","passed","2026-07-22","","SyncCoordinatorImplSpec[jvm]","com.georgeci.moneysurfer.sync.coordinator.SyncCoordinatorImplSpec",""
"","242","no-such-user (FIRAuth 17011) classifies as InvalidCredentials[jvm]","","2026-07-22","passed","2026-07-22","","AuthErrorClassificationTest[jvm]","com.georgeci.moneysurfer.data.repository.AuthErrorClassificationTest",""
"","129","failed push keeps the mutation pending with bumped attempts and a retry drains it[jvm]","","2026-07-22","passed","2026-07-22","","WorkspaceCreationSyncIntegrationIT[jvm]","com.georgeci.moneysurfer.integration.sync.WorkspaceCreationSyncIntegrationIT",""
"","12","unparseable operation instant is rejected as invalid operation_at[jvm]","","2026-07-21","passed","2026-07-21","","TransactionCsvCodecTest[jvm]","com.georgeci.moneysurfer.domain.csv.TransactionCsvCodecTest",""
"","559","export writes a header plus one record per transaction and returns the count[jvm]","","2026-07-21","passed","2026-07-21","","ExportImportTransactionsUseCaseTest[jvm]","com.georgeci.moneysurfer.domain.csv.ExportImportTransactionsUseCaseTest",""
"","9","stamps targetUserId from userEmails mapping[jvm]","","2026-07-21","passed","2026-07-21","","SendInviteUseCaseTest[jvm]","com.georgeci.moneysurfer.domain.usecase.SendInviteUseCaseTest",""
"","20","non-owner member cannot update workspace metadata","","2026-07-22","passed","2026-07-22","","workspaces/{wid}","workspaces/{wid} non-owner member cannot update workspace metadata",""
"","16","markInFlight excludes rows from pending() but markFailed brings them back[jvm]","","2026-07-22","passed","2026-07-22","","PendingMutationQueueIntegrationIT[jvm]","com.georgeci.moneysurfer.integration.sync.PendingMutationQueueIntegrationIT",""
"","43","non-member cannot create","","2026-07-22","passed","2026-07-22","","member-gated entities (accounts)","member-gated entities (accounts) non-member cannot create",""
"","0","iso=2026-05-05[jvm]","","2026-07-22","passed","2026-07-22","","TimeFormatterTest[jvm]","com.georgeci.moneysurfer.data.repository.TimeFormatterTest",""
"","5","times by zero is zero even for an out-of-cap magnitude[jvm]","","2026-07-21","passed","2026-07-21","","MoneyTest[jvm]","com.georgeci.moneysurfer.domain.primitives.MoneyTest",""
"","6","dangerous notes survive a full CSV round-trip unchanged[jvm]","","2026-07-21","passed","2026-07-21","","TransactionCsvCodecTest[jvm]","com.georgeci.moneysurfer.domain.csv.TransactionCsvCodecTest",""
"","22","member can tombstone their own row (self-leave: role and status unchanged)","","2026-07-22","passed","2026-07-22","","tombstone update shape (push-side soft delete)","tombstone update shape (push-side soft delete) member can tombstone their own row (self-leave: role and status unchanged)",""
"","6","SyncHandleStatus.Completed carries summary[jvm]","","2026-07-22","passed","2026-07-22","","SyncStateSpec[jvm]","com.georgeci.moneysurfer.sync.api.SyncStateSpec",""
"","1","DEFAULT_BATCH_LIMIT is 100[jvm]","","2026-07-22","passed","2026-07-22","","PendingMutationQueueSpec[jvm]","com.georgeci.moneysurfer.sync.repository.PendingMutationQueueSpec",""
"","1","addRecalculated accumulates recalculatedCount[jvm]","","2026-07-22","passed","2026-07-22","","SyncSummaryBuilderSpec[jvm]","com.georgeci.moneysurfer.sync.api.SyncSummaryBuilderSpec",""
"","7","rejects when removing the last OWNER[jvm]","","2026-07-21","passed","2026-07-21","","RemoveMemberUseCaseTest[jvm]","com.georgeci.moneysurfer.domain.usecase.RemoveMemberUseCaseTest",""
"","4","abs(money) handles legacy signed expense correctly[jvm]","","2026-07-21","passed","2026-07-21","","PeriodTotalsTest[jvm]","com.georgeci.moneysurfer.domain.model.PeriodTotalsTest",""
"","33","matches a whole word in the middle of a note[jvm]","","2026-07-22","passed","2026-07-22","","TransactionFtsIntegrationIT[jvm]","com.georgeci.moneysurfer.integration.repository.TransactionFtsIntegrationIT",""
"","13","amount_minor beyond the domain cap is rejected as invalid amount_minor[jvm]","","2026-07-21","passed","2026-07-21","","TransactionCsvCodecTest[jvm]","com.georgeci.moneysurfer.domain.csv.TransactionCsvCodecTest",""
"","1","delegate constructor preserves the supplied context[jvm]","","2026-07-22","passed","2026-07-22","","ApplicationScopeSpec[jvm]","com.georgeci.moneysurfer.sync.runtime.ApplicationScopeSpec",""
"","28","pushAll failure surfaces as RemoteSyncFailed and skips addRef + pin[jvm]","","2026-07-21","passed","2026-07-21","","CreateWorkspaceUseCaseTest[jvm]","com.georgeci.moneysurfer.domain.usecase.CreateWorkspaceUseCaseTest",""
"","62","member can create + read in budgets","","2026-07-22","passed","2026-07-22","","member-gated entities (smoke for the rest)","member-gated entities (smoke for the rest) member can create + read in budgets",""
"","7","rejects when email already an active member[jvm]","","2026-07-21","passed","2026-07-21","","SendInviteUseCaseTest[jvm]","com.georgeci.moneysurfer.domain.usecase.SendInviteUseCaseTest",""
"","1","PULL_MEMBERS sits between PULL_WORKSPACE and PULL_INVITES[jvm]","","2026-07-21","passed","2026-07-21","","SyncStepOrderTest[jvm]","com.georgeci.moneysurfer.domain.model.SyncStepOrderTest",""
"","8","rejects when a PENDING invite for the email already exists[jvm]","","2026-07-21","passed","2026-07-21","","SendInviteUseCaseTest[jvm]","com.georgeci.moneysurfer.domain.usecase.SendInviteUseCaseTest",""
"","55","relaunch is idempotent — no duplicate workspace or Cash account[jvm]","","2026-07-22","passed","2026-07-22","","OfflineFirstRunSeederTest[jvm]","com.georgeci.moneysurfer.offline.firstrun.OfflineFirstRunSeederTest",""
"","34","rejects a poison update of an existing account (balance as string)","","2026-07-22","passed","2026-07-22","","entity write-shape validation (issue #156)","entity write-shape validation (issue #156) rejects a poison update of an existing account (balance as string)",""
"","538","tampering with the sealed payload surfaces WrongPassphrase[jvm]","","2026-07-22","passed","2026-07-22","","BackupEncryptedRoundTripJvmTest[jvm]","com.georgeci.moneysurfer.data.backup.BackupEncryptedRoundTripJvmTest",""
"","24","a transfer leg pairs with its duplicate counterpart already in the database[jvm]","","2026-07-21","passed","2026-07-21","","ExportImportTransactionsUseCaseTest[jvm]","com.georgeci.moneysurfer.domain.csv.ExportImportTransactionsUseCaseTest",""
"","4","valid ISO -> LocalDate[jvm]","","2026-07-22","passed","2026-07-22","","TimeFormatterTest[jvm]","com.georgeci.moneysurfer.data.repository.TimeFormatterTest",""
"","3","Completed title[jvm]","","2026-07-22","passed","2026-07-22","","SyncStepSpec[jvm]","com.georgeci.moneysurfer.sync.api.SyncStepSpec",""
"","36","insert writes both DAO and outbox when signed in[jvm]","","2026-07-22","passed","2026-07-22","","WorkspaceMemberRepositoryDualWriteSpec[jvm]","com.georgeci.moneysurfer.data.repository.WorkspaceMemberRepositoryDualWriteSpec",""
"","5","invited-workspaces phase is skipped without a Firebase uid[jvm]","","2026-07-22","passed","2026-07-22","","PullRemoteChangesUseCaseImplSpec[jvm]","com.georgeci.moneysurfer.data.sync.PullRemoteChangesUseCaseImplSpec",""
"","7","cancelCurrent with no running sync is a no-op[jvm]","","2026-07-22","passed","2026-07-22","","SyncCoordinatorImplBranchSpec[jvm]","com.georgeci.moneysurfer.sync.coordinator.SyncCoordinatorImplBranchSpec",""
"","28","ActiveWorkspace pulls only the current workspace even when the provider knows more[jvm]","","2026-07-22","passed","2026-07-22","","PullRemoteChangesUseCaseImplSpec[jvm]","com.georgeci.moneysurfer.data.sync.PullRemoteChangesUseCaseImplSpec",""
"","31","operator keywords and quotes from user input do not break MATCH[jvm]","","2026-07-22","passed","2026-07-22","","TransactionFtsIntegrationIT[jvm]","com.georgeci.moneysurfer.integration.repository.TransactionFtsIntegrationIT",""
"","35","thrown Throwable from upload becomes SyncError.Unknown[jvm]","","2026-07-22","passed","2026-07-22","","SyncCoordinatorImplBranchSpec[jvm]","com.georgeci.moneysurfer.sync.coordinator.SyncCoordinatorImplBranchSpec",""
"","2","ProjectionSummary copy preserves equality semantics[jvm]","","2026-07-22","passed","2026-07-22","","ProjectionSpec[jvm]","com.georgeci.moneysurfer.sync.projection.ProjectionSpec",""
"","44","import skips rows whose id already exists locally[jvm]","","2026-07-21","passed","2026-07-21","","ExportImportTransactionsUseCaseTest[jvm]","com.georgeci.moneysurfer.domain.csv.ExportImportTransactionsUseCaseTest",""
"","1","non-null pass-through[jvm]","","2026-07-22","passed","2026-07-22","","TimeFormatterTest[jvm]","com.georgeci.moneysurfer.data.repository.TimeFormatterTest",""
"","13","income and expense aggregate separately[jvm]","","2026-07-21","passed","2026-07-21","","PeriodTotalsTest[jvm]","com.georgeci.moneysurfer.domain.model.PeriodTotalsTest",""
"","1","'abc' (letters)[jvm]","","2026-07-22","passed","2026-07-22","","AmountInputTransformationTest[jvm]","com.georgeci.moneysurfer.utils.AmountInputTransformationTest",""
"","0","'1.999' (three decimal digits)[jvm]","","2026-07-22","passed","2026-07-22","","AmountInputTransformationTest[jvm]","com.georgeci.moneysurfer.utils.AmountInputTransformationTest",""
"","16","enqueue persists a row with PENDING status[jvm]","","2026-07-22","passed","2026-07-22","","PendingMutationQueueImplSpec[jvm]","com.georgeci.moneysurfer.data.sync.PendingMutationQueueImplSpec",""
"","54","transaction stores its own currencyCode independent of the account's currency[jvm]","","2026-07-22","passed","2026-07-22","","TransactionCreationIntegrationIT[jvm]","com.georgeci.moneysurfer.integration.repository.TransactionCreationIntegrationIT",""
"","25","handle cancel on the only running request cancels the worker job[jvm]","","2026-07-22","passed","2026-07-22","","SyncCoordinatorImplBranchSpec[jvm]","com.georgeci.moneysurfer.sync.coordinator.SyncCoordinatorImplBranchSpec",""
"","45","a row whose account belongs to a different workspace is rejected[jvm]","","2026-07-21","passed","2026-07-21","","ExportImportTransactionsUseCaseTest[jvm]","com.georgeci.moneysurfer.domain.csv.ExportImportTransactionsUseCaseTest",""
"","122","first sync hydrates the new workspace root before its subcollections[jvm]","","2026-07-22","passed","2026-07-22","","NewWorkspacePullIntegrationIT[jvm]","com.georgeci.moneysurfer.integration.sync.NewWorkspacePullIntegrationIT",""
"","5","email-already-in-use classifies as EmailAlreadyInUse[jvm]","","2026-07-22","passed","2026-07-22","","AuthErrorClassificationTest[jvm]","com.georgeci.moneysurfer.data.repository.AuthErrorClassificationTest",""
"","46","owner can remove entries from their own invitedWorkspaceIds","","2026-07-22","passed","2026-07-22","","users/{uid} — invitedWorkspaceIds cross-user append","users/{uid} — invitedWorkspaceIds cross-user append owner can remove entries from their own invitedWorkspaceIds",""
"","12","redactEmail masks local part and domain but keeps a correlation hint[jvm]","","2026-07-21","passed","2026-07-21","","PiiRedactionTest[jvm]","com.georgeci.moneysurfer.domain.logging.PiiRedactionTest",""
"","4","CompositeCancelToken cancelled when all children cancelled[jvm]","","2026-07-22","passed","2026-07-22","","SyncCancelTokenSpec[jvm]","com.georgeci.moneysurfer.sync.api.SyncCancelTokenSpec",""
"","4","Supported app version lets the sync run normally[jvm]","","2026-07-22","passed","2026-07-22","","SyncCoordinatorImplSpec[jvm]","com.georgeci.moneysurfer.sync.coordinator.SyncCoordinatorImplSpec",""
"","10","planned transaction contributes nothing[jvm]","","2026-07-21","passed","2026-07-21","","BalanceImpactTest[jvm]","com.georgeci.moneysurfer.domain.model.BalanceImpactTest",""
"","61","updates the workspace baseCurrency column in Room[jvm]","","2026-07-22","passed","2026-07-22","","WorkspaceCurrencyIntegrationIT[jvm]","com.georgeci.moneysurfer.integration.repository.WorkspaceCurrencyIntegrationIT",""
"","27","markDeclined transitions status to DECLINED[jvm]","","2026-07-22","passed","2026-07-22","","WorkspaceInviteRepositoryDualWriteSpec[jvm]","com.georgeci.moneysurfer.data.repository.WorkspaceInviteRepositoryDualWriteSpec",""
"","1","anonymous flow (null password) skips re-auth[jvm]","","2026-07-21","passed","2026-07-21","","DeleteUserAccountUseCaseTest[jvm]","com.georgeci.moneysurfer.domain.usecase.DeleteUserAccountUseCaseTest",""
"","3","reason mapping for user-initiated reasons is Indefinite[jvm]","","2026-07-22","passed","2026-07-22","","NetworkWaitModeSpec[jvm]","com.georgeci.moneysurfer.sync.network.NetworkWaitModeSpec",""
"","4","running state emits step progression and reaches Completed[jvm]","","2026-07-22","passed","2026-07-22","","SyncCoordinatorImplSpec[jvm]","com.georgeci.moneysurfer.sync.coordinator.SyncCoordinatorImplSpec",""
"","4","PermissionDenied is not retryable[jvm]","","2026-07-22","passed","2026-07-22","","SyncErrorSpec[jvm]","com.georgeci.moneysurfer.sync.api.SyncErrorSpec",""
"","16","awaitNetwork bounded timeout fails with NetworkUnavailable[jvm]","","2026-07-22","passed","2026-07-22","","SyncCoordinatorImplSpec[jvm]","com.georgeci.moneysurfer.sync.coordinator.SyncCoordinatorImplSpec",""
"","38","AND-s multiple tokens[jvm]","","2026-07-22","passed","2026-07-22","","TransactionFtsIntegrationIT[jvm]","com.georgeci.moneysurfer.integration.repository.TransactionFtsIntegrationIT",""
"","1","ConflictMetadata exposes its fields[jvm]","","2026-07-22","passed","2026-07-22","","ConflictResolverSpec[jvm]","com.georgeci.moneysurfer.sync.repository.ConflictResolverSpec",""
"","632","inserts account with USD and round-trips currency + balance[jvm]","","2026-07-22","passed","2026-07-22","","AccountCreationIntegrationIT[jvm]","com.georgeci.moneysurfer.integration.repository.AccountCreationIntegrationIT",""
"","8","remote cleanup failure keeps the local session so the user can retry[jvm]","","2026-07-21","passed","2026-07-21","","DeleteUserAccountUseCaseTest[jvm]","com.georgeci.moneysurfer.domain.usecase.DeleteUserAccountUseCaseTest",""
"","2","redactUid fully masks short values[jvm]","","2026-07-21","passed","2026-07-21","","PiiRedactionTest[jvm]","com.georgeci.moneysurfer.domain.logging.PiiRedactionTest",""
"","20","ActiveWorkspace scope pulls the workspace pinned in the session[jvm]","","2026-07-22","passed","2026-07-22","","NewWorkspacePullIntegrationIT[jvm]","com.georgeci.moneysurfer.integration.sync.NewWorkspacePullIntegrationIT",""
"","1156","upsert (new) writes both DAO and outbox as INSERT when signed in[jvm]","","2026-07-22","passed","2026-07-22","","WorkspaceInviteRepositoryDualWriteSpec[jvm]","com.georgeci.moneysurfer.data.repository.WorkspaceInviteRepositoryDualWriteSpec",""
"","16","appends a prefix wildcard to every token[jvm]","","2026-07-22","passed","2026-07-22","","FtsQueryTest[jvm]","com.georgeci.moneysurfer.data.db.FtsQueryTest",""
"","58","insert + getById round-trips all columns including snapshots[jvm]","","2026-07-22","passed","2026-07-22","","WorkspaceInviteRepositoryIntegrationIT[jvm]","com.georgeci.moneysurfer.integration.repository.WorkspaceInviteRepositoryIntegrationIT",""
"","35","promotes editor to owner[jvm]","","2026-07-21","passed","2026-07-21","","ChangeMemberRoleUseCaseTest[jvm]","com.georgeci.moneysurfer.domain.usecase.ChangeMemberRoleUseCaseTest",""
"","18","unauthenticated user is denied","","2026-07-22","passed","2026-07-22","","users/{uid}","users/{uid} unauthenticated user is denied",""
"","3","WaitingForNetwork title[jvm]","","2026-07-22","passed","2026-07-22","","SyncStepSpec[jvm]","com.georgeci.moneysurfer.sync.api.SyncStepSpec",""
"","4","CompositeCancelToken not cancelled when no children cancelled[jvm]","","2026-07-22","passed","2026-07-22","","SyncCancelTokenSpec[jvm]","com.georgeci.moneysurfer.sync.api.SyncCancelTokenSpec",""
"","43","pendingCount Flow reflects active row count[jvm]","","2026-07-22","passed","2026-07-22","","PendingMutationQueueIntegrationIT[jvm]","com.georgeci.moneysurfer.integration.sync.PendingMutationQueueIntegrationIT",""
"","4","delete actual income unwinds impact[jvm]","","2026-07-21","passed","2026-07-21","","CalculateBalanceDeltaTest[jvm]","com.georgeci.moneysurfer.domain.model.CalculateBalanceDeltaTest",""
"","14","format single cent[jvm]","","2026-07-21","passed","2026-07-21","","MoneyFormatterTest[jvm]","com.georgeci.moneysurfer.domain.MoneyFormatterTest",""
"","21","user CANNOT self-set status to REMOVED","","2026-07-22","passed","2026-07-22","","workspaces/{wid}/members/{uid}","workspaces/{wid}/members/{uid} user CANNOT self-set status to REMOVED",""
"","28","stranger cannot collection-group query by another user's targetUserId","","2026-07-22","passed","2026-07-22","","invites — read","invites — read stranger cannot collection-group query by another user's targetUserId",""
"","7","offline build resolves SignInFeatureConfig with only demo enabled()[jvm]","","2026-07-22","passed","2026-07-22","","OfflineSignInFeatureConfigTest[jvm]","com.georgeci.moneysurfer.offline.di.OfflineSignInFeatureConfigTest",""
"","5","offline build resolves SyncFeatureFlag disabled()[jvm]","","2026-07-22","passed","2026-07-22","","OfflineSignInFeatureConfigTest[jvm]","com.georgeci.moneysurfer.offline.di.OfflineSignInFeatureConfigTest",""
"","8","matches java.util.zip.CRC32 for empty input[jvm]","","2026-07-22","passed","2026-07-22","","Crc32JvmTest[jvm]","com.georgeci.moneysurfer.data.backup.Crc32JvmTest",""
"","20","non-owner member cannot hard-delete the workspace doc","","2026-07-22","passed","2026-07-22","","workspaces/{wid}","workspaces/{wid} non-owner member cannot hard-delete the workspace doc",""
"","1057","encrypted import with the wrong passphrase surfaces WrongPassphrase[jvm]","","2026-07-22","passed","2026-07-22","","BackupEncryptedRoundTripJvmTest[jvm]","com.georgeci.moneysurfer.data.backup.BackupEncryptedRoundTripJvmTest",""
"","8","an ordinary note is not prefixed[jvm]","","2026-07-21","passed","2026-07-21","","TransactionCsvCodecTest[jvm]","com.georgeci.moneysurfer.domain.csv.TransactionCsvCodecTest",""
"","7","'00' (double leading zero)[jvm]","","2026-07-22","passed","2026-07-22","","AmountInputTransformationTest[jvm]","com.georgeci.moneysurfer.utils.AmountInputTransformationTest",""
"","7","non-owner never purges someone else's workspace, even when alone in it[jvm]","","2026-07-22","passed","2026-07-22","","UserAccountDeletionRepositoryImplTest[jvm]","com.georgeci.moneysurfer.data.repository.UserAccountDeletionRepositoryImplTest",""
"","1","MutationOperation enumerates INSERT, UPDATE, DELETE[jvm]","","2026-07-22","passed","2026-07-22","","PendingMutationSpec[jvm]","com.georgeci.moneysurfer.sync.repository.PendingMutationSpec",""
"","3","markInFlight is a no-op for empty list[jvm]","","2026-07-22","passed","2026-07-22","","PendingMutationQueueImplSpec[jvm]","com.georgeci.moneysurfer.sync.internal.repository.PendingMutationQueueImplSpec",""
"","30","updates the workspace base currency[jvm]","","2026-07-21","passed","2026-07-21","","UpdateWorkspaceCurrencyUseCaseTest[jvm]","com.georgeci.moneysurfer.domain.usecase.UpdateWorkspaceCurrencyUseCaseTest",""
"","133","offline build resolves OfflineBuildFlags with isOffline true()[jvm]","","2026-07-22","passed","2026-07-22","","OfflineBuildFlagsTest[jvm]","com.georgeci.moneysurfer.offline.di.OfflineBuildFlagsTest",""
"","3","ChangedSinceLastSync falls back to the active workspace when the provider is empty[jvm]","","2026-07-22","passed","2026-07-22","","PullRemoteChangesUseCaseImplSpec[jvm]","com.georgeci.moneysurfer.data.sync.PullRemoteChangesUseCaseImplSpec",""
"","6","onSyncFailed branches across every SyncError variant[jvm]","","2026-07-22","passed","2026-07-22","","KermitSyncTelemetrySpec[jvm]","com.georgeci.moneysurfer.sync.internal.telemetry.KermitSyncTelemetrySpec",""
"","29","re-currencies the seeded account so the Dashboard total follows the choice[jvm]","","2026-07-22","passed","2026-07-22","","WorkspaceCurrencyIntegrationIT[jvm]","com.georgeci.moneysurfer.integration.repository.WorkspaceCurrencyIntegrationIT",""
"","12","happy path: persists PENDING invite with TTL and lowercase email[jvm]","","2026-07-21","passed","2026-07-21","","SendInviteUseCaseTest[jvm]","com.georgeci.moneysurfer.domain.usecase.SendInviteUseCaseTest",""
"","39","member can update","","2026-07-22","passed","2026-07-22","","member-gated entities (accounts)","member-gated entities (accounts) member can update",""
"","850","two seals of the same plaintext differ (fresh salt + IV)[jvm]","","2026-07-22","passed","2026-07-22","","EncryptedBackupCodecTest[jvm]","com.georgeci.moneysurfer.data.backup.EncryptedBackupCodecTest",""
"","1","fields are exposed[jvm]","","2026-07-22","passed","2026-07-22","","PendingMutationSpec[jvm]","com.georgeci.moneysurfer.sync.repository.PendingMutationSpec",""
"","31","unknown extra entry between manifest and main DB is tolerated[jvm]","","2026-07-22","passed","2026-07-22","","BackupImporterImplJvmTest[jvm]","com.georgeci.moneysurfer.data.backup.BackupImporterImplJvmTest",""
"","92","drain pushes every queued mutation through its plugin and empties the outbox[jvm]","","2026-07-22","passed","2026-07-22","","WorkspaceCreationSyncIntegrationIT[jvm]","com.georgeci.moneysurfer.integration.sync.WorkspaceCreationSyncIntegrationIT",""
"","122","format EUR with German locale[jvm]","","2026-07-21","passed","2026-07-21","","MoneyFormatterTest[jvm]","com.georgeci.moneysurfer.domain.MoneyFormatterTest",""
"","3","unparseable operation date is rejected as invalid operation_date[jvm]","","2026-07-21","passed","2026-07-21","","TransactionCsvCodecTest[jvm]","com.georgeci.moneysurfer.domain.csv.TransactionCsvCodecTest",""
"","130","export fails with BackupError.Io when the DataStore prefs file is missing[jvm]","","2026-07-22","passed","2026-07-22","","BackupExporterImplJvmTest[jvm]","com.georgeci.moneysurfer.data.backup.BackupExporterImplJvmTest",""
"","62","invited user CANNOT self-create against a CANCELLED invite","","2026-07-22","passed","2026-07-22","","workspaces/{wid}/members/{uid}","workspaces/{wid}/members/{uid} invited user CANNOT self-create against a CANCELLED invite",""
"","1","move expense from A to B unwinds A and applies B[jvm]","","2026-07-21","passed","2026-07-21","","CalculateBalanceDeltaTest[jvm]","com.georgeci.moneysurfer.domain.model.CalculateBalanceDeltaTest",""
"","31","insert + getById round-trips snapshots and timestamps[jvm]","","2026-07-22","passed","2026-07-22","","WorkspaceMemberRepositoryIntegrationIT[jvm]","com.georgeci.moneysurfer.integration.repository.WorkspaceMemberRepositoryIntegrationIT",""
"","7","expense contributes -amount on its account[jvm]","","2026-07-21","passed","2026-07-21","","BalanceImpactTest[jvm]","com.georgeci.moneysurfer.domain.model.BalanceImpactTest",""
"","1","onSyncFailed is callable[jvm]","","2026-07-22","passed","2026-07-22","","SyncTelemetryNoOpSpec[jvm]","com.georgeci.moneysurfer.sync.telemetry.SyncTelemetryNoOpSpec",""
"","21","sender cannot touch any other field alongside invitedWorkspaceIds","","2026-07-22","passed","2026-07-22","","users/{uid} — invitedWorkspaceIds cross-user append","users/{uid} — invitedWorkspaceIds cross-user append sender cannot touch any other field alongside invitedWorkspaceIds",""
"","3","observe emits empty list for a fresh workspace[jvm]","","2026-07-22","passed","2026-07-22","","SyncMetaRepositoryImplSpec[jvm]","com.georgeci.moneysurfer.sync.internal.repository.SyncMetaRepositoryImplSpec",""
"","11","restore on already-active account is a no-op success[jvm]","","2026-07-21","passed","2026-07-21","","ArchiveAccountUseCaseTest[jvm]","com.georgeci.moneysurfer.domain.usecase.ArchiveAccountUseCaseTest",""
"","24","non-invited stranger CANNOT self-create a member row","","2026-07-22","passed","2026-07-22","","workspaces/{wid}/members/{uid}","workspaces/{wid}/members/{uid} non-invited stranger CANNOT self-create a member row",""
"","1","onSyncCancelled runs without error[jvm]","","2026-07-22","passed","2026-07-22","","KermitSyncTelemetrySpec[jvm]","com.georgeci.moneysurfer.sync.internal.telemetry.KermitSyncTelemetrySpec",""
"","1","debug builds keep verbose logging[jvm]","","2026-07-21","passed","2026-07-21","","LoggingConfigTest[jvm]","com.georgeci.moneysurfer.domain.logging.LoggingConfigTest",""
"","16","empty batch keeps the cursor untouched but still marks success[jvm]","","2026-07-22","passed","2026-07-22","","PullRemoteChangesUseCaseImplSpec[jvm]","com.georgeci.moneysurfer.data.sync.PullRemoteChangesUseCaseImplSpec",""
"","13","upload progress emits UploadingEntity into running state[jvm]","","2026-07-22","passed","2026-07-22","","SyncCoordinatorImplBranchSpec[jvm]","com.georgeci.moneysurfer.sync.coordinator.SyncCoordinatorImplBranchSpec",""
"","42","invite sender can append one wid to recipient invitedWorkspaceIds","","2026-07-22","passed","2026-07-22","","users/{uid} — invitedWorkspaceIds cross-user append","users/{uid} — invitedWorkspaceIds cross-user append invite sender can append one wid to recipient invitedWorkspaceIds",""
"","7","ActiveWorkspace scope skips the invited-workspaces phase[jvm]","","2026-07-22","passed","2026-07-22","","PullRemoteChangesUseCaseImplSpec[jvm]","com.georgeci.moneysurfer.data.sync.PullRemoteChangesUseCaseImplSpec",""
"","17","a transfer leg without its pair row is rejected[jvm]","","2026-07-21","passed","2026-07-21","","ExportImportTransactionsUseCaseTest[jvm]","com.georgeci.moneysurfer.domain.csv.ExportImportTransactionsUseCaseTest",""
"","44","member can read the workspace invite roster","","2026-07-22","passed","2026-07-22","","invites — read","invites — read member can read the workspace invite roster",""
"","1","onSyncCancelled is callable[jvm]","","2026-07-22","passed","2026-07-22","","SyncTelemetryNoOpSpec[jvm]","com.georgeci.moneysurfer.sync.telemetry.SyncTelemetryNoOpSpec",""
"","38","INCOME creation persists row and increases account balance by amount[jvm]","","2026-07-22","passed","2026-07-22","","TransactionCreationIntegrationIT[jvm]","com.georgeci.moneysurfer.integration.repository.TransactionCreationIntegrationIT",""
"","31","matches a Cyrillic prefix — unicode61 tokenizer, not simple[jvm]","","2026-07-22","passed","2026-07-22","","TransactionFtsIntegrationIT[jvm]","com.georgeci.moneysurfer.integration.repository.TransactionFtsIntegrationIT",""
"","1","onSyncCompleted is callable[jvm]","","2026-07-22","passed","2026-07-22","","SyncTelemetryNoOpSpec[jvm]","com.georgeci.moneysurfer.sync.telemetry.SyncTelemetryNoOpSpec",""
"","3","markAttempt only updates the attempt column[jvm]","","2026-07-22","passed","2026-07-22","","SyncMetaRepositoryImplSpec[jvm]","com.georgeci.moneysurfer.sync.internal.repository.SyncMetaRepositoryImplSpec",""
"","10","Idle is a singleton object[jvm]","","2026-07-22","passed","2026-07-22","","SyncStateSpec[jvm]","com.georgeci.moneysurfer.sync.api.SyncStateSpec",""
"","148","owner with no other members purges the workspace, subcollections before the root doc[jvm]","","2026-07-22","passed","2026-07-22","","UserAccountDeletionRepositoryImplTest[jvm]","com.georgeci.moneysurfer.data.repository.UserAccountDeletionRepositoryImplTest",""
"","22","stranger cannot hard-delete the workspace doc","","2026-07-22","passed","2026-07-22","","workspaces/{wid}","workspaces/{wid} stranger cannot hard-delete the workspace doc",""
"","2","creates workspace, default categories, and a Cash account on first run[jvm]","","2026-07-21","passed","2026-07-21","","SeedDefaultsUseCaseTest[jvm]","com.georgeci.moneysurfer.domain.usecase.SeedDefaultsUseCaseTest",""
"","15","archive on missing account returns AccountNotFound[jvm]","","2026-07-21","passed","2026-07-21","","ArchiveAccountUseCaseTest[jvm]","com.georgeci.moneysurfer.domain.usecase.ArchiveAccountUseCaseTest",""
"","2","null category and transfer ids round-trip as empty fields[jvm]","","2026-07-21","passed","2026-07-21","","TransactionCsvCodecTest[jvm]","com.georgeci.moneysurfer.domain.csv.TransactionCsvCodecTest",""
"","11","unrecognized message returns null so the caller falls back to Unknown[jvm]","","2026-07-22","passed","2026-07-22","","AuthErrorClassificationTest[jvm]","com.georgeci.moneysurfer.data.repository.AuthErrorClassificationTest",""
"","32","markRemoved soft-deletes: status REMOVED, removedAt set, enqueues UPDATE[jvm]","","2026-07-22","passed","2026-07-22","","WorkspaceMemberRepositoryDualWriteSpec[jvm]","com.georgeci.moneysurfer.data.repository.WorkspaceMemberRepositoryDualWriteSpec",""
"","2","PullingRemoteChanges title[jvm]","","2026-07-22","passed","2026-07-22","","SyncStepSpec[jvm]","com.georgeci.moneysurfer.sync.api.SyncStepSpec",""
"","2","throwIfCancelled throws when cancelled[jvm]","","2026-07-22","passed","2026-07-22","","SyncCancelTokenSpec[jvm]","com.georgeci.moneysurfer.sync.api.SyncCancelTokenSpec",""
"","35","member can tombstone in transactions","","2026-07-22","passed","2026-07-22","","tombstone update shape (push-side soft delete)","tombstone update shape (push-side soft delete) member can tombstone in transactions",""
"","19","unauthenticated user is denied","","2026-07-22","passed","2026-07-22","","workspaces/{wid}","workspaces/{wid} unauthenticated user is denied",""
"","1","set merge picks smallest bounded timeout[jvm]","","2026-07-22","passed","2026-07-22","","NetworkWaitModeSpec[jvm]","com.georgeci.moneysurfer.sync.network.NetworkWaitModeSpec",""
"","186","cancelAllQueued with empty queue is a no-op[jvm]","","2026-07-22","passed","2026-07-22","","SyncCoordinatorImplBranchSpec[jvm]","com.georgeci.moneysurfer.sync.coordinator.SyncCoordinatorImplBranchSpec",""
"","18","repairs lagging accounts when the workspace currency already matches (retry path)[jvm]","","2026-07-21","passed","2026-07-21","","UpdateWorkspaceCurrencyUseCaseTest[jvm]","com.georgeci.moneysurfer.domain.usecase.UpdateWorkspaceCurrencyUseCaseTest",""
"","38","invitee can decline by email match (no targetUserId on doc)","","2026-07-22","passed","2026-07-22","","invites — update / delete","invites — update / delete invitee can decline by email match (no targetUserId on doc)",""
"","45","deleting a category then re-inserting it restores the row[jvm]","","2026-07-22","passed","2026-07-22","","DeleteUndoIntegrationIT[jvm]","com.georgeci.moneysurfer.integration.repository.DeleteUndoIntegrationIT",""
"","36","pending returns rows in createdAt order[jvm]","","2026-07-22","passed","2026-07-22","","PendingMutationQueueImplSpec[jvm]","com.georgeci.moneysurfer.data.sync.PendingMutationQueueImplSpec",""
"","8","existing user with empty workspaceIds returns null default and leaves pointer untouched[jvm]","","2026-07-21","passed","2026-07-21","","PostAuthBootstrapUseCaseTest[jvm]","com.georgeci.moneysurfer.domain.usecase.PostAuthBootstrapUseCaseTest",""
"","277","main DB payload without the SQLite header surfaces CorruptDatabase[jvm]","","2026-07-22","passed","2026-07-22","","BackupImporterImplJvmTest[jvm]","com.georgeci.moneysurfer.data.backup.BackupImporterImplJvmTest",""
"","14","delete unwinds impact and removes the row[jvm]","","2026-07-21","passed","2026-07-21","","ApplyTransactionChangeUseCaseTest[jvm]","com.georgeci.moneysurfer.domain.usecase.ApplyTransactionChangeUseCaseTest",""
"","18","user can update their own document","","2026-07-22","passed","2026-07-22","","users/{uid}","users/{uid} user can update their own document",""
"","33","non-member is blocked from transactions","","2026-07-22","passed","2026-07-22","","member-gated entities (smoke for the rest)","member-gated entities (smoke for the rest) non-member is blocked from transactions",""
"","7","Enqueue merges into existing pending request[jvm]","","2026-07-22","passed","2026-07-22","","SyncCoordinatorImplBranchSpec[jvm]","com.georgeci.moneysurfer.sync.coordinator.SyncCoordinatorImplBranchSpec",""
"","4","handle cancel of unknown id is a no-op[jvm]","","2026-07-22","passed","2026-07-22","","SyncCoordinatorImplBranchSpec[jvm]","com.georgeci.moneysurfer.sync.coordinator.SyncCoordinatorImplBranchSpec",""
"","4","update amount applies only the difference[jvm]","","2026-07-21","passed","2026-07-21","","ApplyTransactionChangeUseCaseTest[jvm]","com.georgeci.moneysurfer.domain.usecase.ApplyTransactionChangeUseCaseTest",""
"","93","user cannot create another user's member row (only self)","","2026-07-22","passed","2026-07-22","","workspaces/{wid}/members/{uid}","workspaces/{wid}/members/{uid} user cannot create another user's member row (only self)",""
"","0","equals and hashCode treat identical fields as equal[jvm]","","2026-07-22","passed","2026-07-22","","PendingMutationSpec[jvm]","com.georgeci.moneysurfer.sync.repository.PendingMutationSpec",""
"","8","matches java.util.zip.CRC32 across diverse byte sequences[jvm]","","2026-07-22","passed","2026-07-22","","Crc32JvmTest[jvm]","com.georgeci.moneysurfer.data.backup.Crc32JvmTest",""
"","18","user can delete their own document","","2026-07-22","passed","2026-07-22","","users/{uid}","users/{uid} user can delete their own document",""
"","27","member can tombstone an account","","2026-07-22","passed","2026-07-22","","tombstone update shape (push-side soft delete)","tombstone update shape (push-side soft delete) member can tombstone an account",""
