"DESCRIPTION","DURATION IN MS","NAME","PARENT SUITE","START TIME","STATUS","STOP TIME","SUB SUITE","SUITE","TEST CLASS","TEST METHOD"
"","22","invitee cannot transition to a terminal state other than ACCEPTED/DECLINED","","2026-07-21","passed","2026-07-21","","invites — update / delete","invites — update / delete invitee cannot transition to a terminal state other than ACCEPTED/DECLINED",""
"","21","enqueueUpsert is a no-op when demo session[jvm]","","2026-07-21","passed","2026-07-21","","OutboxEnqueuerSpec[jvm]","com.georgeci.moneysurfer.data.sync.OutboxEnqueuerSpec",""
"","8","markCompleted deletes rows; empty list is a no-op[jvm]","","2026-07-21","passed","2026-07-21","","PendingMutationQueueImplSpec[jvm]","com.georgeci.moneysurfer.sync.internal.repository.PendingMutationQueueImplSpec",""
"","1","epochMillis=-1000[jvm]","","2026-07-21","passed","2026-07-21","","TimeFormatterTest[jvm]","com.georgeci.moneysurfer.data.repository.TimeFormatterTest",""
"","46","accepts a fully-populated, correctly-typed account","","2026-07-21","passed","2026-07-21","","entity write-shape validation (issue #156)","entity write-shape validation (issue #156) accepts a fully-populated, correctly-typed account",""
"","26","Running carries id, reasons, scope, currentStep[jvm]","","2026-07-21","passed","2026-07-21","","SyncStateSpec[jvm]","com.georgeci.moneysurfer.sync.api.SyncStateSpec",""
"","21","member can tombstone their own row (self-leave: role and status unchanged)","","2026-07-21","passed","2026-07-21","","tombstone update shape (push-side soft delete)","tombstone update shape (push-side soft delete) member can tombstone their own row (self-leave: role and status unchanged)",""
"","0","onStepEntered is callable[jvm]","","2026-07-21","passed","2026-07-21","","SyncTelemetryNoOpSpec[jvm]","com.georgeci.moneysurfer.sync.telemetry.SyncTelemetryNoOpSpec",""
"","8","markInFlight excludes rows from pending() but markFailed brings them back[jvm]","","2026-07-21","passed","2026-07-21","","PendingMutationQueueIntegrationIT[jvm]","com.georgeci.moneysurfer.integration.sync.PendingMutationQueueIntegrationIT",""
"","8","no remote calls when no Firebase uid (demo session)[jvm]","","2026-07-21","passed","2026-07-21","","CreateWorkspaceUseCaseTest[jvm]","com.georgeci.moneysurfer.domain.usecase.CreateWorkspaceUseCaseTest",""
"","16","'5' -> '5'[jvm]","","2026-07-21","passed","2026-07-21","","AmountInputTransformationTest[jvm]","com.georgeci.moneysurfer.utils.AmountInputTransformationTest",""
"","26","SQLite header with a corrupted structure fails the integrity check[jvm]","","2026-07-21","passed","2026-07-21","","BackupImporterImplJvmTest[jvm]","com.georgeci.moneysurfer.data.backup.BackupImporterImplJvmTest",""
"","22","pull progress emits PullingCollection into running state[jvm]","","2026-07-21","passed","2026-07-21","","SyncCoordinatorImplBranchSpec[jvm]","com.georgeci.moneysurfer.sync.coordinator.SyncCoordinatorImplBranchSpec",""
"","64","member can create + read in categories","","2026-07-21","passed","2026-07-21","","member-gated entities (smoke for the rest)","member-gated entities (smoke for the rest) member can create + read in categories",""
"","9","missing manifest entry surfaces InvalidArchive[jvm]","","2026-07-21","passed","2026-07-21","","BackupImporterImplJvmTest[jvm]","com.georgeci.moneysurfer.data.backup.BackupImporterImplJvmTest",""
"","1","exhaustive enumeration — no orphan steps[jvm]","","2026-07-21","passed","2026-07-21","","SyncStepOrderTest[jvm]","com.georgeci.moneysurfer.domain.model.SyncStepOrderTest",""
"","6","Cancelled is not retryable[jvm]","","2026-07-21","passed","2026-07-21","","SyncErrorSpec[jvm]","com.georgeci.moneysurfer.sync.api.SyncErrorSpec",""
"","7","income contributes +amount on its account[jvm]","","2026-07-21","passed","2026-07-21","","BalanceImpactTest[jvm]","com.georgeci.moneysurfer.domain.model.BalanceImpactTest",""
"","40","push failure completes the uploaded prefix and fails the remainder[jvm]","","2026-07-21","passed","2026-07-21","","UploadPendingChangesUseCaseImplSpec[jvm]","com.georgeci.moneysurfer.data.sync.UploadPendingChangesUseCaseImplSpec",""
"","8","markInFlight is a no-op for empty list[jvm]","","2026-07-21","passed","2026-07-21","","PendingMutationQueueImplSpec[jvm]","com.georgeci.moneysurfer.sync.internal.repository.PendingMutationQueueImplSpec",""
"","124","online build registers TransactionCreationFeatureConfig with transfer enabled[jvm]","","2026-07-21","passed","2026-07-21","","OnlineTransactionCreationModuleTest[jvm]","com.georgeci.moneysurfer.di.OnlineTransactionCreationModuleTest",""
"","27","aborts without seeding when the demo login fails[jvm]","","2026-07-21","passed","2026-07-21","","OfflineFirstRunSeederTest[jvm]","com.georgeci.moneysurfer.offline.firstrun.OfflineFirstRunSeederTest",""
"","1","non-null pass-through[jvm]","","2026-07-21","passed","2026-07-21","","TimeFormatterTest[jvm]","com.georgeci.moneysurfer.data.repository.TimeFormatterTest",""
"","32","rejects a nullable field with a wrong non-null type (deletedAt as string)","","2026-07-21","passed","2026-07-21","","entity write-shape validation (issue #156)","entity write-shape validation (issue #156) rejects a nullable field with a wrong non-null type (deletedAt as string)",""
"","15","ActiveWorkspace scope pulls the workspace pinned in the session[jvm]","","2026-07-21","passed","2026-07-21","","NewWorkspacePullIntegrationIT[jvm]","com.georgeci.moneysurfer.integration.sync.NewWorkspacePullIntegrationIT",""
"","47","cross-currency transfer stores fromMoney/toMoney on respective legs with each account's currencyCode[jvm]","","2026-07-21","passed","2026-07-21","","TransferCreationIntegrationIT[jvm]","com.georgeci.moneysurfer.integration.repository.TransferCreationIntegrationIT",""
"","52","returns the decoded value when the document is well-formed[jvm]","","2026-07-21","passed","2026-07-21","","DecodeOrNullSpec[jvm]","com.georgeci.moneysurfer.data.sync.plugin.DecodeOrNullSpec",""
"","5","repairs missing Cash account when workspace was pinned without one[jvm]","","2026-07-21","passed","2026-07-21","","SeedDefaultsUseCaseTest[jvm]","com.georgeci.moneysurfer.domain.usecase.SeedDefaultsUseCaseTest",""
"","41","invitee cannot flip ACCEPTED → DECLINED (terminal state immutable)","","2026-07-21","passed","2026-07-21","","invites — update / delete","invites — update / delete invitee cannot flip ACCEPTED → DECLINED (terminal state immutable)",""
"","25","rejects an account whose numeric balance is a string","","2026-07-21","passed","2026-07-21","","entity write-shape validation (issue #156)","entity write-shape validation (issue #156) rejects an account whose numeric balance is a string",""
"","1","'42.123' (more than 2 cents)[jvm]","","2026-07-21","passed","2026-07-21","","AmountInputTransformationTest[jvm]","com.georgeci.moneysurfer.utils.AmountInputTransformationTest",""
"","1","writes local pointer and pushes default when Firebase uid present[jvm]","","2026-07-21","passed","2026-07-21","","SelectWorkspaceUseCaseTest[jvm]","com.georgeci.moneysurfer.domain.usecase.SelectWorkspaceUseCaseTest",""
"","1","rejects same-account transfer[jvm]","","2026-07-21","passed","2026-07-21","","CreateTransferUseCaseTest[jvm]","com.georgeci.moneysurfer.domain.usecase.CreateTransferUseCaseTest",""
"","6","RecalculatingProjections title[jvm]","","2026-07-21","passed","2026-07-21","","SyncStepSpec[jvm]","com.georgeci.moneysurfer.sync.api.SyncStepSpec",""
"","14","CompositeCancelToken cancelled when all children cancelled[jvm]","","2026-07-21","passed","2026-07-21","","SyncCancelTokenSpec[jvm]","com.georgeci.moneysurfer.sync.api.SyncCancelTokenSpec",""
"","3","format zero amount[jvm]","","2026-07-21","passed","2026-07-21","","MoneyFormatterTest[jvm]","com.georgeci.moneysurfer.domain.MoneyFormatterTest",""
"","25","markDeclined transitions status to DECLINED[jvm]","","2026-07-21","passed","2026-07-21","","WorkspaceInviteRepositoryDualWriteSpec[jvm]","com.georgeci.moneysurfer.data.repository.WorkspaceInviteRepositoryDualWriteSpec",""
"","25","unauthenticated user is denied","","2026-07-21","passed","2026-07-21","","invites — read","invites — read unauthenticated user is denied",""
"","23","owner can tombstone the workspace root doc","","2026-07-21","passed","2026-07-21","","tombstone update shape (push-side soft delete)","tombstone update shape (push-side soft delete) owner can tombstone the workspace root doc",""
"","6","empty list yields zero totals[jvm]","","2026-07-21","passed","2026-07-21","","PeriodTotalsTest[jvm]","com.georgeci.moneysurfer.domain.model.PeriodTotalsTest",""
"","41","sender cannot remove entries from invitedWorkspaceIds","","2026-07-21","passed","2026-07-21","","users/{uid} — invitedWorkspaceIds cross-user append","users/{uid} — invitedWorkspaceIds cross-user append sender cannot remove entries from invitedWorkspaceIds",""
"","11","PUSH_MEMBERS sits between PUSH_WORKSPACE and PUSH_INVITES[jvm]","","2026-07-21","passed","2026-07-21","","SyncStepOrderTest[jvm]","com.georgeci.moneysurfer.domain.model.SyncStepOrderTest",""
"","10","trims name and description before insert[jvm]","","2026-07-21","passed","2026-07-21","","CreateWorkspaceUseCaseTest[jvm]","com.georgeci.moneysurfer.domain.usecase.CreateWorkspaceUseCaseTest",""
"","1","abs of an ordinary negative amount is its magnitude[jvm]","","2026-07-21","passed","2026-07-21","","MoneyTest[jvm]","com.georgeci.moneysurfer.domain.primitives.MoneyTest",""
"","1","abs of Long.MIN_VALUE throws instead of returning a negative magnitude[jvm]","","2026-07-21","passed","2026-07-21","","MoneyTest[jvm]","com.georgeci.moneysurfer.domain.primitives.MoneyTest",""
"","4","ConflictMetadata exposes its fields[jvm]","","2026-07-21","passed","2026-07-21","","ConflictResolverSpec[jvm]","com.georgeci.moneysurfer.sync.repository.ConflictResolverSpec",""
"","9","does not create a second workspace when one is already pinned[jvm]","","2026-07-21","passed","2026-07-21","","SeedDefaultsUseCaseTest[jvm]","com.georgeci.moneysurfer.domain.usecase.SeedDefaultsUseCaseTest",""
"","5","times by zero is zero even for an out-of-cap magnitude[jvm]","","2026-07-21","passed","2026-07-21","","MoneyTest[jvm]","com.georgeci.moneysurfer.domain.primitives.MoneyTest",""
"","7","isEnabled is true when signed in and gate allows[jvm]","","2026-07-21","passed","2026-07-21","","OutboxEnqueuerImplSpec[jvm]","com.georgeci.moneysurfer.sync.repository.OutboxEnqueuerImplSpec",""
"","1","boundary dates are inclusive[jvm]","","2026-07-21","passed","2026-07-21","","PeriodTotalsTest[jvm]","com.georgeci.moneysurfer.domain.model.PeriodTotalsTest",""
"","143","rejects when no current user[jvm]","","2026-07-21","passed","2026-07-21","","AcceptInviteUseCaseTest[jvm]","com.georgeci.moneysurfer.domain.usecase.AcceptInviteUseCaseTest",""
"","4","reader rejects unsupported compression method[jvm]","","2026-07-21","passed","2026-07-21","","ZipStoredCodecTest[jvm]","com.georgeci.moneysurfer.data.backup.ZipStoredCodecTest",""
"","16","syncAll is a no-op when the sync feature flag is disabled[jvm]","","2026-07-21","passed","2026-07-21","","SyncCoordinatorWorkspaceSyncerSpec[jvm]","com.georgeci.moneysurfer.data.sync.SyncCoordinatorWorkspaceSyncerSpec",""
"","5","retrying the same mutation produces an identical patch[jvm]","","2026-07-21","passed","2026-07-21","","TombstonePatchSpec[jvm]","com.georgeci.moneysurfer.data.sync.plugin.TombstonePatchSpec",""
"","368","tampering with the sealed payload surfaces WrongPassphrase[jvm]","","2026-07-21","passed","2026-07-21","","BackupEncryptedRoundTripJvmTest[jvm]","com.georgeci.moneysurfer.data.backup.BackupEncryptedRoundTripJvmTest",""
"","34","non-member cannot read","","2026-07-21","passed","2026-07-21","","member-gated entities (accounts)","member-gated entities (accounts) non-member cannot read",""
"","19","rejects when no registered user for email[jvm]","","2026-07-21","passed","2026-07-21","","SendInviteUseCaseTest[jvm]","com.georgeci.moneysurfer.domain.usecase.SendInviteUseCaseTest",""
"","61","member can create","","2026-07-21","passed","2026-07-21","","member-gated entities (accounts)","member-gated entities (accounts) member can create",""
"","2","CompositeCancelToken throwIfCancelled when all cancelled throws[jvm]","","2026-07-21","passed","2026-07-21","","SyncCancelTokenSpec[jvm]","com.georgeci.moneysurfer.sync.api.SyncCancelTokenSpec",""
"","22","member cannot tombstone another member's row","","2026-07-21","passed","2026-07-21","","tombstone update shape (push-side soft delete)","tombstone update shape (push-side soft delete) member cannot tombstone another member's row",""
"","5","writes local pointer and skips remote when no Firebase uid[jvm]","","2026-07-21","passed","2026-07-21","","SelectWorkspaceUseCaseTest[jvm]","com.georgeci.moneysurfer.domain.usecase.SelectWorkspaceUseCaseTest",""
"","19","user cannot read another user's document","","2026-07-21","passed","2026-07-21","","users/{uid}","users/{uid} user cannot read another user's document",""
"","5","arithmetic within the domain cap stays exact[jvm]","","2026-07-21","passed","2026-07-21","","MoneyTest[jvm]","com.georgeci.moneysurfer.domain.primitives.MoneyTest",""
"","11","a transfer pair with one invalid leg does not import the surviving half[jvm]","","2026-07-21","passed","2026-07-21","","ExportImportTransactionsUseCaseTest[jvm]","com.georgeci.moneysurfer.domain.csv.ExportImportTransactionsUseCaseTest",""
"","1","'1 2' (spaces)[jvm]","","2026-07-21","passed","2026-07-21","","AmountInputTransformationTest[jvm]","com.georgeci.moneysurfer.utils.AmountInputTransformationTest",""
"","717","OnTermsClick emits a NavigateToLegal side effect[jvm]","","2026-07-21","passed","2026-07-21","","SignInViewModelTest[jvm]","com.georgeci.moneysurfer.feature.login.SignInViewModelTest",""
"","2","all PUSH steps precede all PULL steps[jvm]","","2026-07-21","passed","2026-07-21","","SyncStepOrderTest[jvm]","com.georgeci.moneysurfer.domain.model.SyncStepOrderTest",""
"","0","rejects when removing the last OWNER[jvm]","","2026-07-21","passed","2026-07-21","","RemoveMemberUseCaseTest[jvm]","com.georgeci.moneysurfer.domain.usecase.RemoveMemberUseCaseTest",""
"","32","blank stored falls back to operationAt in UTC[jvm]","","2026-07-21","passed","2026-07-21","","ResolveLegacyOperationDateTest[jvm]","com.georgeci.moneysurfer.data.repository.ResolveLegacyOperationDateTest",""
"","13","a transfer leg pairs with its duplicate counterpart already in the database[jvm]","","2026-07-21","passed","2026-07-21","","ExportImportTransactionsUseCaseTest[jvm]","com.georgeci.moneysurfer.domain.csv.ExportImportTransactionsUseCaseTest",""
"","0","delete actual income unwinds impact[jvm]","","2026-07-21","passed","2026-07-21","","CalculateBalanceDeltaTest[jvm]","com.georgeci.moneysurfer.domain.model.CalculateBalanceDeltaTest",""
"","5","unparseable operation instant is rejected as invalid operation_at[jvm]","","2026-07-21","passed","2026-07-21","","TransactionCsvCodecTest[jvm]","com.georgeci.moneysurfer.domain.csv.TransactionCsvCodecTest",""
"","19","empty batch keeps the cursor untouched but still marks success[jvm]","","2026-07-21","passed","2026-07-21","","PullRemoteChangesUseCaseImplSpec[jvm]","com.georgeci.moneysurfer.data.sync.PullRemoteChangesUseCaseImplSpec",""
"","2","'999999' -> '999999'[jvm]","","2026-07-21","passed","2026-07-21","","AmountInputTransformationTest[jvm]","com.georgeci.moneysurfer.utils.AmountInputTransformationTest",""
"","158","every EN string key has a RU counterpart and vice-versa[jvm]","","2026-07-21","passed","2026-07-21","","StringResourceParityTest[jvm]","com.georgeci.moneysurfer.utils.StringResourceParityTest",""
"","5","markSuccess preserves cursor[jvm]","","2026-07-21","passed","2026-07-21","","SyncMetaRepositoryImplSpec[jvm]","com.georgeci.moneysurfer.data.sync.SyncMetaRepositoryImplSpec",""
"","141","export then import restores seeded entities + datastore + clears sync DB[jvm]","","2026-07-21","passed","2026-07-21","","BackupRoundTripJvmTest[jvm]","com.georgeci.moneysurfer.data.backup.BackupRoundTripJvmTest",""
"","37","ids are unique across mutations[jvm]","","2026-07-21","passed","2026-07-21","","OutboxEnqueuerSpec[jvm]","com.georgeci.moneysurfer.data.sync.OutboxEnqueuerSpec",""
"","13","ReplaceQueued cancels existing pending and replaces it[jvm]","","2026-07-21","passed","2026-07-21","","SyncCoordinatorImplBranchSpec[jvm]","com.georgeci.moneysurfer.sync.coordinator.SyncCoordinatorImplBranchSpec",""
"","0","'00.5' (leading zeros with decimal)[jvm]","","2026-07-21","passed","2026-07-21","","AmountInputTransformationTest[jvm]","com.georgeci.moneysurfer.utils.AmountInputTransformationTest",""
"","12","remote calls fire in strict order: syncWorkspace → addWorkspaceRef → setDefaultWorkspace[jvm]","","2026-07-21","passed","2026-07-21","","CreateWorkspaceUseCaseTest[jvm]","com.georgeci.moneysurfer.domain.usecase.CreateWorkspaceUseCaseTest",""
"","7","cancellation mid-batch completes the pushed prefix and re-queues the rest as cancelled[jvm]","","2026-07-21","passed","2026-07-21","","UploadPendingChangesUseCaseImplSpec[jvm]","com.georgeci.moneysurfer.data.sync.UploadPendingChangesUseCaseImplSpec",""
"","1","set merge with Indefinite and Bounded picks Bounded[jvm]","","2026-07-21","passed","2026-07-21","","NetworkWaitModeSpec[jvm]","com.georgeci.moneysurfer.sync.network.NetworkWaitModeSpec",""
"","3","empty history yields zero[jvm]","","2026-07-21","passed","2026-07-21","","RecalculateAccountBalanceUseCaseTest[jvm]","com.georgeci.moneysurfer.domain.usecase.RecalculateAccountBalanceUseCaseTest",""
"","28","create blocked when clientVersionCode missing","","2026-07-21","passed","2026-07-21","","workspaces/{wid}","workspaces/{wid} create blocked when clientVersionCode missing",""
"","9","income and expense aggregate separately[jvm]","","2026-07-21","passed","2026-07-21","","PeriodTotalsTest[jvm]","com.georgeci.moneysurfer.domain.model.PeriodTotalsTest",""
"","1327","offline app module graph resolves()[jvm]","","2026-07-21","passed","2026-07-21","","OfflineKoinModuleVerificationTest[jvm]","com.georgeci.moneysurfer.offline.di.OfflineKoinModuleVerificationTest",""
"","862","wrong passphrase is rejected before decryption[jvm]","","2026-07-21","passed","2026-07-21","","EncryptedBackupCodecTest[jvm]","com.georgeci.moneysurfer.data.backup.EncryptedBackupCodecTest",""
"","25","non-member cannot read the roster","","2026-07-21","passed","2026-07-21","","workspaces/{wid}/members/{uid}","workspaces/{wid}/members/{uid} non-member cannot read the roster",""
"","22","stranger cannot collection-group query by another user's targetUserId","","2026-07-21","passed","2026-07-21","","invites — read","invites — read stranger cannot collection-group query by another user's targetUserId",""
"","22","case mismatch between email claim and key is rejected","","2026-07-21","passed","2026-07-21","","userEmails/{email}","userEmails/{email} case mismatch between email claim and key is rejected",""
"","2","UploadingPendingChanges title[jvm]","","2026-07-21","passed","2026-07-21","","SyncStepSpec[jvm]","com.georgeci.moneysurfer.sync.api.SyncStepSpec",""
"","48","rejects when invite already accepted[jvm]","","2026-07-21","passed","2026-07-21","","AcceptInviteUseCaseTest[jvm]","com.georgeci.moneysurfer.domain.usecase.AcceptInviteUseCaseTest",""
"","4","mergeScope ChangedSinceLastSync above UploadOnly[jvm]","","2026-07-21","passed","2026-07-21","","SyncScopeSpec[jvm]","com.georgeci.moneysurfer.sync.api.SyncScopeSpec",""
"","7","mergeScope ActiveWorkspace above ChangedSinceLastSync and UploadOnly[jvm]","","2026-07-21","passed","2026-07-21","","SyncScopeSpec[jvm]","com.georgeci.moneysurfer.sync.api.SyncScopeSpec",""
"","24","upsert applies status transition and respondedAt without losing snapshot fields[jvm]","","2026-07-21","passed","2026-07-21","","WorkspaceInviteRepositoryIntegrationIT[jvm]","com.georgeci.moneysurfer.integration.repository.WorkspaceInviteRepositoryIntegrationIT",""
"","15","opening_balance contributes +amount on its account[jvm]","","2026-07-21","passed","2026-07-21","","BalanceImpactTest[jvm]","com.georgeci.moneysurfer.domain.model.BalanceImpactTest",""
"","6","amount_minor beyond the domain cap is rejected as invalid amount_minor[jvm]","","2026-07-21","passed","2026-07-21","","TransactionCsvCodecTest[jvm]","com.georgeci.moneysurfer.domain.csv.TransactionCsvCodecTest",""
"","7","enqueueUpsert generates a unique id per call[jvm]","","2026-07-21","passed","2026-07-21","","OutboxEnqueuerImplSpec[jvm]","com.georgeci.moneysurfer.sync.repository.OutboxEnqueuerImplSpec",""
"","35","empty outbox returns zero uploads without touching in-flight state[jvm]","","2026-07-21","passed","2026-07-21","","UploadPendingChangesUseCaseImplSpec[jvm]","com.georgeci.moneysurfer.data.sync.UploadPendingChangesUseCaseImplSpec",""
"","61","an oversized source is rejected without being fully read into memory[jvm]","","2026-07-21","passed","2026-07-21","","ExportImportTransactionsUseCaseTest[jvm]","com.georgeci.moneysurfer.domain.csv.ExportImportTransactionsUseCaseTest",""
"","1261","encrypted import with the wrong passphrase surfaces WrongPassphrase[jvm]","","2026-07-21","passed","2026-07-21","","BackupEncryptedRoundTripJvmTest[jvm]","com.georgeci.moneysurfer.data.backup.BackupEncryptedRoundTripJvmTest",""
"","3","transactions outside the period are skipped[jvm]","","2026-07-21","passed","2026-07-21","","PeriodTotalsTest[jvm]","com.georgeci.moneysurfer.domain.model.PeriodTotalsTest",""
"","29","rejects a poison update of an existing account (balance as string)","","2026-07-21","passed","2026-07-21","","entity write-shape validation (issue #156)","entity write-shape validation (issue #156) rejects a poison update of an existing account (balance as string)",""
"","3","addRecalculated accumulates recalculatedCount[jvm]","","2026-07-21","passed","2026-07-21","","SyncSummaryBuilderSpec[jvm]","com.georgeci.moneysurfer.sync.api.SyncSummaryBuilderSpec",""
"","4","note with commas quotes and newlines survives a full CSV round-trip[jvm]","","2026-07-21","passed","2026-07-21","","TransactionCsvCodecTest[jvm]","com.georgeci.moneysurfer.domain.csv.TransactionCsvCodecTest",""
"","14","pendingCount Flow reflects active row count[jvm]","","2026-07-21","passed","2026-07-21","","PendingMutationQueueIntegrationIT[jvm]","com.georgeci.moneysurfer.integration.sync.PendingMutationQueueIntegrationIT",""
"","52","create blocked when clientVersionCode missing","","2026-07-21","passed","2026-07-21","","member-gated entities (accounts)","member-gated entities (accounts) create blocked when clientVersionCode missing",""
"","15","wrong column count is rejected with expected and actual sizes[jvm]","","2026-07-21","passed","2026-07-21","","TransactionCsvCodecTest[jvm]","com.georgeci.moneysurfer.domain.csv.TransactionCsvCodecTest",""
"","63","a departed (LEFT) member can no longer read","","2026-07-21","passed","2026-07-21","","member-gated entities (accounts)","member-gated entities (accounts) a departed (LEFT) member can no longer read",""
"","1868","app module graph resolves()[jvm]","","2026-07-21","passed","2026-07-21","","KoinModuleVerificationTest[jvm]","com.georgeci.moneysurfer.di.KoinModuleVerificationTest",""
"","7","unparseable amount is rejected as invalid amount_minor[jvm]","","2026-07-21","passed","2026-07-21","","TransactionCsvCodecTest[jvm]","com.georgeci.moneysurfer.domain.csv.TransactionCsvCodecTest",""
"","19","manifest declaring a missing file surfaces MissingFile[jvm]","","2026-07-21","passed","2026-07-21","","BackupImporterImplJvmTest[jvm]","com.georgeci.moneysurfer.data.backup.BackupImporterImplJvmTest",""
"","26","rejects the issue scenario: transaction amount as a string","","2026-07-21","passed","2026-07-21","","entity write-shape validation (issue #156)","entity write-shape validation (issue #156) rejects the issue scenario: transaction amount as a string",""
"","22","stranger cannot transition someone else's invite","","2026-07-21","passed","2026-07-21","","invites — update / delete","invites — update / delete stranger cannot transition someone else's invite",""
"","7","java.util.zip.ZipInputStream reads our stored archive[jvm]","","2026-07-21","passed","2026-07-21","","ZipStoredInteropJvmTest[jvm]","com.georgeci.moneysurfer.data.backup.ZipStoredInteropJvmTest",""
"","22","sender cannot touch any other field alongside invitedWorkspaceIds","","2026-07-21","passed","2026-07-21","","users/{uid} — invitedWorkspaceIds cross-user append","users/{uid} — invitedWorkspaceIds cross-user append sender cannot touch any other field alongside invitedWorkspaceIds",""
"","5","existing user with empty workspaceIds returns null default and leaves pointer untouched[jvm]","","2026-07-21","passed","2026-07-21","","PostAuthBootstrapUseCaseTest[jvm]","com.georgeci.moneysurfer.domain.usecase.PostAuthBootstrapUseCaseTest",""
"","27","LastSyncOutcome.Success carries summary and timestamp[jvm]","","2026-07-21","passed","2026-07-21","","SyncStateSpec[jvm]","com.georgeci.moneysurfer.sync.api.SyncStateSpec",""
"","1","MutationOperation enumerates INSERT, UPDATE, DELETE[jvm]","","2026-07-21","passed","2026-07-21","","PendingMutationSpec[jvm]","com.georgeci.moneysurfer.sync.repository.PendingMutationSpec",""
"","0","iso=2025-01-31[jvm]","","2026-07-21","passed","2026-07-21","","TimeFormatterTest[jvm]","com.georgeci.moneysurfer.data.repository.TimeFormatterTest",""
"","3","SyncMeta carries cursor and timestamps[jvm]","","2026-07-21","passed","2026-07-21","","SyncMetaRepositorySpec[jvm]","com.georgeci.moneysurfer.sync.repository.SyncMetaRepositorySpec",""
"","21","user can create their own document","","2026-07-21","passed","2026-07-21","","users/{uid}","users/{uid} user can create their own document",""
"","49","invitee can decline by email match (no targetUserId on doc)","","2026-07-21","passed","2026-07-21","","invites — update / delete","invites — update / delete invitee can decline by email match (no targetUserId on doc)",""
"","4","writer + reader round-trip preserves entry names and bytes[jvm]","","2026-07-21","passed","2026-07-21","","ZipStoredCodecTest[jvm]","com.georgeci.moneysurfer.data.backup.ZipStoredCodecTest",""
"","3","addConflicts accumulates conflictCount[jvm]","","2026-07-21","passed","2026-07-21","","SyncSummaryBuilderSpec[jvm]","com.georgeci.moneysurfer.sync.api.SyncSummaryBuilderSpec",""
"","17","onSyncFailed branches across every SyncError variant[jvm]","","2026-07-21","passed","2026-07-21","","KermitSyncTelemetrySpec[jvm]","com.georgeci.moneysurfer.sync.internal.telemetry.KermitSyncTelemetrySpec",""
"","1","'1.2.3' (multiple dots)[jvm]","","2026-07-21","passed","2026-07-21","","AmountInputTransformationTest[jvm]","com.georgeci.moneysurfer.utils.AmountInputTransformationTest",""
"","1","redactEmail returns a fixed marker for blank input[jvm]","","2026-07-21","passed","2026-07-21","","PiiRedactionTest[jvm]","com.georgeci.moneysurfer.domain.logging.PiiRedactionTest",""
"","1","SyncMeta copy override changes targeted field only[jvm]","","2026-07-21","passed","2026-07-21","","SyncMetaRepositorySpec[jvm]","com.georgeci.moneysurfer.sync.repository.SyncMetaRepositorySpec",""
"","1","redactUid keeps a short prefix and drops the rest[jvm]","","2026-07-21","passed","2026-07-21","","PiiRedactionTest[jvm]","com.georgeci.moneysurfer.domain.logging.PiiRedactionTest",""
"","11","pending returns rows sorted by createdAt ascending[jvm]","","2026-07-21","passed","2026-07-21","","PendingMutationQueueImplSpec[jvm]","com.georgeci.moneysurfer.sync.internal.repository.PendingMutationQueueImplSpec",""
"","24","stranger cannot read someone else's invite by direct id","","2026-07-21","passed","2026-07-21","","invites — read","invites — read stranger cannot read someone else's invite by direct id",""
"","12","workspace pull failure aborts bootstrap with AuthError[jvm]","","2026-07-21","passed","2026-07-21","","PostAuthBootstrapUseCaseTest[jvm]","com.georgeci.moneysurfer.domain.usecase.PostAuthBootstrapUseCaseTest",""
"","352","main DB payload without the SQLite header surfaces CorruptDatabase[jvm]","","2026-07-21","passed","2026-07-21","","BackupImporterImplJvmTest[jvm]","com.georgeci.moneysurfer.data.backup.BackupImporterImplJvmTest",""
"","21","create blocked when clientVersionCode is below floor","","2026-07-21","passed","2026-07-21","","workspaces/{wid}","workspaces/{wid} create blocked when clientVersionCode is below floor",""
"","252","string resources use only indexed placeholders[jvm]","","2026-07-21","passed","2026-07-21","","StringResourcePlaceholderTest[jvm]","com.georgeci.moneysurfer.utils.StringResourcePlaceholderTest",""
"","6","create income increments cache by +amount[jvm]","","2026-07-21","passed","2026-07-21","","ApplyTransactionChangeUseCaseTest[jvm]","com.georgeci.moneysurfer.domain.usecase.ApplyTransactionChangeUseCaseTest",""
"","8","pending() default limit forwards DEFAULT_BATCH_LIMIT[jvm]","","2026-07-21","passed","2026-07-21","","PendingMutationQueueSpec[jvm]","com.georgeci.moneysurfer.sync.repository.PendingMutationQueueSpec",""
"","16","enqueue then pending() returns the row in createdAt order[jvm]","","2026-07-21","passed","2026-07-21","","PendingMutationQueueIntegrationIT[jvm]","com.georgeci.moneysurfer.integration.sync.PendingMutationQueueIntegrationIT",""
"","0","onSyncFailed is callable[jvm]","","2026-07-21","passed","2026-07-21","","SyncTelemetryNoOpSpec[jvm]","com.georgeci.moneysurfer.sync.telemetry.SyncTelemetryNoOpSpec",""
"","12","pushAll failure keeps all local rows so a retry can re-push them[jvm]","","2026-07-21","passed","2026-07-21","","CreateWorkspaceUseCaseTest[jvm]","com.georgeci.moneysurfer.domain.usecase.CreateWorkspaceUseCaseTest",""
"","10","dangerous notes survive a full CSV round-trip unchanged[jvm]","","2026-07-21","passed","2026-07-21","","TransactionCsvCodecTest[jvm]","com.georgeci.moneysurfer.domain.csv.TransactionCsvCodecTest",""
"","12","matches java.util.zip.CRC32 for empty input[jvm]","","2026-07-21","passed","2026-07-21","","Crc32JvmTest[jvm]","com.georgeci.moneysurfer.data.backup.Crc32JvmTest",""
"","3","planned rows feed plannedIncome/plannedExpense[jvm]","","2026-07-21","passed","2026-07-21","","PeriodTotalsTest[jvm]","com.georgeci.moneysurfer.domain.model.PeriodTotalsTest",""
"","80","online build registers SignInFeatureConfig with every entry point enabled()[jvm]","","2026-07-21","passed","2026-07-21","","OnlineSignInModuleTest[jvm]","com.georgeci.moneysurfer.di.OnlineSignInModuleTest",""
"","16","default constructor builds an active scope[jvm]","","2026-07-21","passed","2026-07-21","","ApplicationScopeSpec[jvm]","com.georgeci.moneysurfer.sync.runtime.ApplicationScopeSpec",""
"","17","wipes Room and clears flag when hasUsedDemo is true[jvm]","","2026-07-21","passed","2026-07-21","","WipeDemoDataUseCaseSpec[jvm]","com.georgeci.moneysurfer.domain.usecase.WipeDemoDataUseCaseSpec",""
"","7","rejects when caller is not OWNER[jvm]","","2026-07-21","passed","2026-07-21","","RemoveMemberUseCaseTest[jvm]","com.georgeci.moneysurfer.domain.usecase.RemoveMemberUseCaseTest",""
"","7","setCursor preserves attempt and success timestamps on existing row[jvm]","","2026-07-21","passed","2026-07-21","","SyncMetaRepositoryImplSpec[jvm]","com.georgeci.moneysurfer.sync.internal.repository.SyncMetaRepositoryImplSpec",""
"","7","manifest JSON survives serialization[jvm]","","2026-07-21","passed","2026-07-21","","ZipStoredCodecTest[jvm]","com.georgeci.moneysurfer.data.backup.ZipStoredCodecTest",""
"","4","onSyncCancelled runs without error[jvm]","","2026-07-21","passed","2026-07-21","","KermitSyncTelemetrySpec[jvm]","com.georgeci.moneysurfer.sync.internal.telemetry.KermitSyncTelemetrySpec",""
"","20","reports progress with entityType and running position[jvm]","","2026-07-21","passed","2026-07-21","","UploadPendingChangesUseCaseImplSpec[jvm]","com.georgeci.moneysurfer.data.sync.UploadPendingChangesUseCaseImplSpec",""
"","11","happy path: editor can leave[jvm]","","2026-07-21","passed","2026-07-21","","LeaveWorkspaceUseCaseTest[jvm]","com.georgeci.moneysurfer.domain.usecase.LeaveWorkspaceUseCaseTest",""
"","9","setCursor stores Instant — cursor returns the same value back[jvm]","","2026-07-21","passed","2026-07-21","","SyncMetaRepositoryImplSpec[jvm]","com.georgeci.moneysurfer.data.sync.SyncMetaRepositoryImplSpec",""
"","24","import skips rows whose id already exists locally[jvm]","","2026-07-21","passed","2026-07-21","","ExportImportTransactionsUseCaseTest[jvm]","com.georgeci.moneysurfer.domain.csv.ExportImportTransactionsUseCaseTest",""
"","511","a single flipped ciphertext byte fails the MAC[jvm]","","2026-07-21","passed","2026-07-21","","EncryptedBackupCodecTest[jvm]","com.georgeci.moneysurfer.data.backup.EncryptedBackupCodecTest",""
"","2","ProjectionSummary copy preserves equality semantics[jvm]","","2026-07-21","passed","2026-07-21","","ProjectionSpec[jvm]","com.georgeci.moneysurfer.sync.projection.ProjectionSpec",""
"","19","list across all workspaces is denied — workspace get/list both gated by isMember","","2026-07-21","passed","2026-07-21","","workspaces/{wid}","workspaces/{wid} list across all workspaces is denied — workspace get/list both gated by isMember",""
"","12","SyncHandleStatus.Failed carries error[jvm]","","2026-07-21","passed","2026-07-21","","SyncStateSpec[jvm]","com.georgeci.moneysurfer.sync.api.SyncStateSpec",""
"","4","AuthRequired is not retryable[jvm]","","2026-07-21","passed","2026-07-21","","SyncErrorSpec[jvm]","com.georgeci.moneysurfer.sync.api.SyncErrorSpec",""
"","142","requestSync completes with success for noop use cases[jvm]","","2026-07-21","passed","2026-07-21","","SyncCoordinatorImplSpec[jvm]","com.georgeci.moneysurfer.sync.coordinator.SyncCoordinatorImplSpec",""
"","38","an evicted (REMOVED) member can no longer read the roster","","2026-07-21","passed","2026-07-21","","workspaces/{wid}/members/{uid}","workspaces/{wid}/members/{uid} an evicted (REMOVED) member can no longer read the roster",""
"","15","rejects when invite email does not match the current user[jvm]","","2026-07-21","passed","2026-07-21","","AcceptInviteUseCaseTest[jvm]","com.georgeci.moneysurfer.domain.usecase.AcceptInviteUseCaseTest",""
"","23","non-owner member cannot tombstone the workspace root doc","","2026-07-21","passed","2026-07-21","","tombstone update shape (push-side soft delete)","tombstone update shape (push-side soft delete) non-owner member cannot tombstone the workspace root doc",""
"","11","cancelCurrent with no running sync is a no-op[jvm]","","2026-07-21","passed","2026-07-21","","SyncCoordinatorImplBranchSpec[jvm]","com.georgeci.moneysurfer.sync.coordinator.SyncCoordinatorImplBranchSpec",""
"","25","tombstone with clientVersionCode below floor is denied","","2026-07-21","passed","2026-07-21","","tombstone update shape (push-side soft delete)","tombstone update shape (push-side soft delete) tombstone with clientVersionCode below floor is denied",""
"","36","owner can create a member row for someone else (no invite reference needed)","","2026-07-21","passed","2026-07-21","","workspaces/{wid}/members/{uid}","workspaces/{wid}/members/{uid} owner can create a member row for someone else (no invite reference needed)",""
"","17","list/scan is denied — prevents email enumeration","","2026-07-21","passed","2026-07-21","","userEmails/{email}","userEmails/{email} list/scan is denied — prevents email enumeration",""
"","2","demoOnly is false when anonymous is also enabled()[jvm]","","2026-07-21","passed","2026-07-21","","SignInFeatureConfigTest[jvm]","com.georgeci.moneysurfer.feature.login.SignInFeatureConfigTest",""
"","33","member can get the workspace doc","","2026-07-21","passed","2026-07-21","","workspaces/{wid}","workspaces/{wid} member can get the workspace doc",""
"","11","category seed failure returns LocalWriteFailed and skips remote work and pin[jvm]","","2026-07-21","passed","2026-07-21","","CreateWorkspaceUseCaseTest[jvm]","com.georgeci.moneysurfer.domain.usecase.CreateWorkspaceUseCaseTest",""
"","3","'42,123' (comma with three cents)[jvm]","","2026-07-21","passed","2026-07-21","","AmountInputTransformationTest[jvm]","com.georgeci.moneysurfer.utils.AmountInputTransformationTest",""
"","4","addUpload accumulates uploadedCount[jvm]","","2026-07-21","passed","2026-07-21","","SyncSummaryBuilderSpec[jvm]","com.georgeci.moneysurfer.sync.api.SyncSummaryBuilderSpec",""
"","7","pendingCount excludes IN_FLIGHT rows[jvm]","","2026-07-21","passed","2026-07-21","","PendingMutationQueueImplSpec[jvm]","com.georgeci.moneysurfer.sync.internal.repository.PendingMutationQueueImplSpec",""
"","1","redactUid never leaks the full identifier[jvm]","","2026-07-21","passed","2026-07-21","","PiiRedactionTest[jvm]","com.georgeci.moneysurfer.domain.logging.PiiRedactionTest",""
"","11","empty archive surfaces InvalidArchive[jvm]","","2026-07-21","passed","2026-07-21","","BackupImporterImplJvmTest[jvm]","com.georgeci.moneysurfer.data.backup.BackupImporterImplJvmTest",""
"","9","markCompleted removes rows from pending()[jvm]","","2026-07-21","passed","2026-07-21","","PendingMutationQueueIntegrationIT[jvm]","com.georgeci.moneysurfer.integration.sync.PendingMutationQueueIntegrationIT",""
"","55","transfer auto-seeds Transfer category with systemKind=TRANSFER on first call and reuses it on subsequent calls[jvm]","","2026-07-21","passed","2026-07-21","","TransferCreationIntegrationIT[jvm]","com.georgeci.moneysurfer.integration.repository.TransferCreationIntegrationIT",""
"","38","malformed and invalid rows are reported with row numbers and do not stop the import[jvm]","","2026-07-21","passed","2026-07-21","","ExportImportTransactionsUseCaseTest[jvm]","com.georgeci.moneysurfer.domain.csv.ExportImportTransactionsUseCaseTest",""
"","42","invitee can re-push the same terminal status (idempotent)","","2026-07-21","passed","2026-07-21","","invites — update / delete","invites — update / delete invitee can re-push the same terminal status (idempotent)",""
"","6","fetch failure propagates as AuthError.Unknown[jvm]","","2026-07-21","passed","2026-07-21","","PostAuthBootstrapUseCaseTest[jvm]","com.georgeci.moneysurfer.domain.usecase.PostAuthBootstrapUseCaseTest",""
"","11","shutdown is idempotent — repeated calls keep cancelling[jvm]","","2026-07-21","passed","2026-07-21","","SessionShutdownGateImplSpec[jvm]","com.georgeci.moneysurfer.data.sync.SessionShutdownGateImplSpec",""
"","48","authenticated user can read app config","","2026-07-21","passed","2026-07-21","","appConfig/{docId}","appConfig/{docId} authenticated user can read app config",""
"","2","CancellationException maps to SyncError.Cancelled[jvm]","","2026-07-21","passed","2026-07-21","","SyncErrorClassifierSpec[jvm]","com.georgeci.moneysurfer.sync.internal.SyncErrorClassifierSpec",""
"","35","unauthenticated user cannot read userEmails (auth required)","","2026-07-21","passed","2026-07-21","","userEmails/{email}","userEmails/{email} unauthenticated user cannot read userEmails (auth required)",""
"","602","empty plaintext round-trips[jvm]","","2026-07-21","passed","2026-07-21","","EncryptedBackupCodecTest[jvm]","com.georgeci.moneysurfer.data.backup.EncryptedBackupCodecTest",""
"","7","EmulatorClientSmokeSpec[jvm]","","2026-07-21","passed","2026-07-21","","Gradle Test Run :sync-surfer:jvmTest[jvm]","Gradle Test Run :sync-surfer:jvmTest",""
"","9","stamps targetUserId from userEmails mapping[jvm]","","2026-07-21","passed","2026-07-21","","SendInviteUseCaseTest[jvm]","com.georgeci.moneysurfer.domain.usecase.SendInviteUseCaseTest",""
"","18","a consistent transfer pair imports both legs[jvm]","","2026-07-21","passed","2026-07-21","","ExportImportTransactionsUseCaseTest[jvm]","com.georgeci.moneysurfer.domain.csv.ExportImportTransactionsUseCaseTest",""
"","1","repeat delete (null/null) is empty delta[jvm]","","2026-07-21","passed","2026-07-21","","CalculateBalanceDeltaTest[jvm]","com.georgeci.moneysurfer.domain.model.CalculateBalanceDeltaTest",""
"","10","markCompleted with empty list is a no-op[jvm]","","2026-07-21","passed","2026-07-21","","PendingMutationQueueImplSpec[jvm]","com.georgeci.moneysurfer.data.sync.PendingMutationQueueImplSpec",""
"","77","rejected payload never replaces the live DB and leaves no temp files[jvm]","","2026-07-21","passed","2026-07-21","","BackupImporterImplJvmTest[jvm]","com.georgeci.moneysurfer.data.backup.BackupImporterImplJvmTest",""
"","21","user can write their own email mapping","","2026-07-21","passed","2026-07-21","","userEmails/{email}","userEmails/{email} user can write their own email mapping",""
"","4","scheduleOneShot uses default constraints when none supplied[jvm]","","2026-07-21","passed","2026-07-21","","BackgroundSyncSchedulerSpec[jvm]","com.georgeci.moneysurfer.sync.scheduler.BackgroundSyncSchedulerSpec",""
"","5","isolated cursors per (workspace, collection)[jvm]","","2026-07-21","passed","2026-07-21","","SyncMetaRepositoryImplSpec[jvm]","com.georgeci.moneysurfer.data.sync.SyncMetaRepositoryImplSpec",""
"","3","move expense from A to B unwinds A and applies B[jvm]","","2026-07-21","passed","2026-07-21","","CalculateBalanceDeltaTest[jvm]","com.georgeci.moneysurfer.domain.model.CalculateBalanceDeltaTest",""
"","5","parser handles CRLF line endings a UTF-8 BOM and blank lines[jvm]","","2026-07-21","passed","2026-07-21","","TransactionCsvCodecTest[jvm]","com.georgeci.moneysurfer.domain.csv.TransactionCsvCodecTest",""
"","4","promotes editor to owner[jvm]","","2026-07-21","passed","2026-07-21","","ChangeMemberRoleUseCaseTest[jvm]","com.georgeci.moneysurfer.domain.usecase.ChangeMemberRoleUseCaseTest",""
"","31","future format version surfaces FormatMismatch[jvm]","","2026-07-21","passed","2026-07-21","","BackupImporterImplJvmTest[jvm]","com.georgeci.moneysurfer.data.backup.BackupImporterImplJvmTest",""
"","3","'+5' (plus sign)[jvm]","","2026-07-21","passed","2026-07-21","","AmountInputTransformationTest[jvm]","com.georgeci.moneysurfer.utils.AmountInputTransformationTest",""
"","3","online build registers OfflineBuildFlags with isOffline false()[jvm]","","2026-07-21","passed","2026-07-21","","OnlineSignInModuleTest[jvm]","com.georgeci.moneysurfer.di.OnlineSignInModuleTest",""
"","10","repairs lagging accounts when the workspace currency already matches (retry path)[jvm]","","2026-07-21","passed","2026-07-21","","UpdateWorkspaceCurrencyUseCaseTest[jvm]","com.georgeci.moneysurfer.domain.usecase.UpdateWorkspaceCurrencyUseCaseTest",""
"","1","happy path: marks target REMOVED[jvm]","","2026-07-21","passed","2026-07-21","","RemoveMemberUseCaseTest[jvm]","com.georgeci.moneysurfer.domain.usecase.RemoveMemberUseCaseTest",""
"","25","invitee without email claim can accept via targetUserId branch","","2026-07-21","passed","2026-07-21","","invites — update / delete","invites — update / delete invitee without email claim can accept via targetUserId branch",""
"","6","ProjectionScope.All is a singleton[jvm]","","2026-07-21","passed","2026-07-21","","ProjectionSpec[jvm]","com.georgeci.moneysurfer.sync.projection.ProjectionSpec",""
"","6","pending excludes IN_FLIGHT rows after markInFlight[jvm]","","2026-07-21","passed","2026-07-21","","PendingMutationQueueImplSpec[jvm]","com.georgeci.moneysurfer.sync.internal.repository.PendingMutationQueueImplSpec",""
"","20","insert + getById round-trips snapshots and timestamps[jvm]","","2026-07-21","passed","2026-07-21","","WorkspaceMemberRepositoryIntegrationIT[jvm]","com.georgeci.moneysurfer.integration.repository.WorkspaceMemberRepositoryIntegrationIT",""
"","6","garbage without the magic prefix is rejected as InvalidArchive[jvm]","","2026-07-21","passed","2026-07-21","","EncryptedBackupCodecTest[jvm]","com.georgeci.moneysurfer.data.backup.EncryptedBackupCodecTest",""
"","8","no-op when hasUsedDemo is false (real-account-only flow)[jvm]","","2026-07-21","passed","2026-07-21","","WipeDemoDataUseCaseSpec[jvm]","com.georgeci.moneysurfer.domain.usecase.WipeDemoDataUseCaseSpec",""
"","4","missing workspace root document is not counted and does not fail the pull[jvm]","","2026-07-21","passed","2026-07-21","","PullRemoteChangesUseCaseImplSpec[jvm]","com.georgeci.moneysurfer.data.sync.PullRemoteChangesUseCaseImplSpec",""
"","0","redactEmail handles a domain without a dot[jvm]","","2026-07-21","passed","2026-07-21","","PiiRedactionTest[jvm]","com.georgeci.moneysurfer.domain.logging.PiiRedactionTest",""
"","2","invited-workspaces phase is skipped without a Firebase uid[jvm]","","2026-07-21","passed","2026-07-21","","PullRemoteChangesUseCaseImplSpec[jvm]","com.georgeci.moneysurfer.data.sync.PullRemoteChangesUseCaseImplSpec",""
"","1","update amount expense 100 → 150 produces -50 delta[jvm]","","2026-07-21","passed","2026-07-21","","CalculateBalanceDeltaTest[jvm]","com.georgeci.moneysurfer.domain.model.CalculateBalanceDeltaTest",""
"","1","expense contributes -amount on its account[jvm]","","2026-07-21","passed","2026-07-21","","BalanceImpactTest[jvm]","com.georgeci.moneysurfer.domain.model.BalanceImpactTest",""
"","41","round-trip preserves all fields[jvm]","","2026-07-21","passed","2026-07-21","","PendingMutationQueueImplSpec[jvm]","com.georgeci.moneysurfer.data.sync.PendingMutationQueueImplSpec",""
"","26","recipient without email claim can still query by targetUserId","","2026-07-21","passed","2026-07-21","","invites — read","invites — read recipient without email claim can still query by targetUserId",""
"","10","DELETE mutation persists and is readable[jvm]","","2026-07-21","passed","2026-07-21","","PendingMutationQueueImplSpec[jvm]","com.georgeci.moneysurfer.data.sync.PendingMutationQueueImplSpec",""
"","19","user cannot squat on someone else's email key (mapping to own uid)","","2026-07-21","passed","2026-07-21","","userEmails/{email}","userEmails/{email} user cannot squat on someone else's email key (mapping to own uid)",""
"","24","invitee accept via full set() (mirrors outbox upload path)","","2026-07-21","passed","2026-07-21","","invites — update / delete","invites — update / delete invitee accept via full set() (mirrors outbox upload path)",""
"","15","plus that overflows Long throws instead of wrapping[jvm]","","2026-07-21","passed","2026-07-21","","MoneyTest[jvm]","com.georgeci.moneysurfer.domain.primitives.MoneyTest",""
"","8","no enqueue when uid is empty string[jvm]","","2026-07-21","passed","2026-07-21","","OutboxEnqueuerImplSpec[jvm]","com.georgeci.moneysurfer.sync.repository.OutboxEnqueuerImplSpec",""
"","33","non-member is blocked from transactions","","2026-07-21","passed","2026-07-21","","member-gated entities (smoke for the rest)","member-gated entities (smoke for the rest) non-member is blocked from transactions",""
"","9","PullingCollection title carries collection name[jvm]","","2026-07-21","passed","2026-07-21","","SyncStepSpec[jvm]","com.georgeci.moneysurfer.sync.api.SyncStepSpec",""
"","5","PUSH_INVITES sits between PUSH_MEMBERS and PUSH_ACCOUNTS[jvm]","","2026-07-21","passed","2026-07-21","","SyncStepOrderTest[jvm]","com.georgeci.moneysurfer.domain.model.SyncStepOrderTest",""
"","30","second sync resumes from the Room-persisted cursor and pulls only newer documents[jvm]","","2026-07-21","passed","2026-07-21","","NewWorkspacePullIntegrationIT[jvm]","com.georgeci.moneysurfer.integration.sync.NewWorkspacePullIntegrationIT",""
"","1","planned → actual applies impact[jvm]","","2026-07-21","passed","2026-07-21","","ApplyTransactionChangeUseCaseTest[jvm]","com.georgeci.moneysurfer.domain.usecase.ApplyTransactionChangeUseCaseTest",""
"","211","unauthenticated user can read app config (force-update gate)","","2026-07-21","passed","2026-07-21","","appConfig/{docId}","appConfig/{docId} unauthenticated user can read app config (force-update gate)",""
"","7","cancel invokes the supplied cancelAction once[jvm]","","2026-07-21","passed","2026-07-21","","SyncHandleImplSpec[jvm]","com.georgeci.moneysurfer.sync.coordinator.SyncHandleImplSpec",""
"","21","user cannot map a foreign uid to their own email","","2026-07-21","passed","2026-07-21","","userEmails/{email}","userEmails/{email} user cannot map a foreign uid to their own email",""
"","7","SyncHandleStatus.Running carries currentStep[jvm]","","2026-07-21","passed","2026-07-21","","SyncStateSpec[jvm]","com.georgeci.moneysurfer.sync.api.SyncStateSpec",""
"","0","'.' -> '.'[jvm]","","2026-07-21","passed","2026-07-21","","AmountInputTransformationTest[jvm]","com.georgeci.moneysurfer.utils.AmountInputTransformationTest",""
"","29","EXPENSE creation persists row and decreases account balance by amount[jvm]","","2026-07-21","passed","2026-07-21","","TransactionCreationIntegrationIT[jvm]","com.georgeci.moneysurfer.integration.repository.TransactionCreationIntegrationIT",""
"","1","rejects when target is not a member[jvm]","","2026-07-21","passed","2026-07-21","","RemoveMemberUseCaseTest[jvm]","com.georgeci.moneysurfer.domain.usecase.RemoveMemberUseCaseTest",""
"","0","'007' (leading zeros)[jvm]","","2026-07-21","passed","2026-07-21","","AmountInputTransformationTest[jvm]","com.georgeci.moneysurfer.utils.AmountInputTransformationTest",""
"","5","'0' -> '0'[jvm]","","2026-07-21","passed","2026-07-21","","AmountInputTransformationTest[jvm]","com.georgeci.moneysurfer.utils.AmountInputTransformationTest",""
"","29","user can read their own document","","2026-07-21","passed","2026-07-21","","users/{uid}","users/{uid} user can read their own document",""
"","20","hard-delete is denied (soft-delete via deletedAt update only)","","2026-07-21","passed","2026-07-21","","workspaces/{wid}","workspaces/{wid} hard-delete is denied (soft-delete via deletedAt update only)",""
"","3","'0.99' -> '0.99'[jvm]","","2026-07-21","passed","2026-07-21","","AmountInputTransformationTest[jvm]","com.georgeci.moneysurfer.utils.AmountInputTransformationTest",""
"","30","unknown extra entry between manifest and main DB is tolerated[jvm]","","2026-07-21","passed","2026-07-21","","BackupImporterImplJvmTest[jvm]","com.georgeci.moneysurfer.data.backup.BackupImporterImplJvmTest",""
"","2","abs(money) handles legacy signed expense correctly[jvm]","","2026-07-21","passed","2026-07-21","","PeriodTotalsTest[jvm]","com.georgeci.moneysurfer.domain.model.PeriodTotalsTest",""
"","1","online build registers SyncFeatureFlag disabled by default()[jvm]","","2026-07-21","passed","2026-07-21","","OnlineSignInModuleTest[jvm]","com.georgeci.moneysurfer.di.OnlineSignInModuleTest",""
"","1","owner can leave when another owner remains[jvm]","","2026-07-21","passed","2026-07-21","","LeaveWorkspaceUseCaseTest[jvm]","com.georgeci.moneysurfer.domain.usecase.LeaveWorkspaceUseCaseTest",""
"","7","member insert failure returns LocalWriteFailed and skips categories, remote work and pin[jvm]","","2026-07-21","passed","2026-07-21","","CreateWorkspaceUseCaseTest[jvm]","com.georgeci.moneysurfer.domain.usecase.CreateWorkspaceUseCaseTest",""
"","49","invite sender can append one wid to recipient invitedWorkspaceIds","","2026-07-21","passed","2026-07-21","","users/{uid} — invitedWorkspaceIds cross-user append","users/{uid} — invitedWorkspaceIds cross-user append invite sender can append one wid to recipient invitedWorkspaceIds",""
"","1","'42.50' -> '42.50'[jvm]","","2026-07-21","passed","2026-07-21","","AmountInputTransformationTest[jvm]","com.georgeci.moneysurfer.utils.AmountInputTransformationTest",""
"","10","enqueueUpsert rejects DELETE — must call enqueueDelete instead[jvm]","","2026-07-21","passed","2026-07-21","","OutboxEnqueuerImplSpec[jvm]","com.georgeci.moneysurfer.sync.repository.OutboxEnqueuerImplSpec",""
"","20","non-JSON manifest surfaces InvalidArchive[jvm]","","2026-07-21","passed","2026-07-21","","BackupImporterImplJvmTest[jvm]","com.georgeci.moneysurfer.data.backup.BackupImporterImplJvmTest",""
"","15","returns NoCurrentUser error when no current user[jvm]","","2026-07-21","passed","2026-07-21","","CreateWorkspaceUseCaseTest[jvm]","com.georgeci.moneysurfer.domain.usecase.CreateWorkspaceUseCaseTest",""
"","24","enqueueUpsert pushes a PendingMutation when signed in and gate allows[jvm]","","2026-07-21","passed","2026-07-21","","OutboxEnqueuerImplSpec[jvm]","com.georgeci.moneysurfer.sync.repository.OutboxEnqueuerImplSpec",""
"","13","rejects when invite not found[jvm]","","2026-07-21","passed","2026-07-21","","AcceptInviteUseCaseTest[jvm]","com.georgeci.moneysurfer.domain.usecase.AcceptInviteUseCaseTest",""
"","8","every SyncScope variant currently uses null workspace filter (cross-workspace push)[jvm]","","2026-07-21","passed","2026-07-21","","PendingMutationQueueImplSpec[jvm]","com.georgeci.moneysurfer.sync.internal.repository.PendingMutationQueueImplSpec",""
"","21","hard-delete is denied for everyone (including owner)","","2026-07-21","passed","2026-07-21","","invites — update / delete","invites — update / delete hard-delete is denied for everyone (including owner)",""
"","7","enqueueDelete pushes a DELETE mutation[jvm]","","2026-07-21","passed","2026-07-21","","OutboxEnqueuerImplSpec[jvm]","com.georgeci.moneysurfer.sync.repository.OutboxEnqueuerImplSpec",""
"","3","null in -> null out[jvm]","","2026-07-21","passed","2026-07-21","","TimeFormatterTest[jvm]","com.georgeci.moneysurfer.data.repository.TimeFormatterTest",""
"","1","remote newer than local → take remote[jvm]","","2026-07-21","passed","2026-07-21","","LwwConflictResolverSpec[jvm]","com.georgeci.moneysurfer.sync.repository.LwwConflictResolverSpec",""
"","167","uuid generates unique values[jvm]","","2026-07-21","passed","2026-07-21","","SyncRequestIdSpec[jvm]","com.georgeci.moneysurfer.sync.api.SyncRequestIdSpec",""
"","40","member can create + read in recurringRules","","2026-07-21","passed","2026-07-21","","member-gated entities (smoke for the rest)","member-gated entities (smoke for the rest) member can create + read in recurringRules",""
"","46","member can create + read in transactions","","2026-07-21","passed","2026-07-21","","member-gated entities (smoke for the rest)","member-gated entities (smoke for the rest) member can create + read in transactions",""
"","44","applyDelta updates balance without touching currency[jvm]","","2026-07-21","passed","2026-07-21","","AccountCreationIntegrationIT[jvm]","com.georgeci.moneysurfer.integration.repository.AccountCreationIntegrationIT",""
"","9","cancellation between documents aborts the pull[jvm]","","2026-07-21","passed","2026-07-21","","PullRemoteChangesUseCaseImplSpec[jvm]","com.georgeci.moneysurfer.data.sync.PullRemoteChangesUseCaseImplSpec",""
"","26","owner cannot create an invite stamped with a different invitedByUserId","","2026-07-21","passed","2026-07-21","","invites — write","invites — write owner cannot create an invite stamped with a different invitedByUserId",""
"","26","transition on missing row is a no-op[jvm]","","2026-07-21","passed","2026-07-21","","WorkspaceInviteRepositoryDualWriteSpec[jvm]","com.georgeci.moneysurfer.data.repository.WorkspaceInviteRepositoryDualWriteSpec",""
"","1","delegate constructor preserves the supplied context[jvm]","","2026-07-21","passed","2026-07-21","","ApplicationScopeSpec[jvm]","com.georgeci.moneysurfer.sync.runtime.ApplicationScopeSpec",""
"","6","Completed title[jvm]","","2026-07-21","passed","2026-07-21","","SyncStepSpec[jvm]","com.georgeci.moneysurfer.sync.api.SyncStepSpec",""
"","42","member can read the workspace invite roster","","2026-07-21","passed","2026-07-21","","invites — read","invites — read member can read the workspace invite roster",""
"","25","user without an email claim (e.g. anonymous) cannot write","","2026-07-21","passed","2026-07-21","","userEmails/{email}","userEmails/{email} user without an email claim (e.g. anonymous) cannot write",""
"","13","pushes to Firestore and updates user ref + default when Firebase uid present[jvm]","","2026-07-21","passed","2026-07-21","","CreateWorkspaceUseCaseTest[jvm]","com.georgeci.moneysurfer.domain.usecase.CreateWorkspaceUseCaseTest",""
"","4","actual → planned unwinds full impact[jvm]","","2026-07-21","passed","2026-07-21","","CalculateBalanceDeltaTest[jvm]","com.georgeci.moneysurfer.domain.model.CalculateBalanceDeltaTest",""
"","4","tolerates DECLINED/CANCELLED past invites for the email[jvm]","","2026-07-21","passed","2026-07-21","","SendInviteUseCaseTest[jvm]","com.georgeci.moneysurfer.domain.usecase.SendInviteUseCaseTest",""
"","1","defaults enable every entry point()[jvm]","","2026-07-21","passed","2026-07-21","","SignInFeatureConfigTest[jvm]","com.georgeci.moneysurfer.feature.login.SignInFeatureConfigTest",""
"","23","invitee can accept by targetUserId match","","2026-07-21","passed","2026-07-21","","invites — update / delete","invites — update / delete invitee can accept by targetUserId match",""
"","4","update amount applies only the difference[jvm]","","2026-07-21","passed","2026-07-21","","ApplyTransactionChangeUseCaseTest[jvm]","com.georgeci.moneysurfer.domain.usecase.ApplyTransactionChangeUseCaseTest",""
"","26","owner create blocked when status != PENDING","","2026-07-21","passed","2026-07-21","","invites — write","invites — write owner create blocked when status != PENDING",""
"","19","isEnabled returns true when firebaseUid is non-empty[jvm]","","2026-07-21","passed","2026-07-21","","OutboxEnqueuerSpec[jvm]","com.georgeci.moneysurfer.data.sync.OutboxEnqueuerSpec",""
"","25","cancel handle during pending finalizes immediately[jvm]","","2026-07-21","passed","2026-07-21","","SyncCoordinatorImplSpec[jvm]","com.georgeci.moneysurfer.sync.coordinator.SyncCoordinatorImplSpec",""
"","27","user cannot update another user's document","","2026-07-21","passed","2026-07-21","","users/{uid}","users/{uid} user cannot update another user's document",""
"","11","happy path: persists PENDING invite with TTL and lowercase email[jvm]","","2026-07-21","passed","2026-07-21","","SendInviteUseCaseTest[jvm]","com.georgeci.moneysurfer.domain.usecase.SendInviteUseCaseTest",""
"","1","negating Long.MIN_VALUE throws instead of wrapping back to itself[jvm]","","2026-07-21","passed","2026-07-21","","MoneyTest[jvm]","com.georgeci.moneysurfer.domain.primitives.MoneyTest",""
"","53","exposes id, status, steps, result via the SyncHandle interface[jvm]","","2026-07-21","passed","2026-07-21","","SyncHandleImplSpec[jvm]","com.georgeci.moneysurfer.sync.coordinator.SyncHandleImplSpec",""
"","2","local pointer survives a remote failure[jvm]","","2026-07-21","passed","2026-07-21","","SelectWorkspaceUseCaseTest[jvm]","com.georgeci.moneysurfer.domain.usecase.SelectWorkspaceUseCaseTest",""
"","350","export then import restores a deleted transaction and skips the surviving one[jvm]","","2026-07-21","passed","2026-07-21","","CsvBackupIntegrationIT[jvm]","com.georgeci.moneysurfer.integration.repository.CsvBackupIntegrationIT",""
"","34","enqueue persists a row with PENDING status[jvm]","","2026-07-21","passed","2026-07-21","","PendingMutationQueueImplSpec[jvm]","com.georgeci.moneysurfer.data.sync.PendingMutationQueueImplSpec",""
"","23","non-invited stranger CANNOT self-create a member row","","2026-07-21","passed","2026-07-21","","workspaces/{wid}/members/{uid}","workspaces/{wid}/members/{uid} non-invited stranger CANNOT self-create a member row",""
"","22","insert + getById round-trips all columns including snapshots[jvm]","","2026-07-21","passed","2026-07-21","","WorkspaceInviteRepositoryIntegrationIT[jvm]","com.georgeci.moneysurfer.integration.repository.WorkspaceInviteRepositoryIntegrationIT",""
"","9","Failed title carries error[jvm]","","2026-07-21","passed","2026-07-21","","SyncStepSpec[jvm]","com.georgeci.moneysurfer.sync.api.SyncStepSpec",""
"","7","null category and transfer ids round-trip as empty fields[jvm]","","2026-07-21","passed","2026-07-21","","TransactionCsvCodecTest[jvm]","com.georgeci.moneysurfer.domain.csv.TransactionCsvCodecTest",""
"","24","non-member cannot tombstone an account","","2026-07-21","passed","2026-07-21","","tombstone update shape (push-side soft delete)","tombstone update shape (push-side soft delete) non-member cannot tombstone an account",""
"","1","ProjectionScope.Workspace exposes key[jvm]","","2026-07-21","passed","2026-07-21","","ProjectionSpec[jvm]","com.georgeci.moneysurfer.sync.projection.ProjectionSpec",""
"","39","update bumps updatedAt and enqueues UPDATE[jvm]","","2026-07-21","passed","2026-07-21","","WorkspaceMemberRepositoryDualWriteSpec[jvm]","com.georgeci.moneysurfer.data.repository.WorkspaceMemberRepositoryDualWriteSpec",""
"","52","invitee can accept even if parent workspace doc is missing on Firestore","","2026-07-21","passed","2026-07-21","","invites — update / delete","invites — update / delete invitee can accept even if parent workspace doc is missing on Firestore",""
"","530","sealed blob does not contain the plaintext[jvm]","","2026-07-21","passed","2026-07-21","","EncryptedBackupCodecTest[jvm]","com.georgeci.moneysurfer.data.backup.EncryptedBackupCodecTest",""
"","12","observe emits empty list for a fresh workspace[jvm]","","2026-07-21","passed","2026-07-21","","SyncMetaRepositoryImplSpec[jvm]","com.georgeci.moneysurfer.sync.internal.repository.SyncMetaRepositoryImplSpec",""
"","2","create expense → -impact[jvm]","","2026-07-21","passed","2026-07-21","","CalculateBalanceDeltaTest[jvm]","com.georgeci.moneysurfer.domain.model.CalculateBalanceDeltaTest",""
"","13","PullingCollection defaults current and total to null[jvm]","","2026-07-21","passed","2026-07-21","","SyncStepSpec[jvm]","com.georgeci.moneysurfer.sync.api.SyncStepSpec",""
"","6","mergeScope picks widest — AllUserData dominates[jvm]","","2026-07-21","passed","2026-07-21","","SyncScopeSpec[jvm]","com.georgeci.moneysurfer.sync.api.SyncScopeSpec",""
"","12","setCursor inserts a fresh row when none exists[jvm]","","2026-07-21","passed","2026-07-21","","SyncMetaRepositoryImplSpec[jvm]","com.georgeci.moneysurfer.sync.internal.repository.SyncMetaRepositoryImplSpec",""
"","3","redactEmail masks local part and domain but keeps a correlation hint[jvm]","","2026-07-21","passed","2026-07-21","","PiiRedactionTest[jvm]","com.georgeci.moneysurfer.domain.logging.PiiRedactionTest",""
"","100","plugin failure surfaces as a sync error and leaves the cursor untouched[jvm]","","2026-07-21","passed","2026-07-21","","PullRemoteChangesUseCaseImplSpec[jvm]","com.georgeci.moneysurfer.data.sync.PullRemoteChangesUseCaseImplSpec",""
"","22","archive missing the DataStore entry surfaces MissingFile[jvm]","","2026-07-21","passed","2026-07-21","","BackupImporterImplJvmTest[jvm]","com.georgeci.moneysurfer.data.backup.BackupImporterImplJvmTest",""
"","4","redactEmail returns a fixed marker for malformed input[jvm]","","2026-07-21","passed","2026-07-21","","PiiRedactionTest[jvm]","com.georgeci.moneysurfer.domain.logging.PiiRedactionTest",""
"","2","no-op when role unchanged[jvm]","","2026-07-21","passed","2026-07-21","","ChangeMemberRoleUseCaseTest[jvm]","com.georgeci.moneysurfer.domain.usecase.ChangeMemberRoleUseCaseTest",""
"","5","unknown transaction type is rejected as invalid type[jvm]","","2026-07-21","passed","2026-07-21","","TransactionCsvCodecTest[jvm]","com.georgeci.moneysurfer.domain.csv.TransactionCsvCodecTest",""
"","2","ConflictResolver implementation can be invoked[jvm]","","2026-07-21","passed","2026-07-21","","ConflictResolverSpec[jvm]","com.georgeci.moneysurfer.sync.repository.ConflictResolverSpec",""
"","1","'12a' (mixed letters and digits)[jvm]","","2026-07-21","passed","2026-07-21","","AmountInputTransformationTest[jvm]","com.georgeci.moneysurfer.utils.AmountInputTransformationTest",""
"","5","Unknown preserves cause and is retryable[jvm]","","2026-07-21","passed","2026-07-21","","SyncErrorSpec[jvm]","com.georgeci.moneysurfer.sync.api.SyncErrorSpec",""
"","21","enqueueDelete is a no-op when demo session[jvm]","","2026-07-21","passed","2026-07-21","","OutboxEnqueuerSpec[jvm]","com.georgeci.moneysurfer.data.sync.OutboxEnqueuerSpec",""
"","7","format large amount[jvm]","","2026-07-21","passed","2026-07-21","","MoneyFormatterTest[jvm]","com.georgeci.moneysurfer.domain.MoneyFormatterTest",""
"","3","Cancelled title and default summary[jvm]","","2026-07-21","passed","2026-07-21","","SyncStepSpec[jvm]","com.georgeci.moneysurfer.sync.api.SyncStepSpec",""
"","93","writes two linked legs sharing transferId, tagged with the workspace's Transfer category[jvm]","","2026-07-21","passed","2026-07-21","","CreateTransferUseCaseTest[jvm]","com.georgeci.moneysurfer.domain.usecase.CreateTransferUseCaseTest",""
"","61","enqueueUpsert writes a PendingMutation when signed in[jvm]","","2026-07-21","passed","2026-07-21","","OutboxEnqueuerSpec[jvm]","com.georgeci.moneysurfer.data.sync.OutboxEnqueuerSpec",""
"","21","owner can update workspace metadata","","2026-07-21","passed","2026-07-21","","workspaces/{wid}","workspaces/{wid} owner can update workspace metadata",""
"","12","returns ProjectionSummary with zero recalculations for All scope[jvm]","","2026-07-21","passed","2026-07-21","","NoOpRecalculateLocalProjectionsUseCaseSpec[jvm]","com.georgeci.moneysurfer.sync.internal.usecase.NoOpRecalculateLocalProjectionsUseCaseSpec",""
"","20","user CANNOT self-promote their role","","2026-07-21","passed","2026-07-21","","workspaces/{wid}/members/{uid}","workspaces/{wid}/members/{uid} user CANNOT self-promote their role",""
"","0","'999999.99' -> '999999.99'[jvm]","","2026-07-21","passed","2026-07-21","","AmountInputTransformationTest[jvm]","com.georgeci.moneysurfer.utils.AmountInputTransformationTest",""
"","1","'-5' (negative sign)[jvm]","","2026-07-21","passed","2026-07-21","","AmountInputTransformationTest[jvm]","com.georgeci.moneysurfer.utils.AmountInputTransformationTest",""
"","15","Supported app version lets the sync run normally[jvm]","","2026-07-21","passed","2026-07-21","","SyncCoordinatorImplSpec[jvm]","com.georgeci.moneysurfer.sync.coordinator.SyncCoordinatorImplSpec",""
"","8","clearScope removes only rows for the requested workspace[jvm]","","2026-07-21","passed","2026-07-21","","SyncMetaRepositoryImplSpec[jvm]","com.georgeci.moneysurfer.sync.internal.repository.SyncMetaRepositoryImplSpec",""
"","327","format positive amount in USD with US locale[jvm]","","2026-07-21","passed","2026-07-21","","MoneyFormatterTest[jvm]","com.georgeci.moneysurfer.domain.MoneyFormatterTest",""
"","2","redactEmail never leaks the raw address[jvm]","","2026-07-21","passed","2026-07-21","","PiiRedactionTest[jvm]","com.georgeci.moneysurfer.domain.logging.PiiRedactionTest",""
"","7","markSuccess only updates the success column[jvm]","","2026-07-21","passed","2026-07-21","","SyncMetaRepositoryImplSpec[jvm]","com.georgeci.moneysurfer.sync.internal.repository.SyncMetaRepositoryImplSpec",""
"","156","oversized manifest entry is rejected before parsing[jvm]","","2026-07-21","passed","2026-07-21","","BackupImporterImplJvmTest[jvm]","com.georgeci.moneysurfer.data.backup.BackupImporterImplJvmTest",""
"","1","explicit overrides are exposed[jvm]","","2026-07-21","passed","2026-07-21","","SyncConstraintsSpec[jvm]","com.georgeci.moneysurfer.sync.scheduler.SyncConstraintsSpec",""
"","7","fromMajor composes units and cents exactly[jvm]","","2026-07-21","passed","2026-07-21","","MoneyTest[jvm]","com.georgeci.moneysurfer.domain.primitives.MoneyTest",""
"","365","offline build resolves TransactionCreationFeatureConfig with transfer disabled[jvm]","","2026-07-21","passed","2026-07-21","","OfflineTransactionCreationFeatureConfigTest[jvm]","com.georgeci.moneysurfer.offline.di.OfflineTransactionCreationFeatureConfigTest",""
"","73","reason mapping for APP_START is Bounded(30s)[jvm]","","2026-07-21","passed","2026-07-21","","NetworkWaitModeSpec[jvm]","com.georgeci.moneysurfer.sync.network.NetworkWaitModeSpec",""
"","19","enqueueUpsert is a no-op when app version is Unsupported[jvm]","","2026-07-21","passed","2026-07-21","","OutboxEnqueuerSpec[jvm]","com.georgeci.moneysurfer.data.sync.OutboxEnqueuerSpec",""
"","26","non-member cannot get the workspace doc","","2026-07-21","passed","2026-07-21","","workspaces/{wid}","workspaces/{wid} non-member cannot get the workspace doc",""
"","20","markLeft soft-deletes: status LEFT, leftAt set, enqueues UPDATE[jvm]","","2026-07-21","passed","2026-07-21","","WorkspaceMemberRepositoryDualWriteSpec[jvm]","com.georgeci.moneysurfer.data.repository.WorkspaceMemberRepositoryDualWriteSpec",""
"","34","transaction stores its own currencyCode independent of the account's currency[jvm]","","2026-07-21","passed","2026-07-21","","TransactionCreationIntegrationIT[jvm]","com.georgeci.moneysurfer.integration.repository.TransactionCreationIntegrationIT",""
"","25","pushAll is a no-op when the sync feature flag is disabled[jvm]","","2026-07-21","passed","2026-07-21","","SyncCoordinatorWorkspaceSyncerSpec[jvm]","com.georgeci.moneysurfer.data.sync.SyncCoordinatorWorkspaceSyncerSpec",""
"","13","cursor returns null when no row exists[jvm]","","2026-07-21","passed","2026-07-21","","SyncMetaRepositoryImplSpec[jvm]","com.georgeci.moneysurfer.sync.internal.repository.SyncMetaRepositoryImplSpec",""
"","22","existing user with explicit defaultWorkspaceId is preserved[jvm]","","2026-07-21","passed","2026-07-21","","PostAuthBootstrapUseCaseTest[jvm]","com.georgeci.moneysurfer.domain.usecase.PostAuthBootstrapUseCaseTest",""
"","34","syncWorkspace still switches the active workspace when sync is disabled[jvm]","","2026-07-21","passed","2026-07-21","","SyncCoordinatorWorkspaceSyncerSpec[jvm]","com.georgeci.moneysurfer.data.sync.SyncCoordinatorWorkspaceSyncerSpec",""
"","40","owner can self-create their own OWNER row on workspace creation (no invite)","","2026-07-21","passed","2026-07-21","","workspaces/{wid}/members/{uid}","workspaces/{wid}/members/{uid} owner can self-create their own OWNER row on workspace creation (no invite)",""
"","1","onSyncCancelled is callable[jvm]","","2026-07-21","passed","2026-07-21","","SyncTelemetryNoOpSpec[jvm]","com.georgeci.moneysurfer.sync.telemetry.SyncTelemetryNoOpSpec",""
"","19","INCOME creation persists row and increases account balance by amount[jvm]","","2026-07-21","passed","2026-07-21","","TransactionCreationIntegrationIT[jvm]","com.georgeci.moneysurfer.integration.repository.TransactionCreationIntegrationIT",""
"","3","existing user with null defaultWorkspaceId falls back to the first workspace[jvm]","","2026-07-21","passed","2026-07-21","","PostAuthBootstrapUseCaseTest[jvm]","com.georgeci.moneysurfer.domain.usecase.PostAuthBootstrapUseCaseTest",""
"","20","leftAt path keeps role unchanged and status flipped to LEFT[jvm]","","2026-07-21","passed","2026-07-21","","WorkspaceMemberRepositoryIntegrationIT[jvm]","com.georgeci.moneysurfer.integration.repository.WorkspaceMemberRepositoryIntegrationIT",""
"","13","clearAll wipes outbox before sync_meta[jvm]","","2026-07-21","passed","2026-07-21","","RemoteDataResetRepositoryImplSpec[jvm]","com.georgeci.moneysurfer.sync.repository.RemoteDataResetRepositoryImplSpec",""
"","33","local insert failure returns LocalWriteFailed and skips remote work[jvm]","","2026-07-21","passed","2026-07-21","","CreateWorkspaceUseCaseTest[jvm]","com.georgeci.moneysurfer.domain.usecase.CreateWorkspaceUseCaseTest",""
"","6","rejects when caller is not OWNER[jvm]","","2026-07-21","passed","2026-07-21","","SendInviteUseCaseTest[jvm]","com.georgeci.moneysurfer.domain.usecase.SendInviteUseCaseTest",""
"","1","onSyncStarted is callable[jvm]","","2026-07-21","passed","2026-07-21","","SyncTelemetryNoOpSpec[jvm]","com.georgeci.moneysurfer.sync.telemetry.SyncTelemetryNoOpSpec",""
"","50","upsert in demo session writes DAO but skips outbox[jvm]","","2026-07-21","passed","2026-07-21","","WorkspaceInviteRepositoryDualWriteSpec[jvm]","com.georgeci.moneysurfer.data.repository.WorkspaceInviteRepositoryDualWriteSpec",""
"","29","accepts a correctly-typed transaction","","2026-07-21","passed","2026-07-21","","entity write-shape validation (issue #156)","entity write-shape validation (issue #156) accepts a correctly-typed transaction",""
"","13","markAttempt only updates the attempt column[jvm]","","2026-07-21","passed","2026-07-21","","SyncMetaRepositoryImplSpec[jvm]","com.georgeci.moneysurfer.sync.internal.repository.SyncMetaRepositoryImplSpec",""
"","22","recalc skipped when downloadedCount == 0[jvm]","","2026-07-21","passed","2026-07-21","","SyncCoordinatorImplSpec[jvm]","com.georgeci.moneysurfer.sync.coordinator.SyncCoordinatorImplSpec",""
"","29","markInFlight excludes rows from the next pending batch[jvm]","","2026-07-21","passed","2026-07-21","","PendingMutationQueueImplSpec[jvm]","com.georgeci.moneysurfer.data.sync.PendingMutationQueueImplSpec",""
"","28","deleting a transaction then re-applying it restores the row and the balance[jvm]","","2026-07-21","passed","2026-07-21","","DeleteUndoIntegrationIT[jvm]","com.georgeci.moneysurfer.integration.repository.DeleteUndoIntegrationIT",""
"","3","PermissionDenied is not retryable[jvm]","","2026-07-21","passed","2026-07-21","","SyncErrorSpec[jvm]","com.georgeci.moneysurfer.sync.api.SyncErrorSpec",""
"","49","UnsupportedAppVersion preserves message and is not retryable[jvm]","","2026-07-21","passed","2026-07-21","","SyncErrorSpec[jvm]","com.georgeci.moneysurfer.sync.api.SyncErrorSpec",""
"","55","archive flips archived flag[jvm]","","2026-07-21","passed","2026-07-21","","ArchiveAccountUseCaseTest[jvm]","com.georgeci.moneysurfer.domain.usecase.ArchiveAccountUseCaseTest",""
"","0","iso=1970-01-01[jvm]","","2026-07-21","passed","2026-07-21","","TimeFormatterTest[jvm]","com.georgeci.moneysurfer.data.repository.TimeFormatterTest",""
"","52","same-currency transfer creates two legs sharing transferId, EXPENSE on source and INCOME on destination[jvm]","","2026-07-21","passed","2026-07-21","","TransferCreationIntegrationIT[jvm]","com.georgeci.moneysurfer.integration.repository.TransferCreationIntegrationIT",""
"","22","user cannot create a document under another uid","","2026-07-21","passed","2026-07-21","","users/{uid}","users/{uid} user cannot create a document under another uid",""
"","21","format GBP with UK locale[jvm]","","2026-07-21","passed","2026-07-21","","MoneyFormatterTest[jvm]","com.georgeci.moneysurfer.domain.MoneyFormatterTest",""
"","8","returns Right for a Workspace scope[jvm]","","2026-07-21","passed","2026-07-21","","NoOpRecalculateLocalProjectionsUseCaseSpec[jvm]","com.georgeci.moneysurfer.sync.internal.usecase.NoOpRecalculateLocalProjectionsUseCaseSpec",""
"","118","export fails with BackupError.Io when the DataStore prefs file is missing[jvm]","","2026-07-21","passed","2026-07-21","","BackupExporterImplJvmTest[jvm]","com.georgeci.moneysurfer.data.backup.BackupExporterImplJvmTest",""
"","279","copy with override[jvm]","","2026-07-21","passed","2026-07-21","","PendingMutationSpec[jvm]","com.georgeci.moneysurfer.sync.repository.PendingMutationSpec",""
"","44","AllUserData pulls every workspace the remote lists for the user[jvm]","","2026-07-21","passed","2026-07-21","","PullRemoteChangesUseCaseImplSpec[jvm]","com.georgeci.moneysurfer.data.sync.PullRemoteChangesUseCaseImplSpec",""
"","49","an evicted (REMOVED) member can no longer read","","2026-07-21","passed","2026-07-21","","member-gated entities (accounts)","member-gated entities (accounts) an evicted (REMOVED) member can no longer read",""
"","73","awaitNetwork bounded timeout fails with NetworkUnavailable[jvm]","","2026-07-21","passed","2026-07-21","","SyncCoordinatorImplSpec[jvm]","com.georgeci.moneysurfer.sync.coordinator.SyncCoordinatorImplSpec",""
"","29","still pins workspace when setDefaultWorkspace throws[jvm]","","2026-07-21","passed","2026-07-21","","CreateWorkspaceUseCaseTest[jvm]","com.georgeci.moneysurfer.domain.usecase.CreateWorkspaceUseCaseTest",""
"","8","onStepEntered handles every SyncStep variant including parameterised ones[jvm]","","2026-07-21","passed","2026-07-21","","KermitSyncTelemetrySpec[jvm]","com.georgeci.moneysurfer.sync.internal.telemetry.KermitSyncTelemetrySpec",""
"","57","failed apply leaves the cursor untouched so the batch is retried on the next sync[jvm]","","2026-07-21","passed","2026-07-21","","NewWorkspacePullIntegrationIT[jvm]","com.georgeci.moneysurfer.integration.sync.NewWorkspacePullIntegrationIT",""
"","5","throwIfCancelled throws when cancelled[jvm]","","2026-07-21","passed","2026-07-21","","SyncCancelTokenSpec[jvm]","com.georgeci.moneysurfer.sync.api.SyncCancelTokenSpec",""
"","1","rethrows CancellationException instead of swallowing it[jvm]","","2026-07-21","passed","2026-07-21","","DecodeOrNullSpec[jvm]","com.georgeci.moneysurfer.data.sync.plugin.DecodeOrNullSpec",""
"","3","LastSyncOutcome.Cancelled carries timestamp[jvm]","","2026-07-21","passed","2026-07-21","","SyncStateSpec[jvm]","com.georgeci.moneysurfer.sync.api.SyncStateSpec",""
"","71","row referencing a missing account is reported and not inserted[jvm]","","2026-07-21","passed","2026-07-21","","CsvBackupIntegrationIT[jvm]","com.georgeci.moneysurfer.integration.repository.CsvBackupIntegrationIT",""
"","1","redactUid returns a fixed marker for blank input[jvm]","","2026-07-21","passed","2026-07-21","","PiiRedactionTest[jvm]","com.georgeci.moneysurfer.domain.logging.PiiRedactionTest",""
"","5","unparseable operation date is rejected as invalid operation_date[jvm]","","2026-07-21","passed","2026-07-21","","TransactionCsvCodecTest[jvm]","com.georgeci.moneysurfer.domain.csv.TransactionCsvCodecTest",""
"","23","isEnabled returns false when firebaseUid is empty string[jvm]","","2026-07-21","passed","2026-07-21","","OutboxEnqueuerSpec[jvm]","com.georgeci.moneysurfer.data.sync.OutboxEnqueuerSpec",""
"","111","first sync hydrates the new workspace root before its subcollections[jvm]","","2026-07-21","passed","2026-07-21","","NewWorkspacePullIntegrationIT[jvm]","com.georgeci.moneysurfer.integration.sync.NewWorkspacePullIntegrationIT",""
"","7","second pull passes the stored cursor to the reader[jvm]","","2026-07-21","passed","2026-07-21","","PullRemoteChangesUseCaseImplSpec[jvm]","com.georgeci.moneysurfer.data.sync.PullRemoteChangesUseCaseImplSpec",""
"","5","negating Long.MIN_VALUE via times(-1) throws instead of wrapping[jvm]","","2026-07-21","passed","2026-07-21","","MoneyTest[jvm]","com.georgeci.moneysurfer.domain.primitives.MoneyTest",""
"","7","AllUserData additionally pulls invites from workspaces the user is invited to[jvm]","","2026-07-21","passed","2026-07-21","","PullRemoteChangesUseCaseImplSpec[jvm]","com.georgeci.moneysurfer.data.sync.PullRemoteChangesUseCaseImplSpec",""
"","26","failure on the first mutation fails the whole batch and completes nothing[jvm]","","2026-07-21","passed","2026-07-21","","UploadPendingChangesUseCaseImplSpec[jvm]","com.georgeci.moneysurfer.data.sync.UploadPendingChangesUseCaseImplSpec",""
"","73","plain backups report isPassphraseProtected = false and import unchanged[jvm]","","2026-07-21","passed","2026-07-21","","BackupEncryptedRoundTripJvmTest[jvm]","com.georgeci.moneysurfer.data.backup.BackupEncryptedRoundTripJvmTest",""
"","6","missing local row → take remote[jvm]","","2026-07-21","passed","2026-07-21","","LwwConflictResolverSpec[jvm]","com.georgeci.moneysurfer.sync.repository.LwwConflictResolverSpec",""
"","21","insert with unknown workspaceId is allowed (no FK on workspace_invites.workspaceId)[jvm]","","2026-07-21","passed","2026-07-21","","WorkspaceInviteRepositoryIntegrationIT[jvm]","com.georgeci.moneysurfer.integration.repository.WorkspaceInviteRepositoryIntegrationIT",""
"","10","sums income / expense / opening_balance for the account[jvm]","","2026-07-21","passed","2026-07-21","","RecalculateAccountBalanceUseCaseTest[jvm]","com.georgeci.moneysurfer.domain.usecase.RecalculateAccountBalanceUseCaseTest",""
"","8","amount_minor at the domain cap is accepted[jvm]","","2026-07-21","passed","2026-07-21","","TransactionCsvCodecTest[jvm]","com.georgeci.moneysurfer.domain.csv.TransactionCsvCodecTest",""
"","55","toScope maps each reason[jvm]","","2026-07-21","passed","2026-07-21","","SyncScopeSpec[jvm]","com.georgeci.moneysurfer.sync.api.SyncScopeSpec",""
"","159","demoOnly is true only when demo is the single enabled entry point()[jvm]","","2026-07-21","passed","2026-07-21","","SignInFeatureConfigTest[jvm]","com.georgeci.moneysurfer.feature.login.SignInFeatureConfigTest",""
"","21","enqueue stores entity with PENDING status and roundtrips fields[jvm]","","2026-07-21","passed","2026-07-21","","PendingMutationQueueImplSpec[jvm]","com.georgeci.moneysurfer.sync.internal.repository.PendingMutationQueueImplSpec",""
"","7","opening_balance behaves as a regular ACTUAL for cache[jvm]","","2026-07-21","passed","2026-07-21","","ApplyTransactionChangeUseCaseTest[jvm]","com.georgeci.moneysurfer.domain.usecase.ApplyTransactionChangeUseCaseTest",""
"","21","CRC corruption is rejected[jvm]","","2026-07-21","passed","2026-07-21","","BackupImporterImplJvmTest[jvm]","com.georgeci.moneysurfer.data.backup.BackupImporterImplJvmTest",""
"","3","'00' (double leading zero)[jvm]","","2026-07-21","passed","2026-07-21","","AmountInputTransformationTest[jvm]","com.georgeci.moneysurfer.utils.AmountInputTransformationTest",""
"","80","member can read","","2026-07-21","passed","2026-07-21","","member-gated entities (accounts)","member-gated entities (accounts) member can read",""
"","1101","unicode passphrases round-trip and are distinct from lookalikes[jvm]","","2026-07-21","passed","2026-07-21","","EncryptedBackupCodecTest[jvm]","com.georgeci.moneysurfer.data.backup.EncryptedBackupCodecTest",""
"","29","shutdown cancels coordinator and scheduler[jvm]","","2026-07-21","passed","2026-07-21","","SessionShutdownGateImplSpec[jvm]","com.georgeci.moneysurfer.data.sync.SessionShutdownGateImplSpec",""
"","3","no-op edit (same impact) yields empty delta[jvm]","","2026-07-21","passed","2026-07-21","","CalculateBalanceDeltaTest[jvm]","com.georgeci.moneysurfer.domain.model.CalculateBalanceDeltaTest",""
"","2","'42.5' -> '42.5'[jvm]","","2026-07-21","passed","2026-07-21","","AmountInputTransformationTest[jvm]","com.georgeci.moneysurfer.utils.AmountInputTransformationTest",""
"","18","unauthenticated user is denied","","2026-07-21","passed","2026-07-21","","users/{uid}","users/{uid} unauthenticated user is denied",""
"","17","Unsupported app version short-circuits the sync with UnsupportedAppVersion[jvm]","","2026-07-21","passed","2026-07-21","","SyncCoordinatorImplSpec[jvm]","com.georgeci.moneysurfer.sync.coordinator.SyncCoordinatorImplSpec",""
"","15","existing install with a pinned workspace keeps the user's currency choice and does not re-login[jvm]","","2026-07-21","passed","2026-07-21","","OfflineFirstRunSeederTest[jvm]","com.georgeci.moneysurfer.offline.firstrun.OfflineFirstRunSeederTest",""
"","1","cancelAll is callable[jvm]","","2026-07-21","passed","2026-07-21","","BackgroundSyncSchedulerSpec[jvm]","com.georgeci.moneysurfer.sync.scheduler.BackgroundSyncSchedulerSpec",""
"","2","workspace root document is applied before subcollection plugins[jvm]","","2026-07-21","passed","2026-07-21","","PullRemoteChangesUseCaseImplSpec[jvm]","com.georgeci.moneysurfer.data.sync.PullRemoteChangesUseCaseImplSpec",""
"","38","member can tombstone in categories","","2026-07-21","passed","2026-07-21","","tombstone update shape (push-side soft delete)","tombstone update shape (push-side soft delete) member can tombstone in categories",""
"","6","blank category id decodes to null instead of failing[jvm]","","2026-07-21","passed","2026-07-21","","TransactionCsvCodecTest[jvm]","com.georgeci.moneysurfer.domain.csv.TransactionCsvCodecTest",""
"","2086","encrypted round-trip restores data with the right passphrase[jvm]","","2026-07-21","passed","2026-07-21","","BackupEncryptedRoundTripJvmTest[jvm]","com.georgeci.moneysurfer.data.backup.BackupEncryptedRoundTripJvmTest",""
"","16","markFailed returns row to PENDING with attempts incremented[jvm]","","2026-07-21","passed","2026-07-21","","PendingMutationQueueImplSpec[jvm]","com.georgeci.moneysurfer.data.sync.PendingMutationQueueImplSpec",""
"","28","returns null when decode throws SerializationException (wrong field type)[jvm]","","2026-07-21","passed","2026-07-21","","DecodeOrNullSpec[jvm]","com.georgeci.moneysurfer.data.sync.plugin.DecodeOrNullSpec",""
"","17","NoOpNetworkMonitor reports always-online[jvm]","","2026-07-21","passed","2026-07-21","","NoOpNetworkMonitorSpec[jvm]","com.georgeci.moneysurfer.sync.internal.network.NoOpNetworkMonitorSpec",""
"","0","'.99' -> '.99'[jvm]","","2026-07-21","passed","2026-07-21","","AmountInputTransformationTest[jvm]","com.georgeci.moneysurfer.utils.AmountInputTransformationTest",""
"","11","reads the outbox with the default batch limit[jvm]","","2026-07-21","passed","2026-07-21","","UploadPendingChangesUseCaseImplSpec[jvm]","com.georgeci.moneysurfer.data.sync.UploadPendingChangesUseCaseImplSpec",""
"","35","hard-delete is denied","","2026-07-21","passed","2026-07-21","","userEmails/{email}","userEmails/{email} hard-delete is denied",""
"","62","relaunch is idempotent — no duplicate workspace or Cash account[jvm]","","2026-07-21","passed","2026-07-21","","OfflineFirstRunSeederTest[jvm]","com.georgeci.moneysurfer.offline.firstrun.OfflineFirstRunSeederTest",""
"","4","restore on already-active account is a no-op success[jvm]","","2026-07-21","passed","2026-07-21","","ArchiveAccountUseCaseTest[jvm]","com.georgeci.moneysurfer.domain.usecase.ArchiveAccountUseCaseTest",""
"","2","merge appends child and unions reasons[jvm]","","2026-07-21","passed","2026-07-21","","MergedSyncRequestSpec[jvm]","com.georgeci.moneysurfer.sync.coordinator.MergedSyncRequestSpec",""
"","2","an ordinary note is not prefixed[jvm]","","2026-07-21","passed","2026-07-21","","TransactionCsvCodecTest[jvm]","com.georgeci.moneysurfer.domain.csv.TransactionCsvCodecTest",""
"","814","encrypted import without a passphrase surfaces PassphraseRequired[jvm]","","2026-07-21","passed","2026-07-21","","BackupEncryptedRoundTripJvmTest[jvm]","com.georgeci.moneysurfer.data.backup.BackupEncryptedRoundTripJvmTest",""
"","10","LastSyncOutcome.None is singleton[jvm]","","2026-07-21","passed","2026-07-21","","SyncStateSpec[jvm]","com.georgeci.moneysurfer.sync.api.SyncStateSpec",""
"","6","ignores a cancel token that is already cancelled (NoOp does no work)[jvm]","","2026-07-21","passed","2026-07-21","","NoOpRecalculateLocalProjectionsUseCaseSpec[jvm]","com.georgeci.moneysurfer.sync.internal.usecase.NoOpRecalculateLocalProjectionsUseCaseSpec",""
"","47","invited user CAN self-create when the doc points at their PENDING invite","","2026-07-21","passed","2026-07-21","","workspaces/{wid}/members/{uid}","workspaces/{wid}/members/{uid} invited user CAN self-create when the doc points at their PENDING invite",""
"","1","epochMillis=1700000000000[jvm]","","2026-07-21","passed","2026-07-21","","TimeFormatterTest[jvm]","com.georgeci.moneysurfer.data.repository.TimeFormatterTest",""
"","22","owner can tombstone a member row","","2026-07-21","passed","2026-07-21","","tombstone update shape (push-side soft delete)","tombstone update shape (push-side soft delete) owner can tombstone a member row",""
"","39","member can tombstone in transactions","","2026-07-21","passed","2026-07-21","","tombstone update shape (push-side soft delete)","tombstone update shape (push-side soft delete) member can tombstone in transactions",""
"","27","rejects an account whose boolean archived flag is a string","","2026-07-21","passed","2026-07-21","","entity write-shape validation (issue #156)","entity write-shape validation (issue #156) rejects an account whose boolean archived flag is a string",""
"","27","release builds mute everything below Warn[jvm]","","2026-07-21","passed","2026-07-21","","LoggingConfigTest[jvm]","com.georgeci.moneysurfer.domain.logging.LoggingConfigTest",""
"","59","offline build resolves OfflineBuildFlags with isOffline true()[jvm]","","2026-07-21","passed","2026-07-21","","OfflineBuildFlagsTest[jvm]","com.georgeci.moneysurfer.offline.di.OfflineBuildFlagsTest",""
"","21","owner can mark a member as REMOVED","","2026-07-21","passed","2026-07-21","","workspaces/{wid}/members/{uid}","workspaces/{wid}/members/{uid} owner can mark a member as REMOVED",""
"","5","Generic exception maps to Unknown[jvm]","","2026-07-21","passed","2026-07-21","","SyncErrorClassifierSpec[jvm]","com.georgeci.moneysurfer.data.sync.SyncErrorClassifierSpec",""
"","3","ConflictResolution.Merged carries the merged value[jvm]","","2026-07-21","passed","2026-07-21","","ConflictResolverSpec[jvm]","com.georgeci.moneysurfer.sync.repository.ConflictResolverSpec",""
"","36","writes workspace, member, default categories and pins it as current (no Firebase session)[jvm]","","2026-07-21","passed","2026-07-21","","CreateWorkspaceUseCaseTest[jvm]","com.georgeci.moneysurfer.domain.usecase.CreateWorkspaceUseCaseTest",""
"","1","offline build resolves SignInFeatureConfig with only demo enabled()[jvm]","","2026-07-21","passed","2026-07-21","","OfflineSignInFeatureConfigTest[jvm]","com.georgeci.moneysurfer.offline.di.OfflineSignInFeatureConfigTest",""
"","828","seal + open round-trips with the right passphrase[jvm]","","2026-07-21","passed","2026-07-21","","EncryptedBackupCodecTest[jvm]","com.georgeci.moneysurfer.data.backup.EncryptedBackupCodecTest",""
"","1","offline build resolves SyncFeatureFlag disabled()[jvm]","","2026-07-21","passed","2026-07-21","","OfflineSignInFeatureConfigTest[jvm]","com.georgeci.moneysurfer.offline.di.OfflineSignInFeatureConfigTest",""
"","28","unauthenticated user cannot append to invitedWorkspaceIds","","2026-07-21","passed","2026-07-21","","users/{uid} — invitedWorkspaceIds cross-user append","users/{uid} — invitedWorkspaceIds cross-user append unauthenticated user cannot append to invitedWorkspaceIds",""
"","1027","two seals of the same plaintext differ (fresh salt + IV)[jvm]","","2026-07-21","passed","2026-07-21","","EncryptedBackupCodecTest[jvm]","com.georgeci.moneysurfer.data.backup.EncryptedBackupCodecTest",""
"","1","'0.' -> '0.'[jvm]","","2026-07-21","passed","2026-07-21","","AmountInputTransformationTest[jvm]","com.georgeci.moneysurfer.utils.AmountInputTransformationTest",""
"","1","CompositeCancelToken with empty children treats as cancelled[jvm]","","2026-07-21","passed","2026-07-21","","SyncCancelTokenSpec[jvm]","com.georgeci.moneysurfer.sync.api.SyncCancelTokenSpec",""
"","0","'abc' (letters)[jvm]","","2026-07-21","passed","2026-07-21","","AmountInputTransformationTest[jvm]","com.georgeci.moneysurfer.utils.AmountInputTransformationTest",""
"","39","surfaces remote lookup failure as RemoteSyncFailed[jvm]","","2026-07-21","passed","2026-07-21","","SendInviteUseCaseTest[jvm]","com.georgeci.moneysurfer.domain.usecase.SendInviteUseCaseTest",""
"","5","restore flips archived flag back[jvm]","","2026-07-21","passed","2026-07-21","","ArchiveAccountUseCaseTest[jvm]","com.georgeci.moneysurfer.domain.usecase.ArchiveAccountUseCaseTest",""
"","5","SimpleCancelToken cancel is idempotent[jvm]","","2026-07-21","passed","2026-07-21","","SyncCancelTokenSpec[jvm]","com.georgeci.moneysurfer.sync.api.SyncCancelTokenSpec",""
"","1","minus that overflows Long throws instead of wrapping[jvm]","","2026-07-21","passed","2026-07-21","","MoneyTest[jvm]","com.georgeci.moneysurfer.domain.primitives.MoneyTest",""
"","52","updates the workspace baseCurrency column in Room[jvm]","","2026-07-21","passed","2026-07-21","","WorkspaceCurrencyIntegrationIT[jvm]","com.georgeci.moneysurfer.integration.repository.WorkspaceCurrencyIntegrationIT",""
"","5","no-ops when CreateWorkspaceUseCase has no current user (offline build pre-login)[jvm]","","2026-07-21","passed","2026-07-21","","SeedDefaultsUseCaseTest[jvm]","com.georgeci.moneysurfer.domain.usecase.SeedDefaultsUseCaseTest",""
"","20","owner can promote a member's role","","2026-07-21","passed","2026-07-21","","workspaces/{wid}/members/{uid}","workspaces/{wid}/members/{uid} owner can promote a member's role",""
"","8","addWorkspaceRef fires with the new workspace id so users/{uid}.workspaceIds is filled[jvm]","","2026-07-21","passed","2026-07-21","","CreateWorkspaceUseCaseTest[jvm]","com.georgeci.moneysurfer.domain.usecase.CreateWorkspaceUseCaseTest",""
"","67","attacker CANNOT self-create by pointing at an invite addressed to someone else","","2026-07-21","passed","2026-07-21","","workspaces/{wid}/members/{uid}","workspaces/{wid}/members/{uid} attacker CANNOT self-create by pointing at an invite addressed to someone else",""
"","47","pending returns rows in createdAt order[jvm]","","2026-07-21","passed","2026-07-21","","PendingMutationQueueImplSpec[jvm]","com.georgeci.moneysurfer.data.sync.PendingMutationQueueImplSpec",""
"","22","user cannot create a workspace owned by someone else","","2026-07-21","passed","2026-07-21","","workspaces/{wid}","workspaces/{wid} user cannot create a workspace owned by someone else",""
"","5","debug builds keep verbose logging[jvm]","","2026-07-21","passed","2026-07-21","","LoggingConfigTest[jvm]","com.georgeci.moneysurfer.domain.logging.LoggingConfigTest",""
"","12","ActiveWorkspace with no current workspace pulls nothing[jvm]","","2026-07-21","passed","2026-07-21","","PullRemoteChangesUseCaseImplSpec[jvm]","com.georgeci.moneysurfer.data.sync.PullRemoteChangesUseCaseImplSpec",""
"","31","Either.Left(Cancelled) returned from upload completes as cancelled[jvm]","","2026-07-21","passed","2026-07-21","","SyncCoordinatorImplBranchSpec[jvm]","com.georgeci.moneysurfer.sync.coordinator.SyncCoordinatorImplBranchSpec",""
"","202","inserts accounts with USD, EUR, RUB in same workspace and getByWorkspaceId returns all three[jvm]","","2026-07-21","passed","2026-07-21","","AccountCreationIntegrationIT[jvm]","com.georgeci.moneysurfer.integration.repository.AccountCreationIntegrationIT",""
"","4","format single cent[jvm]","","2026-07-21","passed","2026-07-21","","MoneyFormatterTest[jvm]","com.georgeci.moneysurfer.domain.MoneyFormatterTest",""
"","52","invited user CAN self-create via an email-only invite (legacy, no targetUserId)","","2026-07-21","passed","2026-07-21","","workspaces/{wid}/members/{uid}","workspaces/{wid}/members/{uid} invited user CAN self-create via an email-only invite (legacy, no targetUserId)",""
"","21","owner can tombstone an invite","","2026-07-21","passed","2026-07-21","","tombstone update shape (push-side soft delete)","tombstone update shape (push-side soft delete) owner can tombstone an invite",""
"","176","strings.xml files are discovered[jvm]","","2026-07-21","passed","2026-07-21","","StringResourcePlaceholderTest[jvm]","com.georgeci.moneysurfer.utils.StringResourcePlaceholderTest",""
"","11","schedulePeriodic uses default constraints when none supplied[jvm]","","2026-07-21","passed","2026-07-21","","BackgroundSyncSchedulerSpec[jvm]","com.georgeci.moneysurfer.sync.scheduler.BackgroundSyncSchedulerSpec",""
"","32","non-member is blocked from categories","","2026-07-21","passed","2026-07-21","","member-gated entities (smoke for the rest)","member-gated entities (smoke for the rest) non-member is blocked from categories",""
"","18","observe maps rows to domain SyncMeta[jvm]","","2026-07-21","passed","2026-07-21","","SyncMetaRepositoryImplSpec[jvm]","com.georgeci.moneysurfer.sync.internal.repository.SyncMetaRepositoryImplSpec",""
"","27","invitee cannot tombstone a PENDING invite (known limitation: only status transitions)","","2026-07-21","passed","2026-07-21","","tombstone update shape (push-side soft delete)","tombstone update shape (push-side soft delete) invitee cannot tombstone a PENDING invite (known limitation: only status transitions)",""
"","1","local newer than remote → take local[jvm]","","2026-07-21","passed","2026-07-21","","LwwConflictResolverSpec[jvm]","com.georgeci.moneysurfer.sync.repository.LwwConflictResolverSpec",""
"","65","imported expense adjusts the cached account balance[jvm]","","2026-07-21","passed","2026-07-21","","CsvBackupIntegrationIT[jvm]","com.georgeci.moneysurfer.integration.repository.CsvBackupIntegrationIT",""
"","25","isEnabled returns false when app version is Unsupported[jvm]","","2026-07-21","passed","2026-07-21","","OutboxEnqueuerSpec[jvm]","com.georgeci.moneysurfer.data.sync.OutboxEnqueuerSpec",""
"","6","no enqueue when app-version gate denies sync[jvm]","","2026-07-21","passed","2026-07-21","","OutboxEnqueuerImplSpec[jvm]","com.georgeci.moneysurfer.sync.repository.OutboxEnqueuerImplSpec",""
"","7","fresh repository starts empty[jvm]","","2026-07-21","passed","2026-07-21","","SyncMetaRepositoryImplSpec[jvm]","com.georgeci.moneysurfer.data.sync.SyncMetaRepositoryImplSpec",""
"","37","member can read another member's row (roster visibility)","","2026-07-21","passed","2026-07-21","","workspaces/{wid}/members/{uid}","workspaces/{wid}/members/{uid} member can read another member's row (roster visibility)",""
"","2","SimpleCancelToken cancel flips state[jvm]","","2026-07-21","passed","2026-07-21","","SyncCancelTokenSpec[jvm]","com.georgeci.moneysurfer.sync.api.SyncCancelTokenSpec",""
"","34","member can tombstone an account","","2026-07-21","passed","2026-07-21","","tombstone update shape (push-side soft delete)","tombstone update shape (push-side soft delete) member can tombstone an account",""
"","31","NetworkUnavailable is retryable[jvm]","","2026-07-21","passed","2026-07-21","","SyncErrorSpec[jvm]","com.georgeci.moneysurfer.sync.api.SyncErrorSpec",""
"","4","blank id is rejected as invalid id[jvm]","","2026-07-21","passed","2026-07-21","","TransactionCsvCodecTest[jvm]","com.georgeci.moneysurfer.domain.csv.TransactionCsvCodecTest",""
"","24","non-owner cannot edit another member's row","","2026-07-21","passed","2026-07-21","","workspaces/{wid}/members/{uid}","workspaces/{wid}/members/{uid} non-owner cannot edit another member's row",""
"","1","equals and hashCode treat identical fields as equal[jvm]","","2026-07-21","passed","2026-07-21","","PendingMutationSpec[jvm]","com.georgeci.moneysurfer.sync.repository.PendingMutationSpec",""
"","11","returns null when decode throws a ClassCastException (platform decoder mismatch)[jvm]","","2026-07-21","passed","2026-07-21","","DecodeOrNullSpec[jvm]","com.georgeci.moneysurfer.data.sync.plugin.DecodeOrNullSpec",""
"","25","isEnabled returns false when firebaseUid is null (demo session)[jvm]","","2026-07-21","passed","2026-07-21","","OutboxEnqueuerSpec[jvm]","com.georgeci.moneysurfer.data.sync.OutboxEnqueuerSpec",""
"","43","user cannot create another user's member row (only self)","","2026-07-21","passed","2026-07-21","","workspaces/{wid}/members/{uid}","workspaces/{wid}/members/{uid} user cannot create another user's member row (only self)",""
"","23","UploadOnly scope skips pull and recalc[jvm]","","2026-07-21","passed","2026-07-21","","SyncCoordinatorImplSpec[jvm]","com.georgeci.moneysurfer.sync.coordinator.SyncCoordinatorImplSpec",""
"","2","',5' -> '.5'[jvm]","","2026-07-21","passed","2026-07-21","","AmountInputTransformationTest[jvm]","com.georgeci.moneysurfer.utils.AmountInputTransformationTest",""
"","1","arbitrary throwable maps to Unknown carrying the cause[jvm]","","2026-07-21","passed","2026-07-21","","SyncErrorClassifierSpec[jvm]","com.georgeci.moneysurfer.sync.internal.SyncErrorClassifierSpec",""
"","7","ignores REMOVED ex-members when checking duplicates[jvm]","","2026-07-21","passed","2026-07-21","","SendInviteUseCaseTest[jvm]","com.georgeci.moneysurfer.domain.usecase.SendInviteUseCaseTest",""
"","26","updates the workspace base currency[jvm]","","2026-07-21","passed","2026-07-21","","UpdateWorkspaceCurrencyUseCaseTest[jvm]","com.georgeci.moneysurfer.domain.usecase.UpdateWorkspaceCurrencyUseCaseTest",""
"","0","moving expense between accounts unwinds old and applies new[jvm]","","2026-07-21","passed","2026-07-21","","ApplyTransactionChangeUseCaseTest[jvm]","com.georgeci.moneysurfer.domain.usecase.ApplyTransactionChangeUseCaseTest",""
"","10","is a no-op when the requested currency already matches[jvm]","","2026-07-21","passed","2026-07-21","","UpdateWorkspaceCurrencyUseCaseTest[jvm]","com.georgeci.moneysurfer.domain.usecase.UpdateWorkspaceCurrencyUseCaseTest",""
"","8","conflicts and skipped docs are reflected in the summary[jvm]","","2026-07-21","passed","2026-07-21","","PullRemoteChangesUseCaseImplSpec[jvm]","com.georgeci.moneysurfer.data.sync.PullRemoteChangesUseCaseImplSpec",""
"","25","enqueueDelete writes DELETE mutation[jvm]","","2026-07-21","passed","2026-07-21","","OutboxEnqueuerSpec[jvm]","com.georgeci.moneysurfer.data.sync.OutboxEnqueuerSpec",""
"","8","rejects when no current user[jvm]","","2026-07-21","passed","2026-07-21","","SendInviteUseCaseTest[jvm]","com.georgeci.moneysurfer.domain.usecase.SendInviteUseCaseTest",""
"","4","PUSH order is workspace → members → invites → accounts → categories → transactions[jvm]","","2026-07-21","passed","2026-07-21","","SyncStepOrderTest[jvm]","com.georgeci.moneysurfer.domain.model.SyncStepOrderTest",""
"","46","non-member cannot create","","2026-07-21","passed","2026-07-21","","member-gated entities (accounts)","member-gated entities (accounts) non-member cannot create",""
"","12","planned transaction contributes nothing[jvm]","","2026-07-21","passed","2026-07-21","","BalanceImpactTest[jvm]","com.georgeci.moneysurfer.domain.model.BalanceImpactTest",""
"","4","SerializationException maps to Unknown[jvm]","","2026-07-21","passed","2026-07-21","","SyncErrorClassifierSpec[jvm]","com.georgeci.moneysurfer.data.sync.SyncErrorClassifierSpec",""
"","14","a transfer pair with two legs of the same type is rejected[jvm]","","2026-07-21","passed","2026-07-21","","ExportImportTransactionsUseCaseTest[jvm]","com.georgeci.moneysurfer.domain.csv.ExportImportTransactionsUseCaseTest",""
"","13","shutdown is safe to call repeatedly (idempotent)[jvm]","","2026-07-21","passed","2026-07-21","","SessionShutdownGateImplSpec[jvm]","com.georgeci.moneysurfer.sync.internal.SessionShutdownGateImplSpec",""
"","2","Started title[jvm]","","2026-07-21","passed","2026-07-21","","SyncStepSpec[jvm]","com.georgeci.moneysurfer.sync.api.SyncStepSpec",""
"","22","stranger cannot self-create even by naming a non-existent inviteId","","2026-07-21","passed","2026-07-21","","workspaces/{wid}/members/{uid}","workspaces/{wid}/members/{uid} stranger cannot self-create even by naming a non-existent inviteId",""
"","19","magic constant is stable (backup format compatibility)[jvm]","","2026-07-21","passed","2026-07-21","","EncryptedBackupCodecTest[jvm]","com.georgeci.moneysurfer.data.backup.EncryptedBackupCodecTest",""
"","3","reader rejects truncated entry body[jvm]","","2026-07-21","passed","2026-07-21","","ZipStoredCodecTest[jvm]","com.georgeci.moneysurfer.data.backup.ZipStoredCodecTest",""
"","14","pushAll failure surfaces as RemoteSyncFailed and skips addRef + pin[jvm]","","2026-07-21","passed","2026-07-21","","CreateWorkspaceUseCaseTest[jvm]","com.georgeci.moneysurfer.domain.usecase.CreateWorkspaceUseCaseTest",""
"","3","malformed -> null[jvm]","","2026-07-21","passed","2026-07-21","","TimeFormatterTest[jvm]","com.georgeci.moneysurfer.data.repository.TimeFormatterTest",""
"","22","getByWorkspaceId returns ACTIVE and soft-deleted rows alike (UI filters by status)[jvm]","","2026-07-21","passed","2026-07-21","","WorkspaceMemberRepositoryIntegrationIT[jvm]","com.georgeci.moneysurfer.integration.repository.WorkspaceMemberRepositoryIntegrationIT",""
"","2","merge keeps narrower scope when both narrow[jvm]","","2026-07-21","passed","2026-07-21","","MergedSyncRequestSpec[jvm]","com.georgeci.moneysurfer.sync.coordinator.MergedSyncRequestSpec",""
"","6","delete unwinds impact and removes the row[jvm]","","2026-07-21","passed","2026-07-21","","ApplyTransactionChangeUseCaseTest[jvm]","com.georgeci.moneysurfer.domain.usecase.ApplyTransactionChangeUseCaseTest",""
"","15","markCompleted removes rows[jvm]","","2026-07-21","passed","2026-07-21","","PendingMutationQueueImplSpec[jvm]","com.georgeci.moneysurfer.data.sync.PendingMutationQueueImplSpec",""
"","29","recipient can collection-group query by email","","2026-07-21","passed","2026-07-21","","invites — read","invites — read recipient can collection-group query by email",""
"","6","set merge with only Indefinite reasons stays Indefinite[jvm]","","2026-07-21","passed","2026-07-21","","NetworkWaitModeSpec[jvm]","com.georgeci.moneysurfer.sync.network.NetworkWaitModeSpec",""
"","4","create expense decrements cache by amount[jvm]","","2026-07-21","passed","2026-07-21","","ApplyTransactionChangeUseCaseTest[jvm]","com.georgeci.moneysurfer.domain.usecase.ApplyTransactionChangeUseCaseTest",""
"","422","first run pins a demo user, seeds Personal + Cash, and defers the currency choice[jvm]","","2026-07-21","passed","2026-07-21","","OfflineFirstRunSeederTest[jvm]","com.georgeci.moneysurfer.offline.firstrun.OfflineFirstRunSeederTest",""
"","27","happy path: creates ACTIVE member with invite role + marks invite ACCEPTED[jvm]","","2026-07-21","passed","2026-07-21","","AcceptInviteUseCaseTest[jvm]","com.georgeci.moneysurfer.domain.usecase.AcceptInviteUseCaseTest",""
"","124","format EUR with German locale[jvm]","","2026-07-21","passed","2026-07-21","","MoneyFormatterTest[jvm]","com.georgeci.moneysurfer.domain.MoneyFormatterTest",""
"","10","demoOnly is false when email-password is also enabled()[jvm]","","2026-07-21","passed","2026-07-21","","SignInFeatureConfigTest[jvm]","com.georgeci.moneysurfer.feature.login.SignInFeatureConfigTest",""
"","9","Unknown.isRetryable is true (sync should be re-attempted on next cycle)[jvm]","","2026-07-21","passed","2026-07-21","","SyncErrorClassifierSpec[jvm]","com.georgeci.moneysurfer.sync.internal.SyncErrorClassifierSpec",""
"","11","a row whose account belongs to a different workspace is rejected[jvm]","","2026-07-21","passed","2026-07-21","","ExportImportTransactionsUseCaseTest[jvm]","com.georgeci.moneysurfer.domain.csv.ExportImportTransactionsUseCaseTest",""
"","23","localized composeResources string files are discovered[jvm]","","2026-07-21","passed","2026-07-21","","StringResourceParityTest[jvm]","com.georgeci.moneysurfer.utils.StringResourceParityTest",""
"","15","raises WorkspaceNotFound when the workspace does not exist[jvm]","","2026-07-21","passed","2026-07-21","","UpdateWorkspaceCurrencyUseCaseTest[jvm]","com.georgeci.moneysurfer.domain.usecase.UpdateWorkspaceCurrencyUseCaseTest",""
"","19","user can self-update status to LEFT","","2026-07-21","passed","2026-07-21","","workspaces/{wid}/members/{uid}","workspaces/{wid}/members/{uid} user can self-update status to LEFT",""
"","7","matches by targetUserId when email differs[jvm]","","2026-07-21","passed","2026-07-21","","AcceptInviteUseCaseTest[jvm]","com.georgeci.moneysurfer.domain.usecase.AcceptInviteUseCaseTest",""
"","40","accepts a nullable field set explicitly to null (deletedAt)","","2026-07-21","passed","2026-07-21","","entity write-shape validation (issue #156)","entity write-shape validation (issue #156) accepts a nullable field set explicitly to null (deletedAt)",""
"","28","toString contains the id and entityType[jvm]","","2026-07-21","passed","2026-07-21","","PendingMutationSpec[jvm]","com.georgeci.moneysurfer.sync.repository.PendingMutationSpec",""
"","26","ActiveWorkspace pulls only the current workspace even when the provider knows more[jvm]","","2026-07-21","passed","2026-07-21","","PullRemoteChangesUseCaseImplSpec[jvm]","com.georgeci.moneysurfer.data.sync.PullRemoteChangesUseCaseImplSpec",""
"","27","rejects an account whose string name is a number","","2026-07-21","passed","2026-07-21","","entity write-shape validation (issue #156)","entity write-shape validation (issue #156) rejects an account whose string name is a number",""
"","4","rejects when a PENDING invite for the email already exists[jvm]","","2026-07-21","passed","2026-07-21","","SendInviteUseCaseTest[jvm]","com.georgeci.moneysurfer.domain.usecase.SendInviteUseCaseTest",""
"","8","deterministic — same input gives same output[jvm]","","2026-07-21","passed","2026-07-21","","LwwConflictResolverSpec[jvm]","com.georgeci.moneysurfer.sync.repository.LwwConflictResolverSpec",""
"","52","signed-in user can read a userEmails doc by exact key","","2026-07-21","passed","2026-07-21","","userEmails/{email}","userEmails/{email} signed-in user can read a userEmails doc by exact key",""
"","2","epochMillis=0[jvm]","","2026-07-21","passed","2026-07-21","","TimeFormatterTest[jvm]","com.georgeci.moneysurfer.data.repository.TimeFormatterTest",""
"","23","onSyncStarted runs without error[jvm]","","2026-07-21","passed","2026-07-21","","KermitSyncTelemetrySpec[jvm]","com.georgeci.moneysurfer.sync.internal.telemetry.KermitSyncTelemetrySpec",""
"","27","cancelCurrent terminates running with Cancelled[jvm]","","2026-07-21","passed","2026-07-21","","SyncCoordinatorImplSpec[jvm]","com.georgeci.moneysurfer.sync.coordinator.SyncCoordinatorImplSpec",""
"","3","'42,50' -> '42.50'[jvm]","","2026-07-21","passed","2026-07-21","","AmountInputTransformationTest[jvm]","com.georgeci.moneysurfer.utils.AmountInputTransformationTest",""
"","5","reason mapping for BACKGROUND is Bounded(5m)[jvm]","","2026-07-21","passed","2026-07-21","","NetworkWaitModeSpec[jvm]","com.georgeci.moneysurfer.sync.network.NetworkWaitModeSpec",""
"","16","re-currencies accounts still on the previous workspace currency[jvm]","","2026-07-21","passed","2026-07-21","","UpdateWorkspaceCurrencyUseCaseTest[jvm]","com.georgeci.moneysurfer.domain.usecase.UpdateWorkspaceCurrencyUseCaseTest",""
"","29","cancelAll cancels running and queued[jvm]","","2026-07-21","passed","2026-07-21","","SyncCoordinatorImplSpec[jvm]","com.georgeci.moneysurfer.sync.coordinator.SyncCoordinatorImplSpec",""
"","4","copy preserves equality[jvm]","","2026-07-21","passed","2026-07-21","","SyncConstraintsSpec[jvm]","com.georgeci.moneysurfer.sync.scheduler.SyncConstraintsSpec",""
"","22","archive missing the main DB entry surfaces MissingFile[jvm]","","2026-07-21","passed","2026-07-21","","BackupImporterImplJvmTest[jvm]","com.georgeci.moneysurfer.data.backup.BackupImporterImplJvmTest",""
"","582","inserts account with USD and round-trips currency + balance[jvm]","","2026-07-21","passed","2026-07-21","","AccountCreationIntegrationIT[jvm]","com.georgeci.moneysurfer.integration.repository.AccountCreationIntegrationIT",""
"","0","epochMillis=4611686018427387903[jvm]","","2026-07-21","passed","2026-07-21","","TimeFormatterTest[jvm]","com.georgeci.moneysurfer.data.repository.TimeFormatterTest",""
"","26","hard-delete is denied even for members","","2026-07-21","passed","2026-07-21","","member-gated entities (accounts)","member-gated entities (accounts) hard-delete is denied even for members",""
"","9","times that overflows Long throws instead of wrapping[jvm]","","2026-07-21","passed","2026-07-21","","MoneyTest[jvm]","com.georgeci.moneysurfer.domain.primitives.MoneyTest",""
"","0","'.5' -> '.5'[jvm]","","2026-07-21","passed","2026-07-21","","AmountInputTransformationTest[jvm]","com.georgeci.moneysurfer.utils.AmountInputTransformationTest",""
"","19","unauthenticated user is denied","","2026-07-21","passed","2026-07-21","","workspaces/{wid}","workspaces/{wid} unauthenticated user is denied",""
"","42","accepts a minimal account (default-valued fields omitted)","","2026-07-21","passed","2026-07-21","","entity write-shape validation (issue #156)","entity write-shape validation (issue #156) accepts a minimal account (default-valued fields omitted)",""
"","1","ProjectionSummary carries the recalculated count[jvm]","","2026-07-21","passed","2026-07-21","","ProjectionSpec[jvm]","com.georgeci.moneysurfer.sync.projection.ProjectionSpec",""
"","4","CompositeCancelToken not cancelled when only some children cancelled[jvm]","","2026-07-21","passed","2026-07-21","","SyncCancelTokenSpec[jvm]","com.georgeci.moneysurfer.sync.api.SyncCancelTokenSpec",""
"","15","LastSyncOutcome.Failed carries error and timestamp[jvm]","","2026-07-21","passed","2026-07-21","","SyncStateSpec[jvm]","com.georgeci.moneysurfer.sync.api.SyncStateSpec",""
"","1","DEFAULT_BATCH_LIMIT is 100[jvm]","","2026-07-21","passed","2026-07-21","","PendingMutationQueueSpec[jvm]","com.georgeci.moneysurfer.sync.repository.PendingMutationQueueSpec",""
"","66","invited user CANNOT self-create against a CANCELLED invite","","2026-07-21","passed","2026-07-21","","workspaces/{wid}/members/{uid}","workspaces/{wid}/members/{uid} invited user CANNOT self-create against a CANCELLED invite",""
"","44","sender cannot append when list is already at cap (100)","","2026-07-21","passed","2026-07-21","","users/{uid} — invitedWorkspaceIds cross-user append","users/{uid} — invitedWorkspaceIds cross-user append sender cannot append when list is already at cap (100)",""
"","28","hard-delete is denied (soft-delete via status=REMOVED)","","2026-07-21","passed","2026-07-21","","workspaces/{wid}/members/{uid}","workspaces/{wid}/members/{uid} hard-delete is denied (soft-delete via status=REMOVED)",""
"","43","update blocked when clientVersionCode is missing on the resulting doc","","2026-07-21","passed","2026-07-21","","invites — update / delete","invites — update / delete update blocked when clientVersionCode is missing on the resulting doc",""
"","12","default newRequestId factory generates uuid-shaped ids[jvm]","","2026-07-21","passed","2026-07-21","","SyncCoordinatorImplBranchSpec[jvm]","com.georgeci.moneysurfer.sync.coordinator.SyncCoordinatorImplBranchSpec",""
"","24","pending honours the limit[jvm]","","2026-07-21","passed","2026-07-21","","PendingMutationQueueImplSpec[jvm]","com.georgeci.moneysurfer.sync.internal.repository.PendingMutationQueueImplSpec",""
"","0","'1.999' (three decimal digits)[jvm]","","2026-07-21","passed","2026-07-21","","AmountInputTransformationTest[jvm]","com.georgeci.moneysurfer.utils.AmountInputTransformationTest",""
"","21","user can update their own document","","2026-07-21","passed","2026-07-21","","users/{uid}","users/{uid} user can update their own document",""
"","1","empty set is Indefinite[jvm]","","2026-07-21","passed","2026-07-21","","NetworkWaitModeSpec[jvm]","com.georgeci.moneysurfer.sync.network.NetworkWaitModeSpec",""
"","0","missing localUpdatedAt → remote wins (treated as DISTANT_PAST)[jvm]","","2026-07-21","passed","2026-07-21","","LwwConflictResolverSpec[jvm]","com.georgeci.moneysurfer.sync.repository.LwwConflictResolverSpec",""
"","1","repeat delete (null/null) is a no-op[jvm]","","2026-07-21","passed","2026-07-21","","ApplyTransactionChangeUseCaseTest[jvm]","com.georgeci.moneysurfer.domain.usecase.ApplyTransactionChangeUseCaseTest",""
"","34","rejects when invite is expired[jvm]","","2026-07-21","passed","2026-07-21","","AcceptInviteUseCaseTest[jvm]","com.georgeci.moneysurfer.domain.usecase.AcceptInviteUseCaseTest",""
"","5","case-insensitive email match[jvm]","","2026-07-21","passed","2026-07-21","","AcceptInviteUseCaseTest[jvm]","com.georgeci.moneysurfer.domain.usecase.AcceptInviteUseCaseTest",""
"","14","lastOutcome records failure when use case returns Left[jvm]","","2026-07-21","passed","2026-07-21","","SyncCoordinatorImplSpec[jvm]","com.georgeci.moneysurfer.sync.coordinator.SyncCoordinatorImplSpec",""
"","5","build returns zeros by default[jvm]","","2026-07-21","passed","2026-07-21","","SyncSummaryBuilderSpec[jvm]","com.georgeci.moneysurfer.sync.api.SyncSummaryBuilderSpec",""
"","34","thrown Throwable from upload becomes SyncError.Unknown[jvm]","","2026-07-21","passed","2026-07-21","","SyncCoordinatorImplBranchSpec[jvm]","com.georgeci.moneysurfer.sync.coordinator.SyncCoordinatorImplBranchSpec",""
"","10","SyncHandleStatus.Cancelled is singleton[jvm]","","2026-07-21","passed","2026-07-21","","SyncStateSpec[jvm]","com.georgeci.moneysurfer.sync.api.SyncStateSpec",""
"","12","onSyncCompleted formats counts[jvm]","","2026-07-21","passed","2026-07-21","","KermitSyncTelemetrySpec[jvm]","com.georgeci.moneysurfer.sync.internal.telemetry.KermitSyncTelemetrySpec",""
"","14","every field survives an encode/decode round-trip[jvm]","","2026-07-21","passed","2026-07-21","","TransactionCsvCodecTest[jvm]","com.georgeci.moneysurfer.domain.csv.TransactionCsvCodecTest",""
"","11","a foreign CSV header fails the whole import[jvm]","","2026-07-21","passed","2026-07-21","","ExportImportTransactionsUseCaseTest[jvm]","com.georgeci.moneysurfer.domain.csv.ExportImportTransactionsUseCaseTest",""
"","24","upsert (existing) enqueues UPDATE[jvm]","","2026-07-21","passed","2026-07-21","","WorkspaceInviteRepositoryDualWriteSpec[jvm]","com.georgeci.moneysurfer.data.repository.WorkspaceInviteRepositoryDualWriteSpec",""
"","22","user CANNOT self-set status to REMOVED","","2026-07-21","passed","2026-07-21","","workspaces/{wid}/members/{uid}","workspaces/{wid}/members/{uid} user CANNOT self-set status to REMOVED",""
"","30","deleting a category then re-inserting it restores the row[jvm]","","2026-07-21","passed","2026-07-21","","DeleteUndoIntegrationIT[jvm]","com.georgeci.moneysurfer.integration.repository.DeleteUndoIntegrationIT",""
"","6","ConflictResolution.Skip is a singleton[jvm]","","2026-07-21","passed","2026-07-21","","ConflictResolverSpec[jvm]","com.georgeci.moneysurfer.sync.repository.ConflictResolverSpec",""
"","18","recalc runs when downloadedCount > 0[jvm]","","2026-07-21","passed","2026-07-21","","SyncCoordinatorImplSpec[jvm]","com.georgeci.moneysurfer.sync.coordinator.SyncCoordinatorImplSpec",""
"","27","awaitNetwork indefinite proceeds when network returns[jvm]","","2026-07-21","passed","2026-07-21","","SyncCoordinatorImplSpec[jvm]","com.georgeci.moneysurfer.sync.coordinator.SyncCoordinatorImplSpec",""
"","7","no enqueue when not signed in to Firebase (demo session)[jvm]","","2026-07-21","passed","2026-07-21","","OutboxEnqueuerImplSpec[jvm]","com.georgeci.moneysurfer.sync.repository.OutboxEnqueuerImplSpec",""
"","3","CompositeCancelToken throwIfCancelled when partial does not throw[jvm]","","2026-07-21","passed","2026-07-21","","SyncCancelTokenSpec[jvm]","com.georgeci.moneysurfer.sync.api.SyncCancelTokenSpec",""
"","1","minus that overflows Long on the positive side throws instead of wrapping[jvm]","","2026-07-21","passed","2026-07-21","","MoneyTest[jvm]","com.georgeci.moneysurfer.domain.primitives.MoneyTest",""
"","0","set merge picks smallest bounded timeout[jvm]","","2026-07-21","passed","2026-07-21","","NetworkWaitModeSpec[jvm]","com.georgeci.moneysurfer.sync.network.NetworkWaitModeSpec",""
"","1","explicit value is preserved[jvm]","","2026-07-21","passed","2026-07-21","","SyncRequestIdSpec[jvm]","com.georgeci.moneysurfer.sync.api.SyncRequestIdSpec",""
"","13","a transfer leg without its pair row is rejected[jvm]","","2026-07-21","passed","2026-07-21","","ExportImportTransactionsUseCaseTest[jvm]","com.georgeci.moneysurfer.domain.csv.ExportImportTransactionsUseCaseTest",""
"","20","a row whose category belongs to a different workspace is rejected[jvm]","","2026-07-21","passed","2026-07-21","","ExportImportTransactionsUseCaseTest[jvm]","com.georgeci.moneysurfer.domain.csv.ExportImportTransactionsUseCaseTest",""
"","34","create blocked when clientVersionCode is below floor (0)","","2026-07-21","passed","2026-07-21","","member-gated entities (accounts)","member-gated entities (accounts) create blocked when clientVersionCode is below floor (0)",""
"","5","a legacy note starting with a literal apostrophe decodes unchanged[jvm]","","2026-07-21","passed","2026-07-21","","TransactionCsvCodecTest[jvm]","com.georgeci.moneysurfer.domain.csv.TransactionCsvCodecTest",""
"","15","import skips duplicate ids inside the same file[jvm]","","2026-07-21","passed","2026-07-21","","ExportImportTransactionsUseCaseTest[jvm]","com.georgeci.moneysurfer.domain.csv.ExportImportTransactionsUseCaseTest",""
"","77","from wraps single request as merged with one child[jvm]","","2026-07-21","passed","2026-07-21","","MergedSyncRequestSpec[jvm]","com.georgeci.moneysurfer.sync.coordinator.MergedSyncRequestSpec",""
"","45","member can create + read in budgets","","2026-07-21","passed","2026-07-21","","member-gated entities (smoke for the rest)","member-gated entities (smoke for the rest) member can create + read in budgets",""
"","17","addWorkspaceRef failure does not block setDefaultWorkspace[jvm]","","2026-07-21","passed","2026-07-21","","CreateWorkspaceUseCaseTest[jvm]","com.georgeci.moneysurfer.domain.usecase.CreateWorkspaceUseCaseTest",""
"","19","permission-denied during fetch maps to AuthError.PermissionDenied[jvm]","","2026-07-21","passed","2026-07-21","","PostAuthBootstrapUseCaseTest[jvm]","com.georgeci.moneysurfer.domain.usecase.PostAuthBootstrapUseCaseTest",""
"","22","insert in demo session writes DAO but skips outbox[jvm]","","2026-07-21","passed","2026-07-21","","WorkspaceMemberRepositoryDualWriteSpec[jvm]","com.georgeci.moneysurfer.data.repository.WorkspaceMemberRepositoryDualWriteSpec",""
"","44","invited user CAN self-create referencing an already-ACCEPTED invite (push-order/idempotent)","","2026-07-21","passed","2026-07-21","","workspaces/{wid}/members/{uid}","workspaces/{wid}/members/{uid} invited user CAN self-create referencing an already-ACCEPTED invite (push-order/idempotent)",""
"","0","'42.' -> '42.'[jvm]","","2026-07-21","passed","2026-07-21","","AmountInputTransformationTest[jvm]","com.georgeci.moneysurfer.utils.AmountInputTransformationTest",""
"","1","demoOnly is false when demo itself is disabled()[jvm]","","2026-07-21","passed","2026-07-21","","SignInFeatureConfigTest[jvm]","com.georgeci.moneysurfer.feature.login.SignInFeatureConfigTest",""
"","1","default constraints disable network/charging gates and require non-low battery[jvm]","","2026-07-21","passed","2026-07-21","","SyncConstraintsSpec[jvm]","com.georgeci.moneysurfer.sync.scheduler.SyncConstraintsSpec",""
"","50","an evicted (REMOVED) member CANNOT self-resurrect to ACTIVE","","2026-07-21","passed","2026-07-21","","workspaces/{wid}/members/{uid}","workspaces/{wid}/members/{uid} an evicted (REMOVED) member CANNOT self-resurrect to ACTIVE",""
"","11","shutdown cancels coordinator first, then scheduler[jvm]","","2026-07-21","passed","2026-07-21","","SessionShutdownGateImplSpec[jvm]","com.georgeci.moneysurfer.sync.internal.SessionShutdownGateImplSpec",""
"","1","Cancelled.isRetryable is false[jvm]","","2026-07-21","passed","2026-07-21","","SyncErrorClassifierSpec[jvm]","com.georgeci.moneysurfer.sync.internal.SyncErrorClassifierSpec",""
"","13","SyncHandleStatus.Queued is singleton[jvm]","","2026-07-21","passed","2026-07-21","","SyncStateSpec[jvm]","com.georgeci.moneysurfer.sync.api.SyncStateSpec",""
"","5","throwIfCancelled does nothing when active[jvm]","","2026-07-21","passed","2026-07-21","","SyncCancelTokenSpec[jvm]","com.georgeci.moneysurfer.sync.api.SyncCancelTokenSpec",""
"","20","unauthenticated user is denied","","2026-07-21","passed","2026-07-21","","workspaces/{wid}/members/{uid}","workspaces/{wid}/members/{uid} unauthenticated user is denied",""
"","3","SerializationException maps to Unknown carrying the cause[jvm]","","2026-07-21","passed","2026-07-21","","SyncErrorClassifierSpec[jvm]","com.georgeci.moneysurfer.sync.internal.SyncErrorClassifierSpec",""
"","45","markAccepted transitions status and stamps respondedAt[jvm]","","2026-07-21","passed","2026-07-21","","WorkspaceInviteRepositoryDualWriteSpec[jvm]","com.georgeci.moneysurfer.data.repository.WorkspaceInviteRepositoryDualWriteSpec",""
"","6","is idempotent — second invocation does not duplicate workspace or Cash account[jvm]","","2026-07-21","passed","2026-07-21","","SeedDefaultsUseCaseTest[jvm]","com.georgeci.moneysurfer.domain.usecase.SeedDefaultsUseCaseTest",""
"","1","onSyncCompleted is callable[jvm]","","2026-07-21","passed","2026-07-21","","SyncTelemetryNoOpSpec[jvm]","com.georgeci.moneysurfer.sync.telemetry.SyncTelemetryNoOpSpec",""
"","4","a note starting with a formula trigger is neutralised on encode[jvm]","","2026-07-21","passed","2026-07-21","","TransactionCsvCodecTest[jvm]","com.georgeci.moneysurfer.domain.csv.TransactionCsvCodecTest",""
"","20","non-owner member cannot update workspace metadata","","2026-07-21","passed","2026-07-21","","workspaces/{wid}","workspaces/{wid} non-owner member cannot update workspace metadata",""
"","12","first pull starts from cursor 0 and advances the cursor to the newest doc[jvm]","","2026-07-21","passed","2026-07-21","","PullRemoteChangesUseCaseImplSpec[jvm]","com.georgeci.moneysurfer.data.sync.PullRemoteChangesUseCaseImplSpec",""
"","479","export writes a header plus one record per transaction and returns the count[jvm]","","2026-07-21","passed","2026-07-21","","ExportImportTransactionsUseCaseTest[jvm]","com.georgeci.moneysurfer.domain.csv.ExportImportTransactionsUseCaseTest",""
"","25","mid-pipeline cancel surfaces SyncCancelledException to the worker catch[jvm]","","2026-07-21","passed","2026-07-21","","SyncCoordinatorImplBranchSpec[jvm]","com.georgeci.moneysurfer.sync.coordinator.SyncCoordinatorImplBranchSpec",""
"","6","Enqueue merges into existing pending request[jvm]","","2026-07-21","passed","2026-07-21","","SyncCoordinatorImplBranchSpec[jvm]","com.georgeci.moneysurfer.sync.coordinator.SyncCoordinatorImplBranchSpec",""
"","3","equal timestamps → take local (stable, no-op re-pull)[jvm]","","2026-07-21","passed","2026-07-21","","LwwConflictResolverSpec[jvm]","com.georgeci.moneysurfer.sync.repository.LwwConflictResolverSpec",""
"","32","owner can cancel a PENDING invite","","2026-07-21","passed","2026-07-21","","invites — update / delete","invites — update / delete owner can cancel a PENDING invite",""
"","10","markInFlight with empty list is a no-op[jvm]","","2026-07-21","passed","2026-07-21","","PendingMutationQueueImplSpec[jvm]","com.georgeci.moneysurfer.data.sync.PendingMutationQueueImplSpec",""
"","21","re-currencies the seeded account so the Dashboard total follows the choice[jvm]","","2026-07-21","passed","2026-07-21","","WorkspaceCurrencyIntegrationIT[jvm]","com.georgeci.moneysurfer.integration.repository.WorkspaceCurrencyIntegrationIT",""
"","2","epoch zero stored as blank resolves to 1970-01-01[jvm]","","2026-07-21","passed","2026-07-21","","ResolveLegacyOperationDateTest[jvm]","com.georgeci.moneysurfer.data.repository.ResolveLegacyOperationDateTest",""
"","42","member can update","","2026-07-21","passed","2026-07-21","","member-gated entities (accounts)","member-gated entities (accounts) member can update",""
"","23","progress is reported per document with collection name and position[jvm]","","2026-07-21","passed","2026-07-21","","PullRemoteChangesUseCaseImplSpec[jvm]","com.georgeci.moneysurfer.data.sync.PullRemoteChangesUseCaseImplSpec",""
"","2","WaitingForNetwork title[jvm]","","2026-07-21","passed","2026-07-21","","SyncStepSpec[jvm]","com.georgeci.moneysurfer.sync.api.SyncStepSpec",""
"","49","invitee accept regression: real uid + gmail+alias email, full set()","","2026-07-21","passed","2026-07-21","","invites — update / delete","invites — update / delete invitee accept regression: real uid + gmail+alias email, full set()",""
"","25","Idle is a singleton object[jvm]","","2026-07-21","passed","2026-07-21","","SyncStateSpec[jvm]","com.georgeci.moneysurfer.sync.api.SyncStateSpec",""
"","27","signed-in user can create a workspace they own","","2026-07-21","passed","2026-07-21","","workspaces/{wid}","workspaces/{wid} signed-in user can create a workspace they own",""
"","78","export writes manifest first followed by main DB and DataStore entries[jvm]","","2026-07-21","passed","2026-07-21","","BackupExporterImplJvmTest[jvm]","com.georgeci.moneysurfer.data.backup.BackupExporterImplJvmTest",""
"","3","fields are exposed[jvm]","","2026-07-21","passed","2026-07-21","","PendingMutationSpec[jvm]","com.georgeci.moneysurfer.sync.repository.PendingMutationSpec",""
"","1","all counters compose into one summary[jvm]","","2026-07-21","passed","2026-07-21","","SyncSummaryBuilderSpec[jvm]","com.georgeci.moneysurfer.sync.api.SyncSummaryBuilderSpec",""
"","5","clearScope drops all rows for that workspace[jvm]","","2026-07-21","passed","2026-07-21","","SyncMetaRepositoryImplSpec[jvm]","com.georgeci.moneysurfer.data.sync.SyncMetaRepositoryImplSpec",""
"","8","StorageError preserves cause and is not retryable[jvm]","","2026-07-21","passed","2026-07-21","","SyncErrorSpec[jvm]","com.georgeci.moneysurfer.sync.api.SyncErrorSpec",""
"","8","malformed stored falls back to operationAt in UTC[jvm]","","2026-07-21","passed","2026-07-21","","ResolveLegacyOperationDateTest[jvm]","com.georgeci.moneysurfer.data.repository.ResolveLegacyOperationDateTest",""
"","1","PULL_INVITES sits between PULL_MEMBERS and PULL_ACCOUNTS[jvm]","","2026-07-21","passed","2026-07-21","","SyncStepOrderTest[jvm]","com.georgeci.moneysurfer.domain.model.SyncStepOrderTest",""
"","1","ignores planned rows[jvm]","","2026-07-21","passed","2026-07-21","","RecalculateAccountBalanceUseCaseTest[jvm]","com.georgeci.moneysurfer.domain.usecase.RecalculateAccountBalanceUseCaseTest",""
"","377","round-trip: an exported file imports every transaction into an empty database[jvm]","","2026-07-21","passed","2026-07-21","","ExportImportTransactionsUseCaseTest[jvm]","com.georgeci.moneysurfer.domain.csv.ExportImportTransactionsUseCaseTest",""
"","161","cancelAllQueued cancels queued requests but keeps the running one[jvm]","","2026-07-21","passed","2026-07-21","","SyncCoordinatorImplBranchSpec[jvm]","com.georgeci.moneysurfer.sync.coordinator.SyncCoordinatorImplBranchSpec",""
"","27","markRemoved on missing row is a no-op[jvm]","","2026-07-21","passed","2026-07-21","","WorkspaceMemberRepositoryDualWriteSpec[jvm]","com.georgeci.moneysurfer.data.repository.WorkspaceMemberRepositoryDualWriteSpec",""
"","71","drain pushes every queued mutation through its plugin and empties the outbox[jvm]","","2026-07-21","passed","2026-07-21","","WorkspaceCreationSyncIntegrationIT[jvm]","com.georgeci.moneysurfer.integration.sync.WorkspaceCreationSyncIntegrationIT",""
"","57","an evicted (REMOVED) member can no longer write","","2026-07-21","passed","2026-07-21","","member-gated entities (accounts)","member-gated entities (accounts) an evicted (REMOVED) member can no longer write",""
"","6","'0,99' -> '0.99'[jvm]","","2026-07-21","passed","2026-07-21","","AmountInputTransformationTest[jvm]","com.georgeci.moneysurfer.utils.AmountInputTransformationTest",""
"","8","DELETE operation roundtrips through the entity layer[jvm]","","2026-07-21","passed","2026-07-21","","PendingMutationQueueImplSpec[jvm]","com.georgeci.moneysurfer.sync.internal.repository.PendingMutationQueueImplSpec",""
"","2","actual → planned unwinds impact[jvm]","","2026-07-21","passed","2026-07-21","","ApplyTransactionChangeUseCaseTest[jvm]","com.georgeci.moneysurfer.domain.usecase.ApplyTransactionChangeUseCaseTest",""
"","6","Queued carries count[jvm]","","2026-07-21","passed","2026-07-21","","SyncStateSpec[jvm]","com.georgeci.moneysurfer.sync.api.SyncStateSpec",""
"","18","getByWorkspaceId only returns invites of the given workspace[jvm]","","2026-07-21","passed","2026-07-21","","WorkspaceInviteRepositoryIntegrationIT[jvm]","com.georgeci.moneysurfer.integration.repository.WorkspaceInviteRepositoryIntegrationIT",""
"","23","enqueueUpsert rejects DELETE operation[jvm]","","2026-07-21","passed","2026-07-21","","OutboxEnqueuerSpec[jvm]","com.georgeci.moneysurfer.data.sync.OutboxEnqueuerSpec",""
"","28","markRemoved soft-deletes: status REMOVED, removedAt set, enqueues UPDATE[jvm]","","2026-07-21","passed","2026-07-21","","WorkspaceMemberRepositoryDualWriteSpec[jvm]","com.georgeci.moneysurfer.data.repository.WorkspaceMemberRepositoryDualWriteSpec",""
"","10","rejects when email already an active member[jvm]","","2026-07-21","passed","2026-07-21","","SendInviteUseCaseTest[jvm]","com.georgeci.moneysurfer.domain.usecase.SendInviteUseCaseTest",""
"","4","quoted field with embedded newline advances the row number by one record[jvm]","","2026-07-21","passed","2026-07-21","","TransactionCsvCodecTest[jvm]","com.georgeci.moneysurfer.domain.csv.TransactionCsvCodecTest",""
"","81","failed push keeps the mutation pending with bumped attempts and a retry drains it[jvm]","","2026-07-21","passed","2026-07-21","","WorkspaceCreationSyncIntegrationIT[jvm]","com.georgeci.moneysurfer.integration.sync.WorkspaceCreationSyncIntegrationIT",""
"","41","patch stamps deletedAt and updatedAt from the mutation enqueue time[jvm]","","2026-07-21","passed","2026-07-21","","TombstonePatchSpec[jvm]","com.georgeci.moneysurfer.data.sync.plugin.TombstonePatchSpec",""
"","115","UploadingEntity title carries entity, current, total[jvm]","","2026-07-21","passed","2026-07-21","","SyncStepSpec[jvm]","com.georgeci.moneysurfer.sync.api.SyncStepSpec",""
"","4","PULL order is workspace → members → invites → accounts → categories → transactions[jvm]","","2026-07-21","passed","2026-07-21","","SyncStepOrderTest[jvm]","com.georgeci.moneysurfer.domain.model.SyncStepOrderTest",""
"","17","handle cancel on the only running request cancels the worker job[jvm]","","2026-07-21","passed","2026-07-21","","SyncCoordinatorImplBranchSpec[jvm]","com.georgeci.moneysurfer.sync.coordinator.SyncCoordinatorImplBranchSpec",""
"","6","ChangedSinceLastSync falls back to the active workspace when the provider is empty[jvm]","","2026-07-21","passed","2026-07-21","","PullRemoteChangesUseCaseImplSpec[jvm]","com.georgeci.moneysurfer.data.sync.PullRemoteChangesUseCaseImplSpec",""
"","5","redactUid fully masks short values[jvm]","","2026-07-21","passed","2026-07-21","","PiiRedactionTest[jvm]","com.georgeci.moneysurfer.domain.logging.PiiRedactionTest",""
"","2","create income → +impact[jvm]","","2026-07-21","passed","2026-07-21","","CalculateBalanceDeltaTest[jvm]","com.georgeci.moneysurfer.domain.model.CalculateBalanceDeltaTest",""
"","27","transfer with from == to throws IllegalArgumentException[jvm]","","2026-07-21","passed","2026-07-21","","TransferCreationIntegrationIT[jvm]","com.georgeci.moneysurfer.integration.repository.TransferCreationIntegrationIT",""
"","7","clearAll is idempotent[jvm]","","2026-07-21","passed","2026-07-21","","RemoteDataResetRepositoryImplSpec[jvm]","com.georgeci.moneysurfer.sync.repository.RemoteDataResetRepositoryImplSpec",""
"","10","setCursor preserves earlier markAttempt / markSuccess timestamps[jvm]","","2026-07-21","passed","2026-07-21","","SyncMetaRepositoryImplSpec[jvm]","com.georgeci.moneysurfer.data.sync.SyncMetaRepositoryImplSpec",""
"","25","pending respects limit[jvm]","","2026-07-21","passed","2026-07-21","","PendingMutationQueueImplSpec[jvm]","com.georgeci.moneysurfer.data.sync.PendingMutationQueueImplSpec",""
"","2","blob shorter than header + MAC is rejected as InvalidArchive[jvm]","","2026-07-21","passed","2026-07-21","","EncryptedBackupCodecTest[jvm]","com.georgeci.moneysurfer.data.backup.EncryptedBackupCodecTest",""
"","12","SyncHandleStatus.Completed carries summary[jvm]","","2026-07-21","passed","2026-07-21","","SyncStateSpec[jvm]","com.georgeci.moneysurfer.sync.api.SyncStateSpec",""
"","7","archive on missing account returns AccountNotFound[jvm]","","2026-07-21","passed","2026-07-21","","ArchiveAccountUseCaseTest[jvm]","com.georgeci.moneysurfer.domain.usecase.ArchiveAccountUseCaseTest",""
"","1","planned → actual applies full impact[jvm]","","2026-07-21","passed","2026-07-21","","CalculateBalanceDeltaTest[jvm]","com.georgeci.moneysurfer.domain.model.CalculateBalanceDeltaTest",""
"","4","create planned produces empty delta[jvm]","","2026-07-21","passed","2026-07-21","","CalculateBalanceDeltaTest[jvm]","com.georgeci.moneysurfer.domain.model.CalculateBalanceDeltaTest",""
"","140","format negative amount[jvm]","","2026-07-21","passed","2026-07-21","","MoneyFormatterTest[jvm]","com.georgeci.moneysurfer.domain.MoneyFormatterTest",""
"","18","cursor returns null for unknown (workspace, collection)[jvm]","","2026-07-21","passed","2026-07-21","","SyncMetaRepositoryImplSpec[jvm]","com.georgeci.moneysurfer.data.sync.SyncMetaRepositoryImplSpec",""
"","877","a truncated blob fails the MAC[jvm]","","2026-07-21","passed","2026-07-21","","EncryptedBackupCodecTest[jvm]","com.georgeci.moneysurfer.data.backup.EncryptedBackupCodecTest",""
"","11","CancellationException maps to Cancelled[jvm]","","2026-07-21","passed","2026-07-21","","SyncErrorClassifierSpec[jvm]","com.georgeci.moneysurfer.data.sync.SyncErrorClassifierSpec",""
"","11","running state emits step progression and reaches Completed[jvm]","","2026-07-21","passed","2026-07-21","","SyncCoordinatorImplSpec[jvm]","com.georgeci.moneysurfer.sync.coordinator.SyncCoordinatorImplSpec",""
"","5","balanceImpact uses abs(money) so legacy signed money still produces correct sign[jvm]","","2026-07-21","passed","2026-07-21","","BalanceImpactTest[jvm]","com.georgeci.moneysurfer.domain.model.BalanceImpactTest",""
"","7","creates the system Transfer category lazily when the workspace is missing it[jvm]","","2026-07-21","passed","2026-07-21","","CreateTransferUseCaseTest[jvm]","com.georgeci.moneysurfer.domain.usecase.CreateTransferUseCaseTest",""
"","4","addDownload accumulates downloadedCount[jvm]","","2026-07-21","passed","2026-07-21","","SyncSummaryBuilderSpec[jvm]","com.georgeci.moneysurfer.sync.api.SyncSummaryBuilderSpec",""
"","25","cancel transitions status to CANCELLED[jvm]","","2026-07-21","passed","2026-07-21","","WorkspaceInviteRepositoryDualWriteSpec[jvm]","com.georgeci.moneysurfer.data.repository.WorkspaceInviteRepositoryDualWriteSpec",""
"","2984","encrypted export advertises the scheme and hides the data entries[jvm]","","2026-07-21","passed","2026-07-21","","BackupEncryptedRoundTripJvmTest[jvm]","com.georgeci.moneysurfer.data.backup.BackupEncryptedRoundTripJvmTest",""
"","3","mergeScope UploadOnly with UploadOnly stays UploadOnly[jvm]","","2026-07-21","passed","2026-07-21","","SyncScopeSpec[jvm]","com.georgeci.moneysurfer.sync.api.SyncScopeSpec",""
"","1","archive on already-archived account is a no-op success[jvm]","","2026-07-21","passed","2026-07-21","","ArchiveAccountUseCaseTest[jvm]","com.georgeci.moneysurfer.domain.usecase.ArchiveAccountUseCaseTest",""
"","1","rejects when no current user[jvm]","","2026-07-21","passed","2026-07-21","","LeaveWorkspaceUseCaseTest[jvm]","com.georgeci.moneysurfer.domain.usecase.LeaveWorkspaceUseCaseTest",""
"","31","owner can create a PENDING invite stamped with their uid","","2026-07-21","passed","2026-07-21","","invites — write","invites — write owner can create a PENDING invite stamped with their uid",""
"","2","blank -> null[jvm]","","2026-07-21","passed","2026-07-21","","TimeFormatterTest[jvm]","com.georgeci.moneysurfer.data.repository.TimeFormatterTest",""
"","23","schema-version mismatch surfaces SchemaMismatch[jvm]","","2026-07-21","passed","2026-07-21","","BackupImporterImplJvmTest[jvm]","com.georgeci.moneysurfer.data.backup.BackupImporterImplJvmTest",""
"","15","still pins workspace and succeeds when addWorkspaceRef throws[jvm]","","2026-07-21","passed","2026-07-21","","CreateWorkspaceUseCaseTest[jvm]","com.georgeci.moneysurfer.domain.usecase.CreateWorkspaceUseCaseTest",""
"","2","AllUserData does NOT fall back to the local workspace when the provider is empty[jvm]","","2026-07-21","passed","2026-07-21","","PullRemoteChangesUseCaseImplSpec[jvm]","com.georgeci.moneysurfer.data.sync.PullRemoteChangesUseCaseImplSpec",""
"","16","rejects when last OWNER tries to leave[jvm]","","2026-07-21","passed","2026-07-21","","LeaveWorkspaceUseCaseTest[jvm]","com.georgeci.moneysurfer.domain.usecase.LeaveWorkspaceUseCaseTest",""
"","273","SimpleCancelToken starts not cancelled[jvm]","","2026-07-21","passed","2026-07-21","","SyncCancelTokenSpec[jvm]","com.georgeci.moneysurfer.sync.api.SyncCancelTokenSpec",""
"","18","upload progress emits UploadingEntity into running state[jvm]","","2026-07-21","passed","2026-07-21","","SyncCoordinatorImplBranchSpec[jvm]","com.georgeci.moneysurfer.sync.coordinator.SyncCoordinatorImplBranchSpec",""
"","6","CompositeCancelToken not cancelled when no children cancelled[jvm]","","2026-07-21","passed","2026-07-21","","SyncCancelTokenSpec[jvm]","com.georgeci.moneysurfer.sync.api.SyncCancelTokenSpec",""
"","11","soft-delete via upsert sets status REMOVED and stamps removedAt without erasing the row[jvm]","","2026-07-21","passed","2026-07-21","","WorkspaceMemberRepositoryIntegrationIT[jvm]","com.georgeci.moneysurfer.integration.repository.WorkspaceMemberRepositoryIntegrationIT",""
"","1","opening_balance is excluded from income/expense[jvm]","","2026-07-21","passed","2026-07-21","","PeriodTotalsTest[jvm]","com.georgeci.moneysurfer.domain.model.PeriodTotalsTest",""
"","10","handle cancel of unknown id is a no-op[jvm]","","2026-07-21","passed","2026-07-21","","SyncCoordinatorImplBranchSpec[jvm]","com.georgeci.moneysurfer.sync.coordinator.SyncCoordinatorImplBranchSpec",""
"","3","CompositeCancelToken cancel propagates to all children[jvm]","","2026-07-21","passed","2026-07-21","","SyncCancelTokenSpec[jvm]","com.georgeci.moneysurfer.sync.api.SyncCancelTokenSpec",""
"","35","getByEmail / getByTargetUserId resolve through their indexes[jvm]","","2026-07-21","passed","2026-07-21","","WorkspaceInviteRepositoryIntegrationIT[jvm]","com.georgeci.moneysurfer.integration.repository.WorkspaceInviteRepositoryIntegrationIT",""
"","27","non-owner cannot create an invite","","2026-07-21","passed","2026-07-21","","invites — write","invites — write non-owner cannot create an invite",""
"","15","rows referencing unknown workspace account or category are reported per row[jvm]","","2026-07-21","passed","2026-07-21","","ExportImportTransactionsUseCaseTest[jvm]","com.georgeci.moneysurfer.domain.csv.ExportImportTransactionsUseCaseTest",""
"","350","patch fields overlaid on each entity doc decode as a pull-side tombstone[jvm]","","2026-07-21","passed","2026-07-21","","TombstonePatchSpec[jvm]","com.georgeci.moneysurfer.data.sync.plugin.TombstonePatchSpec",""
"","26","non-member is blocked from budgets","","2026-07-21","passed","2026-07-21","","member-gated entities (smoke for the rest)","member-gated entities (smoke for the rest) non-member is blocked from budgets",""
"","205","valid stored ISO is preserved[jvm]","","2026-07-21","passed","2026-07-21","","ResolveLegacyOperationDateTest[jvm]","com.georgeci.moneysurfer.data.repository.ResolveLegacyOperationDateTest",""
"","12","demo session (no Firebase uid) writes local rows but keeps the outbox empty[jvm]","","2026-07-21","passed","2026-07-21","","WorkspaceCreationSyncIntegrationIT[jvm]","com.georgeci.moneysurfer.integration.sync.WorkspaceCreationSyncIntegrationIT",""
"","5","ConflictResolution.TakeRemote carries the remote value[jvm]","","2026-07-21","passed","2026-07-21","","ConflictResolverSpec[jvm]","com.georgeci.moneysurfer.sync.repository.ConflictResolverSpec",""
"","4","creates workspace, default categories, and a Cash account on first run[jvm]","","2026-07-21","passed","2026-07-21","","SeedDefaultsUseCaseTest[jvm]","com.georgeci.moneysurfer.domain.usecase.SeedDefaultsUseCaseTest",""
"","30","non-member is blocked from recurringRules","","2026-07-21","passed","2026-07-21","","member-gated entities (smoke for the rest)","member-gated entities (smoke for the rest) non-member is blocked from recurringRules",""
"","77","recipient can collection-group query by targetUserId","","2026-07-21","passed","2026-07-21","","invites — read","invites — read recipient can collection-group query by targetUserId",""
"","9","rejects invalid email[jvm]","","2026-07-21","passed","2026-07-21","","SendInviteUseCaseTest[jvm]","com.georgeci.moneysurfer.domain.usecase.SendInviteUseCaseTest",""
"","27","owner create blocked when clientVersionCode missing","","2026-07-21","passed","2026-07-21","","invites — write","invites — write owner create blocked when clientVersionCode missing",""
"","90","uuid generates non-empty value[jvm]","","2026-07-21","passed","2026-07-21","","SyncRequestIdSpec[jvm]","com.georgeci.moneysurfer.sync.api.SyncRequestIdSpec",""
"","10","matches java.util.zip.CRC32 across diverse byte sequences[jvm]","","2026-07-21","passed","2026-07-21","","Crc32JvmTest[jvm]","com.georgeci.moneysurfer.data.backup.Crc32JvmTest",""
"","0","'123' -> '123'[jvm]","","2026-07-21","passed","2026-07-21","","AmountInputTransformationTest[jvm]","com.georgeci.moneysurfer.utils.AmountInputTransformationTest",""
"","13","format RUB with US locale[jvm]","","2026-07-21","passed","2026-07-21","","MoneyFormatterTest[jvm]","com.georgeci.moneysurfer.domain.MoneyFormatterTest",""
"","8","markFailed bumps attempts, records error and resets to PENDING[jvm]","","2026-07-21","passed","2026-07-21","","PendingMutationQueueImplSpec[jvm]","com.georgeci.moneysurfer.sync.internal.repository.PendingMutationQueueImplSpec",""
"","1103","upsert (new) writes both DAO and outbox as INSERT when signed in[jvm]","","2026-07-21","passed","2026-07-21","","WorkspaceInviteRepositoryDualWriteSpec[jvm]","com.georgeci.moneysurfer.data.repository.WorkspaceInviteRepositoryDualWriteSpec",""
"","5","valid ISO -> LocalDate[jvm]","","2026-07-21","passed","2026-07-21","","TimeFormatterTest[jvm]","com.georgeci.moneysurfer.data.repository.TimeFormatterTest",""
"","4","PullingRemoteChanges title[jvm]","","2026-07-21","passed","2026-07-21","","SyncStepSpec[jvm]","com.georgeci.moneysurfer.sync.api.SyncStepSpec",""
"","28","insert writes both DAO and outbox when signed in[jvm]","","2026-07-21","passed","2026-07-21","","WorkspaceMemberRepositoryDualWriteSpec[jvm]","com.georgeci.moneysurfer.data.repository.WorkspaceMemberRepositoryDualWriteSpec",""
"","56","client cannot write app config (Console-only)","","2026-07-21","passed","2026-07-21","","appConfig/{docId}","appConfig/{docId} client cannot write app config (Console-only)",""
"","94","create workspace persists local rows and enqueues one outbox mutation per row[jvm]","","2026-07-21","passed","2026-07-21","","WorkspaceCreationSyncIntegrationIT[jvm]","com.georgeci.moneysurfer.integration.sync.WorkspaceCreationSyncIntegrationIT",""
"","43","first-time user creates remote doc and returns FirstTime[jvm]","","2026-07-21","passed","2026-07-21","","PostAuthBootstrapUseCaseTest[jvm]","com.georgeci.moneysurfer.domain.usecase.PostAuthBootstrapUseCaseTest",""
"","37","owner can remove entries from their own invitedWorkspaceIds","","2026-07-21","passed","2026-07-21","","users/{uid} — invitedWorkspaceIds cross-user append","users/{uid} — invitedWorkspaceIds cross-user append owner can remove entries from their own invitedWorkspaceIds",""
"","11","pending returns empty when queue is empty[jvm]","","2026-07-21","passed","2026-07-21","","PendingMutationQueueImplSpec[jvm]","com.georgeci.moneysurfer.data.sync.PendingMutationQueueImplSpec",""
"","1","SyncMeta supports null timestamps for fresh workspaces[jvm]","","2026-07-21","passed","2026-07-21","","SyncMetaRepositorySpec[jvm]","com.georgeci.moneysurfer.sync.repository.SyncMetaRepositorySpec",""
"","135","UploadOnly scope pulls nothing[jvm]","","2026-07-21","passed","2026-07-21","","PullRemoteChangesUseCaseImplSpec[jvm]","com.georgeci.moneysurfer.data.sync.PullRemoteChangesUseCaseImplSpec",""
"","4","reason mapping for user-initiated reasons is Indefinite[jvm]","","2026-07-21","passed","2026-07-21","","NetworkWaitModeSpec[jvm]","com.georgeci.moneysurfer.sync.network.NetworkWaitModeSpec",""
"","9","format from minor units correctly[jvm]","","2026-07-21","passed","2026-07-21","","MoneyFormatterTest[jvm]","com.georgeci.moneysurfer.domain.MoneyFormatterTest",""
"","296","cancelAllQueued with empty queue is a no-op[jvm]","","2026-07-21","passed","2026-07-21","","SyncCoordinatorImplBranchSpec[jvm]","com.georgeci.moneysurfer.sync.coordinator.SyncCoordinatorImplBranchSpec",""
"","0","iso=2026-05-05[jvm]","","2026-07-21","passed","2026-07-21","","TimeFormatterTest[jvm]","com.georgeci.moneysurfer.data.repository.TimeFormatterTest",""
"","1","fromMajor that overflows Long throws instead of wrapping[jvm]","","2026-07-21","passed","2026-07-21","","MoneyTest[jvm]","com.georgeci.moneysurfer.domain.primitives.MoneyTest",""
"","13","an empty file fails the whole import[jvm]","","2026-07-21","passed","2026-07-21","","ExportImportTransactionsUseCaseTest[jvm]","com.georgeci.moneysurfer.domain.csv.ExportImportTransactionsUseCaseTest",""
"","11","mutation without a matching plugin is skipped but still completed[jvm]","","2026-07-21","passed","2026-07-21","","UploadPendingChangesUseCaseImplSpec[jvm]","com.georgeci.moneysurfer.data.sync.UploadPendingChangesUseCaseImplSpec",""
"","10","a row whose currency differs from the account currency is rejected[jvm]","","2026-07-21","passed","2026-07-21","","ExportImportTransactionsUseCaseTest[jvm]","com.georgeci.moneysurfer.domain.csv.ExportImportTransactionsUseCaseTest",""
"","22","rejects demoting last OWNER[jvm]","","2026-07-21","passed","2026-07-21","","ChangeMemberRoleUseCaseTest[jvm]","com.georgeci.moneysurfer.domain.usecase.ChangeMemberRoleUseCaseTest",""
"","3","ConflictResolution.TakeLocal carries the local value[jvm]","","2026-07-21","passed","2026-07-21","","ConflictResolverSpec[jvm]","com.georgeci.moneysurfer.sync.repository.ConflictResolverSpec",""
"","3","PULL_MEMBERS sits between PULL_WORKSPACE and PULL_INVITES[jvm]","","2026-07-21","passed","2026-07-21","","SyncStepOrderTest[jvm]","com.georgeci.moneysurfer.domain.model.SyncStepOrderTest",""
"","9","each creation generates a fresh workspace id and re-pins the newest one[jvm]","","2026-07-21","passed","2026-07-21","","CreateWorkspaceUseCaseTest[jvm]","com.georgeci.moneysurfer.domain.usecase.CreateWorkspaceUseCaseTest",""
"","36","dispatches each mutation to the plugin matching its entityType[jvm]","","2026-07-21","passed","2026-07-21","","UploadPendingChangesUseCaseImplSpec[jvm]","com.georgeci.moneysurfer.data.sync.UploadPendingChangesUseCaseImplSpec",""
"","17","calling twice on a single demo session wipes once and stays cleared[jvm]","","2026-07-21","passed","2026-07-21","","WipeDemoDataUseCaseSpec[jvm]","com.georgeci.moneysurfer.domain.usecase.WipeDemoDataUseCaseSpec",""
"","10","ActiveWorkspace scope skips the invited-workspaces phase[jvm]","","2026-07-21","passed","2026-07-21","","PullRemoteChangesUseCaseImplSpec[jvm]","com.georgeci.moneysurfer.data.sync.PullRemoteChangesUseCaseImplSpec",""
