"DESCRIPTION","DURATION IN MS","NAME","PARENT SUITE","START TIME","STATUS","STOP TIME","SUB SUITE","SUITE","TEST CLASS","TEST METHOD"
"","38","member can update","","2026-07-29","passed","2026-07-29","","member-gated entities (accounts)","member-gated entities (accounts) member can update",""
"","28","a healthy refresh reports the layer as not degraded[jvm]","","2026-07-29","passed","2026-07-29","","RemoteGlobalConfigSourceImplSpec[jvm]","com.georgeci.moneysurfer.appconfig.remote.RemoteGlobalConfigSourceImplSpec",""
"","17","leftAt path keeps role unchanged and status flipped to LEFT[jvm]","","2026-07-29","passed","2026-07-29","","WorkspaceMemberRepositoryIntegrationIT[jvm]","com.georgeci.moneysurfer.integration.repository.WorkspaceMemberRepositoryIntegrationIT",""
"","0","GoalDetails[jvm]","","2026-07-29","passed","2026-07-29","","RouteSerializationTest[jvm]","com.georgeci.moneysurfer.navigation.RouteSerializationTest",""
"","288","submit button is enabled once the state can be submitted[jvm]","","2026-07-29","passed","2026-07-29","","SignInScreenStateTest[jvm]","com.georgeci.moneysurfer.ui.SignInScreenStateTest",""
"","9","writes local pointer and skips remote when no Firebase uid[jvm]","","2026-07-29","passed","2026-07-29","","SelectWorkspaceUseCaseTest[jvm]","com.georgeci.moneysurfer.domain.usecase.SelectWorkspaceUseCaseTest",""
"","1","SettingsDebugConfig[jvm]","","2026-07-29","passed","2026-07-29","","RouteSerializationTest[jvm]","com.georgeci.moneysurfer.navigation.RouteSerializationTest",""
"","11","setCursor preserves earlier markAttempt / markSuccess timestamps[jvm]","","2026-07-29","passed","2026-07-29","","SyncMetaRepositoryImplSpec[jvm]","com.georgeci.moneysurfer.data.sync.SyncMetaRepositoryImplSpec",""
"","11","dragging a widget onto another one persists the new order[jvm]","","2026-07-29","passed","2026-07-29","","DashboardCustomizeViewModelTest[jvm]","com.georgeci.moneysurfer.feature.dashboard.customize.DashboardCustomizeViewModelTest",""
"","2","a junk day name from a remote doc never reaches Room[jvm]","","2026-07-29","passed","2026-07-29","","RecurringRuleDtoMapperSpec[jvm]","com.georgeci.moneysurfer.data.sync.RecurringRuleDtoMapperSpec",""
"","1","a stale selected id keeps the count but has no resolved name[jvm]","","2026-07-29","passed","2026-07-29","","TransactionsListMappingTest[jvm]","com.georgeci.moneysurfer.feature.transaction.list.TransactionsListMappingTest",""
"","33","member can tombstone an account","","2026-07-29","passed","2026-07-29","","tombstone update shape (push-side soft delete)","tombstone update shape (push-side soft delete) member can tombstone an account",""
"","35","transfer auto-seeds Transfer category with systemKind=TRANSFER on first call and reuses it on subsequent calls[jvm]","","2026-07-29","passed","2026-07-29","","TransferCreationIntegrationIT[jvm]","com.georgeci.moneysurfer.integration.repository.TransferCreationIntegrationIT",""
"","4","re-registering an already listed workspace is harmless[jvm]","","2026-07-29","passed","2026-07-29","","WorkspaceRefRegistrarSpec[jvm]","com.georgeci.moneysurfer.data.sync.WorkspaceRefRegistrarSpec",""
"","32","trailingMonths ends at the anchor and runs oldest first[jvm]","","2026-07-29","passed","2026-07-29","","CategorySpendHistoryTest[jvm]","com.georgeci.moneysurfer.domain.model.CategorySpendHistoryTest",""
"","3","a period with nothing in it reads as zero shares rather than a NaN[jvm]","","2026-07-29","passed","2026-07-29","","SpentByCategoryTest[jvm]","com.georgeci.moneysurfer.domain.model.SpentByCategoryTest",""
"","32","the retention window is thirty days[jvm]","","2026-07-29","passed","2026-07-29","","PurgeDeletedTransactionsUseCaseTest[jvm]","com.georgeci.moneysurfer.domain.usecase.PurgeDeletedTransactionsUseCaseTest",""
"","19","user can self-update status to LEFT","","2026-07-29","passed","2026-07-29","","workspaces/{wid}/members/{uid}","workspaces/{wid}/members/{uid} user can self-update status to LEFT",""
"","10","android's badly-formatted phrasing classifies as InvalidEmail[jvm]","","2026-07-29","passed","2026-07-29","","AuthErrorClassificationTest[jvm]","com.georgeci.moneysurfer.data.repository.AuthErrorClassificationTest",""
"","29","a pulled rule is inserted with its schedule[jvm]","","2026-07-29","passed","2026-07-29","","BudgetAndRecurringRuleSyncPluginIT[jvm]","com.georgeci.moneysurfer.integration.plugin.BudgetAndRecurringRuleSyncPluginIT",""
"","10","markCompleted removes rows from pending()[jvm]","","2026-07-29","passed","2026-07-29","","PendingMutationQueueIntegrationIT[jvm]","com.georgeci.moneysurfer.integration.sync.PendingMutationQueueIntegrationIT",""
"","24","a network failure aborts the pull instead of passing as a stale ref[jvm]","","2026-07-29","passed","2026-07-29","","PullRemoteChangesUseCaseImplSpec[jvm]","com.georgeci.moneysurfer.data.sync.PullRemoteChangesUseCaseImplSpec",""
"","24","a transfer leg resolves the counterpart account and leaves the amount unsigned[jvm]","","2026-07-29","passed","2026-07-29","","TransactionDetailsViewModelTest[jvm]","com.georgeci.moneysurfer.feature.transaction.details.TransactionDetailsViewModelTest",""
"","6","a withdrawal that drops below the target flips COMPLETED back to ACTIVE[jvm]","","2026-07-29","passed","2026-07-29","","GoalContributionUseCaseTest[jvm]","com.georgeci.moneysurfer.domain.usecase.GoalContributionUseCaseTest",""
"","1236","duplicating prefills the fields but saves a brand-new transaction[jvm]","","2026-07-29","passed","2026-07-29","","TransactionCreationEditTest[jvm]","com.georgeci.moneysurfer.feature.transaction.creation.TransactionCreationEditTest",""
"","8","a contribution round-trips, keeping a negative amount signed[jvm]","","2026-07-29","passed","2026-07-29","","GoalDtoMapperSpec[jvm]","com.georgeci.moneysurfer.data.sync.GoalDtoMapperSpec",""
"","232","the resolution summary names the effective value and the layer that won[jvm]","","2026-07-29","passed","2026-07-29","","DebugConfigScreenStateTest[jvm]","com.georgeci.moneysurfer.ui.DebugConfigScreenStateTest",""
"","52","a stale workspace ref that denies access is skipped, deletion still completes[jvm]","","2026-07-29","passed","2026-07-29","","UserAccountDeletionRepositoryImplTest[jvm]","com.georgeci.moneysurfer.data.repository.UserAccountDeletionRepositoryImplTest",""
"","86","nobody signed in means nothing to say[jvm]","","2026-07-29","passed","2026-07-29","","GenerateInsightsUseCaseTest[jvm]","com.georgeci.moneysurfer.domain.usecase.GenerateInsightsUseCaseTest",""
"","1461","the round button on an available row asks to turn that widget on[jvm]","","2026-07-29","passed","2026-07-29","","DashboardCustomizeScreenStateTest[jvm]","com.georgeci.moneysurfer.ui.DashboardCustomizeScreenStateTest",""
"","1","a parent cycle is shown at the top level rather than vanishing[jvm]","","2026-07-29","passed","2026-07-29","","CategoryTreeTest[jvm]","com.georgeci.moneysurfer.domain.model.CategoryTreeTest",""
"","38","a refresh a day later fetches again[jvm]","","2026-07-29","passed","2026-07-29","","ExchangeRateRepositoryImplJvmTest[jvm]","com.georgeci.moneysurfer.data.repository.ExchangeRateRepositoryImplJvmTest",""
"","22","changing the base currency re-points the trend at the rows that now count[jvm]","","2026-07-29","passed","2026-07-29","","CategoryDetailsViewModelTest[jvm]","com.georgeci.moneysurfer.feature.category.details.CategoryDetailsViewModelTest",""
"","14","the throwable travels with its entry[jvm]","","2026-07-29","passed","2026-07-29","","DebugLogBufferTest[jvm]","com.georgeci.moneysurfer.domain.logging.DebugLogBufferTest",""
"","14","manifest declaring a missing file surfaces MissingFile[jvm]","","2026-07-29","passed","2026-07-29","","BackupImporterImplJvmTest[jvm]","com.georgeci.moneysurfer.data.backup.BackupImporterImplJvmTest",""
"","82","a slice with no category is named rather than left blank[jvm]","","2026-07-29","passed","2026-07-29","","DashboardInsightsScreenTest[jvm]","com.georgeci.moneysurfer.ui.DashboardInsightsScreenTest",""
"","1","an offline workspace that already has an account goes to the dashboard[jvm]","","2026-07-29","passed","2026-07-29","","StartRouteTest[jvm]","com.georgeci.moneysurfer.navigation.StartRouteTest",""
"","16","a delete drops the row and enqueues a tombstone[jvm]","","2026-07-29","passed","2026-07-29","","RecurringRuleRepositoryImplJvmTest[jvm]","com.georgeci.moneysurfer.data.repository.RecurringRuleRepositoryImplJvmTest",""
"","11","creates the system Transfer category lazily when the workspace is missing it[jvm]","","2026-07-29","passed","2026-07-29","","CreateTransferUseCaseTest[jvm]","com.georgeci.moneysurfer.domain.usecase.CreateTransferUseCaseTest",""
"","2","the default layout has something for the period switch to drive[jvm]","","2026-07-29","passed","2026-07-29","","DashboardLayoutConfigTest[jvm]","com.georgeci.moneysurfer.domain.dashboard.DashboardLayoutConfigTest",""
"","6","owner can leave when another owner remains[jvm]","","2026-07-29","passed","2026-07-29","","LeaveWorkspaceUseCaseTest[jvm]","com.georgeci.moneysurfer.domain.usecase.LeaveWorkspaceUseCaseTest",""
"","17","isEnabled returns false when app version is Unsupported[jvm]","","2026-07-29","passed","2026-07-29","","OutboxEnqueuerSpec[jvm]","com.georgeci.moneysurfer.data.sync.OutboxEnqueuerSpec",""
"","34","a transfer leg is filterable and marked as a transfer on the row[jvm]","","2026-07-29","passed","2026-07-29","","TransactionsByAccountFilteringTest[jvm]","com.georgeci.moneysurfer.feature.transaction.list.TransactionsByAccountFilteringTest",""
"","18","deleting a goal that does not exist is a no-op[jvm]","","2026-07-29","passed","2026-07-29","","GoalRepositoryDualWriteSpec[jvm]","com.georgeci.moneysurfer.data.repository.GoalRepositoryDualWriteSpec",""
"","4","'1.999' (three decimal digits)[jvm]","","2026-07-29","passed","2026-07-29","","AmountInputTransformationTest[jvm]","com.georgeci.moneysurfer.utils.AmountInputTransformationTest",""
"","2","deterministic — same input gives same output[jvm]","","2026-07-29","passed","2026-07-29","","LwwConflictResolverSpec[jvm]","com.georgeci.moneysurfer.sync.repository.LwwConflictResolverSpec",""
"","6","over-assigning drives the remainder negative, which is not a saveable receipt[jvm]","","2026-07-29","passed","2026-07-29","","TransactionCreationSplitEditingTest[jvm]","com.georgeci.moneysurfer.feature.transaction.creation.TransactionCreationSplitEditingTest",""
"","4","reason mapping for BACKGROUND is Bounded(5m)[jvm]","","2026-07-29","passed","2026-07-29","","NetworkWaitModeSpec[jvm]","com.georgeci.moneysurfer.sync.network.NetworkWaitModeSpec",""
"","35","a pulled goal this device has never seen is inserted[jvm]","","2026-07-29","passed","2026-07-29","","GoalSyncPluginIT[jvm]","com.georgeci.moneysurfer.integration.plugin.GoalSyncPluginIT",""
"","104","the registry receives every registered group[jvm]","","2026-07-29","passed","2026-07-29","","OnlineConfigGraphTest[jvm]","com.georgeci.moneysurfer.di.OnlineConfigGraphTest",""
"","30","reset-all drops every override[jvm]","","2026-07-29","passed","2026-07-29","","DebugConfigSourceImplJvmTest[jvm]","com.georgeci.moneysurfer.data.config.DebugConfigSourceImplJvmTest",""
"","18","an enabled session with a Firebase uid runs the ticker for that uid[jvm]","","2026-07-29","passed","2026-07-29","","PeriodicSyncGateTest[jvm]","com.georgeci.moneysurfer.navigation.PeriodicSyncGateTest",""
"","18","a delete drops the row and enqueues a tombstone[jvm]","","2026-07-29","passed","2026-07-29","","GoalContributionRepositoryImplJvmTest[jvm]","com.georgeci.moneysurfer.data.repository.GoalContributionRepositoryImplJvmTest",""
"","35","user without an email claim (e.g. anonymous) cannot write","","2026-07-29","passed","2026-07-29","","userEmails/{email}","userEmails/{email} user without an email claim (e.g. anonymous) cannot write",""
"","12","observeOutbox keeps in-flight rows, oldest first — a stuck push must not read as an empty outbox[jvm]","","2026-07-29","passed","2026-07-29","","PendingMutationQueueImplSpec[jvm]","com.georgeci.moneysurfer.sync.internal.repository.PendingMutationQueueImplSpec",""
"","426","an accepted edit is left alone[jvm]","","2026-07-29","passed","2026-07-29","","AmountInputTransformationTest[jvm]","com.georgeci.moneysurfer.utils.AmountInputTransformationTest",""
"","22","OnRestoreAccountClick moves an archived account back to active[jvm]","","2026-07-29","passed","2026-07-29","","AccountsManageViewModelTest[jvm]","com.georgeci.moneysurfer.feature.account.manage.AccountsManageViewModelTest",""
"","33","leaving the cap empty creates no budget at all[jvm]","","2026-07-29","passed","2026-07-29","","CategoryCreationViewModelTest[jvm]","com.georgeci.moneysurfer.feature.category.creation.CategoryCreationViewModelTest",""
"","2","mergeScope picks widest — AllUserData dominates[jvm]","","2026-07-29","passed","2026-07-29","","SyncScopeSpec[jvm]","com.georgeci.moneysurfer.sync.api.SyncScopeSpec",""
"","85","pointers round-trip through the store[jvm]","","2026-07-29","passed","2026-07-29","","SessionPointersImplJvmTest[jvm]","com.georgeci.moneysurfer.data.preferences.SessionPointersImplJvmTest",""
"","26","accepts a correctly-typed transaction","","2026-07-29","passed","2026-07-29","","entity write-shape validation (issue #156)","entity write-shape validation (issue #156) accepts a correctly-typed transaction",""
"","10","an absent accountId stays null[jvm]","","2026-07-29","passed","2026-07-29","","GoalDtoMapperSpec[jvm]","com.georgeci.moneysurfer.data.sync.GoalDtoMapperSpec",""
"","12","an insert is paired with an INSERT outbox entry scoped to the workspace[jvm]","","2026-07-29","passed","2026-07-29","","RecurringRuleRepositoryImplJvmTest[jvm]","com.georgeci.moneysurfer.data.repository.RecurringRuleRepositoryImplJvmTest",""
"","2","resetTo clears everything below the new root[jvm]","","2026-07-29","passed","2026-07-29","","AppNavigatorTest[jvm]","com.georgeci.moneysurfer.navigation.AppNavigatorTest",""
"","23","tapping a row moves the pending selection without committing it[jvm]","","2026-07-29","passed","2026-07-29","","WorkspaceSelectorViewModelTest[jvm]","com.georgeci.moneysurfer.feature.workspace.selector.WorkspaceSelectorViewModelTest",""
"","6","no pinned user goes to sign-in[jvm]","","2026-07-29","passed","2026-07-29","","StartRouteTest[jvm]","com.georgeci.moneysurfer.navigation.StartRouteTest",""
"","74","a successful payload becomes the domain table[jvm]","","2026-07-29","passed","2026-07-29","","ExchangeRateApiTest[jvm]","com.georgeci.moneysurfer.data.remote.ExchangeRateApiTest",""
"","19","unauthenticated user is denied","","2026-07-29","passed","2026-07-29","","workspaces/{wid}","workspaces/{wid} unauthenticated user is denied",""
"","4","a doc with no deletedAt decodes to a live row[jvm]","","2026-07-29","passed","2026-07-29","","TransactionDtoMapperSpec[jvm]","com.georgeci.moneysurfer.data.sync.TransactionDtoMapperSpec",""
"","4","CompositeCancelToken cancelled when all children cancelled[jvm]","","2026-07-29","passed","2026-07-29","","SyncCancelTokenSpec[jvm]","com.georgeci.moneysurfer.sync.api.SyncCancelTokenSpec",""
"","20","rows come back newest first[jvm]","","2026-07-29","passed","2026-07-29","","TransactionWindowIntegrationIT[jvm]","com.georgeci.moneysurfer.integration.repository.TransactionWindowIntegrationIT",""
"","9","split_id is absent from every layout that predates splits[jvm]","","2026-07-29","passed","2026-07-29","","TransactionCsvCodecTest[jvm]","com.georgeci.moneysurfer.domain.csv.TransactionCsvCodecTest",""
"","21","a local write leaves lastPushedAt alone, so the row reads as pending again[jvm]","","2026-07-29","passed","2026-07-29","","ConfigEntryDaoIntegrationIT[jvm]","com.georgeci.moneysurfer.integration.repository.ConfigEntryDaoIntegrationIT",""
"","22","shutdown cancels coordinator and scheduler[jvm]","","2026-07-29","passed","2026-07-29","","SessionShutdownGateImplSpec[jvm]","com.georgeci.moneysurfer.data.sync.SessionShutdownGateImplSpec",""
"","8","empty input stays empty[jvm]","","2026-07-29","passed","2026-07-29","","TransactionTagsTest[jvm]","com.georgeci.moneysurfer.domain.model.TransactionTagsTest",""
"","4","rows are mirrored into state as the inspector re-resolves them[jvm]","","2026-07-29","passed","2026-07-29","","DebugConfigViewModelTest[jvm]","com.georgeci.moneysurfer.feature.settings.debug.DebugConfigViewModelTest",""
"","103","copy with override[jvm]","","2026-07-29","passed","2026-07-29","","PendingMutationSpec[jvm]","com.georgeci.moneysurfer.sync.repository.PendingMutationSpec",""
"","5","a re-emission from sync keeps the type, query and expansion the user chose[jvm]","","2026-07-29","passed","2026-07-29","","CategoryChooserViewModelTest[jvm]","com.georgeci.moneysurfer.feature.category.picker.CategoryChooserViewModelTest",""
"","8","EmulatorClientSmokeSpec[jvm]","","2026-07-29","passed","2026-07-29","","Gradle Test Run :sync-surfer:jvmTest[jvm]","Gradle Test Run :sync-surfer:jvmTest",""
"","55","save emits NavigateBack[jvm]","","2026-07-29","passed","2026-07-29","","CategoryCreationViewModelTest[jvm]","com.georgeci.moneysurfer.feature.category.creation.CategoryCreationViewModelTest",""
"","15","an insert is paired with an INSERT outbox entry scoped to the workspace[jvm]","","2026-07-29","passed","2026-07-29","","GoalContributionRepositoryImplJvmTest[jvm]","com.georgeci.moneysurfer.data.repository.GoalContributionRepositoryImplJvmTest",""
"","26","enqueueDelete writes DELETE mutation[jvm]","","2026-07-29","passed","2026-07-29","","OutboxEnqueuerSpec[jvm]","com.georgeci.moneysurfer.data.sync.OutboxEnqueuerSpec",""
"","13","it is user-scoped, so the workspace loop never touches it[jvm]","","2026-07-29","passed","2026-07-29","","UserConfigSyncPluginSpec[jvm]","com.georgeci.moneysurfer.data.sync.plugin.UserConfigSyncPluginSpec",""
"","17","a raw value the codec rejects is kept verbatim so the panel can show it[jvm]","","2026-07-29","passed","2026-07-29","","DebugConfigSourceImplJvmTest[jvm]","com.georgeci.moneysurfer.data.config.DebugConfigSourceImplJvmTest",""
"","0","BudgetDetails[jvm]","","2026-07-29","passed","2026-07-29","","RouteSerializationTest[jvm]","com.georgeci.moneysurfer.navigation.RouteSerializationTest",""
"","5","mergeScope UploadOnly with UploadOnly stays UploadOnly[jvm]","","2026-07-29","passed","2026-07-29","","SyncScopeSpec[jvm]","com.georgeci.moneysurfer.sync.api.SyncScopeSpec",""
"","29","a valid name and balance enable save[jvm]","","2026-07-29","passed","2026-07-29","","AccountCreationStateTest[jvm]","com.georgeci.moneysurfer.feature.account.creation.AccountCreationStateTest",""
"","14","a recovered server clears the degraded flag[jvm]","","2026-07-29","passed","2026-07-29","","RemoteGlobalConfigSourceImplSpec[jvm]","com.georgeci.moneysurfer.appconfig.remote.RemoteGlobalConfigSourceImplSpec",""
"","62","EXPENSE creation persists row and decreases account balance by amount[jvm]","","2026-07-29","passed","2026-07-29","","TransactionCreationIntegrationIT[jvm]","com.georgeci.moneysurfer.integration.repository.TransactionCreationIntegrationIT",""
"","8","a member who left keeps both the status and the moment[jvm]","","2026-07-29","passed","2026-07-29","","MembershipDtoMapperSpec[jvm]","com.georgeci.moneysurfer.data.sync.MembershipDtoMapperSpec",""
"","21","a first-time sign-in sends the selector on with nothing to warn about[jvm]","","2026-07-29","passed","2026-07-29","","SignInViewModelTest[jvm]","com.georgeci.moneysurfer.feature.login.SignInViewModelTest",""
"","8","creation state never shows the Members section[jvm]","","2026-07-29","passed","2026-07-29","","WorkspaceCreationStateOfflineTest[jvm]","com.georgeci.moneysurfer.feature.workspace.creation.WorkspaceCreationStateOfflineTest",""
"","29","opens on the type of the currently selected category[jvm]","","2026-07-29","passed","2026-07-29","","CategoryChooserViewModelTest[jvm]","com.georgeci.moneysurfer.feature.category.picker.CategoryChooserViewModelTest",""
"","1","a list pushed on top of a detail leaves that detail its back affordance[jvm]","","2026-07-29","passed","2026-07-29","","SurferPaneSceneStrategyTest[jvm]","com.georgeci.moneysurfer.navigation.SurferPaneSceneStrategyTest",""
"","34","a failed local write reports the generic error[jvm]","","2026-07-29","passed","2026-07-29","","WorkspaceCreationViewModelTest[jvm]","com.georgeci.moneysurfer.feature.workspace.creation.WorkspaceCreationViewModelTest",""
"","31","the overlay re-emits changes so an observer sees the held value[jvm]","","2026-07-29","passed","2026-07-29","","LayeredConfigSpec[jvm]","com.georgeci.moneysurfer.appconfig.LayeredConfigSpec",""
"","17","changes emits the current state and again after a replace[jvm]","","2026-07-29","passed","2026-07-29","","RemoteConfigMirrorImplJvmTest[jvm]","com.georgeci.moneysurfer.data.config.RemoteConfigMirrorImplJvmTest",""
"","562","save is blocked until a name and a positive limit are entered[jvm]","","2026-07-29","passed","2026-07-29","","BudgetEditViewModelTest[jvm]","com.georgeci.moneysurfer.feature.budget.edit.BudgetEditViewModelTest",""
"","27","a base-currency-only window reports nothing as excluded[jvm]","","2026-07-29","passed","2026-07-29","","SpendAnalyticsRepositoryImplJvmTest[jvm]","com.georgeci.moneysurfer.data.repository.SpendAnalyticsRepositoryImplJvmTest",""
"","83","updates the workspace baseCurrency column in Room[jvm]","","2026-07-29","passed","2026-07-29","","WorkspaceCurrencyIntegrationIT[jvm]","com.georgeci.moneysurfer.integration.repository.WorkspaceCurrencyIntegrationIT",""
"","0","iso=1970-01-01[jvm]","","2026-07-29","passed","2026-07-29","","TimeFormatterTest[jvm]","com.georgeci.moneysurfer.data.repository.TimeFormatterTest",""
"","25","push failure completes the uploaded prefix and fails the remainder[jvm]","","2026-07-29","passed","2026-07-29","","UploadPendingChangesUseCaseImplSpec[jvm]","com.georgeci.moneysurfer.data.sync.UploadPendingChangesUseCaseImplSpec",""
"","4","markCompleted deletes rows; empty list is a no-op[jvm]","","2026-07-29","passed","2026-07-29","","PendingMutationQueueImplSpec[jvm]","com.georgeci.moneysurfer.sync.internal.repository.PendingMutationQueueImplSpec",""
"","2","round-trips every variant in the pre-engine wire format[jvm]","","2026-07-29","passed","2026-07-29","","PaletteSourceCodecTest[jvm]","com.georgeci.moneysurfer.data.config.PaletteSourceCodecTest",""
"","1","no workspace is pinned yet[jvm]","","2026-07-29","passed","2026-07-29","","ShellIdentityTest[jvm]","com.georgeci.moneysurfer.navigation.ShellIdentityTest",""
"","26","accepts a negative contribution amount (a withdrawal)","","2026-07-29","passed","2026-07-29","","savings goals (issue #244)","savings goals (issue #244) accepts a negative contribution amount (a withdrawal)",""
"","25","undoing a parent delete re-attaches the children it had[jvm]","","2026-07-29","passed","2026-07-29","","CategoriesManageViewModelTest[jvm]","com.georgeci.moneysurfer.feature.category.manage.CategoriesManageViewModelTest",""
"","3","a category budget covers a slice of the spend, so it never judges the whole month[jvm]","","2026-07-29","passed","2026-07-29","","BurnRateTest[jvm]","com.georgeci.moneysurfer.domain.model.BurnRateTest",""
"","6","redactUid returns a fixed marker for blank input[jvm]","","2026-07-29","passed","2026-07-29","","PiiRedactionTest[jvm]","com.georgeci.moneysurfer.domain.logging.PiiRedactionTest",""
"","5","ChangedSinceLastSync falls back to the active workspace when the provider is empty[jvm]","","2026-07-29","passed","2026-07-29","","PullRemoteChangesUseCaseImplSpec[jvm]","com.georgeci.moneysurfer.data.sync.PullRemoteChangesUseCaseImplSpec",""
"","27","stranger cannot transition someone else's invite","","2026-07-29","passed","2026-07-29","","invites — update / delete","invites — update / delete stranger cannot transition someone else's invite",""
"","5","an empty tag list encodes as an empty cell and decodes back to no tags[jvm]","","2026-07-29","passed","2026-07-29","","TransactionCsvCodecTest[jvm]","com.georgeci.moneysurfer.domain.csv.TransactionCsvCodecTest",""
"","49","children are listed directly under their parent, one level deep[jvm]","","2026-07-29","passed","2026-07-29","","CategoriesManageViewModelTest[jvm]","com.georgeci.moneysurfer.feature.category.manage.CategoriesManageViewModelTest",""
"","3","moving a widget onto a switched-off one switches it off, in that slot[jvm]","","2026-07-29","passed","2026-07-29","","DashboardLayoutConfigTest[jvm]","com.georgeci.moneysurfer.domain.dashboard.DashboardLayoutConfigTest",""
"","0","SettingsAbout[jvm]","","2026-07-29","passed","2026-07-29","","RouteSerializationTest[jvm]","com.georgeci.moneysurfer.navigation.RouteSerializationTest",""
"","10","an empty store reports nothing rather than failing[jvm]","","2026-07-29","passed","2026-07-29","","PreferencesMirrorJvmTest[jvm]","com.georgeci.moneysurfer.data.config.PreferencesMirrorJvmTest",""
"","538","the reset-cursors row asks before clearing anything[jvm]","","2026-07-29","passed","2026-07-29","","SyncScreenStateTest[jvm]","com.georgeci.moneysurfer.ui.SyncScreenStateTest",""
"","9","the offline build shows no extra details, matching the hidden creation section[jvm]","","2026-07-29","passed","2026-07-29","","AccountDetailsViewModelTest[jvm]","com.georgeci.moneysurfer.feature.account.details.AccountDetailsViewModelTest",""
"","348","a full-width widget keeps the row to itself[jvm]","","2026-07-29","passed","2026-07-29","","DashboardGridScreenTest[jvm]","com.georgeci.moneysurfer.ui.DashboardGridScreenTest",""
"","3","ProjectionSummary carries the recalculated count[jvm]","","2026-07-29","passed","2026-07-29","","ProjectionSpec[jvm]","com.georgeci.moneysurfer.sync.projection.ProjectionSpec",""
"","15","thrown Throwable from upload becomes SyncError.Unknown[jvm]","","2026-07-29","passed","2026-07-29","","SyncCoordinatorImplBranchSpec[jvm]","com.georgeci.moneysurfer.sync.coordinator.SyncCoordinatorImplBranchSpec",""
"","14","prefers the longest matching group prefix[jvm]","","2026-07-29","passed","2026-07-29","","ParseOssLibrariesTest[jvm]","com.georgeci.moneysurfer.feature.settings.about.licenses.ParseOssLibrariesTest",""
"","4","DELETE operation roundtrips through the entity layer[jvm]","","2026-07-29","passed","2026-07-29","","PendingMutationQueueImplSpec[jvm]","com.georgeci.moneysurfer.sync.internal.repository.PendingMutationQueueImplSpec",""
"","2","an unparseable amount counts as nothing rather than breaking the arithmetic[jvm]","","2026-07-29","passed","2026-07-29","","TransactionCreationSplitEditingTest[jvm]","com.georgeci.moneysurfer.feature.transaction.creation.TransactionCreationSplitEditingTest",""
"","162","a closed-set key gets one chip per choice, with the effective value marked[jvm]","","2026-07-29","passed","2026-07-29","","DebugConfigScreenStateTest[jvm]","com.georgeci.moneysurfer.ui.DebugConfigScreenStateTest",""
"","20","an empty cache still emits, so the dashboard renders before the first fetch lands[jvm]","","2026-07-29","passed","2026-07-29","","GetExchangeRatesUseCaseTest[jvm]","com.georgeci.moneysurfer.domain.usecase.GetExchangeRatesUseCaseTest",""
"","8","creating a goal in an unknown workspace is rejected[jvm]","","2026-07-29","passed","2026-07-29","","SavingsGoalUseCaseTest[jvm]","com.georgeci.moneysurfer.domain.usecase.SavingsGoalUseCaseTest",""
"","38","with no workspace pinned the save reports a failure instead of navigating on[jvm]","","2026-07-29","passed","2026-07-29","","AccountCreationViewModelTest[jvm]","com.georgeci.moneysurfer.feature.account.creation.AccountCreationViewModelTest",""
"","126","a boolean key gets a switch and nothing to type into[jvm]","","2026-07-29","passed","2026-07-29","","DebugConfigScreenStateTest[jvm]","com.georgeci.moneysurfer.ui.DebugConfigScreenStateTest",""
"","170","a slice with no category is named on the screen, not left blank[jvm]","","2026-07-29","passed","2026-07-29","","DashboardScreenStateTest[jvm]","com.georgeci.moneysurfer.ui.DashboardScreenStateTest",""
"","15","safe-to-spend reads the active budget's remainder, pace and days left[jvm]","","2026-07-29","passed","2026-07-29","","DashboardSafeToSpendViewModelTest[jvm]","com.georgeci.moneysurfer.feature.dashboard.DashboardSafeToSpendViewModelTest",""
"","10","no budgets means no number to show[jvm]","","2026-07-29","passed","2026-07-29","","SafeToSpendTest[jvm]","com.georgeci.moneysurfer.domain.model.SafeToSpendTest",""
"","14","both themes carry a tint for every hue in the catalogue[jvm]","","2026-07-29","passed","2026-07-29","","CategoryPaletteParityTest[jvm]","com.georgeci.moneysurfer.feature.category.CategoryPaletteParityTest",""
"","31","save with a blank name is a no-op — the Save button is the only way in[jvm]","","2026-07-29","passed","2026-07-29","","WorkspaceCreationViewModelTest[jvm]","com.georgeci.moneysurfer.feature.workspace.creation.WorkspaceCreationViewModelTest",""
"","12","update applies the edit to the stored row and leaves the rest alone[jvm]","","2026-07-29","passed","2026-07-29","","AccountWriteUseCasesTest[jvm]","com.georgeci.moneysurfer.domain.usecase.AccountWriteUseCasesTest",""
"","36","paging back a month re-queries the previous window[jvm]","","2026-07-29","passed","2026-07-29","","TransactionsByAccountPeriodTest[jvm]","com.georgeci.moneysurfer.feature.transaction.list.TransactionsByAccountPeriodTest",""
"","345","light scheme: text tokens clear AA on every surface they land on[jvm]","","2026-07-29","passed","2026-07-29","","ColorContrastTest[jvm]","com.georgeci.moneysurfer.uikit.theme.ColorContrastTest",""
"","37","clearing from the empty state drops the filters and the search text together[jvm]","","2026-07-29","passed","2026-07-29","","TransactionsByAccountFilteringTest[jvm]","com.georgeci.moneysurfer.feature.transaction.list.TransactionsByAccountFilteringTest",""
"","5","a line with no category is not a saveable receipt either[jvm]","","2026-07-29","passed","2026-07-29","","TransactionCreationSplitEditingTest[jvm]","com.georgeci.moneysurfer.feature.transaction.creation.TransactionCreationSplitEditingTest",""
"","56","a user with no stored name falls back to the provider's email[jvm]","","2026-07-29","passed","2026-07-29","","AppShellViewModelTest[jvm]","com.georgeci.moneysurfer.navigation.AppShellViewModelTest",""
"","14","an empty file fails the whole import[jvm]","","2026-07-29","passed","2026-07-29","","ImportTransactionsValidationTest[jvm]","com.georgeci.moneysurfer.domain.csv.ImportTransactionsValidationTest",""
"","10","dragging a widget onto a row in the other section moves it there[jvm]","","2026-07-29","passed","2026-07-29","","DashboardCustomizeViewModelTest[jvm]","com.georgeci.moneysurfer.feature.dashboard.customize.DashboardCustomizeViewModelTest",""
"","29","a tombstoned workspace is left in Room rather than dropped[jvm]","","2026-07-29","passed","2026-07-29","","WorkspaceTreeSyncPluginIT[jvm]","com.georgeci.moneysurfer.integration.plugin.WorkspaceTreeSyncPluginIT",""
"","18","an update keeps the stored createdAt and stamps updatedAt from the clock[jvm]","","2026-07-29","passed","2026-07-29","","GoalContributionRepositoryImplJvmTest[jvm]","com.georgeci.moneysurfer.data.repository.GoalContributionRepositoryImplJvmTest",""
"","0","Legal[jvm]","","2026-07-29","passed","2026-07-29","","RouteSerializationTest[jvm]","com.georgeci.moneysurfer.navigation.RouteSerializationTest",""
"","14","unparseable operation instant is rejected as invalid operation_at[jvm]","","2026-07-29","passed","2026-07-29","","TransactionCsvCodecTest[jvm]","com.georgeci.moneysurfer.domain.csv.TransactionCsvCodecTest",""
"","8","is a no-op when the requested currency already matches[jvm]","","2026-07-29","passed","2026-07-29","","UpdateWorkspaceCurrencyUseCaseTest[jvm]","com.georgeci.moneysurfer.domain.usecase.UpdateWorkspaceCurrencyUseCaseTest",""
"","50","totals over the window drop the deleted row's money and get it back on Undo[jvm]","","2026-07-29","passed","2026-07-29","","TransactionSoftDeleteIntegrationIT[jvm]","com.georgeci.moneysurfer.integration.repository.TransactionSoftDeleteIntegrationIT",""
"","6","observe emits empty list for a fresh workspace[jvm]","","2026-07-29","passed","2026-07-29","","SyncMetaRepositoryImplSpec[jvm]","com.georgeci.moneysurfer.sync.internal.repository.SyncMetaRepositoryImplSpec",""
"","241","a real debug source is active, which is what surfaces the QA panel at all[jvm]","","2026-07-29","passed","2026-07-29","","DebugConfigSourceImplJvmTest[jvm]","com.georgeci.moneysurfer.data.config.DebugConfigSourceImplJvmTest",""
"","13","pending returns empty when queue is empty[jvm]","","2026-07-29","passed","2026-07-29","","PendingMutationQueueImplSpec[jvm]","com.georgeci.moneysurfer.data.sync.PendingMutationQueueImplSpec",""
"","35","a member push stamps the invite that admits them[jvm]","","2026-07-29","passed","2026-07-29","","WorkspaceTreeSyncPluginIT[jvm]","com.georgeci.moneysurfer.integration.plugin.WorkspaceTreeSyncPluginIT",""
"","37","an evicted (REMOVED) member loses access to goals","","2026-07-29","passed","2026-07-29","","savings goals (issue #244)","savings goals (issue #244) an evicted (REMOVED) member loses access to goals",""
"","15","'5' -> '5'[jvm]","","2026-07-29","passed","2026-07-29","","AmountInputTransformationTest[jvm]","com.georgeci.moneysurfer.utils.AmountInputTransformationTest",""
"","16","a pulled member is inserted and their user row stubbed[jvm]","","2026-07-29","passed","2026-07-29","","WorkspaceTreeSyncPluginIT[jvm]","com.georgeci.moneysurfer.integration.plugin.WorkspaceTreeSyncPluginIT",""
"","162","patch fields overlaid on each entity doc decode as a pull-side tombstone[jvm]","","2026-07-29","passed","2026-07-29","","TombstonePatchSpec[jvm]","com.georgeci.moneysurfer.data.sync.plugin.TombstonePatchSpec",""
"","20","host-identity keys are flagged so the panel can say they are not ordinary flags[jvm]","","2026-07-29","passed","2026-07-29","","DebugConfigInspectorImplSpec[jvm]","com.georgeci.moneysurfer.appconfig.DebugConfigInspectorImplSpec",""
"","32","removing a row drops it and offers its chip again[jvm]","","2026-07-29","passed","2026-07-29","","AccountCreationViewModelTest[jvm]","com.georgeci.moneysurfer.feature.account.creation.AccountCreationViewModelTest",""
"","1","a negative balance is allowed for a credit (card) account[jvm]","","2026-07-29","passed","2026-07-29","","InitialBalanceInputTest[jvm]","com.georgeci.moneysurfer.feature.account.creation.InitialBalanceInputTest",""
"","46","spent sums the expenses inside the window and leaves the rest out[jvm]","","2026-07-29","passed","2026-07-29","","BudgetProgressTest[jvm]","com.georgeci.moneysurfer.domain.model.BudgetProgressTest",""
"","16","a transfer leg without its pair row is rejected[jvm]","","2026-07-29","passed","2026-07-29","","ImportTransactionsValidationTest[jvm]","com.georgeci.moneysurfer.domain.csv.ImportTransactionsValidationTest",""
"","4","ignores planned rows[jvm]","","2026-07-29","passed","2026-07-29","","RecalculateAccountBalanceUseCaseTest[jvm]","com.georgeci.moneysurfer.domain.usecase.RecalculateAccountBalanceUseCaseTest",""
"","26","AND-s multiple tokens[jvm]","","2026-07-29","passed","2026-07-29","","TransactionFtsIntegrationIT[jvm]","com.georgeci.moneysurfer.integration.repository.TransactionFtsIntegrationIT",""
"","7","online state shows the Members row action[jvm]","","2026-07-29","passed","2026-07-29","","WorkspaceSelectorStateOfflineTest[jvm]","com.georgeci.moneysurfer.feature.workspace.selector.WorkspaceSelectorStateOfflineTest",""
"","8","the dashboard opens on Month[jvm]","","2026-07-29","passed","2026-07-29","","DashboardPeriodTest[jvm]","com.georgeci.moneysurfer.domain.dashboard.DashboardPeriodTest",""
"","22","create blocked when clientVersionCode missing","","2026-07-29","passed","2026-07-29","","workspaces/{wid}","workspaces/{wid} create blocked when clientVersionCode missing",""
"","9","an overspent previous window carries nothing — the debt is not doubled[jvm]","","2026-07-29","passed","2026-07-29","","BudgetProgressTest[jvm]","com.georgeci.moneysurfer.domain.model.BudgetProgressTest",""
"","12","toggling off discards the lines and leaves the rest of the form alone[jvm]","","2026-07-29","passed","2026-07-29","","TransactionCreationSplitEditingTest[jvm]","com.georgeci.moneysurfer.feature.transaction.creation.TransactionCreationSplitEditingTest",""
"","19","deleting a budget that is already gone enqueues nothing[jvm]","","2026-07-29","passed","2026-07-29","","BudgetRepositoryImplJvmTest[jvm]","com.georgeci.moneysurfer.data.repository.BudgetRepositoryImplJvmTest",""
"","5","running twice queues nothing new — the outbox itself dedupes, and so does this[jvm]","","2026-07-29","passed","2026-07-29","","SyncedSettingsSessionImplJvmTest[jvm]","com.georgeci.moneysurfer.data.config.SyncedSettingsSessionImplJvmTest",""
"","3","pending() default limit forwards DEFAULT_BATCH_LIMIT[jvm]","","2026-07-29","passed","2026-07-29","","PendingMutationQueueSpec[jvm]","com.georgeci.moneysurfer.sync.repository.PendingMutationQueueSpec",""
"","20","every reporting call is a no-op, including the nullable user id[jvm]","","2026-07-29","passed","2026-07-29","","NoOpCrashReporterJvmTest[jvm]","com.georgeci.moneysurfer.data.repository.NoOpCrashReporterJvmTest",""
"","8","an empty currency list still promotes the form out of Loading[jvm]","","2026-07-29","passed","2026-07-29","","WorkspaceCreationViewModelTest[jvm]","com.georgeci.moneysurfer.feature.workspace.creation.WorkspaceCreationViewModelTest",""
"","6","blank enum names fall back to the repository's parse defaults[jvm]","","2026-07-29","passed","2026-07-29","","RecurringRuleDtoMapperSpec[jvm]","com.georgeci.moneysurfer.data.sync.RecurringRuleDtoMapperSpec",""
"","2","rejects when no current user[jvm]","","2026-07-29","passed","2026-07-29","","LeaveWorkspaceUseCaseTest[jvm]","com.georgeci.moneysurfer.domain.usecase.LeaveWorkspaceUseCaseTest",""
"","756","a failure with no handler escalates to the global error boundary[jvm]","","2026-07-29","passed","2026-07-29","","MviViewModelTest[jvm]","com.georgeci.moneysurfer.utils.MviViewModelTest",""
"","17","a child's share is zero rather than a division by zero when the parent booked nothing[jvm]","","2026-07-29","passed","2026-07-29","","CategoryDetailsViewModelTest[jvm]","com.georgeci.moneysurfer.feature.category.details.CategoryDetailsViewModelTest",""
"","2","create income → +impact[jvm]","","2026-07-29","passed","2026-07-29","","CalculateBalanceDeltaTest[jvm]","com.georgeci.moneysurfer.domain.model.CalculateBalanceDeltaTest",""
"","63","getByEmail / getByTargetUserId resolve through their indexes[jvm]","","2026-07-29","passed","2026-07-29","","WorkspaceInviteRepositoryIntegrationIT[jvm]","com.georgeci.moneysurfer.integration.repository.WorkspaceInviteRepositoryIntegrationIT",""
"","12","offline build hides the Transfer segment[jvm]","","2026-07-29","passed","2026-07-29","","OfflineConfigGraphTest[jvm]","com.georgeci.moneysurfer.offline.di.OfflineConfigGraphTest",""
"","3","SettingsDeleteAccount[jvm]","","2026-07-29","passed","2026-07-29","","RouteSerializationTest[jvm]","com.georgeci.moneysurfer.navigation.RouteSerializationTest",""
"","53","the CSV backup exports live rows only, and exports the row again once it is restored[jvm]","","2026-07-29","passed","2026-07-29","","TransactionSoftDeleteIntegrationIT[jvm]","com.georgeci.moneysurfer.integration.repository.TransactionSoftDeleteIntegrationIT",""
"","23","sums every currency into the base once rates cover them[jvm]","","2026-07-29","passed","2026-07-29","","ConvertAccountsTotalUseCaseTest[jvm]","com.georgeci.moneysurfer.domain.usecase.ConvertAccountsTotalUseCaseTest",""
"","8","local insert failure returns LocalWriteFailed and skips remote work[jvm]","","2026-07-29","passed","2026-07-29","","CreateWorkspaceUseCaseTest[jvm]","com.georgeci.moneysurfer.domain.usecase.CreateWorkspaceUseCaseTest",""
"","3","under a weekly period it is the weekly cap that speaks, and the monthly one that does not[jvm]","","2026-07-29","passed","2026-07-29","","SpentByCategoryTest[jvm]","com.georgeci.moneysurfer.domain.model.SpentByCategoryTest",""
"","12","the legs a save would write pair each line's category with its share[jvm]","","2026-07-29","passed","2026-07-29","","TransactionCreationSplitEditingTest[jvm]","com.georgeci.moneysurfer.feature.transaction.creation.TransactionCreationSplitEditingTest",""
"","12","income signs its amount with a plus and carries no transfer[jvm]","","2026-07-29","passed","2026-07-29","","TransactionDetailsViewModelTest[jvm]","com.georgeci.moneysurfer.feature.transaction.details.TransactionDetailsViewModelTest",""
"","528","a single flipped ciphertext byte fails the MAC[jvm]","","2026-07-29","passed","2026-07-29","","EncryptedBackupCodecTest[jvm]","com.georgeci.moneysurfer.data.backup.EncryptedBackupCodecTest",""
"","23","non-member cannot read","","2026-07-29","passed","2026-07-29","","member-gated entities (accounts)","member-gated entities (accounts) non-member cannot read",""
"","62","the goals widget shows two rows at most[jvm]","","2026-07-29","passed","2026-07-29","","DashboardViewModelTest[jvm]","com.georgeci.moneysurfer.feature.dashboard.DashboardViewModelTest",""
"","20","a pulled tombstone marks the row deleted rather than dropping it[jvm]","","2026-07-29","passed","2026-07-29","","TransactionSyncPluginIT[jvm]","com.georgeci.moneysurfer.integration.plugin.TransactionSyncPluginIT",""
"","8","totals outside the requested window do not reach the trend[jvm]","","2026-07-29","passed","2026-07-29","","CategorySpendHistoryTest[jvm]","com.georgeci.moneysurfer.domain.model.CategorySpendHistoryTest",""
"","263","string resources use only indexed placeholders[jvm]","","2026-07-29","passed","2026-07-29","","StringResourcePlaceholderTest[jvm]","com.georgeci.moneysurfer.utils.StringResourcePlaceholderTest",""
"","1","negative balances convert too — an overdraft is still part of the total[jvm]","","2026-07-29","passed","2026-07-29","","ConvertAccountsTotalUseCaseTest[jvm]","com.georgeci.moneysurfer.domain.usecase.ConvertAccountsTotalUseCaseTest",""
"","548","at expanded width the pill is offered for the widths alone, card styles switched off or not[jvm]","","2026-07-29","passed","2026-07-29","","DashboardCustomizeScreenStateTest[jvm]","com.georgeci.moneysurfer.ui.DashboardCustomizeScreenStateTest",""
"","2","clearing the field is always allowed[jvm]","","2026-07-29","passed","2026-07-29","","AmountInputTransformationTest[jvm]","com.georgeci.moneysurfer.utils.AmountInputTransformationTest",""
"","23","a category's icon and colour survive a round-trip through Room[jvm]","","2026-07-29","passed","2026-07-29","","DeleteUndoIntegrationIT[jvm]","com.georgeci.moneysurfer.integration.repository.DeleteUndoIntegrationIT",""
"","7","month-to-date leaves out the days the window reached back into the previous month[jvm]","","2026-07-29","passed","2026-07-29","","BurnRateTest[jvm]","com.georgeci.moneysurfer.domain.model.BurnRateTest",""
"","837","encrypted import with the wrong passphrase surfaces WrongPassphrase[jvm]","","2026-07-29","passed","2026-07-29","","BackupEncryptedRoundTripJvmTest[jvm]","com.georgeci.moneysurfer.data.backup.BackupEncryptedRoundTripJvmTest",""
"","13","an undecodable value is left on disk rather than overwritten by the fallback[jvm]","","2026-07-29","passed","2026-07-29","","LocalConfigSourceImplJvmTest[jvm]","com.georgeci.moneysurfer.data.config.LocalConfigSourceImplJvmTest",""
"","18","falls back to the group id when the export carries no names at all[jvm]","","2026-07-29","passed","2026-07-29","","ParseOssLibrariesTest[jvm]","com.georgeci.moneysurfer.feature.settings.about.licenses.ParseOssLibrariesTest",""
"","11","SettingKey can never be remote-overridable[jvm]","","2026-07-29","passed","2026-07-29","","ConfigCodecSpec[jvm]","com.georgeci.moneysurfer.appconfig.ConfigCodecSpec",""
"","2","every tag in the cell is guarded on its own not just the first[jvm]","","2026-07-29","passed","2026-07-29","","TransactionCsvCodecTest[jvm]","com.georgeci.moneysurfer.domain.csv.TransactionCsvCodecTest",""
"","3","reset drops the filters and keeps the search text[jvm]","","2026-07-29","passed","2026-07-29","","TransactionFilterMatchingTest[jvm]","com.georgeci.moneysurfer.feature.transaction.filter.TransactionFilterMatchingTest",""
"","3","LastSyncOutcome.Cancelled carries timestamp[jvm]","","2026-07-29","passed","2026-07-29","","SyncStateSpec[jvm]","com.georgeci.moneysurfer.sync.api.SyncStateSpec",""
"","26","insert writes both DAO and outbox when signed in[jvm]","","2026-07-29","passed","2026-07-29","","WorkspaceMemberRepositoryDualWriteSpec[jvm]","com.georgeci.moneysurfer.data.repository.WorkspaceMemberRepositoryDualWriteSpec",""
"","29","a row that is already gone deletes nothing and offers no Undo[jvm]","","2026-07-29","passed","2026-07-29","","TransactionsByAccountDeleteTest[jvm]","com.georgeci.moneysurfer.feature.transaction.list.TransactionsByAccountDeleteTest",""
"","5","matches by targetUserId when email differs[jvm]","","2026-07-29","passed","2026-07-29","","AcceptInviteUseCaseTest[jvm]","com.georgeci.moneysurfer.domain.usecase.AcceptInviteUseCaseTest",""
"","14","a refresh of the remote config does not block the splash[jvm]","","2026-07-29","passed","2026-07-29","","AppLaunchViewModelTest[jvm]","com.georgeci.moneysurfer.navigation.AppLaunchViewModelTest",""
"","0","epochMillis=4611686018427387903[jvm]","","2026-07-29","passed","2026-07-29","","TimeFormatterTest[jvm]","com.georgeci.moneysurfer.data.repository.TimeFormatterTest",""
"","7","repeat delete (null/null) is a no-op[jvm]","","2026-07-29","passed","2026-07-29","","ApplyTransactionChangeUseCaseTest[jvm]","com.georgeci.moneysurfer.domain.usecase.ApplyTransactionChangeUseCaseTest",""
"","13","insert in demo session writes DAO but skips outbox[jvm]","","2026-07-29","passed","2026-07-29","","WorkspaceMemberRepositoryDualWriteSpec[jvm]","com.georgeci.moneysurfer.data.repository.WorkspaceMemberRepositoryDualWriteSpec",""
"","18","a user cannot list another user's settings","","2026-07-29","passed","2026-07-29","","users/{uid}/config/{key}","users/{uid}/config/{key} a user cannot list another user's settings",""
"","16","the trend always spans the full six-month window[jvm]","","2026-07-29","passed","2026-07-29","","CategoryDetailsViewModelTest[jvm]","com.georgeci.moneysurfer.feature.category.details.CategoryDetailsViewModelTest",""
"","8","the opening balance is what the curve rises from[jvm]","","2026-07-29","passed","2026-07-29","","AccountBalanceSeriesTest[jvm]","com.georgeci.moneysurfer.domain.model.AccountBalanceSeriesTest",""
"","9","a config_entry row named after a host or server key is never served[jvm]","","2026-07-29","passed","2026-07-29","","LocalConfigSourceImplJvmTest[jvm]","com.georgeci.moneysurfer.data.config.LocalConfigSourceImplJvmTest",""
"","135","each row carries the value kind derived from its codec[jvm]","","2026-07-29","passed","2026-07-29","","DebugConfigInspectorImplSpec[jvm]","com.georgeci.moneysurfer.appconfig.DebugConfigInspectorImplSpec",""
"","21","a consistent transfer pair imports both legs[jvm]","","2026-07-29","passed","2026-07-29","","ImportTransactionsValidationTest[jvm]","com.georgeci.moneysurfer.domain.csv.ImportTransactionsValidationTest",""
"","2","an off-palette hue snaps to the nearest tint instead of disappearing[jvm]","","2026-07-29","passed","2026-07-29","","CategoryPaletteParityTest[jvm]","com.georgeci.moneysurfer.feature.category.CategoryPaletteParityTest",""
"","1","writes local pointer and pushes default when Firebase uid present[jvm]","","2026-07-29","passed","2026-07-29","","SelectWorkspaceUseCaseTest[jvm]","com.georgeci.moneysurfer.domain.usecase.SelectWorkspaceUseCaseTest",""
"","2","delete actual income unwinds impact[jvm]","","2026-07-29","passed","2026-07-29","","CalculateBalanceDeltaTest[jvm]","com.georgeci.moneysurfer.domain.model.CalculateBalanceDeltaTest",""
"","22","values are namespaced so they cannot clash with the legacy typed preferences[jvm]","","2026-07-29","passed","2026-07-29","","LocalConfigSourceImplJvmTest[jvm]","com.georgeci.moneysurfer.data.config.LocalConfigSourceImplJvmTest",""
"","10","DELETE mutation persists and is readable[jvm]","","2026-07-29","passed","2026-07-29","","PendingMutationQueueImplSpec[jvm]","com.georgeci.moneysurfer.data.sync.PendingMutationQueueImplSpec",""
"","0","an archived budget does not cap the month[jvm]","","2026-07-29","passed","2026-07-29","","BurnRateTest[jvm]","com.georgeci.moneysurfer.domain.model.BurnRateTest",""
"","19","a failed flag write leaves the screen retryable instead of navigating on[jvm]","","2026-07-29","passed","2026-07-29","","OnboardingViewModelTest[jvm]","com.georgeci.moneysurfer.feature.login.onboarding.OnboardingViewModelTest",""
"","13","take remote writes the remote value without reporting a conflict[jvm]","","2026-07-29","passed","2026-07-29","","ApplyResolutionSpec[jvm]","com.georgeci.moneysurfer.data.sync.plugin.ApplyResolutionSpec",""
"","17","user cannot delete another user's document","","2026-07-29","passed","2026-07-29","","users/{uid}","users/{uid} user cannot delete another user's document",""
"","275","wrong password surfaces WrongPassword notice and re-enables the screen[jvm]","","2026-07-29","passed","2026-07-29","","DeleteUserAccountViewModelTest[jvm]","com.georgeci.moneysurfer.feature.settings.account.DeleteUserAccountViewModelTest",""
"","8","an invite doc with no status is read as pending rather than as a blank[jvm]","","2026-07-29","passed","2026-07-29","","MembershipDtoMapperSpec[jvm]","com.georgeci.moneysurfer.data.sync.MembershipDtoMapperSpec",""
"","23","online state with sync disabled shows profile but hides only the sync section[jvm]","","2026-07-29","passed","2026-07-29","","SettingsStateOfflineTest[jvm]","com.georgeci.moneysurfer.feature.settings.SettingsStateOfflineTest",""
"","39","stranger cannot hard-delete the workspace doc","","2026-07-29","passed","2026-07-29","","workspaces/{wid}","workspaces/{wid} stranger cannot hard-delete the workspace doc",""
"","9","the headline carries the remainder, the per-day pace and the days left[jvm]","","2026-07-29","passed","2026-07-29","","SafeToSpendTest[jvm]","com.georgeci.moneysurfer.domain.model.SafeToSpendTest",""
"","19","round-trip: merchant tags and recurring rule id survive export and import[jvm]","","2026-07-29","passed","2026-07-29","","ExportImportTransactionsUseCaseTest[jvm]","com.georgeci.moneysurfer.domain.csv.ExportImportTransactionsUseCaseTest",""
"","19","tapping Undo on the delete snackbar restores the category[jvm]","","2026-07-29","passed","2026-07-29","","CategoriesManageViewModelTest[jvm]","com.georgeci.moneysurfer.feature.category.manage.CategoriesManageViewModelTest",""
"","33","RequiresRecentLogin degrades to the generic failure[jvm]","","2026-07-29","passed","2026-07-29","","SignInViewModelTest[jvm]","com.georgeci.moneysurfer.feature.login.SignInViewModelTest",""
"","25","multiple decimal separators are an invalid format[jvm]","","2026-07-29","passed","2026-07-29","","TransactionAmountInputTest[jvm]","com.georgeci.moneysurfer.feature.transaction.creation.TransactionAmountInputTest",""
"","19","each style writes itself out the way the Preferences pill shows it[jvm]","","2026-07-29","passed","2026-07-29","","NumberFormatStyleTest[jvm]","com.georgeci.moneysurfer.domain.preferences.NumberFormatStyleTest",""
"","24","the monthly net comes back oldest first, with the missing side folded to zero[jvm]","","2026-07-29","passed","2026-07-29","","SpendAnalyticsRepositoryImplJvmTest[jvm]","com.georgeci.moneysurfer.data.repository.SpendAnalyticsRepositoryImplJvmTest",""
"","14","enum codec resolves by name and rejects anything else[jvm]","","2026-07-29","passed","2026-07-29","","ConfigCodecSpec[jvm]","com.georgeci.moneysurfer.appconfig.ConfigCodecSpec",""
"","34","member can create","","2026-07-29","passed","2026-07-29","","member-gated entities (accounts)","member-gated entities (accounts) member can create",""
"","7","a hand-typed code is trimmed and upcased[jvm]","","2026-07-29","passed","2026-07-29","","CurrencyCodeCodecTest[jvm]","com.georgeci.moneysurfer.data.config.CurrencyCodeCodecTest",""
"","1","disabledItems is the complement of enabledItems[jvm]","","2026-07-29","passed","2026-07-29","","DashboardLayoutConfigTest[jvm]","com.georgeci.moneysurfer.domain.dashboard.DashboardLayoutConfigTest",""
"","15","a stringified console boolean decodes whatever its casing[jvm]","","2026-07-29","passed","2026-07-29","","RemoteGlobalConfigSourceImplSpec[jvm]","com.georgeci.moneysurfer.appconfig.remote.RemoteGlobalConfigSourceImplSpec",""
"","8","an invite with no resolved recipient maps without one[jvm]","","2026-07-29","passed","2026-07-29","","MembershipDtoMapperSpec[jvm]","com.georgeci.moneysurfer.data.sync.MembershipDtoMapperSpec",""
"","1","two budgets created at the same instant break the tie by id, so the notice is stable[jvm]","","2026-07-29","passed","2026-07-29","","CategoryCapCoverageTest[jvm]","com.georgeci.moneysurfer.domain.model.CategoryCapCoverageTest",""
"","100","tapping a toggle row asks for the opposite of what it currently shows[jvm]","","2026-07-29","passed","2026-07-29","","PreferencesScreenStateTest[jvm]","com.georgeci.moneysurfer.ui.PreferencesScreenStateTest",""
"","17","first-time user creates remote doc and returns FirstTime[jvm]","","2026-07-29","passed","2026-07-29","","PostAuthBootstrapUseCaseTest[jvm]","com.georgeci.moneysurfer.domain.usecase.PostAuthBootstrapUseCaseTest",""
"","6","format zero amount[jvm]","","2026-07-29","passed","2026-07-29","","MoneyFormatterTest[jvm]","com.georgeci.moneysurfer.domain.MoneyFormatterTest",""
"","18","owner can hard-delete an invite (account-deletion purge)","","2026-07-29","passed","2026-07-29","","invites — update / delete","invites — update / delete owner can hard-delete an invite (account-deletion purge)",""
"","7","manifest JSON survives serialization[jvm]","","2026-07-29","passed","2026-07-29","","ZipStoredCodecTest[jvm]","com.georgeci.moneysurfer.data.backup.ZipStoredCodecTest",""
"","22","UnsupportedAppVersion preserves message and is not retryable[jvm]","","2026-07-29","passed","2026-07-29","","SyncErrorSpec[jvm]","com.georgeci.moneysurfer.sync.api.SyncErrorSpec",""
"","5","missing manifest entry surfaces InvalidArchive[jvm]","","2026-07-29","passed","2026-07-29","","BackupImporterImplJvmTest[jvm]","com.georgeci.moneysurfer.data.backup.BackupImporterImplJvmTest",""
"","60","init loads the existing workspace and switches the form to editing[jvm]","","2026-07-29","passed","2026-07-29","","WorkspaceCreationViewModelTest[jvm]","com.georgeci.moneysurfer.feature.workspace.creation.WorkspaceCreationViewModelTest",""
"","4","the chevron toggles one parent at a time[jvm]","","2026-07-29","passed","2026-07-29","","CategoryChooserViewModelTest[jvm]","com.georgeci.moneysurfer.feature.category.picker.CategoryChooserViewModelTest",""
"","0","WorkspaceMembers[jvm]","","2026-07-29","passed","2026-07-29","","RouteSerializationTest[jvm]","com.georgeci.moneysurfer.navigation.RouteSerializationTest",""
"","18","a user cannot write into another user's settings","","2026-07-29","passed","2026-07-29","","users/{uid}/config/{key}","users/{uid}/config/{key} a user cannot write into another user's settings",""
"","4","a burst of moves persists the layout the last one produced[jvm]","","2026-07-29","passed","2026-07-29","","DashboardCustomizeViewModelTest[jvm]","com.georgeci.moneysurfer.feature.dashboard.customize.DashboardCustomizeViewModelTest",""
"","116","the carousel reaches the insights a compact list would have dropped[jvm]","","2026-07-29","passed","2026-07-29","","DashboardInsightsScreenTest[jvm]","com.georgeci.moneysurfer.ui.DashboardInsightsScreenTest",""
"","7","an archived budget limits nothing, so a cap set now is a fresh budget[jvm]","","2026-07-29","passed","2026-07-29","","CategoryCapCoverageTest[jvm]","com.georgeci.moneysurfer.domain.model.CategoryCapCoverageTest",""
"","16","each account type maps to its own string resource[jvm]","","2026-07-29","passed","2026-07-29","","AccountTypeLabelTest[jvm]","com.georgeci.moneysurfer.feature.account.AccountTypeLabelTest",""
"","4","budgets that do not name this category are ignored[jvm]","","2026-07-29","passed","2026-07-29","","CategoryCapCoverageTest[jvm]","com.georgeci.moneysurfer.domain.model.CategoryCapCoverageTest",""
"","44","a transfer leg whose pair is missing still renders as a transfer[jvm]","","2026-07-29","passed","2026-07-29","","TransactionDetailsViewModelTest[jvm]","com.georgeci.moneysurfer.feature.transaction.details.TransactionDetailsViewModelTest",""
"","26","save with blank name is a no-op (Save button is wired to require a name)[jvm]","","2026-07-29","passed","2026-07-29","","AccountCreationViewModelTest[jvm]","com.georgeci.moneysurfer.feature.account.creation.AccountCreationViewModelTest",""
"","75","the burn rate is judged against a general monthly budget when there is one[jvm]","","2026-07-29","passed","2026-07-29","","DashboardBurnRateViewModelTest[jvm]","com.georgeci.moneysurfer.feature.dashboard.DashboardBurnRateViewModelTest",""
"","21","owner cannot create an invite stamped with a different invitedByUserId","","2026-07-29","passed","2026-07-29","","invites — write","invites — write owner cannot create an invite stamped with a different invitedByUserId",""
"","29","list across all workspaces is denied — workspace get/list both gated by isMember","","2026-07-29","passed","2026-07-29","","workspaces/{wid}","workspaces/{wid} list across all workspaces is denied — workspace get/list both gated by isMember",""
"","26","a regular save leaves the workspace base currency untouched[jvm]","","2026-07-29","passed","2026-07-29","","AccountCreationViewModelTest[jvm]","com.georgeci.moneysurfer.feature.account.creation.AccountCreationViewModelTest",""
"","14","an upsert for a category that is already gone writes nothing[jvm]","","2026-07-29","passed","2026-07-29","","CategorySyncPluginIT[jvm]","com.georgeci.moneysurfer.integration.plugin.CategorySyncPluginIT",""
"","24","rejects an account whose numeric balance is a string","","2026-07-29","passed","2026-07-29","","entity write-shape validation (issue #156)","entity write-shape validation (issue #156) rejects an account whose numeric balance is a string",""
"","29","no read path writes anything[jvm]","","2026-07-29","passed","2026-07-29","","LayeredConfigSpec[jvm]","com.georgeci.moneysurfer.appconfig.LayeredConfigSpec",""
"","342","a widget's span decides how much of the row it gets[jvm]","","2026-07-29","passed","2026-07-29","","DashboardGridScreenTest[jvm]","com.georgeci.moneysurfer.ui.DashboardGridScreenTest",""
"","1","distinguishes ids differing in their trailing digits[jvm]","","2026-07-29","passed","2026-07-29","","TransactionReferenceTest[jvm]","com.georgeci.moneysurfer.domain.model.TransactionReferenceTest",""
"","9","SyncHandleStatus.Queued is singleton[jvm]","","2026-07-29","passed","2026-07-29","","SyncStateSpec[jvm]","com.georgeci.moneysurfer.sync.api.SyncStateSpec",""
"","8","a contribution to a missing goal is rejected[jvm]","","2026-07-29","passed","2026-07-29","","GoalContributionUseCaseTest[jvm]","com.georgeci.moneysurfer.domain.usecase.GoalContributionUseCaseTest",""
"","1","an empty all-account summary falls back to USD[jvm]","","2026-07-29","passed","2026-07-29","","TransactionsListMappingTest[jvm]","com.georgeci.moneysurfer.feature.transaction.list.TransactionsListMappingTest",""
"","24","saving an edit to a row that was already purged inserts it fresh[jvm]","","2026-07-29","passed","2026-07-29","","TransactionSoftDeleteIntegrationIT[jvm]","com.georgeci.moneysurfer.integration.repository.TransactionSoftDeleteIntegrationIT",""
"","33","opening a category with a single-category budget prefills the cap field[jvm]","","2026-07-29","passed","2026-07-29","","CategoryCreationViewModelTest[jvm]","com.georgeci.moneysurfer.feature.category.creation.CategoryCreationViewModelTest",""
"","1","garbage without the magic prefix is rejected as InvalidArchive[jvm]","","2026-07-29","passed","2026-07-29","","EncryptedBackupCodecTest[jvm]","com.georgeci.moneysurfer.data.backup.EncryptedBackupCodecTest",""
"","1","the monthly average divides by the whole window, not by the months with spend[jvm]","","2026-07-29","passed","2026-07-29","","CategorySpendHistoryTest[jvm]","com.georgeci.moneysurfer.domain.model.CategorySpendHistoryTest",""
"","9","used well-known keys disappear from the add-field choices case-insensitively[jvm]","","2026-07-29","passed","2026-07-29","","AccountCreationStateTest[jvm]","com.georgeci.moneysurfer.feature.account.creation.AccountCreationStateTest",""
"","8","a DELETE is ignored — settings are overwritten, never deleted[jvm]","","2026-07-29","passed","2026-07-29","","UserConfigSyncPluginSpec[jvm]","com.georgeci.moneysurfer.data.sync.plugin.UserConfigSyncPluginSpec",""
"","10","totals for categories outside the subtree are ignored[jvm]","","2026-07-29","passed","2026-07-29","","CategorySpendHistoryTest[jvm]","com.georgeci.moneysurfer.domain.model.CategorySpendHistoryTest",""
"","6","pendingCount excludes IN_FLIGHT rows[jvm]","","2026-07-29","passed","2026-07-29","","PendingMutationQueueImplSpec[jvm]","com.georgeci.moneysurfer.sync.internal.repository.PendingMutationQueueImplSpec",""
"","12","surfaces remote lookup failure as RemoteSyncFailed[jvm]","","2026-07-29","passed","2026-07-29","","SendInviteUseCaseTest[jvm]","com.georgeci.moneysurfer.domain.usecase.SendInviteUseCaseTest",""
"","33","reports Missing when the category is not in the workspace[jvm]","","2026-07-29","passed","2026-07-29","","CategoryDetailsViewModelTest[jvm]","com.georgeci.moneysurfer.feature.category.details.CategoryDetailsViewModelTest",""
"","3","'0' -> '0'[jvm]","","2026-07-29","passed","2026-07-29","","AmountInputTransformationTest[jvm]","com.georgeci.moneysurfer.utils.AmountInputTransformationTest",""
"","1","yearly anchor on Feb 29 clamps to Feb 28 in a non-leap year[jvm]","","2026-07-29","passed","2026-07-29","","BudgetPeriodWindowTest[jvm]","com.georgeci.moneysurfer.domain.util.BudgetPeriodWindowTest",""
"","151","upsert (new) writes both DAO and outbox as INSERT when signed in[jvm]","","2026-07-29","passed","2026-07-29","","WorkspaceInviteRepositoryDualWriteSpec[jvm]","com.georgeci.moneysurfer.data.repository.WorkspaceInviteRepositoryDualWriteSpec",""
"","28","a goal with no contributions has saved nothing rather than no answer[jvm]","","2026-07-29","passed","2026-07-29","","GoalContributionRepositoryImplJvmTest[jvm]","com.georgeci.moneysurfer.data.repository.GoalContributionRepositoryImplJvmTest",""
"","22","contribution delete enqueues a DELETE[jvm]","","2026-07-29","passed","2026-07-29","","GoalRepositoryDualWriteSpec[jvm]","com.georgeci.moneysurfer.data.repository.GoalRepositoryDualWriteSpec",""
"","3","nothing is degraded on the happy path[jvm]","","2026-07-29","passed","2026-07-29","","LayeredConfigSpec[jvm]","com.georgeci.moneysurfer.appconfig.LayeredConfigSpec",""
"","1","raising the target above the saved amount re-opens a completed goal[jvm]","","2026-07-29","passed","2026-07-29","","SavingsGoalUseCaseTest[jvm]","com.georgeci.moneysurfer.domain.usecase.SavingsGoalUseCaseTest",""
"","31","a refresh that lands while one is in flight is dropped, not queued[jvm]","","2026-07-29","passed","2026-07-29","","RemoteGlobalConfigSourceImplSpec[jvm]","com.georgeci.moneysurfer.appconfig.remote.RemoteGlobalConfigSourceImplSpec",""
"","0","history inside the window moves the curve[jvm]","","2026-07-29","passed","2026-07-29","","GetAccountBalanceSeriesUseCaseTest[jvm]","com.georgeci.moneysurfer.domain.usecase.GetAccountBalanceSeriesUseCaseTest",""
"","9","income, planned and other-workspace rows are ignored[jvm]","","2026-07-29","passed","2026-07-29","","BudgetProgressTest[jvm]","com.georgeci.moneysurfer.domain.model.BudgetProgressTest",""
"","10","the active list is shown in sortOrder, not in the order the repository happens to hold[jvm]","","2026-07-29","passed","2026-07-29","","AccountsManageViewModelTest[jvm]","com.georgeci.moneysurfer.feature.account.manage.AccountsManageViewModelTest",""
"","26","the offline build still carries an edited account's extra details through a save[jvm]","","2026-07-29","passed","2026-07-29","","AccountCreationViewModelTest[jvm]","com.georgeci.moneysurfer.feature.account.creation.AccountCreationViewModelTest",""
"","5","WaitingForNetwork title[jvm]","","2026-07-29","passed","2026-07-29","","SyncStepSpec[jvm]","com.georgeci.moneysurfer.sync.api.SyncStepSpec",""
"","129","an expanded card drops none of what the engine produced[jvm]","","2026-07-29","passed","2026-07-29","","DashboardInsightsScreenTest[jvm]","com.georgeci.moneysurfer.ui.DashboardInsightsScreenTest",""
"","9","fetch failure propagates as AuthError.Unknown[jvm]","","2026-07-29","passed","2026-07-29","","PostAuthBootstrapUseCaseTest[jvm]","com.georgeci.moneysurfer.domain.usecase.PostAuthBootstrapUseCaseTest",""
"","45","an explicit date range replaces the pager window and hides the pager[jvm]","","2026-07-29","passed","2026-07-29","","TransactionsByAccountFilteringTest[jvm]","com.georgeci.moneysurfer.feature.transaction.list.TransactionsByAccountFilteringTest",""
"","5","pending returns rows sorted by createdAt ascending[jvm]","","2026-07-29","passed","2026-07-29","","PendingMutationQueueImplSpec[jvm]","com.georgeci.moneysurfer.sync.internal.repository.PendingMutationQueueImplSpec",""
"","0","CategoryChooser[jvm]","","2026-07-29","passed","2026-07-29","","RouteSerializationTest[jvm]","com.georgeci.moneysurfer.navigation.RouteSerializationTest",""
"","0","Dashboard[jvm]","","2026-07-29","passed","2026-07-29","","RouteSerializationTest[jvm]","com.georgeci.moneysurfer.navigation.RouteSerializationTest",""
"","0","WorkspaceSelector[jvm]","","2026-07-29","passed","2026-07-29","","RouteSerializationTest[jvm]","com.georgeci.moneysurfer.navigation.RouteSerializationTest",""
"","14","asks the repository for the budget's current window, closed at its last day[jvm]","","2026-07-29","passed","2026-07-29","","GetBudgetTransactionsUseCaseTest[jvm]","com.georgeci.moneysurfer.domain.usecase.GetBudgetTransactionsUseCaseTest",""
"","12","null message returns null[jvm]","","2026-07-29","passed","2026-07-29","","AuthErrorClassificationTest[jvm]","com.georgeci.moneysurfer.data.repository.AuthErrorClassificationTest",""
"","22","currency symbol comes from the catalogue and otherwise falls back to its code[jvm]","","2026-07-29","passed","2026-07-29","","AccountCreationStateTest[jvm]","com.georgeci.moneysurfer.feature.account.creation.AccountCreationStateTest",""
"","1","month window ends on the short month's real last day[jvm]","","2026-07-29","passed","2026-07-29","","TransactionPeriodWindowTest[jvm]","com.georgeci.moneysurfer.domain.util.TransactionPeriodWindowTest",""
"","2","a grandchild's spend lands on the direct child's breakdown row, not on its own[jvm]","","2026-07-29","passed","2026-07-29","","CategorySpendHistoryTest[jvm]","com.georgeci.moneysurfer.domain.model.CategorySpendHistoryTest",""
"","296","picking the other span asks the view model for it rather than deciding on screen[jvm]","","2026-07-29","passed","2026-07-29","","DashboardScreenStateTest[jvm]","com.georgeci.moneysurfer.ui.DashboardScreenStateTest",""
"","2","an empty repository produces content with no total[jvm]","","2026-07-29","passed","2026-07-29","","AccountChooserViewModelTest[jvm]","com.georgeci.moneysurfer.feature.account.picker.AccountChooserViewModelTest",""
"","3","an overspent budget reports zero per-day remaining instead of a negative allowance[jvm]","","2026-07-29","passed","2026-07-29","","BudgetProgressTest[jvm]","com.georgeci.moneysurfer.domain.model.BudgetProgressTest",""
"","3","shutdown is safe to call repeatedly (idempotent)[jvm]","","2026-07-29","passed","2026-07-29","","SessionShutdownGateImplSpec[jvm]","com.georgeci.moneysurfer.sync.internal.SessionShutdownGateImplSpec",""
"","70","a period in line with the last one names that, without a percentage[jvm]","","2026-07-29","passed","2026-07-29","","DashboardInsightsScreenTest[jvm]","com.georgeci.moneysurfer.ui.DashboardInsightsScreenTest",""
"","2","a week that booked nothing draws a flat chart rather than dividing by zero[jvm]","","2026-07-29","passed","2026-07-29","","BurnRateTest[jvm]","com.georgeci.moneysurfer.domain.model.BurnRateTest",""
"","95","pushing a workspace registers its ref on the user document[jvm]","","2026-07-29","passed","2026-07-29","","WorkspaceTreeSyncPluginIT[jvm]","com.georgeci.moneysurfer.integration.plugin.WorkspaceTreeSyncPluginIT",""
"","0","Budgets[jvm]","","2026-07-29","passed","2026-07-29","","RouteSerializationTest[jvm]","com.georgeci.moneysurfer.navigation.RouteSerializationTest",""
"","6","reads the outbox with the default batch limit[jvm]","","2026-07-29","passed","2026-07-29","","UploadPendingChangesUseCaseImplSpec[jvm]","com.georgeci.moneysurfer.data.sync.UploadPendingChangesUseCaseImplSpec",""
"","1","normalize caps the list at MAX_DETAILS[jvm]","","2026-07-29","passed","2026-07-29","","AccountExtraDetailsTest[jvm]","com.georgeci.moneysurfer.domain.model.AccountExtraDetailsTest",""
"","19","soft-delete via upsert sets status REMOVED and stamps removedAt without erasing the row[jvm]","","2026-07-29","passed","2026-07-29","","WorkspaceMemberRepositoryIntegrationIT[jvm]","com.georgeci.moneysurfer.integration.repository.WorkspaceMemberRepositoryIntegrationIT",""
"","15","a device-scoped write queues nothing[jvm]","","2026-07-29","passed","2026-07-29","","LocalConfigSourceImplJvmTest[jvm]","com.georgeci.moneysurfer.data.config.LocalConfigSourceImplJvmTest",""
"","207","the budgets widget reads spend, limit and remainder off the active budget[jvm]","","2026-07-29","passed","2026-07-29","","DashboardBudgetsViewModelTest[jvm]","com.georgeci.moneysurfer.feature.dashboard.DashboardBudgetsViewModelTest",""
"","240","unauthenticated user can read app config (force-update gate)","","2026-07-29","passed","2026-07-29","","appConfig/{docId}","appConfig/{docId} unauthenticated user can read app config (force-update gate)",""
"","9","no budgets at all leaves the control editable with nothing behind it[jvm]","","2026-07-29","passed","2026-07-29","","CategoryCapCoverageTest[jvm]","com.georgeci.moneysurfer.domain.model.CategoryCapCoverageTest",""
"","2","cancel invokes the supplied cancelAction once[jvm]","","2026-07-29","passed","2026-07-29","","SyncHandleImplSpec[jvm]","com.georgeci.moneysurfer.sync.coordinator.SyncHandleImplSpec",""
"","7","a payload whose every quote is unusable maps to an empty table rather than a wrong one[jvm]","","2026-07-29","passed","2026-07-29","","ExchangeRateApiTest[jvm]","com.georgeci.moneysurfer.data.remote.ExchangeRateApiTest",""
"","18","a repository emission mid-drag does not snap the rows back[jvm]","","2026-07-29","passed","2026-07-29","","AccountsManageViewModelTest[jvm]","com.georgeci.moneysurfer.feature.account.manage.AccountsManageViewModelTest",""
"","7","default newRequestId factory generates uuid-shaped ids[jvm]","","2026-07-29","passed","2026-07-29","","SyncCoordinatorImplBranchSpec[jvm]","com.georgeci.moneysurfer.sync.coordinator.SyncCoordinatorImplBranchSpec",""
"","5","a category with nothing behind it is not 'up infinity'[jvm]","","2026-07-29","passed","2026-07-29","","InsightRulesTest[jvm]","com.georgeci.moneysurfer.domain.insight.InsightRulesTest",""
"","20","the logs row navigates without touching the inspector[jvm]","","2026-07-29","passed","2026-07-29","","DebugConfigViewModelTest[jvm]","com.georgeci.moneysurfer.feature.settings.debug.DebugConfigViewModelTest",""
"","3","isEnabled returns false when firebaseUid is empty string[jvm]","","2026-07-29","passed","2026-07-29","","OutboxEnqueuerSpec[jvm]","com.georgeci.moneysurfer.data.sync.OutboxEnqueuerSpec",""
"","289","the switch asks for the opposite of the value that resolved, in both directions[jvm]","","2026-07-29","passed","2026-07-29","","DebugConfigScreenStateTest[jvm]","com.georgeci.moneysurfer.ui.DebugConfigScreenStateTest",""
"","1","archived budgets never speak for the headline[jvm]","","2026-07-29","passed","2026-07-29","","SafeToSpendTest[jvm]","com.georgeci.moneysurfer.domain.model.SafeToSpendTest",""
"","36","the category trend counts neither transfer legs nor foreign currency[jvm]","","2026-07-29","passed","2026-07-29","","SpendAnalyticsRepositoryImplJvmTest[jvm]","com.georgeci.moneysurfer.data.repository.SpendAnalyticsRepositoryImplJvmTest",""
"","19","owner can tombstone a member row","","2026-07-29","passed","2026-07-29","","tombstone update shape (push-side soft delete)","tombstone update shape (push-side soft delete) owner can tombstone a member row",""
"","1","'123' -> '123'[jvm]","","2026-07-29","passed","2026-07-29","","AmountInputTransformationTest[jvm]","com.georgeci.moneysurfer.utils.AmountInputTransformationTest",""
"","5","an empty, blank or unparseable column reads as no details rather than throwing[jvm]","","2026-07-29","passed","2026-07-29","","AccountExtraDetailsColumnTest[jvm]","com.georgeci.moneysurfer.data.db.entity.AccountExtraDetailsColumnTest",""
"","16","lowering the target below the saved amount completes the goal[jvm]","","2026-07-29","passed","2026-07-29","","SavingsGoalUseCaseTest[jvm]","com.georgeci.moneysurfer.domain.usecase.SavingsGoalUseCaseTest",""
"","111","a detail pane opened from another detail keeps its back arrow[jvm]","","2026-07-29","passed","2026-07-29","","SurferPaneScaffoldTest[jvm]","com.georgeci.moneysurfer.ui.SurferPaneScaffoldTest",""
"","24","happy path runs steps in order and clears the local session[jvm]","","2026-07-29","passed","2026-07-29","","DeleteUserAccountUseCaseTest[jvm]","com.georgeci.moneysurfer.domain.usecase.DeleteUserAccountUseCaseTest",""
"","19","owner create blocked when clientVersionCode missing","","2026-07-29","passed","2026-07-29","","invites — write","invites — write owner create blocked when clientVersionCode missing",""
"","38","recipient can collection-group query by targetUserId","","2026-07-29","passed","2026-07-29","","invites — read","invites — read recipient can collection-group query by targetUserId",""
"","6","the kill switch is not a SettingKey, so no client can write it[jvm]","","2026-07-29","passed","2026-07-29","","ConfigKeyScopeTest[jvm]","com.georgeci.moneysurfer.data.config.ConfigKeyScopeTest",""
"","11","workspace pull failure aborts bootstrap with AuthError[jvm]","","2026-07-29","passed","2026-07-29","","PostAuthBootstrapUseCaseTest[jvm]","com.georgeci.moneysurfer.domain.usecase.PostAuthBootstrapUseCaseTest",""
"","11","login keeps the session when the bootstrap succeeds[jvm]","","2026-07-29","passed","2026-07-29","","AuthSessionRollbackTest[jvm]","com.georgeci.moneysurfer.domain.usecase.AuthSessionRollbackTest",""
"","1","AccountDetails[jvm]","","2026-07-29","passed","2026-07-29","","RouteSerializationTest[jvm]","com.georgeci.moneysurfer.navigation.RouteSerializationTest",""
"","7","the appearance settings are the ones that follow the account[jvm]","","2026-07-29","passed","2026-07-29","","ConfigKeyScopeTest[jvm]","com.georgeci.moneysurfer.data.config.ConfigKeyScopeTest",""
"","2","skip neither writes nor reports the remote value as applied[jvm]","","2026-07-29","passed","2026-07-29","","ApplyResolutionSpec[jvm]","com.georgeci.moneysurfer.data.sync.plugin.ApplyResolutionSpec",""
"","24","reading a key nobody wrote stores nothing[jvm]","","2026-07-29","passed","2026-07-29","","LocalConfigSourceImplJvmTest[jvm]","com.georgeci.moneysurfer.data.config.LocalConfigSourceImplJvmTest",""
"","90","cancelAllQueued with empty queue is a no-op[jvm]","","2026-07-29","passed","2026-07-29","","SyncCoordinatorImplBranchSpec[jvm]","com.georgeci.moneysurfer.sync.coordinator.SyncCoordinatorImplBranchSpec",""
"","44","an operationDate that is unpadded is counted by no aggregate[jvm]","","2026-07-29","passed","2026-07-29","","SpendAnalyticsRepositoryImplJvmTest[jvm]","com.georgeci.moneysurfer.data.repository.SpendAnalyticsRepositoryImplJvmTest",""
"","29","handle writes to the Local layer and the flow sees it[jvm]","","2026-07-29","passed","2026-07-29","","LayeredConfigSpec[jvm]","com.georgeci.moneysurfer.appconfig.LayeredConfigSpec",""
"","52","member can tombstone in categories","","2026-07-29","passed","2026-07-29","","tombstone update shape (push-side soft delete)","tombstone update shape (push-side soft delete) member can tombstone in categories",""
"","2","a value containing quotes, commas and newlines survives the round trip[jvm]","","2026-07-29","passed","2026-07-29","","AccountExtraDetailsColumnTest[jvm]","com.georgeci.moneysurfer.data.db.entity.AccountExtraDetailsColumnTest",""
"","21","positive cap text is converted from major units into Money[jvm]","","2026-07-29","passed","2026-07-29","","CategoryCreationStateTest[jvm]","com.georgeci.moneysurfer.feature.category.creation.CategoryCreationStateTest",""
"","20","deleteAll empties the table — the account-scoped wipe[jvm]","","2026-07-29","passed","2026-07-29","","ConfigEntryDaoIntegrationIT[jvm]","com.georgeci.moneysurfer.integration.repository.ConfigEntryDaoIntegrationIT",""
"","30","merchant, tags and recurringRuleId survive a write/read cycle[jvm]","","2026-07-29","passed","2026-07-29","","TransactionDetailFieldsIntegrationIT[jvm]","com.georgeci.moneysurfer.integration.repository.TransactionDetailFieldsIntegrationIT",""
"","116","a layer holding nothing reads differently from one whose value the codec rejects[jvm]","","2026-07-29","passed","2026-07-29","","DebugConfigScreenStateTest[jvm]","com.georgeci.moneysurfer.ui.DebugConfigScreenStateTest",""
"","2","negating Long.MIN_VALUE throws instead of wrapping back to itself[jvm]","","2026-07-29","passed","2026-07-29","","MoneyTest[jvm]","com.georgeci.moneysurfer.domain.primitives.MoneyTest",""
"","4","reset-all delegates once[jvm]","","2026-07-29","passed","2026-07-29","","DebugConfigViewModelTest[jvm]","com.georgeci.moneysurfer.feature.settings.debug.DebugConfigViewModelTest",""
"","1","a lone separator is an invalid format[jvm]","","2026-07-29","passed","2026-07-29","","TransactionAmountInputTest[jvm]","com.georgeci.moneysurfer.feature.transaction.creation.TransactionAmountInputTest",""
"","839","a user who has not been onboarded lands on onboarding, whatever the session says[jvm]","","2026-07-29","passed","2026-07-29","","AppLaunchViewModelTest[jvm]","com.georgeci.moneysurfer.navigation.AppLaunchViewModelTest",""
"","253","main DB payload without the SQLite header surfaces CorruptDatabase[jvm]","","2026-07-29","passed","2026-07-29","","BackupImporterImplJvmTest[jvm]","com.georgeci.moneysurfer.data.backup.BackupImporterImplJvmTest",""
"","26","rejects a poison update of an existing goal (target as string)","","2026-07-29","passed","2026-07-29","","savings goals (issue #244)","savings goals (issue #244) rejects a poison update of an existing goal (target as string)",""
"","102","an unwritable mirror does not propagate out of refresh[jvm]","","2026-07-29","passed","2026-07-29","","RemoteGlobalConfigSourceImplSpec[jvm]","com.georgeci.moneysurfer.appconfig.remote.RemoteGlobalConfigSourceImplSpec",""
"","13","a newer remote value is adopted and stamped as already pushed[jvm]","","2026-07-29","passed","2026-07-29","","UserConfigSyncPluginSpec[jvm]","com.georgeci.moneysurfer.data.sync.plugin.UserConfigSyncPluginSpec",""
"","5","moving a widget down puts it in the slot of the widget it landed on[jvm]","","2026-07-29","passed","2026-07-29","","DashboardLayoutConfigTest[jvm]","com.georgeci.moneysurfer.domain.dashboard.DashboardLayoutConfigTest",""
"","16","the server's own wording is used when it sends one[jvm]","","2026-07-29","passed","2026-07-29","","AppVersionGateImplTest[jvm]","com.georgeci.moneysurfer.data.repository.AppVersionGateImplTest",""
"","23","ids are unique across mutations[jvm]","","2026-07-29","passed","2026-07-29","","OutboxEnqueuerSpec[jvm]","com.georgeci.moneysurfer.data.sync.OutboxEnqueuerSpec",""
"","22","normalize trims both halves and collapses whitespace runs in the key[jvm]","","2026-07-29","passed","2026-07-29","","AccountExtraDetailsTest[jvm]","com.georgeci.moneysurfer.domain.model.AccountExtraDetailsTest",""
"","1","moving expense between accounts unwinds old and applies new[jvm]","","2026-07-29","passed","2026-07-29","","ApplyTransactionChangeUseCaseTest[jvm]","com.georgeci.moneysurfer.domain.usecase.ApplyTransactionChangeUseCaseTest",""
"","22","only live schedules are counted, and each is converted to a month[jvm]","","2026-07-29","passed","2026-07-29","","InsightRulesTest[jvm]","com.georgeci.moneysurfer.domain.insight.InsightRulesTest",""
"","0","SettingsBackup[jvm]","","2026-07-29","passed","2026-07-29","","RouteSerializationTest[jvm]","com.georgeci.moneysurfer.navigation.RouteSerializationTest",""
"","17","dismissing the guest warning cancels the logout[jvm]","","2026-07-29","passed","2026-07-29","","SettingsLogoutViewModelTest[jvm]","com.georgeci.moneysurfer.feature.settings.SettingsLogoutViewModelTest",""
"","4","lower-case currency codes from the provider are normalized[jvm]","","2026-07-29","passed","2026-07-29","","ExchangeRateApiTest[jvm]","com.georgeci.moneysurfer.data.remote.ExchangeRateApiTest",""
"","3","Cancelled is not retryable[jvm]","","2026-07-29","passed","2026-07-29","","SyncErrorSpec[jvm]","com.georgeci.moneysurfer.sync.api.SyncErrorSpec",""
"","302","sign-up against a taken address shows a dialog and switches to sign-in[jvm]","","2026-07-29","passed","2026-07-29","","SignInViewModelTest[jvm]","com.georgeci.moneysurfer.feature.login.SignInViewModelTest",""
"","18","a pristine blank form is invalid without showing a premature required error[jvm]","","2026-07-29","passed","2026-07-29","","AccountCreationStateTest[jvm]","com.georgeci.moneysurfer.feature.account.creation.AccountCreationStateTest",""
"","111","collection wire values are stable — they are persisted sync_meta cursor keys[jvm]","","2026-07-29","passed","2026-07-29","","SyncCollectionTest[jvm]","com.georgeci.moneysurfer.sync.api.SyncCollectionTest",""
"","7","the all-categories budget is not coverage[jvm]","","2026-07-29","passed","2026-07-29","","CategoryCapCoverageTest[jvm]","com.georgeci.moneysurfer.domain.model.CategoryCapCoverageTest",""
"","36","rejects a non-string transaction merchant","","2026-07-29","passed","2026-07-29","","entity write-shape validation (issue #156)","entity write-shape validation (issue #156) rejects a non-string transaction merchant",""
"","2","malformed stored falls back to operationAt in UTC[jvm]","","2026-07-29","passed","2026-07-29","","ResolveLegacyOperationDateTest[jvm]","com.georgeci.moneysurfer.data.repository.ResolveLegacyOperationDateTest",""
"","12","offline build keeps sync off — there is no Firestore-backed implementation here[jvm]","","2026-07-29","passed","2026-07-29","","OfflineConfigGraphTest[jvm]","com.georgeci.moneysurfer.offline.di.OfflineConfigGraphTest",""
"","99","changing the period resets paging back to the first page[jvm]","","2026-07-29","passed","2026-07-29","","TransactionsByAccountPeriodTest[jvm]","com.georgeci.moneysurfer.feature.transaction.list.TransactionsByAccountPeriodTest",""
"","385","with no workspace the reset row is inert — there is no scope to clear[jvm]","","2026-07-29","passed","2026-07-29","","SyncScreenStateTest[jvm]","com.georgeci.moneysurfer.ui.SyncScreenStateTest",""
"","27","a multi-category budget takes the control read-only and names the budget[jvm]","","2026-07-29","passed","2026-07-29","","CategoryCreationViewModelTest[jvm]","com.georgeci.moneysurfer.feature.category.creation.CategoryCreationViewModelTest",""
"","1","a warning without a throwable only leaves a breadcrumb[jvm]","","2026-07-29","passed","2026-07-29","","CrashReportingLogWriterTest[jvm]","com.georgeci.moneysurfer.domain.telemetry.CrashReportingLogWriterTest",""
"","2","a note starting with a formula trigger is neutralised on encode[jvm]","","2026-07-29","passed","2026-07-29","","TransactionCsvCodecTest[jvm]","com.georgeci.moneysurfer.domain.csv.TransactionCsvCodecTest",""
"","2","offline state hides the Members row action[jvm]","","2026-07-29","passed","2026-07-29","","WorkspaceSelectorStateOfflineTest[jvm]","com.georgeci.moneysurfer.feature.workspace.selector.WorkspaceSelectorStateOfflineTest",""
"","8","an already REMOVED member row is left untouched[jvm]","","2026-07-29","passed","2026-07-29","","UserAccountDeletionRepositoryImplTest[jvm]","com.georgeci.moneysurfer.data.repository.UserAccountDeletionRepositoryImplTest",""
"","7","UploadOnly skips the user-scoped phase[jvm]","","2026-07-29","passed","2026-07-29","","PullRemoteChangesUseCaseImplSpec[jvm]","com.georgeci.moneysurfer.data.sync.PullRemoteChangesUseCaseImplSpec",""
"","48","Undo restores the same row rather than an equal-looking new one[jvm]","","2026-07-29","passed","2026-07-29","","TransactionSoftDeleteIntegrationIT[jvm]","com.georgeci.moneysurfer.integration.repository.TransactionSoftDeleteIntegrationIT",""
"","15","cancelling never writes the draft anywhere[jvm]","","2026-07-29","passed","2026-07-29","","TransactionFiltersViewModelTest[jvm]","com.georgeci.moneysurfer.feature.transaction.filters.TransactionFiltersViewModelTest",""
"","27","offline build binds the empty RemoteGlobal layer[jvm]","","2026-07-29","passed","2026-07-29","","OfflineConfigGraphTest[jvm]","com.georgeci.moneysurfer.offline.di.OfflineConfigGraphTest",""
"","11","clearing a pointer reads back as null, not as an empty id[jvm]","","2026-07-29","passed","2026-07-29","","SessionPointersImplJvmTest[jvm]","com.georgeci.moneysurfer.data.preferences.SessionPointersImplJvmTest",""
"","6","CompositeCancelToken not cancelled when no children cancelled[jvm]","","2026-07-29","passed","2026-07-29","","SyncCancelTokenSpec[jvm]","com.georgeci.moneysurfer.sync.api.SyncCancelTokenSpec",""
"","1","collapses whitespace runs left behind by separator stripping[jvm]","","2026-07-29","passed","2026-07-29","","TransactionTagsTest[jvm]","com.georgeci.moneysurfer.domain.model.TransactionTagsTest",""
"","11","an engine assembled without an overlay behaves as it did before[jvm]","","2026-07-29","passed","2026-07-29","","LayeredConfigSpec[jvm]","com.georgeci.moneysurfer.appconfig.LayeredConfigSpec",""
"","30","a created user starts with no workspace refs[jvm]","","2026-07-29","passed","2026-07-29","","UserRemoteRepositoryImplTest[jvm]","com.georgeci.moneysurfer.data.repository.UserRemoteRepositoryImplTest",""
"","3","the newest layout writes every known column[jvm]","","2026-07-29","passed","2026-07-29","","TransactionCsvCodecTest[jvm]","com.georgeci.moneysurfer.domain.csv.TransactionCsvCodecTest",""
"","8","repairs lagging accounts when the workspace currency already matches (retry path)[jvm]","","2026-07-29","passed","2026-07-29","","UpdateWorkspaceCurrencyUseCaseTest[jvm]","com.georgeci.moneysurfer.domain.usecase.UpdateWorkspaceCurrencyUseCaseTest",""
"","7","unusable individual quotes are dropped, and the rest of the table stands[jvm]","","2026-07-29","passed","2026-07-29","","ExchangeRateApiTest[jvm]","com.georgeci.moneysurfer.data.remote.ExchangeRateApiTest",""
"","1","defuses FTS operators by wildcarding them[jvm]","","2026-07-29","passed","2026-07-29","","FtsQueryTest[jvm]","com.georgeci.moneysurfer.data.db.FtsQueryTest",""
"","15","AllUserData additionally pulls invites from workspaces the user is invited to[jvm]","","2026-07-29","passed","2026-07-29","","PullRemoteChangesUseCaseImplSpec[jvm]","com.georgeci.moneysurfer.data.sync.PullRemoteChangesUseCaseImplSpec",""
"","5","schedulePeriodic uses default constraints when none supplied[jvm]","","2026-07-29","passed","2026-07-29","","BackgroundSyncSchedulerSpec[jvm]","com.georgeci.moneysurfer.sync.scheduler.BackgroundSyncSchedulerSpec",""
"","16","import skips duplicate ids inside the same file[jvm]","","2026-07-29","passed","2026-07-29","","ExportImportTransactionsUseCaseTest[jvm]","com.georgeci.moneysurfer.domain.csv.ExportImportTransactionsUseCaseTest",""
"","242","a custom field shadowing a well-known key withdraws that key's chip[jvm]","","2026-07-29","passed","2026-07-29","","AccountCreationViewModelTest[jvm]","com.georgeci.moneysurfer.feature.account.creation.AccountCreationViewModelTest",""
"","24","the limit bounds an all-time query[jvm]","","2026-07-29","passed","2026-07-29","","TransactionWindowIntegrationIT[jvm]","com.georgeci.moneysurfer.integration.repository.TransactionWindowIntegrationIT",""
"","1","uppercases hex letters[jvm]","","2026-07-29","passed","2026-07-29","","TransactionReferenceTest[jvm]","com.georgeci.moneysurfer.domain.model.TransactionReferenceTest",""
"","0","'0.' -> '0.'[jvm]","","2026-07-29","passed","2026-07-29","","AmountInputTransformationTest[jvm]","com.georgeci.moneysurfer.utils.AmountInputTransformationTest",""
"","34","letters are stripped from the target field[jvm]","","2026-07-29","passed","2026-07-29","","GoalEditViewModelTest[jvm]","com.georgeci.moneysurfer.feature.goal.edit.GoalEditViewModelTest",""
"","7","PUSH_INVITES sits between PUSH_MEMBERS and PUSH_ACCOUNTS[jvm]","","2026-07-29","passed","2026-07-29","","SyncStepOrderTest[jvm]","com.georgeci.moneysurfer.domain.model.SyncStepOrderTest",""
"","65","the burn rate formats the week's pace and the projection it implies[jvm]","","2026-07-29","passed","2026-07-29","","DashboardBurnRateViewModelTest[jvm]","com.georgeci.moneysurfer.feature.dashboard.DashboardBurnRateViewModelTest",""
"","47","insert in a demo session writes DAO but skips the outbox[jvm]","","2026-07-29","passed","2026-07-29","","GoalRepositoryDualWriteSpec[jvm]","com.georgeci.moneysurfer.data.repository.GoalRepositoryDualWriteSpec",""
"","190","the user block is inert without a handler[jvm]","","2026-07-29","passed","2026-07-29","","SurferNavigationDrawerTest[jvm]","com.georgeci.moneysurfer.ui.SurferNavigationDrawerTest",""
"","30","the outbox stays unobserved while sync is off, and fills in when the switch flips[jvm]","","2026-07-29","passed","2026-07-29","","SyncViewModelTest[jvm]","com.georgeci.moneysurfer.feature.settings.sync.SyncViewModelTest",""
"","0","monthly clamping does not accumulate — the 31st returns after a short month[jvm]","","2026-07-29","passed","2026-07-29","","BudgetPeriodWindowTest[jvm]","com.georgeci.moneysurfer.domain.util.BudgetPeriodWindowTest",""
"","34","a budget change arriving while the user types does not overwrite the cap field[jvm]","","2026-07-29","passed","2026-07-29","","CategoryCreationViewModelTest[jvm]","com.georgeci.moneysurfer.feature.category.creation.CategoryCreationViewModelTest",""
"","23","warnings and errors are recorded, newest first[jvm]","","2026-07-29","passed","2026-07-29","","DebugLogBufferTest[jvm]","com.georgeci.moneysurfer.domain.logging.DebugLogBufferTest",""
"","16","OnDeleteCancel clears pending without deleting[jvm]","","2026-07-29","passed","2026-07-29","","CategoriesManageViewModelTest[jvm]","com.georgeci.moneysurfer.feature.category.manage.CategoriesManageViewModelTest",""
"","18","cancellation between documents aborts the pull[jvm]","","2026-07-29","passed","2026-07-29","","PullRemoteChangesUseCaseImplSpec[jvm]","com.georgeci.moneysurfer.data.sync.PullRemoteChangesUseCaseImplSpec",""
"","10","deleting a parent keeps its children, moved up to the root[jvm]","","2026-07-29","passed","2026-07-29","","CategoriesManageViewModelTest[jvm]","com.georgeci.moneysurfer.feature.category.manage.CategoriesManageViewModelTest",""
"","22","rejects when no registered user for email[jvm]","","2026-07-29","passed","2026-07-29","","SendInviteUseCaseTest[jvm]","com.georgeci.moneysurfer.domain.usecase.SendInviteUseCaseTest",""
"","3","equal timestamps → take local (stable, no-op re-pull)[jvm]","","2026-07-29","passed","2026-07-29","","LwwConflictResolverSpec[jvm]","com.georgeci.moneysurfer.sync.repository.LwwConflictResolverSpec",""
"","135","every tap on the root screen maps to its own destination[jvm]","","2026-07-29","passed","2026-07-29","","DashboardViewModelTest[jvm]","com.georgeci.moneysurfer.feature.dashboard.DashboardViewModelTest",""
"","19","member cannot tombstone another member's row","","2026-07-29","passed","2026-07-29","","tombstone update shape (push-side soft delete)","tombstone update shape (push-side soft delete) member cannot tombstone another member's row",""
"","6","a zero limit reads as no spend at all rather than dividing by it[jvm]","","2026-07-29","passed","2026-07-29","","SafeToSpendTest[jvm]","com.georgeci.moneysurfer.domain.model.SafeToSpendTest",""
"","5","returns Right for a Workspace scope[jvm]","","2026-07-29","passed","2026-07-29","","NoOpRecalculateLocalProjectionsUseCaseSpec[jvm]","com.georgeci.moneysurfer.sync.internal.usecase.NoOpRecalculateLocalProjectionsUseCaseSpec",""
"","20","session start drops the overlay the account wipe filled[jvm]","","2026-07-29","passed","2026-07-29","","SyncedSettingsSessionImplJvmTest[jvm]","com.georgeci.moneysurfer.data.config.SyncedSettingsSessionImplJvmTest",""
"","164","with no budget the burn-rate card still draws the projection, minus the verdict[jvm]","","2026-07-29","passed","2026-07-29","","DashboardScreenStateTest[jvm]","com.georgeci.moneysurfer.ui.DashboardScreenStateTest",""
"","0","times by zero is zero even for an out-of-cap magnitude[jvm]","","2026-07-29","passed","2026-07-29","","MoneyTest[jvm]","com.georgeci.moneysurfer.domain.primitives.MoneyTest",""
"","11","duplicate and blank tags are dropped before they reach the column[jvm]","","2026-07-29","passed","2026-07-29","","TransactionDetailFieldsIntegrationIT[jvm]","com.georgeci.moneysurfer.integration.repository.TransactionDetailFieldsIntegrationIT",""
"","5","case-insensitive email match[jvm]","","2026-07-29","passed","2026-07-29","","AcceptInviteUseCaseTest[jvm]","com.georgeci.moneysurfer.domain.usecase.AcceptInviteUseCaseTest",""
"","207","clicking a destination reports that destination[jvm]","","2026-07-29","passed","2026-07-29","","SurferNavigationDrawerTest[jvm]","com.georgeci.moneysurfer.ui.SurferNavigationDrawerTest",""
"","11","the legs share one split id and differ only in category and amount[jvm]","","2026-07-29","passed","2026-07-29","","CreateSplitTransactionUseCaseTest[jvm]","com.georgeci.moneysurfer.domain.usecase.CreateSplitTransactionUseCaseTest",""
"","4","searching for a parent does not expose unrelated children[jvm]","","2026-07-29","passed","2026-07-29","","CategoryPickerRowsTest[jvm]","com.georgeci.moneysurfer.feature.category.picker.CategoryPickerRowsTest",""
"","22","the v27 to v28 backfill derives the same UTC date the readers already do[jvm]","","2026-07-29","passed","2026-07-29","","TransactionWindowIntegrationIT[jvm]","com.georgeci.moneysurfer.integration.repository.TransactionWindowIntegrationIT",""
"","22","a contribution whose goal is not here is skipped rather than failing the batch[jvm]","","2026-07-29","passed","2026-07-29","","GoalSyncPluginIT[jvm]","com.georgeci.moneysurfer.integration.plugin.GoalSyncPluginIT",""
"","26","cross-currency transfer stores fromMoney/toMoney on respective legs with each account's currencyCode[jvm]","","2026-07-29","passed","2026-07-29","","TransferCreationIntegrationIT[jvm]","com.georgeci.moneysurfer.integration.repository.TransferCreationIntegrationIT",""
"","3","expense is the safe default when the selection is absent or stale[jvm]","","2026-07-29","passed","2026-07-29","","CategoryPickerRowsTest[jvm]","com.georgeci.moneysurfer.feature.category.picker.CategoryPickerRowsTest",""
"","19","owner can tombstone an invite","","2026-07-29","passed","2026-07-29","","tombstone update shape (push-side soft delete)","tombstone update shape (push-side soft delete) owner can tombstone an invite",""
"","697","unicode passphrases round-trip and are distinct from lookalikes[jvm]","","2026-07-29","passed","2026-07-29","","EncryptedBackupCodecTest[jvm]","com.georgeci.moneysurfer.data.backup.EncryptedBackupCodecTest",""
"","1","previousWindow ends exactly where the given window starts — no gap, no overlap[jvm]","","2026-07-29","passed","2026-07-29","","BudgetPeriodWindowTest[jvm]","com.georgeci.moneysurfer.domain.util.BudgetPeriodWindowTest",""
"","27","a PLANNED row is not spend that happened[jvm]","","2026-07-29","passed","2026-07-29","","SpendAnalyticsRepositoryImplJvmTest[jvm]","com.georgeci.moneysurfer.data.repository.SpendAnalyticsRepositoryImplJvmTest",""
"","22","stranger cannot self-create even by naming a non-existent inviteId","","2026-07-29","passed","2026-07-29","","workspaces/{wid}/members/{uid}","workspaces/{wid}/members/{uid} stranger cannot self-create even by naming a non-existent inviteId",""
"","51","same-currency transfer creates two legs sharing transferId, EXPENSE on source and INCOME on destination[jvm]","","2026-07-29","passed","2026-07-29","","TransferCreationIntegrationIT[jvm]","com.georgeci.moneysurfer.integration.repository.TransferCreationIntegrationIT",""
"","22","unauthenticated user cannot append to invitedWorkspaceIds","","2026-07-29","passed","2026-07-29","","users/{uid} — invitedWorkspaceIds cross-user append","users/{uid} — invitedWorkspaceIds cross-user append unauthenticated user cannot append to invitedWorkspaceIds",""
"","7","the transfer shortcut returns a bare flag[jvm]","","2026-07-29","passed","2026-07-29","","NavigationResultKeysTest[jvm]","com.georgeci.moneysurfer.navigation.NavigationResultKeysTest",""
"","23","an upsert for a rule that is already gone writes nothing[jvm]","","2026-07-29","passed","2026-07-29","","BudgetAndRecurringRuleSyncPluginIT[jvm]","com.georgeci.moneysurfer.integration.plugin.BudgetAndRecurringRuleSyncPluginIT",""
"","23","a tag containing the CSV separator does not split into two on read[jvm]","","2026-07-29","passed","2026-07-29","","TransactionDetailFieldsIntegrationIT[jvm]","com.georgeci.moneysurfer.integration.repository.TransactionDetailFieldsIntegrationIT",""
"","5","running state emits step progression and reaches Completed[jvm]","","2026-07-29","passed","2026-07-29","","SyncCoordinatorImplSpec[jvm]","com.georgeci.moneysurfer.sync.coordinator.SyncCoordinatorImplSpec",""
"","7","moving reorders only the enabled widgets and leaves the switched-off ones behind them[jvm]","","2026-07-29","passed","2026-07-29","","DashboardLayoutConfigTest[jvm]","com.georgeci.moneysurfer.domain.dashboard.DashboardLayoutConfigTest",""
"","26","purging drops tombstones past the retention window and leaves the rest alone[jvm]","","2026-07-29","passed","2026-07-29","","TransactionSoftDeleteIntegrationIT[jvm]","com.georgeci.moneysurfer.integration.repository.TransactionSoftDeleteIntegrationIT",""
"","4","'0,99' -> '0.99'[jvm]","","2026-07-29","passed","2026-07-29","","AmountInputTransformationTest[jvm]","com.georgeci.moneysurfer.utils.AmountInputTransformationTest",""
"","14","a general monthly budget turns the projection into a verdict[jvm]","","2026-07-29","passed","2026-07-29","","GetBurnRateUseCaseTest[jvm]","com.georgeci.moneysurfer.domain.usecase.GetBurnRateUseCaseTest",""
"","37","deleting a parent category moves its children to the root, and undo re-attaches them[jvm]","","2026-07-29","passed","2026-07-29","","DeleteUndoIntegrationIT[jvm]","com.georgeci.moneysurfer.integration.repository.DeleteUndoIntegrationIT",""
"","8","calling twice on a single demo session wipes once and stays cleared[jvm]","","2026-07-29","passed","2026-07-29","","WipeDemoDataUseCaseSpec[jvm]","com.georgeci.moneysurfer.domain.usecase.WipeDemoDataUseCaseSpec",""
"","30","observeAll re-emits after every write, including one made by the pull[jvm]","","2026-07-29","passed","2026-07-29","","ConfigEntryDaoIntegrationIT[jvm]","com.georgeci.moneysurfer.integration.repository.ConfigEntryDaoIntegrationIT",""
"","21","rejects a non-string transaction recurringRuleId","","2026-07-29","passed","2026-07-29","","entity write-shape validation (issue #156)","entity write-shape validation (issue #156) rejects a non-string transaction recurringRuleId",""
"","1","a trailing empty variant field reads as no variant at all[jvm]","","2026-07-29","passed","2026-07-29","","DashboardLayoutCodecTest[jvm]","com.georgeci.moneysurfer.data.preferences.DashboardLayoutCodecTest",""
"","39","key groups bind as distinct classes so getAll sees all of them[jvm]","","2026-07-29","passed","2026-07-29","","OnlineConfigGraphTest[jvm]","com.georgeci.moneysurfer.di.OnlineConfigGraphTest",""
"","9","returns null when decode throws a ClassCastException (platform decoder mismatch)[jvm]","","2026-07-29","passed","2026-07-29","","DecodeOrNullSpec[jvm]","com.georgeci.moneysurfer.data.sync.plugin.DecodeOrNullSpec",""
"","24","a setting written while signed out is queued at the next sign-in[jvm]","","2026-07-29","passed","2026-07-29","","SyncedSettingsSessionImplJvmTest[jvm]","com.georgeci.moneysurfer.data.config.SyncedSettingsSessionImplJvmTest",""
"","4","monthly anchor on the 29th clamps in a non-leap February[jvm]","","2026-07-29","passed","2026-07-29","","BudgetPeriodWindowTest[jvm]","com.georgeci.moneysurfer.domain.util.BudgetPeriodWindowTest",""
"","494","the number-format pill renders the stored style, not a fixed sample[jvm]","","2026-07-29","passed","2026-07-29","","PreferencesScreenStateTest[jvm]","com.georgeci.moneysurfer.ui.PreferencesScreenStateTest",""
"","11","an anonymous user keeps its flag[jvm]","","2026-07-29","passed","2026-07-29","","UserRepositoryImplJvmTest[jvm]","com.georgeci.moneysurfer.data.repository.UserRepositoryImplJvmTest",""
"","3","a trailing comma left by an older client decodes to the ids that are actually there[jvm]","","2026-07-29","passed","2026-07-29","","WorkspaceScopedDtoMapperSpec[jvm]","com.georgeci.moneysurfer.data.sync.WorkspaceScopedDtoMapperSpec",""
"","12","replaceTop swaps the current destination without growing the stack[jvm]","","2026-07-29","passed","2026-07-29","","AppNavigatorTest[jvm]","com.georgeci.moneysurfer.navigation.AppNavigatorTest",""
"","11","CRC corruption is rejected[jvm]","","2026-07-29","passed","2026-07-29","","BackupImporterImplJvmTest[jvm]","com.georgeci.moneysurfer.data.backup.BackupImporterImplJvmTest",""
"","23","insert + getById round-trips snapshots and timestamps[jvm]","","2026-07-29","passed","2026-07-29","","WorkspaceMemberRepositoryIntegrationIT[jvm]","com.georgeci.moneysurfer.integration.repository.WorkspaceMemberRepositoryIntegrationIT",""
"","8","default constructor builds an active scope[jvm]","","2026-07-29","passed","2026-07-29","","ApplicationScopeSpec[jvm]","com.georgeci.moneysurfer.sync.runtime.ApplicationScopeSpec",""
"","1","Warn and above are loggable[jvm]","","2026-07-29","passed","2026-07-29","","CrashReportingLogWriterTest[jvm]","com.georgeci.moneysurfer.domain.telemetry.CrashReportingLogWriterTest",""
"","190","OnArchiveClick archives the budget and offers an undo[jvm]","","2026-07-29","passed","2026-07-29","","BudgetsViewModelTest[jvm]","com.georgeci.moneysurfer.feature.budget.list.BudgetsViewModelTest",""
"","21","hydrate does not wait on an in-flight write[jvm]","","2026-07-29","passed","2026-07-29","","PreferencesMirrorJvmTest[jvm]","com.georgeci.moneysurfer.data.config.PreferencesMirrorJvmTest",""
"","43","an unset layout falls back to the default order[jvm]","","2026-07-29","passed","2026-07-29","","DashboardViewModelTest[jvm]","com.georgeci.moneysurfer.feature.dashboard.DashboardViewModelTest",""
"","20","contribution insert dual-writes under its own entity type[jvm]","","2026-07-29","passed","2026-07-29","","GoalRepositoryDualWriteSpec[jvm]","com.georgeci.moneysurfer.data.repository.GoalRepositoryDualWriteSpec",""
"","261","online build is a single step that continues into sign-in and marks onboarding completed[jvm]","","2026-07-29","passed","2026-07-29","","OnboardingViewModelTest[jvm]","com.georgeci.moneysurfer.feature.login.onboarding.OnboardingViewModelTest",""
"","4","PullingRemoteChanges title[jvm]","","2026-07-29","passed","2026-07-29","","SyncStepSpec[jvm]","com.georgeci.moneysurfer.sync.api.SyncStepSpec",""
"","48","editing loads the existing budget and updates it in place[jvm]","","2026-07-29","passed","2026-07-29","","BudgetEditViewModelTest[jvm]","com.georgeci.moneysurfer.feature.budget.edit.BudgetEditViewModelTest",""
"","93","a list pane keeps its back arrow and its FAB[jvm]","","2026-07-29","passed","2026-07-29","","SurferPaneScaffoldTest[jvm]","com.georgeci.moneysurfer.ui.SurferPaneScaffoldTest",""
"","17","the panel is unavailable when no real debug layer is bound[jvm]","","2026-07-29","passed","2026-07-29","","DebugConfigInspectorImplSpec[jvm]","com.georgeci.moneysurfer.appconfig.DebugConfigInspectorImplSpec",""
"","26","a second Undo is a no-op rather than a second refund[jvm]","","2026-07-29","passed","2026-07-29","","TransactionSoftDeleteIntegrationIT[jvm]","com.georgeci.moneysurfer.integration.repository.TransactionSoftDeleteIntegrationIT",""
"","10","returns null when decode throws SerializationException (wrong field type)[jvm]","","2026-07-29","passed","2026-07-29","","DecodeOrNullSpec[jvm]","com.georgeci.moneysurfer.data.sync.plugin.DecodeOrNullSpec",""
"","88","an unavailable panel offers no controls at all, only an explanation[jvm]","","2026-07-29","passed","2026-07-29","","DebugConfigScreenStateTest[jvm]","com.georgeci.moneysurfer.ui.DebugConfigScreenStateTest",""
"","56","a newer remote row wins over the local one[jvm]","","2026-07-29","passed","2026-07-29","","AccountSyncPluginIT[jvm]","com.georgeci.moneysurfer.integration.plugin.AccountSyncPluginIT",""
"","3","the list position survives the wire, so a reorder reaches the other device[jvm]","","2026-07-29","passed","2026-07-29","","AccountDtoMapperSpec[jvm]","com.georgeci.moneysurfer.data.sync.AccountDtoMapperSpec",""
"","26","accepts a null splitId","","2026-07-29","passed","2026-07-29","","entity write-shape validation (issue #156)","entity write-shape validation (issue #156) accepts a null splitId",""
"","14","a member tombstone removes the row[jvm]","","2026-07-29","passed","2026-07-29","","WorkspaceTreeSyncPluginIT[jvm]","com.georgeci.moneysurfer.integration.plugin.WorkspaceTreeSyncPluginIT",""
"","1","ConflictMetadata exposes its fields[jvm]","","2026-07-29","passed","2026-07-29","","ConflictResolverSpec[jvm]","com.georgeci.moneysurfer.sync.repository.ConflictResolverSpec",""
"","4","an all-account summary chooses the currency with the largest magnitude[jvm]","","2026-07-29","passed","2026-07-29","","TransactionsListMappingTest[jvm]","com.georgeci.moneysurfer.feature.transaction.list.TransactionsListMappingTest",""
"","1","a period nothing is budgeted on leaves the largest limit speaking[jvm]","","2026-07-29","passed","2026-07-29","","SafeToSpendTest[jvm]","com.georgeci.moneysurfer.domain.model.SafeToSpendTest",""
"","341","synced settings are deleted, so the next user cannot inherit them or win LWW with them[jvm]","","2026-07-29","passed","2026-07-29","","LocalDataResetIntegrationIT[jvm]","com.georgeci.moneysurfer.integration.repository.LocalDataResetIntegrationIT",""
"","0","CategoryDetails[jvm]","","2026-07-29","passed","2026-07-29","","RouteSerializationTest[jvm]","com.georgeci.moneysurfer.navigation.RouteSerializationTest",""
"","5","remote cleanup failure keeps the local session so the user can retry[jvm]","","2026-07-29","passed","2026-07-29","","DeleteUserAccountUseCaseTest[jvm]","com.georgeci.moneysurfer.domain.usecase.DeleteUserAccountUseCaseTest",""
"","7","archive on missing account returns AccountNotFound[jvm]","","2026-07-29","passed","2026-07-29","","ArchiveAccountUseCaseTest[jvm]","com.georgeci.moneysurfer.domain.usecase.ArchiveAccountUseCaseTest",""
"","23","selecting a category publishes it back to the caller[jvm]","","2026-07-29","passed","2026-07-29","","CategoryChooserViewModelTest[jvm]","com.georgeci.moneysurfer.feature.category.picker.CategoryChooserViewModelTest",""
"","33","the transfer counterpart resolves to the opposite leg through real storage[jvm]","","2026-07-29","passed","2026-07-29","","TransferCreationIntegrationIT[jvm]","com.georgeci.moneysurfer.integration.repository.TransferCreationIntegrationIT",""
"","20","each creation generates a fresh workspace id and re-pins the newest one[jvm]","","2026-07-29","passed","2026-07-29","","CreateWorkspaceUseCaseTest[jvm]","com.georgeci.moneysurfer.domain.usecase.CreateWorkspaceUseCaseTest",""
"","625","encrypted import without a passphrase surfaces PassphraseRequired[jvm]","","2026-07-29","passed","2026-07-29","","BackupEncryptedRoundTripJvmTest[jvm]","com.georgeci.moneysurfer.data.backup.BackupEncryptedRoundTripJvmTest",""
"","29","user cannot map a foreign uid to their own email","","2026-07-29","passed","2026-07-29","","userEmails/{email}","userEmails/{email} user cannot map a foreign uid to their own email",""
"","22","a blank address is not even looked up[jvm]","","2026-07-29","passed","2026-07-29","","UserRemoteRepositoryImplTest[jvm]","com.georgeci.moneysurfer.data.repository.UserRemoteRepositoryImplTest",""
"","2","a blank display name falls through to the email rather than rendering empty[jvm]","","2026-07-29","passed","2026-07-29","","ShellIdentityTest[jvm]","com.georgeci.moneysurfer.navigation.ShellIdentityTest",""
"","2","missing local row → take remote[jvm]","","2026-07-29","passed","2026-07-29","","LwwConflictResolverSpec[jvm]","com.georgeci.moneysurfer.sync.repository.LwwConflictResolverSpec",""
"","10","redactEmail never leaks the raw address[jvm]","","2026-07-29","passed","2026-07-29","","PiiRedactionTest[jvm]","com.georgeci.moneysurfer.domain.logging.PiiRedactionTest",""
"","38","an email is written under its normalized key, with the clock's moment[jvm]","","2026-07-29","passed","2026-07-29","","UserRemoteRepositoryImplTest[jvm]","com.georgeci.moneysurfer.data.repository.UserRemoteRepositoryImplTest",""
"","23","the periodic ticker stays quiet while sync is disabled[jvm]","","2026-07-29","passed","2026-07-29","","AppLaunchViewModelTest[jvm]","com.georgeci.moneysurfer.navigation.AppLaunchViewModelTest",""
"","51","a failure with a handler is left to the screen[jvm]","","2026-07-29","passed","2026-07-29","","MviViewModelTest[jvm]","com.georgeci.moneysurfer.utils.MviViewModelTest",""
"","6","a weekly or yearly limit is a different quantity, so neither caps a month[jvm]","","2026-07-29","passed","2026-07-29","","BurnRateTest[jvm]","com.georgeci.moneysurfer.domain.model.BurnRateTest",""
"","145","UploadOnly scope pulls nothing[jvm]","","2026-07-29","passed","2026-07-29","","PullRemoteChangesUseCaseImplSpec[jvm]","com.georgeci.moneysurfer.data.sync.PullRemoteChangesUseCaseImplSpec",""
"","17","search narrows the grid by name[jvm]","","2026-07-29","passed","2026-07-29","","CategoryChooserViewModelTest[jvm]","com.georgeci.moneysurfer.feature.category.picker.CategoryChooserViewModelTest",""
"","14","the same entity id under two workspaces queues both[jvm]","","2026-07-29","passed","2026-07-29","","PendingMutationQueueIntegrationIT[jvm]","com.georgeci.moneysurfer.integration.sync.PendingMutationQueueIntegrationIT",""
"","22","a budget with no categories means every expense category, not a phantom one[jvm]","","2026-07-29","passed","2026-07-29","","BudgetRepositoryImplJvmTest[jvm]","com.georgeci.moneysurfer.data.repository.BudgetRepositoryImplJvmTest",""
"","8","the general budget is the envelope above per-category caps, not a cap on each of them[jvm]","","2026-07-29","passed","2026-07-29","","SpentByCategoryTest[jvm]","com.georgeci.moneysurfer.domain.model.SpentByCategoryTest",""
"","4","online finish does not touch the first-run seed[jvm]","","2026-07-29","passed","2026-07-29","","OnboardingViewModelTest[jvm]","com.georgeci.moneysurfer.feature.login.onboarding.OnboardingViewModelTest",""
"","864","every hero variant renders — queued and running also drive the live section[jvm]","","2026-07-29","passed","2026-07-29","","SyncScreenStateTest[jvm]","com.georgeci.moneysurfer.ui.SyncScreenStateTest",""
"","10","SyncHandleStatus.Cancelled is singleton[jvm]","","2026-07-29","passed","2026-07-29","","SyncStateSpec[jvm]","com.georgeci.moneysurfer.sync.api.SyncStateSpec",""
"","19","a purged row can no longer be restored — the Undo simply finds nothing[jvm]","","2026-07-29","passed","2026-07-29","","TransactionSoftDeleteIntegrationIT[jvm]","com.georgeci.moneysurfer.integration.repository.TransactionSoftDeleteIntegrationIT",""
"","21","a local apply failure still aborts the pull[jvm]","","2026-07-29","passed","2026-07-29","","PullRemoteChangesUseCaseImplSpec[jvm]","com.georgeci.moneysurfer.data.sync.PullRemoteChangesUseCaseImplSpec",""
"","22","owner create blocked when status != PENDING","","2026-07-29","passed","2026-07-29","","invites — write","invites — write owner create blocked when status != PENDING",""
"","25","the series is the week ending today, with the days the query skipped filled in[jvm]","","2026-07-29","passed","2026-07-29","","GetBurnRateUseCaseTest[jvm]","com.georgeci.moneysurfer.domain.usecase.GetBurnRateUseCaseTest",""
"","2","existing user with empty workspaceIds returns null default and leaves pointer untouched[jvm]","","2026-07-29","passed","2026-07-29","","PostAuthBootstrapUseCaseTest[jvm]","com.georgeci.moneysurfer.domain.usecase.PostAuthBootstrapUseCaseTest",""
"","8","offline edit state hides the Members section[jvm]","","2026-07-29","passed","2026-07-29","","WorkspaceCreationStateOfflineTest[jvm]","com.georgeci.moneysurfer.feature.workspace.creation.WorkspaceCreationStateOfflineTest",""
"","15","a row whose category belongs to a different workspace is rejected[jvm]","","2026-07-29","passed","2026-07-29","","ImportTransactionsValidationTest[jvm]","com.georgeci.moneysurfer.domain.csv.ImportTransactionsValidationTest",""
"","8","anything below Warn is not loggable[jvm]","","2026-07-29","passed","2026-07-29","","DebugLogBufferTest[jvm]","com.georgeci.moneysurfer.domain.logging.DebugLogBufferTest",""
"","48","a 600 dp small tablet window at 2x density reports Medium[jvm]","","2026-07-29","passed","2026-07-29","","SurferWindowSizeCompositionTest[jvm]","com.georgeci.moneysurfer.ui.SurferWindowSizeCompositionTest",""
"","16","the currency picker is fed from the catalogue, and the pill resolves against it[jvm]","","2026-07-29","passed","2026-07-29","","PreferencesViewModelTest[jvm]","com.georgeci.moneysurfer.feature.settings.preferences.PreferencesViewModelTest",""
"","11","staging a delete counts the children the confirmation has to warn about[jvm]","","2026-07-29","passed","2026-07-29","","CategoriesManageViewModelTest[jvm]","com.georgeci.moneysurfer.feature.category.manage.CategoriesManageViewModelTest",""
"","31","renaming the category carries an untouched backing budget's name along[jvm]","","2026-07-29","passed","2026-07-29","","CategoryCreationViewModelTest[jvm]","com.georgeci.moneysurfer.feature.category.creation.CategoryCreationViewModelTest",""
"","1","two budgets with the same limit resolve the same way every time[jvm]","","2026-07-29","passed","2026-07-29","","SafeToSpendTest[jvm]","com.georgeci.moneysurfer.domain.model.SafeToSpendTest",""
"","2","a pending id with no matching row resolves to no active workspace[jvm]","","2026-07-29","passed","2026-07-29","","WorkspaceSelectorViewModelTest[jvm]","com.georgeci.moneysurfer.feature.workspace.selector.WorkspaceSelectorViewModelTest",""
"","23","a build below the minimum supported version is cut off[jvm]","","2026-07-29","passed","2026-07-29","","AppVersionGateImplTest[jvm]","com.georgeci.moneysurfer.data.repository.AppVersionGateImplTest",""
"","2","deleting one leg of a transfer takes the other with it[jvm]","","2026-07-29","passed","2026-07-29","","DeleteTransactionUseCaseTest[jvm]","com.georgeci.moneysurfer.domain.usecase.DeleteTransactionUseCaseTest",""
"","561","two seals of the same plaintext differ (fresh salt + IV)[jvm]","","2026-07-29","passed","2026-07-29","","EncryptedBackupCodecTest[jvm]","com.georgeci.moneysurfer.data.backup.EncryptedBackupCodecTest",""
"","16","the user pointer going null bounces the app back to sign-in[jvm]","","2026-07-29","passed","2026-07-29","","AppLaunchViewModelTest[jvm]","com.georgeci.moneysurfer.navigation.AppLaunchViewModelTest",""
"","17","transitions to Content when categories arrive[jvm]","","2026-07-29","passed","2026-07-29","","CategoriesManageViewModelTest[jvm]","com.georgeci.moneysurfer.feature.category.manage.CategoriesManageViewModelTest",""
"","33","the table covers every navigation event the screen can raise[jvm]","","2026-07-29","passed","2026-07-29","","DashboardEventDestinationTest[jvm]","com.georgeci.moneysurfer.feature.dashboard.DashboardEventDestinationTest",""
"","0","previousWindow is the window immediately before the given one[jvm]","","2026-07-29","passed","2026-07-29","","BudgetPeriodWindowTest[jvm]","com.georgeci.moneysurfer.domain.util.BudgetPeriodWindowTest",""
"","1","the selected category type is used when the caller did not pin one[jvm]","","2026-07-29","passed","2026-07-29","","CategoryPickerRowsTest[jvm]","com.georgeci.moneysurfer.feature.category.picker.CategoryPickerRowsTest",""
"","70","no-such-user (FIRAuth 17011) classifies as InvalidCredentials[jvm]","","2026-07-29","passed","2026-07-29","","AuthErrorClassificationTest[jvm]","com.georgeci.moneysurfer.data.repository.AuthErrorClassificationTest",""
"","6","an archived budget caps nothing[jvm]","","2026-07-29","passed","2026-07-29","","SpentByCategoryTest[jvm]","com.georgeci.moneysurfer.domain.model.SpentByCategoryTest",""
"","8","awaitNetwork indefinite proceeds when network returns[jvm]","","2026-07-29","passed","2026-07-29","","SyncCoordinatorImplSpec[jvm]","com.georgeci.moneysurfer.sync.coordinator.SyncCoordinatorImplSpec",""
"","0","SignIn[jvm]","","2026-07-29","passed","2026-07-29","","RouteSerializationTest[jvm]","com.georgeci.moneysurfer.navigation.RouteSerializationTest",""
"","19","a non-permission failure aborts and surfaces RemoteDataCleanupFailed[jvm]","","2026-07-29","passed","2026-07-29","","UserAccountDeletionRepositoryImplTest[jvm]","com.georgeci.moneysurfer.data.repository.UserAccountDeletionRepositoryImplTest",""
"","23","a custom field is stored under the name the user typed[jvm]","","2026-07-29","passed","2026-07-29","","AccountCreationViewModelTest[jvm]","com.georgeci.moneysurfer.feature.account.creation.AccountCreationViewModelTest",""
"","78","the recent list is capped at five rows[jvm]","","2026-07-29","passed","2026-07-29","","DashboardViewModelTest[jvm]","com.georgeci.moneysurfer.feature.dashboard.DashboardViewModelTest",""
"","4","AllUserData does NOT fall back to the local workspace when the provider is empty[jvm]","","2026-07-29","passed","2026-07-29","","PullRemoteChangesUseCaseImplSpec[jvm]","com.georgeci.moneysurfer.data.sync.PullRemoteChangesUseCaseImplSpec",""
"","23","Transfer is reachable when the host enables it[jvm]","","2026-07-29","passed","2026-07-29","","TransactionCreationSaveTest[jvm]","com.georgeci.moneysurfer.feature.transaction.creation.TransactionCreationSaveTest",""
"","24","a pull overwrites a local row and clears its pending state[jvm]","","2026-07-29","passed","2026-07-29","","ConfigEntryDaoIntegrationIT[jvm]","com.georgeci.moneysurfer.integration.repository.ConfigEntryDaoIntegrationIT",""
"","23","rejects a goal whose hue is a string","","2026-07-29","passed","2026-07-29","","savings goals (issue #244)","savings goals (issue #244) rejects a goal whose hue is a string",""
"","35","create blocked when clientVersionCode missing","","2026-07-29","passed","2026-07-29","","member-gated entities (accounts)","member-gated entities (accounts) create blocked when clientVersionCode missing",""
"","179","oversized manifest entry is rejected before parsing[jvm]","","2026-07-29","passed","2026-07-29","","BackupImporterImplJvmTest[jvm]","com.georgeci.moneysurfer.data.backup.BackupImporterImplJvmTest",""
"","11","the tombstone survives the wire in both directions[jvm]","","2026-07-29","passed","2026-07-29","","TransactionTombstoneSyncIntegrationIT[jvm]","com.georgeci.moneysurfer.integration.sync.TransactionTombstoneSyncIntegrationIT",""
"","23","boolean codec round-trips and accepts either case[jvm]","","2026-07-29","passed","2026-07-29","","ConfigCodecSpec[jvm]","com.georgeci.moneysurfer.appconfig.ConfigCodecSpec",""
"","0","SettingsLicenses[jvm]","","2026-07-29","passed","2026-07-29","","RouteSerializationTest[jvm]","com.georgeci.moneysurfer.navigation.RouteSerializationTest",""
"","14","a synced key is stored in config_entry, not in the preferences file[jvm]","","2026-07-29","passed","2026-07-29","","LocalConfigSourceImplJvmTest[jvm]","com.georgeci.moneysurfer.data.config.LocalConfigSourceImplJvmTest",""
"","35","a period that barely moved is neutral, not a win[jvm]","","2026-07-29","passed","2026-07-29","","DashboardInsightsViewModelTest[jvm]","com.georgeci.moneysurfer.feature.dashboard.DashboardInsightsViewModelTest",""
"","5","another workspace's budget never caps this one's month[jvm]","","2026-07-29","passed","2026-07-29","","BurnRateTest[jvm]","com.georgeci.moneysurfer.domain.model.BurnRateTest",""
"","79","an empty buffer explains itself instead of offering a clear action[jvm]","","2026-07-29","passed","2026-07-29","","DebugLogScreenStateTest[jvm]","com.georgeci.moneysurfer.ui.DebugLogScreenStateTest",""
"","1","copy preserves equality[jvm]","","2026-07-29","passed","2026-07-29","","SyncConstraintsSpec[jvm]","com.georgeci.moneysurfer.sync.scheduler.SyncConstraintsSpec",""
"","25","unauthenticated user cannot delete a user document","","2026-07-29","passed","2026-07-29","","users/{uid}","users/{uid} unauthenticated user cannot delete a user document",""
"","5","a negative card balance remains valid[jvm]","","2026-07-29","passed","2026-07-29","","AccountCreationStateTest[jvm]","com.georgeci.moneysurfer.feature.account.creation.AccountCreationStateTest",""
"","6","with only category budgets the largest limit speaks[jvm]","","2026-07-29","passed","2026-07-29","","SafeToSpendTest[jvm]","com.georgeci.moneysurfer.domain.model.SafeToSpendTest",""
"","1","collapsed tree parents hide children but retain the complete child count[jvm]","","2026-07-29","passed","2026-07-29","","CategoryPickerRowsTest[jvm]","com.georgeci.moneysurfer.feature.category.picker.CategoryPickerRowsTest",""
"","12","import skips rows whose id already exists locally[jvm]","","2026-07-29","passed","2026-07-29","","ExportImportTransactionsUseCaseTest[jvm]","com.georgeci.moneysurfer.domain.csv.ExportImportTransactionsUseCaseTest",""
"","3","a new Category defaults to the same appearance the backfill would have written[jvm]","","2026-07-29","passed","2026-07-29","","CategoryAppearanceTest[jvm]","com.georgeci.moneysurfer.domain.model.CategoryAppearanceTest",""
"","1","a code the codec cannot re-decode is never produced[jvm]","","2026-07-29","passed","2026-07-29","","CurrencyCodeCodecTest[jvm]","com.georgeci.moneysurfer.data.config.CurrencyCodeCodecTest",""
"","47","an invite survives the round trip, expiry included[jvm]","","2026-07-29","passed","2026-07-29","","MembershipDtoMapperSpec[jvm]","com.georgeci.moneysurfer.data.sync.MembershipDtoMapperSpec",""
"","31","a truncated row inside a pre-#260 file is still rejected[jvm]","","2026-07-29","passed","2026-07-29","","ExportImportTransactionsUseCaseTest[jvm]","com.georgeci.moneysurfer.domain.csv.ExportImportTransactionsUseCaseTest",""
"","1","a non-positive window is a programming error[jvm]","","2026-07-29","passed","2026-07-29","","AccountBalanceSeriesTest[jvm]","com.georgeci.moneysurfer.domain.model.AccountBalanceSeriesTest",""
"","12","editing a field clears the pending error[jvm]","","2026-07-29","passed","2026-07-29","","SignInViewModelTest[jvm]","com.georgeci.moneysurfer.feature.login.SignInViewModelTest",""
"","5","a selection whose category was deleted is dropped rather than saved as a dangling id[jvm]","","2026-07-29","passed","2026-07-29","","BudgetEditViewModelTest[jvm]","com.georgeci.moneysurfer.feature.budget.edit.BudgetEditViewModelTest",""
"","1","empty set is Indefinite[jvm]","","2026-07-29","passed","2026-07-29","","NetworkWaitModeSpec[jvm]","com.georgeci.moneysurfer.sync.network.NetworkWaitModeSpec",""
"","26","a reset whose cancel never lands still clears the cursors rather than dropping the action[jvm]","","2026-07-29","passed","2026-07-29","","SyncViewModelTest[jvm]","com.georgeci.moneysurfer.feature.settings.sync.SyncViewModelTest",""
"","17","an unauthenticated client cannot write","","2026-07-29","passed","2026-07-29","","users/{uid}/config/{key}","users/{uid}/config/{key} an unauthenticated client cannot write",""
"","21","non-owner member cannot hard-delete the workspace doc","","2026-07-29","passed","2026-07-29","","workspaces/{wid}","workspaces/{wid} non-owner member cannot hard-delete the workspace doc",""
"","1","normalize keeps the first spelling of a case-insensitively duplicate key[jvm]","","2026-07-29","passed","2026-07-29","","AccountExtraDetailsTest[jvm]","com.georgeci.moneysurfer.domain.model.AccountExtraDetailsTest",""
"","24","rejects a budget whose startDate is a number","","2026-07-29","passed","2026-07-29","","entity write-shape validation (issue #156)","entity write-shape validation (issue #156) rejects a budget whose startDate is a number",""
"","23","amount_minor at the domain cap is accepted[jvm]","","2026-07-29","passed","2026-07-29","","TransactionCsvCodecTest[jvm]","com.georgeci.moneysurfer.domain.csv.TransactionCsvCodecTest",""
"","33","the backfill numbers each workspace's accounts by insertion order, independently[jvm]","","2026-07-29","passed","2026-07-29","","AccountSortOrderMigrationIT[jvm]","com.georgeci.moneysurfer.integration.repository.AccountSortOrderMigrationIT",""
"","16","with no budget the projection still emits, without a verdict on it[jvm]","","2026-07-29","passed","2026-07-29","","GetBurnRateUseCaseTest[jvm]","com.georgeci.moneysurfer.domain.usecase.GetBurnRateUseCaseTest",""
"","2","minus that overflows Long throws instead of wrapping[jvm]","","2026-07-29","passed","2026-07-29","","MoneyTest[jvm]","com.georgeci.moneysurfer.domain.primitives.MoneyTest",""
"","3","update amount expense 100 → 150 produces -50 delta[jvm]","","2026-07-29","passed","2026-07-29","","CalculateBalanceDeltaTest[jvm]","com.georgeci.moneysurfer.domain.model.CalculateBalanceDeltaTest",""
"","1","sanitize keeps a single leading minus and ignores later ones[jvm]","","2026-07-29","passed","2026-07-29","","InitialBalanceInputTest[jvm]","com.georgeci.moneysurfer.feature.account.creation.InitialBalanceInputTest",""
"","4","eligibleParents excludes the category itself and everything under it[jvm]","","2026-07-29","passed","2026-07-29","","CategoryTreeTest[jvm]","com.georgeci.moneysurfer.domain.model.CategoryTreeTest",""
"","1","resuming a goal that is already past its target lands on COMPLETED[jvm]","","2026-07-29","passed","2026-07-29","","SavingsGoalUseCaseTest[jvm]","com.georgeci.moneysurfer.domain.usecase.SavingsGoalUseCaseTest",""
"","25","accepts a minimal account (default-valued fields omitted)","","2026-07-29","passed","2026-07-29","","entity write-shape validation (issue #156)","entity write-shape validation (issue #156) accepts a minimal account (default-valued fields omitted)",""
"","19","editing mode is derived from the account id for loading and content states[jvm]","","2026-07-29","passed","2026-07-29","","AccountCreationStateTest[jvm]","com.georgeci.moneysurfer.feature.account.creation.AccountCreationStateTest",""
"","1","cancelAll is callable[jvm]","","2026-07-29","passed","2026-07-29","","BackgroundSyncSchedulerSpec[jvm]","com.georgeci.moneysurfer.sync.scheduler.BackgroundSyncSchedulerSpec",""
"","7","enqueueing the same change twice queues one push[jvm]","","2026-07-29","passed","2026-07-29","","PendingMutationQueueIntegrationIT[jvm]","com.georgeci.moneysurfer.integration.sync.PendingMutationQueueIntegrationIT",""
"","6","Unsupported app version short-circuits the sync with UnsupportedAppVersion[jvm]","","2026-07-29","passed","2026-07-29","","SyncCoordinatorImplSpec[jvm]","com.georgeci.moneysurfer.sync.coordinator.SyncCoordinatorImplSpec",""
"","11","a projection that lands on the limit is still on track[jvm]","","2026-07-29","passed","2026-07-29","","BurnRateTest[jvm]","com.georgeci.moneysurfer.domain.model.BurnRateTest",""
"","51","an operationDate that is never written, from before the column existed is counted by no aggregate[jvm]","","2026-07-29","passed","2026-07-29","","SpendAnalyticsRepositoryImplJvmTest[jvm]","com.georgeci.moneysurfer.data.repository.SpendAnalyticsRepositoryImplJvmTest",""
"","88","details round-trip through the column, order included[jvm]","","2026-07-29","passed","2026-07-29","","AccountExtraDetailsColumnTest[jvm]","com.georgeci.moneysurfer.data.db.entity.AccountExtraDetailsColumnTest",""
"","45","recentTransactionsEmpty is true when only an opening-balance transaction exists[jvm]","","2026-07-29","passed","2026-07-29","","DashboardViewModelTest[jvm]","com.georgeci.moneysurfer.feature.dashboard.DashboardViewModelTest",""
"","14","a transfer leg pairs with its duplicate counterpart already in the database[jvm]","","2026-07-29","passed","2026-07-29","","ImportTransactionsValidationTest[jvm]","com.georgeci.moneysurfer.domain.csv.ImportTransactionsValidationTest",""
"","246","picking a width reports the span alone, leaving the card style to its own picker[jvm]","","2026-07-29","passed","2026-07-29","","DashboardCustomizeScreenStateTest[jvm]","com.georgeci.moneysurfer.ui.DashboardCustomizeScreenStateTest",""
"","11","a salary paid in every month is a schedule, not a subscription[jvm]","","2026-07-29","passed","2026-07-29","","GenerateInsightsUseCaseTest[jvm]","com.georgeci.moneysurfer.domain.usecase.GenerateInsightsUseCaseTest",""
"","90","opening an existing category restores its icon, colour and parent[jvm]","","2026-07-29","passed","2026-07-29","","CategoryCreationViewModelTest[jvm]","com.georgeci.moneysurfer.feature.category.creation.CategoryCreationViewModelTest",""
"","5","the largest general monthly budget sets the cap[jvm]","","2026-07-29","passed","2026-07-29","","BurnRateTest[jvm]","com.georgeci.moneysurfer.domain.model.BurnRateTest",""
"","13","an available optional update still allows sync[jvm]","","2026-07-29","passed","2026-07-29","","SyncVersionGateImplSpec[jvm]","com.georgeci.moneysurfer.data.sync.SyncVersionGateImplSpec",""
"","46","deleting one leg of a transfer removes both and the undo brings both balances back[jvm]","","2026-07-29","passed","2026-07-29","","DeleteUndoIntegrationIT[jvm]","com.georgeci.moneysurfer.integration.repository.DeleteUndoIntegrationIT",""
"","14","a replaced value is readable through raw the moment replaceAll returns[jvm]","","2026-07-29","passed","2026-07-29","","RemoteConfigMirrorImplJvmTest[jvm]","com.georgeci.moneysurfer.data.config.RemoteConfigMirrorImplJvmTest",""
"","2","the delta counts the oldest day's own transactions[jvm]","","2026-07-29","passed","2026-07-29","","AccountBalanceSeriesTest[jvm]","com.georgeci.moneysurfer.domain.model.AccountBalanceSeriesTest",""
"","931","the two shortcuts ask for the plain form and the transfer form respectively[jvm]","","2026-07-29","passed","2026-07-29","","DashboardScreenStateTest[jvm]","com.georgeci.moneysurfer.ui.DashboardScreenStateTest",""
"","39","owner can cancel a PENDING invite","","2026-07-29","passed","2026-07-29","","invites — update / delete","invites — update / delete owner can cancel a PENDING invite",""
"","6","moving a widget onto itself changes nothing[jvm]","","2026-07-29","passed","2026-07-29","","DashboardLayoutConfigTest[jvm]","com.georgeci.moneysurfer.domain.dashboard.DashboardLayoutConfigTest",""
"","2","weak-password classifies as WeakPassword[jvm]","","2026-07-29","passed","2026-07-29","","AuthErrorClassificationTest[jvm]","com.georgeci.moneysurfer.data.repository.AuthErrorClassificationTest",""
"","2","defaultWorkspaceId that did not hydrate falls back to one that did[jvm]","","2026-07-29","passed","2026-07-29","","PostAuthBootstrapUseCaseTest[jvm]","com.georgeci.moneysurfer.domain.usecase.PostAuthBootstrapUseCaseTest",""
"","1","ids restart after a clear, when nothing is left to collide with[jvm]","","2026-07-29","passed","2026-07-29","","DebugLogBufferTest[jvm]","com.georgeci.moneysurfer.domain.logging.DebugLogBufferTest",""
"","1","AuthRequired is not retryable[jvm]","","2026-07-29","passed","2026-07-29","","SyncErrorSpec[jvm]","com.georgeci.moneysurfer.sync.api.SyncErrorSpec",""
"","1","reader rejects truncated entry body[jvm]","","2026-07-29","passed","2026-07-29","","ZipStoredCodecTest[jvm]","com.georgeci.moneysurfer.data.backup.ZipStoredCodecTest",""
"","8","COMPLETED cannot be set by hand[jvm]","","2026-07-29","passed","2026-07-29","","SavingsGoalUseCaseTest[jvm]","com.georgeci.moneysurfer.domain.usecase.SavingsGoalUseCaseTest",""
"","1","normalizing drops duplicate entries for the same widget, keeping the first[jvm]","","2026-07-29","passed","2026-07-29","","DashboardLayoutConfigTest[jvm]","com.georgeci.moneysurfer.domain.dashboard.DashboardLayoutConfigTest",""
"","8","a withdrawal cannot take the saved amount below zero[jvm]","","2026-07-29","passed","2026-07-29","","GoalContributionUseCaseTest[jvm]","com.georgeci.moneysurfer.domain.usecase.GoalContributionUseCaseTest",""
"","9","markSuccess only updates the success column[jvm]","","2026-07-29","passed","2026-07-29","","SyncMetaRepositoryImplSpec[jvm]","com.georgeci.moneysurfer.sync.internal.repository.SyncMetaRepositoryImplSpec",""
"","5","a payload with no publication timestamp is refused[jvm]","","2026-07-29","passed","2026-07-29","","ExchangeRateApiTest[jvm]","com.georgeci.moneysurfer.data.remote.ExchangeRateApiTest",""
"","5","negative amounts are an invalid format — the type toggle carries the sign[jvm]","","2026-07-29","passed","2026-07-29","","TransactionAmountInputTest[jvm]","com.georgeci.moneysurfer.feature.transaction.creation.TransactionAmountInputTest",""
"","50","clearing the view model tears the startup work down without changing the decision[jvm]","","2026-07-29","passed","2026-07-29","","AppLaunchViewModelTest[jvm]","com.georgeci.moneysurfer.navigation.AppLaunchViewModelTest",""
"","26","markPushed ignores a row that changed after the push read it[jvm]","","2026-07-29","passed","2026-07-29","","ConfigEntryDaoIntegrationIT[jvm]","com.georgeci.moneysurfer.integration.repository.ConfigEntryDaoIntegrationIT",""
"","2","a category that is not in the list yields an empty trend rather than throwing[jvm]","","2026-07-29","passed","2026-07-29","","CategorySpendHistoryTest[jvm]","com.georgeci.moneysurfer.domain.model.CategorySpendHistoryTest",""
"","21","an address nobody has registered reads as no user[jvm]","","2026-07-29","passed","2026-07-29","","UserRemoteRepositoryImplTest[jvm]","com.georgeci.moneysurfer.data.repository.UserRemoteRepositoryImplTest",""
"","4","a detail opened from another detail keeps a back affordance[jvm]","","2026-07-29","passed","2026-07-29","","SurferPaneSceneStrategyTest[jvm]","com.georgeci.moneysurfer.navigation.SurferPaneSceneStrategyTest",""
"","18","editing a workspace that vanished underneath the form reports the generic error[jvm]","","2026-07-29","passed","2026-07-29","","WorkspaceCreationViewModelTest[jvm]","com.georgeci.moneysurfer.feature.workspace.creation.WorkspaceCreationViewModelTest",""
"","64","compact width presents no navigation suite[jvm]","","2026-07-29","passed","2026-07-29","","NavigationShellTest[jvm]","com.georgeci.moneysurfer.navigation.NavigationShellTest",""
"","3","ProjectionScope.All is a singleton[jvm]","","2026-07-29","passed","2026-07-29","","ProjectionSpec[jvm]","com.georgeci.moneysurfer.sync.projection.ProjectionSpec",""
"","76","a host that says nothing is assumed to relaunch itself[jvm]","","2026-07-29","passed","2026-07-29","","AppRestarterTest[jvm]","com.georgeci.moneysurfer.domain.backup.AppRestarterTest",""
"","5","a name of nothing but spaces counts as blank[jvm]","","2026-07-29","passed","2026-07-29","","WorkspaceCreationViewModelTest[jvm]","com.georgeci.moneysurfer.feature.workspace.creation.WorkspaceCreationViewModelTest",""
"","0","CategoriesManage[jvm]","","2026-07-29","passed","2026-07-29","","RouteSerializationTest[jvm]","com.georgeci.moneysurfer.navigation.RouteSerializationTest",""
"","18","a customised layout survives a round trip[jvm]","","2026-07-29","passed","2026-07-29","","DashboardLayoutCodecTest[jvm]","com.georgeci.moneysurfer.data.preferences.DashboardLayoutCodecTest",""
"","21","recipient without email claim can still query by targetUserId","","2026-07-29","passed","2026-07-29","","invites — read","invites — read recipient without email claim can still query by targetUserId",""
"","33","non-member cannot create","","2026-07-29","passed","2026-07-29","","member-gated entities (accounts)","member-gated entities (accounts) non-member cannot create",""
"","6","zero alone is not a valid transaction amount[jvm]","","2026-07-29","passed","2026-07-29","","TransactionAmountInputTest[jvm]","com.georgeci.moneysurfer.feature.transaction.creation.TransactionAmountInputTest",""
"","1","explicit overrides are exposed[jvm]","","2026-07-29","passed","2026-07-29","","SyncConstraintsSpec[jvm]","com.georgeci.moneysurfer.sync.scheduler.SyncConstraintsSpec",""
"","1","the legs are written through the change path, so the balance moves by the whole receipt[jvm]","","2026-07-29","passed","2026-07-29","","CreateSplitTransactionUseCaseTest[jvm]","com.georgeci.moneysurfer.domain.usecase.CreateSplitTransactionUseCaseTest",""
"","5","moving a widget up puts it in the slot of the widget it landed on[jvm]","","2026-07-29","passed","2026-07-29","","DashboardLayoutConfigTest[jvm]","com.georgeci.moneysurfer.domain.dashboard.DashboardLayoutConfigTest",""
"","31","upsert applies status transition and respondedAt without losing snapshot fields[jvm]","","2026-07-29","passed","2026-07-29","","WorkspaceInviteRepositoryIntegrationIT[jvm]","com.georgeci.moneysurfer.integration.repository.WorkspaceInviteRepositoryIntegrationIT",""
"","0","a single-currency workspace needs no rates and claims no as-of date[jvm]","","2026-07-29","passed","2026-07-29","","ConvertAccountsTotalUseCaseTest[jvm]","com.georgeci.moneysurfer.domain.usecase.ConvertAccountsTotalUseCaseTest",""
"","218","the brand header and the user block are both rendered[jvm]","","2026-07-29","passed","2026-07-29","","SurferNavigationDrawerTest[jvm]","com.georgeci.moneysurfer.ui.SurferNavigationDrawerTest",""
"","14","switching a widget off keeps its card style and parks it after the enabled ones[jvm]","","2026-07-29","passed","2026-07-29","","DashboardLayoutConfigTest[jvm]","com.georgeci.moneysurfer.domain.dashboard.DashboardLayoutConfigTest",""
"","15","promotes editor to owner[jvm]","","2026-07-29","passed","2026-07-29","","ChangeMemberRoleUseCaseTest[jvm]","com.georgeci.moneysurfer.domain.usecase.ChangeMemberRoleUseCaseTest",""
"","22","owner can mark a member as REMOVED","","2026-07-29","passed","2026-07-29","","workspaces/{wid}/members/{uid}","workspaces/{wid}/members/{uid} owner can mark a member as REMOVED",""
"","7","amounts are read however they are written[jvm]","","2026-07-29","passed","2026-07-29","","TransactionFilterMatchingTest[jvm]","com.georgeci.moneysurfer.feature.transaction.filter.TransactionFilterMatchingTest",""
"","19","invitee accept via full set() (mirrors outbox upload path)","","2026-07-29","passed","2026-07-29","","invites — update / delete","invites — update / delete invitee accept via full set() (mirrors outbox upload path)",""
"","46","an evicted (REMOVED) member can no longer read","","2026-07-29","passed","2026-07-29","","member-gated entities (accounts)","member-gated entities (accounts) an evicted (REMOVED) member can no longer read",""
"","57","reason mapping for APP_START is Bounded(30s)[jvm]","","2026-07-29","passed","2026-07-29","","NetworkWaitModeSpec[jvm]","com.georgeci.moneysurfer.sync.network.NetworkWaitModeSpec",""
"","18","rejects a malformed update of an existing document","","2026-07-29","passed","2026-07-29","","users/{uid}/config/{key}","users/{uid}/config/{key} rejects a malformed update of an existing document",""
"","151","retry dismisses the error state and returns to the content[jvm]","","2026-07-29","passed","2026-07-29","","GlobalErrorBoundaryTest[jvm]","com.georgeci.moneysurfer.ui.GlobalErrorBoundaryTest",""
"","13","restoring a row that was never deleted pushes nothing[jvm]","","2026-07-29","passed","2026-07-29","","TransactionTombstoneSyncIntegrationIT[jvm]","com.georgeci.moneysurfer.integration.sync.TransactionTombstoneSyncIntegrationIT",""
"","8","unparseable amount is rejected as invalid amount_minor[jvm]","","2026-07-29","passed","2026-07-29","","TransactionCsvCodecTest[jvm]","com.georgeci.moneysurfer.domain.csv.TransactionCsvCodecTest",""
"","3","ProjectionScope.Workspace exposes key[jvm]","","2026-07-29","passed","2026-07-29","","ProjectionSpec[jvm]","com.georgeci.moneysurfer.sync.projection.ProjectionSpec",""
"","16","a budget tombstone drops the row[jvm]","","2026-07-29","passed","2026-07-29","","BudgetAndRecurringRuleSyncPluginIT[jvm]","com.georgeci.moneysurfer.integration.plugin.BudgetAndRecurringRuleSyncPluginIT",""
"","1","early January can still belong to the previous week-year[jvm]","","2026-07-29","passed","2026-07-29","","TransactionPeriodWindowTest[jvm]","com.georgeci.moneysurfer.domain.util.TransactionPeriodWindowTest",""
"","16","schema-version mismatch surfaces SchemaMismatch[jvm]","","2026-07-29","passed","2026-07-29","","BackupImporterImplJvmTest[jvm]","com.georgeci.moneysurfer.data.backup.BackupImporterImplJvmTest",""
"","1180","save inserts an account in the selected currency without an opening-balance transaction when balance is blank[jvm]","","2026-07-29","passed","2026-07-29","","AccountCreationViewModelTest[jvm]","com.georgeci.moneysurfer.feature.account.creation.AccountCreationViewModelTest",""
"","105","the budgets widget lists the budgets nearest their limit first, capped at three[jvm]","","2026-07-29","passed","2026-07-29","","DashboardBudgetsViewModelTest[jvm]","com.georgeci.moneysurfer.feature.dashboard.DashboardBudgetsViewModelTest",""
"","3441","clicking submit and toggle emits the matching events[jvm]","","2026-07-29","passed","2026-07-29","","SignInScreenStateTest[jvm]","com.georgeci.moneysurfer.ui.SignInScreenStateTest",""
"","12","merchant edits follow the content table like note edits do[jvm]","","2026-07-29","passed","2026-07-29","","TransactionFtsIntegrationIT[jvm]","com.georgeci.moneysurfer.integration.repository.TransactionFtsIntegrationIT",""
"","22","values are stored under the bare key name — the file is dedicated, nothing to namespace against[jvm]","","2026-07-29","passed","2026-07-29","","DebugConfigSourceImplJvmTest[jvm]","com.georgeci.moneysurfer.data.config.DebugConfigSourceImplJvmTest",""
"","16","setActive flips the flag, stamps the clock and enqueues an update[jvm]","","2026-07-29","passed","2026-07-29","","BudgetRepositoryImplJvmTest[jvm]","com.georgeci.moneysurfer.data.repository.BudgetRepositoryImplJvmTest",""
"","637","OnTermsClick emits a NavigateToLegal side effect[jvm]","","2026-07-29","passed","2026-07-29","","SignInViewModelTest[jvm]","com.georgeci.moneysurfer.feature.login.SignInViewModelTest",""
"","2","entries below the first non-pane route are not part of the scaffold[jvm]","","2026-07-29","passed","2026-07-29","","SurferPaneSceneStrategyTest[jvm]","com.georgeci.moneysurfer.navigation.SurferPaneSceneStrategyTest",""
"","14","observe maps rows to domain SyncMeta[jvm]","","2026-07-29","passed","2026-07-29","","SyncMetaRepositoryImplSpec[jvm]","com.georgeci.moneysurfer.sync.internal.repository.SyncMetaRepositoryImplSpec",""
"","259","an error replaces the helper text under the same field[jvm]","","2026-07-29","passed","2026-07-29","","SurferFormFieldTest[jvm]","com.georgeci.moneysurfer.ui.SurferFormFieldTest",""
"","16","no accounts means no totals[jvm]","","2026-07-29","passed","2026-07-29","","AccountTotalsTest[jvm]","com.georgeci.moneysurfer.domain.model.AccountTotalsTest",""
"","39","sender cannot append when list is already at cap (100)","","2026-07-29","passed","2026-07-29","","users/{uid} — invitedWorkspaceIds cross-user append","users/{uid} — invitedWorkspaceIds cross-user append sender cannot append when list is already at cap (100)",""
"","13","update on a missing account returns AccountNotFound and writes nothing[jvm]","","2026-07-29","passed","2026-07-29","","AccountWriteUseCasesTest[jvm]","com.georgeci.moneysurfer.domain.usecase.AccountWriteUseCasesTest",""
"","586","first run pins a demo user and seeds Personal without any account[jvm]","","2026-07-29","passed","2026-07-29","","OfflineFirstRunSeederTest[jvm]","com.georgeci.moneysurfer.offline.firstrun.OfflineFirstRunSeederTest",""
"","1","preserves the repository's newest-first order[jvm]","","2026-07-29","passed","2026-07-29","","GetBudgetTransactionsUseCaseTest[jvm]","com.georgeci.moneysurfer.domain.usecase.GetBudgetTransactionsUseCaseTest",""
"","2","retrying the same mutation produces an identical patch[jvm]","","2026-07-29","passed","2026-07-29","","TombstonePatchSpec[jvm]","com.georgeci.moneysurfer.data.sync.plugin.TombstonePatchSpec",""
"","356","an oversized file posts FileTooLarge and returns to Idle[jvm]","","2026-07-29","passed","2026-07-29","","CsvBackupViewModelTest[jvm]","com.georgeci.moneysurfer.feature.settings.csv.CsvBackupViewModelTest",""
"","91","the footer starts blank, so the drawer renders before the session resolves[jvm]","","2026-07-29","passed","2026-07-29","","AppShellViewModelTest[jvm]","com.georgeci.moneysurfer.navigation.AppShellViewModelTest",""
"","19","non-owner cannot edit another member's row","","2026-07-29","passed","2026-07-29","","workspaces/{wid}/members/{uid}","workspaces/{wid}/members/{uid} non-owner cannot edit another member's row",""
"","12","a remote doc from a client we do not control is normalized on the way in[jvm]","","2026-07-29","passed","2026-07-29","","AccountDtoMapperSpec[jvm]","com.georgeci.moneysurfer.data.sync.AccountDtoMapperSpec",""
"","6","email user with a password reaches the confirmation dialog[jvm]","","2026-07-29","passed","2026-07-29","","DeleteUserAccountViewModelTest[jvm]","com.georgeci.moneysurfer.feature.settings.account.DeleteUserAccountViewModelTest",""
"","183","an exception past the wrapped use cases lands on the screen, not the global error boundary[jvm]","","2026-07-29","passed","2026-07-29","","AccountCreationViewModelTest[jvm]","com.georgeci.moneysurfer.feature.account.creation.AccountCreationViewModelTest",""
"","21","a pulled invite is inserted, and a newer local answer is kept[jvm]","","2026-07-29","passed","2026-07-29","","WorkspaceTreeSyncPluginIT[jvm]","com.georgeci.moneysurfer.integration.plugin.WorkspaceTreeSyncPluginIT",""
"","6","a tag cell ending in a dangling escape keeps it as a literal character[jvm]","","2026-07-29","passed","2026-07-29","","TransactionCsvCodecTest[jvm]","com.georgeci.moneysurfer.domain.csv.TransactionCsvCodecTest",""
"","1","create expense → -impact[jvm]","","2026-07-29","passed","2026-07-29","","CalculateBalanceDeltaTest[jvm]","com.georgeci.moneysurfer.domain.model.CalculateBalanceDeltaTest",""
"","23","duplicating carries the merchant and tags but not the pairing, schedule or planned state[jvm]","","2026-07-29","passed","2026-07-29","","TransactionCreationEditTest[jvm]","com.georgeci.moneysurfer.feature.transaction.creation.TransactionCreationEditTest",""
"","20","same-currency accounts collapse into one total[jvm]","","2026-07-29","passed","2026-07-29","","AccountTotalsTest[jvm]","com.georgeci.moneysurfer.domain.model.AccountTotalsTest",""
"","1","an archived duplicate does not push the control read-only[jvm]","","2026-07-29","passed","2026-07-29","","CategoryCapCoverageTest[jvm]","com.georgeci.moneysurfer.domain.model.CategoryCapCoverageTest",""
"","5","the first days of a month are too small a sample to compare[jvm]","","2026-07-29","passed","2026-07-29","","InsightRulesTest[jvm]","com.georgeci.moneysurfer.domain.insight.InsightRulesTest",""
"","66","an override applies and marks the row as overridden[jvm]","","2026-07-29","passed","2026-07-29","","DebugConfigInspectorImplSpec[jvm]","com.georgeci.moneysurfer.appconfig.DebugConfigInspectorImplSpec",""
"","384","the style sheet offers both sizes and, for the balance card, its variants[jvm]","","2026-07-29","passed","2026-07-29","","DashboardCustomizeScreenStateTest[jvm]","com.georgeci.moneysurfer.ui.DashboardCustomizeScreenStateTest",""
"","14","a mapping with an empty uid is ignored rather than trusted[jvm]","","2026-07-29","passed","2026-07-29","","UserRemoteRepositoryImplTest[jvm]","com.georgeci.moneysurfer.data.repository.UserRemoteRepositoryImplTest",""
"","27","unknown extra entry between manifest and main DB is tolerated[jvm]","","2026-07-29","passed","2026-07-29","","BackupImporterImplJvmTest[jvm]","com.georgeci.moneysurfer.data.backup.BackupImporterImplJvmTest",""
"","7","cancelCurrent with no running sync is a no-op[jvm]","","2026-07-29","passed","2026-07-29","","SyncCoordinatorImplBranchSpec[jvm]","com.georgeci.moneysurfer.sync.coordinator.SyncCoordinatorImplBranchSpec",""
"","4","every hue sits on the wheel[jvm]","","2026-07-29","passed","2026-07-29","","CategoryAppearanceTest[jvm]","com.georgeci.moneysurfer.domain.model.CategoryAppearanceTest",""
"","21","signed-in user can create a workspace they own","","2026-07-29","passed","2026-07-29","","workspaces/{wid}","workspaces/{wid} signed-in user can create a workspace they own",""
"","27","opening as a transfer is ignored by a build that has no transfers[jvm]","","2026-07-29","passed","2026-07-29","","TransactionCreationSaveTest[jvm]","com.georgeci.moneysurfer.feature.transaction.creation.TransactionCreationSaveTest",""
"","3","onSyncStarted is callable[jvm]","","2026-07-29","passed","2026-07-29","","SyncTelemetryNoOpSpec[jvm]","com.georgeci.moneysurfer.sync.telemetry.SyncTelemetryNoOpSpec",""
"","22","both streams see the stored rules[jvm]","","2026-07-29","passed","2026-07-29","","RecurringRuleRepositoryImplJvmTest[jvm]","com.georgeci.moneysurfer.data.repository.RecurringRuleRepositoryImplJvmTest",""
"","29","a second submit while one is in flight is ignored[jvm]","","2026-07-29","passed","2026-07-29","","SignInViewModelTest[jvm]","com.georgeci.moneysurfer.feature.login.SignInViewModelTest",""
"","5","a legacy note starting with a literal apostrophe decodes unchanged[jvm]","","2026-07-29","passed","2026-07-29","","TransactionCsvCodecTest[jvm]","com.georgeci.moneysurfer.domain.csv.TransactionCsvCodecTest",""
"","3","ConflictResolution.Merged carries the merged value[jvm]","","2026-07-29","passed","2026-07-29","","ConflictResolverSpec[jvm]","com.georgeci.moneysurfer.sync.repository.ConflictResolverSpec",""
"","15","a delete removes the row[jvm]","","2026-07-29","passed","2026-07-29","","UserRepositoryImplJvmTest[jvm]","com.georgeci.moneysurfer.data.repository.UserRepositoryImplJvmTest",""
"","25","offline build advances to the first-account step before finishing[jvm]","","2026-07-29","passed","2026-07-29","","OnboardingViewModelTest[jvm]","com.georgeci.moneysurfer.feature.login.onboarding.OnboardingViewModelTest",""
"","15","relaunch is idempotent — no duplicate workspace and still no seeded account[jvm]","","2026-07-29","passed","2026-07-29","","OfflineFirstRunSeederTest[jvm]","com.georgeci.moneysurfer.offline.firstrun.OfflineFirstRunSeederTest",""
"","629","the reorder hint appears only once there are two widgets to reorder[jvm]","","2026-07-29","passed","2026-07-29","","DashboardCustomizeScreenStateTest[jvm]","com.georgeci.moneysurfer.ui.DashboardCustomizeScreenStateTest",""
"","120","the online build surfaces the account's extra details in the order they were saved[jvm]","","2026-07-29","passed","2026-07-29","","AccountDetailsViewModelTest[jvm]","com.georgeci.moneysurfer.feature.account.details.AccountDetailsViewModelTest",""
"","0","SettingsPreferences[jvm]","","2026-07-29","passed","2026-07-29","","RouteSerializationTest[jvm]","com.georgeci.moneysurfer.navigation.RouteSerializationTest",""
"","18","picking a From date is itself the switch to a custom range[jvm]","","2026-07-29","passed","2026-07-29","","TransactionFiltersViewModelTest[jvm]","com.georgeci.moneysurfer.feature.transaction.filters.TransactionFiltersViewModelTest",""
"","11","rejects when invite not found[jvm]","","2026-07-29","passed","2026-07-29","","AcceptInviteUseCaseTest[jvm]","com.georgeci.moneysurfer.domain.usecase.AcceptInviteUseCaseTest",""
"","32","upsert in demo session writes DAO but skips outbox[jvm]","","2026-07-29","passed","2026-07-29","","WorkspaceInviteRepositoryDualWriteSpec[jvm]","com.georgeci.moneysurfer.data.repository.WorkspaceInviteRepositoryDualWriteSpec",""
"","43","a preset owns the window, and only while it is set[jvm]","","2026-07-29","passed","2026-07-29","","TransactionFilterMatchingTest[jvm]","com.georgeci.moneysurfer.feature.transaction.filter.TransactionFilterMatchingTest",""
"","3","rollover off ignores the previous window entirely[jvm]","","2026-07-29","passed","2026-07-29","","BudgetProgressTest[jvm]","com.georgeci.moneysurfer.domain.model.BudgetProgressTest",""
"","84","content stays composed underneath the error state[jvm]","","2026-07-29","passed","2026-07-29","","GlobalErrorBoundaryTest[jvm]","com.georgeci.moneysurfer.ui.GlobalErrorBoundaryTest",""
"","13","format RUB with US locale[jvm]","","2026-07-29","passed","2026-07-29","","MoneyFormatterTest[jvm]","com.georgeci.moneysurfer.domain.MoneyFormatterTest",""
"","3","SyncHandleStatus.Running carries currentStep[jvm]","","2026-07-29","passed","2026-07-29","","SyncStateSpec[jvm]","com.georgeci.moneysurfer.sync.api.SyncStateSpec",""
"","7","raises WorkspaceNotFound when the workspace does not exist[jvm]","","2026-07-29","passed","2026-07-29","","UpdateWorkspaceCurrencyUseCaseTest[jvm]","com.georgeci.moneysurfer.domain.usecase.UpdateWorkspaceCurrencyUseCaseTest",""
"","5","the desktop host reaches the emulator over loopback[jvm]","","2026-07-29","passed","2026-07-29","","FirebaseConfigImplJvmTest[jvm]","com.georgeci.moneysurfer.data.remote.FirebaseConfigImplJvmTest",""
"","47","invitee can accept even if parent workspace doc is missing on Firestore","","2026-07-29","passed","2026-07-29","","invites — update / delete","invites — update / delete invitee can accept even if parent workspace doc is missing on Firestore",""
"","1","a leg's own category and amount stay its own[jvm]","","2026-07-29","passed","2026-07-29","","UpdateTransactionUseCaseTest[jvm]","com.georgeci.moneysurfer.domain.usecase.UpdateTransactionUseCaseTest",""
"","31","email user with blank password gets a field error instead of the dialog[jvm]","","2026-07-29","passed","2026-07-29","","DeleteUserAccountViewModelTest[jvm]","com.georgeci.moneysurfer.feature.settings.account.DeleteUserAccountViewModelTest",""
"","53","member can create + read in categories","","2026-07-29","passed","2026-07-29","","member-gated entities (smoke for the rest)","member-gated entities (smoke for the rest) member can create + read in categories",""
"","19","a split leg breaks the receipt down and marks the leg being viewed[jvm]","","2026-07-29","passed","2026-07-29","","TransactionDetailsViewModelTest[jvm]","com.georgeci.moneysurfer.feature.transaction.details.TransactionDetailsViewModelTest",""
"","6","empty history yields zero[jvm]","","2026-07-29","passed","2026-07-29","","RecalculateAccountBalanceUseCaseTest[jvm]","com.georgeci.moneysurfer.domain.usecase.RecalculateAccountBalanceUseCaseTest",""
"","20","a goal tombstone drops the row[jvm]","","2026-07-29","passed","2026-07-29","","GoalSyncPluginIT[jvm]","com.georgeci.moneysurfer.integration.plugin.GoalSyncPluginIT",""
"","23","picking a type swaps it on the form[jvm]","","2026-07-29","passed","2026-07-29","","AccountCreationViewModelTest[jvm]","com.georgeci.moneysurfer.feature.account.creation.AccountCreationViewModelTest",""
"","58","an override the codec can no longer read is still clearable per row[jvm]","","2026-07-29","passed","2026-07-29","","DebugConfigInspectorImplSpec[jvm]","com.georgeci.moneysurfer.appconfig.DebugConfigInspectorImplSpec",""
"","6","happy path: editor can leave[jvm]","","2026-07-29","passed","2026-07-29","","LeaveWorkspaceUseCaseTest[jvm]","com.georgeci.moneysurfer.domain.usecase.LeaveWorkspaceUseCaseTest",""
"","2","UploadingPendingChanges title[jvm]","","2026-07-29","passed","2026-07-29","","SyncStepSpec[jvm]","com.georgeci.moneysurfer.sync.api.SyncStepSpec",""
"","1","trims surrounding whitespace[jvm]","","2026-07-29","passed","2026-07-29","","TransactionTagsTest[jvm]","com.georgeci.moneysurfer.domain.model.TransactionTagsTest",""
"","34","sync being switched off reads as success, not as a sync failure[jvm]","","2026-07-29","passed","2026-07-29","","WorkspaceCreationViewModelTest[jvm]","com.georgeci.moneysurfer.feature.workspace.creation.WorkspaceCreationViewModelTest",""
"","1","epoch zero stored as blank resolves to 1970-01-01[jvm]","","2026-07-29","passed","2026-07-29","","ResolveLegacyOperationDateTest[jvm]","com.georgeci.moneysurfer.data.repository.ResolveLegacyOperationDateTest",""
"","10","archive missing the DataStore entry surfaces MissingFile[jvm]","","2026-07-29","passed","2026-07-29","","BackupImporterImplJvmTest[jvm]","com.georgeci.moneysurfer.data.backup.BackupImporterImplJvmTest",""
"","7","installing twice does not stack writers[jvm]","","2026-07-29","passed","2026-07-29","","CrashReportingTest[jvm]","com.georgeci.moneysurfer.domain.telemetry.CrashReportingTest",""
"","27","signup rolls the session back when the bootstrap fails[jvm]","","2026-07-29","passed","2026-07-29","","AuthSessionRollbackTest[jvm]","com.georgeci.moneysurfer.domain.usecase.AuthSessionRollbackTest",""
"","11","shows one total per currency instead of mixing minor units[jvm]","","2026-07-29","passed","2026-07-29","","AccountChooserViewModelTest[jvm]","com.georgeci.moneysurfer.feature.account.picker.AccountChooserViewModelTest",""
"","2","tags share one cell separated by a pipe so the CSV delimiter stays untouched[jvm]","","2026-07-29","passed","2026-07-29","","TransactionCsvCodecTest[jvm]","com.georgeci.moneysurfer.domain.csv.TransactionCsvCodecTest",""
"","20","a tombstone for a document that never reached the server is skipped[jvm]","","2026-07-29","passed","2026-07-29","","AccountSyncPluginIT[jvm]","com.georgeci.moneysurfer.integration.plugin.AccountSyncPluginIT",""
"","51","cancelling the view model is not reported as an error[jvm]","","2026-07-29","passed","2026-07-29","","MviViewModelTest[jvm]","com.georgeci.moneysurfer.utils.MviViewModelTest",""
"","8","snapshot before hydrate throws in debug builds[jvm]","","2026-07-29","passed","2026-07-29","","LayeredConfigSpec[jvm]","com.georgeci.moneysurfer.appconfig.LayeredConfigSpec",""
"","13","AllUserData pulls every workspace the remote lists for the user[jvm]","","2026-07-29","passed","2026-07-29","","PullRemoteChangesUseCaseImplSpec[jvm]","com.georgeci.moneysurfer.data.sync.PullRemoteChangesUseCaseImplSpec",""
"","47","an unwritable mirror marks the layer degraded[jvm]","","2026-07-29","passed","2026-07-29","","RemoteGlobalConfigSourceImplSpec[jvm]","com.georgeci.moneysurfer.appconfig.remote.RemoteGlobalConfigSourceImplSpec",""
"","6","Generic exception maps to Unknown[jvm]","","2026-07-29","passed","2026-07-29","","SyncErrorClassifierSpec[jvm]","com.georgeci.moneysurfer.data.sync.SyncErrorClassifierSpec",""
"","1","a widget at the default span writes no span field, and a narrower one writes both trailing fields[jvm]","","2026-07-29","passed","2026-07-29","","DashboardLayoutCodecTest[jvm]","com.georgeci.moneysurfer.data.preferences.DashboardLayoutCodecTest",""
"","1","collapses punctuation and repeated separators into token boundaries[jvm]","","2026-07-29","passed","2026-07-29","","FtsQueryTest[jvm]","com.georgeci.moneysurfer.data.db.FtsQueryTest",""
"","3","GoalCreation[jvm]","","2026-07-29","passed","2026-07-29","","RouteSerializationTest[jvm]","com.georgeci.moneysurfer.navigation.RouteSerializationTest",""
"","41","owner can hard-delete a goal and a contribution (purge path)","","2026-07-29","passed","2026-07-29","","savings goals (issue #244)","savings goals (issue #244) owner can hard-delete a goal and a contribution (purge path)",""
"","33","save is a no-op when no workspace is pinned[jvm]","","2026-07-29","passed","2026-07-29","","CategoryCreationViewModelTest[jvm]","com.georgeci.moneysurfer.feature.category.creation.CategoryCreationViewModelTest",""
"","10","ReplaceQueued cancels existing pending and replaces it[jvm]","","2026-07-29","passed","2026-07-29","","SyncCoordinatorImplBranchSpec[jvm]","com.georgeci.moneysurfer.sync.coordinator.SyncCoordinatorImplBranchSpec",""
"","39","the parent picker offers neither the category itself nor its descendants[jvm]","","2026-07-29","passed","2026-07-29","","CategoryCreationViewModelTest[jvm]","com.georgeci.moneysurfer.feature.category.creation.CategoryCreationViewModelTest",""
"","11","a reset without an active workspace touches nothing[jvm]","","2026-07-29","passed","2026-07-29","","SyncViewModelTest[jvm]","com.georgeci.moneysurfer.feature.settings.sync.SyncViewModelTest",""
"","5","a move that changes nothing is not written back[jvm]","","2026-07-29","passed","2026-07-29","","DashboardCustomizeViewModelTest[jvm]","com.georgeci.moneysurfer.feature.dashboard.customize.DashboardCustomizeViewModelTest",""
"","616","an override round-trips[jvm]","","2026-07-29","passed","2026-07-29","","DebugConfigSourceImplJvmTest[jvm]","com.georgeci.moneysurfer.data.config.DebugConfigSourceImplJvmTest",""
"","1","a withdrawal is stored as a negative contribution[jvm]","","2026-07-29","passed","2026-07-29","","GoalContributionUseCaseTest[jvm]","com.georgeci.moneysurfer.domain.usecase.GoalContributionUseCaseTest",""
"","11","excludes the transfer source account from both rows and totals[jvm]","","2026-07-29","passed","2026-07-29","","AccountChooserViewModelTest[jvm]","com.georgeci.moneysurfer.feature.account.picker.AccountChooserViewModelTest",""
"","39","owner can remove entries from their own invitedWorkspaceIds","","2026-07-29","passed","2026-07-29","","users/{uid} — invitedWorkspaceIds cross-user append","users/{uid} — invitedWorkspaceIds cross-user append owner can remove entries from their own invitedWorkspaceIds",""
"","11","trims name and description before insert[jvm]","","2026-07-29","passed","2026-07-29","","CreateWorkspaceUseCaseTest[jvm]","com.georgeci.moneysurfer.domain.usecase.CreateWorkspaceUseCaseTest",""
"","1534","the headline total folds every currency into the workspace base currency[jvm]","","2026-07-29","passed","2026-07-29","","DashboardBalanceViewModelTest[jvm]","com.georgeci.moneysurfer.feature.dashboard.DashboardBalanceViewModelTest",""
"","5","ignores REMOVED ex-members when checking duplicates[jvm]","","2026-07-29","passed","2026-07-29","","SendInviteUseCaseTest[jvm]","com.georgeci.moneysurfer.domain.usecase.SendInviteUseCaseTest",""
"","51","the screen opens on the stored values, not on the defaults[jvm]","","2026-07-29","passed","2026-07-29","","PreferencesViewModelTest[jvm]","com.georgeci.moneysurfer.feature.settings.preferences.PreferencesViewModelTest",""
"","19","a mirrored value survives a cold start[jvm]","","2026-07-29","passed","2026-07-29","","RemoteConfigMirrorImplJvmTest[jvm]","com.georgeci.moneysurfer.data.config.RemoteConfigMirrorImplJvmTest",""
"","196","drops BOM artifacts, which ship version constraints and no code[jvm]","","2026-07-29","passed","2026-07-29","","ParseOssLibrariesTest[jvm]","com.georgeci.moneysurfer.feature.settings.about.licenses.ParseOssLibrariesTest",""
"","7","Supported app version lets the sync run normally[jvm]","","2026-07-29","passed","2026-07-29","","SyncCoordinatorImplSpec[jvm]","com.georgeci.moneysurfer.sync.coordinator.SyncCoordinatorImplSpec",""
"","8","an unreadable size falls back to Hero rather than dropping the widget[jvm]","","2026-07-29","passed","2026-07-29","","DashboardLayoutCodecTest[jvm]","com.georgeci.moneysurfer.data.preferences.DashboardLayoutCodecTest",""
"","7","dark scheme: self-tinted amount and type pills clear AA[jvm]","","2026-07-29","passed","2026-07-29","","ColorContrastTest[jvm]","com.georgeci.moneysurfer.uikit.theme.ColorContrastTest",""
"","27","a leg of a split is flagged, because swiping it deletes the whole receipt[jvm]","","2026-07-29","passed","2026-07-29","","CategoryDetailsViewModelTest[jvm]","com.georgeci.moneysurfer.feature.category.details.CategoryDetailsViewModelTest",""
"","420","well-known keys map to their localized labels[jvm]","","2026-07-29","passed","2026-07-29","","AccountExtraDetailLabelTest[jvm]","com.georgeci.moneysurfer.feature.account.AccountExtraDetailLabelTest",""
"","3","no enqueue when not signed in to Firebase (demo session)[jvm]","","2026-07-29","passed","2026-07-29","","OutboxEnqueuerImplSpec[jvm]","com.georgeci.moneysurfer.sync.repository.OutboxEnqueuerImplSpec",""
"","227","push adds the route on top[jvm]","","2026-07-29","passed","2026-07-29","","AppNavigatorTest[jvm]","com.georgeci.moneysurfer.navigation.AppNavigatorTest",""
"","1","clear empties the buffer[jvm]","","2026-07-29","passed","2026-07-29","","DebugLogBufferTest[jvm]","com.georgeci.moneysurfer.domain.logging.DebugLogBufferTest",""
"","67","import errors are exposed with row numbers in the state report[jvm]","","2026-07-29","passed","2026-07-29","","CsvBackupViewModelTest[jvm]","com.georgeci.moneysurfer.feature.settings.csv.CsvBackupViewModelTest",""
"","22","a budget naming other categories too takes the control read-only[jvm]","","2026-07-29","passed","2026-07-29","","CategoryCapCoverageTest[jvm]","com.georgeci.moneysurfer.domain.model.CategoryCapCoverageTest",""
"","49","income counts in the monthly net and nowhere else[jvm]","","2026-07-29","passed","2026-07-29","","SpendAnalyticsRepositoryImplJvmTest[jvm]","com.georgeci.moneysurfer.data.repository.SpendAnalyticsRepositoryImplJvmTest",""
"","0","AccountCreation[jvm]","","2026-07-29","passed","2026-07-29","","RouteSerializationTest[jvm]","com.georgeci.moneysurfer.navigation.RouteSerializationTest",""
"","8","push without a Firebase session throws, so the drain requeues instead of dropping the row[jvm]","","2026-07-29","passed","2026-07-29","","UserConfigSyncPluginSpec[jvm]","com.georgeci.moneysurfer.data.sync.plugin.UserConfigSyncPluginSpec",""
"","37","swiping one leg of a transfer takes both, and Undo restores the pair[jvm]","","2026-07-29","passed","2026-07-29","","TransactionsByAccountDeleteTest[jvm]","com.georgeci.moneysurfer.feature.transaction.list.TransactionsByAccountDeleteTest",""
"","38","a negative non-card balance disables save[jvm]","","2026-07-29","passed","2026-07-29","","AccountCreationStateTest[jvm]","com.georgeci.moneysurfer.feature.account.creation.AccountCreationStateTest",""
"","505","save creates an expense category in the current workspace and trims the name[jvm]","","2026-07-29","passed","2026-07-29","","CategoryCreationViewModelTest[jvm]","com.georgeci.moneysurfer.feature.category.creation.CategoryCreationViewModelTest",""
"","622","the domain's icon keys are exactly the ones uikit can render[jvm]","","2026-07-29","passed","2026-07-29","","CategoryPaletteParityTest[jvm]","com.georgeci.moneysurfer.feature.category.CategoryPaletteParityTest",""
"","1","is idempotent[jvm]","","2026-07-29","passed","2026-07-29","","TransactionTagsTest[jvm]","com.georgeci.moneysurfer.domain.model.TransactionTagsTest",""
"","27","rejects a non-string transaction splitId","","2026-07-29","passed","2026-07-29","","entity write-shape validation (issue #156)","entity write-shape validation (issue #156) rejects a non-string transaction splitId",""
"","7","two budgets on one category take the control read-only, naming the older one[jvm]","","2026-07-29","passed","2026-07-29","","CategoryCapCoverageTest[jvm]","com.georgeci.moneysurfer.domain.model.CategoryCapCoverageTest",""
"","2","existing user with null defaultWorkspaceId falls back to the first workspace[jvm]","","2026-07-29","passed","2026-07-29","","PostAuthBootstrapUseCaseTest[jvm]","com.georgeci.moneysurfer.domain.usecase.PostAuthBootstrapUseCaseTest",""
"","270","loadCurrencies populates available list and emits NavigateBack on save[jvm]","","2026-07-29","passed","2026-07-29","","AccountCreationViewModelTest[jvm]","com.georgeci.moneysurfer.feature.account.creation.AccountCreationViewModelTest",""
"","875","export writes a header plus one record per transaction and returns the count[jvm]","","2026-07-29","passed","2026-07-29","","ExportImportTransactionsUseCaseTest[jvm]","com.georgeci.moneysurfer.domain.csv.ExportImportTransactionsUseCaseTest",""
"","50","hard-delete is denied for non-owner members","","2026-07-29","passed","2026-07-29","","savings goals (issue #244)","savings goals (issue #244) hard-delete is denied for non-owner members",""
"","1","each refresh re-reads the domain gate instead of caching the first result[jvm]","","2026-07-29","passed","2026-07-29","","SyncVersionGateImplSpec[jvm]","com.georgeci.moneysurfer.data.sync.SyncVersionGateImplSpec",""
"","5","an empty accounts table survives the backfill[jvm]","","2026-07-29","passed","2026-07-29","","AccountSortOrderMigrationIT[jvm]","com.georgeci.moneysurfer.integration.repository.AccountSortOrderMigrationIT",""
"","2","mergeScope ChangedSinceLastSync above UploadOnly[jvm]","","2026-07-29","passed","2026-07-29","","SyncScopeSpec[jvm]","com.georgeci.moneysurfer.sync.api.SyncScopeSpec",""
"","4","anonymous flow (null password) skips re-auth[jvm]","","2026-07-29","passed","2026-07-29","","DeleteUserAccountUseCaseTest[jvm]","com.georgeci.moneysurfer.domain.usecase.DeleteUserAccountUseCaseTest",""
"","46","the baseline is the same stretch of the previous month, not the whole of it[jvm]","","2026-07-29","passed","2026-07-29","","GenerateInsightsUseCaseTest[jvm]","com.georgeci.moneysurfer.domain.usecase.GenerateInsightsUseCaseTest",""
"","2","PermissionDenied is not retryable[jvm]","","2026-07-29","passed","2026-07-29","","SyncErrorSpec[jvm]","com.georgeci.moneysurfer.sync.api.SyncErrorSpec",""
"","41","dispatches each mutation to the plugin matching its entityType[jvm]","","2026-07-29","passed","2026-07-29","","UploadPendingChangesUseCaseImplSpec[jvm]","com.georgeci.moneysurfer.data.sync.UploadPendingChangesUseCaseImplSpec",""
"","2","Completed title[jvm]","","2026-07-29","passed","2026-07-29","","SyncStepSpec[jvm]","com.georgeci.moneysurfer.sync.api.SyncStepSpec",""
"","10233","the loaded screen splits widgets into the on-dashboard and available sections[jvm]","","2026-07-29","passed","2026-07-29","","DashboardCustomizeScreenStateTest[jvm]","com.georgeci.moneysurfer.ui.DashboardCustomizeScreenStateTest",""
"","25","reorder syncs only the accounts that actually moved[jvm]","","2026-07-29","passed","2026-07-29","","AccountSortOrderIntegrationIT[jvm]","com.georgeci.moneysurfer.integration.repository.AccountSortOrderIntegrationIT",""
"","9","format from minor units correctly[jvm]","","2026-07-29","passed","2026-07-29","","MoneyFormatterTest[jvm]","com.georgeci.moneysurfer.domain.MoneyFormatterTest",""
"","7","redactUid never leaks the full identifier[jvm]","","2026-07-29","passed","2026-07-29","","PiiRedactionTest[jvm]","com.georgeci.moneysurfer.domain.logging.PiiRedactionTest",""
"","44","adding money records a contribution[jvm]","","2026-07-29","passed","2026-07-29","","GoalContributionUseCaseTest[jvm]","com.georgeci.moneysurfer.domain.usecase.GoalContributionUseCaseTest",""
"","1","CompositeCancelToken with empty children treats as cancelled[jvm]","","2026-07-29","passed","2026-07-29","","SyncCancelTokenSpec[jvm]","com.georgeci.moneysurfer.sync.api.SyncCancelTokenSpec",""
"","10","a layout written before spans existed reads as full width, not as a dropped widget[jvm]","","2026-07-29","passed","2026-07-29","","DashboardLayoutCodecTest[jvm]","com.georgeci.moneysurfer.data.preferences.DashboardLayoutCodecTest",""
"","6","rethrows CancellationException instead of swallowing it[jvm]","","2026-07-29","passed","2026-07-29","","DecodeOrNullSpec[jvm]","com.georgeci.moneysurfer.data.sync.plugin.DecodeOrNullSpec",""
"","10","clearing an override delegates the key name[jvm]","","2026-07-29","passed","2026-07-29","","DebugConfigViewModelTest[jvm]","com.georgeci.moneysurfer.feature.settings.debug.DebugConfigViewModelTest",""
"","38","the wiped values are held in memory, so the running UI keeps its theme[jvm]","","2026-07-29","passed","2026-07-29","","LocalDataResetIntegrationIT[jvm]","com.georgeci.moneysurfer.integration.repository.LocalDataResetIntegrationIT",""
"","8","a multi-pop never empties the stack[jvm]","","2026-07-29","passed","2026-07-29","","AppNavigatorTest[jvm]","com.georgeci.moneysurfer.navigation.AppNavigatorTest",""
"","4","CompositeCancelToken throwIfCancelled when partial does not throw[jvm]","","2026-07-29","passed","2026-07-29","","SyncCancelTokenSpec[jvm]","com.georgeci.moneysurfer.sync.api.SyncCancelTokenSpec",""
"","19","member can tombstone their own row (self-leave: role and status unchanged)","","2026-07-29","passed","2026-07-29","","tombstone update shape (push-side soft delete)","tombstone update shape (push-side soft delete) member can tombstone their own row (self-leave: role and status unchanged)",""
"","71","an expense lands in its category bucket, as a positive magnitude[jvm]","","2026-07-29","passed","2026-07-29","","SpendAnalyticsRepositoryImplJvmTest[jvm]","com.georgeci.moneysurfer.data.repository.SpendAnalyticsRepositoryImplJvmTest",""
"","21","rejects a missing clientVersionCode","","2026-07-29","passed","2026-07-29","","users/{uid}/config/{key}","users/{uid}/config/{key} rejects a missing clientVersionCode",""
"","1","a category that moved less than a fifth says nothing[jvm]","","2026-07-29","passed","2026-07-29","","InsightRulesTest[jvm]","com.georgeci.moneysurfer.domain.insight.InsightRulesTest",""
"","9","offline finish seeds the workspace before handing off to account creation[jvm]","","2026-07-29","passed","2026-07-29","","OnboardingViewModelTest[jvm]","com.georgeci.moneysurfer.feature.login.onboarding.OnboardingViewModelTest",""
"","45","flatten puts each child immediately after its parent[jvm]","","2026-07-29","passed","2026-07-29","","CategoryTreeTest[jvm]","com.georgeci.moneysurfer.domain.model.CategoryTreeTest",""
"","7","rejects when last OWNER tries to leave[jvm]","","2026-07-29","passed","2026-07-29","","LeaveWorkspaceUseCaseTest[jvm]","com.georgeci.moneysurfer.domain.usecase.LeaveWorkspaceUseCaseTest",""
"","20","rejects a category whose iconKey is a number","","2026-07-29","passed","2026-07-29","","entity write-shape validation (issue #156)","entity write-shape validation (issue #156) rejects a category whose iconKey is a number",""
"","3","WorkspaceInvite[jvm]","","2026-07-29","passed","2026-07-29","","RouteSerializationTest[jvm]","com.georgeci.moneysurfer.navigation.RouteSerializationTest",""
"","102","the message under a field starts at the field's own left edge[jvm]","","2026-07-29","passed","2026-07-29","","SurferFormFieldTest[jvm]","com.georgeci.moneysurfer.ui.SurferFormFieldTest",""
"","4","Queued carries count[jvm]","","2026-07-29","passed","2026-07-29","","SyncStateSpec[jvm]","com.georgeci.moneysurfer.sync.api.SyncStateSpec",""
"","1","missing localUpdatedAt → remote wins (treated as DISTANT_PAST)[jvm]","","2026-07-29","passed","2026-07-29","","LwwConflictResolverSpec[jvm]","com.georgeci.moneysurfer.sync.repository.LwwConflictResolverSpec",""
"","100","a detail pane beside its list drops the back arrow and the FAB[jvm]","","2026-07-29","passed","2026-07-29","","SurferPaneScaffoldTest[jvm]","com.georgeci.moneysurfer.ui.SurferPaneScaffoldTest",""
"","17","a widget this build does not know is skipped, and the known ones are kept[jvm]","","2026-07-29","passed","2026-07-29","","DashboardLayoutCodecTest[jvm]","com.georgeci.moneysurfer.data.preferences.DashboardLayoutCodecTest",""
"","47","save shows a created snackbar carrying the account name[jvm]","","2026-07-29","passed","2026-07-29","","AccountCreationViewModelTest[jvm]","com.georgeci.moneysurfer.feature.account.creation.AccountCreationViewModelTest",""
"","9","merged writes the merged value and reports a conflict[jvm]","","2026-07-29","passed","2026-07-29","","ApplyResolutionSpec[jvm]","com.georgeci.moneysurfer.data.sync.plugin.ApplyResolutionSpec",""
"","2","non-null pass-through[jvm]","","2026-07-29","passed","2026-07-29","","TimeFormatterTest[jvm]","com.georgeci.moneysurfer.data.repository.TimeFormatterTest",""
"","251","resource files are discovered[jvm]","","2026-07-29","passed","2026-07-29","","StringResourceEscapeTest[jvm]","com.georgeci.moneysurfer.utils.StringResourceEscapeTest",""
"","1","WorkspaceManage[jvm]","","2026-07-29","passed","2026-07-29","","RouteSerializationTest[jvm]","com.georgeci.moneysurfer.navigation.RouteSerializationTest",""
"","2","a month that ends the day it is read has nothing left to project[jvm]","","2026-07-29","passed","2026-07-29","","BurnRateTest[jvm]","com.georgeci.moneysurfer.domain.model.BurnRateTest",""
"","1","removes case-insensitive duplicates keeping the first spelling[jvm]","","2026-07-29","passed","2026-07-29","","TransactionTagsTest[jvm]","com.georgeci.moneysurfer.domain.model.TransactionTagsTest",""
"","4","an offline workspace with no accounts returns to the first-run account screen[jvm]","","2026-07-29","passed","2026-07-29","","StartRouteTest[jvm]","com.georgeci.moneysurfer.navigation.StartRouteTest",""
"","5","PULL_INVITES sits between PULL_MEMBERS and PULL_ACCOUNTS[jvm]","","2026-07-29","passed","2026-07-29","","SyncStepOrderTest[jvm]","com.georgeci.moneysurfer.domain.model.SyncStepOrderTest",""
"","7","deleting a rule that is already gone enqueues nothing[jvm]","","2026-07-29","passed","2026-07-29","","RecurringRuleRepositoryImplJvmTest[jvm]","com.georgeci.moneysurfer.data.repository.RecurringRuleRepositoryImplJvmTest",""
"","43","a new account is appended after the ones the workspace already has[jvm]","","2026-07-29","passed","2026-07-29","","AccountSortOrderIntegrationIT[jvm]","com.georgeci.moneysurfer.integration.repository.AccountSortOrderIntegrationIT",""
"","166","rejects when no current user[jvm]","","2026-07-29","passed","2026-07-29","","AcceptInviteUseCaseTest[jvm]","com.georgeci.moneysurfer.domain.usecase.AcceptInviteUseCaseTest",""
"","4","cancelled picker keeps the screen idle[jvm]","","2026-07-29","passed","2026-07-29","","CsvBackupViewModelTest[jvm]","com.georgeci.moneysurfer.feature.settings.csv.CsvBackupViewModelTest",""
"","14","magic constant is stable (backup format compatibility)[jvm]","","2026-07-29","passed","2026-07-29","","EncryptedBackupCodecTest[jvm]","com.georgeci.moneysurfer.data.backup.EncryptedBackupCodecTest",""
"","1","ConflictResolution.TakeLocal carries the local value[jvm]","","2026-07-29","passed","2026-07-29","","ConflictResolverSpec[jvm]","com.georgeci.moneysurfer.sync.repository.ConflictResolverSpec",""
"","19","the period switch stands down when nothing on the layout reads it[jvm]","","2026-07-29","passed","2026-07-29","","DashboardPeriodViewModelTest[jvm]","com.georgeci.moneysurfer.feature.dashboard.DashboardPeriodViewModelTest",""
"","2","a category that fell past the threshold reads as a saving[jvm]","","2026-07-29","passed","2026-07-29","","InsightRulesTest[jvm]","com.georgeci.moneysurfer.domain.insight.InsightRulesTest",""
"","33","a rule is pushed to the workspace's recurringRules collection[jvm]","","2026-07-29","passed","2026-07-29","","BudgetAndRecurringRuleSyncPluginIT[jvm]","com.georgeci.moneysurfer.integration.plugin.BudgetAndRecurringRuleSyncPluginIT",""
"","34","a rule tombstone drops the row[jvm]","","2026-07-29","passed","2026-07-29","","BudgetAndRecurringRuleSyncPluginIT[jvm]","com.georgeci.moneysurfer.integration.plugin.BudgetAndRecurringRuleSyncPluginIT",""
"","0","create planned produces empty delta[jvm]","","2026-07-29","passed","2026-07-29","","CalculateBalanceDeltaTest[jvm]","com.georgeci.moneysurfer.domain.model.CalculateBalanceDeltaTest",""
"","14","a source that reports itself degraded is named without throwing anywhere[jvm]","","2026-07-29","passed","2026-07-29","","LayeredConfigSpec[jvm]","com.georgeci.moneysurfer.appconfig.LayeredConfigSpec",""
"","27","a soft delete enqueues one DELETE mutation, scoped to the workspace[jvm]","","2026-07-29","passed","2026-07-29","","TransactionTombstoneSyncIntegrationIT[jvm]","com.georgeci.moneysurfer.integration.sync.TransactionTombstoneSyncIntegrationIT",""
"","456","an available panel renders the key rows and the reset action[jvm]","","2026-07-29","passed","2026-07-29","","DebugConfigScreenStateTest[jvm]","com.georgeci.moneysurfer.ui.DebugConfigScreenStateTest",""
"","27","switching to Income picks an income category and save persists INCOME[jvm]","","2026-07-29","passed","2026-07-29","","TransactionCreationSaveTest[jvm]","com.georgeci.moneysurfer.feature.transaction.creation.TransactionCreationSaveTest",""
"","32","non-member cannot get the workspace doc","","2026-07-29","passed","2026-07-29","","workspaces/{wid}","workspaces/{wid} non-member cannot get the workspace doc",""
"","40","member can read the workspace invite roster","","2026-07-29","passed","2026-07-29","","invites — read","invites — read member can read the workspace invite roster",""
"","1095","a remoteOverridable flag is mirrored and served[jvm]","","2026-07-29","passed","2026-07-29","","RemoteGlobalConfigSourceImplSpec[jvm]","com.georgeci.moneysurfer.appconfig.remote.RemoteGlobalConfigSourceImplSpec",""
"","17","the result count promises rows the list will render, so a receipt counts once[jvm]","","2026-07-29","passed","2026-07-29","","TransactionFiltersViewModelTest[jvm]","com.georgeci.moneysurfer.feature.transaction.filters.TransactionFiltersViewModelTest",""
"","8","an unparseable boolean is undecodable, not false[jvm]","","2026-07-29","passed","2026-07-29","","ConfigCodecSpec[jvm]","com.georgeci.moneysurfer.appconfig.ConfigCodecSpec",""
"","6","a key that comes back after being cleared starts from a fresh store[jvm]","","2026-07-29","passed","2026-07-29","","NavEntryViewModelStoreHolderTest[jvm]","com.georgeci.moneysurfer.navigation.util.NavEntryViewModelStoreHolderTest",""
"","11","matches the merchant column, not just the note[jvm]","","2026-07-29","passed","2026-07-29","","TransactionFtsIntegrationIT[jvm]","com.georgeci.moneysurfer.integration.repository.TransactionFtsIntegrationIT",""
"","7","transactions dated after today are backed out of the anchor[jvm]","","2026-07-29","passed","2026-07-29","","AccountBalanceSeriesTest[jvm]","com.georgeci.moneysurfer.domain.model.AccountBalanceSeriesTest",""
"","0","iso=2025-01-31[jvm]","","2026-07-29","passed","2026-07-29","","TimeFormatterTest[jvm]","com.georgeci.moneysurfer.data.repository.TimeFormatterTest",""
"","4","',5' -> '.5'[jvm]","","2026-07-29","passed","2026-07-29","","AmountInputTransformationTest[jvm]","com.georgeci.moneysurfer.utils.AmountInputTransformationTest",""
"","11","create expense decrements cache by amount[jvm]","","2026-07-29","passed","2026-07-29","","ApplyTransactionChangeUseCaseTest[jvm]","com.georgeci.moneysurfer.domain.usecase.ApplyTransactionChangeUseCaseTest",""
"","158","a currency no cached rate covers is shown beside the headline, never dropped[jvm]","","2026-07-29","passed","2026-07-29","","DashboardBalanceViewModelTest[jvm]","com.georgeci.moneysurfer.feature.dashboard.DashboardBalanceViewModelTest",""
"","74","navigation effects carry the selected category id[jvm]","","2026-07-29","passed","2026-07-29","","CategoriesManageViewModelTest[jvm]","com.georgeci.moneysurfer.feature.category.manage.CategoriesManageViewModelTest",""
"","23","OnSubcategoryClick drills into the child rather than replacing this screen[jvm]","","2026-07-29","passed","2026-07-29","","CategoryDetailsViewModelTest[jvm]","com.georgeci.moneysurfer.feature.category.details.CategoryDetailsViewModelTest",""
"","16","clearSession leaves hasUsedDemo alone[jvm]","","2026-07-29","passed","2026-07-29","","SessionPointersImplJvmTest[jvm]","com.georgeci.moneysurfer.data.preferences.SessionPointersImplJvmTest",""
"","19","a user can read one of their own settings","","2026-07-29","passed","2026-07-29","","users/{uid}/config/{key}","users/{uid}/config/{key} a user can read one of their own settings",""
"","27","a workspace that is no longer in Room is neither pushed nor registered[jvm]","","2026-07-29","passed","2026-07-29","","WorkspaceTreeSyncPluginIT[jvm]","com.georgeci.moneysurfer.integration.plugin.WorkspaceTreeSyncPluginIT",""
"","21","a synced write stamps updatedAt and queues exactly one push[jvm]","","2026-07-29","passed","2026-07-29","","LocalConfigSourceImplJvmTest[jvm]","com.georgeci.moneysurfer.data.config.LocalConfigSourceImplJvmTest",""
"","6","cancelAll cancels running and queued[jvm]","","2026-07-29","passed","2026-07-29","","SyncCoordinatorImplSpec[jvm]","com.georgeci.moneysurfer.sync.coordinator.SyncCoordinatorImplSpec",""
"","66","with nothing priceable in the base currency the headline is still a balance, not the empty state[jvm]","","2026-07-29","passed","2026-07-29","","DashboardBalanceViewModelTest[jvm]","com.georgeci.moneysurfer.feature.dashboard.DashboardBalanceViewModelTest",""
"","15","markLeft soft-deletes: status LEFT, leftAt set, enqueues UPDATE[jvm]","","2026-07-29","passed","2026-07-29","","WorkspaceMemberRepositoryDualWriteSpec[jvm]","com.georgeci.moneysurfer.data.repository.WorkspaceMemberRepositoryDualWriteSpec",""
"","5","'42,123' (comma with three cents)[jvm]","","2026-07-29","passed","2026-07-29","","AmountInputTransformationTest[jvm]","com.georgeci.moneysurfer.utils.AmountInputTransformationTest",""
"","173","OnArchiveAccountClick stages pendingArchive without mutating the account[jvm]","","2026-07-29","passed","2026-07-29","","AccountsManageViewModelTest[jvm]","com.georgeci.moneysurfer.feature.account.manage.AccountsManageViewModelTest",""
"","8","resetTo bootstraps an empty stack[jvm]","","2026-07-29","passed","2026-07-29","","AppNavigatorTest[jvm]","com.georgeci.moneysurfer.navigation.AppNavigatorTest",""
"","45","forceUpdate cuts off a build that is otherwise current[jvm]","","2026-07-29","passed","2026-07-29","","AppVersionGateImplTest[jvm]","com.georgeci.moneysurfer.data.repository.AppVersionGateImplTest",""
"","44","an exception thrown by the edit write lands on the form rather than the error boundary[jvm]","","2026-07-29","passed","2026-07-29","","WorkspaceCreationViewModelTest[jvm]","com.georgeci.moneysurfer.feature.workspace.creation.WorkspaceCreationViewModelTest",""
"","683","guest logout asks for confirmation before wiping data[jvm]","","2026-07-29","passed","2026-07-29","","SettingsLogoutViewModelTest[jvm]","com.georgeci.moneysurfer.feature.settings.SettingsLogoutViewModelTest",""
"","15","pending respects limit[jvm]","","2026-07-29","passed","2026-07-29","","PendingMutationQueueImplSpec[jvm]","com.georgeci.moneysurfer.data.sync.PendingMutationQueueImplSpec",""
"","5","onboarding stays device-scoped, so a logout cannot replay it[jvm]","","2026-07-29","passed","2026-07-29","","ConfigKeyScopeTest[jvm]","com.georgeci.moneysurfer.data.config.ConfigKeyScopeTest",""
"","32","transaction stores its own currencyCode independent of the account's currency[jvm]","","2026-07-29","passed","2026-07-29","","TransactionCreationIntegrationIT[jvm]","com.georgeci.moneysurfer.integration.repository.TransactionCreationIntegrationIT",""
"","14","a tombstone unlinks the category's transactions before dropping the row[jvm]","","2026-07-29","passed","2026-07-29","","CategorySyncPluginIT[jvm]","com.georgeci.moneysurfer.integration.plugin.CategorySyncPluginIT",""
"","5","back is still a navigation side effect[jvm]","","2026-07-29","passed","2026-07-29","","PreferencesViewModelTest[jvm]","com.georgeci.moneysurfer.feature.settings.preferences.PreferencesViewModelTest",""
"","1","no account priceable in the base leaves no headline at all[jvm]","","2026-07-29","passed","2026-07-29","","ConvertAccountsTotalUseCaseTest[jvm]","com.georgeci.moneysurfer.domain.usecase.ConvertAccountsTotalUseCaseTest",""
"","34","an unfiltered invites query on a phantom workspace is denied","","2026-07-29","passed","2026-07-29","","dangling users/{uid}.workspaceIds refs","dangling users/{uid}.workspaceIds refs an unfiltered invites query on a phantom workspace is denied",""
"","6","SimpleCancelToken cancel is idempotent[jvm]","","2026-07-29","passed","2026-07-29","","SyncCancelTokenSpec[jvm]","com.georgeci.moneysurfer.sync.api.SyncCancelTokenSpec",""
"","122","with sync off the outbox says it was not read — never that the queue is empty[jvm]","","2026-07-29","passed","2026-07-29","","SyncScreenStateTest[jvm]","com.georgeci.moneysurfer.ui.SyncScreenStateTest",""
"","20","a failed sign-in releases the spinner so the form can be retried[jvm]","","2026-07-29","passed","2026-07-29","","SignInViewModelTest[jvm]","com.georgeci.moneysurfer.feature.login.SignInViewModelTest",""
"","15","a row whose account belongs to a different workspace is rejected[jvm]","","2026-07-29","passed","2026-07-29","","ImportTransactionsValidationTest[jvm]","com.georgeci.moneysurfer.domain.csv.ImportTransactionsValidationTest",""
"","16","a leg's split id survives a V2 file being re-imported into the current layout[jvm]","","2026-07-29","passed","2026-07-29","","TransactionCsvCodecTest[jvm]","com.georgeci.moneysurfer.domain.csv.TransactionCsvCodecTest",""
"","40","export posts ExportSuccess with the exported count[jvm]","","2026-07-29","passed","2026-07-29","","CsvBackupViewModelTest[jvm]","com.georgeci.moneysurfer.feature.settings.csv.CsvBackupViewModelTest",""
"","19","non-owner member cannot update workspace metadata","","2026-07-29","passed","2026-07-29","","workspaces/{wid}","workspaces/{wid} non-owner member cannot update workspace metadata",""
"","4","encode normalizes, so blanks and duplicates never reach the column[jvm]","","2026-07-29","passed","2026-07-29","","AccountExtraDetailsColumnTest[jvm]","com.georgeci.moneysurfer.data.db.entity.AccountExtraDetailsColumnTest",""
"","1","email is normalised before the mapping lookup[jvm]","","2026-07-29","passed","2026-07-29","","UserAccountDeletionRepositoryImplTest[jvm]","com.georgeci.moneysurfer.data.repository.UserAccountDeletionRepositoryImplTest",""
"","2","a payload quoted against a different base is refused[jvm]","","2026-07-29","passed","2026-07-29","","ExchangeRateApiTest[jvm]","com.georgeci.moneysurfer.data.remote.ExchangeRateApiTest",""
"","23","returns NoCurrentUser error when no current user[jvm]","","2026-07-29","passed","2026-07-29","","CreateWorkspaceUseCaseTest[jvm]","com.georgeci.moneysurfer.domain.usecase.CreateWorkspaceUseCaseTest",""
"","16","planned transaction contributes nothing[jvm]","","2026-07-29","passed","2026-07-29","","BalanceImpactTest[jvm]","com.georgeci.moneysurfer.domain.model.BalanceImpactTest",""
"","397","an empty workspace still renders every section, with explicit empty states[jvm]","","2026-07-29","passed","2026-07-29","","SyncScreenStateTest[jvm]","com.georgeci.moneysurfer.ui.SyncScreenStateTest",""
"","35","future format version surfaces FormatMismatch[jvm]","","2026-07-29","passed","2026-07-29","","BackupImporterImplJvmTest[jvm]","com.georgeci.moneysurfer.data.backup.BackupImporterImplJvmTest",""
"","4","Unknown preserves cause and is retryable[jvm]","","2026-07-29","passed","2026-07-29","","SyncErrorSpec[jvm]","com.georgeci.moneysurfer.sync.api.SyncErrorSpec",""
"","10","goal details emit null once the goal is gone[jvm]","","2026-07-29","passed","2026-07-29","","SavingsGoalUseCaseTest[jvm]","com.georgeci.moneysurfer.domain.usecase.SavingsGoalUseCaseTest",""
"","370","each account type maps to its semantic icon[jvm]","","2026-07-29","passed","2026-07-29","","AccountTypeLabelTest[jvm]","com.georgeci.moneysurfer.feature.account.AccountTypeLabelTest",""
"","36","invitee can re-push the same terminal status (idempotent)","","2026-07-29","passed","2026-07-29","","invites — update / delete","invites — update / delete invitee can re-push the same terminal status (idempotent)",""
"","4","planned → actual applies full impact[jvm]","","2026-07-29","passed","2026-07-29","","CalculateBalanceDeltaTest[jvm]","com.georgeci.moneysurfer.domain.model.CalculateBalanceDeltaTest",""
"","28","subcollections of the phantom workspace are denied too","","2026-07-29","passed","2026-07-29","","dangling users/{uid}.workspaceIds refs","dangling users/{uid}.workspaceIds refs subcollections of the phantom workspace are denied too",""
"","3","pop removes the top entry[jvm]","","2026-07-29","passed","2026-07-29","","AppNavigatorTest[jvm]","com.georgeci.moneysurfer.navigation.AppNavigatorTest",""
"","63","a stored user document becomes the domain user, refs included[jvm]","","2026-07-29","passed","2026-07-29","","UserRemoteRepositoryImplTest[jvm]","com.georgeci.moneysurfer.data.repository.UserRemoteRepositoryImplTest",""
"","6","returns ProjectionSummary with zero recalculations for All scope[jvm]","","2026-07-29","passed","2026-07-29","","NoOpRecalculateLocalProjectionsUseCaseSpec[jvm]","com.georgeci.moneysurfer.sync.internal.usecase.NoOpRecalculateLocalProjectionsUseCaseSpec",""
"","5","every input category comes out exactly once, whatever shape it is in[jvm]","","2026-07-29","passed","2026-07-29","","CategoryTreeTest[jvm]","com.georgeci.moneysurfer.domain.model.CategoryTreeTest",""
"","20","a plugin failure in the user-scoped phase fails the pull[jvm]","","2026-07-29","passed","2026-07-29","","PullRemoteChangesUseCaseImplSpec[jvm]","com.georgeci.moneysurfer.data.sync.PullRemoteChangesUseCaseImplSpec",""
"","13","unrecognized message returns null so the caller falls back to Unknown[jvm]","","2026-07-29","passed","2026-07-29","","AuthErrorClassificationTest[jvm]","com.georgeci.moneysurfer.data.repository.AuthErrorClassificationTest",""
"","2","restyling a widget leaves its slot and its neighbours alone[jvm]","","2026-07-29","passed","2026-07-29","","DashboardLayoutConfigTest[jvm]","com.georgeci.moneysurfer.domain.dashboard.DashboardLayoutConfigTest",""
"","4","editing one leg's account moves the whole receipt, balances included[jvm]","","2026-07-29","passed","2026-07-29","","UpdateTransactionUseCaseTest[jvm]","com.georgeci.moneysurfer.domain.usecase.UpdateTransactionUseCaseTest",""
"","37","dropping a row back where it started writes nothing[jvm]","","2026-07-29","passed","2026-07-29","","AccountSortOrderIntegrationIT[jvm]","com.georgeci.moneysurfer.integration.repository.AccountSortOrderIntegrationIT",""
"","31","clearSession drops user, workspace and uid together[jvm]","","2026-07-29","passed","2026-07-29","","SessionPointersImplJvmTest[jvm]","com.georgeci.moneysurfer.data.preferences.SessionPointersImplJvmTest",""
"","12","setCursor stores Instant — cursor returns the same value back[jvm]","","2026-07-29","passed","2026-07-29","","SyncMetaRepositoryImplSpec[jvm]","com.georgeci.moneysurfer.data.sync.SyncMetaRepositoryImplSpec",""
"","7","registers the pushed workspace under the signed-in user[jvm]","","2026-07-29","passed","2026-07-29","","WorkspaceRefRegistrarSpec[jvm]","com.georgeci.moneysurfer.data.sync.WorkspaceRefRegistrarSpec",""
"","210","the burn-rate card draws its pace and projection, and says so when a budget judges them[jvm]","","2026-07-29","passed","2026-07-29","","DashboardScreenStateTest[jvm]","com.georgeci.moneysurfer.ui.DashboardScreenStateTest",""
"","48","the workspace stream carries the workspace's budgets and the global one carries all[jvm]","","2026-07-29","passed","2026-07-29","","BudgetRepositoryImplJvmTest[jvm]","com.georgeci.moneysurfer.data.repository.BudgetRepositoryImplJvmTest",""
"","10","creating a goal in another currency is rejected[jvm]","","2026-07-29","passed","2026-07-29","","SavingsGoalUseCaseTest[jvm]","com.georgeci.moneysurfer.domain.usecase.SavingsGoalUseCaseTest",""
"","16","a corrupt file is replaced instead of failing every read for the life of the install[jvm]","","2026-07-29","passed","2026-07-29","","RemoteConfigMirrorImplJvmTest[jvm]","com.georgeci.moneysurfer.data.config.RemoteConfigMirrorImplJvmTest",""
"","15","blank stored falls back to operationAt in UTC[jvm]","","2026-07-29","passed","2026-07-29","","ResolveLegacyOperationDateTest[jvm]","com.georgeci.moneysurfer.data.repository.ResolveLegacyOperationDateTest",""
"","21","an unreachable provider leaves the cached table in place[jvm]","","2026-07-29","passed","2026-07-29","","ExchangeRateRepositoryImplJvmTest[jvm]","com.georgeci.moneysurfer.data.repository.ExchangeRateRepositoryImplJvmTest",""
"","13","an undeclared key is absent, so resolution falls through to the key default[jvm]","","2026-07-29","passed","2026-07-29","","BuildConfigSourceSpec[jvm]","com.georgeci.moneysurfer.appconfig.BuildConfigSourceSpec",""
"","4","picking the style a widget already has is not written back[jvm]","","2026-07-29","passed","2026-07-29","","DashboardCustomizeViewModelTest[jvm]","com.georgeci.moneysurfer.feature.dashboard.customize.DashboardCustomizeViewModelTest",""
"","1194","each sync error maps to its own message, and the two carrying server text pass it through[jvm]","","2026-07-29","passed","2026-07-29","","SyncScreenStateTest[jvm]","com.georgeci.moneysurfer.ui.SyncScreenStateTest",""
"","7","recalc skipped when downloadedCount == 0[jvm]","","2026-07-29","passed","2026-07-29","","SyncCoordinatorImplSpec[jvm]","com.georgeci.moneysurfer.sync.coordinator.SyncCoordinatorImplSpec",""
"","9","a parent's total rolls up its whole subtree[jvm]","","2026-07-29","passed","2026-07-29","","CategorySpendHistoryTest[jvm]","com.georgeci.moneysurfer.domain.model.CategorySpendHistoryTest",""
"","1","addRecalculated accumulates recalculatedCount[jvm]","","2026-07-29","passed","2026-07-29","","SyncSummaryBuilderSpec[jvm]","com.georgeci.moneysurfer.sync.api.SyncSummaryBuilderSpec",""
"","22","typed precision is the tolerance[jvm]","","2026-07-29","passed","2026-07-29","","TransactionFilterMatchingTest[jvm]","com.georgeci.moneysurfer.feature.transaction.filter.TransactionFilterMatchingTest",""
"","40","owner can self-create their own OWNER row on workspace creation (no invite)","","2026-07-29","passed","2026-07-29","","workspaces/{wid}/members/{uid}","workspaces/{wid}/members/{uid} owner can self-create their own OWNER row on workspace creation (no invite)",""
"","63","opening balances are dropped before the cap, not counted against it[jvm]","","2026-07-29","passed","2026-07-29","","DashboardViewModelTest[jvm]","com.georgeci.moneysurfer.feature.dashboard.DashboardViewModelTest",""
"","16","setActive on a budget that is gone is a no-op rather than a failure[jvm]","","2026-07-29","passed","2026-07-29","","BudgetRepositoryImplJvmTest[jvm]","com.georgeci.moneysurfer.data.repository.BudgetRepositoryImplJvmTest",""
"","46","the row actions each navigate to their own screen[jvm]","","2026-07-29","passed","2026-07-29","","WorkspaceSelectorViewModelTest[jvm]","com.georgeci.moneysurfer.feature.workspace.selector.WorkspaceSelectorViewModelTest",""
"","10","member insert failure returns LocalWriteFailed and skips categories, remote work and pin[jvm]","","2026-07-29","passed","2026-07-29","","CreateWorkspaceUseCaseTest[jvm]","com.georgeci.moneysurfer.domain.usecase.CreateWorkspaceUseCaseTest",""
"","46","an operationDate that is a timestamp, not a date is counted by no aggregate[jvm]","","2026-07-29","passed","2026-07-29","","SpendAnalyticsRepositoryImplJvmTest[jvm]","com.georgeci.moneysurfer.data.repository.SpendAnalyticsRepositoryImplJvmTest",""
"","2","a malformed value is undecodable[jvm]","","2026-07-29","passed","2026-07-29","","PaletteSourceCodecTest[jvm]","com.georgeci.moneysurfer.data.config.PaletteSourceCodecTest",""
"","41","cross-currency transfer uses separate fromMoney and toMoney with each account's currency[jvm]","","2026-07-29","passed","2026-07-29","","TransactionCreationSaveTest[jvm]","com.georgeci.moneysurfer.feature.transaction.creation.TransactionCreationSaveTest",""
"","28","restore confirms first, then asks for a file to open[jvm]","","2026-07-29","passed","2026-07-29","","BackupViewModelTest[jvm]","com.georgeci.moneysurfer.feature.settings.backup.BackupViewModelTest",""
"","4","medium width presents the rail[jvm]","","2026-07-29","passed","2026-07-29","","NavigationShellTest[jvm]","com.georgeci.moneysurfer.navigation.NavigationShellTest",""
"","5","blank id is rejected as invalid id[jvm]","","2026-07-29","passed","2026-07-29","","TransactionCsvCodecTest[jvm]","com.georgeci.moneysurfer.domain.csv.TransactionCsvCodecTest",""
"","16","a signed-out or demo session never starts the ticker[jvm]","","2026-07-29","passed","2026-07-29","","PeriodicSyncGateTest[jvm]","com.georgeci.moneysurfer.navigation.PeriodicSyncGateTest",""
"","31","the name required error appears only after the field was touched and left blank[jvm]","","2026-07-29","passed","2026-07-29","","AccountCreationViewModelTest[jvm]","com.georgeci.moneysurfer.feature.account.creation.AccountCreationViewModelTest",""
"","37","invited user CAN self-create referencing an already-ACCEPTED invite (push-order/idempotent)","","2026-07-29","passed","2026-07-29","","workspaces/{wid}/members/{uid}","workspaces/{wid}/members/{uid} invited user CAN self-create referencing an already-ACCEPTED invite (push-order/idempotent)",""
"","17","RemoteGlobal cannot seed a user setting the user never wrote[jvm]","","2026-07-29","passed","2026-07-29","","LayeredConfigSpec[jvm]","com.georgeci.moneysurfer.appconfig.LayeredConfigSpec",""
"","6","redactUid keeps a short prefix and drops the rest[jvm]","","2026-07-29","passed","2026-07-29","","PiiRedactionTest[jvm]","com.georgeci.moneysurfer.domain.logging.PiiRedactionTest",""
"","20","user cannot create a workspace owned by someone else","","2026-07-29","passed","2026-07-29","","workspaces/{wid}","workspaces/{wid} user cannot create a workspace owned by someone else",""
"","1","monthly anchor on the 31st clamps to the last day of a short month[jvm]","","2026-07-29","passed","2026-07-29","","BudgetPeriodWindowTest[jvm]","com.georgeci.moneysurfer.domain.util.BudgetPeriodWindowTest",""
"","5","blank CSV segments drop out of the wire lists[jvm]","","2026-07-29","passed","2026-07-29","","RecurringRuleDtoMapperSpec[jvm]","com.georgeci.moneysurfer.data.sync.RecurringRuleDtoMapperSpec",""
"","2","returns null when nothing searchable is left[jvm]","","2026-07-29","passed","2026-07-29","","FtsQueryTest[jvm]","com.georgeci.moneysurfer.data.db.FtsQueryTest",""
"","14","deleting a contribution that does not exist enqueues nothing[jvm]","","2026-07-29","passed","2026-07-29","","GoalRepositoryDualWriteSpec[jvm]","com.georgeci.moneysurfer.data.repository.GoalRepositoryDualWriteSpec",""
"","20","an upsert inserts when the row is new and overwrites when it is not[jvm]","","2026-07-29","passed","2026-07-29","","UserRepositoryImplJvmTest[jvm]","com.georgeci.moneysurfer.data.repository.UserRepositoryImplJvmTest",""
"","6","a touched blank name shows the required error[jvm]","","2026-07-29","passed","2026-07-29","","AccountCreationStateTest[jvm]","com.georgeci.moneysurfer.feature.account.creation.AccountCreationStateTest",""
"","28","accepts a goal with nullable targetDate/accountId set to null","","2026-07-29","passed","2026-07-29","","savings goals (issue #244)","savings goals (issue #244) accepts a goal with nullable targetDate/accountId set to null",""
"","7","existing rows keep their data and gain a null splitId[jvm]","","2026-07-29","passed","2026-07-29","","TransactionSplitIdMigrationIT[jvm]","com.georgeci.moneysurfer.integration.repository.TransactionSplitIdMigrationIT",""
"","20","the locally-owned fields survive a round trip[jvm]","","2026-07-29","passed","2026-07-29","","UserRepositoryImplJvmTest[jvm]","com.georgeci.moneysurfer.data.repository.UserRepositoryImplJvmTest",""
"","18","the same key keeps the same store, so a recomposition does not reset the screen[jvm]","","2026-07-29","passed","2026-07-29","","NavEntryViewModelStoreHolderTest[jvm]","com.georgeci.moneysurfer.navigation.util.NavEntryViewModelStoreHolderTest",""
"","402","a stored budget reads back with every field intact[jvm]","","2026-07-29","passed","2026-07-29","","BudgetRepositoryImplJvmTest[jvm]","com.georgeci.moneysurfer.data.repository.BudgetRepositoryImplJvmTest",""
"","826","an available row can be dragged too, and reports the row it lands on[jvm]","","2026-07-29","passed","2026-07-29","","DashboardCustomizeScreenStateTest[jvm]","com.georgeci.moneysurfer.ui.DashboardCustomizeScreenStateTest",""
"","38","update blocked when clientVersionCode is missing on the resulting doc","","2026-07-29","passed","2026-07-29","","invites — update / delete","invites — update / delete update blocked when clientVersionCode is missing on the resulting doc",""
"","4","the Medium band runs from its lower bound up to the Expanded bound[jvm]","","2026-07-29","passed","2026-07-29","","SurferWindowSizeTest[jvm]","com.georgeci.moneysurfer.uikit.window.SurferWindowSizeTest",""
"","2","a variant carrying the separators round-trips instead of splitting the layout[jvm]","","2026-07-29","passed","2026-07-29","","DashboardLayoutCodecTest[jvm]","com.georgeci.moneysurfer.data.preferences.DashboardLayoutCodecTest",""
"","35","an evicted (REMOVED) member can no longer read the roster","","2026-07-29","passed","2026-07-29","","workspaces/{wid}/members/{uid}","workspaces/{wid}/members/{uid} an evicted (REMOVED) member can no longer read the roster",""
"","1","a widget dragged across sections keeps its span[jvm]","","2026-07-29","passed","2026-07-29","","DashboardLayoutConfigTest[jvm]","com.georgeci.moneysurfer.domain.dashboard.DashboardLayoutConfigTest",""
"","62","the quick-actions Transfer button asks for the transfer form, not the plain creation one[jvm]","","2026-07-29","passed","2026-07-29","","DashboardViewModelTest[jvm]","com.georgeci.moneysurfer.feature.dashboard.DashboardViewModelTest",""
"","39","non-member is blocked from recurringRules","","2026-07-29","passed","2026-07-29","","member-gated entities (smoke for the rest)","member-gated entities (smoke for the rest) non-member is blocked from recurringRules",""
"","6","the card-style picker follows the host's build flag[jvm]","","2026-07-29","passed","2026-07-29","","DashboardCustomizeViewModelTest[jvm]","com.georgeci.moneysurfer.feature.dashboard.customize.DashboardCustomizeViewModelTest",""
"","58","every published header row resolves back to its own layout[jvm]","","2026-07-29","passed","2026-07-29","","TransactionCsvCodecTest[jvm]","com.georgeci.moneysurfer.domain.csv.TransactionCsvCodecTest",""
"","22","accepts a category nested under a parent","","2026-07-29","passed","2026-07-29","","entity write-shape validation (issue #156)","entity write-shape validation (issue #156) accepts a category nested under a parent",""
"","41","same-currency transfer creates two paired legs with equal amounts[jvm]","","2026-07-29","passed","2026-07-29","","TransactionCreationSaveTest[jvm]","com.georgeci.moneysurfer.feature.transaction.creation.TransactionCreationSaveTest",""
"","6","'00' (double leading zero)[jvm]","","2026-07-29","passed","2026-07-29","","AmountInputTransformationTest[jvm]","com.georgeci.moneysurfer.utils.AmountInputTransformationTest",""
"","22","opening balances never appear in the list, under either spelling[jvm]","","2026-07-29","passed","2026-07-29","","TransactionWindowIntegrationIT[jvm]","com.georgeci.moneysurfer.integration.repository.TransactionWindowIntegrationIT",""
"","25","an unknown period on the row falls back to monthly rather than failing the read[jvm]","","2026-07-29","passed","2026-07-29","","BudgetRepositoryImplJvmTest[jvm]","com.georgeci.moneysurfer.data.repository.BudgetRepositoryImplJvmTest",""
"","180","an exception below the ViewModel renders the global error state[jvm]","","2026-07-29","passed","2026-07-29","","GlobalErrorBoundaryTest[jvm]","com.georgeci.moneysurfer.ui.GlobalErrorBoundaryTest",""
"","19","the defaults read back as empty rather than null or a blank tag[jvm]","","2026-07-29","passed","2026-07-29","","TransactionDetailFieldsIntegrationIT[jvm]","com.georgeci.moneysurfer.integration.repository.TransactionDetailFieldsIntegrationIT",""
"","1","'007' (leading zeros)[jvm]","","2026-07-29","passed","2026-07-29","","AmountInputTransformationTest[jvm]","com.georgeci.moneysurfer.utils.AmountInputTransformationTest",""
"","7","a child whose parent is absent is shown as a root rather than hidden[jvm]","","2026-07-29","passed","2026-07-29","","CategoryTreeTest[jvm]","com.georgeci.moneysurfer.domain.model.CategoryTreeTest",""
"","5","happy path: persists PENDING invite with TTL and lowercase email[jvm]","","2026-07-29","passed","2026-07-29","","SendInviteUseCaseTest[jvm]","com.georgeci.moneysurfer.domain.usecase.SendInviteUseCaseTest",""
"","11","credits the developers when the artifact declares no organization[jvm]","","2026-07-29","passed","2026-07-29","","ParseOssLibrariesTest[jvm]","com.georgeci.moneysurfer.feature.settings.about.licenses.ParseOssLibrariesTest",""
"","71","deleting a goal enqueues a delete for the goal AND each cascaded contribution[jvm]","","2026-07-29","passed","2026-07-29","","GoalRepositoryDualWriteSpec[jvm]","com.georgeci.moneysurfer.data.repository.GoalRepositoryDualWriteSpec",""
"","48","a tombstone deletes the account and its transactions[jvm]","","2026-07-29","passed","2026-07-29","","AccountSyncPluginIT[jvm]","com.georgeci.moneysurfer.integration.plugin.AccountSyncPluginIT",""
"","5","clearAll wipes outbox before sync_meta[jvm]","","2026-07-29","passed","2026-07-29","","RemoteDataResetRepositoryImplSpec[jvm]","com.georgeci.moneysurfer.sync.repository.RemoteDataResetRepositoryImplSpec",""
"","22","deleting a contribution that is already gone enqueues nothing[jvm]","","2026-07-29","passed","2026-07-29","","GoalContributionRepositoryImplJvmTest[jvm]","com.georgeci.moneysurfer.data.repository.GoalContributionRepositoryImplJvmTest",""
"","1","update amount applies only the difference[jvm]","","2026-07-29","passed","2026-07-29","","ApplyTransactionChangeUseCaseTest[jvm]","com.georgeci.moneysurfer.domain.usecase.ApplyTransactionChangeUseCaseTest",""
"","23","accepts a transaction carrying a splitId","","2026-07-29","passed","2026-07-29","","entity write-shape validation (issue #156)","entity write-shape validation (issue #156) accepts a transaction carrying a splitId",""
"","58","swiping a transaction away removes it, and the snackbar's Undo puts it back[jvm]","","2026-07-29","passed","2026-07-29","","CategoryDetailsViewModelTest[jvm]","com.georgeci.moneysurfer.feature.category.details.CategoryDetailsViewModelTest",""
"","1","an ARCHIVED goal rejects new contributions[jvm]","","2026-07-29","passed","2026-07-29","","GoalContributionUseCaseTest[jvm]","com.georgeci.moneysurfer.domain.usecase.GoalContributionUseCaseTest",""
"","32","clearing the cap deletes the backing budget[jvm]","","2026-07-29","passed","2026-07-29","","CategoryCreationViewModelTest[jvm]","com.georgeci.moneysurfer.feature.category.creation.CategoryCreationViewModelTest",""
"","69","an installed reporter receives logged errors[jvm]","","2026-07-29","passed","2026-07-29","","CrashReportingTest[jvm]","com.georgeci.moneysurfer.domain.telemetry.CrashReportingTest",""
"","6","appends a prefix wildcard to every token[jvm]","","2026-07-29","passed","2026-07-29","","FtsQueryTest[jvm]","com.georgeci.moneysurfer.data.db.FtsQueryTest",""
"","16","an unset environment leaves the desktop build pointed at the real project[jvm]","","2026-07-29","passed","2026-07-29","","FirebaseConfigImplJvmTest[jvm]","com.georgeci.moneysurfer.data.remote.FirebaseConfigImplJvmTest",""
"","37","a payload the provider marked as failed reads as no answer[jvm]","","2026-07-29","passed","2026-07-29","","HttpExchangeRateRemoteSourceJvmTest[jvm]","com.georgeci.moneysurfer.data.remote.HttpExchangeRateRemoteSourceJvmTest",""
"","6","clearScope removes only rows for the requested workspace[jvm]","","2026-07-29","passed","2026-07-29","","SyncMetaRepositoryImplSpec[jvm]","com.georgeci.moneysurfer.sync.internal.repository.SyncMetaRepositoryImplSpec",""
"","5","mixed comma and dot separators are an invalid format[jvm]","","2026-07-29","passed","2026-07-29","","TransactionAmountInputTest[jvm]","com.georgeci.moneysurfer.feature.transaction.creation.TransactionAmountInputTest",""
"","121","the budgets widget draws a row per budget, with its status and what is left[jvm]","","2026-07-29","passed","2026-07-29","","DashboardScreenStateTest[jvm]","com.georgeci.moneysurfer.ui.DashboardScreenStateTest",""
"","1","single account and category selections resolve their chip names[jvm]","","2026-07-29","passed","2026-07-29","","TransactionsListMappingTest[jvm]","com.georgeci.moneysurfer.feature.transaction.list.TransactionsListMappingTest",""
"","4","exhaustive enumeration — no orphan steps[jvm]","","2026-07-29","passed","2026-07-29","","SyncStepOrderTest[jvm]","com.georgeci.moneysurfer.domain.model.SyncStepOrderTest",""
"","1","an ordinary transaction's edit touches nothing else[jvm]","","2026-07-29","passed","2026-07-29","","UpdateTransactionUseCaseTest[jvm]","com.georgeci.moneysurfer.domain.usecase.UpdateTransactionUseCaseTest",""
"","5","a build offering every entry point is not demo-only[jvm]","","2026-07-29","passed","2026-07-29","","SignInViewModelTest[jvm]","com.georgeci.moneysurfer.feature.login.SignInViewModelTest",""
"","42","OnEditClick asks to open the editor for this category[jvm]","","2026-07-29","passed","2026-07-29","","CategoryDetailsViewModelTest[jvm]","com.georgeci.moneysurfer.feature.category.details.CategoryDetailsViewModelTest",""
"","5","Unknown.isRetryable is true (sync should be re-attempted on next cycle)[jvm]","","2026-07-29","passed","2026-07-29","","SyncErrorClassifierSpec[jvm]","com.georgeci.moneysurfer.sync.internal.SyncErrorClassifierSpec",""
"","12","writing a key releases its overlay entry, so the new value is what resolves[jvm]","","2026-07-29","passed","2026-07-29","","LayeredConfigSpec[jvm]","com.georgeci.moneysurfer.appconfig.LayeredConfigSpec",""
"","16","a scopeless row still dedupes against another scopeless row[jvm]","","2026-07-29","passed","2026-07-29","","PendingMutationQueueIntegrationIT[jvm]","com.georgeci.moneysurfer.integration.sync.PendingMutationQueueIntegrationIT",""
"","1","reader rejects unsupported compression method[jvm]","","2026-07-29","passed","2026-07-29","","ZipStoredCodecTest[jvm]","com.georgeci.moneysurfer.data.backup.ZipStoredCodecTest",""
"","0","debug builds keep collection off[jvm]","","2026-07-29","passed","2026-07-29","","CrashReportingTest[jvm]","com.georgeci.moneysurfer.domain.telemetry.CrashReportingTest",""
"","339","editing hands back the fields the form has no input for[jvm]","","2026-07-29","passed","2026-07-29","","TransactionCreationEditTest[jvm]","com.georgeci.moneysurfer.feature.transaction.creation.TransactionCreationEditTest",""
"","45","markAccepted transitions status and stamps respondedAt[jvm]","","2026-07-29","passed","2026-07-29","","WorkspaceInviteRepositoryDualWriteSpec[jvm]","com.georgeci.moneysurfer.data.repository.WorkspaceInviteRepositoryDualWriteSpec",""
"","26","member can tombstone a goal via update","","2026-07-29","passed","2026-07-29","","savings goals (issue #244)","savings goals (issue #244) member can tombstone a goal via update",""
"","2","remote calls fire in strict order: syncWorkspace → addWorkspaceRef → setDefaultWorkspace[jvm]","","2026-07-29","passed","2026-07-29","","CreateWorkspaceUseCaseTest[jvm]","com.georgeci.moneysurfer.domain.usecase.CreateWorkspaceUseCaseTest",""
"","10","dismissing the restore confirmation leaves the data alone[jvm]","","2026-07-29","passed","2026-07-29","","BackupViewModelTest[jvm]","com.georgeci.moneysurfer.feature.settings.backup.BackupViewModelTest",""
"","32","a corrupt file degrades the layer instead of throwing out of hydrate or of the change flow[jvm]","","2026-07-29","passed","2026-07-29","","LocalConfigSourceImplJvmTest[jvm]","com.georgeci.moneysurfer.data.config.LocalConfigSourceImplJvmTest",""
"","41","uuid generates non-empty value[jvm]","","2026-07-29","passed","2026-07-29","","SyncRequestIdSpec[jvm]","com.georgeci.moneysurfer.sync.api.SyncRequestIdSpec",""
"","63","archived budgets never reach the budgets widget[jvm]","","2026-07-29","passed","2026-07-29","","DashboardBudgetsViewModelTest[jvm]","com.georgeci.moneysurfer.feature.dashboard.DashboardBudgetsViewModelTest",""
"","32","tapping Duplicate asks to open the creation screen for this transaction[jvm]","","2026-07-29","passed","2026-07-29","","TransactionDetailsViewModelTest[jvm]","com.georgeci.moneysurfer.feature.transaction.details.TransactionDetailsViewModelTest",""
"","416","loading state shows the full screen loader and blocks the mode toggle[jvm]","","2026-07-29","passed","2026-07-29","","SignInScreenStateTest[jvm]","com.georgeci.moneysurfer.ui.SignInScreenStateTest",""
"","7","a current record read as the pre-#260 format is rejected as an over-long row[jvm]","","2026-07-29","passed","2026-07-29","","TransactionCsvCodecTest[jvm]","com.georgeci.moneysurfer.domain.csv.TransactionCsvCodecTest",""
"","5","a warning with a throwable becomes a breadcrumb and a non-fatal[jvm]","","2026-07-29","passed","2026-07-29","","CrashReportingLogWriterTest[jvm]","com.georgeci.moneysurfer.domain.telemetry.CrashReportingLogWriterTest",""
"","6","StorageError preserves cause and is not retryable[jvm]","","2026-07-29","passed","2026-07-29","","SyncErrorSpec[jvm]","com.georgeci.moneysurfer.sync.api.SyncErrorSpec",""
"","29","a denied subcollection query skips the rest of that workspace[jvm]","","2026-07-29","passed","2026-07-29","","PullRemoteChangesUseCaseImplSpec[jvm]","com.georgeci.moneysurfer.data.sync.PullRemoteChangesUseCaseImplSpec",""
"","23","a refresh replaces the table rather than merging into it[jvm]","","2026-07-29","passed","2026-07-29","","ExchangeRateRepositoryImplJvmTest[jvm]","com.georgeci.moneysurfer.data.repository.ExchangeRateRepositoryImplJvmTest",""
"","35","the pushed document carries this build's version code[jvm]","","2026-07-29","passed","2026-07-29","","AccountSyncPluginIT[jvm]","com.georgeci.moneysurfer.integration.plugin.AccountSyncPluginIT",""
"","1","keeps only hex digits from a non-UUID id[jvm]","","2026-07-29","passed","2026-07-29","","TransactionReferenceTest[jvm]","com.georgeci.moneysurfer.domain.model.TransactionReferenceTest",""
"","24","search matches merchant, note and category, and survives into the state[jvm]","","2026-07-29","passed","2026-07-29","","TransactionsByAccountFilteringTest[jvm]","com.georgeci.moneysurfer.feature.transaction.list.TransactionsByAccountFilteringTest",""
"","85","deleting a split takes every leg out of the group lookup and the leg count[jvm]","","2026-07-29","passed","2026-07-29","","TransactionSoftDeleteIntegrationIT[jvm]","com.georgeci.moneysurfer.integration.repository.TransactionSoftDeleteIntegrationIT",""
"","1","deleting a missing goal returns null[jvm]","","2026-07-29","passed","2026-07-29","","SavingsGoalUseCaseTest[jvm]","com.georgeci.moneysurfer.domain.usecase.SavingsGoalUseCaseTest",""
"","12","markInFlight with empty list is a no-op[jvm]","","2026-07-29","passed","2026-07-29","","PendingMutationQueueImplSpec[jvm]","com.georgeci.moneysurfer.data.sync.PendingMutationQueueImplSpec",""
"","1","spend past the limit reports a fraction over 1 — the bar caps it, the maths does not[jvm]","","2026-07-29","passed","2026-07-29","","SafeToSpendTest[jvm]","com.georgeci.moneysurfer.domain.model.SafeToSpendTest",""
"","8","enabledItems keeps order and drops the switched-off widgets[jvm]","","2026-07-29","passed","2026-07-29","","DashboardLayoutConfigTest[jvm]","com.georgeci.moneysurfer.domain.dashboard.DashboardLayoutConfigTest",""
"","17","a pulled category this device has never seen is inserted[jvm]","","2026-07-29","passed","2026-07-29","","CategorySyncPluginIT[jvm]","com.georgeci.moneysurfer.integration.plugin.CategorySyncPluginIT",""
"","13","isEnabled returns false when firebaseUid is null (demo session)[jvm]","","2026-07-29","passed","2026-07-29","","OutboxEnqueuerSpec[jvm]","com.georgeci.moneysurfer.data.sync.OutboxEnqueuerSpec",""
"","7","the window reaches back to whichever is earlier, the chart's first day or the 1st[jvm]","","2026-07-29","passed","2026-07-29","","BurnRateTest[jvm]","com.georgeci.moneysurfer.domain.model.BurnRateTest",""
"","13","the sync toggle is device-scoped, so logging out cannot silently re-enable sync[jvm]","","2026-07-29","passed","2026-07-29","","ConfigKeyScopeTest[jvm]","com.georgeci.moneysurfer.data.config.ConfigKeyScopeTest",""
"","53","week mode windows Monday to Sunday and labels the ISO week[jvm]","","2026-07-29","passed","2026-07-29","","TransactionsByAccountPeriodTest[jvm]","com.georgeci.moneysurfer.feature.transaction.list.TransactionsByAccountPeriodTest",""
"","1","balanceImpact uses abs(money) so legacy signed money still produces correct sign[jvm]","","2026-07-29","passed","2026-07-29","","BalanceImpactTest[jvm]","com.georgeci.moneysurfer.domain.model.BalanceImpactTest",""
"","15","hides the version when the artifacts of a family disagree on it[jvm]","","2026-07-29","passed","2026-07-29","","ParseOssLibrariesTest[jvm]","com.georgeci.moneysurfer.feature.settings.about.licenses.ParseOssLibrariesTest",""
"","20","user CANNOT self-promote their role","","2026-07-29","passed","2026-07-29","","workspaces/{wid}/members/{uid}","workspaces/{wid}/members/{uid} user CANNOT self-promote their role",""
"","2","a budget on another cadence is not a figure for this window, so it caps nothing here[jvm]","","2026-07-29","passed","2026-07-29","","SpentByCategoryTest[jvm]","com.georgeci.moneysurfer.domain.model.SpentByCategoryTest",""
"","1","TransactionDetails[jvm]","","2026-07-29","passed","2026-07-29","","RouteSerializationTest[jvm]","com.georgeci.moneysurfer.navigation.RouteSerializationTest",""
"","32","OnDeleteConfirm removes the category and shows an undo snackbar[jvm]","","2026-07-29","passed","2026-07-29","","CategoriesManageViewModelTest[jvm]","com.georgeci.moneysurfer.feature.category.manage.CategoriesManageViewModelTest",""
"","16","normalizing keeps the stored style of a widget it re-appends nothing for[jvm]","","2026-07-29","passed","2026-07-29","","DashboardLayoutConfigTest[jvm]","com.georgeci.moneysurfer.domain.dashboard.DashboardLayoutConfigTest",""
"","1","an unknown seed is undecodable rather than silently Brand[jvm]","","2026-07-29","passed","2026-07-29","","PaletteSourceCodecTest[jvm]","com.georgeci.moneysurfer.data.config.PaletteSourceCodecTest",""
"","125","an empty workspace lands on empty Content, not on a stuck spinner[jvm]","","2026-07-29","passed","2026-07-29","","BudgetsViewModelTest[jvm]","com.georgeci.moneysurfer.feature.budget.list.BudgetsViewModelTest",""
"","79","the windows follow the calendar instead of freezing at subscription time[jvm]","","2026-07-29","passed","2026-07-29","","GenerateInsightsUseCaseTest[jvm]","com.georgeci.moneysurfer.domain.usecase.GenerateInsightsUseCaseTest",""
"","13","create income increments cache by +amount[jvm]","","2026-07-29","passed","2026-07-29","","ApplyTransactionChangeUseCaseTest[jvm]","com.georgeci.moneysurfer.domain.usecase.ApplyTransactionChangeUseCaseTest",""
"","14","transfer with from == to throws IllegalArgumentException[jvm]","","2026-07-29","passed","2026-07-29","","TransferCreationIntegrationIT[jvm]","com.georgeci.moneysurfer.integration.repository.TransferCreationIntegrationIT",""
"","0","SettingsDebugLog[jvm]","","2026-07-29","passed","2026-07-29","","RouteSerializationTest[jvm]","com.georgeci.moneysurfer.navigation.RouteSerializationTest",""
"","11","a write landing while the first is IN_FLIGHT queues a second row[jvm]","","2026-07-29","passed","2026-07-29","","PendingMutationQueueIntegrationIT[jvm]","com.georgeci.moneysurfer.integration.sync.PendingMutationQueueIntegrationIT",""
"","16","an Undo enqueues an UPDATE that clears the tombstone remotely[jvm]","","2026-07-29","passed","2026-07-29","","TransactionTombstoneSyncIntegrationIT[jvm]","com.georgeci.moneysurfer.integration.sync.TransactionTombstoneSyncIntegrationIT",""
"","18","owner can tombstone the workspace root doc","","2026-07-29","passed","2026-07-29","","tombstone update shape (push-side soft delete)","tombstone update shape (push-side soft delete) owner can tombstone the workspace root doc",""
"","28","rejects a nullable field with a wrong non-null type (deletedAt as string)","","2026-07-29","passed","2026-07-29","","entity write-shape validation (issue #156)","entity write-shape validation (issue #156) rejects a nullable field with a wrong non-null type (deletedAt as string)",""
"","1","a single leg is not a split[jvm]","","2026-07-29","passed","2026-07-29","","CreateSplitTransactionUseCaseTest[jvm]","com.georgeci.moneysurfer.domain.usecase.CreateSplitTransactionUseCaseTest",""
"","19","the screen opens on the stored layout, normalized[jvm]","","2026-07-29","passed","2026-07-29","","DashboardCustomizeViewModelTest[jvm]","com.georgeci.moneysurfer.feature.dashboard.customize.DashboardCustomizeViewModelTest",""
"","20","unauthenticated user is denied","","2026-07-29","passed","2026-07-29","","invites — read","invites — read unauthenticated user is denied",""
"","132","a deleted transaction leaves every read path, and Undo puts it back in all of them[jvm]","","2026-07-29","passed","2026-07-29","","TransactionSoftDeleteIntegrationIT[jvm]","com.georgeci.moneysurfer.integration.repository.TransactionSoftDeleteIntegrationIT",""
"","35","editing snapshots the stored row for the identity band and keeps it while fields change[jvm]","","2026-07-29","passed","2026-07-29","","TransactionCreationEditTest[jvm]","com.georgeci.moneysurfer.feature.transaction.creation.TransactionCreationEditTest",""
"","9","pushAll failure keeps all local rows so a retry can re-push them[jvm]","","2026-07-29","passed","2026-07-29","","CreateWorkspaceUseCaseTest[jvm]","com.georgeci.moneysurfer.domain.usecase.CreateWorkspaceUseCaseTest",""
"","144","an overspent budget row says how far over it is, not how much is left[jvm]","","2026-07-29","passed","2026-07-29","","DashboardScreenStateTest[jvm]","com.georgeci.moneysurfer.ui.DashboardScreenStateTest",""
"","8","the offline build never offers sign-out — there is no account to sign out of[jvm]","","2026-07-29","passed","2026-07-29","","WorkspaceSelectorViewModelTest[jvm]","com.georgeci.moneysurfer.feature.workspace.selector.WorkspaceSelectorViewModelTest",""
"","76","sync is enabled only when build, server and user all say yes[jvm]","","2026-07-29","passed","2026-07-29","","ConfigFacadesJvmTest[jvm]","com.georgeci.moneysurfer.data.config.ConfigFacadesJvmTest",""
"","32","a budget is pushed to the workspace's budgets collection[jvm]","","2026-07-29","passed","2026-07-29","","BudgetAndRecurringRuleSyncPluginIT[jvm]","com.georgeci.moneysurfer.integration.plugin.BudgetAndRecurringRuleSyncPluginIT",""
"","1017","insert writes both DAO and outbox as INSERT when signed in[jvm]","","2026-07-29","passed","2026-07-29","","GoalRepositoryDualWriteSpec[jvm]","com.georgeci.moneysurfer.data.repository.GoalRepositoryDualWriteSpec",""
"","4","a parent that matches on its own name survives a search that no child matches[jvm]","","2026-07-29","passed","2026-07-29","","CategoryChooserViewModelTest[jvm]","com.georgeci.moneysurfer.feature.category.picker.CategoryChooserViewModelTest",""
"","16","sync is allowed before the first refresh, so a cold start is never blocked on the network[jvm]","","2026-07-29","passed","2026-07-29","","AppVersionGateImplTest[jvm]","com.georgeci.moneysurfer.data.repository.AppVersionGateImplTest",""
"","11","the screen opens on what is currently applied, not on a blank slate[jvm]","","2026-07-29","passed","2026-07-29","","TransactionFiltersViewModelTest[jvm]","com.georgeci.moneysurfer.feature.transaction.filters.TransactionFiltersViewModelTest",""
"","10","operator keywords and quotes from user input do not break MATCH[jvm]","","2026-07-29","passed","2026-07-29","","TransactionFtsIntegrationIT[jvm]","com.georgeci.moneysurfer.integration.repository.TransactionFtsIntegrationIT",""
"","19","switching off every period-scoped widget leaves the switch nothing to drive[jvm]","","2026-07-29","passed","2026-07-29","","DashboardLayoutConfigTest[jvm]","com.georgeci.moneysurfer.domain.dashboard.DashboardLayoutConfigTest",""
"","22","income and expense totals sum only their own direction, ignoring the opening balance[jvm]","","2026-07-29","passed","2026-07-29","","AccountDetailsViewModelTest[jvm]","com.georgeci.moneysurfer.feature.account.details.AccountDetailsViewModelTest",""
"","154","one collection of the store serves every observer[jvm]","","2026-07-29","passed","2026-07-29","","PreferencesMirrorJvmTest[jvm]","com.georgeci.moneysurfer.data.config.PreferencesMirrorJvmTest",""
"","11","names a family the export does not map after the artifacts it bundles[jvm]","","2026-07-29","passed","2026-07-29","","ParseOssLibrariesTest[jvm]","com.georgeci.moneysurfer.feature.settings.about.licenses.ParseOssLibrariesTest",""
"","13","safe-to-spend ignores archived budgets[jvm]","","2026-07-29","passed","2026-07-29","","DashboardSafeToSpendViewModelTest[jvm]","com.georgeci.moneysurfer.feature.dashboard.DashboardSafeToSpendViewModelTest",""
"","54","a layer that cannot be hydrated degrades instead of taking startup down[jvm]","","2026-07-29","passed","2026-07-29","","LayeredConfigSpec[jvm]","com.georgeci.moneysurfer.appconfig.LayeredConfigSpec",""
"","26","adding to a paused goal surfaces the paused error[jvm]","","2026-07-29","passed","2026-07-29","","GoalContributionViewModelTest[jvm]","com.georgeci.moneysurfer.feature.goal.contribution.GoalContributionViewModelTest",""
"","251","OnDeleteClick stages a confirmation and OnDeleteConfirm removes the budget[jvm]","","2026-07-29","passed","2026-07-29","","BudgetsViewModelTest[jvm]","com.georgeci.moneysurfer.feature.budget.list.BudgetsViewModelTest",""
"","60","a quiet period says so instead of hiding the widget[jvm]","","2026-07-29","passed","2026-07-29","","DashboardInsightsScreenTest[jvm]","com.georgeci.moneysurfer.ui.DashboardInsightsScreenTest",""
"","85","plain backups report isPassphraseProtected = false and import unchanged[jvm]","","2026-07-29","passed","2026-07-29","","BackupEncryptedRoundTripJvmTest[jvm]","com.georgeci.moneysurfer.data.backup.BackupEncryptedRoundTripJvmTest",""
"","14","observe re-resolves when a layer changes[jvm]","","2026-07-29","passed","2026-07-29","","LayeredConfigSpec[jvm]","com.georgeci.moneysurfer.appconfig.LayeredConfigSpec",""
"","42","signed-in user can read a userEmails doc by exact key","","2026-07-29","passed","2026-07-29","","userEmails/{email}","userEmails/{email} signed-in user can read a userEmails doc by exact key",""
"","29","anonymous login rolls the session back but keeps the provider session[jvm]","","2026-07-29","passed","2026-07-29","","AuthSessionRollbackTest[jvm]","com.georgeci.moneysurfer.domain.usecase.AuthSessionRollbackTest",""
"","10","SerializationException maps to Unknown[jvm]","","2026-07-29","passed","2026-07-29","","SyncErrorClassifierSpec[jvm]","com.georgeci.moneysurfer.data.sync.SyncErrorClassifierSpec",""
"","1","AccountChooser[jvm]","","2026-07-29","passed","2026-07-29","","RouteSerializationTest[jvm]","com.georgeci.moneysurfer.navigation.RouteSerializationTest",""
"","200","owner with no other members purges the workspace, subcollections before the root doc[jvm]","","2026-07-29","passed","2026-07-29","","UserAccountDeletionRepositoryImplTest[jvm]","com.georgeci.moneysurfer.data.repository.UserAccountDeletionRepositoryImplTest",""
"","59","a stored contribution reads back with every field intact[jvm]","","2026-07-29","passed","2026-07-29","","GoalContributionRepositoryImplJvmTest[jvm]","com.georgeci.moneysurfer.data.repository.GoalContributionRepositoryImplJvmTest",""
"","2","widths at or above the Large bound are Large[jvm]","","2026-07-29","passed","2026-07-29","","SurferWindowSizeTest[jvm]","com.georgeci.moneysurfer.uikit.window.SurferWindowSizeTest",""
"","27","entries are ordered narrow to wide, so comparisons read as at-least[jvm]","","2026-07-29","passed","2026-07-29","","SurferWindowSizeTest[jvm]","com.georgeci.moneysurfer.uikit.window.SurferWindowSizeTest",""
"","17","cursors are scoped to the active workspace and ordered by collection[jvm]","","2026-07-29","passed","2026-07-29","","SyncViewModelTest[jvm]","com.georgeci.moneysurfer.feature.settings.sync.SyncViewModelTest",""
"","7","sync stays off with nothing configured, because the build term defaults to false[jvm]","","2026-07-29","passed","2026-07-29","","ConfigFacadesJvmTest[jvm]","com.georgeci.moneysurfer.data.config.ConfigFacadesJvmTest",""
"","98","export writes manifest first followed by main DB and DataStore entries[jvm]","","2026-07-29","passed","2026-07-29","","BackupExporterImplJvmTest[jvm]","com.georgeci.moneysurfer.data.backup.BackupExporterImplJvmTest",""
"","22","an ordinary row is removed on its own and returned for the undo[jvm]","","2026-07-29","passed","2026-07-29","","DeleteTransactionUseCaseTest[jvm]","com.georgeci.moneysurfer.domain.usecase.DeleteTransactionUseCaseTest",""
"","430","password error renders under the password field[jvm]","","2026-07-29","passed","2026-07-29","","SignInScreenStateTest[jvm]","com.georgeci.moneysurfer.ui.SignInScreenStateTest",""
"","11","round-trip preserves all fields[jvm]","","2026-07-29","passed","2026-07-29","","PendingMutationQueueImplSpec[jvm]","com.georgeci.moneysurfer.data.sync.PendingMutationQueueImplSpec",""
"","4","repairs missing Cash account when workspace was pinned without one[jvm]","","2026-07-29","passed","2026-07-29","","SeedDefaultsUseCaseTest[jvm]","com.georgeci.moneysurfer.domain.usecase.SeedDefaultsUseCaseTest",""
"","19","oldest first reverses the whole list, day groups included[jvm]","","2026-07-29","passed","2026-07-29","","TransactionsByAccountFilteringTest[jvm]","com.georgeci.moneysurfer.feature.transaction.list.TransactionsByAccountFilteringTest",""
"","4","no enqueue when app-version gate denies sync[jvm]","","2026-07-29","passed","2026-07-29","","OutboxEnqueuerImplSpec[jvm]","com.georgeci.moneysurfer.sync.repository.OutboxEnqueuerImplSpec",""
"","13","rejects when invite email does not match the current user[jvm]","","2026-07-29","passed","2026-07-29","","AcceptInviteUseCaseTest[jvm]","com.georgeci.moneysurfer.domain.usecase.AcceptInviteUseCaseTest",""
"","284","a declared key resolves to its typed value[jvm]","","2026-07-29","passed","2026-07-29","","BuildConfigSourceSpec[jvm]","com.georgeci.moneysurfer.appconfig.BuildConfigSourceSpec",""
"","13","snapshot before hydrate resolves Build and defaults only[jvm]","","2026-07-29","passed","2026-07-29","","LayeredConfigSpec[jvm]","com.georgeci.moneysurfer.appconfig.LayeredConfigSpec",""
"","20","save keeps a negative opening balance for a credit (card) account[jvm]","","2026-07-29","passed","2026-07-29","","AccountCreationViewModelTest[jvm]","com.georgeci.moneysurfer.feature.account.creation.AccountCreationViewModelTest",""
"","12","a stale first emission cannot be published over a write that beat it[jvm]","","2026-07-29","passed","2026-07-29","","PreferencesMirrorJvmTest[jvm]","com.georgeci.moneysurfer.data.config.PreferencesMirrorJvmTest",""
"","7","still pins workspace when setDefaultWorkspace throws[jvm]","","2026-07-29","passed","2026-07-29","","CreateWorkspaceUseCaseTest[jvm]","com.georgeci.moneysurfer.domain.usecase.CreateWorkspaceUseCaseTest",""
"","10","a hand-edited tag cell is re-normalised on the way in[jvm]","","2026-07-29","passed","2026-07-29","","TransactionCsvCodecTest[jvm]","com.georgeci.moneysurfer.domain.csv.TransactionCsvCodecTest",""
"","48","widths below the Medium bound are Compact[jvm]","","2026-07-29","passed","2026-07-29","","SurferWindowSizeTest[jvm]","com.georgeci.moneysurfer.uikit.window.SurferWindowSizeTest",""
"","35","the pager stops at the current period but always allows going back[jvm]","","2026-07-29","passed","2026-07-29","","TransactionsByAccountPeriodTest[jvm]","com.georgeci.moneysurfer.feature.transaction.list.TransactionsByAccountPeriodTest",""
"","1","SyncMeta carries cursor and timestamps[jvm]","","2026-07-29","passed","2026-07-29","","SyncMetaRepositorySpec[jvm]","com.georgeci.moneysurfer.sync.repository.SyncMetaRepositorySpec",""
"","1","legs left uncategorized count as one category between them[jvm]","","2026-07-29","passed","2026-07-29","","TransactionSplitGroupTest[jvm]","com.georgeci.moneysurfer.domain.model.TransactionSplitGroupTest",""
"","24","owner can hard-delete the workspace doc (account-deletion purge)","","2026-07-29","passed","2026-07-29","","workspaces/{wid}","workspaces/{wid} owner can hard-delete the workspace doc (account-deletion purge)",""
"","63","a key that is not remoteOverridable is ignored and never mirrored[jvm]","","2026-07-29","passed","2026-07-29","","RemoteGlobalConfigSourceImplSpec[jvm]","com.georgeci.moneysurfer.appconfig.remote.RemoteGlobalConfigSourceImplSpec",""
"","5","lastOutcome records failure when use case returns Left[jvm]","","2026-07-29","passed","2026-07-29","","SyncCoordinatorImplSpec[jvm]","com.georgeci.moneysurfer.sync.coordinator.SyncCoordinatorImplSpec",""
"","272","format positive amount in USD with US locale[jvm]","","2026-07-29","passed","2026-07-29","","MoneyFormatterTest[jvm]","com.georgeci.moneysurfer.domain.MoneyFormatterTest",""
"","9","the unset sentinels fall back rather than resolving to a real slot[jvm]","","2026-07-29","passed","2026-07-29","","CategoryPaletteParityTest[jvm]","com.georgeci.moneysurfer.feature.category.CategoryPaletteParityTest",""
"","6","take local neither writes nor reports the remote value as applied[jvm]","","2026-07-29","passed","2026-07-29","","ApplyResolutionSpec[jvm]","com.georgeci.moneysurfer.data.sync.plugin.ApplyResolutionSpec",""
"","1","switching a widget back on returns it to the dashboard, last[jvm]","","2026-07-29","passed","2026-07-29","","DashboardCustomizeViewModelTest[jvm]","com.georgeci.moneysurfer.feature.dashboard.customize.DashboardCustomizeViewModelTest",""
"","37","demo session (no Firebase uid) writes local rows but keeps the outbox empty[jvm]","","2026-07-29","passed","2026-07-29","","WorkspaceCreationSyncIntegrationIT[jvm]","com.georgeci.moneysurfer.integration.sync.WorkspaceCreationSyncIntegrationIT",""
"","1","pads ids with fewer than four hex digits[jvm]","","2026-07-29","passed","2026-07-29","","TransactionReferenceTest[jvm]","com.georgeci.moneysurfer.domain.model.TransactionReferenceTest",""
"","23","returns the decoded value when the document is well-formed[jvm]","","2026-07-29","passed","2026-07-29","","DecodeOrNullSpec[jvm]","com.georgeci.moneysurfer.data.sync.plugin.DecodeOrNullSpec",""
"","19","Month cuts the calendar month containing the day[jvm]","","2026-07-29","passed","2026-07-29","","DashboardPeriodTest[jvm]","com.georgeci.moneysurfer.domain.dashboard.DashboardPeriodTest",""
"","15","deleting an already-tombstoned row enqueues nothing further[jvm]","","2026-07-29","passed","2026-07-29","","TransactionTombstoneSyncIntegrationIT[jvm]","com.georgeci.moneysurfer.integration.sync.TransactionTombstoneSyncIntegrationIT",""
"","10","a reset cancels a running sync before wiping, so the wipe can't be overwritten[jvm]","","2026-07-29","passed","2026-07-29","","SyncViewModelTest[jvm]","com.georgeci.moneysurfer.feature.settings.sync.SyncViewModelTest",""
"","6","delete on a missing account returns AccountNotFound[jvm]","","2026-07-29","passed","2026-07-29","","AccountWriteUseCasesTest[jvm]","com.georgeci.moneysurfer.domain.usecase.AccountWriteUseCasesTest",""
"","7","setCursor preserves attempt and success timestamps on existing row[jvm]","","2026-07-29","passed","2026-07-29","","SyncMetaRepositoryImplSpec[jvm]","com.georgeci.moneysurfer.sync.internal.repository.SyncMetaRepositoryImplSpec",""
"","22","rejects a budget whose amount is a string","","2026-07-29","passed","2026-07-29","","entity write-shape validation (issue #156)","entity write-shape validation (issue #156) rejects a budget whose amount is a string",""
"","6","a workspace doc written by an older client still maps, defaults and all[jvm]","","2026-07-29","passed","2026-07-29","","WorkspaceScopedDtoMapperSpec[jvm]","com.georgeci.moneysurfer.data.sync.WorkspaceScopedDtoMapperSpec",""
"","28","a month window keeps the boundary days and drops the neighbours[jvm]","","2026-07-29","passed","2026-07-29","","TransactionWindowIntegrationIT[jvm]","com.georgeci.moneysurfer.integration.repository.TransactionWindowIntegrationIT",""
"","2","invalid-email (FIRAuth 17008) classifies as InvalidEmail, not InvalidCredentials[jvm]","","2026-07-29","passed","2026-07-29","","AuthErrorClassificationTest[jvm]","com.georgeci.moneysurfer.data.repository.AuthErrorClassificationTest",""
"","1","set merge with Indefinite and Bounded picks Bounded[jvm]","","2026-07-29","passed","2026-07-29","","NetworkWaitModeSpec[jvm]","com.georgeci.moneysurfer.sync.network.NetworkWaitModeSpec",""
"","5","the tree groups children under their parent and counts them[jvm]","","2026-07-29","passed","2026-07-29","","CategoryChooserViewModelTest[jvm]","com.georgeci.moneysurfer.feature.category.picker.CategoryChooserViewModelTest",""
"","35","OnTransactionClick opens the transaction it was raised for[jvm]","","2026-07-29","passed","2026-07-29","","CategoryDetailsViewModelTest[jvm]","com.georgeci.moneysurfer.feature.category.details.CategoryDetailsViewModelTest",""
"","43","the character counter appears once the name reaches the threshold[jvm]","","2026-07-29","passed","2026-07-29","","CategoryCreationViewModelTest[jvm]","com.georgeci.moneysurfer.feature.category.creation.CategoryCreationViewModelTest",""
"","830","searching the currency sheet filters the rows without resizing the list[jvm]","","2026-07-29","passed","2026-07-29","","SurferFormFieldTest[jvm]","com.georgeci.moneysurfer.ui.SurferFormFieldTest",""
"","11","category seed failure returns LocalWriteFailed and skips remote work and pin[jvm]","","2026-07-29","passed","2026-07-29","","CreateWorkspaceUseCaseTest[jvm]","com.georgeci.moneysurfer.domain.usecase.CreateWorkspaceUseCaseTest",""
"","5","sanitize drops letters and other stray characters[jvm]","","2026-07-29","passed","2026-07-29","","InitialBalanceInputTest[jvm]","com.georgeci.moneysurfer.feature.account.creation.InitialBalanceInputTest",""
"","185","the index the list query relies on is created with the column[jvm]","","2026-07-29","passed","2026-07-29","","TransactionSplitIdMigrationIT[jvm]","com.georgeci.moneysurfer.integration.repository.TransactionSplitIdMigrationIT",""
"","23","a double tap on Save creates the workspace only once[jvm]","","2026-07-29","passed","2026-07-29","","WorkspaceCreationViewModelTest[jvm]","com.georgeci.moneysurfer.feature.workspace.creation.WorkspaceCreationViewModelTest",""
"","8","the overlay outranks Local, so the UI keeps its value after the account wipe[jvm]","","2026-07-29","passed","2026-07-29","","LayeredConfigSpec[jvm]","com.georgeci.moneysurfer.appconfig.LayeredConfigSpec",""
"","2","a default pointing outside workspaceIds is not pinned just because it is the server's choice[jvm]","","2026-07-29","passed","2026-07-29","","PostAuthBootstrapUseCaseTest[jvm]","com.georgeci.moneysurfer.domain.usecase.PostAuthBootstrapUseCaseTest",""
"","1372","adding money records a positive contribution[jvm]","","2026-07-29","passed","2026-07-29","","GoalContributionViewModelTest[jvm]","com.georgeci.moneysurfer.feature.goal.contribution.GoalContributionViewModelTest",""
"","11","mid-pipeline cancel surfaces SyncCancelledException to the worker catch[jvm]","","2026-07-29","passed","2026-07-29","","SyncCoordinatorImplBranchSpec[jvm]","com.georgeci.moneysurfer.sync.coordinator.SyncCoordinatorImplBranchSpec",""
"","0","'.99' -> '.99'[jvm]","","2026-07-29","passed","2026-07-29","","AmountInputTransformationTest[jvm]","com.georgeci.moneysurfer.utils.AmountInputTransformationTest",""
"","18","reports progress with entityType and running position[jvm]","","2026-07-29","passed","2026-07-29","","UploadPendingChangesUseCaseImplSpec[jvm]","com.georgeci.moneysurfer.data.sync.UploadPendingChangesUseCaseImplSpec",""
"","20","a value the codec rejects stays visible as undecodable rather than being dropped[jvm]","","2026-07-29","passed","2026-07-29","","RemoteGlobalConfigSourceImplSpec[jvm]","com.georgeci.moneysurfer.appconfig.remote.RemoteGlobalConfigSourceImplSpec",""
"","274","composition renders with no display attached[jvm]","","2026-07-29","passed","2026-07-29","","SignInScreenStateTest[jvm]","com.georgeci.moneysurfer.ui.SignInScreenStateTest",""
"","6","warnings come before wins, and both before the neutral facts[jvm]","","2026-07-29","passed","2026-07-29","","InsightRulesTest[jvm]","com.georgeci.moneysurfer.domain.insight.InsightRulesTest",""
"","36","a provider-rejected address keeps its specific copy in the dialog[jvm]","","2026-07-29","passed","2026-07-29","","SignInViewModelTest[jvm]","com.georgeci.moneysurfer.feature.login.SignInViewModelTest",""
"","10","enqueue stores entity with PENDING status and roundtrips fields[jvm]","","2026-07-29","passed","2026-07-29","","PendingMutationQueueImplSpec[jvm]","com.georgeci.moneysurfer.sync.internal.repository.PendingMutationQueueImplSpec",""
"","20","writes workspace, member, default categories and pins it as current (no Firebase session)[jvm]","","2026-07-29","passed","2026-07-29","","CreateWorkspaceUseCaseTest[jvm]","com.georgeci.moneysurfer.domain.usecase.CreateWorkspaceUseCaseTest",""
"","18","a code round-trips unchanged[jvm]","","2026-07-29","passed","2026-07-29","","CurrencyCodeCodecTest[jvm]","com.georgeci.moneysurfer.data.config.CurrencyCodeCodecTest",""
"","65","owner with another ACTIVE member keeps the workspace and only leaves it[jvm]","","2026-07-29","passed","2026-07-29","","UserAccountDeletionRepositoryImplTest[jvm]","com.georgeci.moneysurfer.data.repository.UserAccountDeletionRepositoryImplTest",""
"","37","a workspace the device has not pulled yet has no currency to name the numbers in[jvm]","","2026-07-29","passed","2026-07-29","","GetBurnRateUseCaseTest[jvm]","com.georgeci.moneysurfer.domain.usecase.GetBurnRateUseCaseTest",""
"","182","recorded entries render with the clear action[jvm]","","2026-07-29","passed","2026-07-29","","DebugLogScreenStateTest[jvm]","com.georgeci.moneysurfer.ui.DebugLogScreenStateTest",""
"","24","each effect reaches exactly one destination[jvm]","","2026-07-29","passed","2026-07-29","","DashboardNavigationTest[jvm]","com.georgeci.moneysurfer.feature.dashboard.DashboardNavigationTest",""
"","42","an Undo built from nothing but the deleted id restores the row and the balance[jvm]","","2026-07-29","passed","2026-07-29","","DeleteUndoIntegrationIT[jvm]","com.georgeci.moneysurfer.integration.repository.DeleteUndoIntegrationIT",""
"","4","a double tap on the CTA only finishes the onboarding once[jvm]","","2026-07-29","passed","2026-07-29","","OnboardingViewModelTest[jvm]","com.georgeci.moneysurfer.feature.login.onboarding.OnboardingViewModelTest",""
"","5","recalc runs when downloadedCount > 0[jvm]","","2026-07-29","passed","2026-07-29","","SyncCoordinatorImplSpec[jvm]","com.georgeci.moneysurfer.sync.coordinator.SyncCoordinatorImplSpec",""
"","14","Debug beats Local[jvm]","","2026-07-29","passed","2026-07-29","","LayeredConfigSpec[jvm]","com.georgeci.moneysurfer.appconfig.LayeredConfigSpec",""
"","7","redactEmail returns a fixed marker for malformed input[jvm]","","2026-07-29","passed","2026-07-29","","PiiRedactionTest[jvm]","com.georgeci.moneysurfer.domain.logging.PiiRedactionTest",""
"","1","rejects same-account transfer[jvm]","","2026-07-29","passed","2026-07-29","","CreateTransferUseCaseTest[jvm]","com.georgeci.moneysurfer.domain.usecase.CreateTransferUseCaseTest",""
"","25","the income toggle is reflected in the saved category type[jvm]","","2026-07-29","passed","2026-07-29","","CategoryCreationViewModelTest[jvm]","com.georgeci.moneysurfer.feature.category.creation.CategoryCreationViewModelTest",""
"","6","ISO week numbering matches the calendar[jvm]","","2026-07-29","passed","2026-07-29","","TransactionPeriodWindowTest[jvm]","com.georgeci.moneysurfer.domain.util.TransactionPeriodWindowTest",""
"","1","fromMajor that overflows Long throws instead of wrapping[jvm]","","2026-07-29","passed","2026-07-29","","MoneyTest[jvm]","com.georgeci.moneysurfer.domain.primitives.MoneyTest",""
"","17","does not leak rows from another workspace[jvm]","","2026-07-29","passed","2026-07-29","","TransactionFtsIntegrationIT[jvm]","com.georgeci.moneysurfer.integration.repository.TransactionFtsIntegrationIT",""
"","14","a fresh store reports no session[jvm]","","2026-07-29","passed","2026-07-29","","SessionPointersImplJvmTest[jvm]","com.georgeci.moneysurfer.data.preferences.SessionPointersImplJvmTest",""
"","34","existing user with explicit defaultWorkspaceId is preserved[jvm]","","2026-07-29","passed","2026-07-29","","PostAuthBootstrapUseCaseTest[jvm]","com.georgeci.moneysurfer.domain.usecase.PostAuthBootstrapUseCaseTest",""
"","95","an oversized source is rejected without being fully read into memory[jvm]","","2026-07-29","passed","2026-07-29","","ImportTransactionsValidationTest[jvm]","com.georgeci.moneysurfer.domain.csv.ImportTransactionsValidationTest",""
"","82","uuid generates unique values[jvm]","","2026-07-29","passed","2026-07-29","","SyncRequestIdSpec[jvm]","com.georgeci.moneysurfer.sync.api.SyncRequestIdSpec",""
"","27","a cap zeroed out on an existing category deletes the backing budget[jvm]","","2026-07-29","passed","2026-07-29","","CategoryCreationViewModelTest[jvm]","com.georgeci.moneysurfer.feature.category.creation.CategoryCreationViewModelTest",""
"","2","eligibleParents excludes the other type and system categories[jvm]","","2026-07-29","passed","2026-07-29","","CategoryTreeTest[jvm]","com.georgeci.moneysurfer.domain.model.CategoryTreeTest",""
"","70","first-run save adopts the picked currency as the workspace base currency and lands on Dashboard[jvm]","","2026-07-29","passed","2026-07-29","","AccountCreationViewModelTest[jvm]","com.georgeci.moneysurfer.feature.account.creation.AccountCreationViewModelTest",""
"","1486","every id: selector in a Maestro flow resolves to a testTag declared in Kotlin[jvm]","","2026-07-29","passed","2026-07-29","","MaestroFlowSelectorTest[jvm]","com.georgeci.moneysurfer.utils.MaestroFlowSelectorTest",""
"","47","the picked icon, colour and parent are persisted[jvm]","","2026-07-29","passed","2026-07-29","","CategoryCreationViewModelTest[jvm]","com.georgeci.moneysurfer.feature.category.creation.CategoryCreationViewModelTest",""
"","48","OnDeleteConfirm removes the account and shows a snackbar[jvm]","","2026-07-29","passed","2026-07-29","","AccountsManageViewModelTest[jvm]","com.georgeci.moneysurfer.feature.account.manage.AccountsManageViewModelTest",""
"","25","a pulled workspace stubs its owner so the foreign key holds on a fresh device[jvm]","","2026-07-29","passed","2026-07-29","","WorkspaceTreeSyncPluginIT[jvm]","com.georgeci.moneysurfer.integration.plugin.WorkspaceTreeSyncPluginIT",""
"","8","setCursor inserts a fresh row when none exists[jvm]","","2026-07-29","passed","2026-07-29","","SyncMetaRepositoryImplSpec[jvm]","com.georgeci.moneysurfer.sync.internal.repository.SyncMetaRepositoryImplSpec",""
"","16","an account-scoped screen hides the account picker[jvm]","","2026-07-29","passed","2026-07-29","","TransactionFiltersViewModelTest[jvm]","com.georgeci.moneysurfer.feature.transaction.filters.TransactionFiltersViewModelTest",""
"","3","mergeScope ActiveWorkspace above ChangedSinceLastSync and UploadOnly[jvm]","","2026-07-29","passed","2026-07-29","","SyncScopeSpec[jvm]","com.georgeci.moneysurfer.sync.api.SyncScopeSpec",""
"","15","an amount with two decimal separators blocks save and exposes an inline error[jvm]","","2026-07-29","passed","2026-07-29","","TransactionCreationSaveTest[jvm]","com.georgeci.moneysurfer.feature.transaction.creation.TransactionCreationSaveTest",""
"","40","a cap with cents survives the round-trip through the field[jvm]","","2026-07-29","passed","2026-07-29","","CategoryCreationViewModelTest[jvm]","com.georgeci.moneysurfer.feature.category.creation.CategoryCreationViewModelTest",""
"","9","no remote calls when no Firebase uid (demo session)[jvm]","","2026-07-29","passed","2026-07-29","","CreateWorkspaceUseCaseTest[jvm]","com.georgeci.moneysurfer.domain.usecase.CreateWorkspaceUseCaseTest",""
"","8","ConflictResolution.Skip is a singleton[jvm]","","2026-07-29","passed","2026-07-29","","ConflictResolverSpec[jvm]","com.georgeci.moneysurfer.sync.repository.ConflictResolverSpec",""
"","7","extra fields stop being addable at the storage limit[jvm]","","2026-07-29","passed","2026-07-29","","AccountCreationStateTest[jvm]","com.georgeci.moneysurfer.feature.account.creation.AccountCreationStateTest",""
"","24","aborts without seeding when the demo login fails[jvm]","","2026-07-29","passed","2026-07-29","","OfflineFirstRunSeederTest[jvm]","com.georgeci.moneysurfer.offline.firstrun.OfflineFirstRunSeederTest",""
"","6","pull progress emits PullingCollection into running state[jvm]","","2026-07-29","passed","2026-07-29","","SyncCoordinatorImplBranchSpec[jvm]","com.georgeci.moneysurfer.sync.coordinator.SyncCoordinatorImplBranchSpec",""
"","14","release builds mute everything below Warn[jvm]","","2026-07-29","passed","2026-07-29","","LoggingConfigTest[jvm]","com.georgeci.moneysurfer.domain.logging.LoggingConfigTest",""
"","19","user CANNOT self-set status to REMOVED","","2026-07-29","passed","2026-07-29","","workspaces/{wid}/members/{uid}","workspaces/{wid}/members/{uid} user CANNOT self-set status to REMOVED",""
"","96","live coordinator state and the last outcome both reach the screen[jvm]","","2026-07-29","passed","2026-07-29","","SyncViewModelTest[jvm]","com.georgeci.moneysurfer.feature.settings.sync.SyncViewModelTest",""
"","5","grid search trims whitespace and ignores case[jvm]","","2026-07-29","passed","2026-07-29","","CategoryPickerRowsTest[jvm]","com.georgeci.moneysurfer.feature.category.picker.CategoryPickerRowsTest",""
"","13","the toolbar back action pops the screen[jvm]","","2026-07-29","passed","2026-07-29","","WorkspaceSelectorViewModelTest[jvm]","com.georgeci.moneysurfer.feature.workspace.selector.WorkspaceSelectorViewModelTest",""
"","24","an unknown key name is ignored and never mirrored[jvm]","","2026-07-29","passed","2026-07-29","","RemoteGlobalConfigSourceImplSpec[jvm]","com.georgeci.moneysurfer.appconfig.remote.RemoteGlobalConfigSourceImplSpec",""
"","8","updating a missing goal is rejected[jvm]","","2026-07-29","passed","2026-07-29","","SavingsGoalUseCaseTest[jvm]","com.georgeci.moneysurfer.domain.usecase.SavingsGoalUseCaseTest",""
"","2","a route pushed with no arguments restores with its defaults[jvm]","","2026-07-29","passed","2026-07-29","","RouteSerializationTest[jvm]","com.georgeci.moneysurfer.navigation.RouteSerializationTest",""
"","5","yearly clamping does not accumulate — Feb 29 returns in the next leap year[jvm]","","2026-07-29","passed","2026-07-29","","BudgetPeriodWindowTest[jvm]","com.georgeci.moneysurfer.domain.util.BudgetPeriodWindowTest",""
"","1","set merge picks smallest bounded timeout[jvm]","","2026-07-29","passed","2026-07-29","","NetworkWaitModeSpec[jvm]","com.georgeci.moneysurfer.sync.network.NetworkWaitModeSpec",""
"","3","Failed title carries error[jvm]","","2026-07-29","passed","2026-07-29","","SyncStepSpec[jvm]","com.georgeci.moneysurfer.sync.api.SyncStepSpec",""
"","2","the rest of a budget survives the round trip[jvm]","","2026-07-29","passed","2026-07-29","","WorkspaceScopedDtoMapperSpec[jvm]","com.georgeci.moneysurfer.data.sync.WorkspaceScopedDtoMapperSpec",""
"","12","day sets convert between CSV columns and wire lists[jvm]","","2026-07-29","passed","2026-07-29","","RecurringRuleDtoMapperSpec[jvm]","com.georgeci.moneysurfer.data.sync.RecurringRuleDtoMapperSpec",""
"","1","scheduleOneShot uses default constraints when none supplied[jvm]","","2026-07-29","passed","2026-07-29","","BackgroundSyncSchedulerSpec[jvm]","com.georgeci.moneysurfer.sync.scheduler.BackgroundSyncSchedulerSpec",""
"","1100","on a phone the pill follows the host's card-style build key[jvm]","","2026-07-29","passed","2026-07-29","","DashboardCustomizeScreenStateTest[jvm]","com.georgeci.moneysurfer.ui.DashboardCustomizeScreenStateTest",""
"","8","a zero contribution is rejected[jvm]","","2026-07-29","passed","2026-07-29","","GoalContributionUseCaseTest[jvm]","com.georgeci.moneysurfer.domain.usecase.GoalContributionUseCaseTest",""
"","30","the goal and workspace streams both carry the stored rows[jvm]","","2026-07-29","passed","2026-07-29","","GoalContributionRepositoryImplJvmTest[jvm]","com.georgeci.moneysurfer.data.repository.GoalContributionRepositoryImplJvmTest",""
"","17","a single-category budget reaches the row it caps as a formatted limit and a status[jvm]","","2026-07-29","passed","2026-07-29","","DashboardSpentByCategoryViewModelTest[jvm]","com.georgeci.moneysurfer.feature.dashboard.DashboardSpentByCategoryViewModelTest",""
"","23","syncWorkspace still switches the active workspace when sync is disabled[jvm]","","2026-07-29","passed","2026-07-29","","SyncCoordinatorWorkspaceSyncerSpec[jvm]","com.georgeci.moneysurfer.data.sync.SyncCoordinatorWorkspaceSyncerSpec",""
"","207","a drag that never leaves the row it started on asks for nothing[jvm]","","2026-07-29","passed","2026-07-29","","DashboardCustomizeScreenStateTest[jvm]","com.georgeci.moneysurfer.ui.DashboardCustomizeScreenStateTest",""
"","46","imported expense adjusts the cached account balance[jvm]","","2026-07-29","passed","2026-07-29","","CsvBackupIntegrationIT[jvm]","com.georgeci.moneysurfer.integration.repository.CsvBackupIntegrationIT",""
"","186","the period switch sits above the widgets with the current span selected[jvm]","","2026-07-29","passed","2026-07-29","","DashboardScreenStateTest[jvm]","com.georgeci.moneysurfer.ui.DashboardScreenStateTest",""
"","53","a 840 dp tablet window at 2x density reports Expanded[jvm]","","2026-07-29","passed","2026-07-29","","SurferWindowSizeCompositionTest[jvm]","com.georgeci.moneysurfer.ui.SurferWindowSizeCompositionTest",""
"","17","CancellationException maps to Cancelled[jvm]","","2026-07-29","passed","2026-07-29","","SyncErrorClassifierSpec[jvm]","com.georgeci.moneysurfer.data.sync.SyncErrorClassifierSpec",""
"","1","fromMajor composes units and cents exactly[jvm]","","2026-07-29","passed","2026-07-29","","MoneyTest[jvm]","com.georgeci.moneysurfer.domain.primitives.MoneyTest",""
"","34","the daily series sums a day's rows and skips the days without any[jvm]","","2026-07-29","passed","2026-07-29","","SpendAnalyticsRepositoryImplJvmTest[jvm]","com.georgeci.moneysurfer.data.repository.SpendAnalyticsRepositoryImplJvmTest",""
"","37","attacker CANNOT self-create by pointing at an invite addressed to someone else","","2026-07-29","passed","2026-07-29","","workspaces/{wid}/members/{uid}","workspaces/{wid}/members/{uid} attacker CANNOT self-create by pointing at an invite addressed to someone else",""
"","60","toggling on seeds the minimum a split is, carrying the form's category into the first line[jvm]","","2026-07-29","passed","2026-07-29","","TransactionCreationSplitEditingTest[jvm]","com.georgeci.moneysurfer.feature.transaction.creation.TransactionCreationSplitEditingTest",""
"","8","pending excludes IN_FLIGHT rows after markInFlight[jvm]","","2026-07-29","passed","2026-07-29","","PendingMutationQueueImplSpec[jvm]","com.georgeci.moneysurfer.sync.internal.repository.PendingMutationQueueImplSpec",""
"","24","all account types resolve to distinct resources[jvm]","","2026-07-29","passed","2026-07-29","","AccountTypeLabelTest[jvm]","com.georgeci.moneysurfer.feature.account.AccountTypeLabelTest",""
"","28","the type filter narrows the list without touching the period summary[jvm]","","2026-07-29","passed","2026-07-29","","TransactionsByAccountFilteringTest[jvm]","com.georgeci.moneysurfer.feature.transaction.list.TransactionsByAccountFilteringTest",""
"","632","empty plaintext round-trips[jvm]","","2026-07-29","passed","2026-07-29","","EncryptedBackupCodecTest[jvm]","com.georgeci.moneysurfer.data.backup.EncryptedBackupCodecTest",""
"","2","a pinned workspace that is not in the list yet leaves the line blank[jvm]","","2026-07-29","passed","2026-07-29","","ShellIdentityTest[jvm]","com.georgeci.moneysurfer.navigation.ShellIdentityTest",""
"","38","a contribution is pushed to the workspace's goalContributions collection[jvm]","","2026-07-29","passed","2026-07-29","","GoalSyncPluginIT[jvm]","com.georgeci.moneysurfer.integration.plugin.GoalSyncPluginIT",""
"","42","the categorized list query carries the new fields too[jvm]","","2026-07-29","passed","2026-07-29","","TransactionDetailFieldsIntegrationIT[jvm]","com.georgeci.moneysurfer.integration.repository.TransactionDetailFieldsIntegrationIT",""
"","21","sender cannot touch any other field alongside invitedWorkspaceIds","","2026-07-29","passed","2026-07-29","","users/{uid} — invitedWorkspaceIds cross-user append","users/{uid} — invitedWorkspaceIds cross-user append sender cannot touch any other field alongside invitedWorkspaceIds",""
"","20","the amount bounds compare against the magnitude, not the sign[jvm]","","2026-07-29","passed","2026-07-29","","TransactionsByAccountFilteringTest[jvm]","com.georgeci.moneysurfer.feature.transaction.list.TransactionsByAccountFilteringTest",""
"","2","addConflicts accumulates conflictCount[jvm]","","2026-07-29","passed","2026-07-29","","SyncSummaryBuilderSpec[jvm]","com.georgeci.moneysurfer.sync.api.SyncSummaryBuilderSpec",""
"","35","an insert writes the row under the workspace's transactions collection[jvm]","","2026-07-29","passed","2026-07-29","","TransactionSyncPluginIT[jvm]","com.georgeci.moneysurfer.integration.plugin.TransactionSyncPluginIT",""
"","70","save persists the filled extra details and drops the ones left empty[jvm]","","2026-07-29","passed","2026-07-29","","AccountCreationViewModelTest[jvm]","com.georgeci.moneysurfer.feature.account.creation.AccountCreationViewModelTest",""
"","12","offline build offers only the demo sign-in entry point[jvm]","","2026-07-29","passed","2026-07-29","","OfflineConfigGraphTest[jvm]","com.georgeci.moneysurfer.offline.di.OfflineConfigGraphTest",""
"","2","an already-pushed setting is not queued again[jvm]","","2026-07-29","passed","2026-07-29","","SyncedSettingsSessionImplJvmTest[jvm]","com.georgeci.moneysurfer.data.config.SyncedSettingsSessionImplJvmTest",""
"","11","a failed write leaves the held value in place rather than dropping to the default[jvm]","","2026-07-29","passed","2026-07-29","","LayeredConfigSpec[jvm]","com.georgeci.moneysurfer.appconfig.LayeredConfigSpec",""
"","36","user can delete the mapping pointing at their own uid","","2026-07-29","passed","2026-07-29","","userEmails/{email}","userEmails/{email} user can delete the mapping pointing at their own uid",""
"","31","unknown frequency and policy names degrade to the defaults[jvm]","","2026-07-29","passed","2026-07-29","","RecurringRuleRepositoryImplJvmTest[jvm]","com.georgeci.moneysurfer.data.repository.RecurringRuleRepositoryImplJvmTest",""
"","7","'1.2.3' (multiple dots)[jvm]","","2026-07-29","passed","2026-07-29","","AmountInputTransformationTest[jvm]","com.georgeci.moneysurfer.utils.AmountInputTransformationTest",""
"","14","the day's net counts every leg, not just the one standing for the group[jvm]","","2026-07-29","passed","2026-07-29","","TransactionsListSplitTest[jvm]","com.georgeci.moneysurfer.feature.transaction.list.TransactionsListSplitTest",""
"","9","a blank field shows no error but does not validate[jvm]","","2026-07-29","passed","2026-07-29","","TransactionAmountInputTest[jvm]","com.georgeci.moneysurfer.feature.transaction.creation.TransactionAmountInputTest",""
"","193","re-initing on the id already on screen does not clobber an edit in progress[jvm]","","2026-07-29","passed","2026-07-29","","WorkspaceCreationViewModelTest[jvm]","com.georgeci.moneysurfer.feature.workspace.creation.WorkspaceCreationViewModelTest",""
"","1","the pace tick is the share of the window already behind us, today excluded[jvm]","","2026-07-29","passed","2026-07-29","","SafeToSpendTest[jvm]","com.georgeci.moneysurfer.domain.model.SafeToSpendTest",""
"","5","isEnabled returns true when firebaseUid is non-empty[jvm]","","2026-07-29","passed","2026-07-29","","OutboxEnqueuerSpec[jvm]","com.georgeci.moneysurfer.data.sync.OutboxEnqueuerSpec",""
"","24","a confirmed reset with sync off still clears the cursors but requests no sync[jvm]","","2026-07-29","passed","2026-07-29","","SyncViewModelTest[jvm]","com.georgeci.moneysurfer.feature.settings.sync.SyncViewModelTest",""
"","1","the subscription count does not wait for the sample — it reads the schedules, not the window[jvm]","","2026-07-29","passed","2026-07-29","","InsightRulesTest[jvm]","com.georgeci.moneysurfer.domain.insight.InsightRulesTest",""
"","18","rejects a non-integer updatedAt","","2026-07-29","passed","2026-07-29","","users/{uid}/config/{key}","users/{uid}/config/{key} rejects a non-integer updatedAt",""
"","9","valid stored ISO is preserved[jvm]","","2026-07-29","passed","2026-07-29","","ResolveLegacyOperationDateTest[jvm]","com.georgeci.moneysurfer.data.repository.ResolveLegacyOperationDateTest",""
"","42","a config that could not be read leaves the build supported[jvm]","","2026-07-29","passed","2026-07-29","","AppVersionGateImplTest[jvm]","com.georgeci.moneysurfer.data.repository.AppVersionGateImplTest",""
"","0","epochMillis=0[jvm]","","2026-07-29","passed","2026-07-29","","TimeFormatterTest[jvm]","com.georgeci.moneysurfer.data.repository.TimeFormatterTest",""
"","18","a gate document that was never published reads as no config[jvm]","","2026-07-29","passed","2026-07-29","","AppConfigRepositoryImplTest[jvm]","com.georgeci.moneysurfer.data.repository.AppConfigRepositoryImplTest",""
"","52","an undecodable document is skipped rather than taking the pull down[jvm]","","2026-07-29","passed","2026-07-29","","AccountSyncPluginIT[jvm]","com.georgeci.moneysurfer.integration.plugin.AccountSyncPluginIT",""
"","1","the average is the week's total over seven days, whatever the query left out[jvm]","","2026-07-29","passed","2026-07-29","","BurnRateTest[jvm]","com.georgeci.moneysurfer.domain.model.BurnRateTest",""
"","1","an error without a throwable only leaves a breadcrumb[jvm]","","2026-07-29","passed","2026-07-29","","CrashReportingLogWriterTest[jvm]","com.georgeci.moneysurfer.domain.telemetry.CrashReportingLogWriterTest",""
"","158","strings.xml files are discovered[jvm]","","2026-07-29","passed","2026-07-29","","StringResourcePlaceholderTest[jvm]","com.georgeci.moneysurfer.utils.StringResourcePlaceholderTest",""
"","2","ConflictResolver implementation can be invoked[jvm]","","2026-07-29","passed","2026-07-29","","ConflictResolverSpec[jvm]","com.georgeci.moneysurfer.sync.repository.ConflictResolverSpec",""
"","4","shutdown cancels coordinator first, then scheduler[jvm]","","2026-07-29","passed","2026-07-29","","SessionShutdownGateImplSpec[jvm]","com.georgeci.moneysurfer.sync.internal.SessionShutdownGateImplSpec",""
"","20","a denied user-scoped collection is skipped instead of failing the pull[jvm]","","2026-07-29","passed","2026-07-29","","PullRemoteChangesUseCaseImplSpec[jvm]","com.georgeci.moneysurfer.data.sync.PullRemoteChangesUseCaseImplSpec",""
"","10","savedAmount is zero for a goal with no contributions[jvm]","","2026-07-29","passed","2026-07-29","","GoalRepositoryDualWriteSpec[jvm]","com.georgeci.moneysurfer.data.repository.GoalRepositoryDualWriteSpec",""
"","54","online build layer declares every host key[jvm]","","2026-07-29","passed","2026-07-29","","OnlineConfigGraphTest[jvm]","com.georgeci.moneysurfer.di.OnlineConfigGraphTest",""
"","9","archive flips archived flag[jvm]","","2026-07-29","passed","2026-07-29","","ArchiveAccountUseCaseTest[jvm]","com.georgeci.moneysurfer.domain.usecase.ArchiveAccountUseCaseTest",""
"","4","blank -> null[jvm]","","2026-07-29","passed","2026-07-29","","TimeFormatterTest[jvm]","com.georgeci.moneysurfer.data.repository.TimeFormatterTest",""
"","133","a resolved session names the user and the workspace[jvm]","","2026-07-29","passed","2026-07-29","","AppShellViewModelTest[jvm]","com.georgeci.moneysurfer.navigation.AppShellViewModelTest",""
"","19","tapping Undo on the archive snackbar restores the account[jvm]","","2026-07-29","passed","2026-07-29","","AccountsManageViewModelTest[jvm]","com.georgeci.moneysurfer.feature.account.manage.AccountsManageViewModelTest",""
"","9","redactEmail masks local part and domain but keeps a correlation hint[jvm]","","2026-07-29","passed","2026-07-29","","PiiRedactionTest[jvm]","com.georgeci.moneysurfer.domain.logging.PiiRedactionTest",""
"","2","a leg carrying no money is refused[jvm]","","2026-07-29","passed","2026-07-29","","CreateSplitTransactionUseCaseTest[jvm]","com.georgeci.moneysurfer.domain.usecase.CreateSplitTransactionUseCaseTest",""
"","4","workspace root document is applied before subcollection plugins[jvm]","","2026-07-29","passed","2026-07-29","","PullRemoteChangesUseCaseImplSpec[jvm]","com.georgeci.moneysurfer.data.sync.PullRemoteChangesUseCaseImplSpec",""
"","46","invited user CAN self-create when the doc points at their PENDING invite","","2026-07-29","passed","2026-07-29","","workspaces/{wid}/members/{uid}","workspaces/{wid}/members/{uid} invited user CAN self-create when the doc points at their PENDING invite",""
"","0","SettingsSync[jvm]","","2026-07-29","passed","2026-07-29","","RouteSerializationTest[jvm]","com.georgeci.moneysurfer.navigation.RouteSerializationTest",""
"","6","every period is bounded — the dashboard offers no all-time span[jvm]","","2026-07-29","passed","2026-07-29","","DashboardPeriodTest[jvm]","com.georgeci.moneysurfer.domain.dashboard.DashboardPeriodTest",""
"","9","Idle is a singleton object[jvm]","","2026-07-29","passed","2026-07-29","","SyncStateSpec[jvm]","com.georgeci.moneysurfer.sync.api.SyncStateSpec",""
"","4","clearing a key that was never used is a no-op[jvm]","","2026-07-29","passed","2026-07-29","","NavEntryViewModelStoreHolderTest[jvm]","com.georgeci.moneysurfer.navigation.util.NavEntryViewModelStoreHolderTest",""
"","3","arbitrary throwable maps to Unknown carrying the cause[jvm]","","2026-07-29","passed","2026-07-29","","SyncErrorClassifierSpec[jvm]","com.georgeci.moneysurfer.sync.internal.SyncErrorClassifierSpec",""
"","3","the default is drawn from the catalogue, never invented[jvm]","","2026-07-29","passed","2026-07-29","","CategoryAppearanceTest[jvm]","com.georgeci.moneysurfer.domain.model.CategoryAppearanceTest",""
"","0","all time is unbounded and contains everything[jvm]","","2026-07-29","passed","2026-07-29","","TransactionPeriodWindowTest[jvm]","com.georgeci.moneysurfer.domain.util.TransactionPeriodWindowTest",""
"","10","deleting an id that is not there returns nothing, so no Undo is offered[jvm]","","2026-07-29","passed","2026-07-29","","DeleteTransactionUseCaseTest[jvm]","com.georgeci.moneysurfer.domain.usecase.DeleteTransactionUseCaseTest",""
"","33","client cannot write the flag document (Console-only)","","2026-07-29","passed","2026-07-29","","appConfig/{docId}","appConfig/{docId} client cannot write the flag document (Console-only)",""
"","20","stranger cannot read someone else's invite by direct id","","2026-07-29","passed","2026-07-29","","invites — read","invites — read stranger cannot read someone else's invite by direct id",""
"","11","a split leg whose siblings never arrived renders as an ordinary transaction[jvm]","","2026-07-29","passed","2026-07-29","","TransactionDetailsViewModelTest[jvm]","com.georgeci.moneysurfer.feature.transaction.details.TransactionDetailsViewModelTest",""
"","13","with nothing stored the key default wins and no layer is named[jvm]","","2026-07-29","passed","2026-07-29","","LayeredConfigSpec[jvm]","com.georgeci.moneysurfer.appconfig.LayeredConfigSpec",""
"","6","the projection adds the average for every day still ahead, today excluded[jvm]","","2026-07-29","passed","2026-07-29","","BurnRateTest[jvm]","com.georgeci.moneysurfer.domain.model.BurnRateTest",""
"","62","the first refresh fetches and caches the provider's table[jvm]","","2026-07-29","passed","2026-07-29","","ExchangeRateRepositoryImplJvmTest[jvm]","com.georgeci.moneysurfer.data.repository.ExchangeRateRepositoryImplJvmTest",""
"","16","a user cannot read another user's settings","","2026-07-29","passed","2026-07-29","","users/{uid}/config/{key}","users/{uid}/config/{key} a user cannot read another user's settings",""
"","22","rejects a goal whose nullable accountId has a wrong non-null type","","2026-07-29","passed","2026-07-29","","savings goals (issue #244)","savings goals (issue #244) rejects a goal whose nullable accountId has a wrong non-null type",""
"","37","enqueue then pending() returns the row in createdAt order[jvm]","","2026-07-29","passed","2026-07-29","","PendingMutationQueueIntegrationIT[jvm]","com.georgeci.moneysurfer.integration.sync.PendingMutationQueueIntegrationIT",""
"","7","workspace the pull did not hydrate is never pinned[jvm]","","2026-07-29","passed","2026-07-29","","PostAuthBootstrapUseCaseTest[jvm]","com.georgeci.moneysurfer.domain.usecase.PostAuthBootstrapUseCaseTest",""
"","35","rejects a contribution whose amount is a string","","2026-07-29","passed","2026-07-29","","savings goals (issue #244)","savings goals (issue #244) rejects a contribution whose amount is a string",""
"","21","a backup written by the pre-#260 build imports with the new fields defaulted[jvm]","","2026-07-29","passed","2026-07-29","","ExportImportTransactionsUseCaseTest[jvm]","com.georgeci.moneysurfer.domain.csv.ExportImportTransactionsUseCaseTest",""
"","7","weekly window is the 7 days anchored on the start date's weekday[jvm]","","2026-07-29","passed","2026-07-29","","BudgetPeriodWindowTest[jvm]","com.georgeci.moneysurfer.domain.util.BudgetPeriodWindowTest",""
"","5","a half-typed amount is taken at face value while the user keeps typing[jvm]","","2026-07-29","passed","2026-07-29","","TransactionCreationSplitEditingTest[jvm]","com.georgeci.moneysurfer.feature.transaction.creation.TransactionCreationSplitEditingTest",""
"","15","tapping Undo restores the deleted transaction[jvm]","","2026-07-29","passed","2026-07-29","","TransactionDetailsViewModelTest[jvm]","com.georgeci.moneysurfer.feature.transaction.details.TransactionDetailsViewModelTest",""
"","7","skipping keeps the recommended cash default and still completes the onboarding[jvm]","","2026-07-29","passed","2026-07-29","","OnboardingViewModelTest[jvm]","com.georgeci.moneysurfer.feature.login.onboarding.OnboardingViewModelTest",""
"","5","cursor returns null when no row exists[jvm]","","2026-07-29","passed","2026-07-29","","SyncMetaRepositoryImplSpec[jvm]","com.georgeci.moneysurfer.sync.internal.repository.SyncMetaRepositoryImplSpec",""
"","7","the offline build renders as demo-only[jvm]","","2026-07-29","passed","2026-07-29","","SignInViewModelTest[jvm]","com.georgeci.moneysurfer.feature.login.SignInViewModelTest",""
"","28","saving an edit to a row deleted underneath it restores the row instead of colliding[jvm]","","2026-07-29","passed","2026-07-29","","TransactionSoftDeleteIntegrationIT[jvm]","com.georgeci.moneysurfer.integration.repository.TransactionSoftDeleteIntegrationIT",""
"","229","an overspent category states the cap it passed rather than reading as headroom[jvm]","","2026-07-29","passed","2026-07-29","","DashboardScreenStateTest[jvm]","com.georgeci.moneysurfer.ui.DashboardScreenStateTest",""
"","0","Goals[jvm]","","2026-07-29","passed","2026-07-29","","RouteSerializationTest[jvm]","com.georgeci.moneysurfer.navigation.RouteSerializationTest",""
"","6","a first period has nothing to compare against[jvm]","","2026-07-29","passed","2026-07-29","","InsightRulesTest[jvm]","com.georgeci.moneysurfer.domain.insight.InsightRulesTest",""
"","193","save with non-zero balance also creates an OPENING_BALANCE transaction in the selected currency[jvm]","","2026-07-29","passed","2026-07-29","","AccountCreationViewModelTest[jvm]","com.georgeci.moneysurfer.feature.account.creation.AccountCreationViewModelTest",""
"","27","emits null while no workspace is selected[jvm]","","2026-07-29","passed","2026-07-29","","GetExchangeRatesUseCaseTest[jvm]","com.georgeci.moneysurfer.domain.usecase.GetExchangeRatesUseCaseTest",""
"","330","tampering with the sealed payload surfaces WrongPassphrase[jvm]","","2026-07-29","passed","2026-07-29","","BackupEncryptedRoundTripJvmTest[jvm]","com.georgeci.moneysurfer.data.backup.BackupEncryptedRoundTripJvmTest",""
"","55","UploadingEntity title carries entity, current, total[jvm]","","2026-07-29","passed","2026-07-29","","SyncStepSpec[jvm]","com.georgeci.moneysurfer.sync.api.SyncStepSpec",""
"","6","PUSH order is workspace → members → invites → accounts → categories → transactions[jvm]","","2026-07-29","passed","2026-07-29","","SyncStepOrderTest[jvm]","com.georgeci.moneysurfer.domain.model.SyncStepOrderTest",""
"","11","a device-scoped key never reaches config_entry[jvm]","","2026-07-29","passed","2026-07-29","","LocalConfigSourceImplJvmTest[jvm]","com.georgeci.moneysurfer.data.config.LocalConfigSourceImplJvmTest",""
"","14","a member with no joinable invite is pushed without one[jvm]","","2026-07-29","passed","2026-07-29","","WorkspaceTreeSyncPluginIT[jvm]","com.georgeci.moneysurfer.integration.plugin.WorkspaceTreeSyncPluginIT",""
"","4","format large amount[jvm]","","2026-07-29","passed","2026-07-29","","MoneyFormatterTest[jvm]","com.georgeci.moneysurfer.domain.MoneyFormatterTest",""
"","13","spent-by-category stays empty with no spend, so the widget can say the month is bare[jvm]","","2026-07-29","passed","2026-07-29","","DashboardSpentByCategoryViewModelTest[jvm]","com.georgeci.moneysurfer.feature.dashboard.DashboardSpentByCategoryViewModelTest",""
"","10","a renderable palette passes through untouched[jvm]","","2026-07-29","passed","2026-07-29","","ConfigFacadesJvmTest[jvm]","com.georgeci.moneysurfer.data.config.ConfigFacadesJvmTest",""
"","11","UploadOnly scope skips pull and recalc[jvm]","","2026-07-29","passed","2026-07-29","","SyncCoordinatorImplSpec[jvm]","com.georgeci.moneysurfer.sync.coordinator.SyncCoordinatorImplSpec",""
"","49","a category that jumped past the threshold reads as a warning[jvm]","","2026-07-29","passed","2026-07-29","","InsightRulesTest[jvm]","com.georgeci.moneysurfer.domain.insight.InsightRulesTest",""
"","61","rejects a poison update of an existing category (hue as string)","","2026-07-29","passed","2026-07-29","","entity write-shape validation (issue #156)","entity write-shape validation (issue #156) rejects a poison update of an existing category (hue as string)",""
"","9","cancellation mid-batch completes the pushed prefix and re-queues the rest as cancelled[jvm]","","2026-07-29","passed","2026-07-29","","UploadPendingChangesUseCaseImplSpec[jvm]","com.georgeci.moneysurfer.data.sync.UploadPendingChangesUseCaseImplSpec",""
"","53","enqueue persists a row with PENDING status[jvm]","","2026-07-29","passed","2026-07-29","","PendingMutationQueueImplSpec[jvm]","com.georgeci.moneysurfer.data.sync.PendingMutationQueueImplSpec",""
"","18","no signed-in user degrades to the generic error instead of navigating on[jvm]","","2026-07-29","passed","2026-07-29","","WorkspaceCreationViewModelTest[jvm]","com.georgeci.moneysurfer.feature.workspace.creation.WorkspaceCreationViewModelTest",""
"","33","signing out clears the session and returns to sign-in[jvm]","","2026-07-29","passed","2026-07-29","","WorkspaceSelectorViewModelTest[jvm]","com.georgeci.moneysurfer.feature.workspace.selector.WorkspaceSelectorViewModelTest",""
"","0","shifting a month backwards crosses the year boundary[jvm]","","2026-07-29","passed","2026-07-29","","TransactionPeriodWindowTest[jvm]","com.georgeci.moneysurfer.domain.util.TransactionPeriodWindowTest",""
"","23","insert + getById round-trips all columns including snapshots[jvm]","","2026-07-29","passed","2026-07-29","","WorkspaceInviteRepositoryIntegrationIT[jvm]","com.georgeci.moneysurfer.integration.repository.WorkspaceInviteRepositoryIntegrationIT",""
"","25","rejects the issue scenario: transaction amount as a string","","2026-07-29","passed","2026-07-29","","entity write-shape validation (issue #156)","entity write-shape validation (issue #156) rejects the issue scenario: transaction amount as a string",""
"","3","a user id with no matching row still falls back to the email[jvm]","","2026-07-29","passed","2026-07-29","","ShellIdentityTest[jvm]","com.georgeci.moneysurfer.navigation.ShellIdentityTest",""
"","53","an invite is pushed to the workspace's invites collection[jvm]","","2026-07-29","passed","2026-07-29","","WorkspaceTreeSyncPluginIT[jvm]","com.georgeci.moneysurfer.integration.plugin.WorkspaceTreeSyncPluginIT",""
"","1","WorkspaceMemberActions[jvm]","","2026-07-29","passed","2026-07-29","","RouteSerializationTest[jvm]","com.georgeci.moneysurfer.navigation.RouteSerializationTest",""
"","1","a split leg's group id round-trips through the wire format[jvm]","","2026-07-29","passed","2026-07-29","","TransactionDtoMapperSpec[jvm]","com.georgeci.moneysurfer.data.sync.TransactionDtoMapperSpec",""
"","9","enqueueUpsert rejects DELETE — must call enqueueDelete instead[jvm]","","2026-07-29","passed","2026-07-29","","OutboxEnqueuerImplSpec[jvm]","com.georgeci.moneysurfer.sync.repository.OutboxEnqueuerImplSpec",""
"","92","a request that started while sync was enabled is not retried once it is disabled[jvm]","","2026-07-29","passed","2026-07-29","","SyncCoordinatorWorkspaceSyncerSpec[jvm]","com.georgeci.moneysurfer.data.sync.SyncCoordinatorWorkspaceSyncerSpec",""
"","9","picking a category for a line leaves the form's own category alone[jvm]","","2026-07-29","passed","2026-07-29","","TransactionCreationSplitTest[jvm]","com.georgeci.moneysurfer.feature.transaction.creation.TransactionCreationSplitTest",""
"","0","epochMillis=1700000000000[jvm]","","2026-07-29","passed","2026-07-29","","TimeFormatterTest[jvm]","com.georgeci.moneysurfer.data.repository.TimeFormatterTest",""
"","2","delete unwinds impact and removes the row[jvm]","","2026-07-29","passed","2026-07-29","","ApplyTransactionChangeUseCaseTest[jvm]","com.georgeci.moneysurfer.domain.usecase.ApplyTransactionChangeUseCaseTest",""
"","0","WorkspaceCreation[jvm]","","2026-07-29","passed","2026-07-29","","RouteSerializationTest[jvm]","com.georgeci.moneysurfer.navigation.RouteSerializationTest",""
"","47","rows name their account only where the list mixes several[jvm]","","2026-07-29","passed","2026-07-29","","TransactionsByAccountFilteringTest[jvm]","com.georgeci.moneysurfer.feature.transaction.list.TransactionsByAccountFilteringTest",""
"","93","failed push keeps the mutation pending with bumped attempts and a retry drains it[jvm]","","2026-07-29","passed","2026-07-29","","WorkspaceCreationSyncIntegrationIT[jvm]","com.georgeci.moneysurfer.integration.sync.WorkspaceCreationSyncIntegrationIT",""
"","485","a device-scoped setting is neither wiped nor held[jvm]","","2026-07-29","passed","2026-07-29","","LocalDataResetIntegrationIT[jvm]","com.georgeci.moneysurfer.integration.repository.LocalDataResetIntegrationIT",""
"","39","a local write inserts, then updates value and updatedAt in place[jvm]","","2026-07-29","passed","2026-07-29","","ConfigEntryDaoIntegrationIT[jvm]","com.georgeci.moneysurfer.integration.repository.ConfigEntryDaoIntegrationIT",""
"","11","sync stays allowed while an update is merely available[jvm]","","2026-07-29","passed","2026-07-29","","AppVersionGateImplTest[jvm]","com.georgeci.moneysurfer.data.repository.AppVersionGateImplTest",""
"","17","a pulled tombstone hides the row locally without dropping it[jvm]","","2026-07-29","passed","2026-07-29","","TransactionTombstoneSyncIntegrationIT[jvm]","com.georgeci.moneysurfer.integration.sync.TransactionTombstoneSyncIntegrationIT",""
"","15","entries come out largest first, whatever order the query answered in[jvm]","","2026-07-29","passed","2026-07-29","","SpentByCategoryTest[jvm]","com.georgeci.moneysurfer.domain.model.SpentByCategoryTest",""
"","1","summary formats a negative net and ignores totals in another currency[jvm]","","2026-07-29","passed","2026-07-29","","TransactionsListMappingTest[jvm]","com.georgeci.moneysurfer.feature.transaction.list.TransactionsListMappingTest",""
"","59","the dashboard opens on Month with the switch shown over the default layout[jvm]","","2026-07-29","passed","2026-07-29","","DashboardPeriodViewModelTest[jvm]","com.georgeci.moneysurfer.feature.dashboard.DashboardPeriodViewModelTest",""
"","6","a PAUSED goal still allows a withdrawal[jvm]","","2026-07-29","passed","2026-07-29","","GoalContributionUseCaseTest[jvm]","com.georgeci.moneysurfer.domain.usecase.GoalContributionUseCaseTest",""
"","0","iso=2026-05-05[jvm]","","2026-07-29","passed","2026-07-29","","TimeFormatterTest[jvm]","com.georgeci.moneysurfer.data.repository.TimeFormatterTest",""
"","9","dismissing a picker changes nothing but the sheet[jvm]","","2026-07-29","passed","2026-07-29","","PreferencesViewModelTest[jvm]","com.georgeci.moneysurfer.feature.settings.preferences.PreferencesViewModelTest",""
"","7","a blank provider email is treated as absent[jvm]","","2026-07-29","passed","2026-07-29","","ShellIdentityTest[jvm]","com.georgeci.moneysurfer.navigation.ShellIdentityTest",""
"","10","dangerous notes survive a full CSV round-trip unchanged[jvm]","","2026-07-29","passed","2026-07-29","","TransactionCsvCodecTest[jvm]","com.georgeci.moneysurfer.domain.csv.TransactionCsvCodecTest",""
"","208","sign-in accepts a short password — only sign-up enforces the provider's floor[jvm]","","2026-07-29","passed","2026-07-29","","SignInViewModelTest[jvm]","com.georgeci.moneysurfer.feature.login.SignInViewModelTest",""
"","7","matches java.util.zip.CRC32 for empty input[jvm]","","2026-07-29","passed","2026-07-29","","Crc32JvmTest[jvm]","com.georgeci.moneysurfer.data.backup.Crc32JvmTest",""
"","14","no active session returns NotSignedIn without touching anything[jvm]","","2026-07-29","passed","2026-07-29","","DeleteUserAccountUseCaseTest[jvm]","com.georgeci.moneysurfer.domain.usecase.DeleteUserAccountUseCaseTest",""
"","3","'abc' (letters)[jvm]","","2026-07-29","passed","2026-07-29","","AmountInputTransformationTest[jvm]","com.georgeci.moneysurfer.utils.AmountInputTransformationTest",""
"","25","a failing signOut still leaves the pointers cleared[jvm]","","2026-07-29","passed","2026-07-29","","AuthSessionRollbackTest[jvm]","com.georgeci.moneysurfer.domain.usecase.AuthSessionRollbackTest",""
"","1","respanning to the span a widget already has, or a widget the layout lacks, changes nothing[jvm]","","2026-07-29","passed","2026-07-29","","DashboardLayoutConfigTest[jvm]","com.georgeci.moneysurfer.domain.dashboard.DashboardLayoutConfigTest",""
"","13","the pushed doc carries the tombstone while the row is deleted[jvm]","","2026-07-29","passed","2026-07-29","","TransactionTombstoneSyncIntegrationIT[jvm]","com.georgeci.moneysurfer.integration.sync.TransactionTombstoneSyncIntegrationIT",""
"","1","yearly window is anchored on the start date's month and day[jvm]","","2026-07-29","passed","2026-07-29","","BudgetPeriodWindowTest[jvm]","com.georgeci.moneysurfer.domain.util.BudgetPeriodWindowTest",""
"","27","dropping back below two lines leaves the split editor[jvm]","","2026-07-29","passed","2026-07-29","","TransactionCreationSplitTest[jvm]","com.georgeci.moneysurfer.feature.transaction.creation.TransactionCreationSplitTest",""
"","1","Cancelled.isRetryable is false[jvm]","","2026-07-29","passed","2026-07-29","","SyncErrorClassifierSpec[jvm]","com.georgeci.moneysurfer.sync.internal.SyncErrorClassifierSpec",""
"","69","the Transfer marker agrees on both sides[jvm]","","2026-07-29","passed","2026-07-29","","CategoryPaletteParityTest[jvm]","com.georgeci.moneysurfer.feature.category.CategoryPaletteParityTest",""
"","22","a category survives the round trip, appearance and system marker included[jvm]","","2026-07-29","passed","2026-07-29","","WorkspaceScopedDtoMapperSpec[jvm]","com.georgeci.moneysurfer.data.sync.WorkspaceScopedDtoMapperSpec",""
"","1","TransactionFilters[jvm]","","2026-07-29","passed","2026-07-29","","RouteSerializationTest[jvm]","com.georgeci.moneysurfer.navigation.RouteSerializationTest",""
"","3","merge appends child and unions reasons[jvm]","","2026-07-29","passed","2026-07-29","","MergedSyncRequestSpec[jvm]","com.georgeci.moneysurfer.sync.coordinator.MergedSyncRequestSpec",""
"","6","a tag containing a literal escape character survives the round-trip[jvm]","","2026-07-29","passed","2026-07-29","","TransactionCsvCodecTest[jvm]","com.georgeci.moneysurfer.domain.csv.TransactionCsvCodecTest",""
"","12","peek is absent before hydrate, so a pre-hydration snapshot cannot see this layer[jvm]","","2026-07-29","passed","2026-07-29","","RemoteGlobalConfigSourceImplSpec[jvm]","com.georgeci.moneysurfer.appconfig.remote.RemoteGlobalConfigSourceImplSpec",""
"","46","opening as a transfer lands on the Transfer tab with both slots already seeded[jvm]","","2026-07-29","passed","2026-07-29","","TransactionCreationSaveTest[jvm]","com.georgeci.moneysurfer.feature.transaction.creation.TransactionCreationSaveTest",""
"","19","a user can list their whole settings collection","","2026-07-29","passed","2026-07-29","","users/{uid}/config/{key}","users/{uid}/config/{key} a user can list their whole settings collection",""
"","7","a user that has no remote document reads as null[jvm]","","2026-07-29","passed","2026-07-29","","UserRemoteRepositoryImplTest[jvm]","com.georgeci.moneysurfer.data.repository.UserRemoteRepositoryImplTest",""
"","11","anything that is not three A-Z letters is undecodable, not a default[jvm]","","2026-07-29","passed","2026-07-29","","CurrencyCodeCodecTest[jvm]","com.georgeci.moneysurfer.data.config.CurrencyCodeCodecTest",""
"","34","an update keeps the stored createdAt and stamps updatedAt from the clock[jvm]","","2026-07-29","passed","2026-07-29","","BudgetRepositoryImplJvmTest[jvm]","com.georgeci.moneysurfer.data.repository.BudgetRepositoryImplJvmTest",""
"","41","a rules rejection surfaces as PermissionDenied in a dialog[jvm]","","2026-07-29","passed","2026-07-29","","SignInViewModelTest[jvm]","com.georgeci.moneysurfer.feature.login.SignInViewModelTest",""
"","4","a record written by the pre-#260 format decodes with the new fields defaulted[jvm]","","2026-07-29","passed","2026-07-29","","TransactionCsvCodecTest[jvm]","com.georgeci.moneysurfer.domain.csv.TransactionCsvCodecTest",""
"","34","the rules run over both windows and the category names are resolved[jvm]","","2026-07-29","passed","2026-07-29","","GenerateInsightsUseCaseTest[jvm]","com.georgeci.moneysurfer.domain.usecase.GenerateInsightsUseCaseTest",""
"","17","an invite tombstone removes the row[jvm]","","2026-07-29","passed","2026-07-29","","WorkspaceTreeSyncPluginIT[jvm]","com.georgeci.moneysurfer.integration.plugin.WorkspaceTreeSyncPluginIT",""
"","442","installing twice does not stack uid collectors[jvm]","","2026-07-29","passed","2026-07-29","","CrashReportingTest[jvm]","com.georgeci.moneysurfer.domain.telemetry.CrashReportingTest",""
"","8","two receipts stay two groups[jvm]","","2026-07-29","passed","2026-07-29","","TransactionSplitGroupTest[jvm]","com.georgeci.moneysurfer.domain.model.TransactionSplitGroupTest",""
"","17","a missing workspace doc is skipped without touching anything[jvm]","","2026-07-29","passed","2026-07-29","","UserAccountDeletionRepositoryImplTest[jvm]","com.georgeci.moneysurfer.data.repository.UserAccountDeletionRepositoryImplTest",""
"","56","filter changes are retained in content state[jvm]","","2026-07-29","passed","2026-07-29","","AccountDetailsViewModelTest[jvm]","com.georgeci.moneysurfer.feature.account.details.AccountDetailsViewModelTest",""
"","21","a failed select releases the spinner so the user can try again[jvm]","","2026-07-29","passed","2026-07-29","","WorkspaceSelectorViewModelTest[jvm]","com.georgeci.moneysurfer.feature.workspace.selector.WorkspaceSelectorViewModelTest",""
"","35","totals sum magnitudes per type over the whole window, not per page[jvm]","","2026-07-29","passed","2026-07-29","","TransactionWindowIntegrationIT[jvm]","com.georgeci.moneysurfer.integration.repository.TransactionWindowIntegrationIT",""
"","15","availability comes from the inspector, so a release build renders nothing[jvm]","","2026-07-29","passed","2026-07-29","","DebugConfigViewModelTest[jvm]","com.georgeci.moneysurfer.feature.settings.debug.DebugConfigViewModelTest",""
"","21","shutdown is idempotent — repeated calls keep cancelling[jvm]","","2026-07-29","passed","2026-07-29","","SessionShutdownGateImplSpec[jvm]","com.georgeci.moneysurfer.data.sync.SessionShutdownGateImplSpec",""
"","688","wrong passphrase is rejected before decryption[jvm]","","2026-07-29","passed","2026-07-29","","EncryptedBackupCodecTest[jvm]","com.georgeci.moneysurfer.data.backup.EncryptedBackupCodecTest",""
"","853","rows list every registered key with its winning layer[jvm]","","2026-07-29","passed","2026-07-29","","DebugConfigInspectorImplSpec[jvm]","com.georgeci.moneysurfer.appconfig.DebugConfigInspectorImplSpec",""
"","27","changes emits the current state and again after a write[jvm]","","2026-07-29","passed","2026-07-29","","LocalConfigSourceImplJvmTest[jvm]","com.georgeci.moneysurfer.data.config.LocalConfigSourceImplJvmTest",""
"","3","SimpleCancelToken cancel flips state[jvm]","","2026-07-29","passed","2026-07-29","","SyncCancelTokenSpec[jvm]","com.georgeci.moneysurfer.sync.api.SyncCancelTokenSpec",""
"","2","SyncMeta copy override changes targeted field only[jvm]","","2026-07-29","passed","2026-07-29","","SyncMetaRepositorySpec[jvm]","com.georgeci.moneysurfer.sync.repository.SyncMetaRepositorySpec",""
"","17","a user can update a setting of their own","","2026-07-29","passed","2026-07-29","","users/{uid}/config/{key}","users/{uid}/config/{key} a user can update a setting of their own",""
"","3","a push that reports nothing landed registers no ref, even with a Firebase uid[jvm]","","2026-07-29","passed","2026-07-29","","CreateWorkspaceUseCaseTest[jvm]","com.georgeci.moneysurfer.domain.usecase.CreateWorkspaceUseCaseTest",""
"","85","a 5xx from the provider reads as no answer[jvm]","","2026-07-29","passed","2026-07-29","","HttpExchangeRateRemoteSourceJvmTest[jvm]","com.georgeci.moneysurfer.data.remote.HttpExchangeRateRemoteSourceJvmTest",""
"","2","exponent notation is an invalid format[jvm]","","2026-07-29","passed","2026-07-29","","TransactionAmountInputTest[jvm]","com.georgeci.moneysurfer.feature.transaction.creation.TransactionAmountInputTest",""
"","28","a key the user never set is not materialised into the overlay[jvm]","","2026-07-29","passed","2026-07-29","","LocalDataResetIntegrationIT[jvm]","com.georgeci.moneysurfer.integration.repository.LocalDataResetIntegrationIT",""
"","46","back navigates back[jvm]","","2026-07-29","passed","2026-07-29","","AccountCreationViewModelTest[jvm]","com.georgeci.moneysurfer.feature.account.creation.AccountCreationViewModelTest",""
"","179","a section caption is rendered uppercase[jvm]","","2026-07-29","passed","2026-07-29","","SurferNavigationDrawerTest[jvm]","com.georgeci.moneysurfer.ui.SurferNavigationDrawerTest",""
"","66","each navigation event asks for exactly its own effect[jvm]","","2026-07-29","passed","2026-07-29","","DashboardEventDestinationTest[jvm]","com.georgeci.moneysurfer.feature.dashboard.DashboardEventDestinationTest",""
"","10","reading a user that was never stored is null, not a failure[jvm]","","2026-07-29","passed","2026-07-29","","UserRepositoryImplJvmTest[jvm]","com.georgeci.moneysurfer.data.repository.UserRepositoryImplJvmTest",""
"","13","markSuccess preserves cursor[jvm]","","2026-07-29","passed","2026-07-29","","SyncMetaRepositoryImplSpec[jvm]","com.georgeci.moneysurfer.data.sync.SyncMetaRepositoryImplSpec",""
"","9","anonymous user goes straight to the confirmation dialog[jvm]","","2026-07-29","passed","2026-07-29","","DeleteUserAccountViewModelTest[jvm]","com.georgeci.moneysurfer.feature.settings.account.DeleteUserAccountViewModelTest",""
"","6","an account with no extra details maps to the empty column and back to an empty list[jvm]","","2026-07-29","passed","2026-07-29","","AccountDtoMapperSpec[jvm]","com.georgeci.moneysurfer.data.sync.AccountDtoMapperSpec",""
"","2068","submit button stays enabled on empty input so submitting can explain what is missing[jvm]","","2026-07-29","passed","2026-07-29","","SignInScreenStateTest[jvm]","com.georgeci.moneysurfer.ui.SignInScreenStateTest",""
"","1","'42.' -> '42.'[jvm]","","2026-07-29","passed","2026-07-29","","AmountInputTransformationTest[jvm]","com.georgeci.moneysurfer.utils.AmountInputTransformationTest",""
"","8","a member who was removed keeps both the status and the moment[jvm]","","2026-07-29","passed","2026-07-29","","MembershipDtoMapperSpec[jvm]","com.georgeci.moneysurfer.data.sync.MembershipDtoMapperSpec",""
"","0","TransactionCreation[jvm]","","2026-07-29","passed","2026-07-29","","RouteSerializationTest[jvm]","com.georgeci.moneysurfer.navigation.RouteSerializationTest",""
"","9","the domain's hues are exactly the ones uikit has tints for[jvm]","","2026-07-29","passed","2026-07-29","","CategoryPaletteParityTest[jvm]","com.georgeci.moneysurfer.feature.category.CategoryPaletteParityTest",""
"","29","accepts a null recurringRuleId","","2026-07-29","passed","2026-07-29","","entity write-shape validation (issue #156)","entity write-shape validation (issue #156) accepts a null recurringRuleId",""
"","20","offline state hides profile, sync, logout, members and pending invites rows[jvm]","","2026-07-29","passed","2026-07-29","","SettingsStateOfflineTest[jvm]","com.georgeci.moneysurfer.feature.settings.SettingsStateOfflineTest",""
"","4","null category transfer and recurring rule ids round-trip as empty fields[jvm]","","2026-07-29","passed","2026-07-29","","TransactionCsvCodecTest[jvm]","com.georgeci.moneysurfer.domain.csv.TransactionCsvCodecTest",""
"","6","the space-grouped style uses a non-breaking space[jvm]","","2026-07-29","passed","2026-07-29","","NumberFormatStyleTest[jvm]","com.georgeci.moneysurfer.domain.preferences.NumberFormatStyleTest",""
"","10","a transfer pair with two legs of the same type is rejected[jvm]","","2026-07-29","passed","2026-07-29","","ImportTransactionsValidationTest[jvm]","com.georgeci.moneysurfer.domain.csv.ImportTransactionsValidationTest",""
"","95","clearing one override leaves the others alone[jvm]","","2026-07-29","passed","2026-07-29","","DebugConfigSourceImplJvmTest[jvm]","com.georgeci.moneysurfer.data.config.DebugConfigSourceImplJvmTest",""
"","11","a tombstone for a row this device never had creates nothing[jvm]","","2026-07-29","passed","2026-07-29","","TransactionTombstoneSyncIntegrationIT[jvm]","com.georgeci.moneysurfer.integration.sync.TransactionTombstoneSyncIntegrationIT",""
"","29","a budget the user renamed on the Budgets screen keeps its own name[jvm]","","2026-07-29","passed","2026-07-29","","CategoryCreationViewModelTest[jvm]","com.georgeci.moneysurfer.feature.category.creation.CategoryCreationViewModelTest",""
"","9","blank email skips the mapping lookup entirely[jvm]","","2026-07-29","passed","2026-07-29","","UserAccountDeletionRepositoryImplTest[jvm]","com.georgeci.moneysurfer.data.repository.UserAccountDeletionRepositoryImplTest",""
"","39","a non-blank name enables save[jvm]","","2026-07-29","passed","2026-07-29","","CategoryCreationViewModelTest[jvm]","com.georgeci.moneysurfer.feature.category.creation.CategoryCreationViewModelTest",""
"","19","the all-accounts summary currency is the dominant one, not the newest row's[jvm]","","2026-07-29","passed","2026-07-29","","TransactionsByAccountPeriodTest[jvm]","com.georgeci.moneysurfer.feature.transaction.list.TransactionsByAccountPeriodTest",""
"","20","non-member cannot read the roster","","2026-07-29","passed","2026-07-29","","workspaces/{wid}/members/{uid}","workspaces/{wid}/members/{uid} non-member cannot read the roster",""
"","4","back returns from the first-account step to the value step[jvm]","","2026-07-29","passed","2026-07-29","","OnboardingViewModelTest[jvm]","com.georgeci.moneysurfer.feature.login.onboarding.OnboardingViewModelTest",""
"","2693","app module graph resolves()[jvm]","","2026-07-29","passed","2026-07-29","","KoinModuleVerificationTest[jvm]","com.georgeci.moneysurfer.di.KoinModuleVerificationTest",""
"","28","a row with no merchant is not a merchant[jvm]","","2026-07-29","passed","2026-07-29","","SpendAnalyticsRepositoryImplJvmTest[jvm]","com.georgeci.moneysurfer.data.repository.SpendAnalyticsRepositoryImplJvmTest",""
"","1","descendantsOf walks the whole subtree[jvm]","","2026-07-29","passed","2026-07-29","","CategoryTreeTest[jvm]","com.georgeci.moneysurfer.domain.model.CategoryTreeTest",""
"","24","owner can create a member row for someone else (no invite reference needed)","","2026-07-29","passed","2026-07-29","","workspaces/{wid}/members/{uid}","workspaces/{wid}/members/{uid} owner can create a member row for someone else (no invite reference needed)",""
"","5","the series is always seven days ending today, with the quiet ones filled in[jvm]","","2026-07-29","passed","2026-07-29","","BurnRateTest[jvm]","com.georgeci.moneysurfer.domain.model.BurnRateTest",""
"","23","the summary covers the period, not the loaded page[jvm]","","2026-07-29","passed","2026-07-29","","TransactionsByAccountPeriodTest[jvm]","com.georgeci.moneysurfer.feature.transaction.list.TransactionsByAccountPeriodTest",""
"","10","a rule with no day sets reads back empty rather than as a blank day[jvm]","","2026-07-29","passed","2026-07-29","","RecurringRuleRepositoryImplJvmTest[jvm]","com.georgeci.moneysurfer.data.repository.RecurringRuleRepositoryImplJvmTest",""
"","1","invited-workspaces phase is skipped without a Firebase uid[jvm]","","2026-07-29","passed","2026-07-29","","PullRemoteChangesUseCaseImplSpec[jvm]","com.georgeci.moneysurfer.data.sync.PullRemoteChangesUseCaseImplSpec",""
"","1","a withdrawal down to exactly zero is allowed[jvm]","","2026-07-29","passed","2026-07-29","","GoalContributionUseCaseTest[jvm]","com.georgeci.moneysurfer.domain.usecase.GoalContributionUseCaseTest",""
"","136","submitting with no email reports EmailRequired against the email field[jvm]","","2026-07-29","passed","2026-07-29","","SignInViewModelTest[jvm]","com.georgeci.moneysurfer.feature.login.SignInViewModelTest",""
"","3","an empty category column maps to an empty list rather than one blank id[jvm]","","2026-07-29","passed","2026-07-29","","WorkspaceScopedDtoMapperSpec[jvm]","com.georgeci.moneysurfer.data.sync.WorkspaceScopedDtoMapperSpec",""
"","181","tapping a row asks for that row's picker[jvm]","","2026-07-29","passed","2026-07-29","","PreferencesScreenStateTest[jvm]","com.georgeci.moneysurfer.ui.PreferencesScreenStateTest",""
"","16","the migration adds a nullable deletedAt column to transactions[jvm]","","2026-07-29","passed","2026-07-29","","TransactionSoftDeleteMigrationIT[jvm]","com.georgeci.moneysurfer.integration.repository.TransactionSoftDeleteMigrationIT",""
"","30","clearing an entry clears its view models[jvm]","","2026-07-29","passed","2026-07-29","","NavEntryViewModelStoreHolderTest[jvm]","com.georgeci.moneysurfer.navigation.util.NavEntryViewModelStoreHolderTest",""
"","1996","auth error renders a dialog instead of field or form text[jvm]","","2026-07-29","passed","2026-07-29","","SignInScreenStateTest[jvm]","com.georgeci.moneysurfer.ui.SignInScreenStateTest",""
"","9","a settings key queues one push however often it is toggled[jvm]","","2026-07-29","passed","2026-07-29","","PendingMutationQueueIntegrationIT[jvm]","com.georgeci.moneysurfer.integration.sync.PendingMutationQueueIntegrationIT",""
"","10","online state with sync enabled shows profile, sync, logout, members and pending invites rows[jvm]","","2026-07-29","passed","2026-07-29","","SettingsStateOfflineTest[jvm]","com.georgeci.moneysurfer.feature.settings.SettingsStateOfflineTest",""
"","0","onSyncCancelled is callable[jvm]","","2026-07-29","passed","2026-07-29","","SyncTelemetryNoOpSpec[jvm]","com.georgeci.moneysurfer.sync.telemetry.SyncTelemetryNoOpSpec",""
"","14","empty archive surfaces InvalidArchive[jvm]","","2026-07-29","passed","2026-07-29","","BackupImporterImplJvmTest[jvm]","com.georgeci.moneysurfer.data.backup.BackupImporterImplJvmTest",""
"","1","reaching the target flips ACTIVE to COMPLETED[jvm]","","2026-07-29","passed","2026-07-29","","GoalContributionUseCaseTest[jvm]","com.georgeci.moneysurfer.domain.usecase.GoalContributionUseCaseTest",""
"","132","the stored palette keeps Dynamic while the effective one clamps it[jvm]","","2026-07-29","passed","2026-07-29","","ConfigFacadesJvmTest[jvm]","com.georgeci.moneysurfer.data.config.ConfigFacadesJvmTest",""
"","9","isolated cursors per (workspace, collection)[jvm]","","2026-07-29","passed","2026-07-29","","SyncMetaRepositoryImplSpec[jvm]","com.georgeci.moneysurfer.data.sync.SyncMetaRepositoryImplSpec",""
"","21","a receipt's legs render as one row carrying the whole payment[jvm]","","2026-07-29","passed","2026-07-29","","TransactionsListSplitTest[jvm]","com.georgeci.moneysurfer.feature.transaction.list.TransactionsListSplitTest",""
"","50","member can create + read in recurringRules","","2026-07-29","passed","2026-07-29","","member-gated entities (smoke for the rest)","member-gated entities (smoke for the rest) member can create + read in recurringRules",""
"","2","explicit value is preserved[jvm]","","2026-07-29","passed","2026-07-29","","SyncRequestIdSpec[jvm]","com.georgeci.moneysurfer.sync.api.SyncRequestIdSpec",""
"","2","normalize preserves the order the user added the entries in[jvm]","","2026-07-29","passed","2026-07-29","","AccountExtraDetailsTest[jvm]","com.georgeci.moneysurfer.domain.model.AccountExtraDetailsTest",""
"","111","plugin failure surfaces as a sync error and leaves the cursor untouched[jvm]","","2026-07-29","passed","2026-07-29","","PullRemoteChangesUseCaseImplSpec[jvm]","com.georgeci.moneysurfer.data.sync.PullRemoteChangesUseCaseImplSpec",""
"","13","markFailed returns row to PENDING with attempts incremented[jvm]","","2026-07-29","passed","2026-07-29","","PendingMutationQueueImplSpec[jvm]","com.georgeci.moneysurfer.data.sync.PendingMutationQueueImplSpec",""
"","1","late December can already belong to the next week-year[jvm]","","2026-07-29","passed","2026-07-29","","TransactionPeriodWindowTest[jvm]","com.georgeci.moneysurfer.domain.util.TransactionPeriodWindowTest",""
"","6","a whitespace-only email is reported as missing, not as malformed[jvm]","","2026-07-29","passed","2026-07-29","","SignInViewModelTest[jvm]","com.georgeci.moneysurfer.feature.login.SignInViewModelTest",""
"","11","older layouts keep their own field count when a newer one exists[jvm]","","2026-07-29","passed","2026-07-29","","TransactionCsvCodecTest[jvm]","com.georgeci.moneysurfer.domain.csv.TransactionCsvCodecTest",""
"","39","an unreachable host reads as no answer rather than throwing[jvm]","","2026-07-29","passed","2026-07-29","","HttpExchangeRateRemoteSourceJvmTest[jvm]","com.georgeci.moneysurfer.data.remote.HttpExchangeRateRemoteSourceJvmTest",""
"","2","a key whose row the account wipe removed is not resurrected on the server[jvm]","","2026-07-29","passed","2026-07-29","","UserConfigSyncPluginSpec[jvm]","com.georgeci.moneysurfer.data.sync.plugin.UserConfigSyncPluginSpec",""
"","6","isEnabled is true when signed in and gate allows[jvm]","","2026-07-29","passed","2026-07-29","","OutboxEnqueuerImplSpec[jvm]","com.georgeci.moneysurfer.sync.repository.OutboxEnqueuerImplSpec",""
"","11","clearing the overlay at session start stops it shadowing the next user's pull[jvm]","","2026-07-29","passed","2026-07-29","","LayeredConfigSpec[jvm]","com.georgeci.moneysurfer.appconfig.LayeredConfigSpec",""
"","5","a dashboard period and a transactions list on the same mode cut the same dates[jvm]","","2026-07-29","passed","2026-07-29","","DashboardPeriodTest[jvm]","com.georgeci.moneysurfer.domain.dashboard.DashboardPeriodTest",""
"","25","member can read another member's row (roster visibility)","","2026-07-29","passed","2026-07-29","","workspaces/{wid}/members/{uid}","workspaces/{wid}/members/{uid} member can read another member's row (roster visibility)",""
"","4","writer + reader round-trip preserves entry names and bytes[jvm]","","2026-07-29","passed","2026-07-29","","ZipStoredCodecTest[jvm]","com.georgeci.moneysurfer.data.backup.ZipStoredCodecTest",""
"","220","a plain positive amount is valid with no error[jvm]","","2026-07-29","passed","2026-07-29","","TransactionAmountInputTest[jvm]","com.georgeci.moneysurfer.feature.transaction.creation.TransactionAmountInputTest",""
"","22","rejects a missing value","","2026-07-29","passed","2026-07-29","","users/{uid}/config/{key}","users/{uid}/config/{key} rejects a missing value",""
"","3","an empty account list has no total and nothing left over[jvm]","","2026-07-29","passed","2026-07-29","","ConvertAccountsTotalUseCaseTest[jvm]","com.georgeci.moneysurfer.domain.usecase.ConvertAccountsTotalUseCaseTest",""
"","5","transitions to empty Content when categories are removed[jvm]","","2026-07-29","passed","2026-07-29","","CategoriesManageViewModelTest[jvm]","com.georgeci.moneysurfer.feature.category.manage.CategoriesManageViewModelTest",""
"","6","creates workspace, default categories, and a Cash account on first run[jvm]","","2026-07-29","passed","2026-07-29","","SeedDefaultsUseCaseTest[jvm]","com.georgeci.moneysurfer.domain.usecase.SeedDefaultsUseCaseTest",""
"","2","an empty list encodes to the column default[jvm]","","2026-07-29","passed","2026-07-29","","AccountExtraDetailsColumnTest[jvm]","com.georgeci.moneysurfer.data.db.entity.AccountExtraDetailsColumnTest",""
"","5","the name counter appears exactly at its threshold[jvm]","","2026-07-29","passed","2026-07-29","","CategoryCreationStateTest[jvm]","com.georgeci.moneysurfer.feature.category.creation.CategoryCreationStateTest",""
"","44","format GBP with UK locale[jvm]","","2026-07-29","passed","2026-07-29","","MoneyFormatterTest[jvm]","com.georgeci.moneysurfer.domain.MoneyFormatterTest",""
"","24","recipient can collection-group query by email","","2026-07-29","passed","2026-07-29","","invites — read","invites — read recipient can collection-group query by email",""
"","38","totals stay split by currency rather than adding minor units together[jvm]","","2026-07-29","passed","2026-07-29","","TransactionWindowIntegrationIT[jvm]","com.georgeci.moneysurfer.integration.repository.TransactionWindowIntegrationIT",""
"","8","SyncHandleStatus.Completed carries summary[jvm]","","2026-07-29","passed","2026-07-29","","SyncStateSpec[jvm]","com.georgeci.moneysurfer.sync.api.SyncStateSpec",""
"","9","missing workspace root document is not counted and does not fail the pull[jvm]","","2026-07-29","passed","2026-07-29","","PullRemoteChangesUseCaseImplSpec[jvm]","com.georgeci.moneysurfer.data.sync.PullRemoteChangesUseCaseImplSpec",""
"","6","editing one leg's date moves the whole receipt[jvm]","","2026-07-29","passed","2026-07-29","","UpdateTransactionUseCaseTest[jvm]","com.georgeci.moneysurfer.domain.usecase.UpdateTransactionUseCaseTest",""
"","14","picking a grid width persists it without touching the widget's card style or slot[jvm]","","2026-07-29","passed","2026-07-29","","DashboardCustomizeViewModelTest[jvm]","com.georgeci.moneysurfer.feature.dashboard.customize.DashboardCustomizeViewModelTest",""
"","1215","encrypted round-trip restores data with the right passphrase[jvm]","","2026-07-29","passed","2026-07-29","","BackupEncryptedRoundTripJvmTest[jvm]","com.georgeci.moneysurfer.data.backup.BackupEncryptedRoundTripJvmTest",""
"","15","rejects when invite is expired[jvm]","","2026-07-29","passed","2026-07-29","","AcceptInviteUseCaseTest[jvm]","com.georgeci.moneysurfer.domain.usecase.AcceptInviteUseCaseTest",""
"","7","a general budget outranks a category one, whatever their limits[jvm]","","2026-07-29","passed","2026-07-29","","SafeToSpendTest[jvm]","com.georgeci.moneysurfer.domain.model.SafeToSpendTest",""
"","16","a non-success result is refused[jvm]","","2026-07-29","passed","2026-07-29","","ExchangeRateApiTest[jvm]","com.georgeci.moneysurfer.data.remote.ExchangeRateApiTest",""
"","34","only IBAN and BIC use monospace rendering[jvm]","","2026-07-29","passed","2026-07-29","","AccountExtraDetailLabelTest[jvm]","com.georgeci.moneysurfer.feature.account.AccountExtraDetailLabelTest",""
"","12","a projection past the cap reads as off pace[jvm]","","2026-07-29","passed","2026-07-29","","GetBurnRateUseCaseTest[jvm]","com.georgeci.moneysurfer.domain.usecase.GetBurnRateUseCaseTest",""
"","4","expense contributes -amount on its account[jvm]","","2026-07-29","passed","2026-07-29","","BalanceImpactTest[jvm]","com.georgeci.moneysurfer.domain.model.BalanceImpactTest",""
"","15","rejects invalid email[jvm]","","2026-07-29","passed","2026-07-29","","SendInviteUseCaseTest[jvm]","com.georgeci.moneysurfer.domain.usecase.SendInviteUseCaseTest",""
"","15","the switch's two entries map onto the transaction and budget spellings of the same span[jvm]","","2026-07-29","passed","2026-07-29","","DashboardPeriodTest[jvm]","com.georgeci.moneysurfer.domain.dashboard.DashboardPeriodTest",""
"","4","'42.50' -> '42.50'[jvm]","","2026-07-29","passed","2026-07-29","","AmountInputTransformationTest[jvm]","com.georgeci.moneysurfer.utils.AmountInputTransformationTest",""
"","7","localized composeResources string files are discovered[jvm]","","2026-07-29","passed","2026-07-29","","StringResourceParityTest[jvm]","com.georgeci.moneysurfer.utils.StringResourceParityTest",""
"","5","a blank accountId decodes to null[jvm]","","2026-07-29","passed","2026-07-29","","GoalDtoMapperSpec[jvm]","com.georgeci.moneysurfer.data.sync.GoalDtoMapperSpec",""
"","33","quoted field with embedded newline advances the row number by one record[jvm]","","2026-07-29","passed","2026-07-29","","TransactionCsvCodecTest[jvm]","com.georgeci.moneysurfer.domain.csv.TransactionCsvCodecTest",""
"","41","authenticated user can read app config","","2026-07-29","passed","2026-07-29","","appConfig/{docId}","appConfig/{docId} authenticated user can read app config",""
"","10","a value written into config_entry by the pull becomes visible to peek[jvm]","","2026-07-29","passed","2026-07-29","","LocalConfigSourceImplJvmTest[jvm]","com.georgeci.moneysurfer.data.config.LocalConfigSourceImplJvmTest",""
"","351","outbox rows and cursors replace their empty states, one node per row[jvm]","","2026-07-29","passed","2026-07-29","","SyncScreenStateTest[jvm]","com.georgeci.moneysurfer.ui.SyncScreenStateTest",""
"","20","a filter that matches one leg shows that leg, not the receipt[jvm]","","2026-07-29","passed","2026-07-29","","TransactionsListSplitTest[jvm]","com.georgeci.moneysurfer.feature.transaction.list.TransactionsListSplitTest",""
"","17","case mismatch between email claim and key is rejected","","2026-07-29","passed","2026-07-29","","userEmails/{email}","userEmails/{email} case mismatch between email claim and key is rejected",""
"","1","malformed -> null[jvm]","","2026-07-29","passed","2026-07-29","","TimeFormatterTest[jvm]","com.georgeci.moneysurfer.data.repository.TimeFormatterTest",""
"","19","the baseline never spills past the end of its own month[jvm]","","2026-07-29","passed","2026-07-29","","GenerateInsightsUseCaseTest[jvm]","com.georgeci.moneysurfer.domain.usecase.GenerateInsightsUseCaseTest",""
"","8","LastSyncOutcome.None is singleton[jvm]","","2026-07-29","passed","2026-07-29","","SyncStateSpec[jvm]","com.georgeci.moneysurfer.sync.api.SyncStateSpec",""
"","17","a well-known key resolves to its enum entry and a custom label does not[jvm]","","2026-07-29","passed","2026-07-29","","AccountExtraDetailsTest[jvm]","com.georgeci.moneysurfer.domain.model.AccountExtraDetailsTest",""
"","22","rejects an unknown field","","2026-07-29","passed","2026-07-29","","users/{uid}/config/{key}","users/{uid}/config/{key} rejects an unknown field",""
"","258","online edit state shows the Members section[jvm]","","2026-07-29","passed","2026-07-29","","WorkspaceCreationStateOfflineTest[jvm]","com.georgeci.moneysurfer.feature.workspace.creation.WorkspaceCreationStateOfflineTest",""
"","28","rejects demoting last OWNER[jvm]","","2026-07-29","passed","2026-07-29","","ChangeMemberRoleUseCaseTest[jvm]","com.georgeci.moneysurfer.domain.usecase.ChangeMemberRoleUseCaseTest",""
"","23","rejects a budget whose rollover flag is a string","","2026-07-29","passed","2026-07-29","","entity write-shape validation (issue #156)","entity write-shape validation (issue #156) rejects a budget whose rollover flag is a string",""
"","27","accepts a transaction with merchant, tags and recurringRuleId","","2026-07-29","passed","2026-07-29","","entity write-shape validation (issue #156)","entity write-shape validation (issue #156) accepts a transaction with merchant, tags and recurringRuleId",""
"","1","a budget whose workspace has no base currency yields nothing to format[jvm]","","2026-07-29","passed","2026-07-29","","SafeToSpendTest[jvm]","com.georgeci.moneysurfer.domain.model.SafeToSpendTest",""
"","142","with a budget the card shows the remainder and drops the set-a-budget link[jvm]","","2026-07-29","passed","2026-07-29","","DashboardScreenStateTest[jvm]","com.georgeci.moneysurfer.ui.DashboardScreenStateTest",""
"","149","the round button reports its tap and names the action it performs[jvm]","","2026-07-29","passed","2026-07-29","","SurferFormSectionTest[jvm]","com.georgeci.moneysurfer.ui.SurferFormSectionTest",""
"","17","an unsupported app version blocks sync with the domain message[jvm]","","2026-07-29","passed","2026-07-29","","SyncVersionGateImplSpec[jvm]","com.georgeci.moneysurfer.data.sync.SyncVersionGateImplSpec",""
"","21","every field survives an encode/decode round-trip[jvm]","","2026-07-29","passed","2026-07-29","","TransactionCsvCodecTest[jvm]","com.georgeci.moneysurfer.domain.csv.TransactionCsvCodecTest",""
"","8","forecast tiles extrapolate the elapsed days across the nominal period[jvm]","","2026-07-29","passed","2026-07-29","","BudgetProgressTest[jvm]","com.georgeci.moneysurfer.domain.model.BudgetProgressTest",""
"","36","cursor returns null for unknown (workspace, collection)[jvm]","","2026-07-29","passed","2026-07-29","","SyncMetaRepositoryImplSpec[jvm]","com.georgeci.moneysurfer.data.sync.SyncMetaRepositoryImplSpec",""
"","6","a detail opened from its list drops its own chrome[jvm]","","2026-07-29","passed","2026-07-29","","SurferPaneSceneStrategyTest[jvm]","com.georgeci.moneysurfer.navigation.SurferPaneSceneStrategyTest",""
"","18","upsert (existing) enqueues UPDATE[jvm]","","2026-07-29","passed","2026-07-29","","WorkspaceInviteRepositoryDualWriteSpec[jvm]","com.georgeci.moneysurfer.data.repository.WorkspaceInviteRepositoryDualWriteSpec",""
"","20","rejects a contribution whose goalId is a number","","2026-07-29","passed","2026-07-29","","savings goals (issue #244)","savings goals (issue #244) rejects a contribution whose goalId is a number",""
"","232","extra details round-trip through the wire format, order included[jvm]","","2026-07-29","passed","2026-07-29","","AccountDtoMapperSpec[jvm]","com.georgeci.moneysurfer.data.sync.AccountDtoMapperSpec",""
"","27","a signed-out user lands on sign-in[jvm]","","2026-07-29","passed","2026-07-29","","AppLaunchViewModelTest[jvm]","com.georgeci.moneysurfer.navigation.AppLaunchViewModelTest",""
"","13","export click requests a save file with a csv filename[jvm]","","2026-07-29","passed","2026-07-29","","CsvBackupViewModelTest[jvm]","com.georgeci.moneysurfer.feature.settings.csv.CsvBackupViewModelTest",""
"","37","saving a split writes one leg per line, sharing a split id[jvm]","","2026-07-29","passed","2026-07-29","","TransactionCreationSplitTest[jvm]","com.georgeci.moneysurfer.feature.transaction.creation.TransactionCreationSplitTest",""
"","1","everything below Warn is dropped[jvm]","","2026-07-29","passed","2026-07-29","","CrashReportingLogWriterTest[jvm]","com.georgeci.moneysurfer.domain.telemetry.CrashReportingLogWriterTest",""
"","15","a transfer pair with one invalid leg does not import the surviving half[jvm]","","2026-07-29","passed","2026-07-29","","ImportTransactionsValidationTest[jvm]","com.georgeci.moneysurfer.domain.csv.ImportTransactionsValidationTest",""
"","17","the workspace-ref writers pass the raw ids through[jvm]","","2026-07-29","passed","2026-07-29","","UserRemoteRepositoryImplTest[jvm]","com.georgeci.moneysurfer.data.repository.UserRemoteRepositoryImplTest",""
"","17","sync is refused once the build is unsupported[jvm]","","2026-07-29","passed","2026-07-29","","AppVersionGateImplTest[jvm]","com.georgeci.moneysurfer.data.repository.AppVersionGateImplTest",""
"","20","safe-to-spend stays null with no budget, so the widget can offer to set one[jvm]","","2026-07-29","passed","2026-07-29","","DashboardSafeToSpendViewModelTest[jvm]","com.georgeci.moneysurfer.feature.dashboard.DashboardSafeToSpendViewModelTest",""
"","13","save is disabled while the amount is empty[jvm]","","2026-07-29","passed","2026-07-29","","GoalContributionViewModelTest[jvm]","com.georgeci.moneysurfer.feature.goal.contribution.GoalContributionViewModelTest",""
"","2","no-ops when CreateWorkspaceUseCase has no current user (offline build pre-login)[jvm]","","2026-07-29","passed","2026-07-29","","SeedDefaultsUseCaseTest[jvm]","com.georgeci.moneysurfer.domain.usecase.SeedDefaultsUseCaseTest",""
"","125","picking a period re-picks the budget the headline speaks for[jvm]","","2026-07-29","passed","2026-07-29","","DashboardPeriodViewModelTest[jvm]","com.georgeci.moneysurfer.feature.dashboard.DashboardPeriodViewModelTest",""
"","13","editing any field clears the error left by the previous attempt[jvm]","","2026-07-29","passed","2026-07-29","","WorkspaceCreationViewModelTest[jvm]","com.georgeci.moneysurfer.feature.workspace.creation.WorkspaceCreationViewModelTest",""
"","4","an ordinary merchant is not prefixed[jvm]","","2026-07-29","passed","2026-07-29","","TransactionCsvCodecTest[jvm]","com.georgeci.moneysurfer.domain.csv.TransactionCsvCodecTest",""
"","240","with no budget the safe-to-spend card still draws, offering the way out of its empty state[jvm]","","2026-07-29","passed","2026-07-29","","DashboardScreenStateTest[jvm]","com.georgeci.moneysurfer.ui.DashboardScreenStateTest",""
"","63","navigation events publish destinations with the current account id[jvm]","","2026-07-29","passed","2026-07-29","","AccountDetailsViewModelTest[jvm]","com.georgeci.moneysurfer.feature.account.details.AccountDetailsViewModelTest",""
"","4","repeat delete (null/null) is empty delta[jvm]","","2026-07-29","passed","2026-07-29","","CalculateBalanceDeltaTest[jvm]","com.georgeci.moneysurfer.domain.model.CalculateBalanceDeltaTest",""
"","5","a widget dragged across sections keeps its card style[jvm]","","2026-07-29","passed","2026-07-29","","DashboardLayoutConfigTest[jvm]","com.georgeci.moneysurfer.domain.dashboard.DashboardLayoutConfigTest",""
"","49","recent transactions include the ones booked to a child[jvm]","","2026-07-29","passed","2026-07-29","","CategoryDetailsViewModelTest[jvm]","com.georgeci.moneysurfer.feature.category.details.CategoryDetailsViewModelTest",""
"","11","an update replaces the display name of an existing row[jvm]","","2026-07-29","passed","2026-07-29","","UserRepositoryImplJvmTest[jvm]","com.georgeci.moneysurfer.data.repository.UserRepositoryImplJvmTest",""
"","85","an account this device has never seen is inserted from the document[jvm]","","2026-07-29","passed","2026-07-29","","AccountSyncPluginIT[jvm]","com.georgeci.moneysurfer.integration.plugin.AccountSyncPluginIT",""
"","5","a member doc with no status is read as active rather than as a blank[jvm]","","2026-07-29","passed","2026-07-29","","MembershipDtoMapperSpec[jvm]","com.georgeci.moneysurfer.data.sync.MembershipDtoMapperSpec",""
"","1","contains covers the start date but not the end date[jvm]","","2026-07-29","passed","2026-07-29","","BudgetPeriodWindowTest[jvm]","com.georgeci.moneysurfer.domain.util.BudgetPeriodWindowTest",""
"","55","second sync resumes from the Room-persisted cursor and pulls only newer documents[jvm]","","2026-07-29","passed","2026-07-29","","NewWorkspacePullIntegrationIT[jvm]","com.georgeci.moneysurfer.integration.sync.NewWorkspacePullIntegrationIT",""
"","21","the demo entry point signs in locally and lands on the selector[jvm]","","2026-07-29","passed","2026-07-29","","SignInViewModelTest[jvm]","com.georgeci.moneysurfer.feature.login.SignInViewModelTest",""
"","44","editing updates the workspace in place instead of creating a second one[jvm]","","2026-07-29","passed","2026-07-29","","WorkspaceCreationViewModelTest[jvm]","com.georgeci.moneysurfer.feature.workspace.creation.WorkspaceCreationViewModelTest",""
"","21","dismissing the delete confirmation leaves the transaction alone[jvm]","","2026-07-29","passed","2026-07-29","","TransactionCreationEditTest[jvm]","com.georgeci.moneysurfer.feature.transaction.creation.TransactionCreationEditTest",""
"","18","accounts that share a position are still listed in a stable order[jvm]","","2026-07-29","passed","2026-07-29","","AccountSortOrderIntegrationIT[jvm]","com.georgeci.moneysurfer.integration.repository.AccountSortOrderIntegrationIT",""
"","6","an id names the finding and the period, never the numbers[jvm]","","2026-07-29","passed","2026-07-29","","InsightRulesTest[jvm]","com.georgeci.moneysurfer.domain.insight.InsightRulesTest",""
"","68","rejected payload never replaces the live DB and leaves no temp files[jvm]","","2026-07-29","passed","2026-07-29","","BackupImporterImplJvmTest[jvm]","com.georgeci.moneysurfer.data.backup.BackupImporterImplJvmTest",""
"","2","popping the last entry leaves the stack empty rather than failing[jvm]","","2026-07-29","passed","2026-07-29","","AppNavigatorTest[jvm]","com.georgeci.moneysurfer.navigation.AppNavigatorTest",""
"","2","a switched-off widget keeps its span for when it comes back[jvm]","","2026-07-29","passed","2026-07-29","","DashboardLayoutConfigTest[jvm]","com.georgeci.moneysurfer.domain.dashboard.DashboardLayoutConfigTest",""
"","3","week window runs Monday to Sunday around the anchor[jvm]","","2026-07-29","passed","2026-07-29","","TransactionPeriodWindowTest[jvm]","com.georgeci.moneysurfer.domain.util.TransactionPeriodWindowTest",""
"","67","saving creates a goal in the workspace base currency[jvm]","","2026-07-29","passed","2026-07-29","","GoalEditViewModelTest[jvm]","com.georgeci.moneysurfer.feature.goal.edit.GoalEditViewModelTest",""
"","6","successful deletion clears the session and keeps the overlay up[jvm]","","2026-07-29","passed","2026-07-29","","DeleteUserAccountViewModelTest[jvm]","com.georgeci.moneysurfer.feature.settings.account.DeleteUserAccountViewModelTest",""
"","9","the header toggle flips between the two variants[jvm]","","2026-07-29","passed","2026-07-29","","CategoryChooserViewModelTest[jvm]","com.georgeci.moneysurfer.feature.category.picker.CategoryChooserViewModelTest",""
"","19","markRemoved soft-deletes: status REMOVED, removedAt set, enqueues UPDATE[jvm]","","2026-07-29","passed","2026-07-29","","WorkspaceMemberRepositoryDualWriteSpec[jvm]","com.georgeci.moneysurfer.data.repository.WorkspaceMemberRepositoryDualWriteSpec",""
"","46","a fall maps to the saving sentence rather than the same one with a sign[jvm]","","2026-07-29","passed","2026-07-29","","DashboardInsightsViewModelTest[jvm]","com.georgeci.moneysurfer.feature.dashboard.DashboardInsightsViewModelTest",""
"","14","offline build hides the extra details section[jvm]","","2026-07-29","passed","2026-07-29","","AccountCreationViewModelTest[jvm]","com.georgeci.moneysurfer.feature.account.creation.AccountCreationViewModelTest",""
"","1","the type segments partition the list, transfer legs included[jvm]","","2026-07-29","passed","2026-07-29","","TransactionFilterMatchingTest[jvm]","com.georgeci.moneysurfer.feature.transaction.filter.TransactionFilterMatchingTest",""
"","28","authenticated user can read the flag document","","2026-07-29","passed","2026-07-29","","appConfig/{docId}","appConfig/{docId} authenticated user can read the flag document",""
"","25","owner can hard-delete an entity doc (account-deletion purge)","","2026-07-29","passed","2026-07-29","","member-gated entities (accounts)","member-gated entities (accounts) owner can hard-delete an entity doc (account-deletion purge)",""
"","2","an error with a throwable is recorded as a non-fatal[jvm]","","2026-07-29","passed","2026-07-29","","CrashReportingLogWriterTest[jvm]","com.georgeci.moneysurfer.domain.telemetry.CrashReportingLogWriterTest",""
"","30","non-member is blocked from budgets","","2026-07-29","passed","2026-07-29","","member-gated entities (smoke for the rest)","member-gated entities (smoke for the rest) non-member is blocked from budgets",""
"","12","every currency carries a code, a symbol and a display name[jvm]","","2026-07-29","passed","2026-07-29","","CurrencyRepositoryImplTest[jvm]","com.georgeci.moneysurfer.data.repository.CurrencyRepositoryImplTest",""
"","548","a field error does not move the rest of the form[jvm]","","2026-07-29","passed","2026-07-29","","SignInScreenStateTest[jvm]","com.georgeci.moneysurfer.ui.SignInScreenStateTest",""
"","15","a missing workspace outranks any earlier outcome once nothing is running[jvm]","","2026-07-29","passed","2026-07-29","","SyncViewModelTest[jvm]","com.georgeci.moneysurfer.feature.settings.sync.SyncViewModelTest",""
"","13","first pull starts from cursor 0 and advances the cursor to the newest doc[jvm]","","2026-07-29","passed","2026-07-29","","PullRemoteChangesUseCaseImplSpec[jvm]","com.georgeci.moneysurfer.data.sync.PullRemoteChangesUseCaseImplSpec",""
"","372","the form opens on the currency list with the first entry preselected[jvm]","","2026-07-29","passed","2026-07-29","","WorkspaceCreationViewModelTest[jvm]","com.georgeci.moneysurfer.feature.workspace.creation.WorkspaceCreationViewModelTest",""
"","19","non-JSON manifest surfaces InvalidArchive[jvm]","","2026-07-29","passed","2026-07-29","","BackupImporterImplJvmTest[jvm]","com.georgeci.moneysurfer.data.backup.BackupImporterImplJvmTest",""
"","11","java.util.zip.ZipInputStream reads our stored archive[jvm]","","2026-07-29","passed","2026-07-29","","ZipStoredInteropJvmTest[jvm]","com.georgeci.moneysurfer.data.backup.ZipStoredInteropJvmTest",""
"","10","submitting with a malformed email reports EmailInvalid[jvm]","","2026-07-29","passed","2026-07-29","","SignInViewModelTest[jvm]","com.georgeci.moneysurfer.feature.login.SignInViewModelTest",""
"","4","a table quoted against another base is not trusted to price this workspace[jvm]","","2026-07-29","passed","2026-07-29","","ConvertAccountsTotalUseCaseTest[jvm]","com.georgeci.moneysurfer.domain.usecase.ConvertAccountsTotalUseCaseTest",""
"","20","oldest-first sorting keeps a receipt as one row[jvm]","","2026-07-29","passed","2026-07-29","","TransactionsListSplitTest[jvm]","com.georgeci.moneysurfer.feature.transaction.list.TransactionsListSplitTest",""
"","26","create blocked when clientVersionCode is below floor (0)","","2026-07-29","passed","2026-07-29","","member-gated entities (accounts)","member-gated entities (accounts) create blocked when clientVersionCode is below floor (0)",""
"","9","invalid drag and destructive events are safe no-ops[jvm]","","2026-07-29","passed","2026-07-29","","AccountsManageViewModelTest[jvm]","com.georgeci.moneysurfer.feature.account.manage.AccountsManageViewModelTest",""
"","1","a custom range may be open at either end[jvm]","","2026-07-29","passed","2026-07-29","","TransactionFilterMatchingTest[jvm]","com.georgeci.moneysurfer.feature.transaction.filter.TransactionFilterMatchingTest",""
"","9","delete removes the account[jvm]","","2026-07-29","passed","2026-07-29","","AccountWriteUseCasesTest[jvm]","com.georgeci.moneysurfer.domain.usecase.AccountWriteUseCasesTest",""
"","4","default constraints disable network/charging gates and require non-low battery[jvm]","","2026-07-29","passed","2026-07-29","","SyncConstraintsSpec[jvm]","com.georgeci.moneysurfer.sync.scheduler.SyncConstraintsSpec",""
"","19","a build at or above the floor with nothing newer published is supported[jvm]","","2026-07-29","passed","2026-07-29","","AppVersionGateImplTest[jvm]","com.georgeci.moneysurfer.data.repository.AppVersionGateImplTest",""
"","1","MutationOperation enumerates INSERT, UPDATE, DELETE[jvm]","","2026-07-29","passed","2026-07-29","","PendingMutationSpec[jvm]","com.georgeci.moneysurfer.sync.repository.PendingMutationSpec",""
"","327","no string resource escapes an apostrophe or a quote the Android way[jvm]","","2026-07-29","passed","2026-07-29","","StringResourceEscapeTest[jvm]","com.georgeci.moneysurfer.utils.StringResourceEscapeTest",""
"","21","a pulled value is stamped as already pushed[jvm]","","2026-07-29","passed","2026-07-29","","ConfigEntryDaoIntegrationIT[jvm]","com.georgeci.moneysurfer.integration.repository.ConfigEntryDaoIntegrationIT",""
"","1","multiple selections expose counts but no misleading single name[jvm]","","2026-07-29","passed","2026-07-29","","TransactionsListMappingTest[jvm]","com.georgeci.moneysurfer.feature.transaction.list.TransactionsListMappingTest",""
"","4","matches java.util.zip.CRC32 across diverse byte sequences[jvm]","","2026-07-29","passed","2026-07-29","","Crc32JvmTest[jvm]","com.georgeci.moneysurfer.data.backup.Crc32JvmTest",""
"","197","the grid-width section is offered only where a grid exists to apply it[jvm]","","2026-07-29","passed","2026-07-29","","DashboardCustomizeScreenStateTest[jvm]","com.georgeci.moneysurfer.ui.DashboardCustomizeScreenStateTest",""
"","7","keeps Cyrillic and digits intact[jvm]","","2026-07-29","passed","2026-07-29","","FtsQueryTest[jvm]","com.georgeci.moneysurfer.data.db.FtsQueryTest",""
"","1","an older remote value loses and the local one is left alone[jvm]","","2026-07-29","passed","2026-07-29","","UserConfigSyncPluginSpec[jvm]","com.georgeci.moneysurfer.data.sync.plugin.UserConfigSyncPluginSpec",""
"","128","a free-text key is inspect-only[jvm]","","2026-07-29","passed","2026-07-29","","DebugConfigScreenStateTest[jvm]","com.georgeci.moneysurfer.ui.DebugConfigScreenStateTest",""
"","1","sanitize preserves an empty field[jvm]","","2026-07-29","passed","2026-07-29","","InitialBalanceInputTest[jvm]","com.georgeci.moneysurfer.feature.account.creation.InitialBalanceInputTest",""
"","140","format EUR with German locale[jvm]","","2026-07-29","passed","2026-07-29","","MoneyFormatterTest[jvm]","com.georgeci.moneysurfer.domain.MoneyFormatterTest",""
"","17","getByWorkspaceId only returns invites of the given workspace[jvm]","","2026-07-29","passed","2026-07-29","","WorkspaceInviteRepositoryIntegrationIT[jvm]","com.georgeci.moneysurfer.integration.repository.WorkspaceInviteRepositoryIntegrationIT",""
"","11","a write racing another writer on the same file still returns[jvm]","","2026-07-29","passed","2026-07-29","","PreferencesMirrorJvmTest[jvm]","com.georgeci.moneysurfer.data.config.PreferencesMirrorJvmTest",""
"","3","light scheme: paired on/container tokens clear AA[jvm]","","2026-07-29","passed","2026-07-29","","ColorContrastTest[jvm]","com.georgeci.moneysurfer.uikit.theme.ColorContrastTest",""
"","6","all PUSH steps precede all PULL steps[jvm]","","2026-07-29","passed","2026-07-29","","SyncStepOrderTest[jvm]","com.georgeci.moneysurfer.domain.model.SyncStepOrderTest",""
"","6","a declared false is Present, not Absent[jvm]","","2026-07-29","passed","2026-07-29","","BuildConfigSourceSpec[jvm]","com.georgeci.moneysurfer.appconfig.BuildConfigSourceSpec",""
"","1","a group the page cut in half renders as its legs rather than a short total[jvm]","","2026-07-29","passed","2026-07-29","","TransactionsListSplitTest[jvm]","com.georgeci.moneysurfer.feature.transaction.list.TransactionsListSplitTest",""
"","57","offline build layer declares every host key[jvm]","","2026-07-29","passed","2026-07-29","","OfflineConfigGraphTest[jvm]","com.georgeci.moneysurfer.offline.di.OfflineConfigGraphTest",""
"","67","save stays disabled until both a title and a positive target are entered[jvm]","","2026-07-29","passed","2026-07-29","","GoalEditViewModelTest[jvm]","com.georgeci.moneysurfer.feature.goal.edit.GoalEditViewModelTest",""
"","16","cancellation between batches aborts the pull[jvm]","","2026-07-29","passed","2026-07-29","","PullRemoteChangesUseCaseImplSpec[jvm]","com.georgeci.moneysurfer.data.sync.PullRemoteChangesUseCaseImplSpec",""
"","5","CompositeCancelToken not cancelled when only some children cancelled[jvm]","","2026-07-29","passed","2026-07-29","","SyncCancelTokenSpec[jvm]","com.georgeci.moneysurfer.sync.api.SyncCancelTokenSpec",""
"","19","INCOME creation persists row and increases account balance by amount[jvm]","","2026-07-29","passed","2026-07-29","","TransactionCreationIntegrationIT[jvm]","com.georgeci.moneysurfer.integration.repository.TransactionCreationIntegrationIT",""
"","1060","a blank name is rejected — save is a no-op and canSave is false[jvm]","","2026-07-29","passed","2026-07-29","","CategoryCreationViewModelTest[jvm]","com.georgeci.moneysurfer.feature.category.creation.CategoryCreationViewModelTest",""
"","2","an interval divides the charge across the months it spans[jvm]","","2026-07-29","passed","2026-07-29","","InsightRulesTest[jvm]","com.georgeci.moneysurfer.domain.insight.InsightRulesTest",""
"","76","an existing user whose workspace hydrated is a plain success too[jvm]","","2026-07-29","passed","2026-07-29","","SignInViewModelTest[jvm]","com.georgeci.moneysurfer.feature.login.SignInViewModelTest",""
"","12","existing install with a pinned workspace is left alone and does not re-login[jvm]","","2026-07-29","passed","2026-07-29","","OfflineFirstRunSeederTest[jvm]","com.georgeci.moneysurfer.offline.firstrun.OfflineFirstRunSeederTest",""
"","42","goal details carry progress and history[jvm]","","2026-07-29","passed","2026-07-29","","SavingsGoalUseCaseTest[jvm]","com.georgeci.moneysurfer.domain.usecase.SavingsGoalUseCaseTest",""
"","6","the invite row stays inert until a members feed is wired up[jvm]","","2026-07-29","passed","2026-07-29","","WorkspaceCreationViewModelTest[jvm]","com.georgeci.moneysurfer.feature.workspace.creation.WorkspaceCreationViewModelTest",""
"","1","shifting all time is a no-op[jvm]","","2026-07-29","passed","2026-07-29","","TransactionPeriodWindowTest[jvm]","com.georgeci.moneysurfer.domain.util.TransactionPeriodWindowTest",""
"","2","the parent holding the selection starts expanded[jvm]","","2026-07-29","passed","2026-07-29","","CategoryChooserViewModelTest[jvm]","com.georgeci.moneysurfer.feature.category.picker.CategoryChooserViewModelTest",""
"","5","transactionsIn returns the spend behind the number, newest first[jvm]","","2026-07-29","passed","2026-07-29","","BudgetProgressTest[jvm]","com.georgeci.moneysurfer.domain.model.BudgetProgressTest",""
"","7","unparseable operation date is rejected as invalid operation_date[jvm]","","2026-07-29","passed","2026-07-29","","TransactionCsvCodecTest[jvm]","com.georgeci.moneysurfer.domain.csv.TransactionCsvCodecTest",""
"","2","addDownload accumulates downloadedCount[jvm]","","2026-07-29","passed","2026-07-29","","SyncSummaryBuilderSpec[jvm]","com.georgeci.moneysurfer.sync.api.SyncSummaryBuilderSpec",""
"","23","results keep the newest-first ordering of the list queries[jvm]","","2026-07-29","passed","2026-07-29","","TransactionFtsIntegrationIT[jvm]","com.georgeci.moneysurfer.integration.repository.TransactionFtsIntegrationIT",""
"","4","a doc from a client that predates sortOrder lands at the front rather than nowhere[jvm]","","2026-07-29","passed","2026-07-29","","AccountDtoMapperSpec[jvm]","com.georgeci.moneysurfer.data.sync.AccountDtoMapperSpec",""
"","25","an account-scoped list ignores an account picked on the filter screen[jvm]","","2026-07-29","passed","2026-07-29","","TransactionsByAccountFilteringTest[jvm]","com.georgeci.moneysurfer.feature.transaction.list.TransactionsByAccountFilteringTest",""
"","32","markDeclined transitions status to DECLINED[jvm]","","2026-07-29","passed","2026-07-29","","WorkspaceInviteRepositoryDualWriteSpec[jvm]","com.georgeci.moneysurfer.data.repository.WorkspaceInviteRepositoryDualWriteSpec",""
"","12","init for a workspace that is not in the store leaves the form untouched[jvm]","","2026-07-29","passed","2026-07-29","","WorkspaceCreationViewModelTest[jvm]","com.georgeci.moneysurfer.feature.workspace.creation.WorkspaceCreationViewModelTest",""
"","59","member can tombstone in transactions","","2026-07-29","passed","2026-07-29","","tombstone update shape (push-side soft delete)","tombstone update shape (push-side soft delete) member can tombstone in transactions",""
"","35","invited user CAN self-create via an email-only invite (legacy, no targetUserId)","","2026-07-29","passed","2026-07-29","","workspaces/{wid}/members/{uid}","workspaces/{wid}/members/{uid} invited user CAN self-create via an email-only invite (legacy, no targetUserId)",""
"","9","a comma is rewritten in place[jvm]","","2026-07-29","passed","2026-07-29","","AmountInputTransformationTest[jvm]","com.georgeci.moneysurfer.utils.AmountInputTransformationTest",""
"","11","a mapping is not written for a blank address or a blank uid[jvm]","","2026-07-29","passed","2026-07-29","","UserRemoteRepositoryImplTest[jvm]","com.georgeci.moneysurfer.data.repository.UserRemoteRepositoryImplTest",""
"","17","user can write their own email mapping","","2026-07-29","passed","2026-07-29","","userEmails/{email}","userEmails/{email} user can write their own email mapping",""
"","22","create and dismiss actions publish their host effects[jvm]","","2026-07-29","passed","2026-07-29","","CategoryChooserViewModelTest[jvm]","com.georgeci.moneysurfer.feature.category.picker.CategoryChooserViewModelTest",""
"","22","non-owner cannot create an invite","","2026-07-29","passed","2026-07-29","","invites — write","invites — write non-owner cannot create an invite",""
"","7","the account picker returns an account id[jvm]","","2026-07-29","passed","2026-07-29","","NavigationResultKeysTest[jvm]","com.georgeci.moneysurfer.navigation.NavigationResultKeysTest",""
"","10","dedup does not collapse different operations or different entities[jvm]","","2026-07-29","passed","2026-07-29","","PendingMutationQueueIntegrationIT[jvm]","com.georgeci.moneysurfer.integration.sync.PendingMutationQueueIntegrationIT",""
"","35","the back action leaves the screen[jvm]","","2026-07-29","passed","2026-07-29","","DashboardCustomizeViewModelTest[jvm]","com.georgeci.moneysurfer.feature.dashboard.customize.DashboardCustomizeViewModelTest",""
"","4","observeOutbox honours its row limit[jvm]","","2026-07-29","passed","2026-07-29","","PendingMutationQueueImplSpec[jvm]","com.georgeci.moneysurfer.sync.internal.repository.PendingMutationQueueImplSpec",""
"","21","a parent lists its children with the share each takes of the parent total[jvm]","","2026-07-29","passed","2026-07-29","","CategoryDetailsViewModelTest[jvm]","com.georgeci.moneysurfer.feature.category.details.CategoryDetailsViewModelTest",""
"","1","restore on already-active account is a no-op success[jvm]","","2026-07-29","passed","2026-07-29","","ArchiveAccountUseCaseTest[jvm]","com.georgeci.moneysurfer.domain.usecase.ArchiveAccountUseCaseTest",""
"","388","with card styles switched off the sheet offers the widths and nothing else[jvm]","","2026-07-29","passed","2026-07-29","","DashboardCustomizeScreenStateTest[jvm]","com.georgeci.moneysurfer.ui.DashboardCustomizeScreenStateTest",""
"","8","enqueueDelete pushes a DELETE mutation[jvm]","","2026-07-29","passed","2026-07-29","","OutboxEnqueuerImplSpec[jvm]","com.georgeci.moneysurfer.sync.repository.OutboxEnqueuerImplSpec",""
"","13","Either.Left(Cancelled) returned from upload completes as cancelled[jvm]","","2026-07-29","passed","2026-07-29","","SyncCoordinatorImplBranchSpec[jvm]","com.georgeci.moneysurfer.sync.coordinator.SyncCoordinatorImplBranchSpec",""
"","0","AccountsManage[jvm]","","2026-07-29","passed","2026-07-29","","RouteSerializationTest[jvm]","com.georgeci.moneysurfer.navigation.RouteSerializationTest",""
"","10","a tie on account count is broken by currency code so the order is stable[jvm]","","2026-07-29","passed","2026-07-29","","AccountTotalsTest[jvm]","com.georgeci.moneysurfer.domain.model.AccountTotalsTest",""
"","4","the ports match the emulator suite's defaults[jvm]","","2026-07-29","passed","2026-07-29","","FirebaseConfigImplJvmTest[jvm]","com.georgeci.moneysurfer.data.remote.FirebaseConfigImplJvmTest",""
"","40","a recurring rule round-trips through the wire format[jvm]","","2026-07-29","passed","2026-07-29","","RecurringRuleDtoMapperSpec[jvm]","com.georgeci.moneysurfer.data.sync.RecurringRuleDtoMapperSpec",""
"","4","redactUid fully masks short values[jvm]","","2026-07-29","passed","2026-07-29","","PiiRedactionTest[jvm]","com.georgeci.moneysurfer.domain.logging.PiiRedactionTest",""
"","11","format single cent[jvm]","","2026-07-29","passed","2026-07-29","","MoneyFormatterTest[jvm]","com.georgeci.moneysurfer.domain.MoneyFormatterTest",""
"","3","a signed-out session names neither line[jvm]","","2026-07-29","passed","2026-07-29","","ShellIdentityTest[jvm]","com.georgeci.moneysurfer.navigation.ShellIdentityTest",""
"","0","Settings[jvm]","","2026-07-29","passed","2026-07-29","","RouteSerializationTest[jvm]","com.georgeci.moneysurfer.navigation.RouteSerializationTest",""
"","4","'999999' -> '999999'[jvm]","","2026-07-29","passed","2026-07-29","","AmountInputTransformationTest[jvm]","com.georgeci.moneysurfer.utils.AmountInputTransformationTest",""
"","50","a published document is mapped field for field[jvm]","","2026-07-29","passed","2026-07-29","","AppConfigRepositoryImplTest[jvm]","com.georgeci.moneysurfer.data.repository.AppConfigRepositoryImplTest",""
"","10","each currency keeps its own total instead of being summed together[jvm]","","2026-07-29","passed","2026-07-29","","AccountTotalsTest[jvm]","com.georgeci.moneysurfer.domain.model.AccountTotalsTest",""
"","8","redactEmail returns a fixed marker for blank input[jvm]","","2026-07-29","passed","2026-07-29","","PiiRedactionTest[jvm]","com.georgeci.moneysurfer.domain.logging.PiiRedactionTest",""
"","75","an overridden row clears its override when tapped[jvm]","","2026-07-29","passed","2026-07-29","","DebugConfigScreenStateTest[jvm]","com.georgeci.moneysurfer.ui.DebugConfigScreenStateTest",""
"","2","throwIfCancelled throws when cancelled[jvm]","","2026-07-29","passed","2026-07-29","","SyncCancelTokenSpec[jvm]","com.georgeci.moneysurfer.sync.api.SyncCancelTokenSpec",""
"","5","sanitize keeps only the first decimal separator and normalises commas[jvm]","","2026-07-29","passed","2026-07-29","","InitialBalanceInputTest[jvm]","com.georgeci.moneysurfer.feature.account.creation.InitialBalanceInputTest",""
"","8","non-owner never purges someone else's workspace, even when alone in it[jvm]","","2026-07-29","passed","2026-07-29","","UserAccountDeletionRepositoryImplTest[jvm]","com.georgeci.moneysurfer.data.repository.UserAccountDeletionRepositoryImplTest",""
"","9","a detail with no list beside it stays a full screen[jvm]","","2026-07-29","passed","2026-07-29","","SurferPaneSceneStrategyTest[jvm]","com.georgeci.moneysurfer.navigation.SurferPaneSceneStrategyTest",""
"","30","rejects when invite already accepted[jvm]","","2026-07-29","passed","2026-07-29","","AcceptInviteUseCaseTest[jvm]","com.georgeci.moneysurfer.domain.usecase.AcceptInviteUseCaseTest",""
"","23","matches a whole word in the middle of a note[jvm]","","2026-07-29","passed","2026-07-29","","TransactionFtsIntegrationIT[jvm]","com.georgeci.moneysurfer.integration.repository.TransactionFtsIntegrationIT",""
"","135","a file with a foreign header posts InvalidFile and returns to Idle[jvm]","","2026-07-29","passed","2026-07-29","","CsvBackupViewModelTest[jvm]","com.georgeci.moneysurfer.feature.settings.csv.CsvBackupViewModelTest",""
"","13","a PAUSED goal rejects new contributions[jvm]","","2026-07-29","passed","2026-07-29","","GoalContributionUseCaseTest[jvm]","com.georgeci.moneysurfer.domain.usecase.GoalContributionUseCaseTest",""
"","21","the server kill switch is registered and remote-overridable[jvm]","","2026-07-29","passed","2026-07-29","","OnlineConfigGraphTest[jvm]","com.georgeci.moneysurfer.di.OnlineConfigGraphTest",""
"","4","last month is the whole previous month, not thirty days back[jvm]","","2026-07-29","passed","2026-07-29","","TransactionFilterMatchingTest[jvm]","com.georgeci.moneysurfer.feature.transaction.filter.TransactionFilterMatchingTest",""
"","9","no-op when hasUsedDemo is false (real-account-only flow)[jvm]","","2026-07-29","passed","2026-07-29","","WipeDemoDataUseCaseSpec[jvm]","com.georgeci.moneysurfer.domain.usecase.WipeDemoDataUseCaseSpec",""
"","2","CancellationException maps to SyncError.Cancelled[jvm]","","2026-07-29","passed","2026-07-29","","SyncErrorClassifierSpec[jvm]","com.georgeci.moneysurfer.sync.internal.SyncErrorClassifierSpec",""
"","56","member can create + read in budgets","","2026-07-29","passed","2026-07-29","","member-gated entities (smoke for the rest)","member-gated entities (smoke for the rest) member can create + read in budgets",""
"","3","enqueueUpsert generates a unique id per call[jvm]","","2026-07-29","passed","2026-07-29","","OutboxEnqueuerImplSpec[jvm]","com.georgeci.moneysurfer.sync.repository.OutboxEnqueuerImplSpec",""
"","25","accepts a category from an older client that omits iconKey and hue","","2026-07-29","passed","2026-07-29","","entity write-shape validation (issue #156)","entity write-shape validation (issue #156) accepts a category from an older client that omits iconKey and hue",""
"","8","the offline build carries its flag onto the form[jvm]","","2026-07-29","passed","2026-07-29","","WorkspaceCreationViewModelTest[jvm]","com.georgeci.moneysurfer.feature.workspace.creation.WorkspaceCreationViewModelTest",""
"","85","login rolls the session back and signs out when the bootstrap fails[jvm]","","2026-07-29","passed","2026-07-29","","AuthSessionRollbackTest[jvm]","com.georgeci.moneysurfer.domain.usecase.AuthSessionRollbackTest",""
"","24","replaceAll drops keys the new payload omits[jvm]","","2026-07-29","passed","2026-07-29","","RemoteConfigMirrorImplJvmTest[jvm]","com.georgeci.moneysurfer.data.config.RemoteConfigMirrorImplJvmTest",""
"","10","Running carries id, reasons, scope, currentStep[jvm]","","2026-07-29","passed","2026-07-29","","SyncStateSpec[jvm]","com.georgeci.moneysurfer.sync.api.SyncStateSpec",""
"","61","row referencing a missing account is reported and not inserted[jvm]","","2026-07-29","passed","2026-07-29","","CsvBackupIntegrationIT[jvm]","com.georgeci.moneysurfer.integration.repository.CsvBackupIntegrationIT",""
"","91","a list on its own is the list pane, with nothing to go back to inside it[jvm]","","2026-07-29","passed","2026-07-29","","SurferPaneSceneStrategyTest[jvm]","com.georgeci.moneysurfer.navigation.SurferPaneSceneStrategyTest",""
"","4","throwIfCancelled does nothing when active[jvm]","","2026-07-29","passed","2026-07-29","","SyncCancelTokenSpec[jvm]","com.georgeci.moneysurfer.sync.api.SyncCancelTokenSpec",""
"","34","OnArchiveConfirm archives the account, clears pending, and shows an undo snackbar[jvm]","","2026-07-29","passed","2026-07-29","","AccountsManageViewModelTest[jvm]","com.georgeci.moneysurfer.feature.account.manage.AccountsManageViewModelTest",""
"","2","build returns zeros by default[jvm]","","2026-07-29","passed","2026-07-29","","SyncSummaryBuilderSpec[jvm]","com.georgeci.moneysurfer.sync.api.SyncSummaryBuilderSpec",""
"","1","all counters compose into one summary[jvm]","","2026-07-29","passed","2026-07-29","","SyncSummaryBuilderSpec[jvm]","com.georgeci.moneysurfer.sync.api.SyncSummaryBuilderSpec",""
"","29","accepts a fully-populated, correctly-typed budget","","2026-07-29","passed","2026-07-29","","entity write-shape validation (issue #156)","entity write-shape validation (issue #156) accepts a fully-populated, correctly-typed budget",""
"","9","a category written before the appearance fields existed keeps its not-written sentinels[jvm]","","2026-07-29","passed","2026-07-29","","WorkspaceScopedDtoMapperSpec[jvm]","com.georgeci.moneysurfer.data.sync.WorkspaceScopedDtoMapperSpec",""
"","10","blank category id decodes to null instead of failing[jvm]","","2026-07-29","passed","2026-07-29","","TransactionCsvCodecTest[jvm]","com.georgeci.moneysurfer.domain.csv.TransactionCsvCodecTest",""
"","4","opened from Settings the screen has a back entry, so it offers no sign-out[jvm]","","2026-07-29","passed","2026-07-29","","WorkspaceSelectorViewModelTest[jvm]","com.georgeci.moneysurfer.feature.workspace.selector.WorkspaceSelectorViewModelTest",""
"","1","eligibleParents refuses a category that is already a child — the tree stays one level deep[jvm]","","2026-07-29","passed","2026-07-29","","CategoryTreeTest[jvm]","com.georgeci.moneysurfer.domain.model.CategoryTreeTest",""
"","4","tolerates DECLINED/CANCELLED past invites for the email[jvm]","","2026-07-29","passed","2026-07-29","","SendInviteUseCaseTest[jvm]","com.georgeci.moneysurfer.domain.usecase.SendInviteUseCaseTest",""
"","25","a category budget leaves the verdict off rather than judging every expense by it[jvm]","","2026-07-29","passed","2026-07-29","","GetBurnRateUseCaseTest[jvm]","com.georgeci.moneysurfer.domain.usecase.GetBurnRateUseCaseTest",""
"","18","creating a goal in the workspace base currency succeeds[jvm]","","2026-07-29","passed","2026-07-29","","SavingsGoalUseCaseTest[jvm]","com.georgeci.moneysurfer.domain.usecase.SavingsGoalUseCaseTest",""
"","5","the widest span is the whole row, and it is what a widget gets by default[jvm]","","2026-07-29","passed","2026-07-29","","DashboardLayoutConfigTest[jvm]","com.georgeci.moneysurfer.domain.dashboard.DashboardLayoutConfigTest",""
"","40","a member survives the round trip; the workspace comes from the path, not the doc[jvm]","","2026-07-29","passed","2026-07-29","","MembershipDtoMapperSpec[jvm]","com.georgeci.moneysurfer.data.sync.MembershipDtoMapperSpec",""
"","26","rejects a poison update of an existing account (balance as string)","","2026-07-29","passed","2026-07-29","","entity write-shape validation (issue #156)","entity write-shape validation (issue #156) rejects a poison update of an existing account (balance as string)",""
"","26","non-owner member cannot tombstone the workspace root doc","","2026-07-29","passed","2026-07-29","","tombstone update shape (push-side soft delete)","tombstone update shape (push-side soft delete) non-owner member cannot tombstone the workspace root doc",""
"","187","nobody signed in means no series to draw[jvm]","","2026-07-29","passed","2026-07-29","","GetBurnRateUseCaseTest[jvm]","com.georgeci.moneysurfer.domain.usecase.GetBurnRateUseCaseTest",""
"","8","transfers never count against a budget[jvm]","","2026-07-29","passed","2026-07-29","","BudgetProgressTest[jvm]","com.georgeci.moneysurfer.domain.model.BudgetProgressTest",""
"","3","the provider email stands in when the local row has no name[jvm]","","2026-07-29","passed","2026-07-29","","ShellIdentityTest[jvm]","com.georgeci.moneysurfer.navigation.ShellIdentityTest",""
"","22","a flag removed from the document stops being served[jvm]","","2026-07-29","passed","2026-07-29","","RemoteGlobalConfigSourceImplSpec[jvm]","com.georgeci.moneysurfer.appconfig.remote.RemoteGlobalConfigSourceImplSpec",""
"","115","SimpleCancelToken starts not cancelled[jvm]","","2026-07-29","passed","2026-07-29","","SyncCancelTokenSpec[jvm]","com.georgeci.moneysurfer.sync.api.SyncCancelTokenSpec",""
"","7","the uncategorized bucket is an entry with no category, and it counts towards the total[jvm]","","2026-07-29","passed","2026-07-29","","SpentByCategoryTest[jvm]","com.georgeci.moneysurfer.domain.model.SpentByCategoryTest",""
"","1","opening_balance behaves as a regular ACTUAL for cache[jvm]","","2026-07-29","passed","2026-07-29","","ApplyTransactionChangeUseCaseTest[jvm]","com.georgeci.moneysurfer.domain.usecase.ApplyTransactionChangeUseCaseTest",""
"","212","swiping a row away removes it, and the snackbar's Undo puts it back[jvm]","","2026-07-29","passed","2026-07-29","","TransactionsByAccountDeleteTest[jvm]","com.georgeci.moneysurfer.feature.transaction.list.TransactionsByAccountDeleteTest",""
"","380","the message line under a field is reserved, so an error does not move what follows[jvm]","","2026-07-29","passed","2026-07-29","","SurferFormFieldTest[jvm]","com.georgeci.moneysurfer.ui.SurferFormFieldTest",""
"","5","rejects when email already an active member[jvm]","","2026-07-29","passed","2026-07-29","","SendInviteUseCaseTest[jvm]","com.georgeci.moneysurfer.domain.usecase.SendInviteUseCaseTest",""
"","70","an operationDate that is a day that does not exist is counted by no aggregate[jvm]","","2026-07-29","passed","2026-07-29","","SpendAnalyticsRepositoryImplJvmTest[jvm]","com.georgeci.moneysurfer.data.repository.SpendAnalyticsRepositoryImplJvmTest",""
"","9","switching a widget off drops it from the dashboard and persists the layout[jvm]","","2026-07-29","passed","2026-07-29","","DashboardCustomizeViewModelTest[jvm]","com.georgeci.moneysurfer.feature.dashboard.customize.DashboardCustomizeViewModelTest",""
"","18","submitting a valid email with no password reports PasswordRequired[jvm]","","2026-07-29","passed","2026-07-29","","SignInViewModelTest[jvm]","com.georgeci.moneysurfer.feature.login.SignInViewModelTest",""
"","41","accepts a fully-populated, correctly-typed account","","2026-07-29","passed","2026-07-29","","entity write-shape validation (issue #156)","entity write-shape validation (issue #156) accepts a fully-populated, correctly-typed account",""
"","18","a rejected save keeps the user on the screen with their input[jvm]","","2026-07-29","passed","2026-07-29","","GoalEditViewModelTest[jvm]","com.georgeci.moneysurfer.feature.goal.edit.GoalEditViewModelTest",""
"","74","navigation follows edit mode and carries the clicked account id[jvm]","","2026-07-29","passed","2026-07-29","","AccountsManageViewModelTest[jvm]","com.georgeci.moneysurfer.feature.account.manage.AccountsManageViewModelTest",""
"","75","selection and sheet actions publish their corresponding effects[jvm]","","2026-07-29","passed","2026-07-29","","AccountChooserViewModelTest[jvm]","com.georgeci.moneysurfer.feature.account.picker.AccountChooserViewModelTest",""
"","13","a write is readable synchronously the moment edit returns[jvm]","","2026-07-29","passed","2026-07-29","","PreferencesMirrorJvmTest[jvm]","com.georgeci.moneysurfer.data.config.PreferencesMirrorJvmTest",""
"","0","shifting a week steps seven days from the week start[jvm]","","2026-07-29","passed","2026-07-29","","TransactionPeriodWindowTest[jvm]","com.georgeci.moneysurfer.domain.util.TransactionPeriodWindowTest",""
"","16","unauthenticated user is denied","","2026-07-29","passed","2026-07-29","","users/{uid}","users/{uid} unauthenticated user is denied",""
"","45","name input is truncated at the max length[jvm]","","2026-07-29","passed","2026-07-29","","CategoryCreationViewModelTest[jvm]","com.georgeci.moneysurfer.feature.category.creation.CategoryCreationViewModelTest",""
"","66","member can read and create a goal","","2026-07-29","passed","2026-07-29","","savings goals (issue #244)","savings goals (issue #244) member can read and create a goal",""
"","7","descendantsOf terminates on a cycle instead of looping forever[jvm]","","2026-07-29","passed","2026-07-29","","CategoryTreeTest[jvm]","com.georgeci.moneysurfer.domain.model.CategoryTreeTest",""
"","16","OnAccountMove reorders the list on screen and writes nothing until the row is dropped[jvm]","","2026-07-29","passed","2026-07-29","","AccountsManageViewModelTest[jvm]","com.georgeci.moneysurfer.feature.account.manage.AccountsManageViewModelTest",""
"","21","invitee cannot tombstone a PENDING invite (known limitation: only status transitions)","","2026-07-29","passed","2026-07-29","","tombstone update shape (push-side soft delete)","tombstone update shape (push-side soft delete) invitee cannot tombstone a PENDING invite (known limitation: only status transitions)",""
"","55","pairs the workspace base currency with the cached table and asks for a refresh[jvm]","","2026-07-29","passed","2026-07-29","","GetExchangeRatesUseCaseTest[jvm]","com.georgeci.moneysurfer.domain.usecase.GetExchangeRatesUseCaseTest",""
"","169","the user block reports a click when it is given a handler[jvm]","","2026-07-29","passed","2026-07-29","","SurferNavigationDrawerTest[jvm]","com.georgeci.moneysurfer.ui.SurferNavigationDrawerTest",""
"","1","arithmetic within the domain cap stays exact[jvm]","","2026-07-29","passed","2026-07-29","","MoneyTest[jvm]","com.georgeci.moneysurfer.domain.primitives.MoneyTest",""
"","113","export fails with BackupError.Io when the DataStore prefs file is missing[jvm]","","2026-07-29","passed","2026-07-29","","BackupExporterImplJvmTest[jvm]","com.georgeci.moneysurfer.data.backup.BackupExporterImplJvmTest",""
"","124","a degraded layer is called out above the rows[jvm]","","2026-07-29","passed","2026-07-29","","DebugConfigScreenStateTest[jvm]","com.georgeci.moneysurfer.ui.DebugConfigScreenStateTest",""
"","1","'42.123' (more than 2 cents)[jvm]","","2026-07-29","passed","2026-07-29","","AmountInputTransformationTest[jvm]","com.georgeci.moneysurfer.utils.AmountInputTransformationTest",""
"","41","an insert writes the row under the workspace's categories collection[jvm]","","2026-07-29","passed","2026-07-29","","CategorySyncPluginIT[jvm]","com.georgeci.moneysurfer.integration.plugin.CategorySyncPluginIT",""
"","170","inserts account with USD and round-trips currency + balance[jvm]","","2026-07-29","passed","2026-07-29","","AccountCreationIntegrationIT[jvm]","com.georgeci.moneysurfer.integration.repository.AccountCreationIntegrationIT",""
"","3","the icon and hue catalogues are the same length, so a slot always resolves both[jvm]","","2026-07-29","passed","2026-07-29","","CategoryAppearanceTest[jvm]","com.georgeci.moneysurfer.domain.model.CategoryAppearanceTest",""
"","115","the quick-actions row draws both shortcuts once a transfer is possible[jvm]","","2026-07-29","passed","2026-07-29","","DashboardScreenStateTest[jvm]","com.georgeci.moneysurfer.ui.DashboardScreenStateTest",""
"","17","user can create their own document","","2026-07-29","passed","2026-07-29","","users/{uid}","users/{uid} user can create their own document",""
"","4","the near-limit threshold is the budget's own alert percent[jvm]","","2026-07-29","passed","2026-07-29","","SpentByCategoryTest[jvm]","com.georgeci.moneysurfer.domain.model.SpentByCategoryTest",""
"","441","a truncated blob fails the MAC[jvm]","","2026-07-29","passed","2026-07-29","","EncryptedBackupCodecTest[jvm]","com.georgeci.moneysurfer.data.backup.EncryptedBackupCodecTest",""
"","2","a week in, the comparison rules speak again[jvm]","","2026-07-29","passed","2026-07-29","","InsightRulesTest[jvm]","com.georgeci.moneysurfer.domain.insight.InsightRulesTest",""
"","2","DEFAULT_BATCH_LIMIT is 100[jvm]","","2026-07-29","passed","2026-07-29","","PendingMutationQueueSpec[jvm]","com.georgeci.moneysurfer.sync.repository.PendingMutationQueueSpec",""
"","16","rejects a non-string value","","2026-07-29","passed","2026-07-29","","users/{uid}/config/{key}","users/{uid}/config/{key} rejects a non-string value",""
"","43","an undecodable stored value is absent-in-that-layer, so resolution continues downwards[jvm]","","2026-07-29","passed","2026-07-29","","LayeredConfigSpec[jvm]","com.georgeci.moneysurfer.appconfig.LayeredConfigSpec",""
"","184","the selected destination is the only one marked selected[jvm]","","2026-07-29","passed","2026-07-29","","SurferNavigationDrawerTest[jvm]","com.georgeci.moneysurfer.ui.SurferNavigationDrawerTest",""
"","19","enqueueUpsert is a no-op when app version is Unsupported[jvm]","","2026-07-29","passed","2026-07-29","","OutboxEnqueuerSpec[jvm]","com.georgeci.moneysurfer.data.sync.OutboxEnqueuerSpec",""
"","2","ProjectionSummary copy preserves equality semantics[jvm]","","2026-07-29","passed","2026-07-29","","ProjectionSpec[jvm]","com.georgeci.moneysurfer.sync.projection.ProjectionSpec",""
"","30","member can read","","2026-07-29","passed","2026-07-29","","member-gated entities (accounts)","member-gated entities (accounts) member can read",""
"","33","exposes id, status, steps, result via the SyncHandle interface[jvm]","","2026-07-29","passed","2026-07-29","","SyncHandleImplSpec[jvm]","com.georgeci.moneysurfer.sync.coordinator.SyncHandleImplSpec",""
"","6","removing a line below the minimum closes the editor rather than leaving one leg[jvm]","","2026-07-29","passed","2026-07-29","","TransactionCreationSplitEditingTest[jvm]","com.georgeci.moneysurfer.feature.transaction.creation.TransactionCreationSplitEditingTest",""
"","34","an undecodable override is rejected instead of stored[jvm]","","2026-07-29","passed","2026-07-29","","DebugConfigInspectorImplSpec[jvm]","com.georgeci.moneysurfer.appconfig.DebugConfigInspectorImplSpec",""
"","1","trailingMonths crosses a year boundary backwards[jvm]","","2026-07-29","passed","2026-07-29","","CategorySpendHistoryTest[jvm]","com.georgeci.moneysurfer.domain.model.CategorySpendHistoryTest",""
"","9","a row whose currency differs from the account currency is rejected[jvm]","","2026-07-29","passed","2026-07-29","","ImportTransactionsValidationTest[jvm]","com.georgeci.moneysurfer.domain.csv.ImportTransactionsValidationTest",""
"","12","the remote-owned fields come back empty rather than stale[jvm]","","2026-07-29","passed","2026-07-29","","UserRepositoryImplJvmTest[jvm]","com.georgeci.moneysurfer.data.repository.UserRepositoryImplJvmTest",""
"","24","owner can create a PENDING invite stamped with their uid","","2026-07-29","passed","2026-07-29","","invites — write","invites — write owner can create a PENDING invite stamped with their uid",""
"","2","blank ids in a remote list are dropped instead of becoming empty CSV segments[jvm]","","2026-07-29","passed","2026-07-29","","WorkspaceScopedDtoMapperSpec[jvm]","com.georgeci.moneysurfer.data.sync.WorkspaceScopedDtoMapperSpec",""
"","57","a failing first-run seed is logged and the route decision still happens[jvm]","","2026-07-29","passed","2026-07-29","","AppLaunchViewModelTest[jvm]","com.georgeci.moneysurfer.navigation.AppLaunchViewModelTest",""
"","28","picking a value writes it through — it is still there for the next screen instance[jvm]","","2026-07-29","passed","2026-07-29","","PreferencesViewModelTest[jvm]","com.georgeci.moneysurfer.feature.settings.preferences.PreferencesViewModelTest",""
"","1","abs of an ordinary negative amount is its magnitude[jvm]","","2026-07-29","passed","2026-07-29","","MoneyTest[jvm]","com.georgeci.moneysurfer.domain.primitives.MoneyTest",""
"","14","unknown delete targets and confirm without pending are safe no-ops[jvm]","","2026-07-29","passed","2026-07-29","","CategoriesManageViewModelTest[jvm]","com.georgeci.moneysurfer.feature.category.manage.CategoriesManageViewModelTest",""
"","5","owner whose co-members all LEFT or were REMOVED still purges[jvm]","","2026-07-29","passed","2026-07-29","","UserAccountDeletionRepositoryImplTest[jvm]","com.georgeci.moneysurfer.data.repository.UserAccountDeletionRepositoryImplTest",""
"","236","format negative amount[jvm]","","2026-07-29","passed","2026-07-29","","MoneyFormatterTest[jvm]","com.georgeci.moneysurfer.domain.MoneyFormatterTest",""
"","7","SyncHandleStatus.Failed carries error[jvm]","","2026-07-29","passed","2026-07-29","","SyncStateSpec[jvm]","com.georgeci.moneysurfer.sync.api.SyncStateSpec",""
"","11","archive missing the main DB entry surfaces MissingFile[jvm]","","2026-07-29","passed","2026-07-29","","BackupImporterImplJvmTest[jvm]","com.georgeci.moneysurfer.data.backup.BackupImporterImplJvmTest",""
"","3","per-transaction is null when nothing was booked this month[jvm]","","2026-07-29","passed","2026-07-29","","CategorySpendHistoryTest[jvm]","com.georgeci.moneysurfer.domain.model.CategorySpendHistoryTest",""
"","323","the grid-width section offers every span, on the one the widget already has[jvm]","","2026-07-29","passed","2026-07-29","","DashboardCustomizeScreenStateTest[jvm]","com.georgeci.moneysurfer.ui.DashboardCustomizeScreenStateTest",""
"","9","an absent document clears the mirror[jvm]","","2026-07-29","passed","2026-07-29","","RemoteGlobalConfigSourceImplSpec[jvm]","com.georgeci.moneysurfer.appconfig.remote.RemoteGlobalConfigSourceImplSpec",""
"","18","a second refresh within the day does not hit the provider again[jvm]","","2026-07-29","passed","2026-07-29","","ExchangeRateRepositoryImplJvmTest[jvm]","com.georgeci.moneysurfer.data.repository.ExchangeRateRepositoryImplJvmTest",""
"","47","a departed (LEFT) member can no longer read","","2026-07-29","passed","2026-07-29","","member-gated entities (accounts)","member-gated entities (accounts) a departed (LEFT) member can no longer read",""
"","3","actual → planned unwinds full impact[jvm]","","2026-07-29","passed","2026-07-29","","CalculateBalanceDeltaTest[jvm]","com.georgeci.moneysurfer.domain.model.CalculateBalanceDeltaTest",""
"","0","shifting a month steps whole months without short-month drift[jvm]","","2026-07-29","passed","2026-07-29","","TransactionPeriodWindowTest[jvm]","com.georgeci.moneysurfer.domain.util.TransactionPeriodWindowTest",""
"","4","an empty store means the default layout[jvm]","","2026-07-29","passed","2026-07-29","","DashboardLayoutCodecTest[jvm]","com.georgeci.moneysurfer.data.preferences.DashboardLayoutCodecTest",""
"","172","a full-window screen keeps its back arrow and its FAB[jvm]","","2026-07-29","passed","2026-07-29","","SurferPaneScaffoldTest[jvm]","com.georgeci.moneysurfer.ui.SurferPaneScaffoldTest",""
"","17","an ordinary row is not a split leg[jvm]","","2026-07-29","passed","2026-07-29","","TransactionsListSplitTest[jvm]","com.georgeci.moneysurfer.feature.transaction.list.TransactionsListSplitTest",""
"","149","tapping a budget row opens that budget, not the list[jvm]","","2026-07-29","passed","2026-07-29","","DashboardBudgetsViewModelTest[jvm]","com.georgeci.moneysurfer.feature.dashboard.DashboardBudgetsViewModelTest",""
"","57","non-member cannot read or create a contribution","","2026-07-29","passed","2026-07-29","","savings goals (issue #244)","savings goals (issue #244) non-member cannot read or create a contribution",""
"","0","Onboarding[jvm]","","2026-07-29","passed","2026-07-29","","RouteSerializationTest[jvm]","com.georgeci.moneysurfer.navigation.RouteSerializationTest",""
"","5","the dashboard layout stays device-scoped — a phone layout is wrong on a tablet[jvm]","","2026-07-29","passed","2026-07-29","","ConfigKeyScopeTest[jvm]","com.georgeci.moneysurfer.data.config.ConfigKeyScopeTest",""
"","3414","every widget renders a sample of itself in both size tiles[jvm]","","2026-07-29","passed","2026-07-29","","DashboardCustomizeScreenStateTest[jvm]","com.georgeci.moneysurfer.ui.DashboardCustomizeScreenStateTest",""
"","6","a tag containing the in-cell separator survives instead of splitting in two[jvm]","","2026-07-29","passed","2026-07-29","","TransactionCsvCodecTest[jvm]","com.georgeci.moneysurfer.domain.csv.TransactionCsvCodecTest",""
"","11","handle cancel on the only running request cancels the worker job[jvm]","","2026-07-29","passed","2026-07-29","","SyncCoordinatorImplBranchSpec[jvm]","com.georgeci.moneysurfer.sync.coordinator.SyncCoordinatorImplBranchSpec",""
"","9","walking back re-adds an expense before the day it was booked on[jvm]","","2026-07-29","passed","2026-07-29","","AccountBalanceSeriesTest[jvm]","com.georgeci.moneysurfer.domain.model.AccountBalanceSeriesTest",""
"","23","an upsert for a locally deleted row writes nothing[jvm]","","2026-07-29","passed","2026-07-29","","TransactionSyncPluginIT[jvm]","com.georgeci.moneysurfer.integration.plugin.TransactionSyncPluginIT",""
"","8","stale auth session surfaces RequiresRecentLogin after cleanup[jvm]","","2026-07-29","passed","2026-07-29","","DeleteUserAccountUseCaseTest[jvm]","com.georgeci.moneysurfer.domain.usecase.DeleteUserAccountUseCaseTest",""
"","7","addWorkspaceRef fires with the new workspace id so users/{uid}.workspaceIds is filled[jvm]","","2026-07-29","passed","2026-07-29","","CreateWorkspaceUseCaseTest[jvm]","com.georgeci.moneysurfer.domain.usecase.CreateWorkspaceUseCaseTest",""
"","28","non-member cannot tombstone an account","","2026-07-29","passed","2026-07-29","","tombstone update shape (push-side soft delete)","tombstone update shape (push-side soft delete) non-member cannot tombstone an account",""
"","258","picking a tile reports the whole card style, keeping the half that was not touched[jvm]","","2026-07-29","passed","2026-07-29","","DashboardCustomizeScreenStateTest[jvm]","com.georgeci.moneysurfer.ui.DashboardCustomizeScreenStateTest",""
"","21","update bumps updatedAt and enqueues UPDATE[jvm]","","2026-07-29","passed","2026-07-29","","WorkspaceMemberRepositoryDualWriteSpec[jvm]","com.georgeci.moneysurfer.data.repository.WorkspaceMemberRepositoryDualWriteSpec",""
"","137","a rise maps to the warning sentence, with both amounts formatted in the base currency[jvm]","","2026-07-29","passed","2026-07-29","","DashboardInsightsViewModelTest[jvm]","com.georgeci.moneysurfer.feature.dashboard.DashboardInsightsViewModelTest",""
"","16","syncAll is a no-op when sync is disabled[jvm]","","2026-07-29","passed","2026-07-29","","SyncCoordinatorWorkspaceSyncerSpec[jvm]","com.georgeci.moneysurfer.data.sync.SyncCoordinatorWorkspaceSyncerSpec",""
"","206","a build without transfers draws no quick-actions row[jvm]","","2026-07-29","passed","2026-07-29","","DashboardScreenStateTest[jvm]","com.georgeci.moneysurfer.ui.DashboardScreenStateTest",""
"","3","every SyncScope variant currently uses null workspace filter (cross-workspace push)[jvm]","","2026-07-29","passed","2026-07-29","","PendingMutationQueueImplSpec[jvm]","com.georgeci.moneysurfer.sync.internal.repository.PendingMutationQueueImplSpec",""
"","102","falls back to Missing when the category is deleted under an open screen[jvm]","","2026-07-29","passed","2026-07-29","","CategoryDetailsViewModelTest[jvm]","com.georgeci.moneysurfer.feature.category.details.CategoryDetailsViewModelTest",""
"","8","a merchant starting with a formula trigger is neutralised on encode[jvm]","","2026-07-29","passed","2026-07-29","","TransactionCsvCodecTest[jvm]","com.georgeci.moneysurfer.domain.csv.TransactionCsvCodecTest",""
"","7","caps at MAX_TAGS[jvm]","","2026-07-29","passed","2026-07-29","","TransactionTagsTest[jvm]","com.georgeci.moneysurfer.domain.model.TransactionTagsTest",""
"","34","a written value round-trips after hydrate[jvm]","","2026-07-29","passed","2026-07-29","","LocalConfigSourceImplJvmTest[jvm]","com.georgeci.moneysurfer.data.config.LocalConfigSourceImplJvmTest",""
"","26","update preserves createdAt and enqueues UPDATE[jvm]","","2026-07-29","passed","2026-07-29","","GoalRepositoryDualWriteSpec[jvm]","com.georgeci.moneysurfer.data.repository.GoalRepositoryDualWriteSpec",""
"","498","the confirmation dialog is rendered from state, not from a click inside the screen[jvm]","","2026-07-29","passed","2026-07-29","","SyncScreenStateTest[jvm]","com.georgeci.moneysurfer.ui.SyncScreenStateTest",""
"","40","archiving stamps archivedAt and restoring clears it[jvm]","","2026-07-29","passed","2026-07-29","","AccountCreationIntegrationIT[jvm]","com.georgeci.moneysurfer.integration.repository.AccountCreationIntegrationIT",""
"","33","a write is readable through peek the moment it returns[jvm]","","2026-07-29","passed","2026-07-29","","LocalConfigSourceImplJvmTest[jvm]","com.georgeci.moneysurfer.data.config.LocalConfigSourceImplJvmTest",""
"","22","enqueueUpsert rejects DELETE operation[jvm]","","2026-07-29","passed","2026-07-29","","OutboxEnqueuerSpec[jvm]","com.georgeci.moneysurfer.data.sync.OutboxEnqueuerSpec",""
"","17","an undecodable document is skipped rather than taking the pull down[jvm]","","2026-07-29","passed","2026-07-29","","CategorySyncPluginIT[jvm]","com.georgeci.moneysurfer.integration.plugin.CategorySyncPluginIT",""
"","6","email mapping pointing at a different uid is preserved[jvm]","","2026-07-29","passed","2026-07-29","","UserAccountDeletionRepositoryImplTest[jvm]","com.georgeci.moneysurfer.data.repository.UserAccountDeletionRepositoryImplTest",""
"","7","rejects when a PENDING invite for the email already exists[jvm]","","2026-07-29","passed","2026-07-29","","SendInviteUseCaseTest[jvm]","com.georgeci.moneysurfer.domain.usecase.SendInviteUseCaseTest",""
"","30","a sign-in whose cloud workspaces never reached the device says so on the way out[jvm]","","2026-07-29","passed","2026-07-29","","SignInViewModelTest[jvm]","com.georgeci.moneysurfer.feature.login.SignInViewModelTest",""
"","6","deleting one leg of a split takes the whole receipt with it[jvm]","","2026-07-29","passed","2026-07-29","","DeleteTransactionUseCaseTest[jvm]","com.georgeci.moneysurfer.domain.usecase.DeleteTransactionUseCaseTest",""
"","1","no schedules at all means no sentence about them[jvm]","","2026-07-29","passed","2026-07-29","","InsightRulesTest[jvm]","com.georgeci.moneysurfer.domain.insight.InsightRulesTest",""
"","1","a percentage jump on pocket change is filtered out, the one beside it is not[jvm]","","2026-07-29","passed","2026-07-29","","InsightRulesTest[jvm]","com.georgeci.moneysurfer.domain.insight.InsightRulesTest",""
"","6","dark scheme: paired on/container tokens clear AA[jvm]","","2026-07-29","passed","2026-07-29","","ColorContrastTest[jvm]","com.georgeci.moneysurfer.uikit.theme.ColorContrastTest",""
"","2","a quote small enough to overflow the total counts as missing, not as a clamped balance[jvm]","","2026-07-29","passed","2026-07-29","","ConvertAccountsTotalUseCaseTest[jvm]","com.georgeci.moneysurfer.domain.usecase.ConvertAccountsTotalUseCaseTest",""
"","1","every decoded code survives a re-encode[jvm]","","2026-07-29","passed","2026-07-29","","CurrencyCodeCodecTest[jvm]","com.georgeci.moneysurfer.data.config.CurrencyCodeCodecTest",""
"","0","'.5' -> '.5'[jvm]","","2026-07-29","passed","2026-07-29","","AmountInputTransformationTest[jvm]","com.georgeci.moneysurfer.utils.AmountInputTransformationTest",""
"","1","reorder surfaces a repository failure instead of throwing[jvm]","","2026-07-29","passed","2026-07-29","","AccountWriteUseCasesTest[jvm]","com.georgeci.moneysurfer.domain.usecase.AccountWriteUseCasesTest",""
"","6","re-running the migration is a no-op rather than an error[jvm]","","2026-07-29","passed","2026-07-29","","ConfigEntryMigrationIT[jvm]","com.georgeci.moneysurfer.integration.repository.ConfigEntryMigrationIT",""
"","16","no host key is remote-overridable[jvm]","","2026-07-29","passed","2026-07-29","","OnlineConfigGraphTest[jvm]","com.georgeci.moneysurfer.di.OnlineConfigGraphTest",""
"","26","a line left without a category blocks the save[jvm]","","2026-07-29","passed","2026-07-29","","TransactionCreationSplitTest[jvm]","com.georgeci.moneysurfer.feature.transaction.creation.TransactionCreationSplitTest",""
"","67","a 411 dp phone window at 2x density reports Compact[jvm]","","2026-07-29","passed","2026-07-29","","SurferWindowSizeCompositionTest[jvm]","com.georgeci.moneysurfer.ui.SurferWindowSizeCompositionTest",""
"","494","a successful create persists the trimmed form and navigates back[jvm]","","2026-07-29","passed","2026-07-29","","WorkspaceCreationViewModelTest[jvm]","com.georgeci.moneysurfer.feature.workspace.creation.WorkspaceCreationViewModelTest",""
"","2","rows that predate the column are live, not deleted[jvm]","","2026-07-29","passed","2026-07-29","","TransactionSoftDeleteMigrationIT[jvm]","com.georgeci.moneysurfer.integration.repository.TransactionSoftDeleteMigrationIT",""
"","10","cleanup failure surfaces CleanupFailed notice[jvm]","","2026-07-29","passed","2026-07-29","","DeleteUserAccountViewModelTest[jvm]","com.georgeci.moneysurfer.feature.settings.account.DeleteUserAccountViewModelTest",""
"","10","toString contains the id and entityType[jvm]","","2026-07-29","passed","2026-07-29","","PendingMutationSpec[jvm]","com.georgeci.moneysurfer.sync.repository.PendingMutationSpec",""
"","3","'+5' (plus sign)[jvm]","","2026-07-29","passed","2026-07-29","","AmountInputTransformationTest[jvm]","com.georgeci.moneysurfer.utils.AmountInputTransformationTest",""
"","4","no budget at all caps nothing[jvm]","","2026-07-29","passed","2026-07-29","","BurnRateTest[jvm]","com.georgeci.moneysurfer.domain.model.BurnRateTest",""
"","1","the uncategorized bucket is a subject like any other[jvm]","","2026-07-29","passed","2026-07-29","","InsightRulesTest[jvm]","com.georgeci.moneysurfer.domain.insight.InsightRulesTest",""
"","25","the pinned workspace is preselected so Confirm works without touching a row[jvm]","","2026-07-29","passed","2026-07-29","","WorkspaceSelectorViewModelTest[jvm]","com.georgeci.moneysurfer.feature.workspace.selector.WorkspaceSelectorViewModelTest",""
"","198","a sparse search keeps loading until deep matches surface, not showing nothing[jvm]","","2026-07-29","passed","2026-07-29","","TransactionsByAccountFilteringTest[jvm]","com.georgeci.moneysurfer.feature.transaction.list.TransactionsByAccountFilteringTest",""
"","4","a display name wins over the provider email[jvm]","","2026-07-29","passed","2026-07-29","","ShellIdentityTest[jvm]","com.georgeci.moneysurfer.navigation.ShellIdentityTest",""
"","5","the split id becomes writable and reads back[jvm]","","2026-07-29","passed","2026-07-29","","TransactionSplitIdMigrationIT[jvm]","com.georgeci.moneysurfer.integration.repository.TransactionSplitIdMigrationIT",""
"","27","an older remote doc does not resurrect a locally deleted row[jvm]","","2026-07-29","passed","2026-07-29","","TransactionSyncPluginIT[jvm]","com.georgeci.moneysurfer.integration.plugin.TransactionSyncPluginIT",""
"","1","times that overflows Long throws instead of wrapping[jvm]","","2026-07-29","passed","2026-07-29","","MoneyTest[jvm]","com.georgeci.moneysurfer.domain.primitives.MoneyTest",""
"","47","opens on the month containing today[jvm]","","2026-07-29","passed","2026-07-29","","TransactionsByAccountPeriodTest[jvm]","com.georgeci.moneysurfer.feature.transaction.list.TransactionsByAccountPeriodTest",""
"","18","only the manage section is captioned[jvm]","","2026-07-29","passed","2026-07-29","","NavigationShellTest[jvm]","com.georgeci.moneysurfer.navigation.NavigationShellTest",""
"","58","unauthenticated user can read the flag document","","2026-07-29","passed","2026-07-29","","appConfig/{docId}","appConfig/{docId} unauthenticated user can read the flag document",""
"","37","invitee can decline by email match (no targetUserId on doc)","","2026-07-29","passed","2026-07-29","","invites — update / delete","invites — update / delete invitee can decline by email match (no targetUserId on doc)",""
"","5","a workspace created elsewhere shows up without reopening the screen[jvm]","","2026-07-29","passed","2026-07-29","","WorkspaceSelectorViewModelTest[jvm]","com.georgeci.moneysurfer.feature.workspace.selector.WorkspaceSelectorViewModelTest",""
"","16","pushAll failure surfaces as RemoteSyncFailed and skips addRef + pin[jvm]","","2026-07-29","passed","2026-07-29","","CreateWorkspaceUseCaseTest[jvm]","com.georgeci.moneysurfer.domain.usecase.CreateWorkspaceUseCaseTest",""
"","37","invited user CANNOT self-create against a CANCELLED invite","","2026-07-29","passed","2026-07-29","","workspaces/{wid}/members/{uid}","workspaces/{wid}/members/{uid} invited user CANNOT self-create against a CANCELLED invite",""
"","293","a single account draws no quick-actions row — there is nowhere to transfer to[jvm]","","2026-07-29","passed","2026-07-29","","DashboardScreenStateTest[jvm]","com.georgeci.moneysurfer.ui.DashboardScreenStateTest",""
"","16","each picker writes to its own preference and to no other[jvm]","","2026-07-29","passed","2026-07-29","","PreferencesViewModelTest[jvm]","com.georgeci.moneysurfer.feature.settings.preferences.PreferencesViewModelTest",""
"","23","rejects a goal whose title is a number","","2026-07-29","passed","2026-07-29","","savings goals (issue #244)","savings goals (issue #244) rejects a goal whose title is a number",""
"","0","epochMillis=-1000[jvm]","","2026-07-29","passed","2026-07-29","","TimeFormatterTest[jvm]","com.georgeci.moneysurfer.data.repository.TimeFormatterTest",""
"","21","a goal round-trips through the wire format[jvm]","","2026-07-29","passed","2026-07-29","","GoalDtoMapperSpec[jvm]","com.georgeci.moneysurfer.data.sync.GoalDtoMapperSpec",""
"","23","an id the workspace does not know is skipped without leaving a hole in the numbering[jvm]","","2026-07-29","passed","2026-07-29","","AccountSortOrderIntegrationIT[jvm]","com.georgeci.moneysurfer.integration.repository.AccountSortOrderIntegrationIT",""
"","3","SyncMeta supports null timestamps for fresh workspaces[jvm]","","2026-07-29","passed","2026-07-29","","SyncMetaRepositorySpec[jvm]","com.georgeci.moneysurfer.sync.repository.SyncMetaRepositorySpec",""
"","8","SettingsCsv[jvm]","","2026-07-29","passed","2026-07-29","","RouteSerializationTest[jvm]","com.georgeci.moneysurfer.navigation.RouteSerializationTest",""
"","16","patch stamps deletedAt and updatedAt from the mutation enqueue time[jvm]","","2026-07-29","passed","2026-07-29","","TombstonePatchSpec[jvm]","com.georgeci.moneysurfer.data.sync.plugin.TombstonePatchSpec",""
"","0","CategoryCreation[jvm]","","2026-07-29","passed","2026-07-29","","RouteSerializationTest[jvm]","com.georgeci.moneysurfer.navigation.RouteSerializationTest",""
"","27","goal create is blocked when clientVersionCode is missing","","2026-07-29","passed","2026-07-29","","savings goals (issue #244)","savings goals (issue #244) goal create is blocked when clientVersionCode is missing",""
"","4","switching a widget on appends it after the last enabled one, before the still-off ones[jvm]","","2026-07-29","passed","2026-07-29","","DashboardLayoutConfigTest[jvm]","com.georgeci.moneysurfer.domain.dashboard.DashboardLayoutConfigTest",""
"","348","inline form-level error renders the shared error text[jvm]","","2026-07-29","passed","2026-07-29","","SignInScreenStateTest[jvm]","com.georgeci.moneysurfer.ui.SignInScreenStateTest",""
"","9","dangerous merchants and tags survive a full CSV round-trip unchanged[jvm]","","2026-07-29","passed","2026-07-29","","TransactionCsvCodecTest[jvm]","com.georgeci.moneysurfer.domain.csv.TransactionCsvCodecTest",""
"","3","an overspent budget reports a negative remainder rather than flooring at zero[jvm]","","2026-07-29","passed","2026-07-29","","SafeToSpendTest[jvm]","com.georgeci.moneysurfer.domain.model.SafeToSpendTest",""
"","7","Enqueue merges into existing pending request[jvm]","","2026-07-29","passed","2026-07-29","","SyncCoordinatorImplBranchSpec[jvm]","com.georgeci.moneysurfer.sync.coordinator.SyncCoordinatorImplBranchSpec",""
"","1","spending past the cap reads OVER, and the fraction is allowed past one[jvm]","","2026-07-29","passed","2026-07-29","","SpentByCategoryTest[jvm]","com.georgeci.moneysurfer.domain.model.SpentByCategoryTest",""
"","2","a padded day name from a remote doc is trimmed rather than dropped[jvm]","","2026-07-29","passed","2026-07-29","","RecurringRuleDtoMapperSpec[jvm]","com.georgeci.moneysurfer.data.sync.RecurringRuleDtoMapperSpec",""
"","1","remote newer than local → take remote[jvm]","","2026-07-29","passed","2026-07-29","","LwwConflictResolverSpec[jvm]","com.georgeci.moneysurfer.sync.repository.LwwConflictResolverSpec",""
"","25","the migration creates config_entry with the columns the entity declares[jvm]","","2026-07-29","passed","2026-07-29","","ConfigEntryMigrationIT[jvm]","com.georgeci.moneysurfer.integration.repository.ConfigEntryMigrationIT",""
"","1","set merge with only Indefinite reasons stays Indefinite[jvm]","","2026-07-29","passed","2026-07-29","","NetworkWaitModeSpec[jvm]","com.georgeci.moneysurfer.sync.network.NetworkWaitModeSpec",""
"","88","a failed account write is reported and leaves no half-made account behind[jvm]","","2026-07-29","passed","2026-07-29","","AccountCreationViewModelTest[jvm]","com.georgeci.moneysurfer.feature.account.creation.AccountCreationViewModelTest",""
"","5","a layer that failed to load is carried into state so the panel can say so[jvm]","","2026-07-29","passed","2026-07-29","","DebugConfigViewModelTest[jvm]","com.georgeci.moneysurfer.feature.settings.debug.DebugConfigViewModelTest",""
"","20","a custom field that duplicates a field already on the form is ignored[jvm]","","2026-07-29","passed","2026-07-29","","AccountCreationViewModelTest[jvm]","com.georgeci.moneysurfer.feature.account.creation.AccountCreationViewModelTest",""
"","36","an unreadable config_entry degrades the layer instead of throwing[jvm]","","2026-07-29","passed","2026-07-29","","LocalConfigSourceImplJvmTest[jvm]","com.georgeci.moneysurfer.data.config.LocalConfigSourceImplJvmTest",""
"","12","different ids spread across the palette rather than collapsing onto one colour[jvm]","","2026-07-29","passed","2026-07-29","","CategoryAppearanceTest[jvm]","com.georgeci.moneysurfer.domain.model.CategoryAppearanceTest",""
"","69","Confirm pins the pending workspace and heads to the dashboard[jvm]","","2026-07-29","passed","2026-07-29","","WorkspaceSelectorViewModelTest[jvm]","com.georgeci.moneysurfer.feature.workspace.selector.WorkspaceSelectorViewModelTest",""
"","16","a workspace that has not landed yet leaves the trend empty, then fills it in[jvm]","","2026-07-29","passed","2026-07-29","","CategoryDetailsViewModelTest[jvm]","com.georgeci.moneysurfer.feature.category.details.CategoryDetailsViewModelTest",""
"","1777","password is masked until the reveal toggle is tapped[jvm]","","2026-07-29","passed","2026-07-29","","SignInScreenStateTest[jvm]","com.georgeci.moneysurfer.ui.SignInScreenStateTest",""
"","27","the window reports each row's split group size, and zero for rows outside a split[jvm]","","2026-07-29","passed","2026-07-29","","TransactionWindowIntegrationIT[jvm]","com.georgeci.moneysurfer.integration.repository.TransactionWindowIntegrationIT",""
"","21","pendingCount Flow reflects active row count[jvm]","","2026-07-29","passed","2026-07-29","","PendingMutationQueueIntegrationIT[jvm]","com.georgeci.moneysurfer.integration.sync.PendingMutationQueueIntegrationIT",""
"","21","transaction rows expose fallback titles transfer and split identity[jvm]","","2026-07-29","passed","2026-07-29","","AccountDetailsViewModelTest[jvm]","com.georgeci.moneysurfer.feature.account.details.AccountDetailsViewModelTest",""
"","48","delete removes the transaction and shows an undo snackbar[jvm]","","2026-07-29","passed","2026-07-29","","TransactionDetailsViewModelTest[jvm]","com.georgeci.moneysurfer.feature.transaction.details.TransactionDetailsViewModelTest",""
"","70","create stores the account[jvm]","","2026-07-29","passed","2026-07-29","","AccountWriteUseCasesTest[jvm]","com.georgeci.moneysurfer.domain.usecase.AccountWriteUseCasesTest",""
"","20","non-owner cannot hard-delete an invite","","2026-07-29","passed","2026-07-29","","invites — update / delete","invites — update / delete non-owner cannot hard-delete an invite",""
"","2","a re-emission resolves a previously stale selected category name[jvm]","","2026-07-29","passed","2026-07-29","","CategoryChooserViewModelTest[jvm]","com.georgeci.moneysurfer.feature.category.picker.CategoryChooserViewModelTest",""
"","31","invitee can accept by targetUserId match","","2026-07-29","passed","2026-07-29","","invites — update / delete","invites — update / delete invitee can accept by targetUserId match",""
"","3088","an on-dashboard row shows the card style it is set to, and opens the picker[jvm]","","2026-07-29","passed","2026-07-29","","DashboardCustomizeScreenStateTest[jvm]","com.georgeci.moneysurfer.ui.DashboardCustomizeScreenStateTest",""
"","8","the mapper leaves the invite id off the member doc[jvm]","","2026-07-29","passed","2026-07-29","","MembershipDtoMapperSpec[jvm]","com.georgeci.moneysurfer.data.sync.MembershipDtoMapperSpec",""
"","22","accepts a minimal goal with default-valued fields omitted","","2026-07-29","passed","2026-07-29","","savings goals (issue #244)","savings goals (issue #244) accepts a minimal goal with default-valued fields omitted",""
"","10","create surfaces a repository failure instead of throwing[jvm]","","2026-07-29","passed","2026-07-29","","AccountWriteUseCasesTest[jvm]","com.georgeci.moneysurfer.domain.usecase.AccountWriteUseCasesTest",""
"","85","a delete writes a tombstone patch stamped with the enqueue time[jvm]","","2026-07-29","passed","2026-07-29","","AccountSyncPluginIT[jvm]","com.georgeci.moneysurfer.integration.plugin.AccountSyncPluginIT",""
"","18","pending honours the limit[jvm]","","2026-07-29","passed","2026-07-29","","PendingMutationQueueImplSpec[jvm]","com.georgeci.moneysurfer.sync.internal.repository.PendingMutationQueueImplSpec",""
"","1","valid ISO -> LocalDate[jvm]","","2026-07-29","passed","2026-07-29","","TimeFormatterTest[jvm]","com.georgeci.moneysurfer.data.repository.TimeFormatterTest",""
"","27","searching an amount tolerates the cents the user did not type[jvm]","","2026-07-29","passed","2026-07-29","","TransactionsByAccountFilteringTest[jvm]","com.georgeci.moneysurfer.feature.transaction.list.TransactionsByAccountFilteringTest",""
"","13","clearSynced empties config_entry and the snapshot behind peek, but not the preferences[jvm]","","2026-07-29","passed","2026-07-29","","LocalConfigSourceImplJvmTest[jvm]","com.georgeci.moneysurfer.data.config.LocalConfigSourceImplJvmTest",""
"","1541","every registered configuration key name is unique across the whole graph[jvm]","","2026-07-29","passed","2026-07-29","","OnlineConfigGraphTest[jvm]","com.georgeci.moneysurfer.di.OnlineConfigGraphTest",""
"","27","saving under a multi-category budget adds no second overlapping limit[jvm]","","2026-07-29","passed","2026-07-29","","CategoryCreationViewModelTest[jvm]","com.georgeci.moneysurfer.feature.category.creation.CategoryCreationViewModelTest",""
"","1","parse returns null for incomplete input and a number otherwise[jvm]","","2026-07-29","passed","2026-07-29","","InitialBalanceInputTest[jvm]","com.georgeci.moneysurfer.feature.account.creation.InitialBalanceInputTest",""
"","63","OnAccountMoveEnd persists the order the drag built up[jvm]","","2026-07-29","passed","2026-07-29","","AccountsManageViewModelTest[jvm]","com.georgeci.moneysurfer.feature.account.manage.AccountsManageViewModelTest",""
"","1","fields are exposed[jvm]","","2026-07-29","passed","2026-07-29","","PendingMutationSpec[jvm]","com.georgeci.moneysurfer.sync.repository.PendingMutationSpec",""
"","6","enqueueUpsert is a no-op when demo session[jvm]","","2026-07-29","passed","2026-07-29","","OutboxEnqueuerSpec[jvm]","com.georgeci.moneysurfer.data.sync.OutboxEnqueuerSpec",""
"","26","Transfer is unreachable when the host disables it[jvm]","","2026-07-29","passed","2026-07-29","","TransactionCreationSaveTest[jvm]","com.georgeci.moneysurfer.feature.transaction.creation.TransactionCreationSaveTest",""
"","12","an account without extra details reports an empty list rather than a blank section[jvm]","","2026-07-29","passed","2026-07-29","","AccountDetailsViewModelTest[jvm]","com.georgeci.moneysurfer.feature.account.details.AccountDetailsViewModelTest",""
"","95","online build layer keeps the full surface, sync included[jvm]","","2026-07-29","passed","2026-07-29","","OnlineConfigGraphTest[jvm]","com.georgeci.moneysurfer.di.OnlineConfigGraphTest",""
"","2","minus that overflows Long on the positive side throws instead of wrapping[jvm]","","2026-07-29","passed","2026-07-29","","MoneyTest[jvm]","com.georgeci.moneysurfer.domain.primitives.MoneyTest",""
"","15","publishes accounts and keeps the selected id[jvm]","","2026-07-29","passed","2026-07-29","","AccountChooserViewModelTest[jvm]","com.georgeci.moneysurfer.feature.account.picker.AccountChooserViewModelTest",""
"","25","each base currency keeps its own cache and its own staleness clock[jvm]","","2026-07-29","passed","2026-07-29","","ExchangeRateRepositoryImplJvmTest[jvm]","com.georgeci.moneysurfer.data.repository.ExchangeRateRepositoryImplJvmTest",""
"","3","'42,50' -> '42.50'[jvm]","","2026-07-29","passed","2026-07-29","","AmountInputTransformationTest[jvm]","com.georgeci.moneysurfer.utils.AmountInputTransformationTest",""
"","20","a malformed base url reads as no answer rather than throwing[jvm]","","2026-07-29","passed","2026-07-29","","HttpExchangeRateRemoteSourceJvmTest[jvm]","com.georgeci.moneysurfer.data.remote.HttpExchangeRateRemoteSourceJvmTest",""
"","23","hard-delete is denied for non-owner members","","2026-07-29","passed","2026-07-29","","member-gated entities (accounts)","member-gated entities (accounts) hard-delete is denied for non-owner members",""
"","3","a half-typed bound reads as the digits so far, and nonsense is ignored[jvm]","","2026-07-29","passed","2026-07-29","","TransactionFilterMatchingTest[jvm]","com.georgeci.moneysurfer.feature.transaction.filter.TransactionFilterMatchingTest",""
"","26","clearing an override falls back to the layer underneath[jvm]","","2026-07-29","passed","2026-07-29","","DebugConfigInspectorImplSpec[jvm]","com.georgeci.moneysurfer.appconfig.DebugConfigInspectorImplSpec",""
"","19","a user can create a setting of their own","","2026-07-29","passed","2026-07-29","","users/{uid}/config/{key}","users/{uid}/config/{key} a user can create a setting of their own",""
"","3","merge keeps narrower scope when both narrow[jvm]","","2026-07-29","passed","2026-07-29","","MergedSyncRequestSpec[jvm]","com.georgeci.moneysurfer.sync.coordinator.MergedSyncRequestSpec",""
"","26","rejects an account whose string name is a number","","2026-07-29","passed","2026-07-29","","entity write-shape validation (issue #156)","entity write-shape validation (issue #156) rejects an account whose string name is a number",""
"","1","strips the CSV separator instead of splitting or rejecting[jvm]","","2026-07-29","passed","2026-07-29","","TransactionTagsTest[jvm]","com.georgeci.moneysurfer.domain.model.TransactionTagsTest",""
"","42","a foreign-currency expense is absent from the categories and reported as excluded[jvm]","","2026-07-29","passed","2026-07-29","","SpendAnalyticsRepositoryImplJvmTest[jvm]","com.georgeci.moneysurfer.data.repository.SpendAnalyticsRepositoryImplJvmTest",""
"","34","re-currencies the seeded account so the Dashboard total follows the choice[jvm]","","2026-07-29","passed","2026-07-29","","WorkspaceCurrencyIntegrationIT[jvm]","com.georgeci.moneysurfer.integration.repository.WorkspaceCurrencyIntegrationIT",""
"","33","a signed-out session promotes to an empty Content rather than spinning forever[jvm]","","2026-07-29","passed","2026-07-29","","WorkspaceSelectorViewModelTest[jvm]","com.georgeci.moneysurfer.feature.workspace.selector.WorkspaceSelectorViewModelTest",""
"","4","a workspace full of budgets that miss this category still leaves the control free[jvm]","","2026-07-29","passed","2026-07-29","","CategoryCapCoverageTest[jvm]","com.georgeci.moneysurfer.domain.model.CategoryCapCoverageTest",""
"","7","an unreadable span falls back to full width, keeping the rest of the item[jvm]","","2026-07-29","passed","2026-07-29","","DashboardLayoutCodecTest[jvm]","com.georgeci.moneysurfer.data.preferences.DashboardLayoutCodecTest",""
"","52","the query covers the chart's week and the month behind it in one window[jvm]","","2026-07-29","passed","2026-07-29","","GetBurnRateUseCaseTest[jvm]","com.georgeci.moneysurfer.domain.usecase.GetBurnRateUseCaseTest",""
"","6","a zero limit reads as 0 % rather than dividing by zero[jvm]","","2026-07-29","passed","2026-07-29","","BudgetProgressTest[jvm]","com.georgeci.moneysurfer.domain.model.BudgetProgressTest",""
"","5","upload progress emits UploadingEntity into running state[jvm]","","2026-07-29","passed","2026-07-29","","SyncCoordinatorImplBranchSpec[jvm]","com.georgeci.moneysurfer.sync.coordinator.SyncCoordinatorImplBranchSpec",""
"","17","an update keeps the stored createdAt and stamps updatedAt from the clock[jvm]","","2026-07-29","passed","2026-07-29","","RecurringRuleRepositoryImplJvmTest[jvm]","com.georgeci.moneysurfer.data.repository.RecurringRuleRepositoryImplJvmTest",""
"","3","Started title[jvm]","","2026-07-29","passed","2026-07-29","","SyncStepSpec[jvm]","com.georgeci.moneysurfer.sync.api.SyncStepSpec",""
"","2","existing data is untouched — the migration is a pure addition[jvm]","","2026-07-29","passed","2026-07-29","","ConfigEntryMigrationIT[jvm]","com.georgeci.moneysurfer.integration.repository.ConfigEntryMigrationIT",""
"","5","abs of Long.MIN_VALUE throws instead of returning a negative magnitude[jvm]","","2026-07-29","passed","2026-07-29","","MoneyTest[jvm]","com.georgeci.moneysurfer.domain.primitives.MoneyTest",""
"","9","cancelCurrent terminates running with Cancelled[jvm]","","2026-07-29","passed","2026-07-29","","SyncCoordinatorImplSpec[jvm]","com.georgeci.moneysurfer.sync.coordinator.SyncCoordinatorImplSpec",""
"","9","picking categories narrows the budget, and All categories clears it again[jvm]","","2026-07-29","passed","2026-07-29","","BudgetEditViewModelTest[jvm]","com.georgeci.moneysurfer.feature.budget.edit.BudgetEditViewModelTest",""
"","10","the period total is compared whichever way it moved[jvm]","","2026-07-29","passed","2026-07-29","","InsightRulesTest[jvm]","com.georgeci.moneysurfer.domain.insight.InsightRulesTest",""
"","25","the offline build carries its flag onto the dashboard[jvm]","","2026-07-29","passed","2026-07-29","","DashboardViewModelTest[jvm]","com.georgeci.moneysurfer.feature.dashboard.DashboardViewModelTest",""
"","129","a compact card keeps only the first insight[jvm]","","2026-07-29","passed","2026-07-29","","DashboardInsightsScreenTest[jvm]","com.georgeci.moneysurfer.ui.DashboardInsightsScreenTest",""
"","51","recentTransactionsEmpty is true when no transactions are logged[jvm]","","2026-07-29","passed","2026-07-29","","DashboardViewModelTest[jvm]","com.georgeci.moneysurfer.feature.dashboard.DashboardViewModelTest",""
"","252","saving a new budget writes the entered values[jvm]","","2026-07-29","passed","2026-07-29","","BudgetEditViewModelTest[jvm]","com.georgeci.moneysurfer.feature.budget.edit.BudgetEditViewModelTest",""
"","6","a zero or positive balance is always accepted[jvm]","","2026-07-29","passed","2026-07-29","","InitialBalanceInputTest[jvm]","com.georgeci.moneysurfer.feature.account.creation.InitialBalanceInputTest",""
"","29","only transactions inside the period reach the list[jvm]","","2026-07-29","passed","2026-07-29","","TransactionsByAccountPeriodTest[jvm]","com.georgeci.moneysurfer.feature.transaction.list.TransactionsByAccountPeriodTest",""
"","48","the rendered layout comes from the persisted config, not a fixed list[jvm]","","2026-07-29","passed","2026-07-29","","DashboardViewModelTest[jvm]","com.georgeci.moneysurfer.feature.dashboard.DashboardViewModelTest",""
"","12","a picker opens on tap and closes on the pick[jvm]","","2026-07-29","passed","2026-07-29","","PreferencesViewModelTest[jvm]","com.georgeci.moneysurfer.feature.settings.preferences.PreferencesViewModelTest",""
"","197","the currency pill resolves the stored code against the catalogue[jvm]","","2026-07-29","passed","2026-07-29","","PreferencesScreenStateTest[jvm]","com.georgeci.moneysurfer.ui.PreferencesScreenStateTest",""
"","19","user cannot create a document under another uid","","2026-07-29","passed","2026-07-29","","users/{uid}","users/{uid} user cannot create a document under another uid",""
"","14","pushes to Firestore and updates user ref + default when Firebase uid present[jvm]","","2026-07-29","passed","2026-07-29","","CreateWorkspaceUseCaseTest[jvm]","com.georgeci.moneysurfer.domain.usecase.CreateWorkspaceUseCaseTest",""
"","26","empty batch keeps the cursor untouched but still marks success[jvm]","","2026-07-29","passed","2026-07-29","","PullRemoteChangesUseCaseImplSpec[jvm]","com.georgeci.moneysurfer.data.sync.PullRemoteChangesUseCaseImplSpec",""
"","3","an empty back stack has no panes[jvm]","","2026-07-29","passed","2026-07-29","","SurferPaneSceneStrategyTest[jvm]","com.georgeci.moneysurfer.navigation.SurferPaneSceneStrategyTest",""
"","42","invitee cannot flip ACCEPTED → DECLINED (terminal state immutable)","","2026-07-29","passed","2026-07-29","","invites — update / delete","invites — update / delete invitee cannot flip ACCEPTED → DECLINED (terminal state immutable)",""
"","598","successful import stores the report in state and posts an ImportFinished notice[jvm]","","2026-07-29","passed","2026-07-29","","CsvBackupViewModelTest[jvm]","com.georgeci.moneysurfer.feature.settings.csv.CsvBackupViewModelTest",""
"","36","switching workspace re-emits the footer[jvm]","","2026-07-29","passed","2026-07-29","","AppShellViewModelTest[jvm]","com.georgeci.moneysurfer.navigation.AppShellViewModelTest",""
"","18","owner can update workspace metadata","","2026-07-29","passed","2026-07-29","","workspaces/{wid}","workspaces/{wid} owner can update workspace metadata",""
"","21","the window is inclusive at the start and exclusive at the end[jvm]","","2026-07-29","passed","2026-07-29","","SpendAnalyticsRepositoryImplJvmTest[jvm]","com.georgeci.moneysurfer.data.repository.SpendAnalyticsRepositoryImplJvmTest",""
"","5","a pinned filter type wins over the selected category type[jvm]","","2026-07-29","passed","2026-07-29","","CategoryPickerRowsTest[jvm]","com.georgeci.moneysurfer.feature.category.picker.CategoryPickerRowsTest",""
"","1","SerializationException maps to Unknown carrying the cause[jvm]","","2026-07-29","passed","2026-07-29","","SyncErrorClassifierSpec[jvm]","com.georgeci.moneysurfer.sync.internal.SyncErrorClassifierSpec",""
"","11","enum codec advertises its choices so the panel can render a picker[jvm]","","2026-07-29","passed","2026-07-29","","ConfigCodecSpec[jvm]","com.georgeci.moneysurfer.appconfig.ConfigCodecSpec",""
"","1","no-op when role unchanged[jvm]","","2026-07-29","passed","2026-07-29","","ChangeMemberRoleUseCaseTest[jvm]","com.georgeci.moneysurfer.domain.usecase.ChangeMemberRoleUseCaseTest",""
"","7","normalize truncates over-long keys and values[jvm]","","2026-07-29","passed","2026-07-29","","AccountExtraDetailsTest[jvm]","com.georgeci.moneysurfer.domain.model.AccountExtraDetailsTest",""
"","4","respanning a widget leaves its slot, its style and its neighbours alone[jvm]","","2026-07-29","passed","2026-07-29","","DashboardLayoutConfigTest[jvm]","com.georgeci.moneysurfer.domain.dashboard.DashboardLayoutConfigTest",""
"","13","ActiveWorkspace scope skips the invited-workspaces phase[jvm]","","2026-07-29","passed","2026-07-29","","PullRemoteChangesUseCaseImplSpec[jvm]","com.georgeci.moneysurfer.data.sync.PullRemoteChangesUseCaseImplSpec",""
"","10","addWorkspaceRef failure does not block setDefaultWorkspace[jvm]","","2026-07-29","passed","2026-07-29","","CreateWorkspaceUseCaseTest[jvm]","com.georgeci.moneysurfer.domain.usecase.CreateWorkspaceUseCaseTest",""
"","11","deleting an id that names no row enqueues nothing[jvm]","","2026-07-29","passed","2026-07-29","","TransactionTombstoneSyncIntegrationIT[jvm]","com.georgeci.moneysurfer.integration.sync.TransactionTombstoneSyncIntegrationIT",""
"","30","searching an amount finds the cents the user did not type[jvm]","","2026-07-29","passed","2026-07-29","","TransactionFilterMatchingTest[jvm]","com.georgeci.moneysurfer.feature.transaction.filter.TransactionFilterMatchingTest",""
"","89","offline build resolves isOffline true[jvm]","","2026-07-29","passed","2026-07-29","","OfflineConfigGraphTest[jvm]","com.georgeci.moneysurfer.offline.di.OfflineConfigGraphTest",""
"","5","rejects when target is not a member[jvm]","","2026-07-29","passed","2026-07-29","","RemoveMemberUseCaseTest[jvm]","com.georgeci.moneysurfer.domain.usecase.RemoveMemberUseCaseTest",""
"","29","the layer is always Build[jvm]","","2026-07-29","passed","2026-07-29","","BuildConfigSourceSpec[jvm]","com.georgeci.moneysurfer.appconfig.BuildConfigSourceSpec",""
"","28","a newer remote edit clears the local tombstone[jvm]","","2026-07-29","passed","2026-07-29","","TransactionSyncPluginIT[jvm]","com.georgeci.moneysurfer.integration.plugin.TransactionSyncPluginIT",""
"","18","a blank title never reaches the repository[jvm]","","2026-07-29","passed","2026-07-29","","GoalEditViewModelTest[jvm]","com.georgeci.moneysurfer.feature.goal.edit.GoalEditViewModelTest",""
"","26","a fresh store holds nothing, so the layer resolves absent for every key[jvm]","","2026-07-29","passed","2026-07-29","","DebugConfigSourceImplJvmTest[jvm]","com.georgeci.moneysurfer.data.config.DebugConfigSourceImplJvmTest",""
"","42","a build with transfers switched off says so, so the quick-actions row can stand down[jvm]","","2026-07-29","passed","2026-07-29","","DashboardViewModelTest[jvm]","com.georgeci.moneysurfer.feature.dashboard.DashboardViewModelTest",""
"","1","no-op edit (same impact) yields empty delta[jvm]","","2026-07-29","passed","2026-07-29","","CalculateBalanceDeltaTest[jvm]","com.georgeci.moneysurfer.domain.model.CalculateBalanceDeltaTest",""
"","35","writes two linked legs sharing transferId, tagged with the workspace's Transfer category[jvm]","","2026-07-29","passed","2026-07-29","","CreateTransferUseCaseTest[jvm]","com.georgeci.moneysurfer.domain.usecase.CreateTransferUseCaseTest",""
"","29","the anonymous entry point runs its own auth and lands on the selector[jvm]","","2026-07-29","passed","2026-07-29","","SignInViewModelTest[jvm]","com.georgeci.moneysurfer.feature.login.SignInViewModelTest",""
"","17","owner can hard-delete a member row (account-deletion purge)","","2026-07-29","passed","2026-07-29","","workspaces/{wid}/members/{uid}","workspaces/{wid}/members/{uid} owner can hard-delete a member row (account-deletion purge)",""
"","592","export then import restores a deleted transaction and skips the surviving one[jvm]","","2026-07-29","passed","2026-07-29","","CsvBackupIntegrationIT[jvm]","com.georgeci.moneysurfer.integration.repository.CsvBackupIntegrationIT",""
"","12","still pins workspace and succeeds when addWorkspaceRef throws[jvm]","","2026-07-29","passed","2026-07-29","","CreateWorkspaceUseCaseTest[jvm]","com.georgeci.moneysurfer.domain.usecase.CreateWorkspaceUseCaseTest",""
"","9","rejects when caller is not OWNER[jvm]","","2026-07-29","passed","2026-07-29","","RemoveMemberUseCaseTest[jvm]","com.georgeci.moneysurfer.domain.usecase.RemoveMemberUseCaseTest",""
"","23","spent-by-category formats the aggregate's rows and orders them largest first[jvm]","","2026-07-29","passed","2026-07-29","","DashboardSpentByCategoryViewModelTest[jvm]","com.georgeci.moneysurfer.feature.dashboard.DashboardSpentByCategoryViewModelTest",""
"","13","markInFlight excludes rows from pending() but markFailed brings them back[jvm]","","2026-07-29","passed","2026-07-29","","PendingMutationQueueIntegrationIT[jvm]","com.georgeci.moneysurfer.integration.sync.PendingMutationQueueIntegrationIT",""
"","17","a category that does not exist yet is never covered[jvm]","","2026-07-29","passed","2026-07-29","","CategoryCapCoverageTest[jvm]","com.georgeci.moneysurfer.domain.model.CategoryCapCoverageTest",""
"","85","editing the draft leaves the applied filters alone until Apply[jvm]","","2026-07-29","passed","2026-07-29","","TransactionFiltersViewModelTest[jvm]","com.georgeci.moneysurfer.feature.transaction.filters.TransactionFiltersViewModelTest",""
"","23","progress is reported per document with collection name and position[jvm]","","2026-07-29","passed","2026-07-29","","PullRemoteChangesUseCaseImplSpec[jvm]","com.georgeci.moneysurfer.data.sync.PullRemoteChangesUseCaseImplSpec",""
"","1","a switched-off widget can be restyled too — it keeps the style when it comes back[jvm]","","2026-07-29","passed","2026-07-29","","DashboardLayoutConfigTest[jvm]","com.georgeci.moneysurfer.domain.dashboard.DashboardLayoutConfigTest",""
"","42","parses the bundled aboutlibraries export[jvm]","","2026-07-29","passed","2026-07-29","","ParseOssLibrariesTest[jvm]","com.georgeci.moneysurfer.feature.settings.about.licenses.ParseOssLibrariesTest",""
"","88","getting the phantom workspace is DENIED, not an empty snapshot","","2026-07-29","passed","2026-07-29","","dangling users/{uid}.workspaceIds refs","dangling users/{uid}.workspaceIds refs getting the phantom workspace is DENIED, not an empty snapshot",""
"","973","below expanded width every widget still gets the whole row, whatever its span says[jvm]","","2026-07-29","passed","2026-07-29","","DashboardGridScreenTest[jvm]","com.georgeci.moneysurfer.ui.DashboardGridScreenTest",""
"","3","a category the workspace no longer names still carries its spend[jvm]","","2026-07-29","passed","2026-07-29","","SpentByCategoryTest[jvm]","com.georgeci.moneysurfer.domain.model.SpentByCategoryTest",""
"","3","a category that stopped entirely still counts as a saving[jvm]","","2026-07-29","passed","2026-07-29","","InsightRulesTest[jvm]","com.georgeci.moneysurfer.domain.insight.InsightRulesTest",""
"","5","a blank status falls back to ACTIVE rather than an unparseable enum name[jvm]","","2026-07-29","passed","2026-07-29","","GoalDtoMapperSpec[jvm]","com.georgeci.moneysurfer.data.sync.GoalDtoMapperSpec",""
"","17","an unbounded window spans every month[jvm]","","2026-07-29","passed","2026-07-29","","SpendAnalyticsRepositoryImplJvmTest[jvm]","com.georgeci.moneysurfer.data.repository.SpendAnalyticsRepositoryImplJvmTest",""
"","16","back navigates away[jvm]","","2026-07-29","passed","2026-07-29","","DebugConfigViewModelTest[jvm]","com.georgeci.moneysurfer.feature.settings.debug.DebugConfigViewModelTest",""
"","11","onStepEntered handles every SyncStep variant including parameterised ones[jvm]","","2026-07-29","passed","2026-07-29","","KermitSyncTelemetrySpec[jvm]","com.georgeci.moneysurfer.sync.internal.telemetry.KermitSyncTelemetrySpec",""
"","5","does nothing without a Firebase session[jvm]","","2026-07-29","passed","2026-07-29","","WorkspaceRefRegistrarSpec[jvm]","com.georgeci.moneysurfer.data.sync.WorkspaceRefRegistrarSpec",""
"","2","'-5' (negative sign)[jvm]","","2026-07-29","passed","2026-07-29","","AmountInputTransformationTest[jvm]","com.georgeci.moneysurfer.utils.AmountInputTransformationTest",""
"","13","pending returns rows in createdAt order[jvm]","","2026-07-29","passed","2026-07-29","","PendingMutationQueueImplSpec[jvm]","com.georgeci.moneysurfer.data.sync.PendingMutationQueueImplSpec",""
"","1","'0.99' -> '0.99'[jvm]","","2026-07-29","passed","2026-07-29","","AmountInputTransformationTest[jvm]","com.georgeci.moneysurfer.utils.AmountInputTransformationTest",""
"","104","drain pushes every queued mutation through its plugin and empties the outbox[jvm]","","2026-07-29","passed","2026-07-29","","WorkspaceCreationSyncIntegrationIT[jvm]","com.georgeci.moneysurfer.integration.sync.WorkspaceCreationSyncIntegrationIT",""
"","2","parser handles CRLF line endings a UTF-8 BOM and blank lines[jvm]","","2026-07-29","passed","2026-07-29","","TransactionCsvCodecTest[jvm]","com.georgeci.moneysurfer.domain.csv.TransactionCsvCodecTest",""
"","24","save EXPENSE shows a created snackbar[jvm]","","2026-07-29","passed","2026-07-29","","TransactionCreationSaveTest[jvm]","com.georgeci.moneysurfer.feature.transaction.creation.TransactionCreationSaveTest",""
"","26","accepts a nullable field set explicitly to null (deletedAt)","","2026-07-29","passed","2026-07-29","","entity write-shape validation (issue #156)","entity write-shape validation (issue #156) accepts a nullable field set explicitly to null (deletedAt)",""
"","9","markFailed bumps attempts, records error and resets to PENDING[jvm]","","2026-07-29","passed","2026-07-29","","PendingMutationQueueImplSpec[jvm]","com.georgeci.moneysurfer.sync.internal.repository.PendingMutationQueueImplSpec",""
"","11","the first day of a window divides by one, not by zero[jvm]","","2026-07-29","passed","2026-07-29","","BudgetProgressTest[jvm]","com.georgeci.moneysurfer.domain.model.BudgetProgressTest",""
"","18","balance input strips letters and collapses extra decimal separators[jvm]","","2026-07-29","passed","2026-07-29","","AccountCreationViewModelTest[jvm]","com.georgeci.moneysurfer.feature.account.creation.AccountCreationViewModelTest",""
"","11","the user id follows the session[jvm]","","2026-07-29","passed","2026-07-29","","CrashReportingTest[jvm]","com.georgeci.moneysurfer.domain.telemetry.CrashReportingTest",""
"","25","rejects a contribution whose nullable transferId has a wrong non-null type","","2026-07-29","passed","2026-07-29","","savings goals (issue #244)","savings goals (issue #244) rejects a contribution whose nullable transferId has a wrong non-null type",""
"","9","a budget naming exactly this category caps it[jvm]","","2026-07-29","passed","2026-07-29","","SpentByCategoryTest[jvm]","com.georgeci.moneysurfer.domain.model.SpentByCategoryTest",""
"","15","tapping the selected preset again returns the window to the pager[jvm]","","2026-07-29","passed","2026-07-29","","TransactionFiltersViewModelTest[jvm]","com.georgeci.moneysurfer.feature.transaction.filters.TransactionFiltersViewModelTest",""
"","17","transition on missing row is a no-op[jvm]","","2026-07-29","passed","2026-07-29","","WorkspaceInviteRepositoryDualWriteSpec[jvm]","com.georgeci.moneysurfer.data.repository.WorkspaceInviteRepositoryDualWriteSpec",""
"","39","non-member is blocked from transactions","","2026-07-29","passed","2026-07-29","","member-gated entities (smoke for the rest)","member-gated entities (smoke for the rest) non-member is blocked from transactions",""
"","2","the category picker returns a category id[jvm]","","2026-07-29","passed","2026-07-29","","NavigationResultKeysTest[jvm]","com.georgeci.moneysurfer.navigation.NavigationResultKeysTest",""
"","1","out-of-range days of month are filtered in both directions[jvm]","","2026-07-29","passed","2026-07-29","","RecurringRuleDtoMapperSpec[jvm]","com.georgeci.moneysurfer.data.sync.RecurringRuleDtoMapperSpec",""
"","51","an unreadable workspace is skipped instead of failing the whole pull[jvm]","","2026-07-29","passed","2026-07-29","","PullRemoteChangesUseCaseImplSpec[jvm]","com.georgeci.moneysurfer.data.sync.PullRemoteChangesUseCaseImplSpec",""
"","40","back navigates away[jvm]","","2026-07-29","passed","2026-07-29","","SyncViewModelTest[jvm]","com.georgeci.moneysurfer.feature.settings.sync.SyncViewModelTest",""
"","1","onSyncCompleted is callable[jvm]","","2026-07-29","passed","2026-07-29","","SyncTelemetryNoOpSpec[jvm]","com.georgeci.moneysurfer.sync.telemetry.SyncTelemetryNoOpSpec",""
"","10","a multi-pop removes exactly that many entries[jvm]","","2026-07-29","passed","2026-07-29","","AppNavigatorTest[jvm]","com.georgeci.moneysurfer.navigation.AppNavigatorTest",""
"","34","unauthenticated user cannot read userEmails (auth required)","","2026-07-29","passed","2026-07-29","","userEmails/{email}","userEmails/{email} unauthenticated user cannot read userEmails (auth required)",""
"","10","onSyncFailed branches across every SyncError variant[jvm]","","2026-07-29","passed","2026-07-29","","KermitSyncTelemetrySpec[jvm]","com.georgeci.moneysurfer.sync.internal.telemetry.KermitSyncTelemetrySpec",""
"","9","a live workspace maps to a doc with no tombstone[jvm]","","2026-07-29","passed","2026-07-29","","WorkspaceScopedDtoMapperSpec[jvm]","com.georgeci.moneysurfer.data.sync.WorkspaceScopedDtoMapperSpec",""
"","9","a preferred period never promotes a category budget over a general one[jvm]","","2026-07-29","passed","2026-07-29","","SafeToSpendTest[jvm]","com.georgeci.moneysurfer.domain.model.SafeToSpendTest",""
"","42","both legs of a transfer contribute zero, category or not[jvm]","","2026-07-29","passed","2026-07-29","","SpendAnalyticsRepositoryImplJvmTest[jvm]","com.georgeci.moneysurfer.data.repository.SpendAnalyticsRepositoryImplJvmTest",""
"","104","export then import restores seeded entities + datastore + clears sync DB[jvm]","","2026-07-29","passed","2026-07-29","","BackupRoundTripJvmTest[jvm]","com.georgeci.moneysurfer.data.backup.BackupRoundTripJvmTest",""
"","107","the clear row reports back to the caller[jvm]","","2026-07-29","passed","2026-07-29","","DebugLogScreenStateTest[jvm]","com.georgeci.moneysurfer.ui.DebugLogScreenStateTest",""
"","10","dismissing the export options asks for nothing[jvm]","","2026-07-29","passed","2026-07-29","","BackupViewModelTest[jvm]","com.georgeci.moneysurfer.feature.settings.backup.BackupViewModelTest",""
"","25","a row with no category lands in the uncategorized bucket rather than vanishing[jvm]","","2026-07-29","passed","2026-07-29","","SpendAnalyticsRepositoryImplJvmTest[jvm]","com.georgeci.moneysurfer.data.repository.SpendAnalyticsRepositoryImplJvmTest",""
"","53","editing an account loads its extra details and saves them back[jvm]","","2026-07-29","passed","2026-07-29","","AccountCreationViewModelTest[jvm]","com.georgeci.moneysurfer.feature.account.creation.AccountCreationViewModelTest",""
"","25","member can get the workspace doc","","2026-07-29","passed","2026-07-29","","workspaces/{wid}","workspaces/{wid} member can get the workspace doc",""
"","36","user cannot create another user's member row (only self)","","2026-07-29","passed","2026-07-29","","workspaces/{wid}/members/{uid}","workspaces/{wid}/members/{uid} user cannot create another user's member row (only self)",""
"","8","planned → actual applies impact[jvm]","","2026-07-29","passed","2026-07-29","","ApplyTransactionChangeUseCaseTest[jvm]","com.georgeci.moneysurfer.domain.usecase.ApplyTransactionChangeUseCaseTest",""
"","169","a month with no spend keeps the card and says so, rather than leaving a gap[jvm]","","2026-07-29","passed","2026-07-29","","DashboardScreenStateTest[jvm]","com.georgeci.moneysurfer.ui.DashboardScreenStateTest",""
"","21","a monthly rule round-trips its month-day set and missing-day policy[jvm]","","2026-07-29","passed","2026-07-29","","RecurringRuleRepositoryImplJvmTest[jvm]","com.georgeci.moneysurfer.data.repository.RecurringRuleRepositoryImplJvmTest",""
"","9","a full batch of same-timestamp documents terminates the loop rather than re-reading itself[jvm]","","2026-07-29","passed","2026-07-29","","PullRemoteChangesUseCaseImplSpec[jvm]","com.georgeci.moneysurfer.data.sync.PullRemoteChangesUseCaseImplSpec",""
"","7","the catalogue is not empty[jvm]","","2026-07-29","passed","2026-07-29","","CurrencyRepositoryImplTest[jvm]","com.georgeci.moneysurfer.data.repository.CurrencyRepositoryImplTest",""
"","426","email error renders under the email field, not as the shared error text[jvm]","","2026-07-29","passed","2026-07-29","","SignInScreenStateTest[jvm]","com.georgeci.moneysurfer.ui.SignInScreenStateTest",""
"","1","PULL_MEMBERS sits between PULL_WORKSPACE and PULL_INVITES[jvm]","","2026-07-29","passed","2026-07-29","","SyncStepOrderTest[jvm]","com.georgeci.moneysurfer.domain.model.SyncStepOrderTest",""
"","47","dismissing an auth error clears the dialog[jvm]","","2026-07-29","passed","2026-07-29","","SignInViewModelTest[jvm]","com.georgeci.moneysurfer.feature.login.SignInViewModelTest",""
"","4","PullingCollection title carries collection name[jvm]","","2026-07-29","passed","2026-07-29","","SyncStepSpec[jvm]","com.georgeci.moneysurfer.sync.api.SyncStepSpec",""
"","6","a zero cap reads as no progress rather than a divide by zero[jvm]","","2026-07-29","passed","2026-07-29","","SpentByCategoryTest[jvm]","com.georgeci.moneysurfer.domain.model.SpentByCategoryTest",""
"","29","supported app versions allow sync[jvm]","","2026-07-29","passed","2026-07-29","","SyncVersionGateImplSpec[jvm]","com.georgeci.moneysurfer.data.sync.SyncVersionGateImplSpec",""
"","6","wrong password aborts before shutdown and cleanup[jvm]","","2026-07-29","passed","2026-07-29","","DeleteUserAccountUseCaseTest[jvm]","com.georgeci.moneysurfer.domain.usecase.DeleteUserAccountUseCaseTest",""
"","19","the result count is a real count over the draft, updated as it changes[jvm]","","2026-07-29","passed","2026-07-29","","TransactionFiltersViewModelTest[jvm]","com.georgeci.moneysurfer.feature.transaction.filters.TransactionFiltersViewModelTest",""
"","67","every EN string key has a RU counterpart and vice-versa[jvm]","","2026-07-29","passed","2026-07-29","","StringResourceParityTest[jvm]","com.georgeci.moneysurfer.utils.StringResourceParityTest",""
"","33","a transaction with no note still has something to render as a title[jvm]","","2026-07-29","passed","2026-07-29","","DashboardViewModelTest[jvm]","com.georgeci.moneysurfer.feature.dashboard.DashboardViewModelTest",""
"","18","adding a line keeps the amount the trailing line was showing[jvm]","","2026-07-29","passed","2026-07-29","","TransactionCreationSplitTest[jvm]","com.georgeci.moneysurfer.feature.transaction.creation.TransactionCreationSplitTest",""
"","4","a window with no days in it reads as fully elapsed, never as a division by zero[jvm]","","2026-07-29","passed","2026-07-29","","SafeToSpendTest[jvm]","com.georgeci.moneysurfer.domain.model.SafeToSpendTest",""
"","4","the tombstone round-trips through the wire format[jvm]","","2026-07-29","passed","2026-07-29","","TransactionDtoMapperSpec[jvm]","com.georgeci.moneysurfer.data.sync.TransactionDtoMapperSpec",""
"","7","NoOpNetworkMonitor reports always-online[jvm]","","2026-07-29","passed","2026-07-29","","NoOpNetworkMonitorSpec[jvm]","com.georgeci.moneysurfer.sync.internal.network.NoOpNetworkMonitorSpec",""
"","230","tapping a budget row asks for that budget[jvm]","","2026-07-29","passed","2026-07-29","","DashboardScreenStateTest[jvm]","com.georgeci.moneysurfer.ui.DashboardScreenStateTest",""
"","27","the trailing line always carries what is left of the amount[jvm]","","2026-07-29","passed","2026-07-29","","TransactionCreationSplitTest[jvm]","com.georgeci.moneysurfer.feature.transaction.creation.TransactionCreationSplitTest",""
"","7","handle cancel of unknown id is a no-op[jvm]","","2026-07-29","passed","2026-07-29","","SyncCoordinatorImplBranchSpec[jvm]","com.georgeci.moneysurfer.sync.coordinator.SyncCoordinatorImplBranchSpec",""
"","0","null in -> null out[jvm]","","2026-07-29","passed","2026-07-29","","TimeFormatterTest[jvm]","com.georgeci.moneysurfer.data.repository.TimeFormatterTest",""
"","8","host capabilities read straight through to the engine[jvm]","","2026-07-29","passed","2026-07-29","","ConfigFacadesJvmTest[jvm]","com.georgeci.moneysurfer.data.config.ConfigFacadesJvmTest",""
"","9","restore flips archived flag back[jvm]","","2026-07-29","passed","2026-07-29","","ArchiveAccountUseCaseTest[jvm]","com.georgeci.moneysurfer.domain.usecase.ArchiveAccountUseCaseTest",""
"","18","accepts a value at exactly 1024 characters","","2026-07-29","passed","2026-07-29","","users/{uid}/config/{key}","users/{uid}/config/{key} accepts a value at exactly 1024 characters",""
"","10","a base that only differs in case is still the one we asked for[jvm]","","2026-07-29","passed","2026-07-29","","ExchangeRateApiTest[jvm]","com.georgeci.moneysurfer.data.remote.ExchangeRateApiTest",""
"","7","the user-scoped phase reads the whole collection under the uid[jvm]","","2026-07-29","passed","2026-07-29","","PullRemoteChangesUseCaseImplSpec[jvm]","com.georgeci.moneysurfer.data.sync.PullRemoteChangesUseCaseImplSpec",""
"","27","rejects a goal whose numeric target is a string","","2026-07-29","passed","2026-07-29","","savings goals (issue #244)","savings goals (issue #244) rejects a goal whose numeric target is a string",""
"","42","an unreachable server reads as no config rather than throwing[jvm]","","2026-07-29","passed","2026-07-29","","AppConfigRepositoryImplTest[jvm]","com.georgeci.moneysurfer.data.repository.AppConfigRepositoryImplTest",""
"","365","a destination matches its own route and no other[jvm]","","2026-07-29","passed","2026-07-29","","NavigationShellTest[jvm]","com.georgeci.moneysurfer.navigation.NavigationShellTest",""
"","12","enqueueUpsert writes a PendingMutation when signed in[jvm]","","2026-07-29","passed","2026-07-29","","OutboxEnqueuerSpec[jvm]","com.georgeci.moneysurfer.data.sync.OutboxEnqueuerSpec",""
"","4","move expense from A to B unwinds A and applies B[jvm]","","2026-07-29","passed","2026-07-29","","CalculateBalanceDeltaTest[jvm]","com.georgeci.moneysurfer.domain.model.CalculateBalanceDeltaTest",""
"","2384","offline app module graph resolves()[jvm]","","2026-07-29","passed","2026-07-29","","OfflineKoinModuleVerificationTest[jvm]","com.georgeci.moneysurfer.offline.di.OfflineKoinModuleVerificationTest",""
"","27","an opening balance does not conjure a month into the trend[jvm]","","2026-07-29","passed","2026-07-29","","SpendAnalyticsRepositoryImplJvmTest[jvm]","com.georgeci.moneysurfer.data.repository.SpendAnalyticsRepositoryImplJvmTest",""
"","11","a debug override still outranks the overlay[jvm]","","2026-07-29","passed","2026-07-29","","LayeredConfigSpec[jvm]","com.georgeci.moneysurfer.appconfig.LayeredConfigSpec",""
"","15","codes are unique[jvm]","","2026-07-29","passed","2026-07-29","","CurrencyRepositoryImplTest[jvm]","com.georgeci.moneysurfer.data.repository.CurrencyRepositoryImplTest",""
"","13","local pointer survives a remote failure[jvm]","","2026-07-29","passed","2026-07-29","","SelectWorkspaceUseCaseTest[jvm]","com.georgeci.moneysurfer.domain.usecase.SelectWorkspaceUseCaseTest",""
"","50","rejects a poison update of an existing budget (alertPercent as string)","","2026-07-29","passed","2026-07-29","","entity write-shape validation (issue #156)","entity write-shape validation (issue #156) rejects a poison update of an existing budget (alertPercent as string)",""
"","315","the period switch spans the whole grid rather than taking a cell[jvm]","","2026-07-29","passed","2026-07-29","","DashboardGridScreenTest[jvm]","com.georgeci.moneysurfer.ui.DashboardGridScreenTest",""
"","11","a remote tag containing the CSV separator is normalized, not split[jvm]","","2026-07-29","passed","2026-07-29","","TransactionDtoMapperSpec[jvm]","com.georgeci.moneysurfer.data.sync.TransactionDtoMapperSpec",""
"","23","getByWorkspaceId returns ACTIVE and soft-deleted rows alike (UI filters by status)[jvm]","","2026-07-29","passed","2026-07-29","","WorkspaceMemberRepositoryIntegrationIT[jvm]","com.georgeci.moneysurfer.integration.repository.WorkspaceMemberRepositoryIntegrationIT",""
"","25","a manual sync is dropped while sync is disabled[jvm]","","2026-07-29","passed","2026-07-29","","SyncViewModelTest[jvm]","com.georgeci.moneysurfer.feature.settings.sync.SyncViewModelTest",""
"","14","markInFlight excludes rows from the next pending batch[jvm]","","2026-07-29","passed","2026-07-29","","PendingMutationQueueImplSpec[jvm]","com.georgeci.moneysurfer.data.sync.PendingMutationQueueImplSpec",""
"","33","user cannot delete a mapping pointing at another uid","","2026-07-29","passed","2026-07-29","","userEmails/{email}","userEmails/{email} user cannot delete a mapping pointing at another uid",""
"","10","a failing settings session start does not fail the sign-in[jvm]","","2026-07-29","passed","2026-07-29","","PostAuthBootstrapUseCaseTest[jvm]","com.georgeci.moneysurfer.domain.usecase.PostAuthBootstrapUseCaseTest",""
"","7","a negative balance is blocked for non-credit account types[jvm]","","2026-07-29","passed","2026-07-29","","InitialBalanceInputTest[jvm]","com.georgeci.moneysurfer.feature.account.creation.InitialBalanceInputTest",""
"","99","a compact budgets card keeps only the most pressing budget[jvm]","","2026-07-29","passed","2026-07-29","","DashboardScreenStateTest[jvm]","com.georgeci.moneysurfer.ui.DashboardScreenStateTest",""
"","8","markAttempt only updates the attempt column[jvm]","","2026-07-29","passed","2026-07-29","","SyncMetaRepositoryImplSpec[jvm]","com.georgeci.moneysurfer.sync.internal.repository.SyncMetaRepositoryImplSpec",""
"","28","assigning more than the amount blocks the save[jvm]","","2026-07-29","passed","2026-07-29","","TransactionCreationSplitTest[jvm]","com.georgeci.moneysurfer.feature.transaction.creation.TransactionCreationSplitTest",""
"","24","a purged row leaves nothing behind in the index[jvm]","","2026-07-29","passed","2026-07-29","","TransactionFtsIntegrationIT[jvm]","com.georgeci.moneysurfer.integration.repository.TransactionFtsIntegrationIT",""
"","25","a tombstone for an account this device never had is applied without failing[jvm]","","2026-07-29","passed","2026-07-29","","AccountSyncPluginIT[jvm]","com.georgeci.moneysurfer.integration.plugin.AccountSyncPluginIT",""
"","12","resetting cursors asks first[jvm]","","2026-07-29","passed","2026-07-29","","SyncViewModelTest[jvm]","com.georgeci.moneysurfer.feature.settings.sync.SyncViewModelTest",""
"","228","save shows a created snackbar carrying the category name[jvm]","","2026-07-29","passed","2026-07-29","","CategoryCreationViewModelTest[jvm]","com.georgeci.moneysurfer.feature.category.creation.CategoryCreationViewModelTest",""
"","29","a stored appearance lands on its own slot, and the id-hash fallback agrees with domain[jvm]","","2026-07-29","passed","2026-07-29","","CategoryPaletteParityTest[jvm]","com.georgeci.moneysurfer.feature.category.CategoryPaletteParityTest",""
"","75","an offline user with a workspace but no accounts resumes first-run account creation[jvm]","","2026-07-29","passed","2026-07-29","","AppLaunchViewModelTest[jvm]","com.georgeci.moneysurfer.navigation.AppLaunchViewModelTest",""
"","35","deleting a transaction then re-applying it restores the row and the balance[jvm]","","2026-07-29","passed","2026-07-29","","DeleteUndoIntegrationIT[jvm]","com.georgeci.moneysurfer.integration.repository.DeleteUndoIntegrationIT",""
"","18","markCompleted with empty list is a no-op[jvm]","","2026-07-29","passed","2026-07-29","","PendingMutationQueueImplSpec[jvm]","com.georgeci.moneysurfer.data.sync.PendingMutationQueueImplSpec",""
"","7","toggling swaps the mode and drops the error the other mode produced[jvm]","","2026-07-29","passed","2026-07-29","","SignInViewModelTest[jvm]","com.georgeci.moneysurfer.feature.login.SignInViewModelTest",""
"","29","starts in Loading before categories arrive[jvm]","","2026-07-29","passed","2026-07-29","","CategoryChooserViewModelTest[jvm]","com.georgeci.moneysurfer.feature.category.picker.CategoryChooserViewModelTest",""
"","230","first sync hydrates the new workspace root before its subcollections[jvm]","","2026-07-29","passed","2026-07-29","","NewWorkspacePullIntegrationIT[jvm]","com.georgeci.moneysurfer.integration.sync.NewWorkspacePullIntegrationIT",""
"","0","GoalEdit[jvm]","","2026-07-29","passed","2026-07-29","","RouteSerializationTest[jvm]","com.georgeci.moneysurfer.navigation.RouteSerializationTest",""
"","3","no two events share an effect[jvm]","","2026-07-29","passed","2026-07-29","","DashboardEventDestinationTest[jvm]","com.georgeci.moneysurfer.feature.dashboard.DashboardEventDestinationTest",""
"","4","zero with decimals like 000.00 is not a valid transaction amount[jvm]","","2026-07-29","passed","2026-07-29","","TransactionAmountInputTest[jvm]","com.georgeci.moneysurfer.feature.transaction.creation.TransactionAmountInputTest",""
"","2","fractional cap input follows Money rounding[jvm]","","2026-07-29","passed","2026-07-29","","CategoryCreationStateTest[jvm]","com.georgeci.moneysurfer.feature.category.creation.CategoryCreationStateTest",""
"","0","BudgetCreation[jvm]","","2026-07-29","passed","2026-07-29","","RouteSerializationTest[jvm]","com.georgeci.moneysurfer.navigation.RouteSerializationTest",""
"","67","the user can read their own document and does see the phantom ref","","2026-07-29","passed","2026-07-29","","dangling users/{uid}.workspaceIds refs","dangling users/{uid}.workspaceIds refs the user can read their own document and does see the phantom ref",""
"","27","invitee without email claim can accept via targetUserId branch","","2026-07-29","passed","2026-07-29","","invites — update / delete","invites — update / delete invitee without email claim can accept via targetUserId branch",""
"","30","switching the type drops a parent that belongs to the other type[jvm]","","2026-07-29","passed","2026-07-29","","CategoryCreationViewModelTest[jvm]","com.georgeci.moneysurfer.feature.category.creation.CategoryCreationViewModelTest",""
"","7","setting the status of a missing goal is rejected[jvm]","","2026-07-29","passed","2026-07-29","","SavingsGoalUseCaseTest[jvm]","com.georgeci.moneysurfer.domain.usecase.SavingsGoalUseCaseTest",""
"","9","normalizing appends widgets a stored layout has never heard of[jvm]","","2026-07-29","passed","2026-07-29","","DashboardLayoutConfigTest[jvm]","com.georgeci.moneysurfer.domain.dashboard.DashboardLayoutConfigTest",""
"","46","a retracted kill switch stops the gate, and restoring it starts a fresh ticker[jvm]","","2026-07-29","passed","2026-07-29","","PeriodicSyncGateTest[jvm]","com.georgeci.moneysurfer.navigation.PeriodicSyncGateTest",""
"","12","hydrate is idempotent[jvm]","","2026-07-29","passed","2026-07-29","","LayeredConfigSpec[jvm]","com.georgeci.moneysurfer.appconfig.LayeredConfigSpec",""
"","10","a custom base url is honoured, which is what makes the provider swappable[jvm]","","2026-07-29","passed","2026-07-29","","ExchangeRateApiTest[jvm]","com.georgeci.moneysurfer.data.remote.ExchangeRateApiTest",""
"","6","a slot reports what it currently holds[jvm]","","2026-07-29","passed","2026-07-29","","TransactionCreationSplitEditingTest[jvm]","com.georgeci.moneysurfer.feature.transaction.creation.TransactionCreationSplitEditingTest",""
"","9","mutation without a matching plugin is skipped but still completed[jvm]","","2026-07-29","passed","2026-07-29","","UploadPendingChangesUseCaseImplSpec[jvm]","com.georgeci.moneysurfer.data.sync.UploadPendingChangesUseCaseImplSpec",""
"","6","RecalculatingProjections title[jvm]","","2026-07-29","passed","2026-07-29","","SyncStepSpec[jvm]","com.georgeci.moneysurfer.sync.api.SyncStepSpec",""
"","3","a key this device has never seen is taken[jvm]","","2026-07-29","passed","2026-07-29","","UserConfigSyncPluginSpec[jvm]","com.georgeci.moneysurfer.data.sync.plugin.UserConfigSyncPluginSpec",""
"","4","happy path: marks target REMOVED[jvm]","","2026-07-29","passed","2026-07-29","","RemoveMemberUseCaseTest[jvm]","com.georgeci.moneysurfer.domain.usecase.RemoveMemberUseCaseTest",""
"","0","an ordinary transaction is a group of one and is not a split[jvm]","","2026-07-29","passed","2026-07-29","","TransactionSplitGroupTest[jvm]","com.georgeci.moneysurfer.domain.model.TransactionSplitGroupTest",""
"","3","delegate constructor preserves the supplied context[jvm]","","2026-07-29","passed","2026-07-29","","ApplicationScopeSpec[jvm]","com.georgeci.moneysurfer.sync.runtime.ApplicationScopeSpec",""
"","4","picking the grid width a widget already has is not written back[jvm]","","2026-07-29","passed","2026-07-29","","DashboardCustomizeViewModelTest[jvm]","com.georgeci.moneysurfer.feature.dashboard.customize.DashboardCustomizeViewModelTest",""
"","10","enqueueUpsert pushes a PendingMutation when signed in and gate allows[jvm]","","2026-07-29","passed","2026-07-29","","OutboxEnqueuerImplSpec[jvm]","com.georgeci.moneysurfer.sync.repository.OutboxEnqueuerImplSpec",""
"","11","markCompleted removes rows[jvm]","","2026-07-29","passed","2026-07-29","","PendingMutationQueueImplSpec[jvm]","com.georgeci.moneysurfer.data.sync.PendingMutationQueueImplSpec",""
"","11","RemoteGlobal serves a remoteOverridable key[jvm]","","2026-07-29","passed","2026-07-29","","LayeredConfigSpec[jvm]","com.georgeci.moneysurfer.appconfig.LayeredConfigSpec",""
"","31","tombstone with clientVersionCode below floor is denied","","2026-07-29","passed","2026-07-29","","tombstone update shape (push-side soft delete)","tombstone update shape (push-side soft delete) tombstone with clientVersionCode below floor is denied",""
"","149","a caption sits closer to its own control than to the next block[jvm]","","2026-07-29","passed","2026-07-29","","SurferFormSectionTest[jvm]","com.georgeci.moneysurfer.ui.SurferFormSectionTest",""
"","40","deleting a category then re-inserting it restores the row[jvm]","","2026-07-29","passed","2026-07-29","","DeleteUndoIntegrationIT[jvm]","com.georgeci.moneysurfer.integration.repository.DeleteUndoIntegrationIT",""
"","10","re-currencies accounts still on the previous workspace currency[jvm]","","2026-07-29","passed","2026-07-29","","UpdateWorkspaceCurrencyUseCaseTest[jvm]","com.georgeci.moneysurfer.domain.usecase.UpdateWorkspaceCurrencyUseCaseTest",""
"","19","a degraded layer stops being reported once its store recovers[jvm]","","2026-07-29","passed","2026-07-29","","LayeredConfigSpec[jvm]","com.georgeci.moneysurfer.appconfig.LayeredConfigSpec",""
"","5","keeps only the rows the budget counts[jvm]","","2026-07-29","passed","2026-07-29","","GetBudgetTransactionsUseCaseTest[jvm]","com.georgeci.moneysurfer.domain.usecase.GetBudgetTransactionsUseCaseTest",""
"","64","non-member cannot read or create a goal","","2026-07-29","passed","2026-07-29","","savings goals (issue #244)","savings goals (issue #244) non-member cannot read or create a goal",""
"","2","the online build never takes the first-run account branch — and never queries accounts[jvm]","","2026-07-29","passed","2026-07-29","","StartRouteTest[jvm]","com.georgeci.moneysurfer.navigation.StartRouteTest",""
"","49","an empty cache reads as no table at all, not an empty one[jvm]","","2026-07-29","passed","2026-07-29","","ExchangeRateRepositoryImplJvmTest[jvm]","com.georgeci.moneysurfer.data.repository.ExchangeRateRepositoryImplJvmTest",""
"","101","different entries get different stores[jvm]","","2026-07-29","passed","2026-07-29","","NavEntryViewModelStoreHolderTest[jvm]","com.georgeci.moneysurfer.navigation.util.NavEntryViewModelStoreHolderTest",""
"","1","local newer than remote → take local[jvm]","","2026-07-29","passed","2026-07-29","","LwwConflictResolverSpec[jvm]","com.georgeci.moneysurfer.sync.repository.LwwConflictResolverSpec",""
"","34","rejects a budget whose categoryIds is a CSV string instead of a list","","2026-07-29","passed","2026-07-29","","entity write-shape validation (issue #156)","entity write-shape validation (issue #156) rejects a budget whose categoryIds is a CSV string instead of a list",""
"","10","a budget naming only this category becomes the backing budget[jvm]","","2026-07-29","passed","2026-07-29","","CategoryCapCoverageTest[jvm]","com.georgeci.moneysurfer.domain.model.CategoryCapCoverageTest",""
"","49","keeps every non-BOM artifact of the export attributed[jvm]","","2026-07-29","passed","2026-07-29","","ParseOssLibrariesTest[jvm]","com.georgeci.moneysurfer.feature.settings.about.licenses.ParseOssLibrariesTest",""
"","24","back navigates back[jvm]","","2026-07-29","passed","2026-07-29","","WorkspaceCreationViewModelTest[jvm]","com.georgeci.moneysurfer.feature.workspace.creation.WorkspaceCreationViewModelTest",""
"","7","'.' -> '.'[jvm]","","2026-07-29","passed","2026-07-29","","AmountInputTransformationTest[jvm]","com.georgeci.moneysurfer.utils.AmountInputTransformationTest",""
"","752","every spent-by-category variant draws its rows rather than any of them measuring to nothing[jvm]","","2026-07-29","passed","2026-07-29","","DashboardScreenStateTest[jvm]","com.georgeci.moneysurfer.ui.DashboardScreenStateTest",""
"","1","onStepEntered is callable[jvm]","","2026-07-29","passed","2026-07-29","","SyncTelemetryNoOpSpec[jvm]","com.georgeci.moneysurfer.sync.telemetry.SyncTelemetryNoOpSpec",""
"","25","empty outbox returns zero uploads without touching in-flight state[jvm]","","2026-07-29","passed","2026-07-29","","UploadPendingChangesUseCaseImplSpec[jvm]","com.georgeci.moneysurfer.data.sync.UploadPendingChangesUseCaseImplSpec",""
"","19","stranger cannot collection-group query by another user's targetUserId","","2026-07-29","passed","2026-07-29","","invites — read","invites — read stranger cannot collection-group query by another user's targetUserId",""
"","49","per-layer cells distinguish absent from undecodable[jvm]","","2026-07-29","passed","2026-07-29","","DebugConfigInspectorImplSpec[jvm]","com.georgeci.moneysurfer.appconfig.DebugConfigInspectorImplSpec",""
"","104","all time drops the date bounds but stays paged[jvm]","","2026-07-29","passed","2026-07-29","","TransactionsByAccountPeriodTest[jvm]","com.georgeci.moneysurfer.feature.transaction.list.TransactionsByAccountPeriodTest",""
"","1","a leaf category reports no subcategories[jvm]","","2026-07-29","passed","2026-07-29","","CategorySpendHistoryTest[jvm]","com.georgeci.moneysurfer.domain.model.CategorySpendHistoryTest",""
"","8","every concrete Route is registered in navKeySerializersModule[jvm]","","2026-07-29","passed","2026-07-29","","RouteSerializerRegistryTest[jvm]","com.georgeci.moneysurfer.navigation.RouteSerializerRegistryTest",""
"","21","onSyncStarted runs without error[jvm]","","2026-07-29","passed","2026-07-29","","KermitSyncTelemetrySpec[jvm]","com.georgeci.moneysurfer.sync.internal.telemetry.KermitSyncTelemetrySpec",""
"","28","a goal is pushed to the workspace's goals collection[jvm]","","2026-07-29","passed","2026-07-29","","GoalSyncPluginIT[jvm]","com.georgeci.moneysurfer.integration.plugin.GoalSyncPluginIT",""
"","0","'1 2' (spaces)[jvm]","","2026-07-29","passed","2026-07-29","","AmountInputTransformationTest[jvm]","com.georgeci.moneysurfer.utils.AmountInputTransformationTest",""
"","16","wrong column count is rejected with expected and actual sizes[jvm]","","2026-07-29","passed","2026-07-29","","TransactionCsvCodecTest[jvm]","com.georgeci.moneysurfer.domain.csv.TransactionCsvCodecTest",""
"","24","the picked account kind is handed to account creation[jvm]","","2026-07-29","passed","2026-07-29","","OnboardingViewModelTest[jvm]","com.georgeci.moneysurfer.feature.login.onboarding.OnboardingViewModelTest",""
"","24","rejects transaction tags sent as a string instead of a list","","2026-07-29","passed","2026-07-29","","entity write-shape validation (issue #156)","entity write-shape validation (issue #156) rejects transaction tags sent as a string instead of a list",""
"","655","dragging a grip upward past the row above asks to swap the two[jvm]","","2026-07-29","passed","2026-07-29","","DashboardCustomizeScreenStateTest[jvm]","com.georgeci.moneysurfer.ui.DashboardCustomizeScreenStateTest",""
"","6","sums income / expense / opening_balance for the account[jvm]","","2026-07-29","passed","2026-07-29","","RecalculateAccountBalanceUseCaseTest[jvm]","com.georgeci.moneysurfer.domain.usecase.RecalculateAccountBalanceUseCaseTest",""
"","2","CompositeCancelToken cancel propagates to all children[jvm]","","2026-07-29","passed","2026-07-29","","SyncCancelTokenSpec[jvm]","com.georgeci.moneysurfer.sync.api.SyncCancelTokenSpec",""
"","14","picking a card style persists it without moving the widget[jvm]","","2026-07-29","passed","2026-07-29","","DashboardCustomizeViewModelTest[jvm]","com.georgeci.moneysurfer.feature.dashboard.customize.DashboardCustomizeViewModelTest",""
"","6","an absent nextRunAt stays null[jvm]","","2026-07-29","passed","2026-07-29","","RecurringRuleDtoMapperSpec[jvm]","com.georgeci.moneysurfer.data.sync.RecurringRuleDtoMapperSpec",""
"","32","a manual sync reaches the coordinator as a MANUAL request[jvm]","","2026-07-29","passed","2026-07-29","","SyncViewModelTest[jvm]","com.georgeci.moneysurfer.feature.settings.sync.SyncViewModelTest",""
"","10","PULL order is workspace → members → invites → accounts → categories → transactions[jvm]","","2026-07-29","passed","2026-07-29","","SyncStepOrderTest[jvm]","com.georgeci.moneysurfer.domain.model.SyncStepOrderTest",""
"","12","value kind enumerates every choice so the panel never needs free-text entry[jvm]","","2026-07-29","passed","2026-07-29","","PaletteSourceCodecTest[jvm]","com.georgeci.moneysurfer.data.config.PaletteSourceCodecTest",""
"","195","a layout with no period-scoped widget draws no period switch[jvm]","","2026-07-29","passed","2026-07-29","","DashboardScreenStateTest[jvm]","com.georgeci.moneysurfer.ui.DashboardScreenStateTest",""
"","17","Confirm with nothing selected does nothing[jvm]","","2026-07-29","passed","2026-07-29","","WorkspaceSelectorViewModelTest[jvm]","com.georgeci.moneysurfer.feature.workspace.selector.WorkspaceSelectorViewModelTest",""
"","4","monthly cap is shown for expenses but hidden for income[jvm]","","2026-07-29","passed","2026-07-29","","CategoryCreationStateTest[jvm]","com.georgeci.moneysurfer.feature.category.creation.CategoryCreationStateTest",""
"","28","an unknown key name is rejected[jvm]","","2026-07-29","passed","2026-07-29","","DebugConfigInspectorImplSpec[jvm]","com.georgeci.moneysurfer.appconfig.DebugConfigInspectorImplSpec",""
"","7","cancel handle during pending finalizes immediately[jvm]","","2026-07-29","passed","2026-07-29","","SyncCoordinatorImplSpec[jvm]","com.georgeci.moneysurfer.sync.coordinator.SyncCoordinatorImplSpec",""
"","4","reason mapping for user-initiated reasons is Indefinite[jvm]","","2026-07-29","passed","2026-07-29","","NetworkWaitModeSpec[jvm]","com.georgeci.moneysurfer.sync.network.NetworkWaitModeSpec",""
"","6","an unreachable server marks the layer degraded[jvm]","","2026-07-29","passed","2026-07-29","","RemoteGlobalConfigSourceImplSpec[jvm]","com.georgeci.moneysurfer.appconfig.remote.RemoteGlobalConfigSourceImplSpec",""
"","24","a leaf category is flagged as such and lists no subcategories[jvm]","","2026-07-29","passed","2026-07-29","","CategoryDetailsViewModelTest[jvm]","com.georgeci.moneysurfer.feature.category.details.CategoryDetailsViewModelTest",""
"","19","a budget's CSV category column becomes a list on the wire and back again[jvm]","","2026-07-29","passed","2026-07-29","","WorkspaceScopedDtoMapperSpec[jvm]","com.georgeci.moneysurfer.data.sync.WorkspaceScopedDtoMapperSpec",""
"","18","a workspace survives the round trip, id included[jvm]","","2026-07-29","passed","2026-07-29","","WorkspaceScopedDtoMapperSpec[jvm]","com.georgeci.moneysurfer.data.sync.WorkspaceScopedDtoMapperSpec",""
"","56","a pulled budget is inserted, and a newer local edit is kept[jvm]","","2026-07-29","passed","2026-07-29","","BudgetAndRecurringRuleSyncPluginIT[jvm]","com.georgeci.moneysurfer.integration.plugin.BudgetAndRecurringRuleSyncPluginIT",""
"","51","nothing is emitted while sync is disabled[jvm]","","2026-07-29","passed","2026-07-29","","PeriodicSyncGateTest[jvm]","com.georgeci.moneysurfer.navigation.PeriodicSyncGateTest",""
"","4","an undecodable document is skipped instead of taking the pull down[jvm]","","2026-07-29","passed","2026-07-29","","UserConfigSyncPluginSpec[jvm]","com.georgeci.moneysurfer.data.sync.plugin.UserConfigSyncPluginSpec",""
"","2","uses the trailing hex digits of the id[jvm]","","2026-07-29","passed","2026-07-29","","TransactionReferenceTest[jvm]","com.georgeci.moneysurfer.domain.model.TransactionReferenceTest",""
"","5","typing into a line touches only that line[jvm]","","2026-07-29","passed","2026-07-29","","TransactionCreationSplitEditingTest[jvm]","com.georgeci.moneysurfer.feature.transaction.creation.TransactionCreationSplitEditingTest",""
"","21","a pulled transaction this device has never seen is inserted[jvm]","","2026-07-29","passed","2026-07-29","","TransactionSyncPluginIT[jvm]","com.georgeci.moneysurfer.integration.plugin.TransactionSyncPluginIT",""
"","6","blob shorter than header + MAC is rejected as InvalidArchive[jvm]","","2026-07-29","passed","2026-07-29","","EncryptedBackupCodecTest[jvm]","com.georgeci.moneysurfer.data.backup.EncryptedBackupCodecTest",""
"","54","withdrawing more than the goal holds surfaces the below-zero error[jvm]","","2026-07-29","passed","2026-07-29","","GoalContributionViewModelTest[jvm]","com.georgeci.moneysurfer.feature.goal.contribution.GoalContributionViewModelTest",""
"","28","a contribution whose goal is here is applied[jvm]","","2026-07-29","passed","2026-07-29","","GoalSyncPluginIT[jvm]","com.georgeci.moneysurfer.integration.plugin.GoalSyncPluginIT",""
"","11","legs of one receipt become a single group holding the whole payment[jvm]","","2026-07-29","passed","2026-07-29","","TransactionSplitGroupTest[jvm]","com.georgeci.moneysurfer.domain.model.TransactionSplitGroupTest",""
"","131","cancelAllQueued cancels queued requests but keeps the running one[jvm]","","2026-07-29","passed","2026-07-29","","SyncCoordinatorImplBranchSpec[jvm]","com.georgeci.moneysurfer.sync.coordinator.SyncCoordinatorImplBranchSpec",""
"","1","the workspace name comes from the pinned workspace, not the first one[jvm]","","2026-07-29","passed","2026-07-29","","ShellIdentityTest[jvm]","com.georgeci.moneysurfer.navigation.ShellIdentityTest",""
"","4","clearAll clears every entry at once[jvm]","","2026-07-29","passed","2026-07-29","","NavEntryViewModelStoreHolderTest[jvm]","com.georgeci.moneysurfer.navigation.util.NavEntryViewModelStoreHolderTest",""
"","42","changing the cap updates the backing budget instead of creating a second one[jvm]","","2026-07-29","passed","2026-07-29","","CategoryCreationViewModelTest[jvm]","com.georgeci.moneysurfer.feature.category.creation.CategoryCreationViewModelTest",""
"","30","a lookup normalizes the address the same way the write did[jvm]","","2026-07-29","passed","2026-07-29","","UserRemoteRepositoryImplTest[jvm]","com.georgeci.moneysurfer.data.repository.UserRemoteRepositoryImplTest",""
"","12","moving a switched-off widget onto an enabled one switches it on, in that slot[jvm]","","2026-07-29","passed","2026-07-29","","DashboardLayoutConfigTest[jvm]","com.georgeci.moneysurfer.domain.dashboard.DashboardLayoutConfigTest",""
"","52","stays loading and preserves the initial selection until accounts arrive[jvm]","","2026-07-29","passed","2026-07-29","","AccountChooserViewModelTest[jvm]","com.georgeci.moneysurfer.feature.account.picker.AccountChooserViewModelTest",""
"","20","deleting returns the removed goal[jvm]","","2026-07-29","passed","2026-07-29","","SavingsGoalUseCaseTest[jvm]","com.georgeci.moneysurfer.domain.usecase.SavingsGoalUseCaseTest",""
"","39","a rejected override surfaces the offending value instead of failing silently[jvm]","","2026-07-29","passed","2026-07-29","","DebugConfigViewModelTest[jvm]","com.georgeci.moneysurfer.feature.settings.debug.DebugConfigViewModelTest",""
"","5","switching a widget to the state it already has changes nothing[jvm]","","2026-07-29","passed","2026-07-29","","DashboardLayoutConfigTest[jvm]","com.georgeci.moneysurfer.domain.dashboard.DashboardLayoutConfigTest",""
"","127","tapping a chip asks for that choice[jvm]","","2026-07-29","passed","2026-07-29","","DebugConfigScreenStateTest[jvm]","com.georgeci.moneysurfer.ui.DebugConfigScreenStateTest",""
"","60","a weekly rule round-trips its weekday set through the CSV column[jvm]","","2026-07-29","passed","2026-07-29","","RecurringRuleRepositoryImplJvmTest[jvm]","com.georgeci.moneysurfer.data.repository.RecurringRuleRepositoryImplJvmTest",""
"","28","a never-pushed row is pending[jvm]","","2026-07-29","passed","2026-07-29","","ConfigEntryDaoIntegrationIT[jvm]","com.georgeci.moneysurfer.integration.repository.ConfigEntryDaoIntegrationIT",""
"","23","a cap of zero creates no budget[jvm]","","2026-07-29","passed","2026-07-29","","CategoryCreationViewModelTest[jvm]","com.georgeci.moneysurfer.feature.category.creation.CategoryCreationViewModelTest",""
"","5","a named idle form can save but a loading form cannot[jvm]","","2026-07-29","passed","2026-07-29","","CategoryCreationStateTest[jvm]","com.georgeci.moneysurfer.feature.category.creation.CategoryCreationStateTest",""
"","1","a Sunday anchor still belongs to the week that started the previous Monday[jvm]","","2026-07-29","passed","2026-07-29","","TransactionPeriodWindowTest[jvm]","com.georgeci.moneysurfer.domain.util.TransactionPeriodWindowTest",""
"","26","an idle coordinator reports the last outcome, and a cancelled one reports nothing[jvm]","","2026-07-29","passed","2026-07-29","","SyncViewModelTest[jvm]","com.georgeci.moneysurfer.feature.settings.sync.SyncViewModelTest",""
"","6","a value written after the push read it stays pending[jvm]","","2026-07-29","passed","2026-07-29","","UserConfigSyncPluginSpec[jvm]","com.georgeci.moneysurfer.data.sync.plugin.UserConfigSyncPluginSpec",""
"","2","a key this build does not know is stored rather than dropped[jvm]","","2026-07-29","passed","2026-07-29","","UserConfigSyncPluginSpec[jvm]","com.georgeci.moneysurfer.data.sync.plugin.UserConfigSyncPluginSpec",""
"","50","is stable for the same id[jvm]","","2026-07-29","passed","2026-07-29","","TransactionReferenceTest[jvm]","com.georgeci.moneysurfer.domain.model.TransactionReferenceTest",""
"","205","OnRemoveCategoryClick stages a pending delete[jvm]","","2026-07-29","passed","2026-07-29","","CategoriesManageViewModelTest[jvm]","com.georgeci.moneysurfer.feature.category.manage.CategoriesManageViewModelTest",""
"","62","merchant, tags and recurringRuleId round-trip through the wire format[jvm]","","2026-07-29","passed","2026-07-29","","TransactionDtoMapperSpec[jvm]","com.georgeci.moneysurfer.data.sync.TransactionDtoMapperSpec",""
"","19","list/scan is denied — prevents email enumeration","","2026-07-29","passed","2026-07-29","","userEmails/{email}","userEmails/{email} list/scan is denied — prevents email enumeration",""
"","123","a workspace is pushed to its own document, not a sub-collection[jvm]","","2026-07-29","passed","2026-07-29","","WorkspaceTreeSyncPluginIT[jvm]","com.georgeci.moneysurfer.integration.plugin.WorkspaceTreeSyncPluginIT",""
"","102","nothing is decided until the first refresh[jvm]","","2026-07-29","passed","2026-07-29","","AppVersionGateImplTest[jvm]","com.georgeci.moneysurfer.data.repository.AppVersionGateImplTest",""
"","17","an uncategorized slice keeps its money and leaves the label to the screen[jvm]","","2026-07-29","passed","2026-07-29","","DashboardSpentByCategoryViewModelTest[jvm]","com.georgeci.moneysurfer.feature.dashboard.DashboardSpentByCategoryViewModelTest",""
"","17","user cannot read another user's document","","2026-07-29","passed","2026-07-29","","users/{uid}","users/{uid} user cannot read another user's document",""
"","119","an overspent budget says so in the caption rather than reading as headroom[jvm]","","2026-07-29","passed","2026-07-29","","DashboardScreenStateTest[jvm]","com.georgeci.moneysurfer.ui.DashboardScreenStateTest",""
"","11","PUSH_MEMBERS sits between PUSH_WORKSPACE and PUSH_INVITES[jvm]","","2026-07-29","passed","2026-07-29","","SyncStepOrderTest[jvm]","com.georgeci.moneysurfer.domain.model.SyncStepOrderTest",""
"","14","a rejected edit puts the previous text back[jvm]","","2026-07-29","passed","2026-07-29","","AmountInputTransformationTest[jvm]","com.georgeci.moneysurfer.utils.AmountInputTransformationTest",""
"","21","the tab row switches both variants over to the picked type[jvm]","","2026-07-29","passed","2026-07-29","","CategoryChooserViewModelTest[jvm]","com.georgeci.moneysurfer.feature.category.picker.CategoryChooserViewModelTest",""
"","13","wrong-password (FIRAuth 17009) classifies as InvalidCredentials[jvm]","","2026-07-29","passed","2026-07-29","","AuthErrorClassificationTest[jvm]","com.georgeci.moneysurfer.data.repository.AuthErrorClassificationTest",""
"","10","a third decimal digit is rejected, keeping two[jvm]","","2026-07-29","passed","2026-07-29","","AmountInputTransformationTest[jvm]","com.georgeci.moneysurfer.utils.AmountInputTransformationTest",""
"","2","email-already-in-use classifies as EmailAlreadyInUse[jvm]","","2026-07-29","passed","2026-07-29","","AuthErrorClassificationTest[jvm]","com.georgeci.moneysurfer.data.repository.AuthErrorClassificationTest",""
"","9","conflicts and skipped docs are reflected in the summary[jvm]","","2026-07-29","passed","2026-07-29","","PullRemoteChangesUseCaseImplSpec[jvm]","com.georgeci.moneysurfer.data.sync.PullRemoteChangesUseCaseImplSpec",""
"","1","an inactive budget stays inactive across the wire[jvm]","","2026-07-29","passed","2026-07-29","","WorkspaceScopedDtoMapperSpec[jvm]","com.georgeci.moneysurfer.data.sync.WorkspaceScopedDtoMapperSpec",""
"","71","only the nothing-logged-yet empty state carries an add CTA, so only then is the FAB dropped[jvm]","","2026-07-29","passed","2026-07-29","","TransactionsByAccountFilteringTest[jvm]","com.georgeci.moneysurfer.feature.transaction.list.TransactionsByAccountFilteringTest",""
"","10","a user without a workspace goes to the selector[jvm]","","2026-07-29","passed","2026-07-29","","StartRouteTest[jvm]","com.georgeci.moneysurfer.navigation.StartRouteTest",""
"","21","rejects a category whose hue is a string","","2026-07-29","passed","2026-07-29","","entity write-shape validation (issue #156)","entity write-shape validation (issue #156) rejects a category whose hue is a string",""
"","10","creating a goal with a non-positive target is rejected[jvm]","","2026-07-29","passed","2026-07-29","","SavingsGoalUseCaseTest[jvm]","com.georgeci.moneysurfer.domain.usecase.SavingsGoalUseCaseTest",""
"","10","LastSyncOutcome.Success carries summary and timestamp[jvm]","","2026-07-29","passed","2026-07-29","","SyncStateSpec[jvm]","com.georgeci.moneysurfer.sync.api.SyncStateSpec",""
"","15","pausing a goal keeps its progress[jvm]","","2026-07-29","passed","2026-07-29","","SavingsGoalUseCaseTest[jvm]","com.georgeci.moneysurfer.domain.usecase.SavingsGoalUseCaseTest",""
"","25","switching the type drops split categories the new type cannot use[jvm]","","2026-07-29","passed","2026-07-29","","TransactionCreationSplitTest[jvm]","com.georgeci.moneysurfer.feature.transaction.creation.TransactionCreationSplitTest",""
"","0","TransactionsByAccount[jvm]","","2026-07-29","passed","2026-07-29","","RouteSerializationTest[jvm]","com.georgeci.moneysurfer.navigation.RouteSerializationTest",""
"","2","garbage decodes to the default layout instead of an empty dashboard[jvm]","","2026-07-29","passed","2026-07-29","","DashboardLayoutCodecTest[jvm]","com.georgeci.moneysurfer.data.preferences.DashboardLayoutCodecTest",""
"","3","an ordinary note is not prefixed[jvm]","","2026-07-29","passed","2026-07-29","","TransactionCsvCodecTest[jvm]","com.georgeci.moneysurfer.domain.csv.TransactionCsvCodecTest",""
"","75","member can read and create a contribution","","2026-07-29","passed","2026-07-29","","savings goals (issue #244)","savings goals (issue #244) member can read and create a contribution",""
"","13","stamps targetUserId from userEmails mapping[jvm]","","2026-07-29","passed","2026-07-29","","SendInviteUseCaseTest[jvm]","com.georgeci.moneysurfer.domain.usecase.SendInviteUseCaseTest",""
"","4","the threshold is exactly one retention window behind now[jvm]","","2026-07-29","passed","2026-07-29","","PurgeDeletedTransactionsUseCaseTest[jvm]","com.georgeci.moneysurfer.domain.usecase.PurgeDeletedTransactionsUseCaseTest",""
"","13","an unreachable server leaves the mirrored values in place[jvm]","","2026-07-29","passed","2026-07-29","","RemoteGlobalConfigSourceImplSpec[jvm]","com.georgeci.moneysurfer.appconfig.remote.RemoteGlobalConfigSourceImplSpec",""
"","21","a lone leg still declares itself part of a receipt, so the delete dialog can say so[jvm]","","2026-07-29","passed","2026-07-29","","TransactionsListSplitTest[jvm]","com.georgeci.moneysurfer.feature.transaction.list.TransactionsListSplitTest",""
"","7","a group takes the position of its first leg and the order around it is kept[jvm]","","2026-07-29","passed","2026-07-29","","TransactionSplitGroupTest[jvm]","com.georgeci.moneysurfer.domain.model.TransactionSplitGroupTest",""
"","62","a row with no override of its own has nothing to clear[jvm]","","2026-07-29","passed","2026-07-29","","DebugConfigScreenStateTest[jvm]","com.georgeci.moneysurfer.ui.DebugConfigScreenStateTest",""
"","8","a share is the entry's fraction of the period total[jvm]","","2026-07-29","passed","2026-07-29","","SpentByCategoryTest[jvm]","com.georgeci.moneysurfer.domain.model.SpentByCategoryTest",""
"","2","at most one rise and one fall are reported, and the biggest move in money wins[jvm]","","2026-07-29","passed","2026-07-29","","InsightRulesTest[jvm]","com.georgeci.moneysurfer.domain.insight.InsightRulesTest",""
"","0","'42.5' -> '42.5'[jvm]","","2026-07-29","passed","2026-07-29","","AmountInputTransformationTest[jvm]","com.georgeci.moneysurfer.utils.AmountInputTransformationTest",""
"","7","a zero or non-finite quote counts as missing rather than as an infinite balance[jvm]","","2026-07-29","passed","2026-07-29","","ConvertAccountsTotalUseCaseTest[jvm]","com.georgeci.moneysurfer.domain.usecase.ConvertAccountsTotalUseCaseTest",""
"","28","a returning user with a workspace lands on the dashboard[jvm]","","2026-07-29","passed","2026-07-29","","AppLaunchViewModelTest[jvm]","com.georgeci.moneysurfer.navigation.AppLaunchViewModelTest",""
"","8","foreign-currency expenses are skipped and raise the mixed-currency flag[jvm]","","2026-07-29","passed","2026-07-29","","BudgetProgressTest[jvm]","com.georgeci.moneysurfer.domain.model.BudgetProgressTest",""
"","18","a document with only defaults still maps, so the gate can decide it means nothing[jvm]","","2026-07-29","passed","2026-07-29","","AppConfigRepositoryImplTest[jvm]","com.georgeci.moneysurfer.data.repository.AppConfigRepositoryImplTest",""
"","261","splits budgets into active and archived[jvm]","","2026-07-29","passed","2026-07-29","","BudgetsViewModelTest[jvm]","com.georgeci.moneysurfer.feature.budget.list.BudgetsViewModelTest",""
"","26","user cannot update another user's document","","2026-07-29","passed","2026-07-29","","users/{uid}","users/{uid} user cannot update another user's document",""
"","28","rows referencing unknown workspace account or category are reported per row[jvm]","","2026-07-29","passed","2026-07-29","","ImportTransactionsValidationTest[jvm]","com.georgeci.moneysurfer.domain.csv.ImportTransactionsValidationTest",""
"","13","push sends the row as it stands now and records it as pushed[jvm]","","2026-07-29","passed","2026-07-29","","UserConfigSyncPluginSpec[jvm]","com.georgeci.moneysurfer.data.sync.plugin.UserConfigSyncPluginSpec",""
"","9","rollover carries the previous window's leftover into the effective limit[jvm]","","2026-07-29","passed","2026-07-29","","BudgetProgressTest[jvm]","com.georgeci.moneysurfer.domain.model.BudgetProgressTest",""
"","15","a zero amount blocks save and exposes an inline error[jvm]","","2026-07-29","passed","2026-07-29","","TransactionCreationSaveTest[jvm]","com.georgeci.moneysurfer.feature.transaction.creation.TransactionCreationSaveTest",""
"","3","the number of purged rows is reported back to the caller[jvm]","","2026-07-29","passed","2026-07-29","","PurgeDeletedTransactionsUseCaseTest[jvm]","com.georgeci.moneysurfer.domain.usecase.PurgeDeletedTransactionsUseCaseTest",""
"","2","expanded and large widths present the drawer[jvm]","","2026-07-29","passed","2026-07-29","","NavigationShellTest[jvm]","com.georgeci.moneysurfer.navigation.NavigationShellTest",""
"","8","ids stay unique across the whole buffer, even for identical lines[jvm]","","2026-07-29","passed","2026-07-29","","DebugLogBufferTest[jvm]","com.georgeci.moneysurfer.domain.logging.DebugLogBufferTest",""
"","9","the window ends on the clock's today and defaults to a month[jvm]","","2026-07-29","passed","2026-07-29","","GetAccountBalanceSeriesUseCaseTest[jvm]","com.georgeci.moneysurfer.domain.usecase.GetAccountBalanceSeriesUseCaseTest",""
"","6","a budget spanning several categories caps none of them on its own[jvm]","","2026-07-29","passed","2026-07-29","","SpentByCategoryTest[jvm]","com.georgeci.moneysurfer.domain.model.SpentByCategoryTest",""
"","30","invite sender can append one wid to recipient invitedWorkspaceIds","","2026-07-29","passed","2026-07-29","","users/{uid} — invitedWorkspaceIds cross-user append","users/{uid} — invitedWorkspaceIds cross-user append invite sender can append one wid to recipient invitedWorkspaceIds",""
"","21","member cannot hard-delete a member row (not even their own)","","2026-07-29","passed","2026-07-29","","workspaces/{wid}/members/{uid}","workspaces/{wid}/members/{uid} member cannot hard-delete a member row (not even their own)",""
"","8","consolidated invalid-login-credentials classifies as InvalidCredentials[jvm]","","2026-07-29","passed","2026-07-29","","AuthErrorClassificationTest[jvm]","com.georgeci.moneysurfer.data.repository.AuthErrorClassificationTest",""
"","11","an over-assigned remainder is not pinned onto the line that loses its place[jvm]","","2026-07-29","passed","2026-07-29","","TransactionCreationSplitTest[jvm]","com.georgeci.moneysurfer.feature.transaction.creation.TransactionCreationSplitTest",""
"","1","a doc from an older client decodes to empty merchant, no tags and no rule[jvm]","","2026-07-29","passed","2026-07-29","","TransactionDtoMapperSpec[jvm]","com.georgeci.moneysurfer.data.sync.TransactionDtoMapperSpec",""
"","2","summary separates income and expense and calculates a positive net[jvm]","","2026-07-29","passed","2026-07-29","","TransactionsListMappingTest[jvm]","com.georgeci.moneysurfer.feature.transaction.list.TransactionsListMappingTest",""
"","15","the offline build is carried into the state so the hero can say so[jvm]","","2026-07-29","passed","2026-07-29","","BackupViewModelTest[jvm]","com.georgeci.moneysurfer.feature.settings.backup.BackupViewModelTest",""
"","19","save is blocked with an inline error when a non-credit account has a negative balance[jvm]","","2026-07-29","passed","2026-07-29","","AccountCreationViewModelTest[jvm]","com.georgeci.moneysurfer.feature.account.creation.AccountCreationViewModelTest",""
"","19","user cannot squat on someone else's email key (mapping to own uid)","","2026-07-29","passed","2026-07-29","","userEmails/{email}","userEmails/{email} user cannot squat on someone else's email key (mapping to own uid)",""
"","25","enqueueDelete is a no-op when demo session[jvm]","","2026-07-29","passed","2026-07-29","","OutboxEnqueuerSpec[jvm]","com.georgeci.moneysurfer.data.sync.OutboxEnqueuerSpec",""
"","29","a goal pointing at an account this device does not have keeps everything but the pointer[jvm]","","2026-07-29","passed","2026-07-29","","GoalSyncPluginIT[jvm]","com.georgeci.moneysurfer.integration.plugin.GoalSyncPluginIT",""
"","59","invites are the exception: a targetUserId-filtered query succeeds and comes back empty","","2026-07-29","passed","2026-07-29","","dangling users/{uid}.workspaceIds refs","dangling users/{uid}.workspaceIds refs invites are the exception: a targetUserId-filtered query succeeds and comes back empty",""
"","18","online build keeps the extra details section visible[jvm]","","2026-07-29","passed","2026-07-29","","AccountCreationViewModelTest[jvm]","com.georgeci.moneysurfer.feature.account.creation.AccountCreationViewModelTest",""
"","8","asking for no particular period leaves the pre-period order untouched[jvm]","","2026-07-29","passed","2026-07-29","","SafeToSpendTest[jvm]","com.georgeci.moneysurfer.domain.model.SafeToSpendTest",""
"","18","the outbox is truncated only when the queue held more rows than the screen shows[jvm]","","2026-07-29","passed","2026-07-29","","SyncViewModelTest[jvm]","com.georgeci.moneysurfer.feature.settings.sync.SyncViewModelTest",""
"","34","the flows actually carry id: selectors, so the gate above cannot pass vacuously[jvm]","","2026-07-29","passed","2026-07-29","","MaestroFlowSelectorTest[jvm]","com.georgeci.moneysurfer.utils.MaestroFlowSelectorTest",""
"","2","keeps the shared version when every artifact of a family agrees[jvm]","","2026-07-29","passed","2026-07-29","","ParseOssLibrariesTest[jvm]","com.georgeci.moneysurfer.feature.settings.about.licenses.ParseOssLibrariesTest",""
"","1","'999999.99' -> '999999.99'[jvm]","","2026-07-29","passed","2026-07-29","","AmountInputTransformationTest[jvm]","com.georgeci.moneysurfer.utils.AmountInputTransformationTest",""
"","20","matches a Cyrillic prefix — unicode61 tokenizer, not simple[jvm]","","2026-07-29","passed","2026-07-29","","TransactionFtsIntegrationIT[jvm]","com.georgeci.moneysurfer.integration.repository.TransactionFtsIntegrationIT",""
"","51","an evicted (REMOVED) member CANNOT self-resurrect to ACTIVE","","2026-07-29","passed","2026-07-29","","workspaces/{wid}/members/{uid}","workspaces/{wid}/members/{uid} an evicted (REMOVED) member CANNOT self-resurrect to ACTIVE",""
"","20","create blocked when clientVersionCode is below floor","","2026-07-29","passed","2026-07-29","","workspaces/{wid}","workspaces/{wid} create blocked when clientVersionCode is below floor",""
"","6","the period on screen picks between two general budgets on different cadences[jvm]","","2026-07-29","passed","2026-07-29","","SafeToSpendTest[jvm]","com.georgeci.moneysurfer.domain.model.SafeToSpendTest",""
"","108","requestSync completes with success for noop use cases[jvm]","","2026-07-29","passed","2026-07-29","","SyncCoordinatorImplSpec[jvm]","com.georgeci.moneysurfer.sync.coordinator.SyncCoordinatorImplSpec",""
"","4","an account-scoped summary always uses the account currency[jvm]","","2026-07-29","passed","2026-07-29","","TransactionsListMappingTest[jvm]","com.georgeci.moneysurfer.feature.transaction.list.TransactionsListMappingTest",""
"","23","a row with no operationDate is invisible to a windowed query[jvm]","","2026-07-29","passed","2026-07-29","","TransactionWindowIntegrationIT[jvm]","com.georgeci.moneysurfer.integration.repository.TransactionWindowIntegrationIT",""
"","31","insert with unknown workspaceId is allowed (no FK on workspace_invites.workspaceId)[jvm]","","2026-07-29","passed","2026-07-29","","WorkspaceInviteRepositoryIntegrationIT[jvm]","com.georgeci.moneysurfer.integration.repository.WorkspaceInviteRepositoryIntegrationIT",""
"","2","addUpload accumulates uploadedCount[jvm]","","2026-07-29","passed","2026-07-29","","SyncSummaryBuilderSpec[jvm]","com.georgeci.moneysurfer.sync.api.SyncSummaryBuilderSpec",""
"","9","reset clears the draft's filters but keeps the search the list is showing[jvm]","","2026-07-29","passed","2026-07-29","","TransactionFiltersViewModelTest[jvm]","com.georgeci.moneysurfer.feature.transaction.filters.TransactionFiltersViewModelTest",""
"","1","actual → planned unwinds impact[jvm]","","2026-07-29","passed","2026-07-29","","ApplyTransactionChangeUseCaseTest[jvm]","com.georgeci.moneysurfer.domain.usecase.ApplyTransactionChangeUseCaseTest",""
"","6","restyling to the style a widget already has, or a widget the layout lacks, changes nothing[jvm]","","2026-07-29","passed","2026-07-29","","DashboardLayoutConfigTest[jvm]","com.georgeci.moneysurfer.domain.dashboard.DashboardLayoutConfigTest",""
"","6","sections are declared as contiguous blocks[jvm]","","2026-07-29","passed","2026-07-29","","NavigationShellTest[jvm]","com.georgeci.moneysurfer.navigation.NavigationShellTest",""
"","3","no enqueue when uid is empty string[jvm]","","2026-07-29","passed","2026-07-29","","OutboxEnqueuerImplSpec[jvm]","com.georgeci.moneysurfer.sync.repository.OutboxEnqueuerImplSpec",""
"","0","contains is inclusive on both ends[jvm]","","2026-07-29","passed","2026-07-29","","TransactionPeriodWindowTest[jvm]","com.georgeci.moneysurfer.domain.util.TransactionPeriodWindowTest",""
"","21","a non-denial failure in the user-scoped phase still fails the pull[jvm]","","2026-07-29","passed","2026-07-29","","PullRemoteChangesUseCaseImplSpec[jvm]","com.georgeci.moneysurfer.data.sync.PullRemoteChangesUseCaseImplSpec",""
"","9","normalize drops entries with a blank key or a blank value[jvm]","","2026-07-29","passed","2026-07-29","","AccountExtraDetailsTest[jvm]","com.georgeci.moneysurfer.domain.model.AccountExtraDetailsTest",""
"","2","re-reading an unchanged document is not reported as a conflict[jvm]","","2026-07-29","passed","2026-07-29","","UserConfigSyncPluginSpec[jvm]","com.georgeci.moneysurfer.data.sync.plugin.UserConfigSyncPluginSpec",""
"","6","the system Transfer category keeps its fixed appearance whatever its id hashes to[jvm]","","2026-07-29","passed","2026-07-29","","CategoryAppearanceTest[jvm]","com.georgeci.moneysurfer.domain.model.CategoryAppearanceTest",""
"","14","a failed seed leaves the onboarding unfinished so the next launch replays it[jvm]","","2026-07-29","passed","2026-07-29","","OnboardingViewModelTest[jvm]","com.georgeci.moneysurfer.feature.login.onboarding.OnboardingViewModelTest",""
"","150","a remote push failure keeps the user on the form with a retryable error[jvm]","","2026-07-29","passed","2026-07-29","","WorkspaceCreationViewModelTest[jvm]","com.georgeci.moneysurfer.feature.workspace.creation.WorkspaceCreationViewModelTest",""
"","18","editing an account that is gone reports a failure and stays on the screen[jvm]","","2026-07-29","passed","2026-07-29","","AccountCreationViewModelTest[jvm]","com.georgeci.moneysurfer.feature.account.creation.AccountCreationViewModelTest",""
"","431","round-trip: an exported file imports every transaction into an empty database[jvm]","","2026-07-29","passed","2026-07-29","","ExportImportTransactionsUseCaseTest[jvm]","com.georgeci.moneysurfer.domain.csv.ExportImportTransactionsUseCaseTest",""
"","24","accepts a category carrying the new iconKey + hue fields","","2026-07-29","passed","2026-07-29","","entity write-shape validation (issue #156)","entity write-shape validation (issue #156) accepts a category carrying the new iconKey + hue fields",""
"","21","drops BOM artifacts even when they are the only ones of their group[jvm]","","2026-07-29","passed","2026-07-29","","ParseOssLibrariesTest[jvm]","com.georgeci.moneysurfer.feature.settings.about.licenses.ParseOssLibrariesTest",""
"","41","the signed-in user's workspaces land in Content[jvm]","","2026-07-29","passed","2026-07-29","","WorkspaceSelectorViewModelTest[jvm]","com.georgeci.moneysurfer.feature.workspace.selector.WorkspaceSelectorViewModelTest",""
"","0","a negative amount passed to add is rejected instead of read as a withdrawal[jvm]","","2026-07-29","passed","2026-07-29","","GoalContributionUseCaseTest[jvm]","com.georgeci.moneysurfer.domain.usecase.GoalContributionUseCaseTest",""
"","4","with no rates cached only the base-currency accounts fold in[jvm]","","2026-07-29","passed","2026-07-29","","ConvertAccountsTotalUseCaseTest[jvm]","com.georgeci.moneysurfer.domain.usecase.ConvertAccountsTotalUseCaseTest",""
"","28","the legacy REGULAR type is bucketed by the amount's sign[jvm]","","2026-07-29","passed","2026-07-29","","TransactionWindowIntegrationIT[jvm]","com.georgeci.moneysurfer.integration.repository.TransactionWindowIntegrationIT",""
"","40","the layers that can be read are still warmed when another fails[jvm]","","2026-07-29","passed","2026-07-29","","LayeredConfigSpec[jvm]","com.georgeci.moneysurfer.appconfig.LayeredConfigSpec",""
"","4","the Expanded band runs from its lower bound up to the Large bound[jvm]","","2026-07-29","passed","2026-07-29","","SurferWindowSizeTest[jvm]","com.georgeci.moneysurfer.uikit.window.SurferWindowSizeTest",""
"","8","opening_balance contributes +amount on its account[jvm]","","2026-07-29","passed","2026-07-29","","BalanceImpactTest[jvm]","com.georgeci.moneysurfer.domain.model.BalanceImpactTest",""
"","15","a user can delete their own setting","","2026-07-29","passed","2026-07-29","","users/{uid}/config/{key}","users/{uid}/config/{key} a user can delete their own setting",""
"","3","the most-used currency leads regardless of account order[jvm]","","2026-07-29","passed","2026-07-29","","AccountTotalsTest[jvm]","com.georgeci.moneysurfer.domain.model.AccountTotalsTest",""
"","623","seal + open round-trips with the right passphrase[jvm]","","2026-07-29","passed","2026-07-29","","EncryptedBackupCodecTest[jvm]","com.georgeci.moneysurfer.data.backup.EncryptedBackupCodecTest",""
"","5","every row of the default grid is filled exactly, leaving no gap to pack around[jvm]","","2026-07-29","passed","2026-07-29","","DashboardLayoutConfigTest[jvm]","com.georgeci.moneysurfer.domain.dashboard.DashboardLayoutConfigTest",""
"","23","save EXPENSE persists a transaction with the account's currency and updates balance[jvm]","","2026-07-29","passed","2026-07-29","","TransactionCreationSaveTest[jvm]","com.georgeci.moneysurfer.feature.transaction.creation.TransactionCreationSaveTest",""
"","24","a running sync outranks the last outcome in the hero[jvm]","","2026-07-29","passed","2026-07-29","","SyncViewModelTest[jvm]","com.georgeci.moneysurfer.feature.settings.sync.SyncViewModelTest",""
"","3","PullingCollection defaults current and total to null[jvm]","","2026-07-29","passed","2026-07-29","","SyncStepSpec[jvm]","com.georgeci.moneysurfer.sync.api.SyncStepSpec",""
"","4","a selected child expands exactly its parent[jvm]","","2026-07-29","passed","2026-07-29","","CategoryPickerRowsTest[jvm]","com.georgeci.moneysurfer.feature.category.picker.CategoryPickerRowsTest",""
"","17","updates the workspace base currency[jvm]","","2026-07-29","passed","2026-07-29","","UpdateWorkspaceCurrencyUseCaseTest[jvm]","com.georgeci.moneysurfer.domain.usecase.UpdateWorkspaceCurrencyUseCaseTest",""
"","5","a child whose parent is a different type is drawn at the top level[jvm]","","2026-07-29","passed","2026-07-29","","CategoryChooserViewModelTest[jvm]","com.georgeci.moneysurfer.feature.category.picker.CategoryChooserViewModelTest",""
"","127","create workspace persists local rows and enqueues one outbox mutation per row[jvm]","","2026-07-29","passed","2026-07-29","","WorkspaceCreationSyncIntegrationIT[jvm]","com.georgeci.moneysurfer.integration.sync.WorkspaceCreationSyncIntegrationIT",""
"","110","the two period sentences the samples do not cover still draw[jvm]","","2026-07-29","passed","2026-07-29","","DashboardInsightsScreenTest[jvm]","com.georgeci.moneysurfer.ui.DashboardInsightsScreenTest",""
"","19","owner can promote a member's role","","2026-07-29","passed","2026-07-29","","workspaces/{wid}/members/{uid}","workspaces/{wid}/members/{uid} owner can promote a member's role",""
"","380","inserts accounts with USD, EUR, RUB in same workspace and getByWorkspaceId returns all three[jvm]","","2026-07-29","passed","2026-07-29","","AccountCreationIntegrationIT[jvm]","com.georgeci.moneysurfer.integration.repository.AccountCreationIntegrationIT",""
"","5","as a dead end from sign-in the online build offers a way out[jvm]","","2026-07-29","passed","2026-07-29","","WorkspaceSelectorViewModelTest[jvm]","com.georgeci.moneysurfer.feature.workspace.selector.WorkspaceSelectorViewModelTest",""
"","35","the onboarding's pre-selected type is what the screen opens on[jvm]","","2026-07-29","passed","2026-07-29","","AccountCreationViewModelTest[jvm]","com.georgeci.moneysurfer.feature.account.creation.AccountCreationViewModelTest",""
"","93","loading more appends the next page and stops when the window is exhausted[jvm]","","2026-07-29","passed","2026-07-29","","TransactionsByAccountPeriodTest[jvm]","com.georgeci.moneysurfer.feature.transaction.list.TransactionsByAccountPeriodTest",""
"","67","at a phone width the cap is inert — content still spans the whole window[jvm]","","2026-07-29","passed","2026-07-29","","SurferContentContainerTest[jvm]","com.georgeci.moneysurfer.ui.SurferContentContainerTest",""
"","10","the default for an id is stable across calls[jvm]","","2026-07-29","passed","2026-07-29","","CategoryAppearanceTest[jvm]","com.georgeci.moneysurfer.domain.model.CategoryAppearanceTest",""
"","12","sign-up with a short password reports PasswordTooShort instead of silently doing nothing[jvm]","","2026-07-29","passed","2026-07-29","","SignInViewModelTest[jvm]","com.georgeci.moneysurfer.feature.login.SignInViewModelTest",""
"","2557","encrypted export advertises the scheme and hides the data entries[jvm]","","2026-07-29","passed","2026-07-29","","BackupEncryptedRoundTripJvmTest[jvm]","com.georgeci.moneysurfer.data.backup.BackupEncryptedRoundTripJvmTest",""
"","56","a card carries the spend of the current window, transfers excluded[jvm]","","2026-07-29","passed","2026-07-29","","BudgetsViewModelTest[jvm]","com.georgeci.moneysurfer.feature.budget.list.BudgetsViewModelTest",""
"","0","windows before the start date extend backwards so the first period has a predecessor[jvm]","","2026-07-29","passed","2026-07-29","","BudgetPeriodWindowTest[jvm]","com.georgeci.moneysurfer.domain.util.BudgetPeriodWindowTest",""
"","10","income contributes +amount on its account[jvm]","","2026-07-29","passed","2026-07-29","","BalanceImpactTest[jvm]","com.georgeci.moneysurfer.domain.model.BalanceImpactTest",""
"","6","ignores licenses the export does not describe[jvm]","","2026-07-29","passed","2026-07-29","","ParseOssLibrariesTest[jvm]","com.georgeci.moneysurfer.feature.settings.about.licenses.ParseOssLibrariesTest",""
"","7","only the pre-#260 layout is missing the fields #260 added[jvm]","","2026-07-29","passed","2026-07-29","","TransactionCsvCodecTest[jvm]","com.georgeci.moneysurfer.domain.csv.TransactionCsvCodecTest",""
"","29","the cap control is hidden for income categories and a switch to income drops the budget[jvm]","","2026-07-29","passed","2026-07-29","","CategoryCreationViewModelTest[jvm]","com.georgeci.moneysurfer.feature.category.creation.CategoryCreationViewModelTest",""
"","19","recurring-only and planned-only read the domain fields they name[jvm]","","2026-07-29","passed","2026-07-29","","TransactionsByAccountFilteringTest[jvm]","com.georgeci.moneysurfer.feature.transaction.list.TransactionsByAccountFilteringTest",""
"","47","resolution takes the first non-absent layer[jvm]","","2026-07-29","passed","2026-07-29","","LayeredConfigSpec[jvm]","com.georgeci.moneysurfer.appconfig.LayeredConfigSpec",""
"","11","status is OK below the alert threshold, WARN at it and OVER past the limit[jvm]","","2026-07-29","passed","2026-07-29","","BudgetProgressTest[jvm]","com.georgeci.moneysurfer.domain.model.BudgetProgressTest",""
"","3","every stale key is queued, not just the first[jvm]","","2026-07-29","passed","2026-07-29","","SyncedSettingsSessionImplJvmTest[jvm]","com.georgeci.moneysurfer.data.config.SyncedSettingsSessionImplJvmTest",""
"","6","an empty quote set is refused[jvm]","","2026-07-29","passed","2026-07-29","","ExchangeRateApiTest[jvm]","com.georgeci.moneysurfer.data.remote.ExchangeRateApiTest",""
"","27","a foreign CSV header fails the whole import[jvm]","","2026-07-29","passed","2026-07-29","","ImportTransactionsValidationTest[jvm]","com.georgeci.moneysurfer.domain.csv.ImportTransactionsValidationTest",""
"","15","content-editing events received while loading are harmless no-ops[jvm]","","2026-07-29","passed","2026-07-29","","CategoryChooserViewModelTest[jvm]","com.georgeci.moneysurfer.feature.category.picker.CategoryChooserViewModelTest",""
"","86","the default layout covers every widget type, enabled, in Variant A order[jvm]","","2026-07-29","passed","2026-07-29","","DashboardLayoutConfigTest[jvm]","com.georgeci.moneysurfer.domain.dashboard.DashboardLayoutConfigTest",""
"","71","a missing workspace with a surviving member row reads back empty instead","","2026-07-29","passed","2026-07-29","","dangling users/{uid}.workspaceIds refs","dangling users/{uid}.workspaceIds refs a missing workspace with a surviving member row reads back empty instead",""
"","1","GoalContribution[jvm]","","2026-07-29","passed","2026-07-29","","RouteSerializationTest[jvm]","com.georgeci.moneysurfer.navigation.RouteSerializationTest",""
"","1","redactEmail handles a domain without a dot[jvm]","","2026-07-29","passed","2026-07-29","","PiiRedactionTest[jvm]","com.georgeci.moneysurfer.domain.logging.PiiRedactionTest",""
"","16","the user-scoped read is capped, so a grown collection cannot be pulled whole[jvm]","","2026-07-29","passed","2026-07-29","","PullRemoteChangesUseCaseImplSpec[jvm]","com.georgeci.moneysurfer.data.sync.PullRemoteChangesUseCaseImplSpec",""
"","1","an anonymous session names nobody, and the drawer supplies the placeholder[jvm]","","2026-07-29","passed","2026-07-29","","ShellIdentityTest[jvm]","com.georgeci.moneysurfer.navigation.ShellIdentityTest",""
"","2","'12a' (mixed letters and digits)[jvm]","","2026-07-29","passed","2026-07-29","","AmountInputTransformationTest[jvm]","com.georgeci.moneysurfer.utils.AmountInputTransformationTest",""
"","41","authenticated list/scan is denied — auth buys no enumeration either","","2026-07-29","passed","2026-07-29","","appConfig/{docId}","appConfig/{docId} authenticated list/scan is denied — auth buys no enumeration either",""
"","1","a pulled value is not echoed back to the server[jvm]","","2026-07-29","passed","2026-07-29","","SyncedSettingsSessionImplJvmTest[jvm]","com.georgeci.moneysurfer.data.config.SyncedSettingsSessionImplJvmTest",""
"","5","monthly window is anchored on the start date's day of month[jvm]","","2026-07-29","passed","2026-07-29","","BudgetPeriodWindowTest[jvm]","com.georgeci.moneysurfer.domain.util.BudgetPeriodWindowTest",""
"","62","Week cuts the ISO week containing the day, Monday to Sunday[jvm]","","2026-07-29","passed","2026-07-29","","DashboardPeriodTest[jvm]","com.georgeci.moneysurfer.domain.dashboard.DashboardPeriodTest",""
"","19","a canonical operationDate on the same day still counts[jvm]","","2026-07-29","passed","2026-07-29","","SpendAnalyticsRepositoryImplJvmTest[jvm]","com.georgeci.moneysurfer.data.repository.SpendAnalyticsRepositoryImplJvmTest",""
"","5","a caller-pinned type locks the tab row[jvm]","","2026-07-29","passed","2026-07-29","","CategoryChooserViewModelTest[jvm]","com.georgeci.moneysurfer.feature.category.picker.CategoryChooserViewModelTest",""
"","19","hydrate serves mirrored values without any fetch[jvm]","","2026-07-29","passed","2026-07-29","","RemoteGlobalConfigSourceImplSpec[jvm]","com.georgeci.moneysurfer.appconfig.remote.RemoteGlobalConfigSourceImplSpec",""
"","23","the identity band calls a transfer leg a transfer and leaves its amount unsigned[jvm]","","2026-07-29","passed","2026-07-29","","TransactionCreationEditTest[jvm]","com.georgeci.moneysurfer.feature.transaction.creation.TransactionCreationEditTest",""
"","42","swiping a transaction away removes it, and the snackbar's Undo puts it back[jvm]","","2026-07-29","passed","2026-07-29","","AccountDetailsViewModelTest[jvm]","com.georgeci.moneysurfer.feature.account.details.AccountDetailsViewModelTest",""
"","31","index follows the content table on update, and search drops soft-deleted rows[jvm]","","2026-07-29","passed","2026-07-29","","TransactionFtsIntegrationIT[jvm]","com.georgeci.moneysurfer.integration.repository.TransactionFtsIntegrationIT",""
"","23","a confirmed reset clears the scope and re-syncs, because the cursors alone change nothing[jvm]","","2026-07-29","passed","2026-07-29","","SyncViewModelTest[jvm]","com.georgeci.moneysurfer.feature.settings.sync.SyncViewModelTest",""
"","318","a budget past its alert threshold is still headroom, not an overspend[jvm]","","2026-07-29","passed","2026-07-29","","DashboardScreenStateTest[jvm]","com.georgeci.moneysurfer.ui.DashboardScreenStateTest",""
"","189","sealed blob does not contain the plaintext[jvm]","","2026-07-29","passed","2026-07-29","","EncryptedBackupCodecTest[jvm]","com.georgeci.moneysurfer.data.backup.EncryptedBackupCodecTest",""
"","12","an extra field resolves only canonical well-known key spellings[jvm]","","2026-07-29","passed","2026-07-29","","AccountCreationStateTest[jvm]","com.georgeci.moneysurfer.feature.account.creation.AccountCreationStateTest",""
"","3","NetworkUnavailable is retryable[jvm]","","2026-07-29","passed","2026-07-29","","SyncErrorSpec[jvm]","com.georgeci.moneysurfer.sync.api.SyncErrorSpec",""
"","29","applyDelta updates balance without touching currency[jvm]","","2026-07-29","passed","2026-07-29","","AccountCreationIntegrationIT[jvm]","com.georgeci.moneysurfer.integration.repository.AccountCreationIntegrationIT",""
"","19","plus that overflows Long throws instead of wrapping[jvm]","","2026-07-29","passed","2026-07-29","","MoneyTest[jvm]","com.georgeci.moneysurfer.domain.primitives.MoneyTest",""
"","0","SettingsAppearance[jvm]","","2026-07-29","passed","2026-07-29","","RouteSerializationTest[jvm]","com.georgeci.moneysurfer.navigation.RouteSerializationTest",""
"","22","a collection larger than one batch is drained by a single pull[jvm]","","2026-07-29","passed","2026-07-29","","PullRemoteChangesUseCaseImplSpec[jvm]","com.georgeci.moneysurfer.data.sync.PullRemoteChangesUseCaseImplSpec",""
"","19","dark scheme: text tokens clear AA on every surface they land on[jvm]","","2026-07-29","passed","2026-07-29","","ColorContrastTest[jvm]","com.georgeci.moneysurfer.uikit.theme.ColorContrastTest",""
"","3","release builds enable collection[jvm]","","2026-07-29","passed","2026-07-29","","CrashReportingTest[jvm]","com.georgeci.moneysurfer.domain.telemetry.CrashReportingTest",""
"","16","a user cannot delete another user's setting","","2026-07-29","passed","2026-07-29","","users/{uid}/config/{key}","users/{uid}/config/{key} a user cannot delete another user's setting",""
"","1","equals and hashCode treat identical fields as equal[jvm]","","2026-07-29","passed","2026-07-29","","PendingMutationSpec[jvm]","com.georgeci.moneysurfer.sync.repository.PendingMutationSpec",""
"","61","each picker writes under its own key[jvm]","","2026-07-29","passed","2026-07-29","","NavigationResultKeysTest[jvm]","com.georgeci.moneysurfer.navigation.NavigationResultKeysTest",""
"","0","IncomingInvites[jvm]","","2026-07-29","passed","2026-07-29","","RouteSerializationTest[jvm]","com.georgeci.moneysurfer.navigation.RouteSerializationTest",""
"","6","empty invalid zero and negative caps mean no category cap[jvm]","","2026-07-29","passed","2026-07-29","","CategoryCreationStateTest[jvm]","com.georgeci.moneysurfer.feature.category.creation.CategoryCreationStateTest",""
"","47","non-member is blocked from categories","","2026-07-29","passed","2026-07-29","","member-gated entities (smoke for the rest)","member-gated entities (smoke for the rest) non-member is blocked from categories",""
"","4","an answered invite keeps its status and the moment it was answered[jvm]","","2026-07-29","passed","2026-07-29","","MembershipDtoMapperSpec[jvm]","com.georgeci.moneysurfer.data.sync.MembershipDtoMapperSpec",""
"","17","user can update their own document","","2026-07-29","passed","2026-07-29","","users/{uid}","users/{uid} user can update their own document",""
"","7","fresh repository starts empty[jvm]","","2026-07-29","passed","2026-07-29","","SyncMetaRepositoryImplSpec[jvm]","com.georgeci.moneysurfer.data.sync.SyncMetaRepositoryImplSpec",""
"","9","ActiveWorkspace with no current workspace pulls nothing[jvm]","","2026-07-29","passed","2026-07-29","","PullRemoteChangesUseCaseImplSpec[jvm]","com.georgeci.moneysurfer.data.sync.PullRemoteChangesUseCaseImplSpec",""
"","20","the follow-period count uses the anchor the list was paged to, not today[jvm]","","2026-07-29","passed","2026-07-29","","TransactionFiltersViewModelTest[jvm]","com.georgeci.moneysurfer.feature.transaction.filters.TransactionFiltersViewModelTest",""
"","1100","a well-formed response becomes the domain table[jvm]","","2026-07-29","passed","2026-07-29","","HttpExchangeRateRemoteSourceJvmTest[jvm]","com.georgeci.moneysurfer.data.remote.HttpExchangeRateRemoteSourceJvmTest",""
"","29","the net of a month is its income less its expense[jvm]","","2026-07-29","passed","2026-07-29","","SpendAnalyticsRepositoryImplJvmTest[jvm]","com.georgeci.moneysurfer.data.repository.SpendAnalyticsRepositoryImplJvmTest",""
"","7","the user-scoped phase runs for a workspace-scoped sync too[jvm]","","2026-07-29","passed","2026-07-29","","PullRemoteChangesUseCaseImplSpec[jvm]","com.georgeci.moneysurfer.data.sync.PullRemoteChangesUseCaseImplSpec",""
"","6","removing one of three keeps the other two[jvm]","","2026-07-29","passed","2026-07-29","","TransactionCreationSplitEditingTest[jvm]","com.georgeci.moneysurfer.feature.transaction.creation.TransactionCreationSplitEditingTest",""
"","31","a cancelled save picker is not reported as a failure[jvm]","","2026-07-29","passed","2026-07-29","","BackupViewModelTest[jvm]","com.georgeci.moneysurfer.feature.settings.backup.BackupViewModelTest",""
"","24","a delete drops the row and enqueues a tombstone[jvm]","","2026-07-29","passed","2026-07-29","","BudgetRepositoryImplJvmTest[jvm]","com.georgeci.moneysurfer.data.repository.BudgetRepositoryImplJvmTest",""
"","35","download opens the export options, and confirming asks for a save target[jvm]","","2026-07-29","passed","2026-07-29","","BackupViewModelTest[jvm]","com.georgeci.moneysurfer.feature.settings.backup.BackupViewModelTest",""
"","10","failure on the first mutation fails the whole batch and completes nothing[jvm]","","2026-07-29","passed","2026-07-29","","UploadPendingChangesUseCaseImplSpec[jvm]","com.georgeci.moneysurfer.data.sync.UploadPendingChangesUseCaseImplSpec",""
"","5","markInFlight is a no-op for empty list[jvm]","","2026-07-29","passed","2026-07-29","","PendingMutationQueueImplSpec[jvm]","com.georgeci.moneysurfer.sync.internal.repository.PendingMutationQueueImplSpec",""
"","25","accepts a budget with an empty categoryIds list","","2026-07-29","passed","2026-07-29","","entity write-shape validation (issue #156)","entity write-shape validation (issue #156) accepts a budget with an empty categoryIds list",""
"","5","is idempotent — second invocation does not duplicate workspace or Cash account[jvm]","","2026-07-29","passed","2026-07-29","","SeedDefaultsUseCaseTest[jvm]","com.georgeci.moneysurfer.domain.usecase.SeedDefaultsUseCaseTest",""
"","9","init with no id leaves the blank creation form alone[jvm]","","2026-07-29","passed","2026-07-29","","WorkspaceCreationViewModelTest[jvm]","com.georgeci.moneysurfer.feature.workspace.creation.WorkspaceCreationViewModelTest",""
"","11","a real user logs out immediately without a warning[jvm]","","2026-07-29","passed","2026-07-29","","SettingsLogoutViewModelTest[jvm]","com.georgeci.moneysurfer.feature.settings.SettingsLogoutViewModelTest",""
"","10","releasing one key leaves the others held[jvm]","","2026-07-29","passed","2026-07-29","","LayeredConfigSpec[jvm]","com.georgeci.moneysurfer.appconfig.LayeredConfigSpec",""
"","90","a user-scoped plugin is never run against a workspace[jvm]","","2026-07-29","passed","2026-07-29","","PullRemoteChangesUseCaseImplSpec[jvm]","com.georgeci.moneysurfer.data.sync.PullRemoteChangesUseCaseImplSpec",""
"","4","onSyncCancelled runs without error[jvm]","","2026-07-29","passed","2026-07-29","","KermitSyncTelemetrySpec[jvm]","com.georgeci.moneysurfer.sync.internal.telemetry.KermitSyncTelemetrySpec",""
"","7","a picked category lands in the slot the chooser was opened for[jvm]","","2026-07-29","passed","2026-07-29","","TransactionCreationSplitEditingTest[jvm]","com.georgeci.moneysurfer.feature.transaction.creation.TransactionCreationSplitEditingTest",""
"","425","no error state renders no error text[jvm]","","2026-07-29","passed","2026-07-29","","SignInScreenStateTest[jvm]","com.georgeci.moneysurfer.ui.SignInScreenStateTest",""
"","54","accepts a budget tombstone update (deletedAt set)","","2026-07-29","passed","2026-07-29","","entity write-shape validation (issue #156)","entity write-shape validation (issue #156) accepts a budget tombstone update (deletedAt set)",""
"","33","a local row edited more recently is kept, and the clash is reported[jvm]","","2026-07-29","passed","2026-07-29","","AccountSyncPluginIT[jvm]","com.georgeci.moneysurfer.integration.plugin.AccountSyncPluginIT",""
"","290","each kind draws its own sentence, built from the formatted amounts[jvm]","","2026-07-29","passed","2026-07-29","","DashboardInsightsScreenTest[jvm]","com.georgeci.moneysurfer.ui.DashboardInsightsScreenTest",""
"","24","RemoteGlobal cannot override a host fact even when it names one[jvm]","","2026-07-29","passed","2026-07-29","","LayeredConfigSpec[jvm]","com.georgeci.moneysurfer.appconfig.LayeredConfigSpec",""
"","22","a newer published build is offered, not enforced[jvm]","","2026-07-29","passed","2026-07-29","","AppVersionGateImplTest[jvm]","com.georgeci.moneysurfer.data.repository.AppVersionGateImplTest",""
"","47","member can create + read in transactions","","2026-07-29","passed","2026-07-29","","member-gated entities (smoke for the rest)","member-gated entities (smoke for the rest) member can create + read in transactions",""
"","9","blank remote tags are dropped rather than stored as empty segments[jvm]","","2026-07-29","passed","2026-07-29","","TransactionDtoMapperSpec[jvm]","com.georgeci.moneysurfer.data.sync.TransactionDtoMapperSpec",""
"","16","rejects when no current user[jvm]","","2026-07-29","passed","2026-07-29","","SendInviteUseCaseTest[jvm]","com.georgeci.moneysurfer.domain.usecase.SendInviteUseCaseTest",""
"","29","malformed and invalid rows are reported with row numbers and do not stop the import[jvm]","","2026-07-29","passed","2026-07-29","","ExportImportTransactionsUseCaseTest[jvm]","com.georgeci.moneysurfer.domain.csv.ExportImportTransactionsUseCaseTest",""
"","50","an accepted override reaches the inspector and posts no message[jvm]","","2026-07-29","passed","2026-07-29","","DebugConfigViewModelTest[jvm]","com.georgeci.moneysurfer.feature.settings.debug.DebugConfigViewModelTest",""
"","3","a subtree deeper than the indent cap is still rendered, just not indented further[jvm]","","2026-07-29","passed","2026-07-29","","CategoryTreeTest[jvm]","com.georgeci.moneysurfer.domain.model.CategoryTreeTest",""
"","55","the reset-all row asks to drop every override[jvm]","","2026-07-29","passed","2026-07-29","","DebugConfigScreenStateTest[jvm]","com.georgeci.moneysurfer.ui.DebugConfigScreenStateTest",""
"","18","an insert is paired with an INSERT outbox entry scoped to the workspace[jvm]","","2026-07-29","passed","2026-07-29","","BudgetRepositoryImplJvmTest[jvm]","com.georgeci.moneysurfer.data.repository.BudgetRepositoryImplJvmTest",""
"","15","SQLite header with a corrupted structure fails the integrity check[jvm]","","2026-07-29","passed","2026-07-29","","BackupImporterImplJvmTest[jvm]","com.georgeci.moneysurfer.data.backup.BackupImporterImplJvmTest",""
"","2","an account whose currency has no rate is listed, never dropped[jvm]","","2026-07-29","passed","2026-07-29","","ConvertAccountsTotalUseCaseTest[jvm]","com.georgeci.moneysurfer.domain.usecase.ConvertAccountsTotalUseCaseTest",""
"","2","Cancelled title and default summary[jvm]","","2026-07-29","passed","2026-07-29","","SyncStepSpec[jvm]","com.georgeci.moneysurfer.sync.api.SyncStepSpec",""
"","20","an unauthenticated client is denied","","2026-07-29","passed","2026-07-29","","users/{uid}/config/{key}","users/{uid}/config/{key} an unauthenticated client is denied",""
"","42","the layer stops serving the wiped values immediately, not once Room gets around to it[jvm]","","2026-07-29","passed","2026-07-29","","LocalDataResetIntegrationIT[jvm]","com.georgeci.moneysurfer.integration.repository.LocalDataResetIntegrationIT",""
"","26","rejects an account whose boolean archived flag is a string","","2026-07-29","passed","2026-07-29","","entity write-shape validation (issue #156)","entity write-shape validation (issue #156) rejects an account whose boolean archived flag is a string",""
"","11","a second write sees the first one's value rather than the state it replaced[jvm]","","2026-07-29","passed","2026-07-29","","PreferencesMirrorJvmTest[jvm]","com.georgeci.moneysurfer.data.config.PreferencesMirrorJvmTest",""
"","18","rejects a value over 1024 characters","","2026-07-29","passed","2026-07-29","","users/{uid}/config/{key}","users/{uid}/config/{key} rejects a value over 1024 characters",""
"","11","OnArchiveCancel clears the pending archive without changes[jvm]","","2026-07-29","passed","2026-07-29","","AccountsManageViewModelTest[jvm]","com.georgeci.moneysurfer.feature.account.manage.AccountsManageViewModelTest",""
"","7","letters are an invalid format[jvm]","","2026-07-29","passed","2026-07-29","","TransactionAmountInputTest[jvm]","com.georgeci.moneysurfer.feature.transaction.creation.TransactionAmountInputTest",""
"","11","blank names cannot be saved and show an error only after being touched[jvm]","","2026-07-29","passed","2026-07-29","","CategoryCreationStateTest[jvm]","com.georgeci.moneysurfer.feature.category.creation.CategoryCreationStateTest",""
"","12","permission-denied during fetch maps to AuthError.PermissionDenied[jvm]","","2026-07-29","passed","2026-07-29","","PostAuthBootstrapUseCaseTest[jvm]","com.georgeci.moneysurfer.domain.usecase.PostAuthBootstrapUseCaseTest",""
"","92","an overspent budget keeps a positive remainder and says it is over[jvm]","","2026-07-29","passed","2026-07-29","","DashboardBudgetsViewModelTest[jvm]","com.georgeci.moneysurfer.feature.dashboard.DashboardBudgetsViewModelTest",""
"","6","debug builds keep verbose logging[jvm]","","2026-07-29","passed","2026-07-29","","LoggingConfigTest[jvm]","com.georgeci.moneysurfer.domain.logging.LoggingConfigTest",""
"","21","awaitNetwork bounded timeout fails with NetworkUnavailable[jvm]","","2026-07-29","passed","2026-07-29","","SyncCoordinatorImplSpec[jvm]","com.georgeci.moneysurfer.sync.coordinator.SyncCoordinatorImplSpec",""
"","78","a cap typed on a new category creates a monthly budget naming only that category[jvm]","","2026-07-29","passed","2026-07-29","","CategoryCreationViewModelTest[jvm]","com.georgeci.moneysurfer.feature.category.creation.CategoryCreationViewModelTest",""
"","421","the loading state renders no rows[jvm]","","2026-07-29","passed","2026-07-29","","DashboardCustomizeScreenStateTest[jvm]","com.georgeci.moneysurfer.ui.DashboardCustomizeScreenStateTest",""
"","77","recentTransactionsEmpty is false once a real transaction is logged[jvm]","","2026-07-29","passed","2026-07-29","","DashboardViewModelTest[jvm]","com.georgeci.moneysurfer.feature.dashboard.DashboardViewModelTest",""
"","2","the grid flattens parents and children of the selected type into one list[jvm]","","2026-07-29","passed","2026-07-29","","CategoryChooserViewModelTest[jvm]","com.georgeci.moneysurfer.feature.category.picker.CategoryChooserViewModelTest",""
"","1","the unset sentinels are not mistaken for stored values[jvm]","","2026-07-29","passed","2026-07-29","","CategoryAppearanceTest[jvm]","com.georgeci.moneysurfer.domain.model.CategoryAppearanceTest",""
"","5","search keeps a matching child visible under its parent[jvm]","","2026-07-29","passed","2026-07-29","","CategoryChooserViewModelTest[jvm]","com.georgeci.moneysurfer.feature.category.picker.CategoryChooserViewModelTest",""
"","17","an expense signs its amount and names the parent of a nested category[jvm]","","2026-07-29","passed","2026-07-29","","TransactionDetailsViewModelTest[jvm]","com.georgeci.moneysurfer.feature.transaction.details.TransactionDetailsViewModelTest",""
"","1","'00.5' (leading zeros with decimal)[jvm]","","2026-07-29","passed","2026-07-29","","AmountInputTransformationTest[jvm]","com.georgeci.moneysurfer.utils.AmountInputTransformationTest",""
"","19","starts in Loading before categories are emitted[jvm]","","2026-07-29","passed","2026-07-29","","CategoriesManageViewModelTest[jvm]","com.georgeci.moneysurfer.feature.category.manage.CategoriesManageViewModelTest",""
"","6","no destination matches an absent top-level route[jvm]","","2026-07-29","passed","2026-07-29","","NavigationShellTest[jvm]","com.georgeci.moneysurfer.navigation.NavigationShellTest",""
"","7","clearScope drops all rows for that workspace[jvm]","","2026-07-29","passed","2026-07-29","","SyncMetaRepositoryImplSpec[jvm]","com.georgeci.moneysurfer.data.sync.SyncMetaRepositoryImplSpec",""
"","24","cancel transitions status to CANCELLED[jvm]","","2026-07-29","passed","2026-07-29","","WorkspaceInviteRepositoryDualWriteSpec[jvm]","com.georgeci.moneysurfer.data.repository.WorkspaceInviteRepositoryDualWriteSpec",""
"","25","ActiveWorkspace scope pulls the workspace pinned in the session[jvm]","","2026-07-29","passed","2026-07-29","","NewWorkspacePullIntegrationIT[jvm]","com.georgeci.moneysurfer.integration.sync.NewWorkspacePullIntegrationIT",""
"","3","a stored currency the catalogue does not stock resolves to no entry rather than the wrong one[jvm]","","2026-07-29","passed","2026-07-29","","PreferencesViewModelTest[jvm]","com.georgeci.moneysurfer.feature.settings.preferences.PreferencesViewModelTest",""
"","568","at expanded width the default layout's first band is a hero beside the shortcuts[jvm]","","2026-07-29","passed","2026-07-29","","DashboardGridScreenTest[jvm]","com.georgeci.moneysurfer.ui.DashboardGridScreenTest",""
"","26","toScope maps each reason[jvm]","","2026-07-29","passed","2026-07-29","","SyncScopeSpec[jvm]","com.georgeci.moneysurfer.sync.api.SyncScopeSpec",""
"","202","starts in Loading before anything is emitted[jvm]","","2026-07-29","passed","2026-07-29","","CategoryDetailsViewModelTest[jvm]","com.georgeci.moneysurfer.feature.category.details.CategoryDetailsViewModelTest",""
"","4","a goal contribution defaults to adding money[jvm]","","2026-07-29","passed","2026-07-29","","RouteSerializationTest[jvm]","com.georgeci.moneysurfer.navigation.RouteSerializationTest",""
"","51","reorder rewrites the positions and reads come back in the new order[jvm]","","2026-07-29","passed","2026-07-29","","AccountSortOrderIntegrationIT[jvm]","com.georgeci.moneysurfer.integration.repository.AccountSortOrderIntegrationIT",""
"","11","amount_minor beyond the domain cap is rejected as invalid amount_minor[jvm]","","2026-07-29","passed","2026-07-29","","TransactionCsvCodecTest[jvm]","com.georgeci.moneysurfer.domain.csv.TransactionCsvCodecTest",""
"","6","unknown transaction type is rejected as invalid type[jvm]","","2026-07-29","passed","2026-07-29","","TransactionCsvCodecTest[jvm]","com.georgeci.moneysurfer.domain.csv.TransactionCsvCodecTest",""
"","25","user can read their own document","","2026-07-29","passed","2026-07-29","","users/{uid}","users/{uid} user can read their own document",""
"","2","ConflictResolution.TakeRemote carries the remote value[jvm]","","2026-07-29","passed","2026-07-29","","ConflictResolverSpec[jvm]","com.georgeci.moneysurfer.sync.repository.ConflictResolverSpec",""
"","2","rejects when caller is not OWNER[jvm]","","2026-07-29","passed","2026-07-29","","SendInviteUseCaseTest[jvm]","com.georgeci.moneysurfer.domain.usecase.SendInviteUseCaseTest",""
"","99","a capped category says what its meter measures, and an uncapped one says the share instead[jvm]","","2026-07-29","passed","2026-07-29","","DashboardScreenStateTest[jvm]","com.georgeci.moneysurfer.ui.DashboardScreenStateTest",""
"","16","user can delete their own document","","2026-07-29","passed","2026-07-29","","users/{uid}","users/{uid} user can delete their own document",""
"","7","the buffer keeps the newest 100 entries and drops the rest[jvm]","","2026-07-29","passed","2026-07-29","","DebugLogBufferTest[jvm]","com.georgeci.moneysurfer.domain.logging.DebugLogBufferTest",""
"","52","an evicted (REMOVED) member can no longer write","","2026-07-29","passed","2026-07-29","","member-gated entities (accounts)","member-gated entities (accounts) an evicted (REMOVED) member can no longer write",""
"","12","live activity still outranks a missing workspace — a running sync is the more useful answer[jvm]","","2026-07-29","passed","2026-07-29","","SyncViewModelTest[jvm]","com.georgeci.moneysurfer.feature.settings.sync.SyncViewModelTest",""
"","42","a write on a store whose read side has died still lands and clears the degraded flag[jvm]","","2026-07-29","passed","2026-07-29","","PreferencesMirrorJvmTest[jvm]","com.georgeci.moneysurfer.data.config.PreferencesMirrorJvmTest",""
"","1","never returns a bare prefix for an id with no hex digits[jvm]","","2026-07-29","passed","2026-07-29","","TransactionReferenceTest[jvm]","com.georgeci.moneysurfer.domain.model.TransactionReferenceTest",""
"","2","clearAll is idempotent[jvm]","","2026-07-29","passed","2026-07-29","","RemoteDataResetRepositoryImplSpec[jvm]","com.georgeci.moneysurfer.sync.repository.RemoteDataResetRepositoryImplSpec",""
"","53","the goals list folds in saved amounts and hides archived goals[jvm]","","2026-07-29","passed","2026-07-29","","SavingsGoalUseCaseTest[jvm]","com.georgeci.moneysurfer.domain.usecase.SavingsGoalUseCaseTest",""
"","47","getByTransferId returns only the legs of the requested transfer[jvm]","","2026-07-29","passed","2026-07-29","","TransferCreationIntegrationIT[jvm]","com.georgeci.moneysurfer.integration.repository.TransferCreationIntegrationIT",""
"","4","rejects when removing the last OWNER[jvm]","","2026-07-29","passed","2026-07-29","","RemoveMemberUseCaseTest[jvm]","com.georgeci.moneysurfer.domain.usecase.RemoveMemberUseCaseTest",""
"","11","second pull passes the stored cursor to the reader[jvm]","","2026-07-29","passed","2026-07-29","","PullRemoteChangesUseCaseImplSpec[jvm]","com.georgeci.moneysurfer.data.sync.PullRemoteChangesUseCaseImplSpec",""
"","66","unauthenticated list/scan is denied — prevents enumerating the collection","","2026-07-29","passed","2026-07-29","","appConfig/{docId}","appConfig/{docId} unauthenticated list/scan is denied — prevents enumerating the collection",""
"","22","OnDeleteCancel keeps the budget[jvm]","","2026-07-29","passed","2026-07-29","","BudgetsViewModelTest[jvm]","com.georgeci.moneysurfer.feature.budget.list.BudgetsViewModelTest",""
"","21","only expense categories are offered[jvm]","","2026-07-29","passed","2026-07-29","","BudgetEditViewModelTest[jvm]","com.georgeci.moneysurfer.feature.budget.edit.BudgetEditViewModelTest",""
"","18","a stale emission mid-stream cannot be published over a write either[jvm]","","2026-07-29","passed","2026-07-29","","PreferencesMirrorJvmTest[jvm]","com.georgeci.moneysurfer.data.config.PreferencesMirrorJvmTest",""
"","14","getBySplitId returns only the legs of the requested receipt[jvm]","","2026-07-29","passed","2026-07-29","","TransactionWindowIntegrationIT[jvm]","com.georgeci.moneysurfer.integration.repository.TransactionWindowIntegrationIT",""
"","94","a body that is not the payload we expect reads as no answer[jvm]","","2026-07-29","passed","2026-07-29","","HttpExchangeRateRemoteSourceJvmTest[jvm]","com.georgeci.moneysurfer.data.remote.HttpExchangeRateRemoteSourceJvmTest",""
"","82","a workspace row the device has not pulled yet emits nothing rather than a wrong total[jvm]","","2026-07-29","passed","2026-07-29","","GenerateInsightsUseCaseTest[jvm]","com.georgeci.moneysurfer.domain.usecase.GenerateInsightsUseCaseTest",""
"","1","with no budget the projection still stands, it just carries no verdict[jvm]","","2026-07-29","passed","2026-07-29","","BurnRateTest[jvm]","com.georgeci.moneysurfer.domain.model.BurnRateTest",""
"","68","every catalogue key resolves to an icon and every catalogue hue to a tint[jvm]","","2026-07-29","passed","2026-07-29","","CategoryPaletteParityTest[jvm]","com.georgeci.moneysurfer.feature.category.CategoryPaletteParityTest",""
"","4","archive on already-archived account is a no-op success[jvm]","","2026-07-29","passed","2026-07-29","","ArchiveAccountUseCaseTest[jvm]","com.georgeci.moneysurfer.domain.usecase.ArchiveAccountUseCaseTest",""
"","6","the user-scoped phase is skipped without a Firebase uid[jvm]","","2026-07-29","passed","2026-07-29","","PullRemoteChangesUseCaseImplSpec[jvm]","com.georgeci.moneysurfer.data.sync.PullRemoteChangesUseCaseImplSpec",""
"","8","a pre-#260 record read as the current format is rejected as a short row[jvm]","","2026-07-29","passed","2026-07-29","","TransactionCsvCodecTest[jvm]","com.georgeci.moneysurfer.domain.csv.TransactionCsvCodecTest",""
"","22","updating a tombstoned row through the repository leaves it deleted[jvm]","","2026-07-29","passed","2026-07-29","","TransactionSoftDeleteIntegrationIT[jvm]","com.georgeci.moneysurfer.integration.repository.TransactionSoftDeleteIntegrationIT",""
"","45","invitee accept regression: real uid + gmail+alias email, full set()","","2026-07-29","passed","2026-07-29","","invites — update / delete","invites — update / delete invitee accept regression: real uid + gmail+alias email, full set()",""
"","5","a stored leg is flagged in edit mode so the delete confirmation can name the receipt[jvm]","","2026-07-29","passed","2026-07-29","","TransactionCreationSplitEditingTest[jvm]","com.georgeci.moneysurfer.feature.transaction.creation.TransactionCreationSplitEditingTest",""
"","51","the name required error appears only after the field was touched and left blank[jvm]","","2026-07-29","passed","2026-07-29","","CategoryCreationViewModelTest[jvm]","com.georgeci.moneysurfer.feature.category.creation.CategoryCreationViewModelTest",""
"","9","wipes Room and clears flag when hasUsedDemo is true[jvm]","","2026-07-29","passed","2026-07-29","","WipeDemoDataUseCaseSpec[jvm]","com.georgeci.moneysurfer.domain.usecase.WipeDemoDataUseCaseSpec",""
"","24","contribution create is blocked when clientVersionCode is below the floor","","2026-07-29","passed","2026-07-29","","savings goals (issue #244)","savings goals (issue #244) contribution create is blocked when clientVersionCode is below the floor",""
"","1808","each coordinator step maps to its own label, so a copy-pasted branch shows up here[jvm]","","2026-07-29","passed","2026-07-29","","SyncScreenStateTest[jvm]","com.georgeci.moneysurfer.ui.SyncScreenStateTest",""
"","33","a 1360 dp desktop window at 2x density reports Large[jvm]","","2026-07-29","passed","2026-07-29","","SurferWindowSizeCompositionTest[jvm]","com.georgeci.moneysurfer.ui.SurferWindowSizeCompositionTest",""
"","24","a budget delete writes a tombstone once the document exists[jvm]","","2026-07-29","passed","2026-07-29","","BudgetAndRecurringRuleSyncPluginIT[jvm]","com.georgeci.moneysurfer.integration.plugin.BudgetAndRecurringRuleSyncPluginIT",""
"","43","every month in the window is emitted, including the ones with no spend[jvm]","","2026-07-29","passed","2026-07-29","","CategorySpendHistoryTest[jvm]","com.georgeci.moneysurfer.domain.model.CategorySpendHistoryTest",""
"","34","content is capped and centred once the window is wider than the cap[jvm]","","2026-07-29","passed","2026-07-29","","SurferContentContainerTest[jvm]","com.georgeci.moneysurfer.ui.SurferContentContainerTest",""
"","1","two budgets both naming only this category leave it uncapped rather than picking one[jvm]","","2026-07-29","passed","2026-07-29","","SpentByCategoryTest[jvm]","com.georgeci.moneysurfer.domain.model.SpentByCategoryTest",""
"","1","the badge counts filters, not the search text[jvm]","","2026-07-29","passed","2026-07-29","","TransactionFilterMatchingTest[jvm]","com.georgeci.moneysurfer.feature.transaction.filter.TransactionFilterMatchingTest",""
"","253","a root-collection outbox row and a truncated queue both render their own wording[jvm]","","2026-07-29","passed","2026-07-29","","SyncScreenStateTest[jvm]","com.georgeci.moneysurfer.ui.SyncScreenStateTest",""
"","3","propagates a failure so the outbox retries the push[jvm]","","2026-07-29","passed","2026-07-29","","WorkspaceRefRegistrarSpec[jvm]","com.georgeci.moneysurfer.data.sync.WorkspaceRefRegistrarSpec",""
"","0","weekly window start is inclusive and end is exclusive[jvm]","","2026-07-29","passed","2026-07-29","","BudgetPeriodWindowTest[jvm]","com.georgeci.moneysurfer.domain.util.BudgetPeriodWindowTest",""
"","4","a budget with categories only counts those categories[jvm]","","2026-07-29","passed","2026-07-29","","BudgetProgressTest[jvm]","com.georgeci.moneysurfer.domain.model.BudgetProgressTest",""
"","21","invitee cannot transition to a terminal state other than ACCEPTED/DECLINED","","2026-07-29","passed","2026-07-29","","invites — update / delete","invites — update / delete invitee cannot transition to a terminal state other than ACCEPTED/DECLINED",""
"","10","a host can declare that the user has to reopen the app[jvm]","","2026-07-29","passed","2026-07-29","","AppRestarterTest[jvm]","com.georgeci.moneysurfer.domain.backup.AppRestarterTest",""
"","4","icon and hue come from the same slot, so a backfilled row keeps its old pairing[jvm]","","2026-07-29","passed","2026-07-29","","CategoryAppearanceTest[jvm]","com.georgeci.moneysurfer.domain.model.CategoryAppearanceTest",""
"","37","client cannot write app config (Console-only)","","2026-07-29","passed","2026-07-29","","appConfig/{docId}","appConfig/{docId} client cannot write app config (Console-only)",""
"","39","sender cannot remove entries from invitedWorkspaceIds","","2026-07-29","passed","2026-07-29","","users/{uid} — invitedWorkspaceIds cross-user append","users/{uid} — invitedWorkspaceIds cross-user append sender cannot remove entries from invitedWorkspaceIds",""
"","214","with no budgets the card still draws, pointing at the budgets screen[jvm]","","2026-07-29","passed","2026-07-29","","DashboardScreenStateTest[jvm]","com.georgeci.moneysurfer.ui.DashboardScreenStateTest",""
"","32","the saved amount is the signed sum of the goal's rows[jvm]","","2026-07-29","passed","2026-07-29","","GoalContributionRepositoryImplJvmTest[jvm]","com.georgeci.moneysurfer.data.repository.GoalContributionRepositoryImplJvmTest",""
"","186","deleting from edit mode removes the row, refunds the balance and offers undo[jvm]","","2026-07-29","passed","2026-07-29","","TransactionCreationEditTest[jvm]","com.georgeci.moneysurfer.feature.transaction.creation.TransactionCreationEditTest",""
"","18","a workspace whose base currency could not be read reports no trend rather than a wrong one[jvm]","","2026-07-29","passed","2026-07-29","","SpendAnalyticsRepositoryImplJvmTest[jvm]","com.georgeci.moneysurfer.data.repository.SpendAnalyticsRepositoryImplJvmTest",""
"","1750","the round button on an on-dashboard row asks to turn that widget off[jvm]","","2026-07-29","passed","2026-07-29","","DashboardCustomizeScreenStateTest[jvm]","com.georgeci.moneysurfer.ui.DashboardCustomizeScreenStateTest",""
"","10","does not create a second workspace when one is already pinned[jvm]","","2026-07-29","passed","2026-07-29","","SeedDefaultsUseCaseTest[jvm]","com.georgeci.moneysurfer.domain.usecase.SeedDefaultsUseCaseTest",""
"","18","a comma decimal separator is accepted and the parsed amount is persisted[jvm]","","2026-07-29","passed","2026-07-29","","TransactionCreationSaveTest[jvm]","com.georgeci.moneysurfer.feature.transaction.creation.TransactionCreationSaveTest",""
"","7","reorder numbers the accounts in the order it was given[jvm]","","2026-07-29","passed","2026-07-29","","AccountWriteUseCasesTest[jvm]","com.georgeci.moneysurfer.domain.usecase.AccountWriteUseCasesTest",""
"","11","an unservable name is still rejected on every refresh, not only the first[jvm]","","2026-07-29","passed","2026-07-29","","RemoteGlobalConfigSourceImplSpec[jvm]","com.georgeci.moneysurfer.appconfig.remote.RemoteGlobalConfigSourceImplSpec",""
"","3","bars are scaled to the busiest day of the week[jvm]","","2026-07-29","passed","2026-07-29","","BurnRateTest[jvm]","com.georgeci.moneysurfer.domain.model.BurnRateTest",""
"","2148","every registered configuration key name is unique across the whole graph[jvm]","","2026-07-29","passed","2026-07-29","","OfflineConfigGraphTest[jvm]","com.georgeci.moneysurfer.offline.di.OfflineConfigGraphTest",""
"","1260","an insert writes the current row under the workspace's accounts collection[jvm]","","2026-07-29","passed","2026-07-29","","AccountSyncPluginIT[jvm]","com.georgeci.moneysurfer.integration.plugin.AccountSyncPluginIT",""
"","7","LastSyncOutcome.Failed carries error and timestamp[jvm]","","2026-07-29","passed","2026-07-29","","SyncStateSpec[jvm]","com.georgeci.moneysurfer.sync.api.SyncStateSpec",""
"","4","drops blank entries[jvm]","","2026-07-29","passed","2026-07-29","","TransactionTagsTest[jvm]","com.georgeci.moneysurfer.domain.model.TransactionTagsTest",""
"","270","collapses per-platform artifacts into a handful of family rows[jvm]","","2026-07-29","passed","2026-07-29","","ParseOssLibrariesTest[jvm]","com.georgeci.moneysurfer.feature.settings.about.licenses.ParseOssLibrariesTest",""
"","3","preserves the order the user typed[jvm]","","2026-07-29","passed","2026-07-29","","TransactionTagsTest[jvm]","com.georgeci.moneysurfer.domain.model.TransactionTagsTest",""
"","131","the near-limit alert renders one percent sign per percentage, not two[jvm]","","2026-07-29","passed","2026-07-29","","PercentFormattingTest[jvm]","com.georgeci.moneysurfer.ui.PercentFormattingTest",""
"","1","CompositeCancelToken throwIfCancelled when all cancelled throws[jvm]","","2026-07-29","passed","2026-07-29","","SyncCancelTokenSpec[jvm]","com.georgeci.moneysurfer.sync.api.SyncCancelTokenSpec",""
"","61","light scheme: self-tinted amount and type pills clear AA[jvm]","","2026-07-29","passed","2026-07-29","","ColorContrastTest[jvm]","com.georgeci.moneysurfer.uikit.theme.ColorContrastTest",""
"","7","Submit stays live while loading is off — a dead button explains nothing[jvm]","","2026-07-29","passed","2026-07-29","","SignInViewModelTest[jvm]","com.georgeci.moneysurfer.feature.login.SignInViewModelTest",""
"","63","savedAmount is the signed sum of contributions[jvm]","","2026-07-29","passed","2026-07-29","","GoalRepositoryDualWriteSpec[jvm]","com.georgeci.moneysurfer.data.repository.GoalRepositoryDualWriteSpec",""
"","8","markRemoved on missing row is a no-op[jvm]","","2026-07-29","passed","2026-07-29","","WorkspaceMemberRepositoryDualWriteSpec[jvm]","com.georgeci.moneysurfer.data.repository.WorkspaceMemberRepositoryDualWriteSpec",""
"","32","an upsert for a row that is already gone writes nothing and does not fail[jvm]","","2026-07-29","passed","2026-07-29","","AccountSyncPluginIT[jvm]","com.georgeci.moneysurfer.integration.plugin.AccountSyncPluginIT",""
"","5","note with commas quotes and newlines survives a full CSV round-trip[jvm]","","2026-07-29","passed","2026-07-29","","TransactionCsvCodecTest[jvm]","com.georgeci.moneysurfer.domain.csv.TransactionCsvCodecTest",""
"","131","a widget with no variants gets a size-only sheet[jvm]","","2026-07-29","passed","2026-07-29","","DashboardCustomizeScreenStateTest[jvm]","com.georgeci.moneysurfer.ui.DashboardCustomizeScreenStateTest",""
"","17","there is no identity band outside edit mode[jvm]","","2026-07-29","passed","2026-07-29","","TransactionCreationEditTest[jvm]","com.georgeci.moneysurfer.feature.transaction.creation.TransactionCreationEditTest",""
"","7","what is not an amount stays not an amount[jvm]","","2026-07-29","passed","2026-07-29","","TransactionFilterMatchingTest[jvm]","com.georgeci.moneysurfer.feature.transaction.filter.TransactionFilterMatchingTest",""
"","10","rows for other accounts and non-actual rows leave the curve flat[jvm]","","2026-07-29","passed","2026-07-29","","AccountBalanceSeriesTest[jvm]","com.georgeci.moneysurfer.domain.model.AccountBalanceSeriesTest",""
"","2","no two destinations share a route[jvm]","","2026-07-29","passed","2026-07-29","","NavigationShellTest[jvm]","com.georgeci.moneysurfer.navigation.NavigationShellTest",""
"","22","non-invited stranger CANNOT self-create a member row","","2026-07-29","passed","2026-07-29","","workspaces/{wid}/members/{uid}","workspaces/{wid}/members/{uid} non-invited stranger CANNOT self-create a member row",""
"","53","the last point is the current balance and the window has one point per day[jvm]","","2026-07-29","passed","2026-07-29","","AccountBalanceSeriesTest[jvm]","com.georgeci.moneysurfer.domain.model.AccountBalanceSeriesTest",""
"","4","the trailing line holds the remainder and the ones above it hold what was typed[jvm]","","2026-07-29","passed","2026-07-29","","TransactionCreationSplitEditingTest[jvm]","com.georgeci.moneysurfer.feature.transaction.creation.TransactionCreationSplitEditingTest",""
"","22","more tags than MAX_TAGS are capped at the storage boundary[jvm]","","2026-07-29","passed","2026-07-29","","TransactionDetailFieldsIntegrationIT[jvm]","com.georgeci.moneysurfer.integration.repository.TransactionDetailFieldsIntegrationIT",""
"","5","ignores a cancel token that is already cancelled (NoOp does no work)[jvm]","","2026-07-29","passed","2026-07-29","","NoOpRecalculateLocalProjectionsUseCaseSpec[jvm]","com.georgeci.moneysurfer.sync.internal.usecase.NoOpRecalculateLocalProjectionsUseCaseSpec",""
"","10","a local edit that is newer than the remote one is kept[jvm]","","2026-07-29","passed","2026-07-29","","CategorySyncPluginIT[jvm]","com.georgeci.moneysurfer.integration.plugin.CategorySyncPluginIT",""
"","5","month window spans the whole calendar month[jvm]","","2026-07-29","passed","2026-07-29","","TransactionPeriodWindowTest[jvm]","com.georgeci.moneysurfer.domain.util.TransactionPeriodWindowTest",""
"","1","a leg whose sibling is already gone deletes on its own[jvm]","","2026-07-29","passed","2026-07-29","","DeleteTransactionUseCaseTest[jvm]","com.georgeci.moneysurfer.domain.usecase.DeleteTransactionUseCaseTest",""
"","170","a stored code outside the catalogue is shown bare rather than as a neighbour[jvm]","","2026-07-29","passed","2026-07-29","","PreferencesScreenStateTest[jvm]","com.georgeci.moneysurfer.ui.PreferencesScreenStateTest",""
"","28","from wraps single request as merged with one child[jvm]","","2026-07-29","passed","2026-07-29","","MergedSyncRequestSpec[jvm]","com.georgeci.moneysurfer.sync.coordinator.MergedSyncRequestSpec",""
"","7","cash is the recommended starting point[jvm]","","2026-07-29","passed","2026-07-29","","OnboardingViewModelTest[jvm]","com.georgeci.moneysurfer.feature.login.onboarding.OnboardingViewModelTest",""
"","40","ActiveWorkspace pulls only the current workspace even when the provider knows more[jvm]","","2026-07-29","passed","2026-07-29","","PullRemoteChangesUseCaseImplSpec[jvm]","com.georgeci.moneysurfer.data.sync.PullRemoteChangesUseCaseImplSpec",""
"","21","every toggle reaches the store, so navigating away and back does not reset it[jvm]","","2026-07-29","passed","2026-07-29","","PreferencesViewModelTest[jvm]","com.georgeci.moneysurfer.feature.settings.preferences.PreferencesViewModelTest",""
"","246","the base currency is a path segment, so nothing needs encoding[jvm]","","2026-07-29","passed","2026-07-29","","ExchangeRateApiTest[jvm]","com.georgeci.moneysurfer.data.remote.ExchangeRateApiTest",""
"","1","DashboardCustomize[jvm]","","2026-07-29","passed","2026-07-29","","RouteSerializationTest[jvm]","com.georgeci.moneysurfer.navigation.RouteSerializationTest",""
"","32","an edit shows the updated snackbar, not the created one[jvm]","","2026-07-29","passed","2026-07-29","","AccountCreationViewModelTest[jvm]","com.georgeci.moneysurfer.feature.account.creation.AccountCreationViewModelTest",""
"","4","onSyncFailed is callable[jvm]","","2026-07-29","passed","2026-07-29","","SyncTelemetryNoOpSpec[jvm]","com.georgeci.moneysurfer.sync.telemetry.SyncTelemetryNoOpSpec",""
"","33","confirming the guest warning logs out and closes the dialog[jvm]","","2026-07-29","passed","2026-07-29","","SettingsLogoutViewModelTest[jvm]","com.georgeci.moneysurfer.feature.settings.SettingsLogoutViewModelTest",""
"","10","hydrate publishes the stored state[jvm]","","2026-07-29","passed","2026-07-29","","PreferencesMirrorJvmTest[jvm]","com.georgeci.moneysurfer.data.config.PreferencesMirrorJvmTest",""
"","20","unauthenticated user is denied","","2026-07-29","passed","2026-07-29","","workspaces/{wid}/members/{uid}","workspaces/{wid}/members/{uid} unauthenticated user is denied",""
"","30","the period mode is persisted, not held in the screen state[jvm]","","2026-07-29","passed","2026-07-29","","TransactionsByAccountPeriodTest[jvm]","com.georgeci.moneysurfer.feature.transaction.list.TransactionsByAccountPeriodTest",""
"","98","failed apply leaves the cursor untouched so the batch is retried on the next sync[jvm]","","2026-07-29","passed","2026-07-29","","NewWorkspacePullIntegrationIT[jvm]","com.georgeci.moneysurfer.integration.sync.NewWorkspacePullIntegrationIT",""
"","28","pushAll reports that nothing landed when sync is disabled[jvm]","","2026-07-29","passed","2026-07-29","","SyncCoordinatorWorkspaceSyncerSpec[jvm]","com.georgeci.moneysurfer.data.sync.SyncCoordinatorWorkspaceSyncerSpec",""
"","34","day headers are relative for today and yesterday and exact otherwise[jvm]","","2026-07-29","passed","2026-07-29","","TransactionsByAccountPeriodTest[jvm]","com.georgeci.moneysurfer.feature.transaction.list.TransactionsByAccountPeriodTest",""
"","9","onSyncCompleted formats counts[jvm]","","2026-07-29","passed","2026-07-29","","KermitSyncTelemetrySpec[jvm]","com.georgeci.moneysurfer.sync.internal.telemetry.KermitSyncTelemetrySpec",""
"","28","the healthy workspace alongside it stays readable","","2026-07-29","passed","2026-07-29","","dangling users/{uid}.workspaceIds refs","dangling users/{uid}.workspaceIds refs the healthy workspace alongside it stays readable",""
"","6","a comma is accepted as the decimal separator[jvm]","","2026-07-29","passed","2026-07-29","","TransactionAmountInputTest[jvm]","com.georgeci.moneysurfer.feature.transaction.creation.TransactionAmountInputTest",""
"","44","editing saves the changed icon, colour and parent back onto the existing category[jvm]","","2026-07-29","passed","2026-07-29","","CategoryCreationViewModelTest[jvm]","com.georgeci.moneysurfer.feature.category.creation.CategoryCreationViewModelTest",""
"","21","happy path: creates ACTIVE member with invite role + marks invite ACCEPTED[jvm]","","2026-07-29","passed","2026-07-29","","AcceptInviteUseCaseTest[jvm]","com.georgeci.moneysurfer.domain.usecase.AcceptInviteUseCaseTest",""
"","7","negating Long.MIN_VALUE via times(-1) throws instead of wrapping[jvm]","","2026-07-29","passed","2026-07-29","","MoneyTest[jvm]","com.georgeci.moneysurfer.domain.primitives.MoneyTest",""
"","29","merchants come back biggest first, bounded by the limit[jvm]","","2026-07-29","passed","2026-07-29","","SpendAnalyticsRepositoryImplJvmTest[jvm]","com.georgeci.moneysurfer.data.repository.SpendAnalyticsRepositoryImplJvmTest",""
