"DESCRIPTION","DURATION IN MS","NAME","PARENT SUITE","START TIME","STATUS","STOP TIME","SUB SUITE","SUITE","TEST CLASS","TEST METHOD"
"","4","create expense decrements cache by amount[jvm]","","Wed May 06 14:44:58 UTC 2026","passed","Wed May 06 14:44:58 UTC 2026","","ApplyTransactionChangeUseCaseTest[jvm]","com.georgeci.moneysurfer.domain.usecase.ApplyTransactionChangeUseCaseTest",""
"","169","format positive amount in USD with US locale[jvm]","","Wed May 06 14:44:57 UTC 2026","passed","Wed May 06 14:44:57 UTC 2026","","MoneyFormatterTest[jvm]","com.georgeci.moneysurfer.domain.MoneyFormatterTest",""
"","1","rejects when email already an active member[jvm]","","Wed May 06 14:44:59 UTC 2026","passed","Wed May 06 14:44:59 UTC 2026","","SendInviteUseCaseTest[jvm]","com.georgeci.moneysurfer.domain.usecase.SendInviteUseCaseTest",""
"","10","UploadOnly scope skips pull and recalc[jvm]","","Wed May 06 10:01:28 UTC 2026","passed","Wed May 06 10:01:28 UTC 2026","","SyncCoordinatorImplSpec[jvm]","com.georgeci.moneysurfer.sync.coordinator.SyncCoordinatorImplSpec",""
"","8","markInFlight excludes rows from pending() but markFailed brings them back[jvm]","","Wed May 06 10:01:26 UTC 2026","passed","Wed May 06 10:01:26 UTC 2026","","PendingMutationQueueIntegrationIT[jvm]","com.georgeci.moneysurfer.integration.sync.PendingMutationQueueIntegrationIT",""
"","20","unauthenticated user is denied","","Wed May 06 14:48:14 UTC 2026","passed","Wed May 06 14:48:14 UTC 2026","","users/{uid}","users/{uid} unauthenticated user is denied",""
"","25","rejects demoting last OWNER[jvm]","","Wed May 06 14:44:58 UTC 2026","passed","Wed May 06 14:44:59 UTC 2026","","ChangeMemberRoleUseCaseTest[jvm]","com.georgeci.moneysurfer.domain.usecase.ChangeMemberRoleUseCaseTest",""
"","1","ProjectionSummary copy preserves equality semantics[jvm]","","Wed May 06 10:01:29 UTC 2026","passed","Wed May 06 10:01:29 UTC 2026","","ProjectionSpec[jvm]","com.georgeci.moneysurfer.sync.projection.ProjectionSpec",""
"","10","setCursor inserts a fresh row when none exists[jvm]","","Wed May 06 10:01:29 UTC 2026","passed","Wed May 06 10:01:29 UTC 2026","","SyncMetaRepositoryImplSpec[jvm]","com.georgeci.moneysurfer.sync.internal.repository.SyncMetaRepositoryImplSpec",""
"","63","from wraps single request as merged with one child[jvm]","","Wed May 06 10:01:28 UTC 2026","passed","Wed May 06 10:01:28 UTC 2026","","MergedSyncRequestSpec[jvm]","com.georgeci.moneysurfer.sync.coordinator.MergedSyncRequestSpec",""
"","62","UnsupportedAppVersion preserves message and is not retryable[jvm]","","Wed May 06 10:01:27 UTC 2026","passed","Wed May 06 10:01:27 UTC 2026","","SyncErrorSpec[jvm]","com.georgeci.moneysurfer.sync.api.SyncErrorSpec",""
"","47","member can create + read in categories","","Wed May 06 14:48:11 UTC 2026","passed","Wed May 06 14:48:11 UTC 2026","","member-gated entities (smoke for the rest)","member-gated entities (smoke for the rest) member can create + read in categories",""
"","6","matches by targetUserId when email differs[jvm]","","Wed May 06 14:44:58 UTC 2026","passed","Wed May 06 14:44:58 UTC 2026","","AcceptInviteUseCaseTest[jvm]","com.georgeci.moneysurfer.domain.usecase.AcceptInviteUseCaseTest",""
"","19","owner can create a member row for someone else","","Wed May 06 14:48:13 UTC 2026","passed","Wed May 06 14:48:13 UTC 2026","","workspaces/{wid}/members/{uid}","workspaces/{wid}/members/{uid} owner can create a member row for someone else",""
"","111","format negative amount[jvm]","","Wed May 06 14:44:57 UTC 2026","passed","Wed May 06 14:44:57 UTC 2026","","MoneyFormatterTest[jvm]","com.georgeci.moneysurfer.domain.MoneyFormatterTest",""
"","31","user cannot update another user's document","","Wed May 06 14:48:14 UTC 2026","passed","Wed May 06 14:48:14 UTC 2026","","users/{uid}","users/{uid} user cannot update another user's document",""
"","24","insert in demo session writes DAO but skips outbox[jvm]","","Wed May 06 10:01:03 UTC 2026","passed","Wed May 06 10:01:03 UTC 2026","","WorkspaceMemberRepositoryDualWriteSpec[jvm]","com.georgeci.moneysurfer.data.repository.WorkspaceMemberRepositoryDualWriteSpec",""
"","2","all counters compose into one summary[jvm]","","Wed May 06 10:01:28 UTC 2026","passed","Wed May 06 10:01:28 UTC 2026","","SyncSummaryBuilderSpec[jvm]","com.georgeci.moneysurfer.sync.api.SyncSummaryBuilderSpec",""
"","3","clearScope removes only rows for the requested workspace[jvm]","","Wed May 06 10:01:29 UTC 2026","passed","Wed May 06 10:01:29 UTC 2026","","SyncMetaRepositoryImplSpec[jvm]","com.georgeci.moneysurfer.sync.internal.repository.SyncMetaRepositoryImplSpec",""
"","4","balanceImpact uses abs(money) so legacy signed money still produces correct sign[jvm]","","Wed May 06 14:44:58 UTC 2026","passed","Wed May 06 14:44:58 UTC 2026","","BalanceImpactTest[jvm]","com.georgeci.moneysurfer.domain.model.BalanceImpactTest",""
"","4","empty history yields zero[jvm]","","Wed May 06 14:44:59 UTC 2026","passed","Wed May 06 14:44:59 UTC 2026","","RecalculateAccountBalanceUseCaseTest[jvm]","com.georgeci.moneysurfer.domain.usecase.RecalculateAccountBalanceUseCaseTest",""
"","12","recalc runs when downloadedCount > 0[jvm]","","Wed May 06 10:01:28 UTC 2026","passed","Wed May 06 10:01:28 UTC 2026","","SyncCoordinatorImplSpec[jvm]","com.georgeci.moneysurfer.sync.coordinator.SyncCoordinatorImplSpec",""
"","0","epochMillis=4611686018427387903[jvm]","","Wed May 06 10:00:20 UTC 2026","passed","Wed May 06 10:00:20 UTC 2026","","TimeFormatterTest[jvm]","com.georgeci.moneysurfer.data.repository.TimeFormatterTest",""
"","18","format GBP with UK locale[jvm]","","Wed May 06 14:44:57 UTC 2026","passed","Wed May 06 14:44:57 UTC 2026","","MoneyFormatterTest[jvm]","com.georgeci.moneysurfer.domain.MoneyFormatterTest",""
"","20","user can create their own document","","Wed May 06 14:48:14 UTC 2026","passed","Wed May 06 14:48:14 UTC 2026","","users/{uid}","users/{uid} user can create their own document",""
"","28","recipient can collection-group query by email","","Wed May 06 14:48:11 UTC 2026","passed","Wed May 06 14:48:11 UTC 2026","","invites — read","invites — read recipient can collection-group query by email",""
"","3","transactions outside the period are skipped[jvm]","","Wed May 06 14:44:58 UTC 2026","passed","Wed May 06 14:44:58 UTC 2026","","PeriodTotalsTest[jvm]","com.georgeci.moneysurfer.domain.model.PeriodTotalsTest",""
"","40","markAccepted transitions status and stamps respondedAt[jvm]","","Wed May 06 10:01:02 UTC 2026","passed","Wed May 06 10:01:02 UTC 2026","","WorkspaceInviteRepositoryDualWriteSpec[jvm]","com.georgeci.moneysurfer.data.repository.WorkspaceInviteRepositoryDualWriteSpec",""
"","25","cancel transitions status to CANCELLED[jvm]","","Wed May 06 10:01:02 UTC 2026","passed","Wed May 06 10:01:02 UTC 2026","","WorkspaceInviteRepositoryDualWriteSpec[jvm]","com.georgeci.moneysurfer.data.repository.WorkspaceInviteRepositoryDualWriteSpec",""
"","2","opening_balance is excluded from income/expense[jvm]","","Wed May 06 14:44:58 UTC 2026","passed","Wed May 06 14:44:58 UTC 2026","","PeriodTotalsTest[jvm]","com.georgeci.moneysurfer.domain.model.PeriodTotalsTest",""
"","24","owner can mark a member as REMOVED","","Wed May 06 14:48:13 UTC 2026","passed","Wed May 06 14:48:13 UTC 2026","","workspaces/{wid}/members/{uid}","workspaces/{wid}/members/{uid} owner can mark a member as REMOVED",""
"","5","addUpload accumulates uploadedCount[jvm]","","Wed May 06 10:01:28 UTC 2026","passed","Wed May 06 10:01:28 UTC 2026","","SyncSummaryBuilderSpec[jvm]","com.georgeci.moneysurfer.sync.api.SyncSummaryBuilderSpec",""
"","0","onSyncCompleted is callable[jvm]","","Wed May 06 10:01:30 UTC 2026","passed","Wed May 06 10:01:30 UTC 2026","","SyncTelemetryNoOpSpec[jvm]","com.georgeci.moneysurfer.sync.telemetry.SyncTelemetryNoOpSpec",""
"","47","invitee can decline by email match (no targetUserId on doc)","","Wed May 06 14:48:12 UTC 2026","passed","Wed May 06 14:48:12 UTC 2026","","invites — update / delete","invites — update / delete invitee can decline by email match (no targetUserId on doc)",""
"","17","create blocked when clientVersionCode missing","","Wed May 06 14:48:15 UTC 2026","passed","Wed May 06 14:48:15 UTC 2026","","workspaces/{wid}","workspaces/{wid} create blocked when clientVersionCode missing",""
"","3","RecalculatingProjections title[jvm]","","Wed May 06 10:01:28 UTC 2026","passed","Wed May 06 10:01:28 UTC 2026","","SyncStepSpec[jvm]","com.georgeci.moneysurfer.sync.api.SyncStepSpec",""
"","26","owner create blocked when clientVersionCode missing","","Wed May 06 14:48:12 UTC 2026","passed","Wed May 06 14:48:12 UTC 2026","","invites — write","invites — write owner create blocked when clientVersionCode missing",""
"","4574","app module graph resolves()[jvm]","","Wed May 06 14:44:49 UTC 2026","passed","Wed May 06 14:44:53 UTC 2026","","KoinModuleVerificationTest[jvm]","com.georgeci.moneysurfer.di.KoinModuleVerificationTest",""
"","8","PullingRemoteChanges title[jvm]","","Wed May 06 10:01:28 UTC 2026","passed","Wed May 06 10:01:28 UTC 2026","","SyncStepSpec[jvm]","com.georgeci.moneysurfer.sync.api.SyncStepSpec",""
"","7","rejects invalid email[jvm]","","Wed May 06 14:44:59 UTC 2026","passed","Wed May 06 14:44:59 UTC 2026","","SendInviteUseCaseTest[jvm]","com.georgeci.moneysurfer.domain.usecase.SendInviteUseCaseTest",""
"","38","owner can remove entries from their own invitedWorkspaceIds","","Wed May 06 14:48:15 UTC 2026","passed","Wed May 06 14:48:15 UTC 2026","","users/{uid} — invitedWorkspaceIds cross-user append","users/{uid} — invitedWorkspaceIds cross-user append owner can remove entries from their own invitedWorkspaceIds",""
"","14","enqueue stores entity with PENDING status and roundtrips fields[jvm]","","Wed May 06 10:01:29 UTC 2026","passed","Wed May 06 10:01:29 UTC 2026","","PendingMutationQueueImplSpec[jvm]","com.georgeci.moneysurfer.sync.internal.repository.PendingMutationQueueImplSpec",""
"","17","case mismatch between email claim and key is rejected","","Wed May 06 14:48:14 UTC 2026","passed","Wed May 06 14:48:14 UTC 2026","","userEmails/{email}","userEmails/{email} case mismatch between email claim and key is rejected",""
"","1","onSyncStarted is callable[jvm]","","Wed May 06 10:01:30 UTC 2026","passed","Wed May 06 10:01:30 UTC 2026","","SyncTelemetryNoOpSpec[jvm]","com.georgeci.moneysurfer.sync.telemetry.SyncTelemetryNoOpSpec",""
"","4","pending excludes IN_FLIGHT rows after markInFlight[jvm]","","Wed May 06 10:01:29 UTC 2026","passed","Wed May 06 10:01:29 UTC 2026","","PendingMutationQueueImplSpec[jvm]","com.georgeci.moneysurfer.sync.internal.repository.PendingMutationQueueImplSpec",""
"","2","defaults enable every entry point()[jvm]","","Wed May 06 10:00:58 UTC 2026","passed","Wed May 06 10:00:58 UTC 2026","","SignInFeatureConfigTest[jvm]","com.georgeci.moneysurfer.feature.login.SignInFeatureConfigTest",""
"","15","recalc skipped when downloadedCount == 0[jvm]","","Wed May 06 10:01:28 UTC 2026","passed","Wed May 06 10:01:28 UTC 2026","","SyncCoordinatorImplSpec[jvm]","com.georgeci.moneysurfer.sync.coordinator.SyncCoordinatorImplSpec",""
"","1","SerializationException maps to Unknown carrying the cause[jvm]","","Wed May 06 10:01:29 UTC 2026","passed","Wed May 06 10:01:29 UTC 2026","","SyncErrorClassifierSpec[jvm]","com.georgeci.moneysurfer.sync.internal.SyncErrorClassifierSpec",""
"","4","enqueueUpsert rejects DELETE — must call enqueueDelete instead[jvm]","","Wed May 06 10:01:29 UTC 2026","passed","Wed May 06 10:01:29 UTC 2026","","OutboxEnqueuerImplSpec[jvm]","com.georgeci.moneysurfer.sync.repository.OutboxEnqueuerImplSpec",""
"","8","shutdown cancels coordinator first, then scheduler[jvm]","","Wed May 06 10:01:29 UTC 2026","passed","Wed May 06 10:01:29 UTC 2026","","SessionShutdownGateImplSpec[jvm]","com.georgeci.moneysurfer.sync.internal.SessionShutdownGateImplSpec",""
"","2","ConflictResolution.TakeLocal carries the local value[jvm]","","Wed May 06 10:01:29 UTC 2026","passed","Wed May 06 10:01:29 UTC 2026","","ConflictResolverSpec[jvm]","com.georgeci.moneysurfer.sync.repository.ConflictResolverSpec",""
"","5","PullingCollection defaults current and total to null[jvm]","","Wed May 06 10:01:28 UTC 2026","passed","Wed May 06 10:01:28 UTC 2026","","SyncStepSpec[jvm]","com.georgeci.moneysurfer.sync.api.SyncStepSpec",""
"","1","ProjectionScope.Workspace exposes key[jvm]","","Wed May 06 10:01:29 UTC 2026","passed","Wed May 06 10:01:29 UTC 2026","","ProjectionSpec[jvm]","com.georgeci.moneysurfer.sync.projection.ProjectionSpec",""
"","1","onSyncCancelled runs without error[jvm]","","Wed May 06 10:01:29 UTC 2026","passed","Wed May 06 10:01:29 UTC 2026","","KermitSyncTelemetrySpec[jvm]","com.georgeci.moneysurfer.sync.internal.telemetry.KermitSyncTelemetrySpec",""
"","17","user can write their own email mapping","","Wed May 06 14:48:14 UTC 2026","passed","Wed May 06 14:48:14 UTC 2026","","userEmails/{email}","userEmails/{email} user can write their own email mapping",""
"","7","shutdown is safe to call repeatedly (idempotent)[jvm]","","Wed May 06 10:01:29 UTC 2026","passed","Wed May 06 10:01:29 UTC 2026","","SessionShutdownGateImplSpec[jvm]","com.georgeci.moneysurfer.sync.internal.SessionShutdownGateImplSpec",""
"","1","rejects when removing the last OWNER[jvm]","","Wed May 06 14:44:59 UTC 2026","passed","Wed May 06 14:44:59 UTC 2026","","RemoveMemberUseCaseTest[jvm]","com.georgeci.moneysurfer.domain.usecase.RemoveMemberUseCaseTest",""
"","2","exhaustive enumeration — no orphan steps[jvm]","","Wed May 06 14:44:58 UTC 2026","passed","Wed May 06 14:44:58 UTC 2026","","SyncStepOrderTest[jvm]","com.georgeci.moneysurfer.domain.model.SyncStepOrderTest",""
"","9","promotes editor to owner[jvm]","","Wed May 06 14:44:58 UTC 2026","passed","Wed May 06 14:44:58 UTC 2026","","ChangeMemberRoleUseCaseTest[jvm]","com.georgeci.moneysurfer.domain.usecase.ChangeMemberRoleUseCaseTest",""
"","5","Cancelled.isRetryable is false[jvm]","","Wed May 06 10:01:29 UTC 2026","passed","Wed May 06 10:01:29 UTC 2026","","SyncErrorClassifierSpec[jvm]","com.georgeci.moneysurfer.sync.internal.SyncErrorClassifierSpec",""
"","12","Unsupported app version short-circuits the sync with UnsupportedAppVersion[jvm]","","Wed May 06 10:01:28 UTC 2026","passed","Wed May 06 10:01:28 UTC 2026","","SyncCoordinatorImplSpec[jvm]","com.georgeci.moneysurfer.sync.coordinator.SyncCoordinatorImplSpec",""
"","31","soft-delete via upsert sets status REMOVED and stamps removedAt without erasing the row[jvm]","","Wed May 06 10:01:25 UTC 2026","passed","Wed May 06 10:01:25 UTC 2026","","WorkspaceMemberRepositoryIntegrationIT[jvm]","com.georgeci.moneysurfer.integration.repository.WorkspaceMemberRepositoryIntegrationIT",""
"","4","markCompleted deletes rows; empty list is a no-op[jvm]","","Wed May 06 10:01:29 UTC 2026","passed","Wed May 06 10:01:29 UTC 2026","","PendingMutationQueueImplSpec[jvm]","com.georgeci.moneysurfer.sync.internal.repository.PendingMutationQueueImplSpec",""
"","1","addConflicts accumulates conflictCount[jvm]","","Wed May 06 10:01:28 UTC 2026","passed","Wed May 06 10:01:28 UTC 2026","","SyncSummaryBuilderSpec[jvm]","com.georgeci.moneysurfer.sync.api.SyncSummaryBuilderSpec",""
"","41","enqueue then pending() returns the row in createdAt order[jvm]","","Wed May 06 10:01:26 UTC 2026","passed","Wed May 06 10:01:26 UTC 2026","","PendingMutationQueueIntegrationIT[jvm]","com.georgeci.moneysurfer.integration.sync.PendingMutationQueueIntegrationIT",""
"","9","rejects when no registered user for email[jvm]","","Wed May 06 14:44:59 UTC 2026","passed","Wed May 06 14:44:59 UTC 2026","","SendInviteUseCaseTest[jvm]","com.georgeci.moneysurfer.domain.usecase.SendInviteUseCaseTest",""
"","20","isEnabled returns false when firebaseUid is null (demo session)[jvm]","","Wed May 06 10:01:04 UTC 2026","passed","Wed May 06 10:01:04 UTC 2026","","OutboxEnqueuerSpec[jvm]","com.georgeci.moneysurfer.data.sync.OutboxEnqueuerSpec",""
"","52","transition on missing row is a no-op[jvm]","","Wed May 06 10:01:02 UTC 2026","passed","Wed May 06 10:01:02 UTC 2026","","WorkspaceInviteRepositoryDualWriteSpec[jvm]","com.georgeci.moneysurfer.data.repository.WorkspaceInviteRepositoryDualWriteSpec",""
"","51","sender cannot remove entries from invitedWorkspaceIds","","Wed May 06 14:48:15 UTC 2026","passed","Wed May 06 14:48:15 UTC 2026","","users/{uid} — invitedWorkspaceIds cross-user append","users/{uid} — invitedWorkspaceIds cross-user append sender cannot remove entries from invitedWorkspaceIds",""
"","54","first-time user creates remote doc and returns FirstTime[jvm]","","Wed May 06 14:44:59 UTC 2026","passed","Wed May 06 14:44:59 UTC 2026","","PostAuthBootstrapUseCaseTest[jvm]","com.georgeci.moneysurfer.domain.usecase.PostAuthBootstrapUseCaseTest",""
"","4","SimpleCancelToken cancel is idempotent[jvm]","","Wed May 06 10:01:26 UTC 2026","passed","Wed May 06 10:01:26 UTC 2026","","SyncCancelTokenSpec[jvm]","com.georgeci.moneysurfer.sync.api.SyncCancelTokenSpec",""
"","11","SyncHandleStatus.Failed carries error[jvm]","","Wed May 06 10:01:27 UTC 2026","passed","Wed May 06 10:01:27 UTC 2026","","SyncStateSpec[jvm]","com.georgeci.moneysurfer.sync.api.SyncStateSpec",""
"","6","WaitingForNetwork title[jvm]","","Wed May 06 10:01:28 UTC 2026","passed","Wed May 06 10:01:28 UTC 2026","","SyncStepSpec[jvm]","com.georgeci.moneysurfer.sync.api.SyncStepSpec",""
"","9","clearScope drops all rows for that workspace[jvm]","","Wed May 06 10:01:04 UTC 2026","passed","Wed May 06 10:01:04 UTC 2026","","SyncMetaRepositoryImplSpec[jvm]","com.georgeci.moneysurfer.data.sync.SyncMetaRepositoryImplSpec",""
"","70","SimpleCancelToken starts not cancelled[jvm]","","Wed May 06 10:01:26 UTC 2026","passed","Wed May 06 10:01:26 UTC 2026","","SyncCancelTokenSpec[jvm]","com.georgeci.moneysurfer.sync.api.SyncCancelTokenSpec",""
"","29","sender cannot touch any other field alongside invitedWorkspaceIds","","Wed May 06 14:48:15 UTC 2026","passed","Wed May 06 14:48:15 UTC 2026","","users/{uid} — invitedWorkspaceIds cross-user append","users/{uid} — invitedWorkspaceIds cross-user append sender cannot touch any other field alongside invitedWorkspaceIds",""
"","105","copy with override[jvm]","","Wed May 06 10:01:29 UTC 2026","passed","Wed May 06 10:01:29 UTC 2026","","PendingMutationSpec[jvm]","com.georgeci.moneysurfer.sync.repository.PendingMutationSpec",""
"","13","shutdown is idempotent — repeated calls keep cancelling[jvm]","","Wed May 06 10:01:04 UTC 2026","passed","Wed May 06 10:01:04 UTC 2026","","SessionShutdownGateImplSpec[jvm]","com.georgeci.moneysurfer.data.sync.SessionShutdownGateImplSpec",""
"","14","cancel handle during pending finalizes immediately[jvm]","","Wed May 06 10:01:28 UTC 2026","passed","Wed May 06 10:01:28 UTC 2026","","SyncCoordinatorImplSpec[jvm]","com.georgeci.moneysurfer.sync.coordinator.SyncCoordinatorImplSpec",""
"","10","trims name and description before insert[jvm]","","Wed May 06 14:44:59 UTC 2026","passed","Wed May 06 14:44:59 UTC 2026","","CreateWorkspaceUseCaseTest[jvm]","com.georgeci.moneysurfer.domain.usecase.CreateWorkspaceUseCaseTest",""
"","6","format zero amount[jvm]","","Wed May 06 14:44:57 UTC 2026","passed","Wed May 06 14:44:57 UTC 2026","","MoneyFormatterTest[jvm]","com.georgeci.moneysurfer.domain.MoneyFormatterTest",""
"","22","user can self-update status to LEFT","","Wed May 06 14:48:13 UTC 2026","passed","Wed May 06 14:48:13 UTC 2026","","workspaces/{wid}/members/{uid}","workspaces/{wid}/members/{uid} user can self-update status to LEFT",""
"","16","non-owner member cannot update workspace metadata","","Wed May 06 14:48:15 UTC 2026","passed","Wed May 06 14:48:15 UTC 2026","","workspaces/{wid}","workspaces/{wid} non-owner member cannot update workspace metadata",""
"","3","CompositeCancelToken cancelled when all children cancelled[jvm]","","Wed May 06 10:01:26 UTC 2026","passed","Wed May 06 10:01:26 UTC 2026","","SyncCancelTokenSpec[jvm]","com.georgeci.moneysurfer.sync.api.SyncCancelTokenSpec",""
"","3","clearAll is idempotent[jvm]","","Wed May 06 10:01:29 UTC 2026","passed","Wed May 06 10:01:29 UTC 2026","","RemoteDataResetRepositoryImplSpec[jvm]","com.georgeci.moneysurfer.sync.repository.RemoteDataResetRepositoryImplSpec",""
"","6","valid ISO -> LocalDate[jvm]","","Wed May 06 10:00:20 UTC 2026","passed","Wed May 06 10:00:20 UTC 2026","","TimeFormatterTest[jvm]","com.georgeci.moneysurfer.data.repository.TimeFormatterTest",""
"","1","equal timestamps → take local (stable, no-op re-pull)[jvm]","","Wed May 06 10:01:29 UTC 2026","passed","Wed May 06 10:01:29 UTC 2026","","LwwConflictResolverSpec[jvm]","com.georgeci.moneysurfer.sync.repository.LwwConflictResolverSpec",""
"","35","invitee can re-push the same terminal status (idempotent)","","Wed May 06 14:48:12 UTC 2026","passed","Wed May 06 14:48:12 UTC 2026","","invites — update / delete","invites — update / delete invitee can re-push the same terminal status (idempotent)",""
"","39","non-member cannot read","","Wed May 06 14:48:10 UTC 2026","passed","Wed May 06 14:48:10 UTC 2026","","member-gated entities (accounts)","member-gated entities (accounts) non-member cannot read",""
"","6","markFailed bumps attempts, records error and resets to PENDING[jvm]","","Wed May 06 10:01:29 UTC 2026","passed","Wed May 06 10:01:29 UTC 2026","","PendingMutationQueueImplSpec[jvm]","com.georgeci.moneysurfer.sync.internal.repository.PendingMutationQueueImplSpec",""
"","0","epochMillis=0[jvm]","","Wed May 06 10:00:20 UTC 2026","passed","Wed May 06 10:00:20 UTC 2026","","TimeFormatterTest[jvm]","com.georgeci.moneysurfer.data.repository.TimeFormatterTest",""
"","17","LastSyncOutcome.Success carries summary and timestamp[jvm]","","Wed May 06 10:01:27 UTC 2026","passed","Wed May 06 10:01:27 UTC 2026","","SyncStateSpec[jvm]","com.georgeci.moneysurfer.sync.api.SyncStateSpec",""
"","26","unauthenticated user is denied","","Wed May 06 14:48:11 UTC 2026","passed","Wed May 06 14:48:11 UTC 2026","","invites — read","invites — read unauthenticated user is denied",""
"","6","no-op when role unchanged[jvm]","","Wed May 06 14:44:58 UTC 2026","passed","Wed May 06 14:44:58 UTC 2026","","ChangeMemberRoleUseCaseTest[jvm]","com.georgeci.moneysurfer.domain.usecase.ChangeMemberRoleUseCaseTest",""
"","1","EmulatorClientSmokeSpec[jvm]","","Wed May 06 10:00:50 UTC 2026","passed","Wed May 06 10:00:50 UTC 2026","","Gradle Test Run :sync-surfer:jvmTest[jvm]","Gradle Test Run :sync-surfer:jvmTest",""
"","4","format single cent[jvm]","","Wed May 06 14:44:57 UTC 2026","passed","Wed May 06 14:44:57 UTC 2026","","MoneyFormatterTest[jvm]","com.georgeci.moneysurfer.domain.MoneyFormatterTest",""
"","10","mid-pipeline cancel surfaces SyncCancelledException to the worker catch[jvm]","","Wed May 06 10:01:28 UTC 2026","passed","Wed May 06 10:01:28 UTC 2026","","SyncCoordinatorImplBranchSpec[jvm]","com.georgeci.moneysurfer.sync.coordinator.SyncCoordinatorImplBranchSpec",""
"","9","Queued carries count[jvm]","","Wed May 06 10:01:27 UTC 2026","passed","Wed May 06 10:01:27 UTC 2026","","SyncStateSpec[jvm]","com.georgeci.moneysurfer.sync.api.SyncStateSpec",""
"","95","UploadingEntity title carries entity, current, total[jvm]","","Wed May 06 10:01:28 UTC 2026","passed","Wed May 06 10:01:28 UTC 2026","","SyncStepSpec[jvm]","com.georgeci.moneysurfer.sync.api.SyncStepSpec",""
"","1","ConflictMetadata exposes its fields[jvm]","","Wed May 06 10:01:29 UTC 2026","passed","Wed May 06 10:01:29 UTC 2026","","ConflictResolverSpec[jvm]","com.georgeci.moneysurfer.sync.repository.ConflictResolverSpec",""
"","16","lastOutcome records failure when use case returns Left[jvm]","","Wed May 06 10:01:28 UTC 2026","passed","Wed May 06 10:01:28 UTC 2026","","SyncCoordinatorImplSpec[jvm]","com.georgeci.moneysurfer.sync.coordinator.SyncCoordinatorImplSpec",""
"","105","uuid generates unique values[jvm]","","Wed May 06 10:01:27 UTC 2026","passed","Wed May 06 10:01:27 UTC 2026","","SyncRequestIdSpec[jvm]","com.georgeci.moneysurfer.sync.api.SyncRequestIdSpec",""
"","5","markInFlight with empty list is a no-op[jvm]","","Wed May 06 10:01:04 UTC 2026","passed","Wed May 06 10:01:04 UTC 2026","","PendingMutationQueueImplSpec[jvm]","com.georgeci.moneysurfer.data.sync.PendingMutationQueueImplSpec",""
"","4","markCompleted with empty list is a no-op[jvm]","","Wed May 06 10:01:04 UTC 2026","passed","Wed May 06 10:01:04 UTC 2026","","PendingMutationQueueImplSpec[jvm]","com.georgeci.moneysurfer.data.sync.PendingMutationQueueImplSpec",""
"","3","existing user with null defaultWorkspaceId falls back to the first workspace[jvm]","","Wed May 06 14:44:59 UTC 2026","passed","Wed May 06 14:44:59 UTC 2026","","PostAuthBootstrapUseCaseTest[jvm]","com.georgeci.moneysurfer.domain.usecase.PostAuthBootstrapUseCaseTest",""
"","22","user without an email claim (e.g. anonymous) cannot write","","Wed May 06 14:48:14 UTC 2026","passed","Wed May 06 14:48:14 UTC 2026","","userEmails/{email}","userEmails/{email} user without an email claim (e.g. anonymous) cannot write",""
"","4","Completed title[jvm]","","Wed May 06 10:01:28 UTC 2026","passed","Wed May 06 10:01:28 UTC 2026","","SyncStepSpec[jvm]","com.georgeci.moneysurfer.sync.api.SyncStepSpec",""
"","5","iso=1970-01-01[jvm]","","Wed May 06 10:00:20 UTC 2026","passed","Wed May 06 10:00:20 UTC 2026","","TimeFormatterTest[jvm]","com.georgeci.moneysurfer.data.repository.TimeFormatterTest",""
"","29","owner can create a PENDING invite stamped with their uid","","Wed May 06 14:48:12 UTC 2026","passed","Wed May 06 14:48:12 UTC 2026","","invites — write","invites — write owner can create a PENDING invite stamped with their uid",""
"","79","writes workspace, member, default categories and pins it as current (no Firebase session)[jvm]","","Wed May 06 14:44:59 UTC 2026","passed","Wed May 06 14:44:59 UTC 2026","","CreateWorkspaceUseCaseTest[jvm]","com.georgeci.moneysurfer.domain.usecase.CreateWorkspaceUseCaseTest",""
"","11","Supported app version lets the sync run normally[jvm]","","Wed May 06 10:01:28 UTC 2026","passed","Wed May 06 10:01:28 UTC 2026","","SyncCoordinatorImplSpec[jvm]","com.georgeci.moneysurfer.sync.coordinator.SyncCoordinatorImplSpec",""
"","1","missing local row → take remote[jvm]","","Wed May 06 10:01:29 UTC 2026","passed","Wed May 06 10:01:29 UTC 2026","","LwwConflictResolverSpec[jvm]","com.georgeci.moneysurfer.sync.repository.LwwConflictResolverSpec",""
"","2","planned rows feed plannedIncome/plannedExpense[jvm]","","Wed May 06 14:44:58 UTC 2026","passed","Wed May 06 14:44:58 UTC 2026","","PeriodTotalsTest[jvm]","com.georgeci.moneysurfer.domain.model.PeriodTotalsTest",""
"","26","invitee accept via full set() (mirrors outbox upload path)","","Wed May 06 14:48:12 UTC 2026","passed","Wed May 06 14:48:12 UTC 2026","","invites — update / delete","invites — update / delete invitee accept via full set() (mirrors outbox upload path)",""
"","39","member can update","","Wed May 06 14:48:10 UTC 2026","passed","Wed May 06 14:48:10 UTC 2026","","member-gated entities (accounts)","member-gated entities (accounts) member can update",""
"","16","list/scan is denied — prevents email enumeration","","Wed May 06 14:48:14 UTC 2026","passed","Wed May 06 14:48:14 UTC 2026","","userEmails/{email}","userEmails/{email} list/scan is denied — prevents email enumeration",""
"","19","user cannot squat on someone else's email key (mapping to own uid)","","Wed May 06 14:48:14 UTC 2026","passed","Wed May 06 14:48:14 UTC 2026","","userEmails/{email}","userEmails/{email} user cannot squat on someone else's email key (mapping to own uid)",""
"","12","remote calls fire in strict order: syncWorkspace → addWorkspaceRef → setDefaultWorkspace[jvm]","","Wed May 06 14:44:59 UTC 2026","passed","Wed May 06 14:44:59 UTC 2026","","CreateWorkspaceUseCaseTest[jvm]","com.georgeci.moneysurfer.domain.usecase.CreateWorkspaceUseCaseTest",""
"","2","demoOnly is false when email-password is also enabled()[jvm]","","Wed May 06 10:00:58 UTC 2026","passed","Wed May 06 10:00:58 UTC 2026","","SignInFeatureConfigTest[jvm]","com.georgeci.moneysurfer.feature.login.SignInFeatureConfigTest",""
"","13","every SyncScope variant currently uses null workspace filter (cross-workspace push)[jvm]","","Wed May 06 10:01:29 UTC 2026","passed","Wed May 06 10:01:29 UTC 2026","","PendingMutationQueueImplSpec[jvm]","com.georgeci.moneysurfer.sync.internal.repository.PendingMutationQueueImplSpec",""
"","8","isEnabled returns true when firebaseUid is non-empty[jvm]","","Wed May 06 10:01:04 UTC 2026","passed","Wed May 06 10:01:04 UTC 2026","","OutboxEnqueuerSpec[jvm]","com.georgeci.moneysurfer.data.sync.OutboxEnqueuerSpec",""
"","5","fresh repository starts empty[jvm]","","Wed May 06 10:01:04 UTC 2026","passed","Wed May 06 10:01:04 UTC 2026","","SyncMetaRepositoryImplSpec[jvm]","com.georgeci.moneysurfer.data.sync.SyncMetaRepositoryImplSpec",""
"","40","sender cannot append when list is already at cap (100)","","Wed May 06 14:48:15 UTC 2026","passed","Wed May 06 14:48:15 UTC 2026","","users/{uid} — invitedWorkspaceIds cross-user append","users/{uid} — invitedWorkspaceIds cross-user append sender cannot append when list is already at cap (100)",""
"","15","rejects when invite not found[jvm]","","Wed May 06 14:44:58 UTC 2026","passed","Wed May 06 14:44:58 UTC 2026","","AcceptInviteUseCaseTest[jvm]","com.georgeci.moneysurfer.domain.usecase.AcceptInviteUseCaseTest",""
"","7","happy path: marks target REMOVED[jvm]","","Wed May 06 14:44:59 UTC 2026","passed","Wed May 06 14:44:59 UTC 2026","","RemoveMemberUseCaseTest[jvm]","com.georgeci.moneysurfer.domain.usecase.RemoveMemberUseCaseTest",""
"","11","toString contains the id and entityType[jvm]","","Wed May 06 10:01:29 UTC 2026","passed","Wed May 06 10:01:29 UTC 2026","","PendingMutationSpec[jvm]","com.georgeci.moneysurfer.sync.repository.PendingMutationSpec",""
"","15","thrown Throwable from upload becomes SyncError.Unknown[jvm]","","Wed May 06 10:01:28 UTC 2026","passed","Wed May 06 10:01:28 UTC 2026","","SyncCoordinatorImplBranchSpec[jvm]","com.georgeci.moneysurfer.sync.coordinator.SyncCoordinatorImplBranchSpec",""
"","1","iso=2025-01-31[jvm]","","Wed May 06 10:00:20 UTC 2026","passed","Wed May 06 10:00:20 UTC 2026","","TimeFormatterTest[jvm]","com.georgeci.moneysurfer.data.repository.TimeFormatterTest",""
"","0","set merge with Indefinite and Bounded picks Bounded[jvm]","","Wed May 06 10:01:29 UTC 2026","passed","Wed May 06 10:01:29 UTC 2026","","NetworkWaitModeSpec[jvm]","com.georgeci.moneysurfer.sync.network.NetworkWaitModeSpec",""
"","21","non-member cannot get the workspace doc","","Wed May 06 14:48:15 UTC 2026","passed","Wed May 06 14:48:15 UTC 2026","","workspaces/{wid}","workspaces/{wid} non-member cannot get the workspace doc",""
"","39","upsert applies status transition and respondedAt without losing snapshot fields[jvm]","","Wed May 06 10:01:25 UTC 2026","passed","Wed May 06 10:01:25 UTC 2026","","WorkspaceInviteRepositoryIntegrationIT[jvm]","com.georgeci.moneysurfer.integration.repository.WorkspaceInviteRepositoryIntegrationIT",""
"","4","PUSH_MEMBERS sits between PUSH_WORKSPACE and PUSH_INVITES[jvm]","","Wed May 06 14:44:58 UTC 2026","passed","Wed May 06 14:44:58 UTC 2026","","SyncStepOrderTest[jvm]","com.georgeci.moneysurfer.domain.model.SyncStepOrderTest",""
"","2","isEnabled is true when signed in and gate allows[jvm]","","Wed May 06 10:01:29 UTC 2026","passed","Wed May 06 10:01:29 UTC 2026","","OutboxEnqueuerImplSpec[jvm]","com.georgeci.moneysurfer.sync.repository.OutboxEnqueuerImplSpec",""
"","0","onSyncFailed is callable[jvm]","","Wed May 06 10:01:30 UTC 2026","passed","Wed May 06 10:01:30 UTC 2026","","SyncTelemetryNoOpSpec[jvm]","com.georgeci.moneysurfer.sync.telemetry.SyncTelemetryNoOpSpec",""
"","2","demoOnly is false when anonymous is also enabled()[jvm]","","Wed May 06 10:00:58 UTC 2026","passed","Wed May 06 10:00:58 UTC 2026","","SignInFeatureConfigTest[jvm]","com.georgeci.moneysurfer.feature.login.SignInFeatureConfigTest",""
"","21","non-member cannot read the roster","","Wed May 06 14:48:13 UTC 2026","passed","Wed May 06 14:48:13 UTC 2026","","workspaces/{wid}/members/{uid}","workspaces/{wid}/members/{uid} non-member cannot read the roster",""
"","15","enqueueUpsert is a no-op when app version is Unsupported[jvm]","","Wed May 06 10:01:04 UTC 2026","passed","Wed May 06 10:01:04 UTC 2026","","OutboxEnqueuerSpec[jvm]","com.georgeci.moneysurfer.data.sync.OutboxEnqueuerSpec",""
"","27","non-member is blocked from transactions","","Wed May 06 14:48:11 UTC 2026","passed","Wed May 06 14:48:11 UTC 2026","","member-gated entities (smoke for the rest)","member-gated entities (smoke for the rest) non-member is blocked from transactions",""
"","39","exposes id, status, steps, result via the SyncHandle interface[jvm]","","Wed May 06 10:01:29 UTC 2026","passed","Wed May 06 10:01:29 UTC 2026","","SyncHandleImplSpec[jvm]","com.georgeci.moneysurfer.sync.coordinator.SyncHandleImplSpec",""
"","17","create blocked when clientVersionCode is below floor","","Wed May 06 14:48:15 UTC 2026","passed","Wed May 06 14:48:15 UTC 2026","","workspaces/{wid}","workspaces/{wid} create blocked when clientVersionCode is below floor",""
"","4","UploadingPendingChanges title[jvm]","","Wed May 06 10:01:28 UTC 2026","passed","Wed May 06 10:01:28 UTC 2026","","SyncStepSpec[jvm]","com.georgeci.moneysurfer.sync.api.SyncStepSpec",""
"","29","hard-delete is denied even for members","","Wed May 06 14:48:10 UTC 2026","passed","Wed May 06 14:48:10 UTC 2026","","member-gated entities (accounts)","member-gated entities (accounts) hard-delete is denied even for members",""
"","25","owner can cancel a PENDING invite","","Wed May 06 14:48:12 UTC 2026","passed","Wed May 06 14:48:12 UTC 2026","","invites — update / delete","invites — update / delete owner can cancel a PENDING invite",""
"","26","unauthenticated user cannot append to invitedWorkspaceIds","","Wed May 06 14:48:15 UTC 2026","passed","Wed May 06 14:48:15 UTC 2026","","users/{uid} — invitedWorkspaceIds cross-user append","users/{uid} — invitedWorkspaceIds cross-user append unauthenticated user cannot append to invitedWorkspaceIds",""
"","10","enqueueDelete is a no-op when demo session[jvm]","","Wed May 06 10:01:04 UTC 2026","passed","Wed May 06 10:01:04 UTC 2026","","OutboxEnqueuerSpec[jvm]","com.georgeci.moneysurfer.data.sync.OutboxEnqueuerSpec",""
"","1","copy preserves equality[jvm]","","Wed May 06 10:01:30 UTC 2026","passed","Wed May 06 10:01:30 UTC 2026","","SyncConstraintsSpec[jvm]","com.georgeci.moneysurfer.sync.scheduler.SyncConstraintsSpec",""
"","6","onSyncCompleted formats counts[jvm]","","Wed May 06 10:01:29 UTC 2026","passed","Wed May 06 10:01:29 UTC 2026","","KermitSyncTelemetrySpec[jvm]","com.georgeci.moneysurfer.sync.internal.telemetry.KermitSyncTelemetrySpec",""
"","5","CompositeCancelToken not cancelled when no children cancelled[jvm]","","Wed May 06 10:01:26 UTC 2026","passed","Wed May 06 10:01:26 UTC 2026","","SyncCancelTokenSpec[jvm]","com.georgeci.moneysurfer.sync.api.SyncCancelTokenSpec",""
"","61","getByWorkspaceId returns ACTIVE and soft-deleted rows alike (UI filters by status)[jvm]","","Wed May 06 10:01:25 UTC 2026","passed","Wed May 06 10:01:26 UTC 2026","","WorkspaceMemberRepositoryIntegrationIT[jvm]","com.georgeci.moneysurfer.integration.repository.WorkspaceMemberRepositoryIntegrationIT",""
"","1","explicit value is preserved[jvm]","","Wed May 06 10:01:27 UTC 2026","passed","Wed May 06 10:01:27 UTC 2026","","SyncRequestIdSpec[jvm]","com.georgeci.moneysurfer.sync.api.SyncRequestIdSpec",""
"","6","format from minor units correctly[jvm]","","Wed May 06 14:44:57 UTC 2026","passed","Wed May 06 14:44:57 UTC 2026","","MoneyFormatterTest[jvm]","com.georgeci.moneysurfer.domain.MoneyFormatterTest",""
"","3","PULL_MEMBERS sits between PULL_WORKSPACE and PULL_INVITES[jvm]","","Wed May 06 14:44:58 UTC 2026","passed","Wed May 06 14:44:58 UTC 2026","","SyncStepOrderTest[jvm]","com.georgeci.moneysurfer.domain.model.SyncStepOrderTest",""
"","16","rejects when invite is expired[jvm]","","Wed May 06 14:44:58 UTC 2026","passed","Wed May 06 14:44:58 UTC 2026","","AcceptInviteUseCaseTest[jvm]","com.georgeci.moneysurfer.domain.usecase.AcceptInviteUseCaseTest",""
"","3","AuthRequired is not retryable[jvm]","","Wed May 06 10:01:27 UTC 2026","passed","Wed May 06 10:01:27 UTC 2026","","SyncErrorSpec[jvm]","com.georgeci.moneysurfer.sync.api.SyncErrorSpec",""
"","316","insert + getById round-trips all columns including snapshots[jvm]","","Wed May 06 10:01:25 UTC 2026","passed","Wed May 06 10:01:25 UTC 2026","","WorkspaceInviteRepositoryIntegrationIT[jvm]","com.georgeci.moneysurfer.integration.repository.WorkspaceInviteRepositoryIntegrationIT",""
"","20","stranger cannot transition someone else's invite","","Wed May 06 14:48:12 UTC 2026","passed","Wed May 06 14:48:12 UTC 2026","","invites — update / delete","invites — update / delete stranger cannot transition someone else's invite",""
"","1","reason mapping for BACKGROUND is Bounded(5m)[jvm]","","Wed May 06 10:01:29 UTC 2026","passed","Wed May 06 10:01:29 UTC 2026","","NetworkWaitModeSpec[jvm]","com.georgeci.moneysurfer.sync.network.NetworkWaitModeSpec",""
"","6","cursor returns null when no row exists[jvm]","","Wed May 06 10:01:29 UTC 2026","passed","Wed May 06 10:01:29 UTC 2026","","SyncMetaRepositoryImplSpec[jvm]","com.georgeci.moneysurfer.sync.internal.repository.SyncMetaRepositoryImplSpec",""
"","12","isEnabled returns false when firebaseUid is empty string[jvm]","","Wed May 06 10:01:04 UTC 2026","passed","Wed May 06 10:01:04 UTC 2026","","OutboxEnqueuerSpec[jvm]","com.georgeci.moneysurfer.data.sync.OutboxEnqueuerSpec",""
"","3","throwIfCancelled throws when cancelled[jvm]","","Wed May 06 10:01:26 UTC 2026","passed","Wed May 06 10:01:26 UTC 2026","","SyncCancelTokenSpec[jvm]","com.georgeci.moneysurfer.sync.api.SyncCancelTokenSpec",""
"","1","ignores REMOVED ex-members when checking duplicates[jvm]","","Wed May 06 14:44:59 UTC 2026","passed","Wed May 06 14:44:59 UTC 2026","","SendInviteUseCaseTest[jvm]","com.georgeci.moneysurfer.domain.usecase.SendInviteUseCaseTest",""
"","6","PullingCollection title carries collection name[jvm]","","Wed May 06 10:01:28 UTC 2026","passed","Wed May 06 10:01:28 UTC 2026","","SyncStepSpec[jvm]","com.georgeci.moneysurfer.sync.api.SyncStepSpec",""
"","1","mergeScope ChangedSinceLastSync above UploadOnly[jvm]","","Wed May 06 10:01:27 UTC 2026","passed","Wed May 06 10:01:27 UTC 2026","","SyncScopeSpec[jvm]","com.georgeci.moneysurfer.sync.api.SyncScopeSpec",""
"","15","list across all workspaces is denied — workspace get/list both gated by isMember","","Wed May 06 14:48:15 UTC 2026","passed","Wed May 06 14:48:15 UTC 2026","","workspaces/{wid}","workspaces/{wid} list across all workspaces is denied — workspace get/list both gated by isMember",""
"","16","empty list yields zero totals[jvm]","","Wed May 06 14:44:58 UTC 2026","passed","Wed May 06 14:44:58 UTC 2026","","PeriodTotalsTest[jvm]","com.georgeci.moneysurfer.domain.model.PeriodTotalsTest",""
"","7","handle cancel of unknown id is a no-op[jvm]","","Wed May 06 10:01:28 UTC 2026","passed","Wed May 06 10:01:28 UTC 2026","","SyncCoordinatorImplBranchSpec[jvm]","com.georgeci.moneysurfer.sync.coordinator.SyncCoordinatorImplBranchSpec",""
"","2","no enqueue when not signed in to Firebase (demo session)[jvm]","","Wed May 06 10:01:29 UTC 2026","passed","Wed May 06 10:01:29 UTC 2026","","OutboxEnqueuerImplSpec[jvm]","com.georgeci.moneysurfer.sync.repository.OutboxEnqueuerImplSpec",""
"","1","addDownload accumulates downloadedCount[jvm]","","Wed May 06 10:01:28 UTC 2026","passed","Wed May 06 10:01:28 UTC 2026","","SyncSummaryBuilderSpec[jvm]","com.georgeci.moneysurfer.sync.api.SyncSummaryBuilderSpec",""
"","5","StorageError preserves cause and is not retryable[jvm]","","Wed May 06 10:01:27 UTC 2026","passed","Wed May 06 10:01:27 UTC 2026","","SyncErrorSpec[jvm]","com.georgeci.moneysurfer.sync.api.SyncErrorSpec",""
"","7","surfaces remote lookup failure as RemoteSyncFailed[jvm]","","Wed May 06 14:44:59 UTC 2026","passed","Wed May 06 14:44:59 UTC 2026","","SendInviteUseCaseTest[jvm]","com.georgeci.moneysurfer.domain.usecase.SendInviteUseCaseTest",""
"","41","invitee accept regression: real uid + gmail+alias email, full set()","","Wed May 06 14:48:12 UTC 2026","passed","Wed May 06 14:48:12 UTC 2026","","invites — update / delete","invites — update / delete invitee accept regression: real uid + gmail+alias email, full set()",""
"","69","online build registers SignInFeatureConfig with every entry point enabled()[jvm]","","Wed May 06 14:44:53 UTC 2026","passed","Wed May 06 14:44:54 UTC 2026","","OnlineSignInModuleTest[jvm]","com.georgeci.moneysurfer.di.OnlineSignInModuleTest",""
"","1","remote newer than local → take remote[jvm]","","Wed May 06 10:01:29 UTC 2026","passed","Wed May 06 10:01:29 UTC 2026","","LwwConflictResolverSpec[jvm]","com.georgeci.moneysurfer.sync.repository.LwwConflictResolverSpec",""
"","39","create blocked when clientVersionCode missing","","Wed May 06 14:48:10 UTC 2026","passed","Wed May 06 14:48:10 UTC 2026","","member-gated entities (accounts)","member-gated entities (accounts) create blocked when clientVersionCode missing",""
"","9","ids are unique across mutations[jvm]","","Wed May 06 10:01:04 UTC 2026","passed","Wed May 06 10:01:04 UTC 2026","","OutboxEnqueuerSpec[jvm]","com.georgeci.moneysurfer.data.sync.OutboxEnqueuerSpec",""
"","13","planned transaction contributes nothing[jvm]","","Wed May 06 14:44:58 UTC 2026","passed","Wed May 06 14:44:58 UTC 2026","","BalanceImpactTest[jvm]","com.georgeci.moneysurfer.domain.model.BalanceImpactTest",""
"","12","markInFlight excludes rows from the next pending batch[jvm]","","Wed May 06 10:01:04 UTC 2026","passed","Wed May 06 10:01:04 UTC 2026","","PendingMutationQueueImplSpec[jvm]","com.georgeci.moneysurfer.data.sync.PendingMutationQueueImplSpec",""
"","5","move expense from A to B unwinds A and applies B[jvm]","","Wed May 06 14:44:58 UTC 2026","passed","Wed May 06 14:44:58 UTC 2026","","CalculateBalanceDeltaTest[jvm]","com.georgeci.moneysurfer.domain.model.CalculateBalanceDeltaTest",""
"","15","unauthenticated user is denied","","Wed May 06 14:48:15 UTC 2026","passed","Wed May 06 14:48:15 UTC 2026","","workspaces/{wid}","workspaces/{wid} unauthenticated user is denied",""
"","6","malformed -> null[jvm]","","Wed May 06 10:00:20 UTC 2026","passed","Wed May 06 10:00:20 UTC 2026","","TimeFormatterTest[jvm]","com.georgeci.moneysurfer.data.repository.TimeFormatterTest",""
"","1","SyncMeta copy override changes targeted field only[jvm]","","Wed May 06 10:01:29 UTC 2026","passed","Wed May 06 10:01:29 UTC 2026","","SyncMetaRepositorySpec[jvm]","com.georgeci.moneysurfer.sync.repository.SyncMetaRepositorySpec",""
"","488","upsert (new) writes both DAO and outbox as INSERT when signed in[jvm]","","Wed May 06 10:01:02 UTC 2026","passed","Wed May 06 10:01:03 UTC 2026","","WorkspaceInviteRepositoryDualWriteSpec[jvm]","com.georgeci.moneysurfer.data.repository.WorkspaceInviteRepositoryDualWriteSpec",""
"","45","toScope maps each reason[jvm]","","Wed May 06 10:01:27 UTC 2026","passed","Wed May 06 10:01:27 UTC 2026","","SyncScopeSpec[jvm]","com.georgeci.moneysurfer.sync.api.SyncScopeSpec",""
"","15","pull progress emits PullingCollection into running state[jvm]","","Wed May 06 10:01:28 UTC 2026","passed","Wed May 06 10:01:28 UTC 2026","","SyncCoordinatorImplBranchSpec[jvm]","com.georgeci.moneysurfer.sync.coordinator.SyncCoordinatorImplBranchSpec",""
"","6","observe maps rows to domain SyncMeta[jvm]","","Wed May 06 10:01:29 UTC 2026","passed","Wed May 06 10:01:29 UTC 2026","","SyncMetaRepositoryImplSpec[jvm]","com.georgeci.moneysurfer.sync.internal.repository.SyncMetaRepositoryImplSpec",""
"","3","markAttempt only updates the attempt column[jvm]","","Wed May 06 10:01:29 UTC 2026","passed","Wed May 06 10:01:29 UTC 2026","","SyncMetaRepositoryImplSpec[jvm]","com.georgeci.moneysurfer.sync.internal.repository.SyncMetaRepositoryImplSpec",""
"","28","blank stored falls back to operationAt in UTC[jvm]","","Wed May 06 10:00:19 UTC 2026","passed","Wed May 06 10:00:19 UTC 2026","","ResolveLegacyOperationDateTest[jvm]","com.georgeci.moneysurfer.data.repository.ResolveLegacyOperationDateTest",""
"","23","invitee without email claim can accept via targetUserId branch","","Wed May 06 14:48:12 UTC 2026","passed","Wed May 06 14:48:12 UTC 2026","","invites — update / delete","invites — update / delete invitee without email claim can accept via targetUserId branch",""
"","12","NoOpNetworkMonitor reports always-online[jvm]","","Wed May 06 10:01:29 UTC 2026","passed","Wed May 06 10:01:29 UTC 2026","","NoOpNetworkMonitorSpec[jvm]","com.georgeci.moneysurfer.sync.internal.network.NoOpNetworkMonitorSpec",""
"","20","insert with unknown workspaceId is allowed (no FK on workspace_invites.workspaceId)[jvm]","","Wed May 06 10:01:25 UTC 2026","passed","Wed May 06 10:01:25 UTC 2026","","WorkspaceInviteRepositoryIntegrationIT[jvm]","com.georgeci.moneysurfer.integration.repository.WorkspaceInviteRepositoryIntegrationIT",""
"","1","explicit overrides are exposed[jvm]","","Wed May 06 10:01:30 UTC 2026","passed","Wed May 06 10:01:30 UTC 2026","","SyncConstraintsSpec[jvm]","com.georgeci.moneysurfer.sync.scheduler.SyncConstraintsSpec",""
"","32","unauthenticated user cannot read userEmails (auth required)","","Wed May 06 14:48:14 UTC 2026","passed","Wed May 06 14:48:14 UTC 2026","","userEmails/{email}","userEmails/{email} unauthenticated user cannot read userEmails (auth required)",""
"","10","DELETE operation roundtrips through the entity layer[jvm]","","Wed May 06 10:01:29 UTC 2026","passed","Wed May 06 10:01:29 UTC 2026","","PendingMutationQueueImplSpec[jvm]","com.georgeci.moneysurfer.sync.internal.repository.PendingMutationQueueImplSpec",""
"","33","non-member cannot create","","Wed May 06 14:48:10 UTC 2026","passed","Wed May 06 14:48:10 UTC 2026","","member-gated entities (accounts)","member-gated entities (accounts) non-member cannot create",""
"","29","non-member is blocked from recurringRules","","Wed May 06 14:48:11 UTC 2026","passed","Wed May 06 14:48:11 UTC 2026","","member-gated entities (smoke for the rest)","member-gated entities (smoke for the rest) non-member is blocked from recurringRules",""
"","7","default constructor builds an active scope[jvm]","","Wed May 06 10:01:29 UTC 2026","passed","Wed May 06 10:01:29 UTC 2026","","ApplicationScopeSpec[jvm]","com.georgeci.moneysurfer.sync.runtime.ApplicationScopeSpec",""
"","1","ignores planned rows[jvm]","","Wed May 06 14:44:59 UTC 2026","passed","Wed May 06 14:44:59 UTC 2026","","RecalculateAccountBalanceUseCaseTest[jvm]","com.georgeci.moneysurfer.domain.usecase.RecalculateAccountBalanceUseCaseTest",""
"","192","wipes Room and clears flag when hasUsedDemo is true[jvm]","","Wed May 06 14:44:59 UTC 2026","passed","Wed May 06 14:45:00 UTC 2026","","WipeDemoDataUseCaseSpec[jvm]","com.georgeci.moneysurfer.domain.usecase.WipeDemoDataUseCaseSpec",""
"","10","upload progress emits UploadingEntity into running state[jvm]","","Wed May 06 10:01:28 UTC 2026","passed","Wed May 06 10:01:28 UTC 2026","","SyncCoordinatorImplBranchSpec[jvm]","com.georgeci.moneysurfer.sync.coordinator.SyncCoordinatorImplBranchSpec",""
"","10","calling twice on a single demo session wipes once and stays cleared[jvm]","","Wed May 06 14:44:59 UTC 2026","passed","Wed May 06 14:44:59 UTC 2026","","WipeDemoDataUseCaseSpec[jvm]","com.georgeci.moneysurfer.domain.usecase.WipeDemoDataUseCaseSpec",""
"","20","SerializationException maps to Unknown[jvm]","","Wed May 06 10:01:04 UTC 2026","passed","Wed May 06 10:01:04 UTC 2026","","SyncErrorClassifierSpec[jvm]","com.georgeci.moneysurfer.data.sync.SyncErrorClassifierSpec",""
"","3","ignores a cancel token that is already cancelled (NoOp does no work)[jvm]","","Wed May 06 10:01:29 UTC 2026","passed","Wed May 06 10:01:29 UTC 2026","","NoOpRecalculateLocalProjectionsUseCaseSpec[jvm]","com.georgeci.moneysurfer.sync.internal.usecase.NoOpRecalculateLocalProjectionsUseCaseSpec",""
"","3","onStepEntered handles every SyncStep variant including parameterised ones[jvm]","","Wed May 06 10:01:29 UTC 2026","passed","Wed May 06 10:01:29 UTC 2026","","KermitSyncTelemetrySpec[jvm]","com.georgeci.moneysurfer.sync.internal.telemetry.KermitSyncTelemetrySpec",""
"","1","DEFAULT_BATCH_LIMIT is 100[jvm]","","Wed May 06 10:01:29 UTC 2026","passed","Wed May 06 10:01:29 UTC 2026","","PendingMutationQueueSpec[jvm]","com.georgeci.moneysurfer.sync.repository.PendingMutationQueueSpec",""
"","5","Unknown preserves cause and is retryable[jvm]","","Wed May 06 10:01:27 UTC 2026","passed","Wed May 06 10:01:27 UTC 2026","","SyncErrorSpec[jvm]","com.georgeci.moneysurfer.sync.api.SyncErrorSpec",""
"","5","LastSyncOutcome.Failed carries error and timestamp[jvm]","","Wed May 06 10:01:27 UTC 2026","passed","Wed May 06 10:01:27 UTC 2026","","SyncStateSpec[jvm]","com.georgeci.moneysurfer.sync.api.SyncStateSpec",""
"","10","workspace pull failure aborts bootstrap with AuthError[jvm]","","Wed May 06 14:44:59 UTC 2026","passed","Wed May 06 14:44:59 UTC 2026","","PostAuthBootstrapUseCaseTest[jvm]","com.georgeci.moneysurfer.domain.usecase.PostAuthBootstrapUseCaseTest",""
"","14","markCompleted removes rows from pending()[jvm]","","Wed May 06 10:01:26 UTC 2026","passed","Wed May 06 10:01:26 UTC 2026","","PendingMutationQueueIntegrationIT[jvm]","com.georgeci.moneysurfer.integration.sync.PendingMutationQueueIntegrationIT",""
"","39","signed-in user can read a userEmails doc by exact key","","Wed May 06 14:48:14 UTC 2026","passed","Wed May 06 14:48:14 UTC 2026","","userEmails/{email}","userEmails/{email} signed-in user can read a userEmails doc by exact key",""
"","20","update bumps updatedAt and enqueues UPDATE[jvm]","","Wed May 06 10:01:03 UTC 2026","passed","Wed May 06 10:01:03 UTC 2026","","WorkspaceMemberRepositoryDualWriteSpec[jvm]","com.georgeci.moneysurfer.data.repository.WorkspaceMemberRepositoryDualWriteSpec",""
"","6","Enqueue merges into existing pending request[jvm]","","Wed May 06 10:01:28 UTC 2026","passed","Wed May 06 10:01:28 UTC 2026","","SyncCoordinatorImplBranchSpec[jvm]","com.georgeci.moneysurfer.sync.coordinator.SyncCoordinatorImplBranchSpec",""
"","6","expense contributes -amount on its account[jvm]","","Wed May 06 14:44:58 UTC 2026","passed","Wed May 06 14:44:58 UTC 2026","","BalanceImpactTest[jvm]","com.georgeci.moneysurfer.domain.model.BalanceImpactTest",""
"","3","returns ProjectionSummary with zero recalculations for All scope[jvm]","","Wed May 06 10:01:29 UTC 2026","passed","Wed May 06 10:01:29 UTC 2026","","NoOpRecalculateLocalProjectionsUseCaseSpec[jvm]","com.georgeci.moneysurfer.sync.internal.usecase.NoOpRecalculateLocalProjectionsUseCaseSpec",""
"","1","PULL order is workspace → members → invites → accounts → categories → transactions[jvm]","","Wed May 06 14:44:58 UTC 2026","passed","Wed May 06 14:44:58 UTC 2026","","SyncStepOrderTest[jvm]","com.georgeci.moneysurfer.domain.model.SyncStepOrderTest",""
"","24","existing user with explicit defaultWorkspaceId is preserved[jvm]","","Wed May 06 14:44:59 UTC 2026","passed","Wed May 06 14:44:59 UTC 2026","","PostAuthBootstrapUseCaseTest[jvm]","com.georgeci.moneysurfer.domain.usecase.PostAuthBootstrapUseCaseTest",""
"","4","mergeScope picks widest — AllUserData dominates[jvm]","","Wed May 06 10:01:27 UTC 2026","passed","Wed May 06 10:01:27 UTC 2026","","SyncScopeSpec[jvm]","com.georgeci.moneysurfer.sync.api.SyncScopeSpec",""
"","3","schedulePeriodic uses default constraints when none supplied[jvm]","","Wed May 06 10:01:29 UTC 2026","passed","Wed May 06 10:01:29 UTC 2026","","BackgroundSyncSchedulerSpec[jvm]","com.georgeci.moneysurfer.sync.scheduler.BackgroundSyncSchedulerSpec",""
"","32","local insert failure returns LocalWriteFailed and skips remote work[jvm]","","Wed May 06 14:44:59 UTC 2026","passed","Wed May 06 14:44:59 UTC 2026","","CreateWorkspaceUseCaseTest[jvm]","com.georgeci.moneysurfer.domain.usecase.CreateWorkspaceUseCaseTest",""
"","22","markLeft soft-deletes: status LEFT, leftAt set, enqueues UPDATE[jvm]","","Wed May 06 10:01:03 UTC 2026","passed","Wed May 06 10:01:03 UTC 2026","","WorkspaceMemberRepositoryDualWriteSpec[jvm]","com.georgeci.moneysurfer.data.repository.WorkspaceMemberRepositoryDualWriteSpec",""
"","2","no enqueue when uid is empty string[jvm]","","Wed May 06 10:01:29 UTC 2026","passed","Wed May 06 10:01:29 UTC 2026","","OutboxEnqueuerImplSpec[jvm]","com.georgeci.moneysurfer.sync.repository.OutboxEnqueuerImplSpec",""
"","110","getByWorkspaceId only returns invites of the given workspace[jvm]","","Wed May 06 10:01:25 UTC 2026","passed","Wed May 06 10:01:25 UTC 2026","","WorkspaceInviteRepositoryIntegrationIT[jvm]","com.georgeci.moneysurfer.integration.repository.WorkspaceInviteRepositoryIntegrationIT",""
"","5","clearAll wipes outbox before sync_meta[jvm]","","Wed May 06 10:01:29 UTC 2026","passed","Wed May 06 10:01:29 UTC 2026","","RemoteDataResetRepositoryImplSpec[jvm]","com.georgeci.moneysurfer.sync.repository.RemoteDataResetRepositoryImplSpec",""
"","0","epochMillis=1700000000000[jvm]","","Wed May 06 10:00:20 UTC 2026","passed","Wed May 06 10:00:20 UTC 2026","","TimeFormatterTest[jvm]","com.georgeci.moneysurfer.data.repository.TimeFormatterTest",""
"","7","SyncHandleStatus.Running carries currentStep[jvm]","","Wed May 06 10:01:27 UTC 2026","passed","Wed May 06 10:01:27 UTC 2026","","SyncStateSpec[jvm]","com.georgeci.moneysurfer.sync.api.SyncStateSpec",""
"","4","create planned produces empty delta[jvm]","","Wed May 06 14:44:58 UTC 2026","passed","Wed May 06 14:44:58 UTC 2026","","CalculateBalanceDeltaTest[jvm]","com.georgeci.moneysurfer.domain.model.CalculateBalanceDeltaTest",""
"","1","ConflictResolver implementation can be invoked[jvm]","","Wed May 06 10:01:29 UTC 2026","passed","Wed May 06 10:01:29 UTC 2026","","ConflictResolverSpec[jvm]","com.georgeci.moneysurfer.sync.repository.ConflictResolverSpec",""
"","15","markRemoved on missing row is a no-op[jvm]","","Wed May 06 10:01:03 UTC 2026","passed","Wed May 06 10:01:03 UTC 2026","","WorkspaceMemberRepositoryDualWriteSpec[jvm]","com.georgeci.moneysurfer.data.repository.WorkspaceMemberRepositoryDualWriteSpec",""
"","24","addWorkspaceRef failure does not block setDefaultWorkspace[jvm]","","Wed May 06 14:44:59 UTC 2026","passed","Wed May 06 14:44:59 UTC 2026","","CreateWorkspaceUseCaseTest[jvm]","com.georgeci.moneysurfer.domain.usecase.CreateWorkspaceUseCaseTest",""
"","7","pendingCount excludes IN_FLIGHT rows[jvm]","","Wed May 06 10:01:29 UTC 2026","passed","Wed May 06 10:01:29 UTC 2026","","PendingMutationQueueImplSpec[jvm]","com.georgeci.moneysurfer.sync.internal.repository.PendingMutationQueueImplSpec",""
"","18","user cannot map a foreign uid to their own email","","Wed May 06 14:48:14 UTC 2026","passed","Wed May 06 14:48:14 UTC 2026","","userEmails/{email}","userEmails/{email} user cannot map a foreign uid to their own email",""
"","28","stranger cannot collection-group query by another user's targetUserId","","Wed May 06 14:48:11 UTC 2026","passed","Wed May 06 14:48:11 UTC 2026","","invites — read","invites — read stranger cannot collection-group query by another user's targetUserId",""
"","26","owner cannot create an invite stamped with a different invitedByUserId","","Wed May 06 14:48:12 UTC 2026","passed","Wed May 06 14:48:12 UTC 2026","","invites — write","invites — write owner cannot create an invite stamped with a different invitedByUserId",""
"","10","SyncHandleStatus.Queued is singleton[jvm]","","Wed May 06 10:01:27 UTC 2026","passed","Wed May 06 10:01:27 UTC 2026","","SyncStateSpec[jvm]","com.georgeci.moneysurfer.sync.api.SyncStateSpec",""
"","144","cancelAllQueued with empty queue is a no-op[jvm]","","Wed May 06 10:01:28 UTC 2026","passed","Wed May 06 10:01:28 UTC 2026","","SyncCoordinatorImplBranchSpec[jvm]","com.georgeci.moneysurfer.sync.coordinator.SyncCoordinatorImplBranchSpec",""
"","16","user cannot create a workspace owned by someone else","","Wed May 06 14:48:15 UTC 2026","passed","Wed May 06 14:48:15 UTC 2026","","workspaces/{wid}","workspaces/{wid} user cannot create a workspace owned by someone else",""
"","53","update blocked when clientVersionCode is missing on the resulting doc","","Wed May 06 14:48:12 UTC 2026","passed","Wed May 06 14:48:12 UTC 2026","","invites — update / delete","invites — update / delete update blocked when clientVersionCode is missing on the resulting doc",""
"","26","insert + getById round-trips snapshots and timestamps[jvm]","","Wed May 06 10:01:25 UTC 2026","passed","Wed May 06 10:01:25 UTC 2026","","WorkspaceMemberRepositoryIntegrationIT[jvm]","com.georgeci.moneysurfer.integration.repository.WorkspaceMemberRepositoryIntegrationIT",""
"","3","actual → planned unwinds impact[jvm]","","Wed May 06 14:44:58 UTC 2026","passed","Wed May 06 14:44:58 UTC 2026","","ApplyTransactionChangeUseCaseTest[jvm]","com.georgeci.moneysurfer.domain.usecase.ApplyTransactionChangeUseCaseTest",""
"","3","repeat delete (null/null) is a no-op[jvm]","","Wed May 06 14:44:58 UTC 2026","passed","Wed May 06 14:44:58 UTC 2026","","ApplyTransactionChangeUseCaseTest[jvm]","com.georgeci.moneysurfer.domain.usecase.ApplyTransactionChangeUseCaseTest",""
"","22","non-owner cannot edit another member's row","","Wed May 06 14:48:13 UTC 2026","passed","Wed May 06 14:48:13 UTC 2026","","workspaces/{wid}/members/{uid}","workspaces/{wid}/members/{uid} non-owner cannot edit another member's row",""
"","5","markCompleted removes rows[jvm]","","Wed May 06 10:01:04 UTC 2026","passed","Wed May 06 10:01:04 UTC 2026","","PendingMutationQueueImplSpec[jvm]","com.georgeci.moneysurfer.data.sync.PendingMutationQueueImplSpec",""
"","123","income contributes +amount on its account[jvm]","","Wed May 06 14:44:58 UTC 2026","passed","Wed May 06 14:44:58 UTC 2026","","BalanceImpactTest[jvm]","com.georgeci.moneysurfer.domain.model.BalanceImpactTest",""
"","4","moving expense between accounts unwinds old and applies new[jvm]","","Wed May 06 14:44:58 UTC 2026","passed","Wed May 06 14:44:58 UTC 2026","","ApplyTransactionChangeUseCaseTest[jvm]","com.georgeci.moneysurfer.domain.usecase.ApplyTransactionChangeUseCaseTest",""
"","14","handle cancel on the only running request cancels the worker job[jvm]","","Wed May 06 10:01:28 UTC 2026","passed","Wed May 06 10:01:28 UTC 2026","","SyncCoordinatorImplBranchSpec[jvm]","com.georgeci.moneysurfer.sync.coordinator.SyncCoordinatorImplBranchSpec",""
"","1","empty set is Indefinite[jvm]","","Wed May 06 10:01:29 UTC 2026","passed","Wed May 06 10:01:29 UTC 2026","","NetworkWaitModeSpec[jvm]","com.georgeci.moneysurfer.sync.network.NetworkWaitModeSpec",""
"","6","markSuccess preserves cursor[jvm]","","Wed May 06 10:01:04 UTC 2026","passed","Wed May 06 10:01:04 UTC 2026","","SyncMetaRepositoryImplSpec[jvm]","com.georgeci.moneysurfer.data.sync.SyncMetaRepositoryImplSpec",""
"","21","owner can promote a member's role","","Wed May 06 14:48:13 UTC 2026","passed","Wed May 06 14:48:13 UTC 2026","","workspaces/{wid}/members/{uid}","workspaces/{wid}/members/{uid} owner can promote a member's role",""
"","2","ProjectionScope.All is a singleton[jvm]","","Wed May 06 10:01:29 UTC 2026","passed","Wed May 06 10:01:29 UTC 2026","","ProjectionSpec[jvm]","com.georgeci.moneysurfer.sync.projection.ProjectionSpec",""
"","2","CompositeCancelToken cancel propagates to all children[jvm]","","Wed May 06 10:01:26 UTC 2026","passed","Wed May 06 10:01:26 UTC 2026","","SyncCancelTokenSpec[jvm]","com.georgeci.moneysurfer.sync.api.SyncCancelTokenSpec",""
"","4","mergeScope ActiveWorkspace above ChangedSinceLastSync and UploadOnly[jvm]","","Wed May 06 10:01:27 UTC 2026","passed","Wed May 06 10:01:27 UTC 2026","","SyncScopeSpec[jvm]","com.georgeci.moneysurfer.sync.api.SyncScopeSpec",""
"","0","set merge with only Indefinite reasons stays Indefinite[jvm]","","Wed May 06 10:01:29 UTC 2026","passed","Wed May 06 10:01:29 UTC 2026","","NetworkWaitModeSpec[jvm]","com.georgeci.moneysurfer.sync.network.NetworkWaitModeSpec",""
"","27","non-member is blocked from budgets","","Wed May 06 14:48:11 UTC 2026","passed","Wed May 06 14:48:11 UTC 2026","","member-gated entities (smoke for the rest)","member-gated entities (smoke for the rest) non-member is blocked from budgets",""
"","7","cursor returns null for unknown (workspace, collection)[jvm]","","Wed May 06 10:01:04 UTC 2026","passed","Wed May 06 10:01:04 UTC 2026","","SyncMetaRepositoryImplSpec[jvm]","com.georgeci.moneysurfer.data.sync.SyncMetaRepositoryImplSpec",""
"","16","owner can update workspace metadata","","Wed May 06 14:48:15 UTC 2026","passed","Wed May 06 14:48:15 UTC 2026","","workspaces/{wid}","workspaces/{wid} owner can update workspace metadata",""
"","36","pending returns rows in createdAt order[jvm]","","Wed May 06 10:01:04 UTC 2026","passed","Wed May 06 10:01:04 UTC 2026","","PendingMutationQueueImplSpec[jvm]","com.georgeci.moneysurfer.data.sync.PendingMutationQueueImplSpec",""
"","14","create income increments cache by +amount[jvm]","","Wed May 06 14:44:58 UTC 2026","passed","Wed May 06 14:44:58 UTC 2026","","ApplyTransactionChangeUseCaseTest[jvm]","com.georgeci.moneysurfer.domain.usecase.ApplyTransactionChangeUseCaseTest",""
"","1","default constraints disable network/charging gates and require non-low battery[jvm]","","Wed May 06 10:01:30 UTC 2026","passed","Wed May 06 10:01:30 UTC 2026","","SyncConstraintsSpec[jvm]","com.georgeci.moneysurfer.sync.scheduler.SyncConstraintsSpec",""
"","18","upsert (existing) enqueues UPDATE[jvm]","","Wed May 06 10:01:02 UTC 2026","passed","Wed May 06 10:01:02 UTC 2026","","WorkspaceInviteRepositoryDualWriteSpec[jvm]","com.georgeci.moneysurfer.data.repository.WorkspaceInviteRepositoryDualWriteSpec",""
"","9","enqueueUpsert is a no-op when demo session[jvm]","","Wed May 06 10:01:04 UTC 2026","passed","Wed May 06 10:01:04 UTC 2026","","OutboxEnqueuerSpec[jvm]","com.georgeci.moneysurfer.data.sync.OutboxEnqueuerSpec",""
"","17","rejects when invite email does not match the current user[jvm]","","Wed May 06 14:44:58 UTC 2026","passed","Wed May 06 14:44:58 UTC 2026","","AcceptInviteUseCaseTest[jvm]","com.georgeci.moneysurfer.domain.usecase.AcceptInviteUseCaseTest",""
"","3","Started title[jvm]","","Wed May 06 10:01:28 UTC 2026","passed","Wed May 06 10:01:28 UTC 2026","","SyncStepSpec[jvm]","com.georgeci.moneysurfer.sync.api.SyncStepSpec",""
"","72","uuid generates non-empty value[jvm]","","Wed May 06 10:01:27 UTC 2026","passed","Wed May 06 10:01:27 UTC 2026","","SyncRequestIdSpec[jvm]","com.georgeci.moneysurfer.sync.api.SyncRequestIdSpec",""
"","13","rejects when caller is not OWNER[jvm]","","Wed May 06 14:44:59 UTC 2026","passed","Wed May 06 14:44:59 UTC 2026","","RemoveMemberUseCaseTest[jvm]","com.georgeci.moneysurfer.domain.usecase.RemoveMemberUseCaseTest",""
"","1","missing localUpdatedAt → remote wins (treated as DISTANT_PAST)[jvm]","","Wed May 06 10:01:29 UTC 2026","passed","Wed May 06 10:01:29 UTC 2026","","LwwConflictResolverSpec[jvm]","com.georgeci.moneysurfer.sync.repository.LwwConflictResolverSpec",""
"","26","Either.Left(Cancelled) returned from upload completes as cancelled[jvm]","","Wed May 06 10:01:28 UTC 2026","passed","Wed May 06 10:01:28 UTC 2026","","SyncCoordinatorImplBranchSpec[jvm]","com.georgeci.moneysurfer.sync.coordinator.SyncCoordinatorImplBranchSpec",""
"","8","no remote calls when no Firebase uid (demo session)[jvm]","","Wed May 06 14:44:59 UTC 2026","passed","Wed May 06 14:44:59 UTC 2026","","CreateWorkspaceUseCaseTest[jvm]","com.georgeci.moneysurfer.domain.usecase.CreateWorkspaceUseCaseTest",""
"","89","cancelAllQueued cancels queued requests but keeps the running one[jvm]","","Wed May 06 10:01:28 UTC 2026","passed","Wed May 06 10:01:28 UTC 2026","","SyncCoordinatorImplBranchSpec[jvm]","com.georgeci.moneysurfer.sync.coordinator.SyncCoordinatorImplBranchSpec",""
"","11","running state emits step progression and reaches Completed[jvm]","","Wed May 06 10:01:28 UTC 2026","passed","Wed May 06 10:01:28 UTC 2026","","SyncCoordinatorImplSpec[jvm]","com.georgeci.moneysurfer.sync.coordinator.SyncCoordinatorImplSpec",""
"","7","delete unwinds impact and removes the row[jvm]","","Wed May 06 14:44:58 UTC 2026","passed","Wed May 06 14:44:58 UTC 2026","","ApplyTransactionChangeUseCaseTest[jvm]","com.georgeci.moneysurfer.domain.usecase.ApplyTransactionChangeUseCaseTest",""
"","24","user cannot create a document under another uid","","Wed May 06 14:48:14 UTC 2026","passed","Wed May 06 14:48:14 UTC 2026","","users/{uid}","users/{uid} user cannot create a document under another uid",""
"","3","markInFlight is a no-op for empty list[jvm]","","Wed May 06 10:01:29 UTC 2026","passed","Wed May 06 10:01:29 UTC 2026","","PendingMutationQueueImplSpec[jvm]","com.georgeci.moneysurfer.sync.internal.repository.PendingMutationQueueImplSpec",""
"","29","still pins workspace when setDefaultWorkspace throws[jvm]","","Wed May 06 14:44:59 UTC 2026","passed","Wed May 06 14:44:59 UTC 2026","","CreateWorkspaceUseCaseTest[jvm]","com.georgeci.moneysurfer.domain.usecase.CreateWorkspaceUseCaseTest",""
"","26","non-member is blocked from categories","","Wed May 06 14:48:11 UTC 2026","passed","Wed May 06 14:48:11 UTC 2026","","member-gated entities (smoke for the rest)","member-gated entities (smoke for the rest) non-member is blocked from categories",""
"","83","member can read","","Wed May 06 14:48:10 UTC 2026","passed","Wed May 06 14:48:10 UTC 2026","","member-gated entities (accounts)","member-gated entities (accounts) member can read",""
"","2","PULL_INVITES sits between PULL_MEMBERS and PULL_ACCOUNTS[jvm]","","Wed May 06 14:44:58 UTC 2026","passed","Wed May 06 14:44:58 UTC 2026","","SyncStepOrderTest[jvm]","com.georgeci.moneysurfer.domain.model.SyncStepOrderTest",""
"","6","planned → actual applies full impact[jvm]","","Wed May 06 14:44:58 UTC 2026","passed","Wed May 06 14:44:58 UTC 2026","","CalculateBalanceDeltaTest[jvm]","com.georgeci.moneysurfer.domain.model.CalculateBalanceDeltaTest",""
"","2","owner can leave when another owner remains[jvm]","","Wed May 06 14:44:59 UTC 2026","passed","Wed May 06 14:44:59 UTC 2026","","LeaveWorkspaceUseCaseTest[jvm]","com.georgeci.moneysurfer.domain.usecase.LeaveWorkspaceUseCaseTest",""
"","2","no enqueue when app-version gate denies sync[jvm]","","Wed May 06 10:01:29 UTC 2026","passed","Wed May 06 10:01:29 UTC 2026","","OutboxEnqueuerImplSpec[jvm]","com.georgeci.moneysurfer.sync.repository.OutboxEnqueuerImplSpec",""
"","70","rejects when invite already accepted[jvm]","","Wed May 06 14:44:58 UTC 2026","passed","Wed May 06 14:44:58 UTC 2026","","AcceptInviteUseCaseTest[jvm]","com.georgeci.moneysurfer.domain.usecase.AcceptInviteUseCaseTest",""
"","34","invitee cannot flip ACCEPTED → DECLINED (terminal state immutable)","","Wed May 06 14:48:12 UTC 2026","passed","Wed May 06 14:48:12 UTC 2026","","invites — update / delete","invites — update / delete invitee cannot flip ACCEPTED → DECLINED (terminal state immutable)",""
"","35","create blocked when clientVersionCode is below floor (0)","","Wed May 06 14:48:10 UTC 2026","passed","Wed May 06 14:48:10 UTC 2026","","member-gated entities (accounts)","member-gated entities (accounts) create blocked when clientVersionCode is below floor (0)",""
"","9","rejects when no current user[jvm]","","Wed May 06 14:44:59 UTC 2026","passed","Wed May 06 14:44:59 UTC 2026","","LeaveWorkspaceUseCaseTest[jvm]","com.georgeci.moneysurfer.domain.usecase.LeaveWorkspaceUseCaseTest",""
"","42","pendingCount Flow reflects active row count[jvm]","","Wed May 06 10:01:26 UTC 2026","passed","Wed May 06 10:01:26 UTC 2026","","PendingMutationQueueIntegrationIT[jvm]","com.georgeci.moneysurfer.integration.sync.PendingMutationQueueIntegrationIT",""
"","51","client cannot write app config (Console-only)","","Wed May 06 14:48:08 UTC 2026","passed","Wed May 06 14:48:08 UTC 2026","","appConfig/{docId}","appConfig/{docId} client cannot write app config (Console-only)",""
"","10","setCursor preserves earlier markAttempt / markSuccess timestamps[jvm]","","Wed May 06 10:01:04 UTC 2026","passed","Wed May 06 10:01:04 UTC 2026","","SyncMetaRepositoryImplSpec[jvm]","com.georgeci.moneysurfer.data.sync.SyncMetaRepositoryImplSpec",""
"","3","NetworkUnavailable is retryable[jvm]","","Wed May 06 10:01:27 UTC 2026","passed","Wed May 06 10:01:27 UTC 2026","","SyncErrorSpec[jvm]","com.georgeci.moneysurfer.sync.api.SyncErrorSpec",""
"","6","markFailed returns row to PENDING with attempts incremented[jvm]","","Wed May 06 10:01:04 UTC 2026","passed","Wed May 06 10:01:04 UTC 2026","","PendingMutationQueueImplSpec[jvm]","com.georgeci.moneysurfer.data.sync.PendingMutationQueueImplSpec",""
"","3","markSuccess only updates the success column[jvm]","","Wed May 06 10:01:29 UTC 2026","passed","Wed May 06 10:01:29 UTC 2026","","SyncMetaRepositoryImplSpec[jvm]","com.georgeci.moneysurfer.sync.internal.repository.SyncMetaRepositoryImplSpec",""
"","0","scheduleOneShot uses default constraints when none supplied[jvm]","","Wed May 06 10:01:29 UTC 2026","passed","Wed May 06 10:01:29 UTC 2026","","BackgroundSyncSchedulerSpec[jvm]","com.georgeci.moneysurfer.sync.scheduler.BackgroundSyncSchedulerSpec",""
"","10","rejects when no current user[jvm]","","Wed May 06 14:44:59 UTC 2026","passed","Wed May 06 14:44:59 UTC 2026","","SendInviteUseCaseTest[jvm]","com.georgeci.moneysurfer.domain.usecase.SendInviteUseCaseTest",""
"","88","format EUR with German locale[jvm]","","Wed May 06 14:44:57 UTC 2026","passed","Wed May 06 14:44:57 UTC 2026","","MoneyFormatterTest[jvm]","com.georgeci.moneysurfer.domain.MoneyFormatterTest",""
"","7","onSyncStarted runs without error[jvm]","","Wed May 06 10:01:29 UTC 2026","passed","Wed May 06 10:01:29 UTC 2026","","KermitSyncTelemetrySpec[jvm]","com.georgeci.moneysurfer.sync.internal.telemetry.KermitSyncTelemetrySpec",""
"","102","recipient can collection-group query by targetUserId","","Wed May 06 14:48:11 UTC 2026","passed","Wed May 06 14:48:11 UTC 2026","","invites — read","invites — read recipient can collection-group query by targetUserId",""
"","20","hard-delete is denied for everyone (including owner)","","Wed May 06 14:48:12 UTC 2026","passed","Wed May 06 14:48:12 UTC 2026","","invites — update / delete","invites — update / delete hard-delete is denied for everyone (including owner)",""
"","46","member can create + read in recurringRules","","Wed May 06 14:48:11 UTC 2026","passed","Wed May 06 14:48:11 UTC 2026","","member-gated entities (smoke for the rest)","member-gated entities (smoke for the rest) member can create + read in recurringRules",""
"","2","all PUSH steps precede all PULL steps[jvm]","","Wed May 06 14:44:58 UTC 2026","passed","Wed May 06 14:44:58 UTC 2026","","SyncStepOrderTest[jvm]","com.georgeci.moneysurfer.domain.model.SyncStepOrderTest",""
"","28","reason mapping for APP_START is Bounded(30s)[jvm]","","Wed May 06 10:01:29 UTC 2026","passed","Wed May 06 10:01:29 UTC 2026","","NetworkWaitModeSpec[jvm]","com.georgeci.moneysurfer.sync.network.NetworkWaitModeSpec",""
"","3","create income → +impact[jvm]","","Wed May 06 14:44:58 UTC 2026","passed","Wed May 06 14:44:58 UTC 2026","","CalculateBalanceDeltaTest[jvm]","com.georgeci.moneysurfer.domain.model.CalculateBalanceDeltaTest",""
"","18","user cannot read another user's document","","Wed May 06 14:48:14 UTC 2026","passed","Wed May 06 14:48:14 UTC 2026","","users/{uid}","users/{uid} user cannot read another user's document",""
"","13","still pins workspace and succeeds when addWorkspaceRef throws[jvm]","","Wed May 06 14:44:59 UTC 2026","passed","Wed May 06 14:44:59 UTC 2026","","CreateWorkspaceUseCaseTest[jvm]","com.georgeci.moneysurfer.domain.usecase.CreateWorkspaceUseCaseTest",""
"","53","getByEmail / getByTargetUserId resolve through their indexes[jvm]","","Wed May 06 10:01:25 UTC 2026","passed","Wed May 06 10:01:25 UTC 2026","","WorkspaceInviteRepositoryIntegrationIT[jvm]","com.georgeci.moneysurfer.integration.repository.WorkspaceInviteRepositoryIntegrationIT",""
"","29","upsert in demo session writes DAO but skips outbox[jvm]","","Wed May 06 10:01:02 UTC 2026","passed","Wed May 06 10:01:02 UTC 2026","","WorkspaceInviteRepositoryDualWriteSpec[jvm]","com.georgeci.moneysurfer.data.repository.WorkspaceInviteRepositoryDualWriteSpec",""
"","5","format large amount[jvm]","","Wed May 06 14:44:57 UTC 2026","passed","Wed May 06 14:44:57 UTC 2026","","MoneyFormatterTest[jvm]","com.georgeci.moneysurfer.domain.MoneyFormatterTest",""
"","35","authenticated user can read app config","","Wed May 06 14:48:08 UTC 2026","passed","Wed May 06 14:48:08 UTC 2026","","appConfig/{docId}","appConfig/{docId} authenticated user can read app config",""
"","5","CancellationException maps to SyncError.Cancelled[jvm]","","Wed May 06 10:01:29 UTC 2026","passed","Wed May 06 10:01:29 UTC 2026","","SyncErrorClassifierSpec[jvm]","com.georgeci.moneysurfer.sync.internal.SyncErrorClassifierSpec",""
"","5","Failed title carries error[jvm]","","Wed May 06 10:01:28 UTC 2026","passed","Wed May 06 10:01:28 UTC 2026","","SyncStepSpec[jvm]","com.georgeci.moneysurfer.sync.api.SyncStepSpec",""
"","4","build returns zeros by default[jvm]","","Wed May 06 10:01:28 UTC 2026","passed","Wed May 06 10:01:28 UTC 2026","","SyncSummaryBuilderSpec[jvm]","com.georgeci.moneysurfer.sync.api.SyncSummaryBuilderSpec",""
"","1","fields are exposed[jvm]","","Wed May 06 10:01:29 UTC 2026","passed","Wed May 06 10:01:29 UTC 2026","","PendingMutationSpec[jvm]","com.georgeci.moneysurfer.sync.repository.PendingMutationSpec",""
"","15","pending honours the limit[jvm]","","Wed May 06 10:01:29 UTC 2026","passed","Wed May 06 10:01:29 UTC 2026","","PendingMutationQueueImplSpec[jvm]","com.georgeci.moneysurfer.sync.internal.repository.PendingMutationQueueImplSpec",""
"","41","member can create + read in transactions","","Wed May 06 14:48:11 UTC 2026","passed","Wed May 06 14:48:11 UTC 2026","","member-gated entities (smoke for the rest)","member-gated entities (smoke for the rest) member can create + read in transactions",""
"","6","onSyncFailed branches across every SyncError variant[jvm]","","Wed May 06 10:01:29 UTC 2026","passed","Wed May 06 10:01:29 UTC 2026","","KermitSyncTelemetrySpec[jvm]","com.georgeci.moneysurfer.sync.internal.telemetry.KermitSyncTelemetrySpec",""
"","2","PUSH_INVITES sits between PUSH_MEMBERS and PUSH_ACCOUNTS[jvm]","","Wed May 06 14:44:58 UTC 2026","passed","Wed May 06 14:44:58 UTC 2026","","SyncStepOrderTest[jvm]","com.georgeci.moneysurfer.domain.model.SyncStepOrderTest",""
"","1","ProjectionSummary carries the recalculated count[jvm]","","Wed May 06 10:01:29 UTC 2026","passed","Wed May 06 10:01:29 UTC 2026","","ProjectionSpec[jvm]","com.georgeci.moneysurfer.sync.projection.ProjectionSpec",""
"","6","isolated cursors per (workspace, collection)[jvm]","","Wed May 06 10:01:04 UTC 2026","passed","Wed May 06 10:01:04 UTC 2026","","SyncMetaRepositoryImplSpec[jvm]","com.georgeci.moneysurfer.data.sync.SyncMetaRepositoryImplSpec",""
"","2","deterministic — same input gives same output[jvm]","","Wed May 06 10:01:29 UTC 2026","passed","Wed May 06 10:01:29 UTC 2026","","LwwConflictResolverSpec[jvm]","com.georgeci.moneysurfer.sync.repository.LwwConflictResolverSpec",""
"","11","SyncHandleStatus.Completed carries summary[jvm]","","Wed May 06 10:01:27 UTC 2026","passed","Wed May 06 10:01:27 UTC 2026","","SyncStateSpec[jvm]","com.georgeci.moneysurfer.sync.api.SyncStateSpec",""
"","168","rejects when no current user[jvm]","","Wed May 06 14:44:58 UTC 2026","passed","Wed May 06 14:44:58 UTC 2026","","AcceptInviteUseCaseTest[jvm]","com.georgeci.moneysurfer.domain.usecase.AcceptInviteUseCaseTest",""
"","22","CancellationException maps to Cancelled[jvm]","","Wed May 06 10:01:04 UTC 2026","passed","Wed May 06 10:01:04 UTC 2026","","SyncErrorClassifierSpec[jvm]","com.georgeci.moneysurfer.data.sync.SyncErrorClassifierSpec",""
"","29","recipient without email claim can still query by targetUserId","","Wed May 06 14:48:11 UTC 2026","passed","Wed May 06 14:48:11 UTC 2026","","invites — read","invites — read recipient without email claim can still query by targetUserId",""
"","6","pending returns empty when queue is empty[jvm]","","Wed May 06 10:01:04 UTC 2026","passed","Wed May 06 10:01:04 UTC 2026","","PendingMutationQueueImplSpec[jvm]","com.georgeci.moneysurfer.data.sync.PendingMutationQueueImplSpec",""
"","17","pending respects limit[jvm]","","Wed May 06 10:01:04 UTC 2026","passed","Wed May 06 10:01:04 UTC 2026","","PendingMutationQueueImplSpec[jvm]","com.georgeci.moneysurfer.data.sync.PendingMutationQueueImplSpec",""
"","16","user can update their own document","","Wed May 06 14:48:14 UTC 2026","passed","Wed May 06 14:48:14 UTC 2026","","users/{uid}","users/{uid} user can update their own document",""
"","36","awaitNetwork bounded timeout fails with NetworkUnavailable[jvm]","","Wed May 06 10:01:28 UTC 2026","passed","Wed May 06 10:01:28 UTC 2026","","SyncCoordinatorImplSpec[jvm]","com.georgeci.moneysurfer.sync.coordinator.SyncCoordinatorImplSpec",""
"","6","non-null pass-through[jvm]","","Wed May 06 10:00:20 UTC 2026","passed","Wed May 06 10:00:20 UTC 2026","","TimeFormatterTest[jvm]","com.georgeci.moneysurfer.data.repository.TimeFormatterTest",""
"","9","ReplaceQueued cancels existing pending and replaces it[jvm]","","Wed May 06 10:01:28 UTC 2026","passed","Wed May 06 10:01:28 UTC 2026","","SyncCoordinatorImplBranchSpec[jvm]","com.georgeci.moneysurfer.sync.coordinator.SyncCoordinatorImplBranchSpec",""
"","1","epochMillis=-1000[jvm]","","Wed May 06 10:00:20 UTC 2026","passed","Wed May 06 10:00:20 UTC 2026","","TimeFormatterTest[jvm]","com.georgeci.moneysurfer.data.repository.TimeFormatterTest",""
"","6","enqueueUpsert pushes a PendingMutation when signed in and gate allows[jvm]","","Wed May 06 10:01:29 UTC 2026","passed","Wed May 06 10:01:29 UTC 2026","","OutboxEnqueuerImplSpec[jvm]","com.georgeci.moneysurfer.sync.repository.OutboxEnqueuerImplSpec",""
"","132","offline build resolves SignInFeatureConfig with only demo enabled()[jvm]","","Wed May 06 10:01:20 UTC 2026","passed","Wed May 06 10:01:20 UTC 2026","","OfflineSignInFeatureConfigTest[jvm]","com.georgeci.moneysurfer.offline.di.OfflineSignInFeatureConfigTest",""
"","4","reason mapping for user-initiated reasons is Indefinite[jvm]","","Wed May 06 10:01:29 UTC 2026","passed","Wed May 06 10:01:29 UTC 2026","","NetworkWaitModeSpec[jvm]","com.georgeci.moneysurfer.sync.network.NetworkWaitModeSpec",""
"","7","actual → planned unwinds full impact[jvm]","","Wed May 06 14:44:58 UTC 2026","passed","Wed May 06 14:44:58 UTC 2026","","CalculateBalanceDeltaTest[jvm]","com.georgeci.moneysurfer.domain.model.CalculateBalanceDeltaTest",""
"","106","demoOnly is true only when demo is the single enabled entry point()[jvm]","","Wed May 06 10:00:58 UTC 2026","passed","Wed May 06 10:00:58 UTC 2026","","SignInFeatureConfigTest[jvm]","com.georgeci.moneysurfer.feature.login.SignInFeatureConfigTest",""
"","4","CompositeCancelToken not cancelled when only some children cancelled[jvm]","","Wed May 06 10:01:26 UTC 2026","passed","Wed May 06 10:01:26 UTC 2026","","SyncCancelTokenSpec[jvm]","com.georgeci.moneysurfer.sync.api.SyncCancelTokenSpec",""
"","2","pending() default limit forwards DEFAULT_BATCH_LIMIT[jvm]","","Wed May 06 10:01:29 UTC 2026","passed","Wed May 06 10:01:29 UTC 2026","","PendingMutationQueueSpec[jvm]","com.georgeci.moneysurfer.sync.repository.PendingMutationQueueSpec",""
"","9","enqueueDelete writes DELETE mutation[jvm]","","Wed May 06 10:01:04 UTC 2026","passed","Wed May 06 10:01:04 UTC 2026","","OutboxEnqueuerSpec[jvm]","com.georgeci.moneysurfer.data.sync.OutboxEnqueuerSpec",""
"","9","rejects when last OWNER tries to leave[jvm]","","Wed May 06 14:44:59 UTC 2026","passed","Wed May 06 14:44:59 UTC 2026","","LeaveWorkspaceUseCaseTest[jvm]","com.georgeci.moneysurfer.domain.usecase.LeaveWorkspaceUseCaseTest",""
"","21","leftAt path keeps role unchanged and status flipped to LEFT[jvm]","","Wed May 06 10:01:25 UTC 2026","passed","Wed May 06 10:01:25 UTC 2026","","WorkspaceMemberRepositoryIntegrationIT[jvm]","com.georgeci.moneysurfer.integration.repository.WorkspaceMemberRepositoryIntegrationIT",""
"","0","equals and hashCode treat identical fields as equal[jvm]","","Wed May 06 10:01:29 UTC 2026","passed","Wed May 06 10:01:29 UTC 2026","","PendingMutationSpec[jvm]","com.georgeci.moneysurfer.sync.repository.PendingMutationSpec",""
"","7","opening_balance behaves as a regular ACTUAL for cache[jvm]","","Wed May 06 14:44:58 UTC 2026","passed","Wed May 06 14:44:58 UTC 2026","","ApplyTransactionChangeUseCaseTest[jvm]","com.georgeci.moneysurfer.domain.usecase.ApplyTransactionChangeUseCaseTest",""
"","23","signed-in user can self-create their own member row (accept invite path)","","Wed May 06 14:48:13 UTC 2026","passed","Wed May 06 14:48:13 UTC 2026","","workspaces/{wid}/members/{uid}","workspaces/{wid}/members/{uid} signed-in user can self-create their own member row (accept invite path)",""
"","16","unauthenticated user is denied","","Wed May 06 14:48:13 UTC 2026","passed","Wed May 06 14:48:13 UTC 2026","","workspaces/{wid}/members/{uid}","workspaces/{wid}/members/{uid} unauthenticated user is denied",""
"","4","setCursor preserves attempt and success timestamps on existing row[jvm]","","Wed May 06 10:01:29 UTC 2026","passed","Wed May 06 10:01:29 UTC 2026","","SyncMetaRepositoryImplSpec[jvm]","com.georgeci.moneysurfer.sync.internal.repository.SyncMetaRepositoryImplSpec",""
"","10","fetch failure propagates as AuthError.Unknown[jvm]","","Wed May 06 14:44:59 UTC 2026","passed","Wed May 06 14:44:59 UTC 2026","","PostAuthBootstrapUseCaseTest[jvm]","com.georgeci.moneysurfer.domain.usecase.PostAuthBootstrapUseCaseTest",""
"","4","abs(money) handles legacy signed expense correctly[jvm]","","Wed May 06 14:44:58 UTC 2026","passed","Wed May 06 14:44:58 UTC 2026","","PeriodTotalsTest[jvm]","com.georgeci.moneysurfer.domain.model.PeriodTotalsTest",""
"","5","writes local pointer and pushes default when Firebase uid present[jvm]","","Wed May 06 14:44:59 UTC 2026","passed","Wed May 06 14:44:59 UTC 2026","","SelectWorkspaceUseCaseTest[jvm]","com.georgeci.moneysurfer.domain.usecase.SelectWorkspaceUseCaseTest",""
"","1","delegate constructor preserves the supplied context[jvm]","","Wed May 06 10:01:29 UTC 2026","passed","Wed May 06 10:01:29 UTC 2026","","ApplicationScopeSpec[jvm]","com.georgeci.moneysurfer.sync.runtime.ApplicationScopeSpec",""
"","1","cancelAll is callable[jvm]","","Wed May 06 10:01:29 UTC 2026","passed","Wed May 06 10:01:29 UTC 2026","","BackgroundSyncSchedulerSpec[jvm]","com.georgeci.moneysurfer.sync.scheduler.BackgroundSyncSchedulerSpec",""
"","1","SyncMeta supports null timestamps for fresh workspaces[jvm]","","Wed May 06 10:01:29 UTC 2026","passed","Wed May 06 10:01:29 UTC 2026","","SyncMetaRepositorySpec[jvm]","com.georgeci.moneysurfer.sync.repository.SyncMetaRepositorySpec",""
"","21","invitee cannot transition to a terminal state other than ACCEPTED/DECLINED","","Wed May 06 14:48:12 UTC 2026","passed","Wed May 06 14:48:12 UTC 2026","","invites — update / delete","invites — update / delete invitee cannot transition to a terminal state other than ACCEPTED/DECLINED",""
"","24","user CANNOT self-set status to REMOVED","","Wed May 06 14:48:13 UTC 2026","passed","Wed May 06 14:48:13 UTC 2026","","workspaces/{wid}/members/{uid}","workspaces/{wid}/members/{uid} user CANNOT self-set status to REMOVED",""
"","1","ConflictResolution.Merged carries the merged value[jvm]","","Wed May 06 10:01:29 UTC 2026","passed","Wed May 06 10:01:29 UTC 2026","","ConflictResolverSpec[jvm]","com.georgeci.moneysurfer.sync.repository.ConflictResolverSpec",""
"","6","DELETE mutation persists and is readable[jvm]","","Wed May 06 10:01:04 UTC 2026","passed","Wed May 06 10:01:04 UTC 2026","","PendingMutationQueueImplSpec[jvm]","com.georgeci.moneysurfer.data.sync.PendingMutationQueueImplSpec",""
"","6","SyncHandleStatus.Cancelled is singleton[jvm]","","Wed May 06 10:01:27 UTC 2026","passed","Wed May 06 10:01:27 UTC 2026","","SyncStateSpec[jvm]","com.georgeci.moneysurfer.sync.api.SyncStateSpec",""
"","23","pushAll failure surfaces as RemoteSyncFailed and skips addRef + pin[jvm]","","Wed May 06 14:44:59 UTC 2026","passed","Wed May 06 14:44:59 UTC 2026","","CreateWorkspaceUseCaseTest[jvm]","com.georgeci.moneysurfer.domain.usecase.CreateWorkspaceUseCaseTest",""
"","2","create expense → -impact[jvm]","","Wed May 06 14:44:58 UTC 2026","passed","Wed May 06 14:44:58 UTC 2026","","CalculateBalanceDeltaTest[jvm]","com.georgeci.moneysurfer.domain.model.CalculateBalanceDeltaTest",""
"","3","ConflictResolution.Skip is a singleton[jvm]","","Wed May 06 10:01:29 UTC 2026","passed","Wed May 06 10:01:29 UTC 2026","","ConflictResolverSpec[jvm]","com.georgeci.moneysurfer.sync.repository.ConflictResolverSpec",""
"","6","blank -> null[jvm]","","Wed May 06 10:00:20 UTC 2026","passed","Wed May 06 10:00:20 UTC 2026","","TimeFormatterTest[jvm]","com.georgeci.moneysurfer.data.repository.TimeFormatterTest",""
"","1","local newer than remote → take local[jvm]","","Wed May 06 10:01:29 UTC 2026","passed","Wed May 06 10:01:29 UTC 2026","","LwwConflictResolverSpec[jvm]","com.georgeci.moneysurfer.sync.repository.LwwConflictResolverSpec",""
"","5","update amount expense 100 → 150 produces -50 delta[jvm]","","Wed May 06 14:44:58 UTC 2026","passed","Wed May 06 14:44:58 UTC 2026","","CalculateBalanceDeltaTest[jvm]","com.georgeci.moneysurfer.domain.model.CalculateBalanceDeltaTest",""
"","9","enqueueUpsert rejects DELETE operation[jvm]","","Wed May 06 10:01:04 UTC 2026","passed","Wed May 06 10:01:04 UTC 2026","","OutboxEnqueuerSpec[jvm]","com.georgeci.moneysurfer.data.sync.OutboxEnqueuerSpec",""
"","62","invite sender can append one wid to recipient invitedWorkspaceIds","","Wed May 06 14:48:15 UTC 2026","passed","Wed May 06 14:48:15 UTC 2026","","users/{uid} — invitedWorkspaceIds cross-user append","users/{uid} — invitedWorkspaceIds cross-user append invite sender can append one wid to recipient invitedWorkspaceIds",""
"","18","null in -> null out[jvm]","","Wed May 06 10:00:20 UTC 2026","passed","Wed May 06 10:00:20 UTC 2026","","TimeFormatterTest[jvm]","com.georgeci.moneysurfer.data.repository.TimeFormatterTest",""
"","25","stranger cannot read someone else's invite by direct id","","Wed May 06 14:48:11 UTC 2026","passed","Wed May 06 14:48:11 UTC 2026","","invites — read","invites — read stranger cannot read someone else's invite by direct id",""
"","2","cancel invokes the supplied cancelAction once[jvm]","","Wed May 06 10:01:29 UTC 2026","passed","Wed May 06 10:01:29 UTC 2026","","SyncHandleImplSpec[jvm]","com.georgeci.moneysurfer.sync.coordinator.SyncHandleImplSpec",""
"","23","invitee can accept by targetUserId match","","Wed May 06 14:48:12 UTC 2026","passed","Wed May 06 14:48:12 UTC 2026","","invites — update / delete","invites — update / delete invitee can accept by targetUserId match",""
"","18","happy path: persists PENDING invite with TTL and lowercase email[jvm]","","Wed May 06 14:44:59 UTC 2026","passed","Wed May 06 14:44:59 UTC 2026","","SendInviteUseCaseTest[jvm]","com.georgeci.moneysurfer.domain.usecase.SendInviteUseCaseTest",""
"","8","addWorkspaceRef fires with the new workspace id so users/{uid}.workspaceIds is filled[jvm]","","Wed May 06 14:44:59 UTC 2026","passed","Wed May 06 14:44:59 UTC 2026","","CreateWorkspaceUseCaseTest[jvm]","com.georgeci.moneysurfer.domain.usecase.CreateWorkspaceUseCaseTest",""
"","19","hard-delete is denied (soft-delete via status=REMOVED)","","Wed May 06 14:48:13 UTC 2026","passed","Wed May 06 14:48:13 UTC 2026","","workspaces/{wid}/members/{uid}","workspaces/{wid}/members/{uid} hard-delete is denied (soft-delete via status=REMOVED)",""
"","3","CompositeCancelToken throwIfCancelled when partial does not throw[jvm]","","Wed May 06 10:01:26 UTC 2026","passed","Wed May 06 10:01:26 UTC 2026","","SyncCancelTokenSpec[jvm]","com.georgeci.moneysurfer.sync.api.SyncCancelTokenSpec",""
"","4","tolerates DECLINED/CANCELLED past invites for the email[jvm]","","Wed May 06 14:44:59 UTC 2026","passed","Wed May 06 14:44:59 UTC 2026","","SendInviteUseCaseTest[jvm]","com.georgeci.moneysurfer.domain.usecase.SendInviteUseCaseTest",""
"","2","ConflictResolution.TakeRemote carries the remote value[jvm]","","Wed May 06 10:01:29 UTC 2026","passed","Wed May 06 10:01:29 UTC 2026","","ConflictResolverSpec[jvm]","com.georgeci.moneysurfer.sync.repository.ConflictResolverSpec",""
"","3","enqueueDelete pushes a DELETE mutation[jvm]","","Wed May 06 10:01:29 UTC 2026","passed","Wed May 06 10:01:29 UTC 2026","","OutboxEnqueuerImplSpec[jvm]","com.georgeci.moneysurfer.sync.repository.OutboxEnqueuerImplSpec",""
"","19","signed-in user can create a workspace they own","","Wed May 06 14:48:15 UTC 2026","passed","Wed May 06 14:48:15 UTC 2026","","workspaces/{wid}","workspaces/{wid} signed-in user can create a workspace they own",""
"","34","invitee can accept even if parent workspace doc is missing on Firestore","","Wed May 06 14:48:12 UTC 2026","passed","Wed May 06 14:48:12 UTC 2026","","invites — update / delete","invites — update / delete invitee can accept even if parent workspace doc is missing on Firestore",""
"","4","Cancelled title and default summary[jvm]","","Wed May 06 10:01:28 UTC 2026","passed","Wed May 06 10:01:28 UTC 2026","","SyncStepSpec[jvm]","com.georgeci.moneysurfer.sync.api.SyncStepSpec",""
"","31","hard-delete is denied","","Wed May 06 14:48:14 UTC 2026","passed","Wed May 06 14:48:14 UTC 2026","","userEmails/{email}","userEmails/{email} hard-delete is denied",""
"","5","delete actual income unwinds impact[jvm]","","Wed May 06 14:44:58 UTC 2026","passed","Wed May 06 14:44:58 UTC 2026","","CalculateBalanceDeltaTest[jvm]","com.georgeci.moneysurfer.domain.model.CalculateBalanceDeltaTest",""
"","8","malformed stored falls back to operationAt in UTC[jvm]","","Wed May 06 10:00:19 UTC 2026","passed","Wed May 06 10:00:19 UTC 2026","","ResolveLegacyOperationDateTest[jvm]","com.georgeci.moneysurfer.data.repository.ResolveLegacyOperationDateTest",""
"","13","awaitNetwork indefinite proceeds when network returns[jvm]","","Wed May 06 10:01:28 UTC 2026","passed","Wed May 06 10:01:28 UTC 2026","","SyncCoordinatorImplSpec[jvm]","com.georgeci.moneysurfer.sync.coordinator.SyncCoordinatorImplSpec",""
"","1","set merge picks smallest bounded timeout[jvm]","","Wed May 06 10:01:29 UTC 2026","passed","Wed May 06 10:01:29 UTC 2026","","NetworkWaitModeSpec[jvm]","com.georgeci.moneysurfer.sync.network.NetworkWaitModeSpec",""
"","5","update amount applies only the difference[jvm]","","Wed May 06 14:44:58 UTC 2026","passed","Wed May 06 14:44:58 UTC 2026","","ApplyTransactionChangeUseCaseTest[jvm]","com.georgeci.moneysurfer.domain.usecase.ApplyTransactionChangeUseCaseTest",""
"","7","LastSyncOutcome.None is singleton[jvm]","","Wed May 06 10:01:27 UTC 2026","passed","Wed May 06 10:01:27 UTC 2026","","SyncStateSpec[jvm]","com.georgeci.moneysurfer.sync.api.SyncStateSpec",""
"","10","case-insensitive email match[jvm]","","Wed May 06 14:44:58 UTC 2026","passed","Wed May 06 14:44:58 UTC 2026","","AcceptInviteUseCaseTest[jvm]","com.georgeci.moneysurfer.domain.usecase.AcceptInviteUseCaseTest",""
"","17","insert writes both DAO and outbox when signed in[jvm]","","Wed May 06 10:01:03 UTC 2026","passed","Wed May 06 10:01:03 UTC 2026","","WorkspaceMemberRepositoryDualWriteSpec[jvm]","com.georgeci.moneysurfer.data.repository.WorkspaceMemberRepositoryDualWriteSpec",""
"","37","returns NoCurrentUser error when no current user[jvm]","","Wed May 06 14:44:59 UTC 2026","passed","Wed May 06 14:44:59 UTC 2026","","CreateWorkspaceUseCaseTest[jvm]","com.georgeci.moneysurfer.domain.usecase.CreateWorkspaceUseCaseTest",""
"","27","member can get the workspace doc","","Wed May 06 14:48:15 UTC 2026","passed","Wed May 06 14:48:15 UTC 2026","","workspaces/{wid}","workspaces/{wid} member can get the workspace doc",""
"","2","rejects when target is not a member[jvm]","","Wed May 06 14:44:59 UTC 2026","passed","Wed May 06 14:44:59 UTC 2026","","RemoveMemberUseCaseTest[jvm]","com.georgeci.moneysurfer.domain.usecase.RemoveMemberUseCaseTest",""
"","1","iso=2026-05-05[jvm]","","Wed May 06 10:00:20 UTC 2026","passed","Wed May 06 10:00:20 UTC 2026","","TimeFormatterTest[jvm]","com.georgeci.moneysurfer.data.repository.TimeFormatterTest",""
"","8","rejects when caller is not OWNER[jvm]","","Wed May 06 14:44:59 UTC 2026","passed","Wed May 06 14:44:59 UTC 2026","","SendInviteUseCaseTest[jvm]","com.georgeci.moneysurfer.domain.usecase.SendInviteUseCaseTest",""
"","20","user can read their own document","","Wed May 06 14:48:14 UTC 2026","passed","Wed May 06 14:48:14 UTC 2026","","users/{uid}","users/{uid} user can read their own document",""
"","3","observe emits empty list for a fresh workspace[jvm]","","Wed May 06 10:01:29 UTC 2026","passed","Wed May 06 10:01:29 UTC 2026","","SyncMetaRepositoryImplSpec[jvm]","com.georgeci.moneysurfer.sync.internal.repository.SyncMetaRepositoryImplSpec",""
"","1","onStepEntered is callable[jvm]","","Wed May 06 10:01:30 UTC 2026","passed","Wed May 06 10:01:30 UTC 2026","","SyncTelemetryNoOpSpec[jvm]","com.georgeci.moneysurfer.sync.telemetry.SyncTelemetryNoOpSpec",""
"","6","happy path: editor can leave[jvm]","","Wed May 06 14:44:59 UTC 2026","passed","Wed May 06 14:44:59 UTC 2026","","LeaveWorkspaceUseCaseTest[jvm]","com.georgeci.moneysurfer.domain.usecase.LeaveWorkspaceUseCaseTest",""
"","9","local pointer survives a remote failure[jvm]","","Wed May 06 14:44:59 UTC 2026","passed","Wed May 06 14:44:59 UTC 2026","","SelectWorkspaceUseCaseTest[jvm]","com.georgeci.moneysurfer.domain.usecase.SelectWorkspaceUseCaseTest",""
"","4","CompositeCancelToken with empty children treats as cancelled[jvm]","","Wed May 06 10:01:26 UTC 2026","passed","Wed May 06 10:01:26 UTC 2026","","SyncCancelTokenSpec[jvm]","com.georgeci.moneysurfer.sync.api.SyncCancelTokenSpec",""
"","10","income and expense aggregate separately[jvm]","","Wed May 06 14:44:58 UTC 2026","passed","Wed May 06 14:44:58 UTC 2026","","PeriodTotalsTest[jvm]","com.georgeci.moneysurfer.domain.model.PeriodTotalsTest",""
"","22","markRemoved soft-deletes: status REMOVED, removedAt set, enqueues UPDATE[jvm]","","Wed May 06 10:01:03 UTC 2026","passed","Wed May 06 10:01:03 UTC 2026","","WorkspaceMemberRepositoryDualWriteSpec[jvm]","com.georgeci.moneysurfer.data.repository.WorkspaceMemberRepositoryDualWriteSpec",""
"","7","no-op when hasUsedDemo is false (real-account-only flow)[jvm]","","Wed May 06 14:44:59 UTC 2026","passed","Wed May 06 14:44:59 UTC 2026","","WipeDemoDataUseCaseSpec[jvm]","com.georgeci.moneysurfer.domain.usecase.WipeDemoDataUseCaseSpec",""
"","21","round-trip preserves all fields[jvm]","","Wed May 06 10:01:04 UTC 2026","passed","Wed May 06 10:01:04 UTC 2026","","PendingMutationQueueImplSpec[jvm]","com.georgeci.moneysurfer.data.sync.PendingMutationQueueImplSpec",""
"","0","onSyncCancelled is callable[jvm]","","Wed May 06 10:01:30 UTC 2026","passed","Wed May 06 10:01:30 UTC 2026","","SyncTelemetryNoOpSpec[jvm]","com.georgeci.moneysurfer.sync.telemetry.SyncTelemetryNoOpSpec",""
"","121","requestSync completes with success for noop use cases[jvm]","","Wed May 06 10:01:28 UTC 2026","passed","Wed May 06 10:01:28 UTC 2026","","SyncCoordinatorImplSpec[jvm]","com.georgeci.moneysurfer.sync.coordinator.SyncCoordinatorImplSpec",""
"","11","writes local pointer and skips remote when no Firebase uid[jvm]","","Wed May 06 14:44:59 UTC 2026","passed","Wed May 06 14:44:59 UTC 2026","","SelectWorkspaceUseCaseTest[jvm]","com.georgeci.moneysurfer.domain.usecase.SelectWorkspaceUseCaseTest",""
"","3","SimpleCancelToken cancel flips state[jvm]","","Wed May 06 10:01:26 UTC 2026","passed","Wed May 06 10:01:26 UTC 2026","","SyncCancelTokenSpec[jvm]","com.georgeci.moneysurfer.sync.api.SyncCancelTokenSpec",""
"","5","returns Right for a Workspace scope[jvm]","","Wed May 06 10:01:29 UTC 2026","passed","Wed May 06 10:01:29 UTC 2026","","NoOpRecalculateLocalProjectionsUseCaseSpec[jvm]","com.georgeci.moneysurfer.sync.internal.usecase.NoOpRecalculateLocalProjectionsUseCaseSpec",""
"","3","default newRequestId factory generates uuid-shaped ids[jvm]","","Wed May 06 10:01:28 UTC 2026","passed","Wed May 06 10:01:28 UTC 2026","","SyncCoordinatorImplBranchSpec[jvm]","com.georgeci.moneysurfer.sync.coordinator.SyncCoordinatorImplBranchSpec",""
"","12","pending returns rows sorted by createdAt ascending[jvm]","","Wed May 06 10:01:29 UTC 2026","passed","Wed May 06 10:01:29 UTC 2026","","PendingMutationQueueImplSpec[jvm]","com.georgeci.moneysurfer.sync.internal.repository.PendingMutationQueueImplSpec",""
"","1","demoOnly is false when demo itself is disabled()[jvm]","","Wed May 06 10:00:58 UTC 2026","passed","Wed May 06 10:00:58 UTC 2026","","SignInFeatureConfigTest[jvm]","com.georgeci.moneysurfer.feature.login.SignInFeatureConfigTest",""
"","9","repeat delete (null/null) is empty delta[jvm]","","Wed May 06 14:44:58 UTC 2026","passed","Wed May 06 14:44:58 UTC 2026","","CalculateBalanceDeltaTest[jvm]","com.georgeci.moneysurfer.domain.model.CalculateBalanceDeltaTest",""
"","24","markDeclined transitions status to DECLINED[jvm]","","Wed May 06 10:01:02 UTC 2026","passed","Wed May 06 10:01:02 UTC 2026","","WorkspaceInviteRepositoryDualWriteSpec[jvm]","com.georgeci.moneysurfer.data.repository.WorkspaceInviteRepositoryDualWriteSpec",""
"","30","pushes to Firestore and updates user ref + default when Firebase uid present[jvm]","","Wed May 06 14:44:59 UTC 2026","passed","Wed May 06 14:44:59 UTC 2026","","CreateWorkspaceUseCaseTest[jvm]","com.georgeci.moneysurfer.domain.usecase.CreateWorkspaceUseCaseTest",""
"","3","PUSH order is workspace → members → invites → accounts → categories → transactions[jvm]","","Wed May 06 14:44:58 UTC 2026","passed","Wed May 06 14:44:58 UTC 2026","","SyncStepOrderTest[jvm]","com.georgeci.moneysurfer.domain.model.SyncStepOrderTest",""
"","26","Idle is a singleton object[jvm]","","Wed May 06 10:01:27 UTC 2026","passed","Wed May 06 10:01:27 UTC 2026","","SyncStateSpec[jvm]","com.georgeci.moneysurfer.sync.api.SyncStateSpec",""
"","291","unauthenticated user can read app config (force-update gate)","","Wed May 06 14:48:08 UTC 2026","passed","Wed May 06 14:48:08 UTC 2026","","appConfig/{docId}","appConfig/{docId} unauthenticated user can read app config (force-update gate)",""
"","7","epoch zero stored as blank resolves to 1970-01-01[jvm]","","Wed May 06 10:00:19 UTC 2026","passed","Wed May 06 10:00:19 UTC 2026","","ResolveLegacyOperationDateTest[jvm]","com.georgeci.moneysurfer.data.repository.ResolveLegacyOperationDateTest",""
"","3","addRecalculated accumulates recalculatedCount[jvm]","","Wed May 06 10:01:28 UTC 2026","passed","Wed May 06 10:01:28 UTC 2026","","SyncSummaryBuilderSpec[jvm]","com.georgeci.moneysurfer.sync.api.SyncSummaryBuilderSpec",""
"","6","opening_balance contributes +amount on its account[jvm]","","Wed May 06 14:44:58 UTC 2026","passed","Wed May 06 14:44:58 UTC 2026","","BalanceImpactTest[jvm]","com.georgeci.moneysurfer.domain.model.BalanceImpactTest",""
"","24","non-owner cannot create an invite","","Wed May 06 14:48:12 UTC 2026","passed","Wed May 06 14:48:12 UTC 2026","","invites — write","invites — write non-owner cannot create an invite",""
"","11","isEnabled returns false when app version is Unsupported[jvm]","","Wed May 06 10:01:04 UTC 2026","passed","Wed May 06 10:01:04 UTC 2026","","OutboxEnqueuerSpec[jvm]","com.georgeci.moneysurfer.data.sync.OutboxEnqueuerSpec",""
"","22","enqueueUpsert writes a PendingMutation when signed in[jvm]","","Wed May 06 10:01:04 UTC 2026","passed","Wed May 06 10:01:04 UTC 2026","","OutboxEnqueuerSpec[jvm]","com.georgeci.moneysurfer.data.sync.OutboxEnqueuerSpec",""
"","10","permission-denied during fetch maps to AuthError.PermissionDenied[jvm]","","Wed May 06 14:44:59 UTC 2026","passed","Wed May 06 14:44:59 UTC 2026","","PostAuthBootstrapUseCaseTest[jvm]","com.georgeci.moneysurfer.domain.usecase.PostAuthBootstrapUseCaseTest",""
"","16","cancelAll cancels running and queued[jvm]","","Wed May 06 10:01:28 UTC 2026","passed","Wed May 06 10:01:28 UTC 2026","","SyncCoordinatorImplSpec[jvm]","com.georgeci.moneysurfer.sync.coordinator.SyncCoordinatorImplSpec",""
"","5","rejects when a PENDING invite for the email already exists[jvm]","","Wed May 06 14:44:59 UTC 2026","passed","Wed May 06 14:44:59 UTC 2026","","SendInviteUseCaseTest[jvm]","com.georgeci.moneysurfer.domain.usecase.SendInviteUseCaseTest",""
"","23","enqueue persists a row with PENDING status[jvm]","","Wed May 06 10:01:04 UTC 2026","passed","Wed May 06 10:01:04 UTC 2026","","PendingMutationQueueImplSpec[jvm]","com.georgeci.moneysurfer.data.sync.PendingMutationQueueImplSpec",""
"","4","PermissionDenied is not retryable[jvm]","","Wed May 06 10:01:27 UTC 2026","passed","Wed May 06 10:01:27 UTC 2026","","SyncErrorSpec[jvm]","com.georgeci.moneysurfer.sync.api.SyncErrorSpec",""
"","7","format RUB with US locale[jvm]","","Wed May 06 14:44:57 UTC 2026","passed","Wed May 06 14:44:57 UTC 2026","","MoneyFormatterTest[jvm]","com.georgeci.moneysurfer.domain.MoneyFormatterTest",""
"","11","shutdown cancels coordinator and scheduler[jvm]","","Wed May 06 10:01:04 UTC 2026","passed","Wed May 06 10:01:04 UTC 2026","","SessionShutdownGateImplSpec[jvm]","com.georgeci.moneysurfer.data.sync.SessionShutdownGateImplSpec",""
"","41","member can create + read in budgets","","Wed May 06 14:48:11 UTC 2026","passed","Wed May 06 14:48:11 UTC 2026","","member-gated entities (smoke for the rest)","member-gated entities (smoke for the rest) member can create + read in budgets",""
"","409","valid stored ISO is preserved[jvm]","","Wed May 06 10:00:19 UTC 2026","passed","Wed May 06 10:00:20 UTC 2026","","ResolveLegacyOperationDateTest[jvm]","com.georgeci.moneysurfer.data.repository.ResolveLegacyOperationDateTest",""
"","8","Unknown.isRetryable is true (sync should be re-attempted on next cycle)[jvm]","","Wed May 06 10:01:29 UTC 2026","passed","Wed May 06 10:01:29 UTC 2026","","SyncErrorClassifierSpec[jvm]","com.georgeci.moneysurfer.sync.internal.SyncErrorClassifierSpec",""
"","19","hard-delete is denied (soft-delete via deletedAt update only)","","Wed May 06 14:48:15 UTC 2026","passed","Wed May 06 14:48:15 UTC 2026","","workspaces/{wid}","workspaces/{wid} hard-delete is denied (soft-delete via deletedAt update only)",""
"","24","Running carries id, reasons, scope, currentStep[jvm]","","Wed May 06 10:01:27 UTC 2026","passed","Wed May 06 10:01:27 UTC 2026","","SyncStateSpec[jvm]","com.georgeci.moneysurfer.sync.api.SyncStateSpec",""
"","31","member can read another member's row (roster visibility)","","Wed May 06 14:48:13 UTC 2026","passed","Wed May 06 14:48:13 UTC 2026","","workspaces/{wid}/members/{uid}","workspaces/{wid}/members/{uid} member can read another member's row (roster visibility)",""
"","3","enqueueUpsert generates a unique id per call[jvm]","","Wed May 06 10:01:29 UTC 2026","passed","Wed May 06 10:01:29 UTC 2026","","OutboxEnqueuerImplSpec[jvm]","com.georgeci.moneysurfer.sync.repository.OutboxEnqueuerImplSpec",""
"","1","MutationOperation enumerates INSERT, UPDATE, DELETE[jvm]","","Wed May 06 10:01:29 UTC 2026","passed","Wed May 06 10:01:29 UTC 2026","","PendingMutationSpec[jvm]","com.georgeci.moneysurfer.sync.repository.PendingMutationSpec",""
"","1","SyncMeta carries cursor and timestamps[jvm]","","Wed May 06 10:01:29 UTC 2026","passed","Wed May 06 10:01:29 UTC 2026","","SyncMetaRepositorySpec[jvm]","com.georgeci.moneysurfer.sync.repository.SyncMetaRepositorySpec",""
"","1","merge keeps narrower scope when both narrow[jvm]","","Wed May 06 10:01:28 UTC 2026","passed","Wed May 06 10:01:28 UTC 2026","","MergedSyncRequestSpec[jvm]","com.georgeci.moneysurfer.sync.coordinator.MergedSyncRequestSpec",""
"","5","planned → actual applies impact[jvm]","","Wed May 06 14:44:58 UTC 2026","passed","Wed May 06 14:44:58 UTC 2026","","ApplyTransactionChangeUseCaseTest[jvm]","com.georgeci.moneysurfer.domain.usecase.ApplyTransactionChangeUseCaseTest",""
"","6463","offline app module graph resolves()[jvm]","","Wed May 06 10:01:13 UTC 2026","passed","Wed May 06 10:01:20 UTC 2026","","OfflineKoinModuleVerificationTest[jvm]","com.georgeci.moneysurfer.offline.di.OfflineKoinModuleVerificationTest",""
"","17","cancelCurrent terminates running with Cancelled[jvm]","","Wed May 06 10:01:28 UTC 2026","passed","Wed May 06 10:01:28 UTC 2026","","SyncCoordinatorImplSpec[jvm]","com.georgeci.moneysurfer.sync.coordinator.SyncCoordinatorImplSpec",""
"","18","user CANNOT self-promote their role","","Wed May 06 14:48:13 UTC 2026","passed","Wed May 06 14:48:13 UTC 2026","","workspaces/{wid}/members/{uid}","workspaces/{wid}/members/{uid} user CANNOT self-promote their role",""
"","14","sums income / expense / opening_balance for the account[jvm]","","Wed May 06 14:44:59 UTC 2026","passed","Wed May 06 14:44:59 UTC 2026","","RecalculateAccountBalanceUseCaseTest[jvm]","com.georgeci.moneysurfer.domain.usecase.RecalculateAccountBalanceUseCaseTest",""
"","6","Cancelled is not retryable[jvm]","","Wed May 06 10:01:27 UTC 2026","passed","Wed May 06 10:01:27 UTC 2026","","SyncErrorSpec[jvm]","com.georgeci.moneysurfer.sync.api.SyncErrorSpec",""
"","2","LastSyncOutcome.Cancelled carries timestamp[jvm]","","Wed May 06 10:01:27 UTC 2026","passed","Wed May 06 10:01:27 UTC 2026","","SyncStateSpec[jvm]","com.georgeci.moneysurfer.sync.api.SyncStateSpec",""
"","25","user cannot create another user's member row (only self)","","Wed May 06 14:48:13 UTC 2026","passed","Wed May 06 14:48:13 UTC 2026","","workspaces/{wid}/members/{uid}","workspaces/{wid}/members/{uid} user cannot create another user's member row (only self)",""
"","41","member can create","","Wed May 06 14:48:10 UTC 2026","passed","Wed May 06 14:48:10 UTC 2026","","member-gated entities (accounts)","member-gated entities (accounts) member can create",""
"","6","stamps targetUserId from userEmails mapping[jvm]","","Wed May 06 14:44:59 UTC 2026","passed","Wed May 06 14:44:59 UTC 2026","","SendInviteUseCaseTest[jvm]","com.georgeci.moneysurfer.domain.usecase.SendInviteUseCaseTest",""
"","4","no-op edit (same impact) yields empty delta[jvm]","","Wed May 06 14:44:58 UTC 2026","passed","Wed May 06 14:44:58 UTC 2026","","CalculateBalanceDeltaTest[jvm]","com.georgeci.moneysurfer.domain.model.CalculateBalanceDeltaTest",""
"","1","mergeScope UploadOnly with UploadOnly stays UploadOnly[jvm]","","Wed May 06 10:01:27 UTC 2026","passed","Wed May 06 10:01:27 UTC 2026","","SyncScopeSpec[jvm]","com.georgeci.moneysurfer.sync.api.SyncScopeSpec",""
"","48","happy path: creates ACTIVE member with invite role + marks invite ACCEPTED[jvm]","","Wed May 06 14:44:58 UTC 2026","passed","Wed May 06 14:44:58 UTC 2026","","AcceptInviteUseCaseTest[jvm]","com.georgeci.moneysurfer.domain.usecase.AcceptInviteUseCaseTest",""
"","4","merge appends child and unions reasons[jvm]","","Wed May 06 10:01:28 UTC 2026","passed","Wed May 06 10:01:28 UTC 2026","","MergedSyncRequestSpec[jvm]","com.georgeci.moneysurfer.sync.coordinator.MergedSyncRequestSpec",""
"","6","cancelCurrent with no running sync is a no-op[jvm]","","Wed May 06 10:01:28 UTC 2026","passed","Wed May 06 10:01:28 UTC 2026","","SyncCoordinatorImplBranchSpec[jvm]","com.georgeci.moneysurfer.sync.coordinator.SyncCoordinatorImplBranchSpec",""
"","5","CompositeCancelToken throwIfCancelled when all cancelled throws[jvm]","","Wed May 06 10:01:26 UTC 2026","passed","Wed May 06 10:01:26 UTC 2026","","SyncCancelTokenSpec[jvm]","com.georgeci.moneysurfer.sync.api.SyncCancelTokenSpec",""
"","3","boundary dates are inclusive[jvm]","","Wed May 06 14:44:58 UTC 2026","passed","Wed May 06 14:44:58 UTC 2026","","PeriodTotalsTest[jvm]","com.georgeci.moneysurfer.domain.model.PeriodTotalsTest",""
"","13","setCursor stores Instant — cursor returns the same value back[jvm]","","Wed May 06 10:01:04 UTC 2026","passed","Wed May 06 10:01:04 UTC 2026","","SyncMetaRepositoryImplSpec[jvm]","com.georgeci.moneysurfer.data.sync.SyncMetaRepositoryImplSpec",""
"","21","owner create blocked when status != PENDING","","Wed May 06 14:48:12 UTC 2026","passed","Wed May 06 14:48:12 UTC 2026","","invites — write","invites — write owner create blocked when status != PENDING",""
"","1","arbitrary throwable maps to Unknown carrying the cause[jvm]","","Wed May 06 10:01:29 UTC 2026","passed","Wed May 06 10:01:29 UTC 2026","","SyncErrorClassifierSpec[jvm]","com.georgeci.moneysurfer.sync.internal.SyncErrorClassifierSpec",""
"","5","existing user with empty workspaceIds returns null default and leaves pointer untouched[jvm]","","Wed May 06 14:44:59 UTC 2026","passed","Wed May 06 14:44:59 UTC 2026","","PostAuthBootstrapUseCaseTest[jvm]","com.georgeci.moneysurfer.domain.usecase.PostAuthBootstrapUseCaseTest",""
"","2","throwIfCancelled does nothing when active[jvm]","","Wed May 06 10:01:26 UTC 2026","passed","Wed May 06 10:01:26 UTC 2026","","SyncCancelTokenSpec[jvm]","com.georgeci.moneysurfer.sync.api.SyncCancelTokenSpec",""
"","1","Generic exception maps to Unknown[jvm]","","Wed May 06 10:01:04 UTC 2026","passed","Wed May 06 10:01:04 UTC 2026","","SyncErrorClassifierSpec[jvm]","com.georgeci.moneysurfer.data.sync.SyncErrorClassifierSpec",""
"","65","member can read the workspace invite roster","","Wed May 06 14:48:11 UTC 2026","passed","Wed May 06 14:48:11 UTC 2026","","invites — read","invites — read member can read the workspace invite roster",""
